Buurtcode,score,thema,methode,thema_kort
GM0059,0.23052948568305454,Woningmarkt_Eigendom,entropy,Woningmarkt
WK005900,0.22570641453915372,Woningmarkt_Eigendom,entropy,Woningmarkt
BU00590000,0.2612805701188173,Woningmarkt_Eigendom,entropy,Woningmarkt
BU00590001,0.20182210439202533,Woningmarkt_Eigendom,entropy,Woningmarkt
BU00590002,0.21546739621764904,Woningmarkt_Eigendom,entropy,Woningmarkt
BU00590003,0.2246498455387559,Woningmarkt_Eigendom,entropy,Woningmarkt
BU00590004,0.17105669123007822,Woningmarkt_Eigendom,entropy,Woningmarkt
BU00590005,0.16999570330745706,Woningmarkt_Eigendom,entropy,Woningmarkt
BU00590006,0.12592705378897395,Woningmarkt_Eigendom,entropy,Woningmarkt
BU00590007,0.11218839812403972,Woningmarkt_Eigendom,entropy,Woningmarkt
BU00590008,0.1398352616668001,Woningmarkt_Eigendom,entropy,Woningmarkt
BU00590009,0.11217132654474993,Woningmarkt_Eigendom,entropy,Woningmarkt
WK005901,0.17901273522221786,Woningmarkt_Eigendom,entropy,Woningmarkt
BU00590100,0.12433019584440005,Woningmarkt_Eigendom,entropy,Woningmarkt
BU00590102,0.20409194482809592,Woningmarkt_Eigendom,entropy,Woningmarkt
BU00590103,0.17155178450224734,Woningmarkt_Eigendom,entropy,Woningmarkt
BU00590107,0.12404334035414807,Woningmarkt_Eigendom,entropy,Woningmarkt
BU00590108,0.12741897596541024,Woningmarkt_Eigendom,entropy,Woningmarkt
BU00590109,0.12940492757708866,Woningmarkt_Eigendom,entropy,Woningmarkt
WK005902,0.24773525653924505,Woningmarkt_Eigendom,entropy,Woningmarkt
BU00590200,0.29987401360756627,Woningmarkt_Eigendom,entropy,Woningmarkt
BU00590201,0.22228629228409402,Woningmarkt_Eigendom,entropy,Woningmarkt
BU00590202,0.16672857130050772,Woningmarkt_Eigendom,entropy,Woningmarkt
BU00590203,0.19866157442144006,Woningmarkt_Eigendom,entropy,Woningmarkt
BU00590206,0.2110842108593408,Woningmarkt_Eigendom,entropy,Woningmarkt
BU00590207,0.1408687400220458,Woningmarkt_Eigendom,entropy,Woningmarkt
BU00590208,0.12178963865640338,Woningmarkt_Eigendom,entropy,Woningmarkt
BU00590209,0.14772224942142265,Woningmarkt_Eigendom,entropy,Woningmarkt
GM0060,0.21533161563521247,Woningmarkt_Eigendom,entropy,Woningmarkt
WK006000,0.21533161563521247,Woningmarkt_Eigendom,entropy,Woningmarkt
BU00600000,0.23163792523702903,Woningmarkt_Eigendom,entropy,Woningmarkt
BU00600001,0.1927959579768621,Woningmarkt_Eigendom,entropy,Woningmarkt
BU00600002,0.1749065587354998,Woningmarkt_Eigendom,entropy,Woningmarkt
BU00600003,0.21882405471021799,Woningmarkt_Eigendom,entropy,Woningmarkt
BU00600007,0.2701598821291133,Woningmarkt_Eigendom,entropy,Woningmarkt
BU00600008,0.3747952131156084,Woningmarkt_Eigendom,entropy,Woningmarkt
BU00600009,0.20171477601881954,Woningmarkt_Eigendom,entropy,Woningmarkt
GM1891,0.22866665051755078,Woningmarkt_Eigendom,entropy,Woningmarkt
WK189100,0.20676959237973414,Woningmarkt_Eigendom,entropy,Woningmarkt
BU18910000,0.22113824370370216,Woningmarkt_Eigendom,entropy,Woningmarkt
BU18910001,0.1652520051940874,Woningmarkt_Eigendom,entropy,Woningmarkt
BU18910002,0.11796617576297047,Woningmarkt_Eigendom,entropy,Woningmarkt
BU18910008,0.12891089814184647,Woningmarkt_Eigendom,entropy,Woningmarkt
BU18910009,0.1234181217230517,Woningmarkt_Eigendom,entropy,Woningmarkt
WK189101,0.1461272588448528,Woningmarkt_Eigendom,entropy,Woningmarkt
BU18910100,0.1314903002653393,Woningmarkt_Eigendom,entropy,Woningmarkt
BU18910101,0.16210899966851194,Woningmarkt_Eigendom,entropy,Woningmarkt
BU18910108,0.11521844462998362,Woningmarkt_Eigendom,entropy,Woningmarkt
BU18910109,0.10882732779966836,Woningmarkt_Eigendom,entropy,Woningmarkt
WK189102,0.2703238685591827,Woningmarkt_Eigendom,entropy,Woningmarkt
BU18910200,0.2884735873135445,Woningmarkt_Eigendom,entropy,Woningmarkt
BU18910201,0.24766503090005768,Woningmarkt_Eigendom,entropy,Woningmarkt
BU18910202,0.11842856833203205,Woningmarkt_Eigendom,entropy,Woningmarkt
BU18910208,0.11430822477875127,Woningmarkt_Eigendom,entropy,Woningmarkt
BU18910209,0.1377819960190823,Woningmarkt_Eigendom,entropy,Woningmarkt
WK189103,0.15434262206766508,Woningmarkt_Eigendom,entropy,Woningmarkt
BU18910300,0.1652017627373378,Woningmarkt_Eigendom,entropy,Woningmarkt
BU18910301,0.13810414791209744,Woningmarkt_Eigendom,entropy,Woningmarkt
BU18910309,0.11049932717220914,Woningmarkt_Eigendom,entropy,Woningmarkt
GM1940,0.19182749103502175,Woningmarkt_Eigendom,entropy,Woningmarkt
WK194001,0.0935917373734999,Woningmarkt_Eigendom,entropy,Woningmarkt
BU19400101,0.0935917373734999,Woningmarkt_Eigendom,entropy,Woningmarkt
WK194002,0.14777022214647967,Woningmarkt_Eigendom,entropy,Woningmarkt
BU19400201,0.14777022214647967,Woningmarkt_Eigendom,entropy,Woningmarkt
WK194003,0.26290766773592,Woningmarkt_Eigendom,entropy,Woningmarkt
BU19400301,0.26290766773592,Woningmarkt_Eigendom,entropy,Woningmarkt
WK194004,0.14509248009197379,Woningmarkt_Eigendom,entropy,Woningmarkt
BU19400401,0.14509248009197379,Woningmarkt_Eigendom,entropy,Woningmarkt
WK194005,0.15209109199659132,Woningmarkt_Eigendom,entropy,Woningmarkt
BU19400501,0.15209109199659132,Woningmarkt_Eigendom,entropy,Woningmarkt
WK194006,0.13182163489164805,Woningmarkt_Eigendom,entropy,Woningmarkt
BU19400601,0.13182163489164805,Woningmarkt_Eigendom,entropy,Woningmarkt
WK194007,0.1391273119921803,Woningmarkt_Eigendom,entropy,Woningmarkt
BU19400701,0.14134746844998383,Woningmarkt_Eigendom,entropy,Woningmarkt
BU19400702,0.13315886731032917,Woningmarkt_Eigendom,entropy,Woningmarkt
WK194008,0.16785136044343374,Woningmarkt_Eigendom,entropy,Woningmarkt
BU19400801,0.16785136044343374,Woningmarkt_Eigendom,entropy,Woningmarkt
WK194009,0.11947266322629754,Woningmarkt_Eigendom,entropy,Woningmarkt
BU19400901,0.11947266322629754,Woningmarkt_Eigendom,entropy,Woningmarkt
WK194010,0.11724637659306061,Woningmarkt_Eigendom,entropy,Woningmarkt
BU19401001,0.11724637659306061,Woningmarkt_Eigendom,entropy,Woningmarkt
WK194011,0.15262451504492058,Woningmarkt_Eigendom,entropy,Woningmarkt
BU19401101,0.12099622226891438,Woningmarkt_Eigendom,entropy,Woningmarkt
BU19401102,0.15559174367930298,Woningmarkt_Eigendom,entropy,Woningmarkt
WK194012,0.13803105828297263,Woningmarkt_Eigendom,entropy,Woningmarkt
BU19401201,0.1429965701679839,Woningmarkt_Eigendom,entropy,Woningmarkt
WK194013,0.10765719505518877,Woningmarkt_Eigendom,entropy,Woningmarkt
BU19401301,0.10765719505518877,Woningmarkt_Eigendom,entropy,Woningmarkt
WK194014,0.12099622226891438,Woningmarkt_Eigendom,entropy,Woningmarkt
BU19401401,0.12099622226891438,Woningmarkt_Eigendom,entropy,Woningmarkt
WK194015,0.11021158410281362,Woningmarkt_Eigendom,entropy,Woningmarkt
BU19401501,0.11021158410281362,Woningmarkt_Eigendom,entropy,Woningmarkt
WK194016,0.12820572781342748,Woningmarkt_Eigendom,entropy,Woningmarkt
BU19401601,0.12820572781342748,Woningmarkt_Eigendom,entropy,Woningmarkt
WK194017,0.12348623599317163,Woningmarkt_Eigendom,entropy,Woningmarkt
BU19401701,0.12348623599317163,Woningmarkt_Eigendom,entropy,Woningmarkt
WK194018,0.13459410604670108,Woningmarkt_Eigendom,entropy,Woningmarkt
BU19401801,0.13459410604670108,Woningmarkt_Eigendom,entropy,Woningmarkt
WK194019,0.23226183738391704,Woningmarkt_Eigendom,entropy,Woningmarkt
BU19401901,0.3261352839564527,Woningmarkt_Eigendom,entropy,Woningmarkt
BU19401902,0.13621223482339412,Woningmarkt_Eigendom,entropy,Woningmarkt
BU19401903,0.299445612338354,Woningmarkt_Eigendom,entropy,Woningmarkt
BU19401904,0.43485217260267134,Woningmarkt_Eigendom,entropy,Woningmarkt
BU19401905,0.2614578001580572,Woningmarkt_Eigendom,entropy,Woningmarkt
BU19401906,0.14749657418962264,Woningmarkt_Eigendom,entropy,Woningmarkt
BU19401907,0.17785514144747386,Woningmarkt_Eigendom,entropy,Woningmarkt
BU19401908,0.19217931551121598,Woningmarkt_Eigendom,entropy,Woningmarkt
BU19401909,0.0745316202169716,Woningmarkt_Eigendom,entropy,Woningmarkt
BU19401910,0.21050808579615482,Woningmarkt_Eigendom,entropy,Woningmarkt
WK194020,0.09983441387389123,Woningmarkt_Eigendom,entropy,Woningmarkt
BU19402001,0.09983441387389123,Woningmarkt_Eigendom,entropy,Woningmarkt
WK194021,0.14949156888888573,Woningmarkt_Eigendom,entropy,Woningmarkt
BU19402101,0.14949156888888573,Woningmarkt_Eigendom,entropy,Woningmarkt
WK194022,0.13644088771169113,Woningmarkt_Eigendom,entropy,Woningmarkt
BU19402201,0.14254720536036522,Woningmarkt_Eigendom,entropy,Woningmarkt
WK194023,0.19750718810908677,Woningmarkt_Eigendom,entropy,Woningmarkt
BU19402301,0.16415193872232417,Woningmarkt_Eigendom,entropy,Woningmarkt
BU19402302,0.06370347816158642,Woningmarkt_Eigendom,entropy,Woningmarkt
BU19402303,0.3250717590777739,Woningmarkt_Eigendom,entropy,Woningmarkt
BU19402304,0.2298559535298194,Woningmarkt_Eigendom,entropy,Woningmarkt
BU19402305,0.1078453558057102,Woningmarkt_Eigendom,entropy,Woningmarkt
BU19402306,0.3334783168737214,Woningmarkt_Eigendom,entropy,Woningmarkt
BU19402307,0.31357637860169424,Woningmarkt_Eigendom,entropy,Woningmarkt
BU19402308,0.1766893669974388,Woningmarkt_Eigendom,entropy,Woningmarkt
WK194024,0.11369488558736676,Woningmarkt_Eigendom,entropy,Woningmarkt
BU19402401,0.11369488558736676,Woningmarkt_Eigendom,entropy,Woningmarkt
WK194025,0.09602551626734912,Woningmarkt_Eigendom,entropy,Woningmarkt
BU19402501,0.09602551626734912,Woningmarkt_Eigendom,entropy,Woningmarkt
WK194026,0.13501126874381106,Woningmarkt_Eigendom,entropy,Woningmarkt
BU19402601,0.13501126874381106,Woningmarkt_Eigendom,entropy,Woningmarkt
WK194027,0.12175800179022281,Woningmarkt_Eigendom,entropy,Woningmarkt
BU19402701,0.12175800179022281,Woningmarkt_Eigendom,entropy,Woningmarkt
WK194028,0.1712041042161706,Woningmarkt_Eigendom,entropy,Woningmarkt
BU19402801,0.1240724709279297,Woningmarkt_Eigendom,entropy,Woningmarkt
BU19402802,0.19795884683082,Woningmarkt_Eigendom,entropy,Woningmarkt
WK194029,0.11611628487795131,Woningmarkt_Eigendom,entropy,Woningmarkt
BU19402901,0.11611628487795131,Woningmarkt_Eigendom,entropy,Woningmarkt
WK194030,0.1427059306950275,Woningmarkt_Eigendom,entropy,Woningmarkt
BU19403001,0.1427059306950275,Woningmarkt_Eigendom,entropy,Woningmarkt
WK194031,0.15701186545611356,Woningmarkt_Eigendom,entropy,Woningmarkt
BU19403101,0.15701186545611356,Woningmarkt_Eigendom,entropy,Woningmarkt
WK194032,0.12889245191774845,Woningmarkt_Eigendom,entropy,Woningmarkt
BU19403201,0.12889245191774845,Woningmarkt_Eigendom,entropy,Woningmarkt
WK194033,0.1065419892357431,Woningmarkt_Eigendom,entropy,Woningmarkt
BU19403301,0.1065419892357431,Woningmarkt_Eigendom,entropy,Woningmarkt
WK194034,0.13837575733877805,Woningmarkt_Eigendom,entropy,Woningmarkt
BU19403401,0.13837575733877805,Woningmarkt_Eigendom,entropy,Woningmarkt
WK194035,0.09786553384150257,Woningmarkt_Eigendom,entropy,Woningmarkt
BU19403501,0.09786553384150257,Woningmarkt_Eigendom,entropy,Woningmarkt
WK194036,0.12102785913509496,Woningmarkt_Eigendom,entropy,Woningmarkt
BU19403601,0.12102785913509496,Woningmarkt_Eigendom,entropy,Woningmarkt
WK194037,0.18002721956745796,Woningmarkt_Eigendom,entropy,Woningmarkt
BU19403701,0.18002721956745796,Woningmarkt_Eigendom,entropy,Woningmarkt
WK194038,0.12925000551469082,Woningmarkt_Eigendom,entropy,Woningmarkt
BU19403801,0.12925000551469082,Woningmarkt_Eigendom,entropy,Woningmarkt
WK194039,0.10501843019312625,Woningmarkt_Eigendom,entropy,Woningmarkt
BU19403901,0.10501843019312625,Woningmarkt_Eigendom,entropy,Woningmarkt
WK194040,0.13839549457693778,Woningmarkt_Eigendom,entropy,Woningmarkt
BU19404001,0.13839549457693778,Woningmarkt_Eigendom,entropy,Woningmarkt
WK194041,0.21337686888676172,Woningmarkt_Eigendom,entropy,Woningmarkt
BU19404101,0.21337686888676172,Woningmarkt_Eigendom,entropy,Woningmarkt
WK194042,0.13217739873214168,Woningmarkt_Eigendom,entropy,Woningmarkt
BU19404201,0.13217739873214168,Woningmarkt_Eigendom,entropy,Woningmarkt
WK194043,0.132009380530529,Woningmarkt_Eigendom,entropy,Woningmarkt
BU19404301,0.132009380530529,Woningmarkt_Eigendom,entropy,Woningmarkt
WK194044,0.1211908647519097,Woningmarkt_Eigendom,entropy,Woningmarkt
BU19404401,0.1211908647519097,Woningmarkt_Eigendom,entropy,Woningmarkt
WK194045,0.1167910402345844,Woningmarkt_Eigendom,entropy,Woningmarkt
BU19404501,0.1167910402345844,Woningmarkt_Eigendom,entropy,Woningmarkt
WK194046,0.15513293424411678,Woningmarkt_Eigendom,entropy,Woningmarkt
BU19404601,0.15513293424411678,Woningmarkt_Eigendom,entropy,Woningmarkt
WK194047,0.1075654424213929,Woningmarkt_Eigendom,entropy,Woningmarkt
BU19404701,0.1075654424213929,Woningmarkt_Eigendom,entropy,Woningmarkt
WK194048,0.11493558973876952,Woningmarkt_Eigendom,entropy,Woningmarkt
BU19404801,0.14219339411745469,Woningmarkt_Eigendom,entropy,Woningmarkt
WK194049,0.15034040906796486,Woningmarkt_Eigendom,entropy,Woningmarkt
BU19404901,0.15034040906796486,Woningmarkt_Eigendom,entropy,Woningmarkt
WK194050,0.11895591070257275,Woningmarkt_Eigendom,entropy,Woningmarkt
BU19405001,0.11895591070257275,Woningmarkt_Eigendom,entropy,Woningmarkt
WK194051,0.1429557874704112,Woningmarkt_Eigendom,entropy,Woningmarkt
BU19405101,0.1429557874704112,Woningmarkt_Eigendom,entropy,Woningmarkt
GM0072,0.2667988499761413,Woningmarkt_Eigendom,entropy,Woningmarkt
WK007200,0.2725043107951262,Woningmarkt_Eigendom,entropy,Woningmarkt
BU00720001,0.35337478344847406,Woningmarkt_Eigendom,entropy,Woningmarkt
BU00720002,0.20644942166103292,Woningmarkt_Eigendom,entropy,Woningmarkt
BU00720003,0.4939242734987556,Woningmarkt_Eigendom,entropy,Woningmarkt
BU00720004,0.1936102272504725,Woningmarkt_Eigendom,entropy,Woningmarkt
BU00720005,0.12529177249134044,Woningmarkt_Eigendom,entropy,Woningmarkt
BU00720006,0.30005296535481757,Woningmarkt_Eigendom,entropy,Woningmarkt
BU00720007,0.11638414861184306,Woningmarkt_Eigendom,entropy,Woningmarkt
BU00720009,0.14812794449346467,Woningmarkt_Eigendom,entropy,Woningmarkt
WK007201,0.15718401846427216,Woningmarkt_Eigendom,entropy,Woningmarkt
BU00720100,0.17134281329306758,Woningmarkt_Eigendom,entropy,Woningmarkt
BU00720109,0.10453395345997696,Woningmarkt_Eigendom,entropy,Woningmarkt
WK007202,0.15483242970123443,Woningmarkt_Eigendom,entropy,Woningmarkt
BU00720200,0.16430583511919444,Woningmarkt_Eigendom,entropy,Woningmarkt
BU00720209,0.1318020570199593,Woningmarkt_Eigendom,entropy,Woningmarkt
GM0074,0.2691423551847621,Woningmarkt_Eigendom,entropy,Woningmarkt
WK007401,0.32041523698780977,Woningmarkt_Eigendom,entropy,Woningmarkt
BU00740100,0.313403582697686,Woningmarkt_Eigendom,entropy,Woningmarkt
BU00740101,0.5505479359555945,Woningmarkt_Eigendom,entropy,Woningmarkt
BU00740102,0.41048949051462635,Woningmarkt_Eigendom,entropy,Woningmarkt
BU00740103,0.25366512933940183,Woningmarkt_Eigendom,entropy,Woningmarkt
BU00740104,0.2564612958640572,Woningmarkt_Eigendom,entropy,Woningmarkt
BU00740105,0.14075350020884608,Woningmarkt_Eigendom,entropy,Woningmarkt
BU00740106,0.41801201634899665,Woningmarkt_Eigendom,entropy,Woningmarkt
BU00740107,0.1535541609091115,Woningmarkt_Eigendom,entropy,Woningmarkt
BU00740108,0.09100701185732779,Woningmarkt_Eigendom,entropy,Woningmarkt
BU00740109,0.22541733290072546,Woningmarkt_Eigendom,entropy,Woningmarkt
BU00740110,0.16220852392069657,Woningmarkt_Eigendom,entropy,Woningmarkt
WK007402,0.14089536430342844,Woningmarkt_Eigendom,entropy,Woningmarkt
BU00740201,0.1436141069204724,Woningmarkt_Eigendom,entropy,Woningmarkt
BU00740202,0.12610671587343797,Woningmarkt_Eigendom,entropy,Woningmarkt
BU00740203,0.14603577926485875,Woningmarkt_Eigendom,entropy,Woningmarkt
BU00740204,0.14160675931014857,Woningmarkt_Eigendom,entropy,Woningmarkt
BU00740205,0.12741897596541024,Woningmarkt_Eigendom,entropy,Woningmarkt
WK007403,0.12799210537738176,Woningmarkt_Eigendom,entropy,Woningmarkt
BU00740301,0.12365925697869076,Woningmarkt_Eigendom,entropy,Woningmarkt
BU00740302,0.12970019703142185,Woningmarkt_Eigendom,entropy,Woningmarkt
WK007404,0.1846479704020155,Woningmarkt_Eigendom,entropy,Woningmarkt
BU00740401,0.2421280584570377,Woningmarkt_Eigendom,entropy,Woningmarkt
BU00740402,0.11904423526488139,Woningmarkt_Eigendom,entropy,Woningmarkt
BU00740403,0.13846909448588468,Woningmarkt_Eigendom,entropy,Woningmarkt
BU00740404,0.21095163621394097,Woningmarkt_Eigendom,entropy,Woningmarkt
BU00740405,0.14114645792184544,Woningmarkt_Eigendom,entropy,Woningmarkt
BU00740406,0.1896252376887923,Woningmarkt_Eigendom,entropy,Woningmarkt
BU00740407,0.12760114434227318,Woningmarkt_Eigendom,entropy,Woningmarkt
WK007406,0.13157643914402184,Woningmarkt_Eigendom,entropy,Woningmarkt
BU00740601,0.13157643914402184,Woningmarkt_Eigendom,entropy,Woningmarkt
WK007407,0.12492201784206755,Woningmarkt_Eigendom,entropy,Woningmarkt
BU00740701,0.11362094776101479,Woningmarkt_Eigendom,entropy,Woningmarkt
BU00740702,0.14066439917696497,Woningmarkt_Eigendom,entropy,Woningmarkt
WK007409,0.20378443782833677,Woningmarkt_Eigendom,entropy,Woningmarkt
BU00740901,0.2533429247958046,Woningmarkt_Eigendom,entropy,Woningmarkt
BU00740902,0.07668414757479067,Woningmarkt_Eigendom,entropy,Woningmarkt
BU00740903,0.1601806099770788,Woningmarkt_Eigendom,entropy,Woningmarkt
GM0080,0.31944846169739655,Woningmarkt_Eigendom,entropy,Woningmarkt
WK008010,0.5892088693208464,Woningmarkt_Eigendom,entropy,Woningmarkt
BU00801001,0.5449363429328972,Woningmarkt_Eigendom,entropy,Woningmarkt
BU00801002,0.5391038169198665,Woningmarkt_Eigendom,entropy,Woningmarkt
BU00801003,0.5492729811303081,Woningmarkt_Eigendom,entropy,Woningmarkt
BU00801004,0.5389860845866141,Woningmarkt_Eigendom,entropy,Woningmarkt
BU00801005,0.6452360488849711,Woningmarkt_Eigendom,entropy,Woningmarkt
BU00801006,0.6590325981407992,Woningmarkt_Eigendom,entropy,Woningmarkt
BU00801007,0.5789675360058288,Woningmarkt_Eigendom,entropy,Woningmarkt
BU00801008,0.6167808223388151,Woningmarkt_Eigendom,entropy,Woningmarkt
WK008011,0.39093094189194505,Woningmarkt_Eigendom,entropy,Woningmarkt
BU00801101,0.5235434339027862,Woningmarkt_Eigendom,entropy,Woningmarkt
BU00801102,0.29953105908013944,Woningmarkt_Eigendom,entropy,Woningmarkt
BU00801103,0.27089831526010005,Woningmarkt_Eigendom,entropy,Woningmarkt
BU00801104,0.7207872791044803,Woningmarkt_Eigendom,entropy,Woningmarkt
BU00801105,0.30011962319807645,Woningmarkt_Eigendom,entropy,Woningmarkt
BU00801106,0.21146547611012353,Woningmarkt_Eigendom,entropy,Woningmarkt
BU00801107,0.5805248174378537,Woningmarkt_Eigendom,entropy,Woningmarkt
BU00801108,0.3360575667211642,Woningmarkt_Eigendom,entropy,Woningmarkt
BU00801109,0.5285052408157881,Woningmarkt_Eigendom,entropy,Woningmarkt
WK008020,0.3590035635880016,Woningmarkt_Eigendom,entropy,Woningmarkt
BU00802001,0.4321000283691256,Woningmarkt_Eigendom,entropy,Woningmarkt
BU00802002,0.34979329389163805,Woningmarkt_Eigendom,entropy,Woningmarkt
BU00802003,0.3093115394949057,Woningmarkt_Eigendom,entropy,Woningmarkt
BU00802004,0.1988438541924831,Woningmarkt_Eigendom,entropy,Woningmarkt
BU00802005,0.30677086008744325,Woningmarkt_Eigendom,entropy,Woningmarkt
BU00802006,0.40335417950016106,Woningmarkt_Eigendom,entropy,Woningmarkt
BU00802007,0.4126110101297683,Woningmarkt_Eigendom,entropy,Woningmarkt
BU00802008,0.35507877449591285,Woningmarkt_Eigendom,entropy,Woningmarkt
BU00802009,0.3972079853636703,Woningmarkt_Eigendom,entropy,Woningmarkt
WK008030,0.38389921286357626,Woningmarkt_Eigendom,entropy,Woningmarkt
BU00803001,0.2489208091929496,Woningmarkt_Eigendom,entropy,Woningmarkt
BU00803002,0.10383748149592562,Woningmarkt_Eigendom,entropy,Woningmarkt
BU00803003,0.6466163124394091,Woningmarkt_Eigendom,entropy,Woningmarkt
BU00803004,0.24126117568630553,Woningmarkt_Eigendom,entropy,Woningmarkt
BU00803005,0.30949494340579875,Woningmarkt_Eigendom,entropy,Woningmarkt
BU00803006,0.5868473734643183,Woningmarkt_Eigendom,entropy,Woningmarkt
BU00803007,0.11736740185847679,Woningmarkt_Eigendom,entropy,Woningmarkt
WK008031,0.20717538195464383,Woningmarkt_Eigendom,entropy,Woningmarkt
BU00803101,0.2064136024333354,Woningmarkt_Eigendom,entropy,Woningmarkt
BU00803102,0.1336734258319095,Woningmarkt_Eigendom,entropy,Woningmarkt
WK008032,0.2502334745956709,Woningmarkt_Eigendom,entropy,Woningmarkt
BU00803201,0.1929205478267764,Woningmarkt_Eigendom,entropy,Woningmarkt
BU00803202,0.16929401183716578,Woningmarkt_Eigendom,entropy,Woningmarkt
BU00803203,0.44652335923213543,Woningmarkt_Eigendom,entropy,Woningmarkt
BU00803204,0.6202903329931104,Woningmarkt_Eigendom,entropy,Woningmarkt
WK008040,0.2696056330398165,Woningmarkt_Eigendom,entropy,Woningmarkt
BU00804001,0.3205693021347227,Woningmarkt_Eigendom,entropy,Woningmarkt
BU00804002,0.10423660033262605,Woningmarkt_Eigendom,entropy,Woningmarkt
BU00804003,0.07895695467672106,Woningmarkt_Eigendom,entropy,Woningmarkt
BU00804004,0.4530124417636931,Woningmarkt_Eigendom,entropy,Woningmarkt
WK008041,0.5119958507851615,Woningmarkt_Eigendom,entropy,Woningmarkt
BU00804101,0.5112340712638531,Woningmarkt_Eigendom,entropy,Woningmarkt
BU00804102,0.1219664891477607,Woningmarkt_Eigendom,entropy,Woningmarkt
BU00804103,0.1174715321431716,Woningmarkt_Eigendom,entropy,Woningmarkt
BU00804104,0.12310829383587474,Woningmarkt_Eigendom,entropy,Woningmarkt
BU00804105,0.13913506836883457,Woningmarkt_Eigendom,entropy,Woningmarkt
BU00804106,0.11959295706682314,Woningmarkt_Eigendom,entropy,Woningmarkt
BU00804107,0.11638414861184306,Woningmarkt_Eigendom,entropy,Woningmarkt
BU00804108,0.11638414861184306,Woningmarkt_Eigendom,entropy,Woningmarkt
BU00804109,0.11599816549426359,Woningmarkt_Eigendom,entropy,Woningmarkt
BU00804110,0.14219339411745469,Woningmarkt_Eigendom,entropy,Woningmarkt
WK008050,0.5832269572170703,Woningmarkt_Eigendom,entropy,Woningmarkt
BU00805001,0.6270923362766139,Woningmarkt_Eigendom,entropy,Woningmarkt
BU00805002,0.540647308470984,Woningmarkt_Eigendom,entropy,Woningmarkt
BU00805003,0.23501898019806833,Woningmarkt_Eigendom,entropy,Woningmarkt
WK008051,0.19805465960666693,Woningmarkt_Eigendom,entropy,Woningmarkt
BU00805101,0.2120370418715515,Woningmarkt_Eigendom,entropy,Woningmarkt
BU00805102,0.257955845527964,Woningmarkt_Eigendom,entropy,Woningmarkt
BU00805103,0.0856816016178627,Woningmarkt_Eigendom,entropy,Woningmarkt
BU00805104,0.15018397818338908,Woningmarkt_Eigendom,entropy,Woningmarkt
BU00805105,0.13161668607043991,Woningmarkt_Eigendom,entropy,Woningmarkt
WK008060,0.4943719476131929,Woningmarkt_Eigendom,entropy,Woningmarkt
BU00806001,0.518205404380384,Woningmarkt_Eigendom,entropy,Woningmarkt
BU00806002,0.0466778655839143,Woningmarkt_Eigendom,entropy,Woningmarkt
BU00806003,0.42810705684631706,Woningmarkt_Eigendom,entropy,Woningmarkt
WK008061,0.5113240648048588,Woningmarkt_Eigendom,entropy,Woningmarkt
BU00806101,0.46794994563524817,Woningmarkt_Eigendom,entropy,Woningmarkt
BU00806102,0.5589416439739251,Woningmarkt_Eigendom,entropy,Woningmarkt
WK008062,0.12228738778655093,Woningmarkt_Eigendom,entropy,Woningmarkt
BU00806201,0.1286940972475885,Woningmarkt_Eigendom,entropy,Woningmarkt
BU00806202,0.1011438470646917,Woningmarkt_Eigendom,entropy,Woningmarkt
BU00806203,0.12351756158527856,Woningmarkt_Eigendom,entropy,Woningmarkt
BU00806204,0.09329235042125306,Woningmarkt_Eigendom,entropy,Woningmarkt
BU00806205,0.1877948203717027,Woningmarkt_Eigendom,entropy,Woningmarkt
BU00806206,0.10987846910362772,Woningmarkt_Eigendom,entropy,Woningmarkt
BU00806207,0.18044779115159196,Woningmarkt_Eigendom,entropy,Woningmarkt
BU00806208,0.09877575369273493,Woningmarkt_Eigendom,entropy,Woningmarkt
BU00806209,0.12580029001923798,Woningmarkt_Eigendom,entropy,Woningmarkt
BU00806210,0.13102821850415908,Woningmarkt_Eigendom,entropy,Woningmarkt
WK008063,0.1686314376944903,Woningmarkt_Eigendom,entropy,Woningmarkt
BU00806301,0.17128978042824156,Woningmarkt_Eigendom,entropy,Woningmarkt
BU00806302,0.12496812549227124,Woningmarkt_Eigendom,entropy,Woningmarkt
BU00806303,0.10799411674440694,Woningmarkt_Eigendom,entropy,Woningmarkt
BU00806304,0.14069419828454607,Woningmarkt_Eigendom,entropy,Woningmarkt
BU00806305,0.16223610886339376,Woningmarkt_Eigendom,entropy,Woningmarkt
BU00806306,0.13810414791209744,Woningmarkt_Eigendom,entropy,Woningmarkt
BU00806307,0.11986938007435818,Woningmarkt_Eigendom,entropy,Woningmarkt
WK008070,0.2791853732697756,Woningmarkt_Eigendom,entropy,Woningmarkt
BU00807001,0.13679710262108463,Woningmarkt_Eigendom,entropy,Woningmarkt
BU00807002,0.31721627719336887,Woningmarkt_Eigendom,entropy,Woningmarkt
BU00807003,0.5194022120801834,Woningmarkt_Eigendom,entropy,Woningmarkt
BU00807004,0.21240881989091906,Woningmarkt_Eigendom,entropy,Woningmarkt
WK008071,0.08097088832327798,Woningmarkt_Eigendom,entropy,Woningmarkt
BU00807101,0.08097088832327798,Woningmarkt_Eigendom,entropy,Woningmarkt
WK008072,0.10821101964927335,Woningmarkt_Eigendom,entropy,Woningmarkt
BU00807201,0.12482145573433293,Woningmarkt_Eigendom,entropy,Woningmarkt
BU00807202,0.09452153509642101,Woningmarkt_Eigendom,entropy,Woningmarkt
BU00807203,0.10668746060665651,Woningmarkt_Eigendom,entropy,Woningmarkt
WK008073,0.11768677950090214,Woningmarkt_Eigendom,entropy,Woningmarkt
BU00807301,0.16583526136894344,Woningmarkt_Eigendom,entropy,Woningmarkt
BU00807302,0.09666627672197887,Woningmarkt_Eigendom,entropy,Woningmarkt
BU00807303,0.12029326138737237,Woningmarkt_Eigendom,entropy,Woningmarkt
BU00807304,0.14219339411745469,Woningmarkt_Eigendom,entropy,Woningmarkt
BU00807305,0.03906007037083007,Woningmarkt_Eigendom,entropy,Woningmarkt
BU00807306,0.12414331839532071,Woningmarkt_Eigendom,entropy,Woningmarkt
WK008074,0.09283199167708742,Woningmarkt_Eigendom,entropy,Woningmarkt
BU00807401,0.05273294601100418,Woningmarkt_Eigendom,entropy,Woningmarkt
BU00807402,0.11989948538089462,Woningmarkt_Eigendom,entropy,Woningmarkt
BU00807403,0.09988567291568129,Woningmarkt_Eigendom,entropy,Woningmarkt
BU00807404,0.14508963375325856,Woningmarkt_Eigendom,entropy,Woningmarkt
BU00807405,0.14222145062312108,Woningmarkt_Eigendom,entropy,Woningmarkt
WK008080,0.171294377901399,Woningmarkt_Eigendom,entropy,Woningmarkt
BU00808001,0.16427535659280845,Woningmarkt_Eigendom,entropy,Woningmarkt
BU00808002,0.11839446343322972,Woningmarkt_Eigendom,entropy,Woningmarkt
BU00808003,0.12387532215253541,Woningmarkt_Eigendom,entropy,Woningmarkt
BU00808004,0.1812858362407172,Woningmarkt_Eigendom,entropy,Woningmarkt
BU00808005,0.13712245467462644,Woningmarkt_Eigendom,entropy,Woningmarkt
BU00808006,0.14219339411745469,Woningmarkt_Eigendom,entropy,Woningmarkt
BU00808007,0.1685125671644327,Woningmarkt_Eigendom,entropy,Woningmarkt
BU00808008,0.1980809756299164,Woningmarkt_Eigendom,entropy,Woningmarkt
WK008081,0.13770069117426365,Woningmarkt_Eigendom,entropy,Woningmarkt
BU00808101,0.12227751447568525,Woningmarkt_Eigendom,entropy,Woningmarkt
BU00808102,0.10655404823023493,Woningmarkt_Eigendom,entropy,Woningmarkt
BU00808103,0.11743453734358203,Woningmarkt_Eigendom,entropy,Woningmarkt
BU00808104,0.15819676973446778,Woningmarkt_Eigendom,entropy,Woningmarkt
BU00808105,0.24211167504319023,Woningmarkt_Eigendom,entropy,Woningmarkt
BU00808106,0.1327122768711917,Woningmarkt_Eigendom,entropy,Woningmarkt
BU00808107,0.1187425205711697,Woningmarkt_Eigendom,entropy,Woningmarkt
BU00808108,0.1203828830775299,Woningmarkt_Eigendom,entropy,Woningmarkt
BU00808109,0.13220142221825765,Woningmarkt_Eigendom,entropy,Woningmarkt
BU00808110,0.15483301356291754,Woningmarkt_Eigendom,entropy,Woningmarkt
BU00808111,0.09695369298386405,Woningmarkt_Eigendom,entropy,Woningmarkt
BU00808112,0.11718732466237226,Woningmarkt_Eigendom,entropy,Woningmarkt
BU00808113,0.09299797605380417,Woningmarkt_Eigendom,entropy,Woningmarkt
BU00808114,0.14219339411745469,Woningmarkt_Eigendom,entropy,Woningmarkt
BU00808115,0.11611628487795131,Woningmarkt_Eigendom,entropy,Woningmarkt
BU00808116,0.13003474468518827,Woningmarkt_Eigendom,entropy,Woningmarkt
BU00808117,0.125921652413143,Woningmarkt_Eigendom,entropy,Woningmarkt
WK008082,0.18966276262487214,Woningmarkt_Eigendom,entropy,Woningmarkt
BU00808201,0.1413786902045239,Woningmarkt_Eigendom,entropy,Woningmarkt
BU00808202,0.1194530853546088,Woningmarkt_Eigendom,entropy,Woningmarkt
BU00808203,0.11839446343322972,Woningmarkt_Eigendom,entropy,Woningmarkt
BU00808204,0.08049304518133278,Woningmarkt_Eigendom,entropy,Woningmarkt
BU00808205,0.1210399181295868,Woningmarkt_Eigendom,entropy,Woningmarkt
BU00808206,0.21126043381044193,Woningmarkt_Eigendom,entropy,Woningmarkt
BU00808207,0.14115763163034448,Woningmarkt_Eigendom,entropy,Woningmarkt
BU00808208,0.14437500866352876,Woningmarkt_Eigendom,entropy,Woningmarkt
BU00808209,0.12286537041684945,Woningmarkt_Eigendom,entropy,Woningmarkt
GM1970,0.2062094072482472,Woningmarkt_Eigendom,entropy,Woningmarkt
WK197000,0.27724259101294896,Woningmarkt_Eigendom,entropy,Woningmarkt
BU19700000,0.3909260980571897,Woningmarkt_Eigendom,entropy,Woningmarkt
BU19700001,0.33234394829422753,Woningmarkt_Eigendom,entropy,Woningmarkt
BU19700002,0.30601898327190263,Woningmarkt_Eigendom,entropy,Woningmarkt
BU19700003,0.29991452481128883,Woningmarkt_Eigendom,entropy,Woningmarkt
BU19700004,0.138090935673422,Woningmarkt_Eigendom,entropy,Woningmarkt
BU19700005,0.37836287225453025,Woningmarkt_Eigendom,entropy,Woningmarkt
BU19700006,0.13056554476648055,Woningmarkt_Eigendom,entropy,Woningmarkt
BU19700007,0.17828350454528674,Woningmarkt_Eigendom,entropy,Woningmarkt
BU19700008,0.15159117874751363,Woningmarkt_Eigendom,entropy,Woningmarkt
BU19700009,0.1896404152078741,Woningmarkt_Eigendom,entropy,Woningmarkt
BU19700010,0.08492984726615019,Woningmarkt_Eigendom,entropy,Woningmarkt
BU19700011,0.13624136539717568,Woningmarkt_Eigendom,entropy,Woningmarkt
WK197001,0.18582175797779718,Woningmarkt_Eigendom,entropy,Woningmarkt
BU19700100,0.23599502659212152,Woningmarkt_Eigendom,entropy,Woningmarkt
BU19700101,0.14219339411745469,Woningmarkt_Eigendom,entropy,Woningmarkt
BU19700102,0.1138758480694641,Woningmarkt_Eigendom,entropy,Woningmarkt
BU19700103,0.11187444588490206,Woningmarkt_Eigendom,entropy,Woningmarkt
BU19700104,0.1435135715049417,Woningmarkt_Eigendom,entropy,Woningmarkt
BU19700105,0.12451779191770149,Woningmarkt_Eigendom,entropy,Woningmarkt
BU19700107,0.13810414791209744,Woningmarkt_Eigendom,entropy,Woningmarkt
BU19700108,0.11599816549426359,Woningmarkt_Eigendom,entropy,Woningmarkt
BU19700109,0.19312849980693972,Woningmarkt_Eigendom,entropy,Woningmarkt
WK197002,0.12776503524508076,Woningmarkt_Eigendom,entropy,Woningmarkt
BU19700200,0.1239873593930787,Woningmarkt_Eigendom,entropy,Woningmarkt
BU19700201,0.12494498729214808,Woningmarkt_Eigendom,entropy,Woningmarkt
BU19700202,0.09212643947844626,Woningmarkt_Eigendom,entropy,Woningmarkt
BU19700208,0.1333306286473741,Woningmarkt_Eigendom,entropy,Woningmarkt
BU19700209,0.1386460137172433,Woningmarkt_Eigendom,entropy,Woningmarkt
WK197003,0.13856851556245692,Woningmarkt_Eigendom,entropy,Woningmarkt
BU19700300,0.14663883003373704,Woningmarkt_Eigendom,entropy,Woningmarkt
BU19700301,0.14328526878567113,Woningmarkt_Eigendom,entropy,Woningmarkt
BU19700302,0.1051715624990753,Woningmarkt_Eigendom,entropy,Woningmarkt
BU19700303,0.08370149217917731,Woningmarkt_Eigendom,entropy,Woningmarkt
BU19700307,0.13697150805230354,Woningmarkt_Eigendom,entropy,Woningmarkt
BU19700308,0.13943775340052839,Woningmarkt_Eigendom,entropy,Woningmarkt
BU19700309,0.1264771192479973,Woningmarkt_Eigendom,entropy,Woningmarkt
WK197004,0.1473767548189721,Woningmarkt_Eigendom,entropy,Woningmarkt
BU19700400,0.1446157587967278,Woningmarkt_Eigendom,entropy,Woningmarkt
BU19700401,0.15061679987792728,Woningmarkt_Eigendom,entropy,Woningmarkt
BU19700408,0.12373396083863776,Woningmarkt_Eigendom,entropy,Woningmarkt
BU19700409,0.13810414791209744,Woningmarkt_Eigendom,entropy,Woningmarkt
WK197005,0.17157822597663208,Woningmarkt_Eigendom,entropy,Woningmarkt
BU19700500,0.2187421584959754,Woningmarkt_Eigendom,entropy,Woningmarkt
BU19700501,0.13727028639333716,Woningmarkt_Eigendom,entropy,Woningmarkt
BU19700502,0.14995160702427854,Woningmarkt_Eigendom,entropy,Woningmarkt
BU19700503,0.12441880262631605,Woningmarkt_Eigendom,entropy,Woningmarkt
BU19700506,0.11509288544601007,Woningmarkt_Eigendom,entropy,Woningmarkt
BU19700507,0.11599816549426359,Woningmarkt_Eigendom,entropy,Woningmarkt
BU19700508,0.10546375118289808,Woningmarkt_Eigendom,entropy,Woningmarkt
BU19700509,0.14219339411745469,Woningmarkt_Eigendom,entropy,Woningmarkt
WK197006,0.16327235676394874,Woningmarkt_Eigendom,entropy,Woningmarkt
BU19700600,0.18511124825706984,Woningmarkt_Eigendom,entropy,Woningmarkt
BU19700601,0.09981483600220248,Woningmarkt_Eigendom,entropy,Woningmarkt
BU19700602,0.11129112255329199,Woningmarkt_Eigendom,entropy,Woningmarkt
BU19700603,0.13385629494879686,Woningmarkt_Eigendom,entropy,Woningmarkt
BU19700604,0.11489635608656634,Woningmarkt_Eigendom,entropy,Woningmarkt
BU19700605,0.11702650472918369,Woningmarkt_Eigendom,entropy,Woningmarkt
BU19700608,0.15771461973893752,Woningmarkt_Eigendom,entropy,Woningmarkt
BU19700609,0.13810414791209744,Woningmarkt_Eigendom,entropy,Woningmarkt
WK197007,0.14122216632018306,Woningmarkt_Eigendom,entropy,Woningmarkt
BU19700700,0.13877851411546815,Woningmarkt_Eigendom,entropy,Woningmarkt
BU19700701,0.1640871958422871,Woningmarkt_Eigendom,entropy,Woningmarkt
BU19700702,0.1410797926110925,Woningmarkt_Eigendom,entropy,Woningmarkt
BU19700703,0.13393314568730005,Woningmarkt_Eigendom,entropy,Woningmarkt
BU19700708,0.12484881573612891,Woningmarkt_Eigendom,entropy,Woningmarkt
BU19700709,0.14690377240309466,Woningmarkt_Eigendom,entropy,Woningmarkt
WK197008,0.18690783322346122,Woningmarkt_Eigendom,entropy,Woningmarkt
BU19700800,0.2254506191438201,Woningmarkt_Eigendom,entropy,Woningmarkt
BU19700801,0.1736798634614184,Woningmarkt_Eigendom,entropy,Woningmarkt
BU19700802,0.15954918292444864,Woningmarkt_Eigendom,entropy,Woningmarkt
BU19700803,0.14143744071090256,Woningmarkt_Eigendom,entropy,Woningmarkt
BU19700807,0.13625857903430422,Woningmarkt_Eigendom,entropy,Woningmarkt
BU19700808,0.12084527564659148,Woningmarkt_Eigendom,entropy,Woningmarkt
BU19700809,0.12906765433083,Woningmarkt_Eigendom,entropy,Woningmarkt
WK197009,0.17386008271536163,Woningmarkt_Eigendom,entropy,Woningmarkt
BU19700900,0.17225289108646125,Woningmarkt_Eigendom,entropy,Woningmarkt
BU19700909,0.1598490116805399,Woningmarkt_Eigendom,entropy,Woningmarkt
WK197010,0.13922294981924715,Woningmarkt_Eigendom,entropy,Woningmarkt
BU19701000,0.1438451698014806,Woningmarkt_Eigendom,entropy,Woningmarkt
BU19701001,0.10582688204185836,Woningmarkt_Eigendom,entropy,Woningmarkt
BU19701002,0.15081490818648932,Woningmarkt_Eigendom,entropy,Woningmarkt
BU19701003,0.11917578256644967,Woningmarkt_Eigendom,entropy,Woningmarkt
BU19701004,0.13731709715762175,Woningmarkt_Eigendom,entropy,Woningmarkt
BU19701005,0.13847799551563061,Woningmarkt_Eigendom,entropy,Woningmarkt
BU19701006,0.13676654841406483,Woningmarkt_Eigendom,entropy,Woningmarkt
BU19701008,0.15848845825473779,Woningmarkt_Eigendom,entropy,Woningmarkt
BU19701009,0.1286006890381411,Woningmarkt_Eigendom,entropy,Woningmarkt
WK197011,0.24078395457744284,Woningmarkt_Eigendom,entropy,Woningmarkt
BU19701100,0.24742760748164716,Woningmarkt_Eigendom,entropy,Woningmarkt
BU19701109,0.12074554376213789,Woningmarkt_Eigendom,entropy,Woningmarkt
WK197012,0.14665946194146126,Woningmarkt_Eigendom,entropy,Woningmarkt
BU19701200,0.15351297134083808,Woningmarkt_Eigendom,entropy,Woningmarkt
BU19701201,0.08936948375988014,Woningmarkt_Eigendom,entropy,Woningmarkt
BU19701202,0.15337042888170488,Woningmarkt_Eigendom,entropy,Woningmarkt
BU19701203,0.16226157480498177,Woningmarkt_Eigendom,entropy,Woningmarkt
BU19701204,0.15568246597418772,Woningmarkt_Eigendom,entropy,Woningmarkt
BU19701206,0.1618666001583989,Woningmarkt_Eigendom,entropy,Woningmarkt
BU19701207,0.15144281266476461,Woningmarkt_Eigendom,entropy,Woningmarkt
BU19701208,0.161331475657751,Woningmarkt_Eigendom,entropy,Woningmarkt
BU19701209,0.13440385411542122,Woningmarkt_Eigendom,entropy,Woningmarkt
WK197013,0.14088419059492946,Woningmarkt_Eigendom,entropy,Woningmarkt
BU19701300,0.15710700966830118,Woningmarkt_Eigendom,entropy,Woningmarkt
BU19701301,0.12671138764872242,Woningmarkt_Eigendom,entropy,Woningmarkt
BU19701302,0.13381817635014237,Woningmarkt_Eigendom,entropy,Woningmarkt
BU19701308,0.13894258356920983,Woningmarkt_Eigendom,entropy,Woningmarkt
BU19701309,0.13468867578077726,Woningmarkt_Eigendom,entropy,Woningmarkt
WK197014,0.1941876527112918,Woningmarkt_Eigendom,entropy,Woningmarkt
BU19701400,0.19708382417420262,Woningmarkt_Eigendom,entropy,Woningmarkt
BU19701401,0.1973639271713296,Woningmarkt_Eigendom,entropy,Woningmarkt
BU19701402,0.21378393860361197,Woningmarkt_Eigendom,entropy,Woningmarkt
BU19701409,0.1211762994650189,Woningmarkt_Eigendom,entropy,Woningmarkt
GM0085,0.2078986202579165,Woningmarkt_Eigendom,entropy,Woningmarkt
WK008501,0.2226871266300683,Woningmarkt_Eigendom,entropy,Woningmarkt
BU00850101,0.11344467725494259,Woningmarkt_Eigendom,entropy,Woningmarkt
BU00850102,0.10944066699105286,Woningmarkt_Eigendom,entropy,Woningmarkt
BU00850103,0.12093198900338548,Woningmarkt_Eigendom,entropy,Woningmarkt
BU00850104,0.3331290462448972,Woningmarkt_Eigendom,entropy,Woningmarkt
BU00850105,0.350234254993353,Woningmarkt_Eigendom,entropy,Woningmarkt
BU00850106,0.11809684823334718,Woningmarkt_Eigendom,entropy,Woningmarkt
BU00850107,0.1860533287872372,Woningmarkt_Eigendom,entropy,Woningmarkt
BU00850108,0.15600354223457452,Woningmarkt_Eigendom,entropy,Woningmarkt
BU00850109,0.31477191825359535,Woningmarkt_Eigendom,entropy,Woningmarkt
BU00850110,0.20154766565204313,Woningmarkt_Eigendom,entropy,Woningmarkt
BU00850111,0.1318128254177093,Woningmarkt_Eigendom,entropy,Woningmarkt
WK008502,0.15024760239813362,Woningmarkt_Eigendom,entropy,Woningmarkt
BU00850201,0.1269733343668656,Woningmarkt_Eigendom,entropy,Woningmarkt
BU00850202,0.2013776686882463,Woningmarkt_Eigendom,entropy,Woningmarkt
BU00850203,0.11236481068795062,Woningmarkt_Eigendom,entropy,Woningmarkt
WK008503,0.13393409452789293,Woningmarkt_Eigendom,entropy,Woningmarkt
BU00850301,0.13570268056809337,Woningmarkt_Eigendom,entropy,Woningmarkt
BU00850302,0.13636067515331804,Woningmarkt_Eigendom,entropy,Woningmarkt
WK008504,0.15050397185425884,Woningmarkt_Eigendom,entropy,Woningmarkt
BU00850401,0.08538018084071994,Woningmarkt_Eigendom,entropy,Woningmarkt
BU00850402,0.18417775753144727,Woningmarkt_Eigendom,entropy,Woningmarkt
WK008505,0.12077295882664565,Woningmarkt_Eigendom,entropy,Woningmarkt
BU00850501,0.11154221617170898,Woningmarkt_Eigendom,entropy,Woningmarkt
BU00850502,0.12192351369943653,Woningmarkt_Eigendom,entropy,Woningmarkt
WK008506,0.1969836771781085,Woningmarkt_Eigendom,entropy,Woningmarkt
BU00850601,0.23846144005671843,Woningmarkt_Eigendom,entropy,Woningmarkt
BU00850602,0.25354597144198965,Woningmarkt_Eigendom,entropy,Woningmarkt
BU00850603,0.19005492955474637,Woningmarkt_Eigendom,entropy,Woningmarkt
BU00850604,0.20399261825439138,Woningmarkt_Eigendom,entropy,Woningmarkt
BU00850605,0.08171972356410176,Woningmarkt_Eigendom,entropy,Woningmarkt
BU00850606,0.311131219077904,Woningmarkt_Eigendom,entropy,Woningmarkt
BU00850607,0.12029326138737237,Woningmarkt_Eigendom,entropy,Woningmarkt
BU00850608,0.12406366145399093,Woningmarkt_Eigendom,entropy,Woningmarkt
WK008507,0.11434074693092466,Woningmarkt_Eigendom,entropy,Woningmarkt
BU00850701,0.11919503982936559,Woningmarkt_Eigendom,entropy,Woningmarkt
BU00850702,0.10944066699105286,Woningmarkt_Eigendom,entropy,Woningmarkt
WK008508,0.14548594741948134,Woningmarkt_Eigendom,entropy,Woningmarkt
BU00850801,0.15352267590166113,Woningmarkt_Eigendom,entropy,Woningmarkt
BU00850802,0.12989724150305695,Woningmarkt_Eigendom,entropy,Woningmarkt
WK008509,0.13448838178858907,Woningmarkt_Eigendom,entropy,Woningmarkt
BU00850901,0.16563753102501674,Woningmarkt_Eigendom,entropy,Woningmarkt
BU00850902,0.12213351225244778,Woningmarkt_Eigendom,entropy,Woningmarkt
WK008510,0.16749785989812158,Woningmarkt_Eigendom,entropy,Woningmarkt
BU00851001,0.19208448252422952,Woningmarkt_Eigendom,entropy,Woningmarkt
BU00851002,0.11779315477745134,Woningmarkt_Eigendom,entropy,Woningmarkt
BU00851003,0.12008600241768203,Woningmarkt_Eigendom,entropy,Woningmarkt
WK008511,0.2489292342189065,Woningmarkt_Eigendom,entropy,Woningmarkt
BU00851101,0.1255567054771264,Woningmarkt_Eigendom,entropy,Woningmarkt
BU00851102,0.10239024537698813,Woningmarkt_Eigendom,entropy,Woningmarkt
BU00851103,0.2884333775341317,Woningmarkt_Eigendom,entropy,Woningmarkt
BU00851104,0.2955459696034746,Woningmarkt_Eigendom,entropy,Woningmarkt
BU00851105,0.559921204178352,Woningmarkt_Eigendom,entropy,Woningmarkt
BU00851106,0.2514746068711506,Woningmarkt_Eigendom,entropy,Woningmarkt
BU00851107,0.2716811249094607,Woningmarkt_Eigendom,entropy,Woningmarkt
BU00851108,0.3436432198423342,Woningmarkt_Eigendom,entropy,Woningmarkt
BU00851109,0.16054388289387783,Woningmarkt_Eigendom,entropy,Woningmarkt
BU00851110,0.19277143893319315,Woningmarkt_Eigendom,entropy,Woningmarkt
BU00851111,0.07958031903770145,Woningmarkt_Eigendom,entropy,Woningmarkt
BU00851112,0.23878285381719047,Woningmarkt_Eigendom,entropy,Woningmarkt
BU00851113,0.32195011179676436,Woningmarkt_Eigendom,entropy,Woningmarkt
BU00851114,0.1730636423061503,Woningmarkt_Eigendom,entropy,Woningmarkt
BU00851115,0.3824318602808595,Woningmarkt_Eigendom,entropy,Woningmarkt
BU00851116,0.39791229890931523,Woningmarkt_Eigendom,entropy,Woningmarkt
BU00851117,0.12021353165490274,Woningmarkt_Eigendom,entropy,Woningmarkt
BU00851118,0.13364458088651177,Woningmarkt_Eigendom,entropy,Woningmarkt
WK008512,0.13746406833986974,Woningmarkt_Eigendom,entropy,Woningmarkt
BU00851201,0.14635196474259357,Woningmarkt_Eigendom,entropy,Woningmarkt
BU00851202,0.12160956146029887,Woningmarkt_Eigendom,entropy,Woningmarkt
WK008513,0.12972566297300986,Woningmarkt_Eigendom,entropy,Woningmarkt
BU00851301,0.13095322664177167,Woningmarkt_Eigendom,entropy,Woningmarkt
BU00851302,0.12467124483242337,Woningmarkt_Eigendom,entropy,Woningmarkt
GM0086,0.2144213788926677,Woningmarkt_Eigendom,entropy,Woningmarkt
WK008601,0.15580211659479562,Woningmarkt_Eigendom,entropy,Woningmarkt
BU00860101,0.1289545940025189,Woningmarkt_Eigendom,entropy,Woningmarkt
BU00860102,0.176193572555278,Woningmarkt_Eigendom,entropy,Woningmarkt
BU00860103,0.12635414485966137,Woningmarkt_Eigendom,entropy,Woningmarkt
WK008602,0.3041623922537722,Woningmarkt_Eigendom,entropy,Woningmarkt
BU00860201,0.33886880389115487,Woningmarkt_Eigendom,entropy,Woningmarkt
BU00860202,0.3330023481902012,Woningmarkt_Eigendom,entropy,Woningmarkt
BU00860203,0.29347950519885924,Woningmarkt_Eigendom,entropy,Woningmarkt
BU00860204,0.6202903329931104,Woningmarkt_Eigendom,entropy,Woningmarkt
BU00860205,0.0750301050675325,Woningmarkt_Eigendom,entropy,Woningmarkt
BU00860206,0.21689092945924338,Woningmarkt_Eigendom,entropy,Woningmarkt
BU00860207,0.08629040069195229,Woningmarkt_Eigendom,entropy,Woningmarkt
BU00860208,0.20836714494508535,Woningmarkt_Eigendom,entropy,Woningmarkt
BU00860209,0.17030427734780107,Woningmarkt_Eigendom,entropy,Woningmarkt
WK008604,0.13690768989841515,Woningmarkt_Eigendom,entropy,Woningmarkt
BU00860401,0.13883222534484496,Woningmarkt_Eigendom,entropy,Woningmarkt
BU00860402,0.11035088684228521,Woningmarkt_Eigendom,entropy,Woningmarkt
WK008605,0.2460753161611961,Woningmarkt_Eigendom,entropy,Woningmarkt
BU00860501,0.3042395529084733,Woningmarkt_Eigendom,entropy,Woningmarkt
BU00860502,0.13306287856130786,Woningmarkt_Eigendom,entropy,Woningmarkt
BU00860503,0.2639547785370926,Woningmarkt_Eigendom,entropy,Woningmarkt
BU00860504,0.10718608751505611,Woningmarkt_Eigendom,entropy,Woningmarkt
BU00860505,0.12911978530295976,Woningmarkt_Eigendom,entropy,Woningmarkt
BU00860506,0.28368262321017657,Woningmarkt_Eigendom,entropy,Woningmarkt
BU00860507,0.3225914330230273,Woningmarkt_Eigendom,entropy,Woningmarkt
BU00860508,0.10076421159681234,Woningmarkt_Eigendom,entropy,Woningmarkt
WK008606,0.1634610068732856,Woningmarkt_Eigendom,entropy,Woningmarkt
BU00860601,0.17962212566573132,Woningmarkt_Eigendom,entropy,Woningmarkt
BU00860602,0.13448838178858907,Woningmarkt_Eigendom,entropy,Woningmarkt
WK008607,0.10029931273535178,Woningmarkt_Eigendom,entropy,Woningmarkt
BU00860701,0.08690373988333679,Woningmarkt_Eigendom,entropy,Woningmarkt
BU00860702,0.11521844462998362,Woningmarkt_Eigendom,entropy,Woningmarkt
WK008608,0.1465338490037791,Woningmarkt_Eigendom,entropy,Woningmarkt
BU00860801,0.1531807514285365,Woningmarkt_Eigendom,entropy,Woningmarkt
BU00860802,0.13162384719185888,Woningmarkt_Eigendom,entropy,Woningmarkt
WK008609,0.15191960177067437,Woningmarkt_Eigendom,entropy,Woningmarkt
BU00860901,0.16842278709408345,Woningmarkt_Eigendom,entropy,Woningmarkt
BU00860902,0.11126110669351758,Woningmarkt_Eigendom,entropy,Woningmarkt
WK008610,0.1291706324841596,Woningmarkt_Eigendom,entropy,Woningmarkt
BU00861001,0.13570268056809337,Woningmarkt_Eigendom,entropy,Woningmarkt
BU00861002,0.11187444588490206,Woningmarkt_Eigendom,entropy,Woningmarkt
WK008611,0.1613470780893648,Woningmarkt_Eigendom,entropy,Woningmarkt
BU00861101,0.16080986240795847,Woningmarkt_Eigendom,entropy,Woningmarkt
BU00861102,0.16623040705871966,Woningmarkt_Eigendom,entropy,Woningmarkt
WK008613,0.12903531498565446,Woningmarkt_Eigendom,entropy,Woningmarkt
BU00861301,0.11563974213363945,Woningmarkt_Eigendom,entropy,Woningmarkt
BU00861302,0.13847354990120336,Woningmarkt_Eigendom,entropy,Woningmarkt
WK008614,0.14164597011623786,Woningmarkt_Eigendom,entropy,Woningmarkt
BU00861401,0.1558695726886737,Woningmarkt_Eigendom,entropy,Woningmarkt
BU00861402,0.11293310606605836,Woningmarkt_Eigendom,entropy,Woningmarkt
WK008615,0.16232717202274408,Woningmarkt_Eigendom,entropy,Woningmarkt
BU00861501,0.17450375837529336,Woningmarkt_Eigendom,entropy,Woningmarkt
BU00861502,0.1416388354024138,Woningmarkt_Eigendom,entropy,Woningmarkt
WK008616,0.2227961466547012,Woningmarkt_Eigendom,entropy,Woningmarkt
BU00861601,0.2977083999114238,Woningmarkt_Eigendom,entropy,Woningmarkt
BU00861602,0.27336504121865457,Woningmarkt_Eigendom,entropy,Woningmarkt
BU00861603,0.1454622347412467,Woningmarkt_Eigendom,entropy,Woningmarkt
BU00861604,0.27583937887119747,Woningmarkt_Eigendom,entropy,Woningmarkt
BU00861605,0.10969288245616907,Woningmarkt_Eigendom,entropy,Woningmarkt
BU00861606,0.12310829383587474,Woningmarkt_Eigendom,entropy,Woningmarkt
BU00861607,0.1659471965988783,Woningmarkt_Eigendom,entropy,Woningmarkt
WK008617,0.18038785393491077,Woningmarkt_Eigendom,entropy,Woningmarkt
BU00861701,0.2671057558055851,Woningmarkt_Eigendom,entropy,Woningmarkt
BU00861702,0.16892229928847582,Woningmarkt_Eigendom,entropy,Woningmarkt
BU00861703,0.13094305190659628,Woningmarkt_Eigendom,entropy,Woningmarkt
GM0088,0.2866690301869164,Woningmarkt_Eigendom,entropy,Woningmarkt
WK008800,0.2866690301869164,Woningmarkt_Eigendom,entropy,Woningmarkt
BU00880000,0.28300482977486596,Woningmarkt_Eigendom,entropy,Woningmarkt
BU00880009,0.30044329815810616,Woningmarkt_Eigendom,entropy,Woningmarkt
GM0090,0.2550910476783235,Woningmarkt_Eigendom,entropy,Woningmarkt
WK009001,0.4717995964183362,Woningmarkt_Eigendom,entropy,Woningmarkt
BU00900101,0.4717995964183362,Woningmarkt_Eigendom,entropy,Woningmarkt
WK009002,0.3327907117394714,Woningmarkt_Eigendom,entropy,Woningmarkt
BU00900201,0.10479443103044418,Woningmarkt_Eigendom,entropy,Woningmarkt
BU00900202,0.3181949339517341,Woningmarkt_Eigendom,entropy,Woningmarkt
BU00900203,0.26564933224807347,Woningmarkt_Eigendom,entropy,Woningmarkt
BU00900204,0.4864483987117221,Woningmarkt_Eigendom,entropy,Woningmarkt
BU00900205,0.2529493535818577,Woningmarkt_Eigendom,entropy,Woningmarkt
BU00900206,0.26039452458803686,Woningmarkt_Eigendom,entropy,Woningmarkt
WK009003,0.18579298515979356,Woningmarkt_Eigendom,entropy,Woningmarkt
BU00900301,0.08051674805867592,Woningmarkt_Eigendom,entropy,Woningmarkt
BU00900302,0.12995822206319868,Woningmarkt_Eigendom,entropy,Woningmarkt
BU00900303,0.2948777441959686,Woningmarkt_Eigendom,entropy,Woningmarkt
BU00900304,0.32235702965488444,Woningmarkt_Eigendom,entropy,Woningmarkt
WK009004,0.18190519449796402,Woningmarkt_Eigendom,entropy,Woningmarkt
BU00900401,0.2581976496971985,Woningmarkt_Eigendom,entropy,Woningmarkt
BU00900402,0.2748557499925845,Woningmarkt_Eigendom,entropy,Woningmarkt
BU00900403,0.10670909316600834,Woningmarkt_Eigendom,entropy,Woningmarkt
BU00900404,0.1157475100175389,Woningmarkt_Eigendom,entropy,Woningmarkt
BU00900405,0.04454096734991296,Woningmarkt_Eigendom,entropy,Woningmarkt
BU00900406,0.2408185679103747,Woningmarkt_Eigendom,entropy,Woningmarkt
WK009005,0.08984407738127227,Woningmarkt_Eigendom,entropy,Woningmarkt
BU00900501,0.09912060707763981,Woningmarkt_Eigendom,entropy,Woningmarkt
BU00900502,0.06614809673470792,Woningmarkt_Eigendom,entropy,Woningmarkt
WK009006,0.1779643035299455,Woningmarkt_Eigendom,entropy,Woningmarkt
BU00900601,0.05380867777145025,Woningmarkt_Eigendom,entropy,Woningmarkt
BU00900602,0.2833554060817814,Woningmarkt_Eigendom,entropy,Woningmarkt
BU00900603,0.05109759608944192,Woningmarkt_Eigendom,entropy,Woningmarkt
WK009007,0.1593973034611619,Woningmarkt_Eigendom,entropy,Woningmarkt
BU00900701,0.21570825774502816,Woningmarkt_Eigendom,entropy,Woningmarkt
BU00900702,0.0803250269797201,Woningmarkt_Eigendom,entropy,Woningmarkt
BU00900703,0.14930672546958118,Woningmarkt_Eigendom,entropy,Woningmarkt
BU00900704,0.12741405788347995,Woningmarkt_Eigendom,entropy,Woningmarkt
BU00900705,0.19807513256524,Woningmarkt_Eigendom,entropy,Woningmarkt
BU00900706,0.20651469207128484,Woningmarkt_Eigendom,entropy,Woningmarkt
WK009008,0.32560868481406613,Woningmarkt_Eigendom,entropy,Woningmarkt
BU00900801,0.29808396543636057,Woningmarkt_Eigendom,entropy,Woningmarkt
BU00900802,0.40083244757212744,Woningmarkt_Eigendom,entropy,Woningmarkt
BU00900803,0.2330362597614004,Woningmarkt_Eigendom,entropy,Woningmarkt
WK009009,0.4634214176088388,Woningmarkt_Eigendom,entropy,Woningmarkt
BU00900901,0.23750726006750916,Woningmarkt_Eigendom,entropy,Woningmarkt
BU00900902,0.5895012705836422,Woningmarkt_Eigendom,entropy,Woningmarkt
BU00900903,0.33828272609558496,Woningmarkt_Eigendom,entropy,Woningmarkt
BU00900904,0.597397854623874,Woningmarkt_Eigendom,entropy,Woningmarkt
WK009010,0.37013884161561794,Woningmarkt_Eigendom,entropy,Woningmarkt
BU00901001,0.3730906734308253,Woningmarkt_Eigendom,entropy,Woningmarkt
BU00901002,0.35803179531457346,Woningmarkt_Eigendom,entropy,Woningmarkt
BU00901003,0.33279530921262873,Woningmarkt_Eigendom,entropy,Woningmarkt
BU00901004,0.3889025215944468,Woningmarkt_Eigendom,entropy,Woningmarkt
WK009011,0.22950854588022468,Woningmarkt_Eigendom,entropy,Woningmarkt
BU00901101,0.22950854588022468,Woningmarkt_Eigendom,entropy,Woningmarkt
WK009012,0.13643851417256997,Woningmarkt_Eigendom,entropy,Woningmarkt
BU00901201,0.12476976999343922,Woningmarkt_Eigendom,entropy,Woningmarkt
BU00901202,0.10869345275663524,Woningmarkt_Eigendom,entropy,Woningmarkt
WK009013,0.20614664313039427,Woningmarkt_Eigendom,entropy,Woningmarkt
BU00901301,0.4697338877454645,Woningmarkt_Eigendom,entropy,Woningmarkt
BU00901302,0.14892531713656543,Woningmarkt_Eigendom,entropy,Woningmarkt
BU00901303,0.1327460994209984,Woningmarkt_Eigendom,entropy,Woningmarkt
WK009021,0.16231634987128551,Woningmarkt_Eigendom,entropy,Woningmarkt
BU00902104,0.16677320000214396,Woningmarkt_Eigendom,entropy,Woningmarkt
BU00902105,0.11564299165419252,Woningmarkt_Eigendom,entropy,Woningmarkt
BU00902109,0.13727809327297447,Woningmarkt_Eigendom,entropy,Woningmarkt
BU00902110,0.18265612091954625,Woningmarkt_Eigendom,entropy,Woningmarkt
BU00902114,0.13134111670726129,Woningmarkt_Eigendom,entropy,Woningmarkt
WK009022,0.15525284191889743,Woningmarkt_Eigendom,entropy,Woningmarkt
BU00902201,0.12346163802894417,Woningmarkt_Eigendom,entropy,Woningmarkt
BU00902202,0.12817824919431967,Woningmarkt_Eigendom,entropy,Woningmarkt
BU00902203,0.09635654008577654,Woningmarkt_Eigendom,entropy,Woningmarkt
BU00902206,0.1807834124431768,Woningmarkt_Eigendom,entropy,Woningmarkt
BU00902212,0.11430822477875127,Woningmarkt_Eigendom,entropy,Woningmarkt
BU00902213,0.1313446770356957,Woningmarkt_Eigendom,entropy,Woningmarkt
BU00902215,0.13707891687142176,Woningmarkt_Eigendom,entropy,Woningmarkt
BU00902216,0.13306037226890888,Woningmarkt_Eigendom,entropy,Woningmarkt
WK009023,0.18363365480681795,Woningmarkt_Eigendom,entropy,Woningmarkt
BU00902307,0.17599214691549914,Woningmarkt_Eigendom,entropy,Woningmarkt
BU00902308,0.17748640663429174,Woningmarkt_Eigendom,entropy,Woningmarkt
BU00902311,0.19928228063129128,Woningmarkt_Eigendom,entropy,Woningmarkt
GM1900,0.23105959759890454,Woningmarkt_Eigendom,entropy,Woningmarkt
WK190000,0.25822274719043364,Woningmarkt_Eigendom,entropy,Woningmarkt
BU19000000,0.3385616179174884,Woningmarkt_Eigendom,entropy,Woningmarkt
BU19000001,0.38485897991569495,Woningmarkt_Eigendom,entropy,Woningmarkt
BU19000002,0.24093369530500008,Woningmarkt_Eigendom,entropy,Woningmarkt
BU19000003,0.05991998552120742,Woningmarkt_Eigendom,entropy,Woningmarkt
BU19000004,0.16644254374038603,Woningmarkt_Eigendom,entropy,Woningmarkt
BU19000009,0.21546317568473275,Woningmarkt_Eigendom,entropy,Woningmarkt
WK190001,0.29411315568919505,Woningmarkt_Eigendom,entropy,Woningmarkt
BU19000101,0.5043694050472898,Woningmarkt_Eigendom,entropy,Woningmarkt
BU19000102,0.29605149233159445,Woningmarkt_Eigendom,entropy,Woningmarkt
BU19000103,0.13855932061614207,Woningmarkt_Eigendom,entropy,Woningmarkt
BU19000104,0.2734756737578054,Woningmarkt_Eigendom,entropy,Woningmarkt
BU19000105,0.4246249105825923,Woningmarkt_Eigendom,entropy,Woningmarkt
BU19000106,0.19661901981560975,Woningmarkt_Eigendom,entropy,Woningmarkt
BU19000107,0.08581886823928764,Woningmarkt_Eigendom,entropy,Woningmarkt
BU19000108,0.23040745291217982,Woningmarkt_Eigendom,entropy,Woningmarkt
BU19000109,0.3651395562971132,Woningmarkt_Eigendom,entropy,Woningmarkt
BU19000110,0.3256622539856042,Woningmarkt_Eigendom,entropy,Woningmarkt
BU19000111,0.08744679607967139,Woningmarkt_Eigendom,entropy,Woningmarkt
BU19000112,0.603726342303754,Woningmarkt_Eigendom,entropy,Woningmarkt
BU19000113,0.32068705701681866,Woningmarkt_Eigendom,entropy,Woningmarkt
BU19000114,0.34957648548963927,Woningmarkt_Eigendom,entropy,Woningmarkt
BU19000115,0.4453813409121923,Woningmarkt_Eigendom,entropy,Woningmarkt
BU19000116,0.21188645402940076,Woningmarkt_Eigendom,entropy,Woningmarkt
BU19000117,0.13947098292284646,Woningmarkt_Eigendom,entropy,Woningmarkt
BU19000118,0.19548917109771802,Woningmarkt_Eigendom,entropy,Woningmarkt
BU19000119,0.05763965954208009,Woningmarkt_Eigendom,entropy,Woningmarkt
BU19000120,0.1259288243609596,Woningmarkt_Eigendom,entropy,Woningmarkt
WK190002,0.2111118514226793,Woningmarkt_Eigendom,entropy,Woningmarkt
BU19000200,0.22485064914545227,Woningmarkt_Eigendom,entropy,Woningmarkt
BU19000201,0.11599816549426359,Woningmarkt_Eigendom,entropy,Woningmarkt
BU19000202,0.169673880634082,Woningmarkt_Eigendom,entropy,Woningmarkt
BU19000208,0.1618520348715081,Woningmarkt_Eigendom,entropy,Woningmarkt
BU19000209,0.18553028246554426,Woningmarkt_Eigendom,entropy,Woningmarkt
WK190003,0.19515943078561152,Woningmarkt_Eigendom,entropy,Woningmarkt
BU19000300,0.20779466657179008,Woningmarkt_Eigendom,entropy,Woningmarkt
BU19000301,0.15665359532322098,Woningmarkt_Eigendom,entropy,Woningmarkt
BU19000302,0.15702124515210003,Woningmarkt_Eigendom,entropy,Woningmarkt
BU19000308,0.1435135715049417,Woningmarkt_Eigendom,entropy,Woningmarkt
BU19000309,0.132763491609061,Woningmarkt_Eigendom,entropy,Woningmarkt
WK190004,0.16307512948531577,Woningmarkt_Eigendom,entropy,Woningmarkt
BU19000400,0.14000519249823715,Woningmarkt_Eigendom,entropy,Woningmarkt
BU19000401,0.15050041089073848,Woningmarkt_Eigendom,entropy,Woningmarkt
BU19000402,0.12844599928038594,Woningmarkt_Eigendom,entropy,Woningmarkt
BU19000403,0.19407264262497503,Woningmarkt_Eigendom,entropy,Woningmarkt
BU19000408,0.15513240051516441,Woningmarkt_Eigendom,entropy,Woningmarkt
BU19000409,0.14770529582294337,Woningmarkt_Eigendom,entropy,Woningmarkt
WK190005,0.17800074736848523,Woningmarkt_Eigendom,entropy,Woningmarkt
BU19000500,0.12167486901755595,Woningmarkt_Eigendom,entropy,Woningmarkt
BU19000501,0.2608586887534783,Woningmarkt_Eigendom,entropy,Woningmarkt
BU19000502,0.09131197607159257,Woningmarkt_Eigendom,entropy,Woningmarkt
BU19000503,0.13629131068567935,Woningmarkt_Eigendom,entropy,Woningmarkt
WK190006,0.19225241242171204,Woningmarkt_Eigendom,entropy,Woningmarkt
BU19000600,0.20576989582513605,Woningmarkt_Eigendom,entropy,Woningmarkt
BU19000602,0.1721084261966122,Woningmarkt_Eigendom,entropy,Woningmarkt
BU19000603,0.14955077267830427,Woningmarkt_Eigendom,entropy,Woningmarkt
BU19000607,0.17313984006330338,Woningmarkt_Eigendom,entropy,Woningmarkt
BU19000608,0.13020384619117287,Woningmarkt_Eigendom,entropy,Woningmarkt
BU19000609,0.12117435066482313,Woningmarkt_Eigendom,entropy,Woningmarkt
WK190007,0.13737347404586853,Woningmarkt_Eigendom,entropy,Woningmarkt
BU19000700,0.1418859845290235,Woningmarkt_Eigendom,entropy,Woningmarkt
BU19000701,0.09178335666552702,Woningmarkt_Eigendom,entropy,Woningmarkt
BU19000702,0.13320850179095148,Woningmarkt_Eigendom,entropy,Woningmarkt
BU19000706,0.14905272963158783,Woningmarkt_Eigendom,entropy,Woningmarkt
BU19000707,0.16557325958808844,Woningmarkt_Eigendom,entropy,Woningmarkt
BU19000708,0.11839446343322972,Woningmarkt_Eigendom,entropy,Woningmarkt
WK190008,0.155679000148621,Woningmarkt_Eigendom,entropy,Woningmarkt
BU19000800,0.15585365944917856,Woningmarkt_Eigendom,entropy,Woningmarkt
BU19000801,0.1334342617247277,Woningmarkt_Eigendom,entropy,Woningmarkt
BU19000802,0.11599816549426359,Woningmarkt_Eigendom,entropy,Woningmarkt
BU19000804,0.13792210394185098,Woningmarkt_Eigendom,entropy,Woningmarkt
BU19000808,0.1470859160304275,Woningmarkt_Eigendom,entropy,Woningmarkt
BU19000809,0.20900878512205634,Woningmarkt_Eigendom,entropy,Woningmarkt
WK190009,0.17487322890888884,Woningmarkt_Eigendom,entropy,Woningmarkt
BU19000900,0.14848370833395824,Woningmarkt_Eigendom,entropy,Woningmarkt
BU19000901,0.24422379676203,Woningmarkt_Eigendom,entropy,Woningmarkt
BU19000902,0.1391350305676875,Woningmarkt_Eigendom,entropy,Woningmarkt
BU19000903,0.09206817833088306,Woningmarkt_Eigendom,entropy,Woningmarkt
BU19000904,0.09788349070678518,Woningmarkt_Eigendom,entropy,Woningmarkt
BU19000905,0.1084778991809367,Woningmarkt_Eigendom,entropy,Woningmarkt
BU19000906,0.11599816549426359,Woningmarkt_Eigendom,entropy,Woningmarkt
BU19000907,0.1358226686887865,Woningmarkt_Eigendom,entropy,Woningmarkt
BU19000908,0.15711584583444385,Woningmarkt_Eigendom,entropy,Woningmarkt
BU19000909,0.11384332591729071,Woningmarkt_Eigendom,entropy,Woningmarkt
WK190010,0.13044384113651358,Woningmarkt_Eigendom,entropy,Woningmarkt
BU19001000,0.11128729111372958,Woningmarkt_Eigendom,entropy,Woningmarkt
BU19001001,0.1450872987571332,Woningmarkt_Eigendom,entropy,Woningmarkt
BU19001002,0.10690836961525649,Woningmarkt_Eigendom,entropy,Woningmarkt
BU19001003,0.11839446343322972,Woningmarkt_Eigendom,entropy,Woningmarkt
BU19001007,0.12686891050638688,Woningmarkt_Eigendom,entropy,Woningmarkt
BU19001008,0.1260438572527173,Woningmarkt_Eigendom,entropy,Woningmarkt
WK190011,0.1600767983487911,Woningmarkt_Eigendom,entropy,Woningmarkt
BU19001100,0.17233853635026458,Woningmarkt_Eigendom,entropy,Woningmarkt
BU19001101,0.11686215115976459,Woningmarkt_Eigendom,entropy,Woningmarkt
BU19001108,0.15210131323248366,Woningmarkt_Eigendom,entropy,Woningmarkt
BU19001109,0.11599816549426359,Woningmarkt_Eigendom,entropy,Woningmarkt
WK190012,0.1474573874979775,Woningmarkt_Eigendom,entropy,Woningmarkt
BU19001200,0.15192915447276722,Woningmarkt_Eigendom,entropy,Woningmarkt
BU19001201,0.13224322761946067,Woningmarkt_Eigendom,entropy,Woningmarkt
BU19001202,0.12598253232055193,Woningmarkt_Eigendom,entropy,Woningmarkt
BU19001203,0.11839446343322972,Woningmarkt_Eigendom,entropy,Woningmarkt
BU19001204,0.1313446770356957,Woningmarkt_Eigendom,entropy,Woningmarkt
BU19001208,0.11677792461832076,Woningmarkt_Eigendom,entropy,Woningmarkt
BU19001209,0.16326901404811583,Woningmarkt_Eigendom,entropy,Woningmarkt
WK190013,0.16361413917923467,Woningmarkt_Eigendom,entropy,Woningmarkt
BU19001300,0.20830521041684286,Woningmarkt_Eigendom,entropy,Woningmarkt
BU19001301,0.1218338046914281,Woningmarkt_Eigendom,entropy,Woningmarkt
BU19001302,0.1296371598597671,Woningmarkt_Eigendom,entropy,Woningmarkt
BU19001303,0.13944250107435124,Woningmarkt_Eigendom,entropy,Woningmarkt
BU19001306,0.10715532842712759,Woningmarkt_Eigendom,entropy,Woningmarkt
BU19001307,0.112022886214826,Woningmarkt_Eigendom,entropy,Woningmarkt
BU19001308,0.10669042956566704,Woningmarkt_Eigendom,entropy,Woningmarkt
BU19001309,0.15252235111524298,Woningmarkt_Eigendom,entropy,Woningmarkt
WK190014,0.11221460729378183,Woningmarkt_Eigendom,entropy,Woningmarkt
BU19001400,0.12440145862831042,Woningmarkt_Eigendom,entropy,Woningmarkt
BU19001401,0.1209032637403529,Woningmarkt_Eigendom,entropy,Woningmarkt
BU19001402,0.09329485671365204,Woningmarkt_Eigendom,entropy,Woningmarkt
BU19001403,0.12315723849189938,Woningmarkt_Eigendom,entropy,Woningmarkt
BU19001404,0.09596525844189512,Woningmarkt_Eigendom,entropy,Woningmarkt
BU19001405,0.10104151438497144,Woningmarkt_Eigendom,entropy,Woningmarkt
BU19001406,0.09802853945831733,Woningmarkt_Eigendom,entropy,Woningmarkt
BU19001407,0.10486998986320233,Woningmarkt_Eigendom,entropy,Woningmarkt
BU19001408,0.14791623043117955,Woningmarkt_Eigendom,entropy,Woningmarkt
BU19001409,0.12160956146029887,Woningmarkt_Eigendom,entropy,Woningmarkt
WK190015,0.11836789539493756,Woningmarkt_Eigendom,entropy,Woningmarkt
BU19001500,0.12619657444702587,Woningmarkt_Eigendom,entropy,Woningmarkt
BU19001501,0.11958881796475448,Woningmarkt_Eigendom,entropy,Woningmarkt
BU19001502,0.12006642454599328,Woningmarkt_Eigendom,entropy,Woningmarkt
BU19001503,0.14219339411745469,Woningmarkt_Eigendom,entropy,Woningmarkt
BU19001509,0.07073835173424722,Woningmarkt_Eigendom,entropy,Woningmarkt
WK190016,0.11556957024816066,Woningmarkt_Eigendom,entropy,Woningmarkt
BU19001600,0.10408958131079801,Woningmarkt_Eigendom,entropy,Woningmarkt
BU19001601,0.1155153252898315,Woningmarkt_Eigendom,entropy,Woningmarkt
BU19001602,0.12239796526298993,Woningmarkt_Eigendom,entropy,Woningmarkt
BU19001603,0.09575735106964234,Woningmarkt_Eigendom,entropy,Woningmarkt
BU19001604,0.13009630290827562,Woningmarkt_Eigendom,entropy,Woningmarkt
BU19001606,0.1199666926615397,Woningmarkt_Eigendom,entropy,Woningmarkt
BU19001607,0.14430448160003173,Woningmarkt_Eigendom,entropy,Woningmarkt
BU19001608,0.11917578256644967,Woningmarkt_Eigendom,entropy,Woningmarkt
WK190017,0.20235316514846813,Woningmarkt_Eigendom,entropy,Woningmarkt
BU19001700,0.20470380507091296,Woningmarkt_Eigendom,entropy,Woningmarkt
BU19001709,0.14689377983983118,Woningmarkt_Eigendom,entropy,Woningmarkt
WK190018,0.11991554147827042,Woningmarkt_Eigendom,entropy,Woningmarkt
BU19001800,0.13731084772979055,Woningmarkt_Eigendom,entropy,Woningmarkt
BU19001801,0.12208651931625127,Woningmarkt_Eigendom,entropy,Woningmarkt
BU19001802,0.11885932403491306,Woningmarkt_Eigendom,entropy,Woningmarkt
BU19001803,0.11180752351997633,Woningmarkt_Eigendom,entropy,Woningmarkt
BU19001804,0.10434822475467956,Woningmarkt_Eigendom,entropy,Woningmarkt
BU19001808,0.15662432269160065,Woningmarkt_Eigendom,entropy,Woningmarkt
BU19001809,0.12117435066482313,Woningmarkt_Eigendom,entropy,Woningmarkt
WK190019,0.1314992517971168,Woningmarkt_Eigendom,entropy,Woningmarkt
BU19001900,0.11759874885516242,Woningmarkt_Eigendom,entropy,Woningmarkt
BU19001901,0.14424171748217876,Woningmarkt_Eigendom,entropy,Woningmarkt
BU19001902,0.13017818223120578,Woningmarkt_Eigendom,entropy,Woningmarkt
BU19001903,0.14593521715712415,Woningmarkt_Eigendom,entropy,Woningmarkt
BU19001904,0.10910463058782749,Woningmarkt_Eigendom,entropy,Woningmarkt
WK190020,0.1765764500359697,Woningmarkt_Eigendom,entropy,Woningmarkt
BU19002001,0.24081768262438188,Woningmarkt_Eigendom,entropy,Woningmarkt
BU19002002,0.13580501324781363,Woningmarkt_Eigendom,entropy,Woningmarkt
BU19002003,0.12859443961030986,Woningmarkt_Eigendom,entropy,Woningmarkt
BU19002004,0.14184872284585398,Woningmarkt_Eigendom,entropy,Woningmarkt
BU19002005,0.08397472565947978,Woningmarkt_Eigendom,entropy,Woningmarkt
BU19002006,0.1745805475018703,Woningmarkt_Eigendom,entropy,Woningmarkt
BU19002007,0.10408863247020514,Woningmarkt_Eigendom,entropy,Woningmarkt
BU19002008,0.11327577376733708,Woningmarkt_Eigendom,entropy,Woningmarkt
BU19002009,0.1571936848536958,Woningmarkt_Eigendom,entropy,Woningmarkt
BU19002010,0.14142287542401177,Woningmarkt_Eigendom,entropy,Woningmarkt
BU19002011,0.14076333407955588,Woningmarkt_Eigendom,entropy,Woningmarkt
BU19002012,0.10944986813610526,Woningmarkt_Eigendom,entropy,Woningmarkt
BU19002013,0.114901986098447,Woningmarkt_Eigendom,entropy,Woningmarkt
BU19002014,0.12404334035414807,Woningmarkt_Eigendom,entropy,Woningmarkt
BU19002015,0.11138996915175275,Woningmarkt_Eigendom,entropy,Woningmarkt
BU19002016,0.13055725302186513,Woningmarkt_Eigendom,entropy,Woningmarkt
BU19002017,0.1324152274613012,Woningmarkt_Eigendom,entropy,Woningmarkt
BU19002018,0.13432830508355456,Woningmarkt_Eigendom,entropy,Woningmarkt
BU19002019,0.1041082103418939,Woningmarkt_Eigendom,entropy,Woningmarkt
GM0093,0.24813505374049624,Woningmarkt_Eigendom,entropy,Woningmarkt
WK009300,0.2559915629687328,Woningmarkt_Eigendom,entropy,Woningmarkt
BU00930000,0.25376778262789484,Woningmarkt_Eigendom,entropy,Woningmarkt
BU00930002,0.3528133640517136,Woningmarkt_Eigendom,entropy,Woningmarkt
WK009301,0.25173985066481785,Woningmarkt_Eigendom,entropy,Woningmarkt
BU00930110,0.2568100399870608,Woningmarkt_Eigendom,entropy,Woningmarkt
BU00930111,0.22836221280910657,Woningmarkt_Eigendom,entropy,Woningmarkt
BU00930112,0.13362992110612035,Woningmarkt_Eigendom,entropy,Woningmarkt
WK009302,0.23772734012158458,Woningmarkt_Eigendom,entropy,Woningmarkt
BU00930213,0.23057444376996092,Woningmarkt_Eigendom,entropy,Woningmarkt
BU00930214,0.24761340231930432,Woningmarkt_Eigendom,entropy,Woningmarkt
BU00930215,0.14219339411745469,Woningmarkt_Eigendom,entropy,Woningmarkt
WK009303,0.16720860950965072,Woningmarkt_Eigendom,entropy,Woningmarkt
BU00930316,0.16387917605145996,Woningmarkt_Eigendom,entropy,Woningmarkt
BU00930317,0.14219339411745469,Woningmarkt_Eigendom,entropy,Woningmarkt
WK009304,0.2152885812477785,Woningmarkt_Eigendom,entropy,Woningmarkt
BU00930418,0.12425889347121648,Woningmarkt_Eigendom,entropy,Woningmarkt
BU00930419,0.21633648283207627,Woningmarkt_Eigendom,entropy,Woningmarkt
BU00930420,0.19085290524399345,Woningmarkt_Eigendom,entropy,Woningmarkt
WK009305,0.2869260780075924,Woningmarkt_Eigendom,entropy,Woningmarkt
BU00930521,0.28262315096580815,Woningmarkt_Eigendom,entropy,Woningmarkt
BU00930522,0.14219339411745469,Woningmarkt_Eigendom,entropy,Woningmarkt
BU00930523,0.1631564054425665,Woningmarkt_Eigendom,entropy,Woningmarkt
GM0737,0.19386910299899676,Woningmarkt_Eigendom,entropy,Woningmarkt
WK073700,0.24013688733911934,Woningmarkt_Eigendom,entropy,Woningmarkt
BU07370000,0.24584234815810427,Woningmarkt_Eigendom,entropy,Woningmarkt
BU07370009,0.12084778193899046,Woningmarkt_Eigendom,entropy,Woningmarkt
WK073701,0.23212813109092653,Woningmarkt_Eigendom,entropy,Woningmarkt
BU07370100,0.17298256356723676,Woningmarkt_Eigendom,entropy,Woningmarkt
BU07370101,0.2526646358029411,Woningmarkt_Eigendom,entropy,Woningmarkt
BU07370102,0.15268285043965873,Woningmarkt_Eigendom,entropy,Woningmarkt
BU07370108,0.13650911548324196,Woningmarkt_Eigendom,entropy,Woningmarkt
BU07370109,0.43188682387907756,Woningmarkt_Eigendom,entropy,Woningmarkt
WK073702,0.16398964964145962,Woningmarkt_Eigendom,entropy,Woningmarkt
BU07370200,0.16605307271572053,Woningmarkt_Eigendom,entropy,Woningmarkt
BU07370201,0.16679643270513483,Woningmarkt_Eigendom,entropy,Woningmarkt
BU07370208,0.11701736713873134,Woningmarkt_Eigendom,entropy,Woningmarkt
BU07370209,0.12467124483242337,Woningmarkt_Eigendom,entropy,Woningmarkt
WK073703,0.1415623375299543,Woningmarkt_Eigendom,entropy,Woningmarkt
BU07370300,0.145010432019001,Woningmarkt_Eigendom,entropy,Woningmarkt
BU07370309,0.11674200367260046,Woningmarkt_Eigendom,entropy,Woningmarkt
WK073704,0.1074651533674601,Woningmarkt_Eigendom,entropy,Woningmarkt
BU07370400,0.08438971018070433,Woningmarkt_Eigendom,entropy,Woningmarkt
BU07370401,0.12320262022258123,Woningmarkt_Eigendom,entropy,Woningmarkt
BU07370408,0.20163211571365575,Woningmarkt_Eigendom,entropy,Woningmarkt
BU07370409,0.1410797926110925,Woningmarkt_Eigendom,entropy,Woningmarkt
WK073705,0.1540202656653377,Woningmarkt_Eigendom,entropy,Woningmarkt
BU07370500,0.16022879900714945,Woningmarkt_Eigendom,entropy,Woningmarkt
BU07370501,0.15796433871254628,Woningmarkt_Eigendom,entropy,Woningmarkt
BU07370508,0.1386460137172433,Woningmarkt_Eigendom,entropy,Woningmarkt
BU07370509,0.13125700414573394,Woningmarkt_Eigendom,entropy,Woningmarkt
WK073706,0.16435059481679382,Woningmarkt_Eigendom,entropy,Woningmarkt
BU07370600,0.18073641950698027,Woningmarkt_Eigendom,entropy,Woningmarkt
BU07370609,0.12478109638934053,Woningmarkt_Eigendom,entropy,Woningmarkt
WK073707,0.16964932341901373,Woningmarkt_Eigendom,entropy,Woningmarkt
BU07370700,0.17816156730167385,Woningmarkt_Eigendom,entropy,Woningmarkt
BU07370701,0.17800445955564986,Woningmarkt_Eigendom,entropy,Woningmarkt
BU07370708,0.12131017450805204,Woningmarkt_Eigendom,entropy,Woningmarkt
BU07370709,0.17302026705425072,Woningmarkt_Eigendom,entropy,Woningmarkt
WK073708,0.17229310086587415,Woningmarkt_Eigendom,entropy,Woningmarkt
BU07370800,0.1749293692364292,Woningmarkt_Eigendom,entropy,Woningmarkt
BU07370809,0.16003498674743516,Woningmarkt_Eigendom,entropy,Woningmarkt
WK073709,0.1724599033718297,Woningmarkt_Eigendom,entropy,Woningmarkt
BU07370900,0.1703565911269287,Woningmarkt_Eigendom,entropy,Woningmarkt
BU07370909,0.1216241267471897,Woningmarkt_Eigendom,entropy,Woningmarkt
GM0096,0.33517344464549387,Woningmarkt_Eigendom,entropy,Woningmarkt
WK009600,0.33517344464549387,Woningmarkt_Eigendom,entropy,Woningmarkt
BU00960000,0.3347535895973101,Woningmarkt_Eigendom,entropy,Woningmarkt
BU00960009,0.2334409977425427,Woningmarkt_Eigendom,entropy,Woningmarkt
GM1949,0.19569544057225222,Woningmarkt_Eigendom,entropy,Woningmarkt
WK194915,0.1390138365522287,Woningmarkt_Eigendom,entropy,Woningmarkt
BU19491500,0.17301579889098,Woningmarkt_Eigendom,entropy,Woningmarkt
BU19491501,0.1380903518117389,Woningmarkt_Eigendom,entropy,Woningmarkt
WK194916,0.2569053262570872,Woningmarkt_Eigendom,entropy,Woningmarkt
BU19491600,0.11672242580091172,Woningmarkt_Eigendom,entropy,Woningmarkt
BU19491601,0.1539544305778658,Woningmarkt_Eigendom,entropy,Woningmarkt
BU19491602,0.3951464505201806,Woningmarkt_Eigendom,entropy,Woningmarkt
BU19491603,0.11949156893217298,Woningmarkt_Eigendom,entropy,Woningmarkt
BU19491604,0.23528911434455166,Woningmarkt_Eigendom,entropy,Woningmarkt
BU19491605,0.28902077080868427,Woningmarkt_Eigendom,entropy,Woningmarkt
BU19491606,0.12310829383587474,Woningmarkt_Eigendom,entropy,Woningmarkt
WK194917,0.09405663623496047,Woningmarkt_Eigendom,entropy,Woningmarkt
BU19491700,0.09405663623496047,Woningmarkt_Eigendom,entropy,Woningmarkt
WK194918,0.1698602072580178,Woningmarkt_Eigendom,entropy,Woningmarkt
BU19491800,0.09938909288411943,Woningmarkt_Eigendom,entropy,Woningmarkt
BU19491801,0.1693195999982196,Woningmarkt_Eigendom,entropy,Woningmarkt
BU19491802,0.17584061643149307,Woningmarkt_Eigendom,entropy,Woningmarkt
BU19491803,0.12310829383587474,Woningmarkt_Eigendom,entropy,Woningmarkt
BU19491804,0.11989948538089462,Woningmarkt_Eigendom,entropy,Woningmarkt
WK194919,0.13864227483787478,Woningmarkt_Eigendom,entropy,Woningmarkt
BU19491900,0.11430822477875127,Woningmarkt_Eigendom,entropy,Woningmarkt
BU19491901,0.14025847180028028,Woningmarkt_Eigendom,entropy,Woningmarkt
WK194920,0.13262522601431243,Woningmarkt_Eigendom,entropy,Woningmarkt
BU19492000,0.11947266322629754,Woningmarkt_Eigendom,entropy,Woningmarkt
BU19492001,0.1403446106789628,Woningmarkt_Eigendom,entropy,Woningmarkt
WK194921,0.22949398059333384,Woningmarkt_Eigendom,entropy,Woningmarkt
BU19492100,0.22949398059333384,Woningmarkt_Eigendom,entropy,Woningmarkt
WK194922,0.1125236677622296,Woningmarkt_Eigendom,entropy,Woningmarkt
BU19492200,0.14219339411745469,Woningmarkt_Eigendom,entropy,Woningmarkt
WK194923,0.153073548221857,Woningmarkt_Eigendom,entropy,Woningmarkt
BU19492300,0.14219339411745469,Woningmarkt_Eigendom,entropy,Woningmarkt
BU19492301,0.15655522870000402,Woningmarkt_Eigendom,entropy,Woningmarkt
WK194924,0.11733058365745563,Woningmarkt_Eigendom,entropy,Woningmarkt
BU19492400,0.12771585662525808,Woningmarkt_Eigendom,entropy,Woningmarkt
BU19492401,0.11800297477952847,Woningmarkt_Eigendom,entropy,Woningmarkt
WK194925,0.1720112556672694,Woningmarkt_Eigendom,entropy,Woningmarkt
BU19492500,0.1739453154452842,Woningmarkt_Eigendom,entropy,Woningmarkt
BU19492501,0.17344556836848934,Woningmarkt_Eigendom,entropy,Woningmarkt
WK194926,0.16837314580764923,Woningmarkt_Eigendom,entropy,Woningmarkt
BU19492600,0.17567585713400513,Woningmarkt_Eigendom,entropy,Woningmarkt
BU19492601,0.1451074506896136,Woningmarkt_Eigendom,entropy,Woningmarkt
BU19492602,0.2586525540527218,Woningmarkt_Eigendom,entropy,Woningmarkt
BU19492603,0.08555238760258707,Woningmarkt_Eigendom,entropy,Woningmarkt
BU19492604,0.1208155136561557,Woningmarkt_Eigendom,entropy,Woningmarkt
WK194927,0.14963192566439276,Woningmarkt_Eigendom,entropy,Woningmarkt
BU19492700,0.14963192566439276,Woningmarkt_Eigendom,entropy,Woningmarkt
WK194928,0.23477660051381208,Woningmarkt_Eigendom,entropy,Woningmarkt
BU19492800,0.11947266322629754,Woningmarkt_Eigendom,entropy,Woningmarkt
BU19492801,0.1119809133711682,Woningmarkt_Eigendom,entropy,Woningmarkt
BU19492802,0.42587760810497377,Woningmarkt_Eigendom,entropy,Woningmarkt
BU19492803,0.1743454238717366,Woningmarkt_Eigendom,entropy,Woningmarkt
BU19492804,0.29121760625936677,Woningmarkt_Eigendom,entropy,Woningmarkt
BU19492805,0.09585749806573643,Woningmarkt_Eigendom,entropy,Woningmarkt
BU19492806,0.12021353165490274,Woningmarkt_Eigendom,entropy,Woningmarkt
BU19492807,0.11675979428834801,Woningmarkt_Eigendom,entropy,Woningmarkt
BU19492808,0.2021059567233221,Woningmarkt_Eigendom,entropy,Woningmarkt
BU19492809,0.2354913307674557,Woningmarkt_Eigendom,entropy,Woningmarkt
BU19492810,0.338660832964302,Woningmarkt_Eigendom,entropy,Woningmarkt
BU19492811,0.33332250952533077,Woningmarkt_Eigendom,entropy,Woningmarkt
BU19492812,0.09320603299163643,Woningmarkt_Eigendom,entropy,Woningmarkt
BU19492813,0.20936856257402425,Woningmarkt_Eigendom,entropy,Woningmarkt
BU19492814,0.17751621557262415,Woningmarkt_Eigendom,entropy,Woningmarkt
BU19492815,0.06938281089324305,Woningmarkt_Eigendom,entropy,Woningmarkt
BU19492816,0.10562262950090766,Woningmarkt_Eigendom,entropy,Woningmarkt
BU19492817,0.07486370787232595,Woningmarkt_Eigendom,entropy,Woningmarkt
WK194929,0.1689948891622235,Woningmarkt_Eigendom,entropy,Woningmarkt
BU19492900,0.1689948891622235,Woningmarkt_Eigendom,entropy,Woningmarkt
WK194930,0.17067148600792167,Woningmarkt_Eigendom,entropy,Woningmarkt
BU19493000,0.17067148600792167,Woningmarkt_Eigendom,entropy,Woningmarkt
WK194931,0.07227661812159358,Woningmarkt_Eigendom,entropy,Woningmarkt
BU19493100,0.14219339411745469,Woningmarkt_Eigendom,entropy,Woningmarkt
BU19493101,0.06545418841891809,Woningmarkt_Eigendom,entropy,Woningmarkt
WK194932,0.17255083558323603,Woningmarkt_Eigendom,entropy,Woningmarkt
BU19493200,0.11778108598206802,Woningmarkt_Eigendom,entropy,Woningmarkt
BU19493201,0.22626367826660113,Woningmarkt_Eigendom,entropy,Woningmarkt
BU19493202,0.16335057145468532,Woningmarkt_Eigendom,entropy,Woningmarkt
WK194933,0.11402536988753717,Woningmarkt_Eigendom,entropy,Woningmarkt
BU19493300,0.14219339411745469,Woningmarkt_Eigendom,entropy,Woningmarkt
WK194934,0.16425814295568,Woningmarkt_Eigendom,entropy,Woningmarkt
BU19493400,0.13133271254407153,Woningmarkt_Eigendom,entropy,Woningmarkt
BU19493401,0.16861645729595903,Woningmarkt_Eigendom,entropy,Woningmarkt
WK194935,0.21109547907070744,Woningmarkt_Eigendom,entropy,Woningmarkt
BU19493500,0.11672242580091172,Woningmarkt_Eigendom,entropy,Woningmarkt
BU19493501,0.12763826376272516,Woningmarkt_Eigendom,entropy,Woningmarkt
BU19493502,0.2635393789042276,Woningmarkt_Eigendom,entropy,Woningmarkt
BU19493503,0.13541874418873015,Woningmarkt_Eigendom,entropy,Woningmarkt
WK194936,0.16995535147020538,Woningmarkt_Eigendom,entropy,Woningmarkt
BU19493600,0.11523300991687443,Woningmarkt_Eigendom,entropy,Woningmarkt
BU19493601,0.11989948538089462,Woningmarkt_Eigendom,entropy,Woningmarkt
BU19493602,0.13598379004628483,Woningmarkt_Eigendom,entropy,Woningmarkt
BU19493603,0.20362191218676584,Woningmarkt_Eigendom,entropy,Woningmarkt
WK194937,0.12133296540719846,Woningmarkt_Eigendom,entropy,Woningmarkt
BU19493700,0.12133296540719846,Woningmarkt_Eigendom,entropy,Woningmarkt
WK194938,0.15425031226438998,Woningmarkt_Eigendom,entropy,Woningmarkt
BU19493800,0.12432064314230719,Woningmarkt_Eigendom,entropy,Woningmarkt
BU19493801,0.1610253974738285,Woningmarkt_Eigendom,entropy,Woningmarkt
WK194939,0.12818503235110323,Woningmarkt_Eigendom,entropy,Woningmarkt
BU19493900,0.10683886989559097,Woningmarkt_Eigendom,entropy,Woningmarkt
BU19493901,0.13711727333978588,Woningmarkt_Eigendom,entropy,Woningmarkt
WK194940,0.1298159366582383,Woningmarkt_Eigendom,entropy,Woningmarkt
BU19494000,0.1298159366582383,Woningmarkt_Eigendom,entropy,Woningmarkt
WK194941,0.13743139432896614,Woningmarkt_Eigendom,entropy,Woningmarkt
BU19494100,0.13743139432896614,Woningmarkt_Eigendom,entropy,Woningmarkt
WK194942,0.15415252950285616,Woningmarkt_Eigendom,entropy,Woningmarkt
BU19494200,0.14069419828454607,Woningmarkt_Eigendom,entropy,Woningmarkt
BU19494201,0.15334015596775769,Woningmarkt_Eigendom,entropy,Woningmarkt
WK194943,0.13591017282870566,Woningmarkt_Eigendom,entropy,Woningmarkt
BU19494300,0.13591017282870566,Woningmarkt_Eigendom,entropy,Woningmarkt
WK194944,0.21520910433080798,Woningmarkt_Eigendom,entropy,Woningmarkt
BU19494400,0.14580846277095985,Woningmarkt_Eigendom,entropy,Woningmarkt
BU19494401,0.2266201680266166,Woningmarkt_Eigendom,entropy,Woningmarkt
BU19494402,0.11996168007674174,Woningmarkt_Eigendom,entropy,Woningmarkt
BU19494403,0.11839446343322972,Woningmarkt_Eigendom,entropy,Woningmarkt
WK194945,0.11049932717220914,Woningmarkt_Eigendom,entropy,Woningmarkt
BU19494500,0.11049932717220914,Woningmarkt_Eigendom,entropy,Woningmarkt
WK194946,0.1041082103418939,Woningmarkt_Eigendom,entropy,Woningmarkt
BU19494600,0.1041082103418939,Woningmarkt_Eigendom,entropy,Woningmarkt
WK194947,0.13623163414414874,Woningmarkt_Eigendom,entropy,Woningmarkt
BU19494700,0.13810414791209744,Woningmarkt_Eigendom,entropy,Woningmarkt
BU19494701,0.13690402526622156,Woningmarkt_Eigendom,entropy,Woningmarkt
WK194948,0.21681996059190195,Woningmarkt_Eigendom,entropy,Woningmarkt
BU19494800,0.11460510543859914,Woningmarkt_Eigendom,entropy,Woningmarkt
BU19494801,0.23238495383009167,Woningmarkt_Eigendom,entropy,Woningmarkt
WK194949,0.1815983460243828,Woningmarkt_Eigendom,entropy,Woningmarkt
BU19494900,0.13877487617547848,Woningmarkt_Eigendom,entropy,Woningmarkt
BU19494901,0.15107182542852216,Woningmarkt_Eigendom,entropy,Woningmarkt
BU19494902,0.22279447189458645,Woningmarkt_Eigendom,entropy,Woningmarkt
WK194950,0.17344454102465784,Woningmarkt_Eigendom,entropy,Woningmarkt
BU19495000,0.1179491041836807,Woningmarkt_Eigendom,entropy,Woningmarkt
BU19495001,0.18497607281640338,Woningmarkt_Eigendom,entropy,Woningmarkt
WK194951,0.11079620783205701,Woningmarkt_Eigendom,entropy,Woningmarkt
BU19495100,0.11079620783205701,Woningmarkt_Eigendom,entropy,Woningmarkt
WK194952,0.14366564977485533,Woningmarkt_Eigendom,entropy,Woningmarkt
BU19495200,0.14366564977485533,Woningmarkt_Eigendom,entropy,Woningmarkt
WK194953,0.1620794064281188,Woningmarkt_Eigendom,entropy,Woningmarkt
BU19495300,0.12404334035414807,Woningmarkt_Eigendom,entropy,Woningmarkt
BU19495301,0.16126182449667512,Woningmarkt_Eigendom,entropy,Woningmarkt
BU19495302,0.11989948538089462,Woningmarkt_Eigendom,entropy,Woningmarkt
WK194954,0.12212113264918312,Woningmarkt_Eigendom,entropy,Woningmarkt
BU19495400,0.11718732466237226,Woningmarkt_Eigendom,entropy,Woningmarkt
BU19495401,0.12103213599947957,Woningmarkt_Eigendom,entropy,Woningmarkt
WK194955,0.11010067850986104,Woningmarkt_Eigendom,entropy,Woningmarkt
BU19495500,0.11010067850986104,Woningmarkt_Eigendom,entropy,Woningmarkt
GM0098,0.21795330182756428,Woningmarkt_Eigendom,entropy,Woningmarkt
WK009800,0.26148806237942956,Woningmarkt_Eigendom,entropy,Woningmarkt
BU00980001,0.12021353165490274,Woningmarkt_Eigendom,entropy,Woningmarkt
BU00980002,0.2196395552617947,Woningmarkt_Eigendom,entropy,Woningmarkt
BU00980003,0.13958787043465623,Woningmarkt_Eigendom,entropy,Woningmarkt
BU00980004,0.21426327217332009,Woningmarkt_Eigendom,entropy,Woningmarkt
BU00980005,0.23024398565314771,Woningmarkt_Eigendom,entropy,Woningmarkt
BU00980006,0.2419453316016923,Woningmarkt_Eigendom,entropy,Woningmarkt
BU00980007,0.19185573632281056,Woningmarkt_Eigendom,entropy,Woningmarkt
BU00980008,0.28093849184578,Woningmarkt_Eigendom,entropy,Woningmarkt
BU00980009,0.1988714309166126,Woningmarkt_Eigendom,entropy,Woningmarkt
BU00980010,0.25773017132055825,Woningmarkt_Eigendom,entropy,Woningmarkt
BU00980011,0.180443815711517,Woningmarkt_Eigendom,entropy,Woningmarkt
BU00980012,0.3360787868793461,Woningmarkt_Eigendom,entropy,Woningmarkt
BU00980013,0.28587476668483397,Woningmarkt_Eigendom,entropy,Woningmarkt
BU00980014,0.5006638857570791,Woningmarkt_Eigendom,entropy,Woningmarkt
BU00980015,0.4035878861707268,Woningmarkt_Eigendom,entropy,Woningmarkt
BU00980016,0.39599074828881403,Woningmarkt_Eigendom,entropy,Woningmarkt
BU00980017,0.0896755890053073,Woningmarkt_Eigendom,entropy,Woningmarkt
BU00980018,0.5905432517483058,Woningmarkt_Eigendom,entropy,Woningmarkt
BU00980019,0.10924301905595162,Woningmarkt_Eigendom,entropy,Woningmarkt
BU00980020,0.09118458276103333,Woningmarkt_Eigendom,entropy,Woningmarkt
BU00980021,0.2270042555454343,Woningmarkt_Eigendom,entropy,Woningmarkt
WK009801,0.12214807753933857,Woningmarkt_Eigendom,entropy,Woningmarkt
BU00980101,0.10715532842712759,Woningmarkt_Eigendom,entropy,Woningmarkt
BU00980102,0.13776492443979255,Woningmarkt_Eigendom,entropy,Woningmarkt
BU00980103,0.12403137586252393,Woningmarkt_Eigendom,entropy,Woningmarkt
BU00980104,0.11674200367260046,Woningmarkt_Eigendom,entropy,Woningmarkt
WK009802,0.13628835833337222,Woningmarkt_Eigendom,entropy,Woningmarkt
BU00980201,0.11736990815087575,Woningmarkt_Eigendom,entropy,Woningmarkt
BU00980202,0.15141498248861635,Woningmarkt_Eigendom,entropy,Woningmarkt
WK009803,0.1270746872577253,Woningmarkt_Eigendom,entropy,Woningmarkt
BU00980301,0.1280935527711092,Woningmarkt_Eigendom,entropy,Woningmarkt
BU00980302,0.12023444274760596,Woningmarkt_Eigendom,entropy,Woningmarkt
BU00980303,0.1103941675913171,Woningmarkt_Eigendom,entropy,Woningmarkt
BU00980304,0.13392689625946885,Woningmarkt_Eigendom,entropy,Woningmarkt
BU00980305,0.1418877742854723,Woningmarkt_Eigendom,entropy,Woningmarkt
WK009804,0.1320736137960579,Woningmarkt_Eigendom,entropy,Woningmarkt
BU00980401,0.13659437658367243,Woningmarkt_Eigendom,entropy,Woningmarkt
BU00980402,0.13240958664468322,Woningmarkt_Eigendom,entropy,Woningmarkt
BU00980403,0.11932422289637361,Woningmarkt_Eigendom,entropy,Woningmarkt
WK009805,0.11735283657158599,Woningmarkt_Eigendom,entropy,Woningmarkt
BU00980501,0.12205488245007068,Woningmarkt_Eigendom,entropy,Woningmarkt
BU00980502,0.11188901117179287,Woningmarkt_Eigendom,entropy,Woningmarkt
WK009806,0.1204760781667978,Woningmarkt_Eigendom,entropy,Woningmarkt
BU00980601,0.1252580542452929,Woningmarkt_Eigendom,entropy,Woningmarkt
BU00980602,0.12039995465681969,Woningmarkt_Eigendom,entropy,Woningmarkt
WK009807,0.151189044003906,Woningmarkt_Eigendom,entropy,Woningmarkt
BU00980701,0.1545052125728393,Woningmarkt_Eigendom,entropy,Woningmarkt
BU00980702,0.11768386039001341,Woningmarkt_Eigendom,entropy,Woningmarkt
WK009808,0.13343885919788512,Woningmarkt_Eigendom,entropy,Woningmarkt
BU00980801,0.15083519279323676,Woningmarkt_Eigendom,entropy,Woningmarkt
BU00980802,0.1065419892357431,Woningmarkt_Eigendom,entropy,Woningmarkt
WK009809,0.12991770466073851,Woningmarkt_Eigendom,entropy,Woningmarkt
BU00980901,0.15335967028484637,Woningmarkt_Eigendom,entropy,Woningmarkt
BU00980902,0.1264771192479973,Woningmarkt_Eigendom,entropy,Woningmarkt
BU00980903,0.11430822477875127,Woningmarkt_Eigendom,entropy,Woningmarkt
WK009810,0.253281103319807,Woningmarkt_Eigendom,entropy,Woningmarkt
BU00981001,0.31183671621383324,Woningmarkt_Eigendom,entropy,Woningmarkt
BU00981002,0.16766144937661945,Woningmarkt_Eigendom,entropy,Woningmarkt
BU00981003,0.34407084848849023,Woningmarkt_Eigendom,entropy,Woningmarkt
BU00981004,0.30120499465574235,Woningmarkt_Eigendom,entropy,Woningmarkt
BU00981005,0.2975968710166323,Woningmarkt_Eigendom,entropy,Woningmarkt
BU00981006,0.12029326138737237,Woningmarkt_Eigendom,entropy,Woningmarkt
BU00981007,0.16745697302291435,Woningmarkt_Eigendom,entropy,Woningmarkt
BU00981008,0.1183014764457825,Woningmarkt_Eigendom,entropy,Woningmarkt
BU00981009,0.10990305956011442,Woningmarkt_Eigendom,entropy,Woningmarkt
WK009811,0.11241635354233356,Woningmarkt_Eigendom,entropy,Woningmarkt
BU00981101,0.12260398837592626,Woningmarkt_Eigendom,entropy,Woningmarkt
BU00981102,0.10213933030950524,Woningmarkt_Eigendom,entropy,Woningmarkt
WK009812,0.185424220707347,Woningmarkt_Eigendom,entropy,Woningmarkt
BU00981201,0.185424220707347,Woningmarkt_Eigendom,entropy,Woningmarkt
WK009813,0.14910325620401482,Woningmarkt_Eigendom,entropy,Woningmarkt
BU00981301,0.1720173222881028,Woningmarkt_Eigendom,entropy,Woningmarkt
BU00981302,0.11841400304514127,Woningmarkt_Eigendom,entropy,Woningmarkt
WK009814,0.13388960788409537,Woningmarkt_Eigendom,entropy,Woningmarkt
BU00981401,0.15245681745208073,Woningmarkt_Eigendom,entropy,Woningmarkt
BU00981402,0.11675656895949127,Woningmarkt_Eigendom,entropy,Woningmarkt
WK009815,0.14163626555541478,Woningmarkt_Eigendom,entropy,Woningmarkt
BU00981501,0.1373517104905536,Woningmarkt_Eigendom,entropy,Woningmarkt
BU00981502,0.1435135715049417,Woningmarkt_Eigendom,entropy,Woningmarkt
GM0059,0.43100000000000005,Woningmarkt_Eigendom,weighted_mean,Woningmarkt
WK005900,0.43300000000000005,Woningmarkt_Eigendom,weighted_mean,Woningmarkt
BU00590000,0.43200000000000005,Woningmarkt_Eigendom,weighted_mean,Woningmarkt
BU00590001,0.43500000000000005,Woningmarkt_Eigendom,weighted_mean,Woningmarkt
BU00590002,0.43900000000000006,Woningmarkt_Eigendom,weighted_mean,Woningmarkt
BU00590003,0.44500000000000006,Woningmarkt_Eigendom,weighted_mean,Woningmarkt
BU00590004,0.42550000000000004,Woningmarkt_Eigendom,weighted_mean,Woningmarkt
BU00590005,0.42800000000000005,Woningmarkt_Eigendom,weighted_mean,Woningmarkt
BU00590006,0.397,Woningmarkt_Eigendom,weighted_mean,Woningmarkt
BU00590007,0.402,Woningmarkt_Eigendom,weighted_mean,Woningmarkt
BU00590008,0.408,Woningmarkt_Eigendom,weighted_mean,Woningmarkt
BU00590009,0.403,Woningmarkt_Eigendom,weighted_mean,Woningmarkt
WK005901,0.41650000000000004,Woningmarkt_Eigendom,weighted_mean,Woningmarkt
BU00590100,0.392,Woningmarkt_Eigendom,weighted_mean,Woningmarkt
BU00590102,0.4170000000000001,Woningmarkt_Eigendom,weighted_mean,Woningmarkt
BU00590103,0.42300000000000004,Woningmarkt_Eigendom,weighted_mean,Woningmarkt
BU00590107,0.409,Woningmarkt_Eigendom,weighted_mean,Woningmarkt
BU00590108,0.404,Woningmarkt_Eigendom,weighted_mean,Woningmarkt
BU00590109,0.4025,Woningmarkt_Eigendom,weighted_mean,Woningmarkt
WK005902,0.43300000000000005,Woningmarkt_Eigendom,weighted_mean,Woningmarkt
BU00590200,0.43550000000000005,Woningmarkt_Eigendom,weighted_mean,Woningmarkt
BU00590201,0.43400000000000005,Woningmarkt_Eigendom,weighted_mean,Woningmarkt
BU00590202,0.41950000000000004,Woningmarkt_Eigendom,weighted_mean,Woningmarkt
BU00590203,0.43150000000000005,Woningmarkt_Eigendom,weighted_mean,Woningmarkt
BU00590206,0.4485,Woningmarkt_Eigendom,weighted_mean,Woningmarkt
BU00590207,0.4195,Woningmarkt_Eigendom,weighted_mean,Woningmarkt
BU00590208,0.4015,Woningmarkt_Eigendom,weighted_mean,Woningmarkt
BU00590209,0.42000000000000004,Woningmarkt_Eigendom,weighted_mean,Woningmarkt
GM0060,0.3935,Woningmarkt_Eigendom,weighted_mean,Woningmarkt
WK006000,0.3935,Woningmarkt_Eigendom,weighted_mean,Woningmarkt
BU00600000,0.3940000000000001,Woningmarkt_Eigendom,weighted_mean,Woningmarkt
BU00600001,0.39000000000000007,Woningmarkt_Eigendom,weighted_mean,Woningmarkt
BU00600002,0.3990000000000001,Woningmarkt_Eigendom,weighted_mean,Woningmarkt
BU00600003,0.394,Woningmarkt_Eigendom,weighted_mean,Woningmarkt
BU00600007,0.38100000000000006,Woningmarkt_Eigendom,weighted_mean,Woningmarkt
BU00600008,0.36300000000000004,Woningmarkt_Eigendom,weighted_mean,Woningmarkt
BU00600009,0.41200000000000003,Woningmarkt_Eigendom,weighted_mean,Woningmarkt
GM1891,0.43850000000000006,Woningmarkt_Eigendom,weighted_mean,Woningmarkt
WK189100,0.43150000000000005,Woningmarkt_Eigendom,weighted_mean,Woningmarkt
BU18910000,0.43400000000000005,Woningmarkt_Eigendom,weighted_mean,Woningmarkt
BU18910001,0.4265,Woningmarkt_Eigendom,weighted_mean,Woningmarkt
BU18910002,0.404,Woningmarkt_Eigendom,weighted_mean,Woningmarkt
BU18910008,0.411,Woningmarkt_Eigendom,weighted_mean,Woningmarkt
BU18910009,0.404,Woningmarkt_Eigendom,weighted_mean,Woningmarkt
WK189101,0.41750000000000004,Woningmarkt_Eigendom,weighted_mean,Woningmarkt
BU18910100,0.40800000000000003,Woningmarkt_Eigendom,weighted_mean,Woningmarkt
BU18910101,0.42700000000000005,Woningmarkt_Eigendom,weighted_mean,Woningmarkt
BU18910108,0.405,Woningmarkt_Eigendom,weighted_mean,Woningmarkt
BU18910109,0.40199999999999997,Woningmarkt_Eigendom,weighted_mean,Woningmarkt
WK189102,0.45050000000000007,Woningmarkt_Eigendom,weighted_mean,Woningmarkt
BU18910200,0.4580000000000001,Woningmarkt_Eigendom,weighted_mean,Woningmarkt
BU18910201,0.44300000000000006,Woningmarkt_Eigendom,weighted_mean,Woningmarkt
BU18910202,0.4015,Woningmarkt_Eigendom,weighted_mean,Woningmarkt
BU18910208,0.405,Woningmarkt_Eigendom,weighted_mean,Woningmarkt
BU18910209,0.404,Woningmarkt_Eigendom,weighted_mean,Woningmarkt
WK189103,0.41700000000000004,Woningmarkt_Eigendom,weighted_mean,Woningmarkt
BU18910300,0.42000000000000004,Woningmarkt_Eigendom,weighted_mean,Woningmarkt
BU18910301,0.40149999999999997,Woningmarkt_Eigendom,weighted_mean,Woningmarkt
BU18910309,0.4025,Woningmarkt_Eigendom,weighted_mean,Woningmarkt
GM1940,0.41650000000000004,Woningmarkt_Eigendom,weighted_mean,Woningmarkt
WK194001,0.392,Woningmarkt_Eigendom,weighted_mean,Woningmarkt
BU19400101,0.392,Woningmarkt_Eigendom,weighted_mean,Woningmarkt
WK194002,0.40900000000000003,Woningmarkt_Eigendom,weighted_mean,Woningmarkt
BU19400201,0.40900000000000003,Woningmarkt_Eigendom,weighted_mean,Woningmarkt
WK194003,0.43600000000000005,Woningmarkt_Eigendom,weighted_mean,Woningmarkt
BU19400301,0.43600000000000005,Woningmarkt_Eigendom,weighted_mean,Woningmarkt
WK194004,0.4135000000000001,Woningmarkt_Eigendom,weighted_mean,Woningmarkt
BU19400401,0.4135000000000001,Woningmarkt_Eigendom,weighted_mean,Woningmarkt
WK194005,0.3955000000000001,Woningmarkt_Eigendom,weighted_mean,Woningmarkt
BU19400501,0.3955000000000001,Woningmarkt_Eigendom,weighted_mean,Woningmarkt
WK194006,0.4045,Woningmarkt_Eigendom,weighted_mean,Woningmarkt
BU19400601,0.4045,Woningmarkt_Eigendom,weighted_mean,Woningmarkt
WK194007,0.4095000000000001,Woningmarkt_Eigendom,weighted_mean,Woningmarkt
BU19400701,0.4120000000000001,Woningmarkt_Eigendom,weighted_mean,Woningmarkt
BU19400702,0.4095,Woningmarkt_Eigendom,weighted_mean,Woningmarkt
WK194008,0.427,Woningmarkt_Eigendom,weighted_mean,Woningmarkt
BU19400801,0.427,Woningmarkt_Eigendom,weighted_mean,Woningmarkt
WK194009,0.40599999999999997,Woningmarkt_Eigendom,weighted_mean,Woningmarkt
BU19400901,0.40599999999999997,Woningmarkt_Eigendom,weighted_mean,Woningmarkt
WK194010,0.40349999999999997,Woningmarkt_Eigendom,weighted_mean,Woningmarkt
BU19401001,0.40349999999999997,Woningmarkt_Eigendom,weighted_mean,Woningmarkt
WK194011,0.4085000000000001,Woningmarkt_Eigendom,weighted_mean,Woningmarkt
BU19401101,0.407,Woningmarkt_Eigendom,weighted_mean,Woningmarkt
BU19401102,0.41100000000000003,Woningmarkt_Eigendom,weighted_mean,Woningmarkt
WK194012,0.39339999999999997,Woningmarkt_Eigendom,weighted_mean,Woningmarkt
BU19401201,0.40700000000000003,Woningmarkt_Eigendom,weighted_mean,Woningmarkt
WK194013,0.395,Woningmarkt_Eigendom,weighted_mean,Woningmarkt
BU19401301,0.395,Woningmarkt_Eigendom,weighted_mean,Woningmarkt
WK194014,0.407,Woningmarkt_Eigendom,weighted_mean,Woningmarkt
BU19401401,0.407,Woningmarkt_Eigendom,weighted_mean,Woningmarkt
WK194015,0.398,Woningmarkt_Eigendom,weighted_mean,Woningmarkt
BU19401501,0.398,Woningmarkt_Eigendom,weighted_mean,Woningmarkt
WK194016,0.40349999999999997,Woningmarkt_Eigendom,weighted_mean,Woningmarkt
BU19401601,0.40349999999999997,Woningmarkt_Eigendom,weighted_mean,Woningmarkt
WK194017,0.4035,Woningmarkt_Eigendom,weighted_mean,Woningmarkt
BU19401701,0.4035,Woningmarkt_Eigendom,weighted_mean,Woningmarkt
WK194018,0.41050000000000003,Woningmarkt_Eigendom,weighted_mean,Woningmarkt
BU19401801,0.41050000000000003,Woningmarkt_Eigendom,weighted_mean,Woningmarkt
WK194019,0.42300000000000004,Woningmarkt_Eigendom,weighted_mean,Woningmarkt
BU19401901,0.45250000000000007,Woningmarkt_Eigendom,weighted_mean,Woningmarkt
BU19401902,0.414,Woningmarkt_Eigendom,weighted_mean,Woningmarkt
BU19401903,0.41850000000000004,Woningmarkt_Eigendom,weighted_mean,Woningmarkt
BU19401904,0.41450000000000004,Woningmarkt_Eigendom,weighted_mean,Woningmarkt
BU19401905,0.442,Woningmarkt_Eigendom,weighted_mean,Woningmarkt
BU19401906,0.39200000000000007,Woningmarkt_Eigendom,weighted_mean,Woningmarkt
BU19401907,0.42000000000000004,Woningmarkt_Eigendom,weighted_mean,Woningmarkt
BU19401908,0.4045000000000001,Woningmarkt_Eigendom,weighted_mean,Woningmarkt
BU19401909,0.37850000000000006,Woningmarkt_Eigendom,weighted_mean,Woningmarkt
BU19401910,0.43800000000000006,Woningmarkt_Eigendom,weighted_mean,Woningmarkt
WK194020,0.3955000000000001,Woningmarkt_Eigendom,weighted_mean,Woningmarkt
BU19402001,0.3955000000000001,Woningmarkt_Eigendom,weighted_mean,Woningmarkt
WK194021,0.4040000000000001,Woningmarkt_Eigendom,weighted_mean,Woningmarkt
BU19402101,0.4040000000000001,Woningmarkt_Eigendom,weighted_mean,Woningmarkt
WK194022,0.3980000000000001,Woningmarkt_Eigendom,weighted_mean,Woningmarkt
BU19402201,0.40329999999999994,Woningmarkt_Eigendom,weighted_mean,Woningmarkt
WK194023,0.40950000000000003,Woningmarkt_Eigendom,weighted_mean,Woningmarkt
BU19402301,0.4015,Woningmarkt_Eigendom,weighted_mean,Woningmarkt
BU19402302,0.35600000000000004,Woningmarkt_Eigendom,weighted_mean,Woningmarkt
BU19402303,0.40299999999999997,Woningmarkt_Eigendom,weighted_mean,Woningmarkt
BU19402304,0.44650000000000006,Woningmarkt_Eigendom,weighted_mean,Woningmarkt
BU19402305,0.389,Woningmarkt_Eigendom,weighted_mean,Woningmarkt
BU19402306,0.44450000000000006,Woningmarkt_Eigendom,weighted_mean,Woningmarkt
BU19402307,0.47850000000000004,Woningmarkt_Eigendom,weighted_mean,Woningmarkt
BU19402308,0.384,Woningmarkt_Eigendom,weighted_mean,Woningmarkt
WK194024,0.404,Woningmarkt_Eigendom,weighted_mean,Woningmarkt
BU19402401,0.404,Woningmarkt_Eigendom,weighted_mean,Woningmarkt
WK194025,0.393,Woningmarkt_Eigendom,weighted_mean,Woningmarkt
BU19402501,0.393,Woningmarkt_Eigendom,weighted_mean,Woningmarkt
WK194026,0.4095,Woningmarkt_Eigendom,weighted_mean,Woningmarkt
BU19402601,0.4095,Woningmarkt_Eigendom,weighted_mean,Woningmarkt
WK194027,0.4075,Woningmarkt_Eigendom,weighted_mean,Woningmarkt
BU19402701,0.4075,Woningmarkt_Eigendom,weighted_mean,Woningmarkt
WK194028,0.4195000000000001,Woningmarkt_Eigendom,weighted_mean,Woningmarkt
BU19402801,0.399,Woningmarkt_Eigendom,weighted_mean,Woningmarkt
BU19402802,0.43000000000000005,Woningmarkt_Eigendom,weighted_mean,Woningmarkt
WK194029,0.40249999999999997,Woningmarkt_Eigendom,weighted_mean,Woningmarkt
BU19402901,0.40249999999999997,Woningmarkt_Eigendom,weighted_mean,Woningmarkt
WK194030,0.40700000000000003,Woningmarkt_Eigendom,weighted_mean,Woningmarkt
BU19403001,0.40700000000000003,Woningmarkt_Eigendom,weighted_mean,Woningmarkt
WK194031,0.41950000000000004,Woningmarkt_Eigendom,weighted_mean,Woningmarkt
BU19403101,0.41950000000000004,Woningmarkt_Eigendom,weighted_mean,Woningmarkt
WK194032,0.4065000000000001,Woningmarkt_Eigendom,weighted_mean,Woningmarkt
BU19403201,0.4065000000000001,Woningmarkt_Eigendom,weighted_mean,Woningmarkt
WK194033,0.40049999999999997,Woningmarkt_Eigendom,weighted_mean,Woningmarkt
BU19403301,0.40049999999999997,Woningmarkt_Eigendom,weighted_mean,Woningmarkt
WK194034,0.402,Woningmarkt_Eigendom,weighted_mean,Woningmarkt
BU19403401,0.402,Woningmarkt_Eigendom,weighted_mean,Woningmarkt
WK194035,0.39599999999999996,Woningmarkt_Eigendom,weighted_mean,Woningmarkt
BU19403501,0.39599999999999996,Woningmarkt_Eigendom,weighted_mean,Woningmarkt
WK194036,0.401,Woningmarkt_Eigendom,weighted_mean,Woningmarkt
BU19403601,0.401,Woningmarkt_Eigendom,weighted_mean,Woningmarkt
WK194037,0.4115000000000001,Woningmarkt_Eigendom,weighted_mean,Woningmarkt
BU19403701,0.4115000000000001,Woningmarkt_Eigendom,weighted_mean,Woningmarkt
WK194038,0.4085,Woningmarkt_Eigendom,weighted_mean,Woningmarkt
BU19403801,0.4085,Woningmarkt_Eigendom,weighted_mean,Woningmarkt
WK194039,0.39949999999999997,Woningmarkt_Eigendom,weighted_mean,Woningmarkt
BU19403901,0.39949999999999997,Woningmarkt_Eigendom,weighted_mean,Woningmarkt
WK194040,0.41300000000000003,Woningmarkt_Eigendom,weighted_mean,Woningmarkt
BU19404001,0.41300000000000003,Woningmarkt_Eigendom,weighted_mean,Woningmarkt
WK194041,0.42000000000000004,Woningmarkt_Eigendom,weighted_mean,Woningmarkt
BU19404101,0.42000000000000004,Woningmarkt_Eigendom,weighted_mean,Woningmarkt
WK194042,0.4085000000000001,Woningmarkt_Eigendom,weighted_mean,Woningmarkt
BU19404201,0.4085000000000001,Woningmarkt_Eigendom,weighted_mean,Woningmarkt
WK194043,0.4060000000000001,Woningmarkt_Eigendom,weighted_mean,Woningmarkt
BU19404301,0.4060000000000001,Woningmarkt_Eigendom,weighted_mean,Woningmarkt
WK194044,0.3955,Woningmarkt_Eigendom,weighted_mean,Woningmarkt
BU19404401,0.3955,Woningmarkt_Eigendom,weighted_mean,Woningmarkt
WK194045,0.401,Woningmarkt_Eigendom,weighted_mean,Woningmarkt
BU19404501,0.401,Woningmarkt_Eigendom,weighted_mean,Woningmarkt
WK194046,0.4145,Woningmarkt_Eigendom,weighted_mean,Woningmarkt
BU19404601,0.4145,Woningmarkt_Eigendom,weighted_mean,Woningmarkt
WK194047,0.396,Woningmarkt_Eigendom,weighted_mean,Woningmarkt
BU19404701,0.396,Woningmarkt_Eigendom,weighted_mean,Woningmarkt
WK194048,0.40349999999999997,Woningmarkt_Eigendom,weighted_mean,Woningmarkt
BU19404801,0.40149999999999997,Woningmarkt_Eigendom,weighted_mean,Woningmarkt
WK194049,0.40700000000000003,Woningmarkt_Eigendom,weighted_mean,Woningmarkt
BU19404901,0.40700000000000003,Woningmarkt_Eigendom,weighted_mean,Woningmarkt
WK194050,0.406,Woningmarkt_Eigendom,weighted_mean,Woningmarkt
BU19405001,0.406,Woningmarkt_Eigendom,weighted_mean,Woningmarkt
WK194051,0.41500000000000004,Woningmarkt_Eigendom,weighted_mean,Woningmarkt
BU19405101,0.41500000000000004,Woningmarkt_Eigendom,weighted_mean,Woningmarkt
GM0072,0.41950000000000004,Woningmarkt_Eigendom,weighted_mean,Woningmarkt
WK007200,0.42000000000000004,Woningmarkt_Eigendom,weighted_mean,Woningmarkt
BU00720001,0.419,Woningmarkt_Eigendom,weighted_mean,Woningmarkt
BU00720002,0.41400000000000003,Woningmarkt_Eigendom,weighted_mean,Woningmarkt
BU00720003,0.5035000000000001,Woningmarkt_Eigendom,weighted_mean,Woningmarkt
BU00720004,0.42050000000000004,Woningmarkt_Eigendom,weighted_mean,Woningmarkt
BU00720005,0.3945000000000001,Woningmarkt_Eigendom,weighted_mean,Woningmarkt
BU00720006,0.39200000000000007,Woningmarkt_Eigendom,weighted_mean,Woningmarkt
BU00720007,0.399,Woningmarkt_Eigendom,weighted_mean,Woningmarkt
BU00720009,0.405,Woningmarkt_Eigendom,weighted_mean,Woningmarkt
WK007201,0.4205,Woningmarkt_Eigendom,weighted_mean,Woningmarkt
BU00720100,0.42600000000000005,Woningmarkt_Eigendom,weighted_mean,Woningmarkt
BU00720109,0.395,Woningmarkt_Eigendom,weighted_mean,Woningmarkt
WK007202,0.41950000000000004,Woningmarkt_Eigendom,weighted_mean,Woningmarkt
BU00720200,0.42800000000000005,Woningmarkt_Eigendom,weighted_mean,Woningmarkt
BU00720209,0.4015,Woningmarkt_Eigendom,weighted_mean,Woningmarkt
GM0074,0.42000000000000004,Woningmarkt_Eigendom,weighted_mean,Woningmarkt
WK007401,0.4210000000000001,Woningmarkt_Eigendom,weighted_mean,Woningmarkt
BU00740100,0.4165000000000001,Woningmarkt_Eigendom,weighted_mean,Woningmarkt
BU00740101,0.44900000000000007,Woningmarkt_Eigendom,weighted_mean,Woningmarkt
BU00740102,0.45250000000000007,Woningmarkt_Eigendom,weighted_mean,Woningmarkt
BU00740103,0.41350000000000003,Woningmarkt_Eigendom,weighted_mean,Woningmarkt
BU00740104,0.41850000000000004,Woningmarkt_Eigendom,weighted_mean,Woningmarkt
BU00740105,0.3815,Woningmarkt_Eigendom,weighted_mean,Woningmarkt
BU00740106,0.42550000000000004,Woningmarkt_Eigendom,weighted_mean,Woningmarkt
BU00740107,0.3940000000000001,Woningmarkt_Eigendom,weighted_mean,Woningmarkt
BU00740108,0.38750000000000007,Woningmarkt_Eigendom,weighted_mean,Woningmarkt
BU00740109,0.39749999999999996,Woningmarkt_Eigendom,weighted_mean,Woningmarkt
BU00740110,0.39430000000000004,Woningmarkt_Eigendom,weighted_mean,Woningmarkt
WK007402,0.4055000000000001,Woningmarkt_Eigendom,weighted_mean,Woningmarkt
BU00740201,0.42,Woningmarkt_Eigendom,weighted_mean,Woningmarkt
BU00740202,0.398,Woningmarkt_Eigendom,weighted_mean,Woningmarkt
BU00740203,0.40549999999999997,Woningmarkt_Eigendom,weighted_mean,Woningmarkt
BU00740204,0.39400000000000013,Woningmarkt_Eigendom,weighted_mean,Woningmarkt
BU00740205,0.404,Woningmarkt_Eigendom,weighted_mean,Woningmarkt
WK007403,0.405,Woningmarkt_Eigendom,weighted_mean,Woningmarkt
BU00740301,0.402,Woningmarkt_Eigendom,weighted_mean,Woningmarkt
BU00740302,0.4095,Woningmarkt_Eigendom,weighted_mean,Woningmarkt
WK007404,0.42700000000000005,Woningmarkt_Eigendom,weighted_mean,Woningmarkt
BU00740401,0.45250000000000007,Woningmarkt_Eigendom,weighted_mean,Woningmarkt
BU00740402,0.40049999999999997,Woningmarkt_Eigendom,weighted_mean,Woningmarkt
BU00740403,0.4045,Woningmarkt_Eigendom,weighted_mean,Woningmarkt
BU00740404,0.43650000000000005,Woningmarkt_Eigendom,weighted_mean,Woningmarkt
BU00740405,0.408,Woningmarkt_Eigendom,weighted_mean,Woningmarkt
BU00740406,0.42700000000000005,Woningmarkt_Eigendom,weighted_mean,Woningmarkt
BU00740407,0.40900000000000003,Woningmarkt_Eigendom,weighted_mean,Woningmarkt
WK007406,0.41000000000000003,Woningmarkt_Eigendom,weighted_mean,Woningmarkt
BU00740601,0.41000000000000003,Woningmarkt_Eigendom,weighted_mean,Woningmarkt
WK007407,0.396,Woningmarkt_Eigendom,weighted_mean,Woningmarkt
BU00740701,0.3985000000000001,Woningmarkt_Eigendom,weighted_mean,Woningmarkt
BU00740702,0.38800000000000007,Woningmarkt_Eigendom,weighted_mean,Woningmarkt
WK007409,0.41300000000000003,Woningmarkt_Eigendom,weighted_mean,Woningmarkt
BU00740901,0.42100000000000004,Woningmarkt_Eigendom,weighted_mean,Woningmarkt
BU00740902,0.3815,Woningmarkt_Eigendom,weighted_mean,Woningmarkt
BU00740903,0.4050000000000001,Woningmarkt_Eigendom,weighted_mean,Woningmarkt
GM0080,0.41400000000000003,Woningmarkt_Eigendom,weighted_mean,Woningmarkt
WK008010,0.41650000000000004,Woningmarkt_Eigendom,weighted_mean,Woningmarkt
BU00801001,0.4000000000000001,Woningmarkt_Eigendom,weighted_mean,Woningmarkt
BU00801002,0.39150000000000007,Woningmarkt_Eigendom,weighted_mean,Woningmarkt
BU00801003,0.42300000000000004,Woningmarkt_Eigendom,weighted_mean,Woningmarkt
BU00801004,0.421,Woningmarkt_Eigendom,weighted_mean,Woningmarkt
BU00801005,0.4355,Woningmarkt_Eigendom,weighted_mean,Woningmarkt
BU00801006,0.4425,Woningmarkt_Eigendom,weighted_mean,Woningmarkt
BU00801007,0.402,Woningmarkt_Eigendom,weighted_mean,Woningmarkt
BU00801008,0.4005000000000001,Woningmarkt_Eigendom,weighted_mean,Woningmarkt
WK008011,0.41450000000000004,Woningmarkt_Eigendom,weighted_mean,Woningmarkt
BU00801101,0.38150000000000006,Woningmarkt_Eigendom,weighted_mean,Woningmarkt
BU00801102,0.38149999999999995,Woningmarkt_Eigendom,weighted_mean,Woningmarkt
BU00801103,0.42050000000000004,Woningmarkt_Eigendom,weighted_mean,Woningmarkt
BU00801104,0.504,Woningmarkt_Eigendom,weighted_mean,Woningmarkt
BU00801105,0.495,Woningmarkt_Eigendom,weighted_mean,Woningmarkt
BU00801106,0.35800000000000004,Woningmarkt_Eigendom,weighted_mean,Woningmarkt
BU00801107,0.3955000000000001,Woningmarkt_Eigendom,weighted_mean,Woningmarkt
BU00801108,0.398,Woningmarkt_Eigendom,weighted_mean,Woningmarkt
BU00801109,0.37450000000000006,Woningmarkt_Eigendom,weighted_mean,Woningmarkt
WK008020,0.42350000000000004,Woningmarkt_Eigendom,weighted_mean,Woningmarkt
BU00802001,0.44300000000000006,Woningmarkt_Eigendom,weighted_mean,Woningmarkt
BU00802002,0.432,Woningmarkt_Eigendom,weighted_mean,Woningmarkt
BU00802003,0.425,Woningmarkt_Eigendom,weighted_mean,Woningmarkt
BU00802004,0.394,Woningmarkt_Eigendom,weighted_mean,Woningmarkt
BU00802005,0.371,Woningmarkt_Eigendom,weighted_mean,Woningmarkt
BU00802006,0.42050000000000004,Woningmarkt_Eigendom,weighted_mean,Woningmarkt
BU00802007,0.45100000000000007,Woningmarkt_Eigendom,weighted_mean,Woningmarkt
BU00802008,0.404,Woningmarkt_Eigendom,weighted_mean,Woningmarkt
BU00802009,0.425,Woningmarkt_Eigendom,weighted_mean,Woningmarkt
WK008030,0.41100000000000003,Woningmarkt_Eigendom,weighted_mean,Woningmarkt
BU00803001,0.387,Woningmarkt_Eigendom,weighted_mean,Woningmarkt
BU00803002,0.35750000000000004,Woningmarkt_Eigendom,weighted_mean,Woningmarkt
BU00803003,0.43850000000000006,Woningmarkt_Eigendom,weighted_mean,Woningmarkt
BU00803004,0.38750000000000007,Woningmarkt_Eigendom,weighted_mean,Woningmarkt
BU00803005,0.39549999999999996,Woningmarkt_Eigendom,weighted_mean,Woningmarkt
BU00803006,0.464,Woningmarkt_Eigendom,weighted_mean,Woningmarkt
BU00803007,0.398,Woningmarkt_Eigendom,weighted_mean,Woningmarkt
WK008031,0.3975,Woningmarkt_Eigendom,weighted_mean,Woningmarkt
BU00803101,0.397,Woningmarkt_Eigendom,weighted_mean,Woningmarkt
BU00803102,0.40290000000000004,Woningmarkt_Eigendom,weighted_mean,Woningmarkt
WK008032,0.3735,Woningmarkt_Eigendom,weighted_mean,Woningmarkt
BU00803201,0.377,Woningmarkt_Eigendom,weighted_mean,Woningmarkt
BU00803202,0.35000000000000003,Woningmarkt_Eigendom,weighted_mean,Woningmarkt
BU00803203,0.3655,Woningmarkt_Eigendom,weighted_mean,Woningmarkt
BU00803204,0.4,Woningmarkt_Eigendom,weighted_mean,Woningmarkt
WK008040,0.41750000000000004,Woningmarkt_Eigendom,weighted_mean,Woningmarkt
BU00804001,0.44150000000000006,Woningmarkt_Eigendom,weighted_mean,Woningmarkt
BU00804002,0.36700000000000005,Woningmarkt_Eigendom,weighted_mean,Woningmarkt
BU00804003,0.36300000000000004,Woningmarkt_Eigendom,weighted_mean,Woningmarkt
BU00804004,0.46049999999999996,Woningmarkt_Eigendom,weighted_mean,Woningmarkt
WK008041,0.42050000000000004,Woningmarkt_Eigendom,weighted_mean,Woningmarkt
BU00804101,0.42000000000000004,Woningmarkt_Eigendom,weighted_mean,Woningmarkt
BU00804102,0.39390000000000003,Woningmarkt_Eigendom,weighted_mean,Woningmarkt
BU00804103,0.38920000000000005,Woningmarkt_Eigendom,weighted_mean,Woningmarkt
BU00804104,0.39790000000000003,Woningmarkt_Eigendom,weighted_mean,Woningmarkt
BU00804105,0.3909,Woningmarkt_Eigendom,weighted_mean,Woningmarkt
BU00804106,0.4004,Woningmarkt_Eigendom,weighted_mean,Woningmarkt
BU00804107,0.399,Woningmarkt_Eigendom,weighted_mean,Woningmarkt
BU00804108,0.399,Woningmarkt_Eigendom,weighted_mean,Woningmarkt
BU00804109,0.40359999999999996,Woningmarkt_Eigendom,weighted_mean,Woningmarkt
BU00804110,0.40149999999999997,Woningmarkt_Eigendom,weighted_mean,Woningmarkt
WK008050,0.467,Woningmarkt_Eigendom,weighted_mean,Woningmarkt
BU00805001,0.4885,Woningmarkt_Eigendom,weighted_mean,Woningmarkt
BU00805002,0.44650000000000006,Woningmarkt_Eigendom,weighted_mean,Woningmarkt
BU00805003,0.39199999999999996,Woningmarkt_Eigendom,weighted_mean,Woningmarkt
WK008051,0.3885,Woningmarkt_Eigendom,weighted_mean,Woningmarkt
BU00805101,0.3915,Woningmarkt_Eigendom,weighted_mean,Woningmarkt
BU00805102,0.39899999999999997,Woningmarkt_Eigendom,weighted_mean,Woningmarkt
BU00805103,0.36700000000000005,Woningmarkt_Eigendom,weighted_mean,Woningmarkt
BU00805104,0.4068,Woningmarkt_Eigendom,weighted_mean,Woningmarkt
BU00805105,0.35450000000000004,Woningmarkt_Eigendom,weighted_mean,Woningmarkt
WK008060,0.4595,Woningmarkt_Eigendom,weighted_mean,Woningmarkt
BU00806001,0.4670000000000001,Woningmarkt_Eigendom,weighted_mean,Woningmarkt
BU00806002,0.363,Woningmarkt_Eigendom,weighted_mean,Woningmarkt
BU00806003,0.3945,Woningmarkt_Eigendom,weighted_mean,Woningmarkt
WK008061,0.469,Woningmarkt_Eigendom,weighted_mean,Woningmarkt
BU00806101,0.46,Woningmarkt_Eigendom,weighted_mean,Woningmarkt
BU00806102,0.4805000000000001,Woningmarkt_Eigendom,weighted_mean,Woningmarkt
WK008062,0.399,Woningmarkt_Eigendom,weighted_mean,Woningmarkt
BU00806201,0.4025,Woningmarkt_Eigendom,weighted_mean,Woningmarkt
BU00806202,0.386,Woningmarkt_Eigendom,weighted_mean,Woningmarkt
BU00806203,0.4053,Woningmarkt_Eigendom,weighted_mean,Woningmarkt
BU00806204,0.389,Woningmarkt_Eigendom,weighted_mean,Woningmarkt
BU00806205,0.4355,Woningmarkt_Eigendom,weighted_mean,Woningmarkt
BU00806206,0.38950000000000007,Woningmarkt_Eigendom,weighted_mean,Woningmarkt
BU00806207,0.41700000000000004,Woningmarkt_Eigendom,weighted_mean,Woningmarkt
BU00806208,0.39599999999999996,Woningmarkt_Eigendom,weighted_mean,Woningmarkt
BU00806209,0.4025000000000001,Woningmarkt_Eigendom,weighted_mean,Woningmarkt
BU00806210,0.41,Woningmarkt_Eigendom,weighted_mean,Woningmarkt
WK008063,0.4060000000000001,Woningmarkt_Eigendom,weighted_mean,Woningmarkt
BU00806301,0.4045,Woningmarkt_Eigendom,weighted_mean,Woningmarkt
BU00806302,0.40399999999999997,Woningmarkt_Eigendom,weighted_mean,Woningmarkt
BU00806303,0.39999999999999997,Woningmarkt_Eigendom,weighted_mean,Woningmarkt
BU00806304,0.4032,Woningmarkt_Eigendom,weighted_mean,Woningmarkt
BU00806305,0.42600000000000005,Woningmarkt_Eigendom,weighted_mean,Woningmarkt
BU00806306,0.40149999999999997,Woningmarkt_Eigendom,weighted_mean,Woningmarkt
BU00806307,0.40449999999999997,Woningmarkt_Eigendom,weighted_mean,Woningmarkt
WK008070,0.3965,Woningmarkt_Eigendom,weighted_mean,Woningmarkt
BU00807001,0.3945000000000001,Woningmarkt_Eigendom,weighted_mean,Woningmarkt
BU00807002,0.4035,Woningmarkt_Eigendom,weighted_mean,Woningmarkt
BU00807003,0.38950000000000007,Woningmarkt_Eigendom,weighted_mean,Woningmarkt
BU00807004,0.409,Woningmarkt_Eigendom,weighted_mean,Woningmarkt
WK008071,0.3765,Woningmarkt_Eigendom,weighted_mean,Woningmarkt
BU00807101,0.3765,Woningmarkt_Eigendom,weighted_mean,Woningmarkt
WK008072,0.38000000000000006,Woningmarkt_Eigendom,weighted_mean,Woningmarkt
BU00807201,0.4045,Woningmarkt_Eigendom,weighted_mean,Woningmarkt
BU00807202,0.39499999999999996,Woningmarkt_Eigendom,weighted_mean,Woningmarkt
BU00807203,0.37900000000000006,Woningmarkt_Eigendom,weighted_mean,Woningmarkt
WK008073,0.37500000000000006,Woningmarkt_Eigendom,weighted_mean,Woningmarkt
BU00807301,0.38900000000000007,Woningmarkt_Eigendom,weighted_mean,Woningmarkt
BU00807302,0.36050000000000004,Woningmarkt_Eigendom,weighted_mean,Woningmarkt
BU00807303,0.3964,Woningmarkt_Eigendom,weighted_mean,Woningmarkt
BU00807304,0.40149999999999997,Woningmarkt_Eigendom,weighted_mean,Woningmarkt
BU00807305,0.358,Woningmarkt_Eigendom,weighted_mean,Woningmarkt
BU00807306,0.39520000000000005,Woningmarkt_Eigendom,weighted_mean,Woningmarkt
WK008074,0.36650000000000005,Woningmarkt_Eigendom,weighted_mean,Woningmarkt
BU00807401,0.361,Woningmarkt_Eigendom,weighted_mean,Woningmarkt
BU00807402,0.3965,Woningmarkt_Eigendom,weighted_mean,Woningmarkt
BU00807403,0.38999999999999996,Woningmarkt_Eigendom,weighted_mean,Woningmarkt
BU00807404,0.3959000000000001,Woningmarkt_Eigendom,weighted_mean,Woningmarkt
BU00807405,0.3987,Woningmarkt_Eigendom,weighted_mean,Woningmarkt
WK008080,0.42000000000000004,Woningmarkt_Eigendom,weighted_mean,Woningmarkt
BU00808001,0.42100000000000004,Woningmarkt_Eigendom,weighted_mean,Woningmarkt
BU00808002,0.4002,Woningmarkt_Eigendom,weighted_mean,Woningmarkt
BU00808003,0.4065,Woningmarkt_Eigendom,weighted_mean,Woningmarkt
BU00808004,0.42100000000000004,Woningmarkt_Eigendom,weighted_mean,Woningmarkt
BU00808005,0.414,Woningmarkt_Eigendom,weighted_mean,Woningmarkt
BU00808006,0.40149999999999997,Woningmarkt_Eigendom,weighted_mean,Woningmarkt
BU00808007,0.42100000000000004,Woningmarkt_Eigendom,weighted_mean,Woningmarkt
BU00808008,0.41,Woningmarkt_Eigendom,weighted_mean,Woningmarkt
WK008081,0.404,Woningmarkt_Eigendom,weighted_mean,Woningmarkt
BU00808101,0.4005000000000001,Woningmarkt_Eigendom,weighted_mean,Woningmarkt
BU00808102,0.39150000000000007,Woningmarkt_Eigendom,weighted_mean,Woningmarkt
BU00808103,0.3975,Woningmarkt_Eigendom,weighted_mean,Woningmarkt
BU00808104,0.397,Woningmarkt_Eigendom,weighted_mean,Woningmarkt
BU00808105,0.43300000000000005,Woningmarkt_Eigendom,weighted_mean,Woningmarkt
BU00808106,0.4015,Woningmarkt_Eigendom,weighted_mean,Woningmarkt
BU00808107,0.3995,Woningmarkt_Eigendom,weighted_mean,Woningmarkt
BU00808108,0.40599999999999997,Woningmarkt_Eigendom,weighted_mean,Woningmarkt
BU00808109,0.40950000000000003,Woningmarkt_Eigendom,weighted_mean,Woningmarkt
BU00808110,0.406,Woningmarkt_Eigendom,weighted_mean,Woningmarkt
BU00808111,0.392,Woningmarkt_Eigendom,weighted_mean,Woningmarkt
BU00808112,0.40449999999999997,Woningmarkt_Eigendom,weighted_mean,Woningmarkt
BU00808113,0.39399999999999996,Woningmarkt_Eigendom,weighted_mean,Woningmarkt
BU00808114,0.40149999999999997,Woningmarkt_Eigendom,weighted_mean,Woningmarkt
BU00808115,0.40249999999999997,Woningmarkt_Eigendom,weighted_mean,Woningmarkt
BU00808116,0.404,Woningmarkt_Eigendom,weighted_mean,Woningmarkt
BU00808117,0.4064,Woningmarkt_Eigendom,weighted_mean,Woningmarkt
WK008082,0.41700000000000004,Woningmarkt_Eigendom,weighted_mean,Woningmarkt
BU00808201,0.41350000000000003,Woningmarkt_Eigendom,weighted_mean,Woningmarkt
BU00808202,0.403,Woningmarkt_Eigendom,weighted_mean,Woningmarkt
BU00808203,0.4002,Woningmarkt_Eigendom,weighted_mean,Woningmarkt
BU00808204,0.384,Woningmarkt_Eigendom,weighted_mean,Woningmarkt
BU00808205,0.3920000000000001,Woningmarkt_Eigendom,weighted_mean,Woningmarkt
BU00808206,0.42100000000000004,Woningmarkt_Eigendom,weighted_mean,Woningmarkt
BU00808207,0.3990000000000001,Woningmarkt_Eigendom,weighted_mean,Woningmarkt
BU00808208,0.41100000000000003,Woningmarkt_Eigendom,weighted_mean,Woningmarkt
BU00808209,0.39999999999999997,Woningmarkt_Eigendom,weighted_mean,Woningmarkt
GM1970,0.42150000000000004,Woningmarkt_Eigendom,weighted_mean,Woningmarkt
WK197000,0.43300000000000005,Woningmarkt_Eigendom,weighted_mean,Woningmarkt
BU19700000,0.4005,Woningmarkt_Eigendom,weighted_mean,Woningmarkt
BU19700001,0.4395000000000001,Woningmarkt_Eigendom,weighted_mean,Woningmarkt
BU19700002,0.48950000000000005,Woningmarkt_Eigendom,weighted_mean,Woningmarkt
BU19700003,0.44900000000000007,Woningmarkt_Eigendom,weighted_mean,Woningmarkt
BU19700004,0.394,Woningmarkt_Eigendom,weighted_mean,Woningmarkt
BU19700005,0.45750000000000013,Woningmarkt_Eigendom,weighted_mean,Woningmarkt
BU19700006,0.36700000000000005,Woningmarkt_Eigendom,weighted_mean,Woningmarkt
BU19700007,0.3985000000000001,Woningmarkt_Eigendom,weighted_mean,Woningmarkt
BU19700008,0.4025000000000001,Woningmarkt_Eigendom,weighted_mean,Woningmarkt
BU19700009,0.435,Woningmarkt_Eigendom,weighted_mean,Woningmarkt
BU19700010,0.38249999999999995,Woningmarkt_Eigendom,weighted_mean,Woningmarkt
BU19700011,0.40399999999999997,Woningmarkt_Eigendom,weighted_mean,Woningmarkt
WK197001,0.4130000000000001,Woningmarkt_Eigendom,weighted_mean,Woningmarkt
BU19700100,0.42000000000000004,Woningmarkt_Eigendom,weighted_mean,Woningmarkt
BU19700101,0.40149999999999997,Woningmarkt_Eigendom,weighted_mean,Woningmarkt
BU19700102,0.39749999999999996,Woningmarkt_Eigendom,weighted_mean,Woningmarkt
BU19700103,0.40399999999999997,Woningmarkt_Eigendom,weighted_mean,Woningmarkt
BU19700104,0.417,Woningmarkt_Eigendom,weighted_mean,Woningmarkt
BU19700105,0.39749999999999996,Woningmarkt_Eigendom,weighted_mean,Woningmarkt
BU19700107,0.40149999999999997,Woningmarkt_Eigendom,weighted_mean,Woningmarkt
BU19700108,0.40359999999999996,Woningmarkt_Eigendom,weighted_mean,Woningmarkt
BU19700109,0.427,Woningmarkt_Eigendom,weighted_mean,Woningmarkt
WK197002,0.40349999999999997,Woningmarkt_Eigendom,weighted_mean,Woningmarkt
BU19700200,0.4025000000000001,Woningmarkt_Eigendom,weighted_mean,Woningmarkt
BU19700201,0.403,Woningmarkt_Eigendom,weighted_mean,Woningmarkt
BU19700202,0.37100000000000005,Woningmarkt_Eigendom,weighted_mean,Woningmarkt
BU19700208,0.41050000000000003,Woningmarkt_Eigendom,weighted_mean,Woningmarkt
BU19700209,0.415,Woningmarkt_Eigendom,weighted_mean,Woningmarkt
WK197003,0.4115000000000001,Woningmarkt_Eigendom,weighted_mean,Woningmarkt
BU19700300,0.41550000000000004,Woningmarkt_Eigendom,weighted_mean,Woningmarkt
BU19700301,0.41550000000000004,Woningmarkt_Eigendom,weighted_mean,Woningmarkt
BU19700302,0.3955000000000001,Woningmarkt_Eigendom,weighted_mean,Woningmarkt
BU19700303,0.37200000000000005,Woningmarkt_Eigendom,weighted_mean,Woningmarkt
BU19700307,0.41050000000000003,Woningmarkt_Eigendom,weighted_mean,Woningmarkt
BU19700308,0.40099999999999997,Woningmarkt_Eigendom,weighted_mean,Woningmarkt
BU19700309,0.41,Woningmarkt_Eigendom,weighted_mean,Woningmarkt
WK197004,0.40900000000000003,Woningmarkt_Eigendom,weighted_mean,Woningmarkt
BU19700400,0.40750000000000003,Woningmarkt_Eigendom,weighted_mean,Woningmarkt
BU19700401,0.4145,Woningmarkt_Eigendom,weighted_mean,Woningmarkt
BU19700408,0.40499999999999997,Woningmarkt_Eigendom,weighted_mean,Woningmarkt
BU19700409,0.40149999999999997,Woningmarkt_Eigendom,weighted_mean,Woningmarkt
WK197005,0.40850000000000003,Woningmarkt_Eigendom,weighted_mean,Woningmarkt
BU19700500,0.41700000000000004,Woningmarkt_Eigendom,weighted_mean,Woningmarkt
BU19700501,0.4055000000000001,Woningmarkt_Eigendom,weighted_mean,Woningmarkt
BU19700502,0.41500000000000004,Woningmarkt_Eigendom,weighted_mean,Woningmarkt
BU19700503,0.3960000000000001,Woningmarkt_Eigendom,weighted_mean,Woningmarkt
BU19700506,0.393,Woningmarkt_Eigendom,weighted_mean,Woningmarkt
BU19700507,0.40359999999999996,Woningmarkt_Eigendom,weighted_mean,Woningmarkt
BU19700508,0.398,Woningmarkt_Eigendom,weighted_mean,Woningmarkt
BU19700509,0.40149999999999997,Woningmarkt_Eigendom,weighted_mean,Woningmarkt
WK197006,0.41650000000000004,Woningmarkt_Eigendom,weighted_mean,Woningmarkt
BU19700600,0.42450000000000004,Woningmarkt_Eigendom,weighted_mean,Woningmarkt
BU19700601,0.39249999999999996,Woningmarkt_Eigendom,weighted_mean,Woningmarkt
BU19700602,0.393,Woningmarkt_Eigendom,weighted_mean,Woningmarkt
BU19700603,0.396,Woningmarkt_Eigendom,weighted_mean,Woningmarkt
BU19700604,0.40149999999999997,Woningmarkt_Eigendom,weighted_mean,Woningmarkt
BU19700605,0.40249999999999997,Woningmarkt_Eigendom,weighted_mean,Woningmarkt
BU19700608,0.40950000000000003,Woningmarkt_Eigendom,weighted_mean,Woningmarkt
BU19700609,0.40149999999999997,Woningmarkt_Eigendom,weighted_mean,Woningmarkt
WK197007,0.41350000000000003,Woningmarkt_Eigendom,weighted_mean,Woningmarkt
BU19700700,0.41400000000000003,Woningmarkt_Eigendom,weighted_mean,Woningmarkt
BU19700701,0.42700000000000005,Woningmarkt_Eigendom,weighted_mean,Woningmarkt
BU19700702,0.416,Woningmarkt_Eigendom,weighted_mean,Woningmarkt
BU19700703,0.415,Woningmarkt_Eigendom,weighted_mean,Woningmarkt
BU19700708,0.3945000000000001,Woningmarkt_Eigendom,weighted_mean,Woningmarkt
BU19700709,0.40700000000000003,Woningmarkt_Eigendom,weighted_mean,Woningmarkt
WK197008,0.41750000000000004,Woningmarkt_Eigendom,weighted_mean,Woningmarkt
BU19700800,0.42200000000000004,Woningmarkt_Eigendom,weighted_mean,Woningmarkt
BU19700801,0.42050000000000004,Woningmarkt_Eigendom,weighted_mean,Woningmarkt
BU19700802,0.42350000000000004,Woningmarkt_Eigendom,weighted_mean,Woningmarkt
BU19700803,0.399,Woningmarkt_Eigendom,weighted_mean,Woningmarkt
BU19700807,0.40850000000000003,Woningmarkt_Eigendom,weighted_mean,Woningmarkt
BU19700808,0.4035,Woningmarkt_Eigendom,weighted_mean,Woningmarkt
BU19700809,0.40299999999999997,Woningmarkt_Eigendom,weighted_mean,Woningmarkt
WK197009,0.41950000000000004,Woningmarkt_Eigendom,weighted_mean,Woningmarkt
BU19700900,0.42050000000000004,Woningmarkt_Eigendom,weighted_mean,Woningmarkt
BU19700909,0.40750000000000003,Woningmarkt_Eigendom,weighted_mean,Woningmarkt
WK197010,0.4125000000000001,Woningmarkt_Eigendom,weighted_mean,Woningmarkt
BU19701000,0.4145000000000001,Woningmarkt_Eigendom,weighted_mean,Woningmarkt
BU19701001,0.3965,Woningmarkt_Eigendom,weighted_mean,Woningmarkt
BU19701002,0.42,Woningmarkt_Eigendom,weighted_mean,Woningmarkt
BU19701003,0.40700000000000003,Woningmarkt_Eigendom,weighted_mean,Woningmarkt
BU19701004,0.4025,Woningmarkt_Eigendom,weighted_mean,Woningmarkt
BU19701005,0.4125,Woningmarkt_Eigendom,weighted_mean,Woningmarkt
BU19701006,0.40109999999999996,Woningmarkt_Eigendom,weighted_mean,Woningmarkt
BU19701008,0.401,Woningmarkt_Eigendom,weighted_mean,Woningmarkt
BU19701009,0.4115,Woningmarkt_Eigendom,weighted_mean,Woningmarkt
WK197011,0.42000000000000004,Woningmarkt_Eigendom,weighted_mean,Woningmarkt
BU19701100,0.42350000000000004,Woningmarkt_Eigendom,weighted_mean,Woningmarkt
BU19701109,0.397,Woningmarkt_Eigendom,weighted_mean,Woningmarkt
WK197012,0.41250000000000003,Woningmarkt_Eigendom,weighted_mean,Woningmarkt
BU19701200,0.41300000000000003,Woningmarkt_Eigendom,weighted_mean,Woningmarkt
BU19701201,0.387,Woningmarkt_Eigendom,weighted_mean,Woningmarkt
BU19701202,0.42150000000000004,Woningmarkt_Eigendom,weighted_mean,Woningmarkt
BU19701203,0.42500000000000004,Woningmarkt_Eigendom,weighted_mean,Woningmarkt
BU19701204,0.422,Woningmarkt_Eigendom,weighted_mean,Woningmarkt
BU19701206,0.4,Woningmarkt_Eigendom,weighted_mean,Woningmarkt
BU19701207,0.416,Woningmarkt_Eigendom,weighted_mean,Woningmarkt
BU19701208,0.4085000000000001,Woningmarkt_Eigendom,weighted_mean,Woningmarkt
BU19701209,0.405,Woningmarkt_Eigendom,weighted_mean,Woningmarkt
WK197013,0.4145000000000001,Woningmarkt_Eigendom,weighted_mean,Woningmarkt
BU19701300,0.4225000000000001,Woningmarkt_Eigendom,weighted_mean,Woningmarkt
BU19701301,0.412,Woningmarkt_Eigendom,weighted_mean,Woningmarkt
BU19701302,0.4075,Woningmarkt_Eigendom,weighted_mean,Woningmarkt
BU19701308,0.4145,Woningmarkt_Eigendom,weighted_mean,Woningmarkt
BU19701309,0.413,Woningmarkt_Eigendom,weighted_mean,Woningmarkt
WK197014,0.42350000000000004,Woningmarkt_Eigendom,weighted_mean,Woningmarkt
BU19701400,0.42200000000000004,Woningmarkt_Eigendom,weighted_mean,Woningmarkt
BU19701401,0.44499999999999995,Woningmarkt_Eigendom,weighted_mean,Woningmarkt
BU19701402,0.4105,Woningmarkt_Eigendom,weighted_mean,Woningmarkt
BU19701409,0.4005,Woningmarkt_Eigendom,weighted_mean,Woningmarkt
GM0085,0.42650000000000005,Woningmarkt_Eigendom,weighted_mean,Woningmarkt
WK008501,0.42850000000000005,Woningmarkt_Eigendom,weighted_mean,Woningmarkt
BU00850101,0.40149999999999997,Woningmarkt_Eigendom,weighted_mean,Woningmarkt
BU00850102,0.40299999999999997,Woningmarkt_Eigendom,weighted_mean,Woningmarkt
BU00850103,0.406,Woningmarkt_Eigendom,weighted_mean,Woningmarkt
BU00850104,0.48500000000000004,Woningmarkt_Eigendom,weighted_mean,Woningmarkt
BU00850105,0.49550000000000005,Woningmarkt_Eigendom,weighted_mean,Woningmarkt
BU00850106,0.36650000000000005,Woningmarkt_Eigendom,weighted_mean,Woningmarkt
BU00850107,0.4275,Woningmarkt_Eigendom,weighted_mean,Woningmarkt
BU00850108,0.40750000000000003,Woningmarkt_Eigendom,weighted_mean,Woningmarkt
BU00850109,0.4100000000000001,Woningmarkt_Eigendom,weighted_mean,Woningmarkt
BU00850110,0.3990000000000001,Woningmarkt_Eigendom,weighted_mean,Woningmarkt
BU00850111,0.412,Woningmarkt_Eigendom,weighted_mean,Woningmarkt
WK008502,0.41400000000000003,Woningmarkt_Eigendom,weighted_mean,Woningmarkt
BU00850201,0.394,Woningmarkt_Eigendom,weighted_mean,Woningmarkt
BU00850202,0.43650000000000005,Woningmarkt_Eigendom,weighted_mean,Woningmarkt
BU00850203,0.40449999999999997,Woningmarkt_Eigendom,weighted_mean,Woningmarkt
WK008503,0.41300000000000003,Woningmarkt_Eigendom,weighted_mean,Woningmarkt
BU00850301,0.4145,Woningmarkt_Eigendom,weighted_mean,Woningmarkt
BU00850302,0.4135,Woningmarkt_Eigendom,weighted_mean,Woningmarkt
WK008504,0.3995000000000001,Woningmarkt_Eigendom,weighted_mean,Woningmarkt
BU00850401,0.389,Woningmarkt_Eigendom,weighted_mean,Woningmarkt
BU00850402,0.404,Woningmarkt_Eigendom,weighted_mean,Woningmarkt
WK008505,0.40199999999999997,Woningmarkt_Eigendom,weighted_mean,Woningmarkt
BU00850501,0.39549999999999996,Woningmarkt_Eigendom,weighted_mean,Woningmarkt
BU00850502,0.406,Woningmarkt_Eigendom,weighted_mean,Woningmarkt
WK008506,0.42300000000000004,Woningmarkt_Eigendom,weighted_mean,Woningmarkt
BU00850601,0.4665000000000001,Woningmarkt_Eigendom,weighted_mean,Woningmarkt
BU00850602,0.42150000000000004,Woningmarkt_Eigendom,weighted_mean,Woningmarkt
BU00850603,0.42450000000000004,Woningmarkt_Eigendom,weighted_mean,Woningmarkt
BU00850604,0.39100000000000007,Woningmarkt_Eigendom,weighted_mean,Woningmarkt
BU00850605,0.386,Woningmarkt_Eigendom,weighted_mean,Woningmarkt
BU00850606,0.45400000000000007,Woningmarkt_Eigendom,weighted_mean,Woningmarkt
BU00850607,0.3964,Woningmarkt_Eigendom,weighted_mean,Woningmarkt
BU00850608,0.40650000000000003,Woningmarkt_Eigendom,weighted_mean,Woningmarkt
WK008507,0.399,Woningmarkt_Eigendom,weighted_mean,Woningmarkt
BU00850701,0.3985000000000001,Woningmarkt_Eigendom,weighted_mean,Woningmarkt
BU00850702,0.40299999999999997,Woningmarkt_Eigendom,weighted_mean,Woningmarkt
WK008508,0.4135,Woningmarkt_Eigendom,weighted_mean,Woningmarkt
BU00850801,0.41750000000000004,Woningmarkt_Eigendom,weighted_mean,Woningmarkt
BU00850802,0.40900000000000003,Woningmarkt_Eigendom,weighted_mean,Woningmarkt
WK008509,0.415,Woningmarkt_Eigendom,weighted_mean,Woningmarkt
BU00850901,0.4315,Woningmarkt_Eigendom,weighted_mean,Woningmarkt
BU00850902,0.4085,Woningmarkt_Eigendom,weighted_mean,Woningmarkt
WK008510,0.42000000000000004,Woningmarkt_Eigendom,weighted_mean,Woningmarkt
BU00851001,0.42700000000000005,Woningmarkt_Eigendom,weighted_mean,Woningmarkt
BU00851002,0.40549999999999997,Woningmarkt_Eigendom,weighted_mean,Woningmarkt
BU00851003,0.407,Woningmarkt_Eigendom,weighted_mean,Woningmarkt
WK008511,0.43500000000000005,Woningmarkt_Eigendom,weighted_mean,Woningmarkt
BU00851101,0.4,Woningmarkt_Eigendom,weighted_mean,Woningmarkt
BU00851102,0.39649999999999996,Woningmarkt_Eigendom,weighted_mean,Woningmarkt
BU00851103,0.4580000000000001,Woningmarkt_Eigendom,weighted_mean,Woningmarkt
BU00851104,0.48050000000000004,Woningmarkt_Eigendom,weighted_mean,Woningmarkt
BU00851105,0.4705,Woningmarkt_Eigendom,weighted_mean,Woningmarkt
BU00851106,0.41300000000000003,Woningmarkt_Eigendom,weighted_mean,Woningmarkt
BU00851107,0.43400000000000005,Woningmarkt_Eigendom,weighted_mean,Woningmarkt
BU00851108,0.521,Woningmarkt_Eigendom,weighted_mean,Woningmarkt
BU00851109,0.40900000000000003,Woningmarkt_Eigendom,weighted_mean,Woningmarkt
BU00851110,0.42200000000000004,Woningmarkt_Eigendom,weighted_mean,Woningmarkt
BU00851111,0.38000000000000006,Woningmarkt_Eigendom,weighted_mean,Woningmarkt
BU00851112,0.44000000000000006,Woningmarkt_Eigendom,weighted_mean,Woningmarkt
BU00851113,0.41850000000000004,Woningmarkt_Eigendom,weighted_mean,Woningmarkt
BU00851114,0.38900000000000007,Woningmarkt_Eigendom,weighted_mean,Woningmarkt
BU00851115,0.379,Woningmarkt_Eigendom,weighted_mean,Woningmarkt
BU00851116,0.55,Woningmarkt_Eigendom,weighted_mean,Woningmarkt
BU00851117,0.396,Woningmarkt_Eigendom,weighted_mean,Woningmarkt
BU00851118,0.4085,Woningmarkt_Eigendom,weighted_mean,Woningmarkt
WK008512,0.4155,Woningmarkt_Eigendom,weighted_mean,Woningmarkt
BU00851201,0.4205,Woningmarkt_Eigendom,weighted_mean,Woningmarkt
BU00851202,0.408,Woningmarkt_Eigendom,weighted_mean,Woningmarkt
WK008513,0.4085000000000001,Woningmarkt_Eigendom,weighted_mean,Woningmarkt
BU00851301,0.41050000000000003,Woningmarkt_Eigendom,weighted_mean,Woningmarkt
BU00851302,0.405,Woningmarkt_Eigendom,weighted_mean,Woningmarkt
GM0086,0.41700000000000004,Woningmarkt_Eigendom,weighted_mean,Woningmarkt
WK008601,0.4110000000000001,Woningmarkt_Eigendom,weighted_mean,Woningmarkt
BU00860101,0.396,Woningmarkt_Eigendom,weighted_mean,Woningmarkt
BU00860102,0.41600000000000004,Woningmarkt_Eigendom,weighted_mean,Woningmarkt
BU00860103,0.4095,Woningmarkt_Eigendom,weighted_mean,Woningmarkt
WK008602,0.4110000000000001,Woningmarkt_Eigendom,weighted_mean,Woningmarkt
BU00860201,0.37700000000000006,Woningmarkt_Eigendom,weighted_mean,Woningmarkt
BU00860202,0.41900000000000004,Woningmarkt_Eigendom,weighted_mean,Woningmarkt
BU00860203,0.42850000000000005,Woningmarkt_Eigendom,weighted_mean,Woningmarkt
BU00860204,0.4,Woningmarkt_Eigendom,weighted_mean,Woningmarkt
BU00860205,0.38000000000000006,Woningmarkt_Eigendom,weighted_mean,Woningmarkt
BU00860206,0.41050000000000003,Woningmarkt_Eigendom,weighted_mean,Woningmarkt
BU00860207,0.389,Woningmarkt_Eigendom,weighted_mean,Woningmarkt
BU00860208,0.391,Woningmarkt_Eigendom,weighted_mean,Woningmarkt
BU00860209,0.417,Woningmarkt_Eigendom,weighted_mean,Woningmarkt
WK008604,0.402,Woningmarkt_Eigendom,weighted_mean,Woningmarkt
BU00860401,0.4030000000000001,Woningmarkt_Eigendom,weighted_mean,Woningmarkt
BU00860402,0.40299999999999997,Woningmarkt_Eigendom,weighted_mean,Woningmarkt
WK008605,0.42350000000000004,Woningmarkt_Eigendom,weighted_mean,Woningmarkt
BU00860501,0.42650000000000005,Woningmarkt_Eigendom,weighted_mean,Woningmarkt
BU00860502,0.4015,Woningmarkt_Eigendom,weighted_mean,Woningmarkt
BU00860503,0.41800000000000004,Woningmarkt_Eigendom,weighted_mean,Woningmarkt
BU00860504,0.386,Woningmarkt_Eigendom,weighted_mean,Woningmarkt
BU00860505,0.38300000000000006,Woningmarkt_Eigendom,weighted_mean,Woningmarkt
BU00860506,0.4615000000000001,Woningmarkt_Eigendom,weighted_mean,Woningmarkt
BU00860507,0.4345000000000001,Woningmarkt_Eigendom,weighted_mean,Woningmarkt
BU00860508,0.39849999999999997,Woningmarkt_Eigendom,weighted_mean,Woningmarkt
WK008606,0.41600000000000004,Woningmarkt_Eigendom,weighted_mean,Woningmarkt
BU00860601,0.4155,Woningmarkt_Eigendom,weighted_mean,Woningmarkt
BU00860602,0.415,Woningmarkt_Eigendom,weighted_mean,Woningmarkt
WK008607,0.39699999999999996,Woningmarkt_Eigendom,weighted_mean,Woningmarkt
BU00860701,0.39,Woningmarkt_Eigendom,weighted_mean,Woningmarkt
BU00860702,0.405,Woningmarkt_Eigendom,weighted_mean,Woningmarkt
WK008608,0.4145,Woningmarkt_Eigendom,weighted_mean,Woningmarkt
BU00860801,0.41650000000000004,Woningmarkt_Eigendom,weighted_mean,Woningmarkt
BU00860802,0.41050000000000003,Woningmarkt_Eigendom,weighted_mean,Woningmarkt
WK008609,0.4145000000000001,Woningmarkt_Eigendom,weighted_mean,Woningmarkt
BU00860901,0.42050000000000004,Woningmarkt_Eigendom,weighted_mean,Woningmarkt
BU00860902,0.403,Woningmarkt_Eigendom,weighted_mean,Woningmarkt
WK008610,0.41200000000000003,Woningmarkt_Eigendom,weighted_mean,Woningmarkt
BU00861001,0.4145,Woningmarkt_Eigendom,weighted_mean,Woningmarkt
BU00861002,0.40399999999999997,Woningmarkt_Eigendom,weighted_mean,Woningmarkt
WK008611,0.42100000000000004,Woningmarkt_Eigendom,weighted_mean,Woningmarkt
BU00861101,0.41800000000000004,Woningmarkt_Eigendom,weighted_mean,Woningmarkt
BU00861102,0.42950000000000005,Woningmarkt_Eigendom,weighted_mean,Woningmarkt
WK008613,0.40950000000000003,Woningmarkt_Eigendom,weighted_mean,Woningmarkt
BU00861301,0.4025,Woningmarkt_Eigendom,weighted_mean,Woningmarkt
BU00861302,0.41450000000000004,Woningmarkt_Eigendom,weighted_mean,Woningmarkt
WK008614,0.41500000000000004,Woningmarkt_Eigendom,weighted_mean,Woningmarkt
BU00861401,0.4220000000000001,Woningmarkt_Eigendom,weighted_mean,Woningmarkt
BU00861402,0.4035,Woningmarkt_Eigendom,weighted_mean,Woningmarkt
WK008615,0.4165,Woningmarkt_Eigendom,weighted_mean,Woningmarkt
BU00861501,0.4220000000000001,Woningmarkt_Eigendom,weighted_mean,Woningmarkt
BU00861502,0.4125,Woningmarkt_Eigendom,weighted_mean,Woningmarkt
WK008616,0.41800000000000004,Woningmarkt_Eigendom,weighted_mean,Woningmarkt
BU00861601,0.43600000000000005,Woningmarkt_Eigendom,weighted_mean,Woningmarkt
BU00861602,0.42000000000000004,Woningmarkt_Eigendom,weighted_mean,Woningmarkt
BU00861603,0.41200000000000003,Woningmarkt_Eigendom,weighted_mean,Woningmarkt
BU00861604,0.4590000000000001,Woningmarkt_Eigendom,weighted_mean,Woningmarkt
BU00861605,0.392,Woningmarkt_Eigendom,weighted_mean,Woningmarkt
BU00861606,0.39790000000000003,Woningmarkt_Eigendom,weighted_mean,Woningmarkt
BU00861607,0.41350000000000003,Woningmarkt_Eigendom,weighted_mean,Woningmarkt
WK008617,0.41800000000000004,Woningmarkt_Eigendom,weighted_mean,Woningmarkt
BU00861701,0.43450000000000005,Woningmarkt_Eigendom,weighted_mean,Woningmarkt
BU00861702,0.4275,Woningmarkt_Eigendom,weighted_mean,Woningmarkt
BU00861703,0.3985000000000001,Woningmarkt_Eigendom,weighted_mean,Woningmarkt
GM0088,0.42200000000000004,Woningmarkt_Eigendom,weighted_mean,Woningmarkt
WK008800,0.42200000000000004,Woningmarkt_Eigendom,weighted_mean,Woningmarkt
BU00880000,0.42050000000000004,Woningmarkt_Eigendom,weighted_mean,Woningmarkt
BU00880009,0.4015000000000001,Woningmarkt_Eigendom,weighted_mean,Woningmarkt
GM0090,0.41950000000000004,Woningmarkt_Eigendom,weighted_mean,Woningmarkt
WK009001,0.389,Woningmarkt_Eigendom,weighted_mean,Woningmarkt
BU00900101,0.389,Woningmarkt_Eigendom,weighted_mean,Woningmarkt
WK009002,0.43600000000000005,Woningmarkt_Eigendom,weighted_mean,Woningmarkt
BU00900201,0.39050000000000007,Woningmarkt_Eigendom,weighted_mean,Woningmarkt
BU00900202,0.48950000000000005,Woningmarkt_Eigendom,weighted_mean,Woningmarkt
BU00900203,0.43300000000000005,Woningmarkt_Eigendom,weighted_mean,Woningmarkt
BU00900204,0.4650000000000001,Woningmarkt_Eigendom,weighted_mean,Woningmarkt
BU00900205,0.45400000000000007,Woningmarkt_Eigendom,weighted_mean,Woningmarkt
BU00900206,0.35650000000000004,Woningmarkt_Eigendom,weighted_mean,Woningmarkt
WK009003,0.37900000000000006,Woningmarkt_Eigendom,weighted_mean,Woningmarkt
BU00900301,0.3735,Woningmarkt_Eigendom,weighted_mean,Woningmarkt
BU00900302,0.38700000000000007,Woningmarkt_Eigendom,weighted_mean,Woningmarkt
BU00900303,0.36050000000000004,Woningmarkt_Eigendom,weighted_mean,Woningmarkt
BU00900304,0.3915,Woningmarkt_Eigendom,weighted_mean,Woningmarkt
WK009004,0.3995,Woningmarkt_Eigendom,weighted_mean,Woningmarkt
BU00900401,0.38950000000000007,Woningmarkt_Eigendom,weighted_mean,Woningmarkt
BU00900402,0.42500000000000004,Woningmarkt_Eigendom,weighted_mean,Woningmarkt
BU00900403,0.393,Woningmarkt_Eigendom,weighted_mean,Woningmarkt
BU00900404,0.38500000000000006,Woningmarkt_Eigendom,weighted_mean,Woningmarkt
BU00900405,0.361,Woningmarkt_Eigendom,weighted_mean,Woningmarkt
BU00900406,0.42550000000000004,Woningmarkt_Eigendom,weighted_mean,Woningmarkt
WK009005,0.381,Woningmarkt_Eigendom,weighted_mean,Woningmarkt
BU00900501,0.38400000000000006,Woningmarkt_Eigendom,weighted_mean,Woningmarkt
BU00900502,0.371,Woningmarkt_Eigendom,weighted_mean,Woningmarkt
WK009006,0.41500000000000004,Woningmarkt_Eigendom,weighted_mean,Woningmarkt
BU00900601,0.35950000000000004,Woningmarkt_Eigendom,weighted_mean,Woningmarkt
BU00900602,0.4610000000000001,Woningmarkt_Eigendom,weighted_mean,Woningmarkt
BU00900603,0.36250000000000004,Woningmarkt_Eigendom,weighted_mean,Woningmarkt
WK009007,0.3955000000000001,Woningmarkt_Eigendom,weighted_mean,Woningmarkt
BU00900701,0.393,Woningmarkt_Eigendom,weighted_mean,Woningmarkt
BU00900702,0.38150000000000006,Woningmarkt_Eigendom,weighted_mean,Woningmarkt
BU00900703,0.401,Woningmarkt_Eigendom,weighted_mean,Woningmarkt
BU00900704,0.37700000000000006,Woningmarkt_Eigendom,weighted_mean,Woningmarkt
BU00900705,0.4035,Woningmarkt_Eigendom,weighted_mean,Woningmarkt
BU00900706,0.43250000000000005,Woningmarkt_Eigendom,weighted_mean,Woningmarkt
WK009008,0.44250000000000006,Woningmarkt_Eigendom,weighted_mean,Woningmarkt
BU00900801,0.45200000000000007,Woningmarkt_Eigendom,weighted_mean,Woningmarkt
BU00900802,0.4525,Woningmarkt_Eigendom,weighted_mean,Woningmarkt
BU00900803,0.401,Woningmarkt_Eigendom,weighted_mean,Woningmarkt
WK009009,0.45100000000000007,Woningmarkt_Eigendom,weighted_mean,Woningmarkt
BU00900901,0.41250000000000003,Woningmarkt_Eigendom,weighted_mean,Woningmarkt
BU00900902,0.4645,Woningmarkt_Eigendom,weighted_mean,Woningmarkt
BU00900903,0.48750000000000004,Woningmarkt_Eigendom,weighted_mean,Woningmarkt
BU00900904,0.42850000000000005,Woningmarkt_Eigendom,weighted_mean,Woningmarkt
WK009010,0.47100000000000003,Woningmarkt_Eigendom,weighted_mean,Woningmarkt
BU00901001,0.4645,Woningmarkt_Eigendom,weighted_mean,Woningmarkt
BU00901002,0.43250000000000005,Woningmarkt_Eigendom,weighted_mean,Woningmarkt
BU00901003,0.45150000000000007,Woningmarkt_Eigendom,weighted_mean,Woningmarkt
BU00901004,0.5045000000000001,Woningmarkt_Eigendom,weighted_mean,Woningmarkt
WK009011,0.404,Woningmarkt_Eigendom,weighted_mean,Woningmarkt
BU00901101,0.404,Woningmarkt_Eigendom,weighted_mean,Woningmarkt
WK009012,0.3965000000000001,Woningmarkt_Eigendom,weighted_mean,Woningmarkt
BU00901201,0.40020000000000006,Woningmarkt_Eigendom,weighted_mean,Woningmarkt
BU00901202,0.39749999999999996,Woningmarkt_Eigendom,weighted_mean,Woningmarkt
WK009013,0.40700000000000003,Woningmarkt_Eigendom,weighted_mean,Woningmarkt
BU00901301,0.4755,Woningmarkt_Eigendom,weighted_mean,Woningmarkt
BU00901302,0.39200000000000007,Woningmarkt_Eigendom,weighted_mean,Woningmarkt
BU00901303,0.3880000000000001,Woningmarkt_Eigendom,weighted_mean,Woningmarkt
WK009021,0.42000000000000004,Woningmarkt_Eigendom,weighted_mean,Woningmarkt
BU00902104,0.42900000000000005,Woningmarkt_Eigendom,weighted_mean,Woningmarkt
BU00902105,0.401,Woningmarkt_Eigendom,weighted_mean,Woningmarkt
BU00902109,0.41400000000000003,Woningmarkt_Eigendom,weighted_mean,Woningmarkt
BU00902110,0.4205000000000001,Woningmarkt_Eigendom,weighted_mean,Woningmarkt
BU00902114,0.414,Woningmarkt_Eigendom,weighted_mean,Woningmarkt
WK009022,0.41700000000000004,Woningmarkt_Eigendom,weighted_mean,Woningmarkt
BU00902201,0.402,Woningmarkt_Eigendom,weighted_mean,Woningmarkt
BU00902202,0.40049999999999997,Woningmarkt_Eigendom,weighted_mean,Woningmarkt
BU00902203,0.39,Woningmarkt_Eigendom,weighted_mean,Woningmarkt
BU00902206,0.4295,Woningmarkt_Eigendom,weighted_mean,Woningmarkt
BU00902212,0.405,Woningmarkt_Eigendom,weighted_mean,Woningmarkt
BU00902213,0.412,Woningmarkt_Eigendom,weighted_mean,Woningmarkt
BU00902215,0.40800000000000003,Woningmarkt_Eigendom,weighted_mean,Woningmarkt
BU00902216,0.3975000000000001,Woningmarkt_Eigendom,weighted_mean,Woningmarkt
WK009023,0.42600000000000005,Woningmarkt_Eigendom,weighted_mean,Woningmarkt
BU00902307,0.4195,Woningmarkt_Eigendom,weighted_mean,Woningmarkt
BU00902308,0.4365,Woningmarkt_Eigendom,weighted_mean,Woningmarkt
BU00902311,0.42700000000000005,Woningmarkt_Eigendom,weighted_mean,Woningmarkt
GM1900,0.41450000000000004,Woningmarkt_Eigendom,weighted_mean,Woningmarkt
WK190000,0.41750000000000004,Woningmarkt_Eigendom,weighted_mean,Woningmarkt
BU19000000,0.4105,Woningmarkt_Eigendom,weighted_mean,Woningmarkt
BU19000001,0.47350000000000003,Woningmarkt_Eigendom,weighted_mean,Woningmarkt
BU19000002,0.41200000000000003,Woningmarkt_Eigendom,weighted_mean,Woningmarkt
BU19000003,0.36250000000000004,Woningmarkt_Eigendom,weighted_mean,Woningmarkt
BU19000004,0.4000000000000001,Woningmarkt_Eigendom,weighted_mean,Woningmarkt
BU19000009,0.37750000000000006,Woningmarkt_Eigendom,weighted_mean,Woningmarkt
WK190001,0.41500000000000004,Woningmarkt_Eigendom,weighted_mean,Woningmarkt
BU19000101,0.4050000000000001,Woningmarkt_Eigendom,weighted_mean,Woningmarkt
BU19000102,0.3805,Woningmarkt_Eigendom,weighted_mean,Woningmarkt
BU19000103,0.38050000000000006,Woningmarkt_Eigendom,weighted_mean,Woningmarkt
BU19000104,0.43050000000000005,Woningmarkt_Eigendom,weighted_mean,Woningmarkt
BU19000105,0.47050000000000003,Woningmarkt_Eigendom,weighted_mean,Woningmarkt
BU19000106,0.4015,Woningmarkt_Eigendom,weighted_mean,Woningmarkt
BU19000107,0.3755,Woningmarkt_Eigendom,weighted_mean,Woningmarkt
BU19000108,0.37300000000000005,Woningmarkt_Eigendom,weighted_mean,Woningmarkt
BU19000109,0.41850000000000004,Woningmarkt_Eigendom,weighted_mean,Woningmarkt
BU19000110,0.4260000000000001,Woningmarkt_Eigendom,weighted_mean,Woningmarkt
BU19000111,0.3645000000000001,Woningmarkt_Eigendom,weighted_mean,Woningmarkt
BU19000112,0.45800000000000013,Woningmarkt_Eigendom,weighted_mean,Woningmarkt
BU19000113,0.40149999999999997,Woningmarkt_Eigendom,weighted_mean,Woningmarkt
BU19000114,0.43300000000000005,Woningmarkt_Eigendom,weighted_mean,Woningmarkt
BU19000115,0.458,Woningmarkt_Eigendom,weighted_mean,Woningmarkt
BU19000116,0.43800000000000006,Woningmarkt_Eigendom,weighted_mean,Woningmarkt
BU19000117,0.3785,Woningmarkt_Eigendom,weighted_mean,Woningmarkt
BU19000118,0.4075,Woningmarkt_Eigendom,weighted_mean,Woningmarkt
BU19000119,0.369,Woningmarkt_Eigendom,weighted_mean,Woningmarkt
BU19000120,0.397,Woningmarkt_Eigendom,weighted_mean,Woningmarkt
WK190002,0.41600000000000004,Woningmarkt_Eigendom,weighted_mean,Woningmarkt
BU19000200,0.41650000000000004,Woningmarkt_Eigendom,weighted_mean,Woningmarkt
BU19000201,0.40359999999999996,Woningmarkt_Eigendom,weighted_mean,Woningmarkt
BU19000202,0.4235,Woningmarkt_Eigendom,weighted_mean,Woningmarkt
BU19000208,0.405,Woningmarkt_Eigendom,weighted_mean,Woningmarkt
BU19000209,0.425,Woningmarkt_Eigendom,weighted_mean,Woningmarkt
WK190003,0.42650000000000005,Woningmarkt_Eigendom,weighted_mean,Woningmarkt
BU19000300,0.43100000000000005,Woningmarkt_Eigendom,weighted_mean,Woningmarkt
BU19000301,0.41150000000000003,Woningmarkt_Eigendom,weighted_mean,Woningmarkt
BU19000302,0.418,Woningmarkt_Eigendom,weighted_mean,Woningmarkt
BU19000308,0.417,Woningmarkt_Eigendom,weighted_mean,Woningmarkt
BU19000309,0.3985,Woningmarkt_Eigendom,weighted_mean,Woningmarkt
WK190004,0.41650000000000004,Woningmarkt_Eigendom,weighted_mean,Woningmarkt
BU19000400,0.41600000000000004,Woningmarkt_Eigendom,weighted_mean,Woningmarkt
BU19000401,0.41200000000000003,Woningmarkt_Eigendom,weighted_mean,Woningmarkt
BU19000402,0.4095,Woningmarkt_Eigendom,weighted_mean,Woningmarkt
BU19000403,0.42100000000000004,Woningmarkt_Eigendom,weighted_mean,Woningmarkt
BU19000408,0.40900000000000003,Woningmarkt_Eigendom,weighted_mean,Woningmarkt
BU19000409,0.393,Woningmarkt_Eigendom,weighted_mean,Woningmarkt
WK190005,0.41350000000000003,Woningmarkt_Eigendom,weighted_mean,Woningmarkt
BU19000500,0.37100000000000005,Woningmarkt_Eigendom,weighted_mean,Woningmarkt
BU19000501,0.44800000000000006,Woningmarkt_Eigendom,weighted_mean,Woningmarkt
BU19000502,0.387,Woningmarkt_Eigendom,weighted_mean,Woningmarkt
BU19000503,0.3915,Woningmarkt_Eigendom,weighted_mean,Woningmarkt
WK190006,0.41000000000000003,Woningmarkt_Eigendom,weighted_mean,Woningmarkt
BU19000600,0.41150000000000003,Woningmarkt_Eigendom,weighted_mean,Woningmarkt
BU19000602,0.41150000000000003,Woningmarkt_Eigendom,weighted_mean,Woningmarkt
BU19000603,0.42050000000000004,Woningmarkt_Eigendom,weighted_mean,Woningmarkt
BU19000607,0.4,Woningmarkt_Eigendom,weighted_mean,Woningmarkt
BU19000608,0.4027,Woningmarkt_Eigendom,weighted_mean,Woningmarkt
BU19000609,0.4064,Woningmarkt_Eigendom,weighted_mean,Woningmarkt
WK190007,0.4035,Woningmarkt_Eigendom,weighted_mean,Woningmarkt
BU19000700,0.4075000000000001,Woningmarkt_Eigendom,weighted_mean,Woningmarkt
BU19000701,0.383,Woningmarkt_Eigendom,weighted_mean,Woningmarkt
BU19000702,0.3975,Woningmarkt_Eigendom,weighted_mean,Woningmarkt
BU19000706,0.4,Woningmarkt_Eigendom,weighted_mean,Woningmarkt
BU19000707,0.392,Woningmarkt_Eigendom,weighted_mean,Woningmarkt
BU19000708,0.4002,Woningmarkt_Eigendom,weighted_mean,Woningmarkt
WK190008,0.4050000000000001,Woningmarkt_Eigendom,weighted_mean,Woningmarkt
BU19000800,0.4100000000000001,Woningmarkt_Eigendom,weighted_mean,Woningmarkt
BU19000801,0.39450000000000013,Woningmarkt_Eigendom,weighted_mean,Woningmarkt
BU19000802,0.40359999999999996,Woningmarkt_Eigendom,weighted_mean,Woningmarkt
BU19000804,0.4015,Woningmarkt_Eigendom,weighted_mean,Woningmarkt
BU19000808,0.39050000000000007,Woningmarkt_Eigendom,weighted_mean,Woningmarkt
BU19000809,0.38650000000000007,Woningmarkt_Eigendom,weighted_mean,Woningmarkt
WK190009,0.4095000000000001,Woningmarkt_Eigendom,weighted_mean,Woningmarkt
BU19000900,0.40900000000000003,Woningmarkt_Eigendom,weighted_mean,Woningmarkt
BU19000901,0.42750000000000005,Woningmarkt_Eigendom,weighted_mean,Woningmarkt
BU19000902,0.3985,Woningmarkt_Eigendom,weighted_mean,Woningmarkt
BU19000903,0.39099999999999996,Woningmarkt_Eigendom,weighted_mean,Woningmarkt
BU19000904,0.395,Woningmarkt_Eigendom,weighted_mean,Woningmarkt
BU19000905,0.39849999999999997,Woningmarkt_Eigendom,weighted_mean,Woningmarkt
BU19000906,0.40359999999999996,Woningmarkt_Eigendom,weighted_mean,Woningmarkt
BU19000907,0.3915,Woningmarkt_Eigendom,weighted_mean,Woningmarkt
BU19000908,0.4035000000000001,Woningmarkt_Eigendom,weighted_mean,Woningmarkt
BU19000909,0.4035,Woningmarkt_Eigendom,weighted_mean,Woningmarkt
WK190010,0.405,Woningmarkt_Eigendom,weighted_mean,Woningmarkt
BU19001000,0.37500000000000006,Woningmarkt_Eigendom,weighted_mean,Woningmarkt
BU19001001,0.41150000000000003,Woningmarkt_Eigendom,weighted_mean,Woningmarkt
BU19001002,0.3975,Woningmarkt_Eigendom,weighted_mean,Woningmarkt
BU19001003,0.4002,Woningmarkt_Eigendom,weighted_mean,Woningmarkt
BU19001007,0.391,Woningmarkt_Eigendom,weighted_mean,Woningmarkt
BU19001008,0.4025,Woningmarkt_Eigendom,weighted_mean,Woningmarkt
WK190011,0.41500000000000004,Woningmarkt_Eigendom,weighted_mean,Woningmarkt
BU19001100,0.4225,Woningmarkt_Eigendom,weighted_mean,Woningmarkt
BU19001101,0.391,Woningmarkt_Eigendom,weighted_mean,Woningmarkt
BU19001108,0.4077,Woningmarkt_Eigendom,weighted_mean,Woningmarkt
BU19001109,0.40359999999999996,Woningmarkt_Eigendom,weighted_mean,Woningmarkt
WK190012,0.4030000000000001,Woningmarkt_Eigendom,weighted_mean,Woningmarkt
BU19001200,0.4015000000000001,Woningmarkt_Eigendom,weighted_mean,Woningmarkt
BU19001201,0.4025,Woningmarkt_Eigendom,weighted_mean,Woningmarkt
BU19001202,0.4086,Woningmarkt_Eigendom,weighted_mean,Woningmarkt
BU19001203,0.4002,Woningmarkt_Eigendom,weighted_mean,Woningmarkt
BU19001204,0.412,Woningmarkt_Eigendom,weighted_mean,Woningmarkt
BU19001208,0.3989,Woningmarkt_Eigendom,weighted_mean,Woningmarkt
BU19001209,0.4145,Woningmarkt_Eigendom,weighted_mean,Woningmarkt
WK190013,0.41200000000000003,Woningmarkt_Eigendom,weighted_mean,Woningmarkt
BU19001300,0.42350000000000004,Woningmarkt_Eigendom,weighted_mean,Woningmarkt
BU19001301,0.394,Woningmarkt_Eigendom,weighted_mean,Woningmarkt
BU19001302,0.40800000000000003,Woningmarkt_Eigendom,weighted_mean,Woningmarkt
BU19001303,0.402,Woningmarkt_Eigendom,weighted_mean,Woningmarkt
BU19001306,0.40149999999999997,Woningmarkt_Eigendom,weighted_mean,Woningmarkt
BU19001307,0.4035,Woningmarkt_Eigendom,weighted_mean,Woningmarkt
BU19001308,0.4,Woningmarkt_Eigendom,weighted_mean,Woningmarkt
BU19001309,0.41100000000000003,Woningmarkt_Eigendom,weighted_mean,Woningmarkt
WK190014,0.39549999999999996,Woningmarkt_Eigendom,weighted_mean,Woningmarkt
BU19001400,0.3995,Woningmarkt_Eigendom,weighted_mean,Woningmarkt
BU19001401,0.3965000000000001,Woningmarkt_Eigendom,weighted_mean,Woningmarkt
BU19001402,0.393,Woningmarkt_Eigendom,weighted_mean,Woningmarkt
BU19001403,0.391,Woningmarkt_Eigendom,weighted_mean,Woningmarkt
BU19001404,0.38249999999999995,Woningmarkt_Eigendom,weighted_mean,Woningmarkt
BU19001405,0.39449999999999996,Woningmarkt_Eigendom,weighted_mean,Woningmarkt
BU19001406,0.39049999999999996,Woningmarkt_Eigendom,weighted_mean,Woningmarkt
BU19001407,0.39999999999999997,Woningmarkt_Eigendom,weighted_mean,Woningmarkt
BU19001408,0.4175,Woningmarkt_Eigendom,weighted_mean,Woningmarkt
BU19001409,0.408,Woningmarkt_Eigendom,weighted_mean,Woningmarkt
WK190015,0.39849999999999997,Woningmarkt_Eigendom,weighted_mean,Woningmarkt
BU19001500,0.406,Woningmarkt_Eigendom,weighted_mean,Woningmarkt
BU19001501,0.398,Woningmarkt_Eigendom,weighted_mean,Woningmarkt
BU19001502,0.404,Woningmarkt_Eigendom,weighted_mean,Woningmarkt
BU19001503,0.40149999999999997,Woningmarkt_Eigendom,weighted_mean,Woningmarkt
BU19001509,0.377,Woningmarkt_Eigendom,weighted_mean,Woningmarkt
WK190016,0.3985000000000001,Woningmarkt_Eigendom,weighted_mean,Woningmarkt
BU19001600,0.39449999999999996,Woningmarkt_Eigendom,weighted_mean,Woningmarkt
BU19001601,0.40399999999999997,Woningmarkt_Eigendom,weighted_mean,Woningmarkt
BU19001602,0.3945000000000001,Woningmarkt_Eigendom,weighted_mean,Woningmarkt
BU19001603,0.39149999999999996,Woningmarkt_Eigendom,weighted_mean,Woningmarkt
BU19001604,0.4070000000000001,Woningmarkt_Eigendom,weighted_mean,Woningmarkt
BU19001606,0.3975,Woningmarkt_Eigendom,weighted_mean,Woningmarkt
BU19001607,0.4075,Woningmarkt_Eigendom,weighted_mean,Woningmarkt
BU19001608,0.40700000000000003,Woningmarkt_Eigendom,weighted_mean,Woningmarkt
WK190017,0.41650000000000004,Woningmarkt_Eigendom,weighted_mean,Woningmarkt
BU19001700,0.41950000000000004,Woningmarkt_Eigendom,weighted_mean,Woningmarkt
BU19001709,0.40599999999999997,Woningmarkt_Eigendom,weighted_mean,Woningmarkt
WK190018,0.39849999999999997,Woningmarkt_Eigendom,weighted_mean,Woningmarkt
BU19001800,0.4,Woningmarkt_Eigendom,weighted_mean,Woningmarkt
BU19001801,0.4005,Woningmarkt_Eigendom,weighted_mean,Woningmarkt
BU19001802,0.40499999999999997,Woningmarkt_Eigendom,weighted_mean,Woningmarkt
BU19001803,0.39849999999999997,Woningmarkt_Eigendom,weighted_mean,Woningmarkt
BU19001804,0.392,Woningmarkt_Eigendom,weighted_mean,Woningmarkt
BU19001808,0.41600000000000004,Woningmarkt_Eigendom,weighted_mean,Woningmarkt
BU19001809,0.4064,Woningmarkt_Eigendom,weighted_mean,Woningmarkt
WK190019,0.406,Woningmarkt_Eigendom,weighted_mean,Woningmarkt
BU19001900,0.4035,Woningmarkt_Eigendom,weighted_mean,Woningmarkt
BU19001901,0.393,Woningmarkt_Eigendom,weighted_mean,Woningmarkt
BU19001902,0.4075000000000001,Woningmarkt_Eigendom,weighted_mean,Woningmarkt
BU19001903,0.41400000000000003,Woningmarkt_Eigendom,weighted_mean,Woningmarkt
BU19001904,0.39799999999999996,Woningmarkt_Eigendom,weighted_mean,Woningmarkt
WK190020,0.4115000000000001,Woningmarkt_Eigendom,weighted_mean,Woningmarkt
BU19002001,0.42550000000000004,Woningmarkt_Eigendom,weighted_mean,Woningmarkt
BU19002002,0.406,Woningmarkt_Eigendom,weighted_mean,Woningmarkt
BU19002003,0.409,Woningmarkt_Eigendom,weighted_mean,Woningmarkt
BU19002004,0.39250000000000007,Woningmarkt_Eigendom,weighted_mean,Woningmarkt
BU19002005,0.386,Woningmarkt_Eigendom,weighted_mean,Woningmarkt
BU19002006,0.41000000000000003,Woningmarkt_Eigendom,weighted_mean,Woningmarkt
BU19002007,0.39649999999999996,Woningmarkt_Eigendom,weighted_mean,Woningmarkt
BU19002008,0.399,Woningmarkt_Eigendom,weighted_mean,Woningmarkt
BU19002009,0.3865,Woningmarkt_Eigendom,weighted_mean,Woningmarkt
BU19002010,0.404,Woningmarkt_Eigendom,weighted_mean,Woningmarkt
BU19002011,0.414,Woningmarkt_Eigendom,weighted_mean,Woningmarkt
BU19002012,0.3955000000000001,Woningmarkt_Eigendom,weighted_mean,Woningmarkt
BU19002013,0.40299999999999997,Woningmarkt_Eigendom,weighted_mean,Woningmarkt
BU19002014,0.409,Woningmarkt_Eigendom,weighted_mean,Woningmarkt
BU19002015,0.39949999999999997,Woningmarkt_Eigendom,weighted_mean,Woningmarkt
BU19002016,0.4065000000000001,Woningmarkt_Eigendom,weighted_mean,Woningmarkt
BU19002017,0.4085000000000001,Woningmarkt_Eigendom,weighted_mean,Woningmarkt
BU19002018,0.4075000000000001,Woningmarkt_Eigendom,weighted_mean,Woningmarkt
BU19002019,0.39949999999999997,Woningmarkt_Eigendom,weighted_mean,Woningmarkt
GM0093,0.41000000000000003,Woningmarkt_Eigendom,weighted_mean,Woningmarkt
WK009300,0.41500000000000004,Woningmarkt_Eigendom,weighted_mean,Woningmarkt
BU00930000,0.41650000000000004,Woningmarkt_Eigendom,weighted_mean,Woningmarkt
BU00930002,0.37100000000000005,Woningmarkt_Eigendom,weighted_mean,Woningmarkt
WK009301,0.41800000000000004,Woningmarkt_Eigendom,weighted_mean,Woningmarkt
BU00930110,0.42800000000000005,Woningmarkt_Eigendom,weighted_mean,Woningmarkt
BU00930111,0.389,Woningmarkt_Eigendom,weighted_mean,Woningmarkt
BU00930112,0.4077,Woningmarkt_Eigendom,weighted_mean,Woningmarkt
WK009302,0.3735000000000001,Woningmarkt_Eigendom,weighted_mean,Woningmarkt
BU00930213,0.3700000000000001,Woningmarkt_Eigendom,weighted_mean,Woningmarkt
BU00930214,0.381,Woningmarkt_Eigendom,weighted_mean,Woningmarkt
BU00930215,0.40149999999999997,Woningmarkt_Eigendom,weighted_mean,Woningmarkt
WK009303,0.39050000000000007,Woningmarkt_Eigendom,weighted_mean,Woningmarkt
BU00930316,0.38450000000000006,Woningmarkt_Eigendom,weighted_mean,Woningmarkt
BU00930317,0.40149999999999997,Woningmarkt_Eigendom,weighted_mean,Woningmarkt
WK009304,0.3995000000000001,Woningmarkt_Eigendom,weighted_mean,Woningmarkt
BU00930418,0.40370000000000006,Woningmarkt_Eigendom,weighted_mean,Woningmarkt
BU00930419,0.4005000000000001,Woningmarkt_Eigendom,weighted_mean,Woningmarkt
BU00930420,0.396,Woningmarkt_Eigendom,weighted_mean,Woningmarkt
WK009305,0.375,Woningmarkt_Eigendom,weighted_mean,Woningmarkt
BU00930521,0.381,Woningmarkt_Eigendom,weighted_mean,Woningmarkt
BU00930522,0.40149999999999997,Woningmarkt_Eigendom,weighted_mean,Woningmarkt
BU00930523,0.3977,Woningmarkt_Eigendom,weighted_mean,Woningmarkt
GM0737,0.4100000000000001,Woningmarkt_Eigendom,weighted_mean,Woningmarkt
WK073700,0.41350000000000003,Woningmarkt_Eigendom,weighted_mean,Woningmarkt
BU07370000,0.41400000000000003,Woningmarkt_Eigendom,weighted_mean,Woningmarkt
BU07370009,0.4075,Woningmarkt_Eigendom,weighted_mean,Woningmarkt
WK073701,0.41250000000000003,Woningmarkt_Eigendom,weighted_mean,Woningmarkt
BU07370100,0.4195000000000001,Woningmarkt_Eigendom,weighted_mean,Woningmarkt
BU07370101,0.41300000000000003,Woningmarkt_Eigendom,weighted_mean,Woningmarkt
BU07370102,0.4015000000000001,Woningmarkt_Eigendom,weighted_mean,Woningmarkt
BU07370108,0.413,Woningmarkt_Eigendom,weighted_mean,Woningmarkt
BU07370109,0.40700000000000003,Woningmarkt_Eigendom,weighted_mean,Woningmarkt
WK073702,0.4130000000000001,Woningmarkt_Eigendom,weighted_mean,Woningmarkt
BU07370200,0.4265,Woningmarkt_Eigendom,weighted_mean,Woningmarkt
BU07370201,0.4110000000000001,Woningmarkt_Eigendom,weighted_mean,Woningmarkt
BU07370208,0.408,Woningmarkt_Eigendom,weighted_mean,Woningmarkt
BU07370209,0.405,Woningmarkt_Eigendom,weighted_mean,Woningmarkt
WK073703,0.41700000000000004,Woningmarkt_Eigendom,weighted_mean,Woningmarkt
BU07370300,0.41900000000000004,Woningmarkt_Eigendom,weighted_mean,Woningmarkt
BU07370309,0.406,Woningmarkt_Eigendom,weighted_mean,Woningmarkt
WK073704,0.3915,Woningmarkt_Eigendom,weighted_mean,Woningmarkt
BU07370400,0.383,Woningmarkt_Eigendom,weighted_mean,Woningmarkt
BU07370401,0.40700000000000003,Woningmarkt_Eigendom,weighted_mean,Woningmarkt
BU07370408,0.4045000000000001,Woningmarkt_Eigendom,weighted_mean,Woningmarkt
BU07370409,0.416,Woningmarkt_Eigendom,weighted_mean,Woningmarkt
WK073705,0.40700000000000003,Woningmarkt_Eigendom,weighted_mean,Woningmarkt
BU07370500,0.41250000000000003,Woningmarkt_Eigendom,weighted_mean,Woningmarkt
BU07370501,0.4065000000000001,Woningmarkt_Eigendom,weighted_mean,Woningmarkt
BU07370508,0.415,Woningmarkt_Eigendom,weighted_mean,Woningmarkt
BU07370509,0.3965,Woningmarkt_Eigendom,weighted_mean,Woningmarkt
WK073706,0.41900000000000004,Woningmarkt_Eigendom,weighted_mean,Woningmarkt
BU07370600,0.42150000000000004,Woningmarkt_Eigendom,weighted_mean,Woningmarkt
BU07370609,0.40850000000000003,Woningmarkt_Eigendom,weighted_mean,Woningmarkt
WK073707,0.41700000000000004,Woningmarkt_Eigendom,weighted_mean,Woningmarkt
BU07370700,0.41550000000000004,Woningmarkt_Eigendom,weighted_mean,Woningmarkt
BU07370701,0.42899999999999994,Woningmarkt_Eigendom,weighted_mean,Woningmarkt
BU07370708,0.405,Woningmarkt_Eigendom,weighted_mean,Woningmarkt
BU07370709,0.41550000000000004,Woningmarkt_Eigendom,weighted_mean,Woningmarkt
WK073708,0.4205000000000001,Woningmarkt_Eigendom,weighted_mean,Woningmarkt
BU07370800,0.42400000000000004,Woningmarkt_Eigendom,weighted_mean,Woningmarkt
BU07370809,0.40900000000000003,Woningmarkt_Eigendom,weighted_mean,Woningmarkt
WK073709,0.3995,Woningmarkt_Eigendom,weighted_mean,Woningmarkt
BU07370900,0.3975,Woningmarkt_Eigendom,weighted_mean,Woningmarkt
BU07370909,0.403,Woningmarkt_Eigendom,weighted_mean,Woningmarkt
GM0096,0.4340000000000001,Woningmarkt_Eigendom,weighted_mean,Woningmarkt
WK009600,0.4340000000000001,Woningmarkt_Eigendom,weighted_mean,Woningmarkt
BU00960000,0.4345000000000001,Woningmarkt_Eigendom,weighted_mean,Woningmarkt
BU00960009,0.40929999999999994,Woningmarkt_Eigendom,weighted_mean,Woningmarkt
GM1949,0.41800000000000004,Woningmarkt_Eigendom,weighted_mean,Woningmarkt
WK194915,0.4100000000000001,Woningmarkt_Eigendom,weighted_mean,Woningmarkt
BU19491500,0.428,Woningmarkt_Eigendom,weighted_mean,Woningmarkt
BU19491501,0.40750000000000003,Woningmarkt_Eigendom,weighted_mean,Woningmarkt
WK194916,0.43650000000000005,Woningmarkt_Eigendom,weighted_mean,Woningmarkt
BU19491600,0.40299999999999997,Woningmarkt_Eigendom,weighted_mean,Woningmarkt
BU19491601,0.4,Woningmarkt_Eigendom,weighted_mean,Woningmarkt
BU19491602,0.4500000000000001,Woningmarkt_Eigendom,weighted_mean,Woningmarkt
BU19491603,0.403,Woningmarkt_Eigendom,weighted_mean,Woningmarkt
BU19491604,0.44700000000000006,Woningmarkt_Eigendom,weighted_mean,Woningmarkt
BU19491605,0.44050000000000006,Woningmarkt_Eigendom,weighted_mean,Woningmarkt
BU19491606,0.39790000000000003,Woningmarkt_Eigendom,weighted_mean,Woningmarkt
WK194917,0.39349999999999996,Woningmarkt_Eigendom,weighted_mean,Woningmarkt
BU19491700,0.39349999999999996,Woningmarkt_Eigendom,weighted_mean,Woningmarkt
WK194918,0.41950000000000004,Woningmarkt_Eigendom,weighted_mean,Woningmarkt
BU19491800,0.39699999999999996,Woningmarkt_Eigendom,weighted_mean,Woningmarkt
BU19491801,0.4125000000000001,Woningmarkt_Eigendom,weighted_mean,Woningmarkt
BU19491802,0.4295,Woningmarkt_Eigendom,weighted_mean,Woningmarkt
BU19491803,0.39790000000000003,Woningmarkt_Eigendom,weighted_mean,Woningmarkt
BU19491804,0.3965,Woningmarkt_Eigendom,weighted_mean,Woningmarkt
WK194919,0.4110000000000001,Woningmarkt_Eigendom,weighted_mean,Woningmarkt
BU19491900,0.405,Woningmarkt_Eigendom,weighted_mean,Woningmarkt
BU19491901,0.41100000000000003,Woningmarkt_Eigendom,weighted_mean,Woningmarkt
WK194920,0.41100000000000003,Woningmarkt_Eigendom,weighted_mean,Woningmarkt
BU19492000,0.40599999999999997,Woningmarkt_Eigendom,weighted_mean,Woningmarkt
BU19492001,0.4130000000000001,Woningmarkt_Eigendom,weighted_mean,Woningmarkt
WK194921,0.40900000000000003,Woningmarkt_Eigendom,weighted_mean,Woningmarkt
BU19492100,0.40900000000000003,Woningmarkt_Eigendom,weighted_mean,Woningmarkt
WK194922,0.4012,Woningmarkt_Eigendom,weighted_mean,Woningmarkt
BU19492200,0.40149999999999997,Woningmarkt_Eigendom,weighted_mean,Woningmarkt
WK194923,0.4225,Woningmarkt_Eigendom,weighted_mean,Woningmarkt
BU19492300,0.40149999999999997,Woningmarkt_Eigendom,weighted_mean,Woningmarkt
BU19492301,0.4245,Woningmarkt_Eigendom,weighted_mean,Woningmarkt
WK194924,0.402,Woningmarkt_Eigendom,weighted_mean,Woningmarkt
BU19492400,0.403,Woningmarkt_Eigendom,weighted_mean,Woningmarkt
BU19492401,0.402,Woningmarkt_Eigendom,weighted_mean,Woningmarkt
WK194925,0.42400000000000004,Woningmarkt_Eigendom,weighted_mean,Woningmarkt
BU19492500,0.38550000000000006,Woningmarkt_Eigendom,weighted_mean,Woningmarkt
BU19492501,0.43000000000000005,Woningmarkt_Eigendom,weighted_mean,Woningmarkt
WK194926,0.403,Woningmarkt_Eigendom,weighted_mean,Woningmarkt
BU19492600,0.4115,Woningmarkt_Eigendom,weighted_mean,Woningmarkt
BU19492601,0.389,Woningmarkt_Eigendom,weighted_mean,Woningmarkt
BU19492602,0.42300000000000004,Woningmarkt_Eigendom,weighted_mean,Woningmarkt
BU19492603,0.37600000000000006,Woningmarkt_Eigendom,weighted_mean,Woningmarkt
BU19492604,0.4025,Woningmarkt_Eigendom,weighted_mean,Woningmarkt
WK194927,0.403,Woningmarkt_Eigendom,weighted_mean,Woningmarkt
BU19492700,0.403,Woningmarkt_Eigendom,weighted_mean,Woningmarkt
WK194928,0.41250000000000003,Woningmarkt_Eigendom,weighted_mean,Woningmarkt
BU19492800,0.40599999999999997,Woningmarkt_Eigendom,weighted_mean,Woningmarkt
BU19492801,0.3940000000000001,Woningmarkt_Eigendom,weighted_mean,Woningmarkt
BU19492802,0.41000000000000003,Woningmarkt_Eigendom,weighted_mean,Woningmarkt
BU19492803,0.38800000000000007,Woningmarkt_Eigendom,weighted_mean,Woningmarkt
BU19492804,0.44150000000000006,Woningmarkt_Eigendom,weighted_mean,Woningmarkt
BU19492805,0.39049999999999996,Woningmarkt_Eigendom,weighted_mean,Woningmarkt
BU19492806,0.396,Woningmarkt_Eigendom,weighted_mean,Woningmarkt
BU19492807,0.38920000000000005,Woningmarkt_Eigendom,weighted_mean,Woningmarkt
BU19492808,0.41800000000000004,Woningmarkt_Eigendom,weighted_mean,Woningmarkt
BU19492809,0.4625000000000001,Woningmarkt_Eigendom,weighted_mean,Woningmarkt
BU19492810,0.388,Woningmarkt_Eigendom,weighted_mean,Woningmarkt
BU19492811,0.45050000000000007,Woningmarkt_Eigendom,weighted_mean,Woningmarkt
BU19492812,0.381,Woningmarkt_Eigendom,weighted_mean,Woningmarkt
BU19492813,0.41950000000000004,Woningmarkt_Eigendom,weighted_mean,Woningmarkt
BU19492814,0.3940000000000001,Woningmarkt_Eigendom,weighted_mean,Woningmarkt
BU19492815,0.3785,Woningmarkt_Eigendom,weighted_mean,Woningmarkt
BU19492816,0.38450000000000006,Woningmarkt_Eigendom,weighted_mean,Woningmarkt
BU19492817,0.38149999999999995,Woningmarkt_Eigendom,weighted_mean,Woningmarkt
WK194929,0.41600000000000004,Woningmarkt_Eigendom,weighted_mean,Woningmarkt
BU19492900,0.41600000000000004,Woningmarkt_Eigendom,weighted_mean,Woningmarkt
WK194930,0.43200000000000005,Woningmarkt_Eigendom,weighted_mean,Woningmarkt
BU19493000,0.43200000000000005,Woningmarkt_Eigendom,weighted_mean,Woningmarkt
WK194931,0.3785,Woningmarkt_Eigendom,weighted_mean,Woningmarkt
BU19493100,0.40149999999999997,Woningmarkt_Eigendom,weighted_mean,Woningmarkt
BU19493101,0.374,Woningmarkt_Eigendom,weighted_mean,Woningmarkt
WK194932,0.42550000000000004,Woningmarkt_Eigendom,weighted_mean,Woningmarkt
BU19493200,0.40249999999999997,Woningmarkt_Eigendom,weighted_mean,Woningmarkt
BU19493201,0.44650000000000006,Woningmarkt_Eigendom,weighted_mean,Woningmarkt
BU19493202,0.42600000000000005,Woningmarkt_Eigendom,weighted_mean,Woningmarkt
WK194933,0.40349999999999997,Woningmarkt_Eigendom,weighted_mean,Woningmarkt
BU19493300,0.40149999999999997,Woningmarkt_Eigendom,weighted_mean,Woningmarkt
WK194934,0.4165,Woningmarkt_Eigendom,weighted_mean,Woningmarkt
BU19493400,0.402,Woningmarkt_Eigendom,weighted_mean,Woningmarkt
BU19493401,0.4185,Woningmarkt_Eigendom,weighted_mean,Woningmarkt
WK194935,0.42050000000000004,Woningmarkt_Eigendom,weighted_mean,Woningmarkt
BU19493500,0.40299999999999997,Woningmarkt_Eigendom,weighted_mean,Woningmarkt
BU19493501,0.3997,Woningmarkt_Eigendom,weighted_mean,Woningmarkt
BU19493502,0.42850000000000005,Woningmarkt_Eigendom,weighted_mean,Woningmarkt
BU19493503,0.40650000000000003,Woningmarkt_Eigendom,weighted_mean,Woningmarkt
WK194936,0.4225,Woningmarkt_Eigendom,weighted_mean,Woningmarkt
BU19493600,0.4,Woningmarkt_Eigendom,weighted_mean,Woningmarkt
BU19493601,0.3965,Woningmarkt_Eigendom,weighted_mean,Woningmarkt
BU19493602,0.40700000000000003,Woningmarkt_Eigendom,weighted_mean,Woningmarkt
BU19493603,0.43800000000000006,Woningmarkt_Eigendom,weighted_mean,Woningmarkt
WK194937,0.406,Woningmarkt_Eigendom,weighted_mean,Woningmarkt
BU19493700,0.406,Woningmarkt_Eigendom,weighted_mean,Woningmarkt
WK194938,0.42000000000000004,Woningmarkt_Eigendom,weighted_mean,Woningmarkt
BU19493800,0.405,Woningmarkt_Eigendom,weighted_mean,Woningmarkt
BU19493801,0.42200000000000004,Woningmarkt_Eigendom,weighted_mean,Woningmarkt
WK194939,0.4085,Woningmarkt_Eigendom,weighted_mean,Woningmarkt
BU19493900,0.3995,Woningmarkt_Eigendom,weighted_mean,Woningmarkt
BU19493901,0.41200000000000003,Woningmarkt_Eigendom,weighted_mean,Woningmarkt
WK194940,0.40900000000000003,Woningmarkt_Eigendom,weighted_mean,Woningmarkt
BU19494000,0.40900000000000003,Woningmarkt_Eigendom,weighted_mean,Woningmarkt
WK194941,0.404,Woningmarkt_Eigendom,weighted_mean,Woningmarkt
BU19494100,0.404,Woningmarkt_Eigendom,weighted_mean,Woningmarkt
WK194942,0.41950000000000004,Woningmarkt_Eigendom,weighted_mean,Woningmarkt
BU19494200,0.4032,Woningmarkt_Eigendom,weighted_mean,Woningmarkt
BU19494201,0.41800000000000004,Woningmarkt_Eigendom,weighted_mean,Woningmarkt
WK194943,0.41300000000000003,Woningmarkt_Eigendom,weighted_mean,Woningmarkt
BU19494300,0.41300000000000003,Woningmarkt_Eigendom,weighted_mean,Woningmarkt
WK194944,0.43600000000000005,Woningmarkt_Eigendom,weighted_mean,Woningmarkt
BU19494400,0.40549999999999997,Woningmarkt_Eigendom,weighted_mean,Woningmarkt
BU19494401,0.44250000000000006,Woningmarkt_Eigendom,weighted_mean,Woningmarkt
BU19494402,0.38950000000000007,Woningmarkt_Eigendom,weighted_mean,Woningmarkt
BU19494403,0.4002,Woningmarkt_Eigendom,weighted_mean,Woningmarkt
WK194945,0.4025,Woningmarkt_Eigendom,weighted_mean,Woningmarkt
BU19494500,0.4025,Woningmarkt_Eigendom,weighted_mean,Woningmarkt
WK194946,0.39949999999999997,Woningmarkt_Eigendom,weighted_mean,Woningmarkt
BU19494600,0.39949999999999997,Woningmarkt_Eigendom,weighted_mean,Woningmarkt
WK194947,0.41100000000000003,Woningmarkt_Eigendom,weighted_mean,Woningmarkt
BU19494700,0.40149999999999997,Woningmarkt_Eigendom,weighted_mean,Woningmarkt
BU19494701,0.41100000000000003,Woningmarkt_Eigendom,weighted_mean,Woningmarkt
WK194948,0.42600000000000005,Woningmarkt_Eigendom,weighted_mean,Woningmarkt
BU19494800,0.404,Woningmarkt_Eigendom,weighted_mean,Woningmarkt
BU19494801,0.42900000000000005,Woningmarkt_Eigendom,weighted_mean,Woningmarkt
WK194949,0.42100000000000004,Woningmarkt_Eigendom,weighted_mean,Woningmarkt
BU19494900,0.4115,Woningmarkt_Eigendom,weighted_mean,Woningmarkt
BU19494901,0.41750000000000004,Woningmarkt_Eigendom,weighted_mean,Woningmarkt
BU19494902,0.42800000000000005,Woningmarkt_Eigendom,weighted_mean,Woningmarkt
WK194950,0.4245,Woningmarkt_Eigendom,weighted_mean,Woningmarkt
BU19495000,0.40499999999999997,Woningmarkt_Eigendom,weighted_mean,Woningmarkt
BU19495001,0.42750000000000005,Woningmarkt_Eigendom,weighted_mean,Woningmarkt
WK194951,0.4015,Woningmarkt_Eigendom,weighted_mean,Woningmarkt
BU19495100,0.4015,Woningmarkt_Eigendom,weighted_mean,Woningmarkt
WK194952,0.41900000000000004,Woningmarkt_Eigendom,weighted_mean,Woningmarkt
BU19495200,0.41900000000000004,Woningmarkt_Eigendom,weighted_mean,Woningmarkt
WK194953,0.42000000000000004,Woningmarkt_Eigendom,weighted_mean,Woningmarkt
BU19495300,0.409,Woningmarkt_Eigendom,weighted_mean,Woningmarkt
BU19495301,0.41900000000000004,Woningmarkt_Eigendom,weighted_mean,Woningmarkt
BU19495302,0.3965,Woningmarkt_Eigendom,weighted_mean,Woningmarkt
WK194954,0.406,Woningmarkt_Eigendom,weighted_mean,Woningmarkt
BU19495400,0.40449999999999997,Woningmarkt_Eigendom,weighted_mean,Woningmarkt
BU19495401,0.405,Woningmarkt_Eigendom,weighted_mean,Woningmarkt
WK194955,0.40049999999999997,Woningmarkt_Eigendom,weighted_mean,Woningmarkt
BU19495500,0.40049999999999997,Woningmarkt_Eigendom,weighted_mean,Woningmarkt
GM0098,0.42550000000000004,Woningmarkt_Eigendom,weighted_mean,Woningmarkt
WK009800,0.43050000000000005,Woningmarkt_Eigendom,weighted_mean,Woningmarkt
BU00980001,0.396,Woningmarkt_Eigendom,weighted_mean,Woningmarkt
BU00980002,0.39549999999999996,Woningmarkt_Eigendom,weighted_mean,Woningmarkt
BU00980003,0.40900000000000003,Woningmarkt_Eigendom,weighted_mean,Woningmarkt
BU00980004,0.45150000000000007,Woningmarkt_Eigendom,weighted_mean,Woningmarkt
BU00980005,0.4555,Woningmarkt_Eigendom,weighted_mean,Woningmarkt
BU00980006,0.42050000000000004,Woningmarkt_Eigendom,weighted_mean,Woningmarkt
BU00980007,0.4065000000000001,Woningmarkt_Eigendom,weighted_mean,Woningmarkt
BU00980008,0.42650000000000005,Woningmarkt_Eigendom,weighted_mean,Woningmarkt
BU00980009,0.42850000000000005,Woningmarkt_Eigendom,weighted_mean,Woningmarkt
BU00980010,0.4650000000000001,Woningmarkt_Eigendom,weighted_mean,Woningmarkt
BU00980011,0.4265,Woningmarkt_Eigendom,weighted_mean,Woningmarkt
BU00980012,0.467,Woningmarkt_Eigendom,weighted_mean,Woningmarkt
BU00980013,0.4660000000000001,Woningmarkt_Eigendom,weighted_mean,Woningmarkt
BU00980014,0.3945000000000001,Woningmarkt_Eigendom,weighted_mean,Woningmarkt
BU00980015,0.3995,Woningmarkt_Eigendom,weighted_mean,Woningmarkt
BU00980016,0.4525,Woningmarkt_Eigendom,weighted_mean,Woningmarkt
BU00980017,0.37100000000000005,Woningmarkt_Eigendom,weighted_mean,Woningmarkt
BU00980018,0.468,Woningmarkt_Eigendom,weighted_mean,Woningmarkt
BU00980019,0.393,Woningmarkt_Eigendom,weighted_mean,Woningmarkt
BU00980020,0.37700000000000006,Woningmarkt_Eigendom,weighted_mean,Woningmarkt
BU00980021,0.4485,Woningmarkt_Eigendom,weighted_mean,Woningmarkt
WK009801,0.4035,Woningmarkt_Eigendom,weighted_mean,Woningmarkt
BU00980101,0.40149999999999997,Woningmarkt_Eigendom,weighted_mean,Woningmarkt
BU00980102,0.40499999999999997,Woningmarkt_Eigendom,weighted_mean,Woningmarkt
BU00980103,0.399,Woningmarkt_Eigendom,weighted_mean,Woningmarkt
BU00980104,0.406,Woningmarkt_Eigendom,weighted_mean,Woningmarkt
WK009802,0.41200000000000003,Woningmarkt_Eigendom,weighted_mean,Woningmarkt
BU00980201,0.40199999999999997,Woningmarkt_Eigendom,weighted_mean,Woningmarkt
BU00980202,0.41850000000000004,Woningmarkt_Eigendom,weighted_mean,Woningmarkt
WK009803,0.40449999999999997,Woningmarkt_Eigendom,weighted_mean,Woningmarkt
BU00980301,0.3965000000000001,Woningmarkt_Eigendom,weighted_mean,Woningmarkt
BU00980302,0.4065,Woningmarkt_Eigendom,weighted_mean,Woningmarkt
BU00980303,0.39549999999999996,Woningmarkt_Eigendom,weighted_mean,Woningmarkt
BU00980304,0.4125,Woningmarkt_Eigendom,weighted_mean,Woningmarkt
BU00980305,0.4055,Woningmarkt_Eigendom,weighted_mean,Woningmarkt
WK009804,0.40700000000000003,Woningmarkt_Eigendom,weighted_mean,Woningmarkt
BU00980401,0.4055,Woningmarkt_Eigendom,weighted_mean,Woningmarkt
BU00980402,0.414,Woningmarkt_Eigendom,weighted_mean,Woningmarkt
BU00980403,0.4065,Woningmarkt_Eigendom,weighted_mean,Woningmarkt
WK009805,0.403,Woningmarkt_Eigendom,weighted_mean,Woningmarkt
BU00980501,0.4065,Woningmarkt_Eigendom,weighted_mean,Woningmarkt
BU00980502,0.39899999999999997,Woningmarkt_Eigendom,weighted_mean,Woningmarkt
WK009806,0.403,Woningmarkt_Eigendom,weighted_mean,Woningmarkt
BU00980601,0.401,Woningmarkt_Eigendom,weighted_mean,Woningmarkt
BU00980602,0.405,Woningmarkt_Eigendom,weighted_mean,Woningmarkt
WK009807,0.41550000000000004,Woningmarkt_Eigendom,weighted_mean,Woningmarkt
BU00980701,0.41900000000000004,Woningmarkt_Eigendom,weighted_mean,Woningmarkt
BU00980702,0.4,Woningmarkt_Eigendom,weighted_mean,Woningmarkt
WK009808,0.41000000000000003,Woningmarkt_Eigendom,weighted_mean,Woningmarkt
BU00980801,0.41700000000000004,Woningmarkt_Eigendom,weighted_mean,Woningmarkt
BU00980802,0.40049999999999997,Woningmarkt_Eigendom,weighted_mean,Woningmarkt
WK009809,0.412,Woningmarkt_Eigendom,weighted_mean,Woningmarkt
BU00980901,0.42300000000000004,Woningmarkt_Eigendom,weighted_mean,Woningmarkt
BU00980902,0.41,Woningmarkt_Eigendom,weighted_mean,Woningmarkt
BU00980903,0.405,Woningmarkt_Eigendom,weighted_mean,Woningmarkt
WK009810,0.44300000000000006,Woningmarkt_Eigendom,weighted_mean,Woningmarkt
BU00981001,0.4345,Woningmarkt_Eigendom,weighted_mean,Woningmarkt
BU00981002,0.401,Woningmarkt_Eigendom,weighted_mean,Woningmarkt
BU00981003,0.4230000000000001,Woningmarkt_Eigendom,weighted_mean,Woningmarkt
BU00981004,0.47100000000000003,Woningmarkt_Eigendom,weighted_mean,Woningmarkt
BU00981005,0.486,Woningmarkt_Eigendom,weighted_mean,Woningmarkt
BU00981006,0.3964,Woningmarkt_Eigendom,weighted_mean,Woningmarkt
BU00981007,0.38,Woningmarkt_Eigendom,weighted_mean,Woningmarkt
BU00981008,0.405,Woningmarkt_Eigendom,weighted_mean,Woningmarkt
BU00981009,0.4005,Woningmarkt_Eigendom,weighted_mean,Woningmarkt
WK009811,0.4035000000000001,Woningmarkt_Eigendom,weighted_mean,Woningmarkt
BU00981101,0.40650000000000003,Woningmarkt_Eigendom,weighted_mean,Woningmarkt
BU00981102,0.39999999999999997,Woningmarkt_Eigendom,weighted_mean,Woningmarkt
WK009812,0.4415,Woningmarkt_Eigendom,weighted_mean,Woningmarkt
BU00981201,0.4415,Woningmarkt_Eigendom,weighted_mean,Woningmarkt
WK009813,0.4175000000000001,Woningmarkt_Eigendom,weighted_mean,Woningmarkt
BU00981301,0.426,Woningmarkt_Eigendom,weighted_mean,Woningmarkt
BU00981302,0.40650000000000003,Woningmarkt_Eigendom,weighted_mean,Woningmarkt
WK009814,0.409,Woningmarkt_Eigendom,weighted_mean,Woningmarkt
BU00981401,0.4175,Woningmarkt_Eigendom,weighted_mean,Woningmarkt
BU00981402,0.401,Woningmarkt_Eigendom,weighted_mean,Woningmarkt
WK009815,0.4105000000000001,Woningmarkt_Eigendom,weighted_mean,Woningmarkt
BU00981501,0.40800000000000003,Woningmarkt_Eigendom,weighted_mean,Woningmarkt
BU00981502,0.417,Woningmarkt_Eigendom,weighted_mean,Woningmarkt
GM0059,0.26694634078886825,Welvaart_Kwetsbaarheid,entropy,Welvaart
WK005900,0.26501222857042755,Welvaart_Kwetsbaarheid,entropy,Welvaart
BU00590000,0.22545719076630946,Welvaart_Kwetsbaarheid,entropy,Welvaart
BU00590001,0.2684650261133896,Welvaart_Kwetsbaarheid,entropy,Welvaart
BU00590002,0.2616880108061924,Welvaart_Kwetsbaarheid,entropy,Welvaart
BU00590003,0.3106822342043213,Welvaart_Kwetsbaarheid,entropy,Welvaart
BU00590004,0.26355033542652817,Welvaart_Kwetsbaarheid,entropy,Welvaart
BU00590005,0.26132308791567477,Welvaart_Kwetsbaarheid,entropy,Welvaart
BU00590006,0.2694183454119191,Welvaart_Kwetsbaarheid,entropy,Welvaart
BU00590007,0.23442966440875776,Welvaart_Kwetsbaarheid,entropy,Welvaart
BU00590008,0.2418228524035667,Welvaart_Kwetsbaarheid,entropy,Welvaart
BU00590009,0.2473817590869811,Welvaart_Kwetsbaarheid,entropy,Welvaart
WK005901,0.25776366252350574,Welvaart_Kwetsbaarheid,entropy,Welvaart
BU00590100,0.22472981528468833,Welvaart_Kwetsbaarheid,entropy,Welvaart
BU00590102,0.22130288950402593,Welvaart_Kwetsbaarheid,entropy,Welvaart
BU00590103,0.2618195273293518,Welvaart_Kwetsbaarheid,entropy,Welvaart
BU00590107,0.24019722912967306,Welvaart_Kwetsbaarheid,entropy,Welvaart
BU00590108,0.2761422045453767,Welvaart_Kwetsbaarheid,entropy,Welvaart
BU00590109,0.2682945510077002,Welvaart_Kwetsbaarheid,entropy,Welvaart
WK005902,0.2681771394733305,Welvaart_Kwetsbaarheid,entropy,Welvaart
BU00590200,0.27624240007845485,Welvaart_Kwetsbaarheid,entropy,Welvaart
BU00590201,0.27457429915651893,Welvaart_Kwetsbaarheid,entropy,Welvaart
BU00590202,0.23487730683048175,Welvaart_Kwetsbaarheid,entropy,Welvaart
BU00590203,0.2604979080531386,Welvaart_Kwetsbaarheid,entropy,Welvaart
BU00590206,0.2980441925268131,Welvaart_Kwetsbaarheid,entropy,Welvaart
BU00590207,0.2423266312315457,Welvaart_Kwetsbaarheid,entropy,Welvaart
BU00590208,0.26649188954306413,Welvaart_Kwetsbaarheid,entropy,Welvaart
BU00590209,0.30246750729434563,Welvaart_Kwetsbaarheid,entropy,Welvaart
GM0060,0.2512757002481397,Welvaart_Kwetsbaarheid,entropy,Welvaart
WK006000,0.2520652281204284,Welvaart_Kwetsbaarheid,entropy,Welvaart
BU00600000,0.2399505717043311,Welvaart_Kwetsbaarheid,entropy,Welvaart
BU00600001,0.2398539380840426,Welvaart_Kwetsbaarheid,entropy,Welvaart
BU00600002,0.24985907135267266,Welvaart_Kwetsbaarheid,entropy,Welvaart
BU00600003,0.20660591110918028,Welvaart_Kwetsbaarheid,entropy,Welvaart
BU00600007,0.286202892033472,Welvaart_Kwetsbaarheid,entropy,Welvaart
BU00600008,0.2805020834626764,Welvaart_Kwetsbaarheid,entropy,Welvaart
BU00600009,0.30277971444315965,Welvaart_Kwetsbaarheid,entropy,Welvaart
GM1891,0.2713420503762334,Welvaart_Kwetsbaarheid,entropy,Welvaart
WK189100,0.2657519820810901,Welvaart_Kwetsbaarheid,entropy,Welvaart
BU18910000,0.25005698444395347,Welvaart_Kwetsbaarheid,entropy,Welvaart
BU18910001,0.22786093056232398,Welvaart_Kwetsbaarheid,entropy,Welvaart
BU18910002,0.2850296919423329,Welvaart_Kwetsbaarheid,entropy,Welvaart
BU18910008,0.28130490508851896,Welvaart_Kwetsbaarheid,entropy,Welvaart
BU18910009,0.2899355736295163,Welvaart_Kwetsbaarheid,entropy,Welvaart
WK189101,0.2617174853247372,Welvaart_Kwetsbaarheid,entropy,Welvaart
BU18910100,0.2688830387187953,Welvaart_Kwetsbaarheid,entropy,Welvaart
BU18910101,0.25105821535769274,Welvaart_Kwetsbaarheid,entropy,Welvaart
BU18910108,0.26302573613471597,Welvaart_Kwetsbaarheid,entropy,Welvaart
BU18910109,0.24927277035261722,Welvaart_Kwetsbaarheid,entropy,Welvaart
WK189102,0.2573811026028163,Welvaart_Kwetsbaarheid,entropy,Welvaart
BU18910200,0.27383700991976484,Welvaart_Kwetsbaarheid,entropy,Welvaart
BU18910201,0.2836045557344292,Welvaart_Kwetsbaarheid,entropy,Welvaart
BU18910202,0.2505973637255534,Welvaart_Kwetsbaarheid,entropy,Welvaart
BU18910208,0.31811396555370297,Welvaart_Kwetsbaarheid,entropy,Welvaart
BU18910209,0.3126024299517436,Welvaart_Kwetsbaarheid,entropy,Welvaart
WK189103,0.252379964763631,Welvaart_Kwetsbaarheid,entropy,Welvaart
BU18910300,0.23420964278877737,Welvaart_Kwetsbaarheid,entropy,Welvaart
BU18910301,0.23839105626942433,Welvaart_Kwetsbaarheid,entropy,Welvaart
BU18910309,0.2696764306102657,Welvaart_Kwetsbaarheid,entropy,Welvaart
GM1940,0.279078499249996,Welvaart_Kwetsbaarheid,entropy,Welvaart
WK194001,0.29847944007812327,Welvaart_Kwetsbaarheid,entropy,Welvaart
BU19400101,0.29242242290201476,Welvaart_Kwetsbaarheid,entropy,Welvaart
WK194002,0.2458891234091739,Welvaart_Kwetsbaarheid,entropy,Welvaart
BU19400201,0.221992183273045,Welvaart_Kwetsbaarheid,entropy,Welvaart
WK194003,0.2561156454333632,Welvaart_Kwetsbaarheid,entropy,Welvaart
BU19400301,0.2654564267643258,Welvaart_Kwetsbaarheid,entropy,Welvaart
WK194004,0.2803438781507953,Welvaart_Kwetsbaarheid,entropy,Welvaart
BU19400401,0.28707512145953945,Welvaart_Kwetsbaarheid,entropy,Welvaart
WK194005,0.31895415042770286,Welvaart_Kwetsbaarheid,entropy,Welvaart
BU19400501,0.30615401650581436,Welvaart_Kwetsbaarheid,entropy,Welvaart
WK194006,0.36195788856685557,Welvaart_Kwetsbaarheid,entropy,Welvaart
BU19400601,0.3990388512861053,Welvaart_Kwetsbaarheid,entropy,Welvaart
WK194007,0.2526781536715999,Welvaart_Kwetsbaarheid,entropy,Welvaart
BU19400701,0.26487037725314694,Welvaart_Kwetsbaarheid,entropy,Welvaart
BU19400702,0.2987917779329224,Welvaart_Kwetsbaarheid,entropy,Welvaart
WK194008,0.33967124637885276,Welvaart_Kwetsbaarheid,entropy,Welvaart
BU19400801,0.4056639528767353,Welvaart_Kwetsbaarheid,entropy,Welvaart
WK194009,0.26573709955642166,Welvaart_Kwetsbaarheid,entropy,Welvaart
BU19400901,0.2691378194801565,Welvaart_Kwetsbaarheid,entropy,Welvaart
WK194010,0.24161876400218996,Welvaart_Kwetsbaarheid,entropy,Welvaart
BU19401001,0.2600467683263374,Welvaart_Kwetsbaarheid,entropy,Welvaart
WK194011,0.22925413025523234,Welvaart_Kwetsbaarheid,entropy,Welvaart
BU19401101,0.29666031357791045,Welvaart_Kwetsbaarheid,entropy,Welvaart
BU19401102,0.23775456161665787,Welvaart_Kwetsbaarheid,entropy,Welvaart
WK194012,0.23023842884820012,Welvaart_Kwetsbaarheid,entropy,Welvaart
BU19401201,0.26480678935667507,Welvaart_Kwetsbaarheid,entropy,Welvaart
WK194013,0.2561026761148799,Welvaart_Kwetsbaarheid,entropy,Welvaart
BU19401301,0.23925616042482675,Welvaart_Kwetsbaarheid,entropy,Welvaart
WK194014,0.30335260547180887,Welvaart_Kwetsbaarheid,entropy,Welvaart
BU19401401,0.3186436927032349,Welvaart_Kwetsbaarheid,entropy,Welvaart
WK194015,0.27841402944087,Welvaart_Kwetsbaarheid,entropy,Welvaart
BU19401501,0.2742119084205046,Welvaart_Kwetsbaarheid,entropy,Welvaart
WK194016,0.29469822187809314,Welvaart_Kwetsbaarheid,entropy,Welvaart
BU19401601,0.287730077860582,Welvaart_Kwetsbaarheid,entropy,Welvaart
WK194017,0.2698256238467581,Welvaart_Kwetsbaarheid,entropy,Welvaart
BU19401701,0.2754659836385886,Welvaart_Kwetsbaarheid,entropy,Welvaart
WK194018,0.24128352725143543,Welvaart_Kwetsbaarheid,entropy,Welvaart
BU19401801,0.24180712802397797,Welvaart_Kwetsbaarheid,entropy,Welvaart
WK194019,0.2687697257354694,Welvaart_Kwetsbaarheid,entropy,Welvaart
BU19401901,0.2635500629693567,Welvaart_Kwetsbaarheid,entropy,Welvaart
BU19401902,0.2789360316326828,Welvaart_Kwetsbaarheid,entropy,Welvaart
BU19401903,0.2404258891852611,Welvaart_Kwetsbaarheid,entropy,Welvaart
BU19401904,0.209051556889077,Welvaart_Kwetsbaarheid,entropy,Welvaart
BU19401905,0.24969624829390807,Welvaart_Kwetsbaarheid,entropy,Welvaart
BU19401906,0.21719279459910026,Welvaart_Kwetsbaarheid,entropy,Welvaart
BU19401907,0.2535483571459031,Welvaart_Kwetsbaarheid,entropy,Welvaart
BU19401908,0.3077937249445196,Welvaart_Kwetsbaarheid,entropy,Welvaart
BU19401909,0.24614772029947302,Welvaart_Kwetsbaarheid,entropy,Welvaart
BU19401910,0.29340346947699814,Welvaart_Kwetsbaarheid,entropy,Welvaart
WK194020,0.23226718772592708,Welvaart_Kwetsbaarheid,entropy,Welvaart
BU19402001,0.23271432931590308,Welvaart_Kwetsbaarheid,entropy,Welvaart
WK194021,0.25751156335836556,Welvaart_Kwetsbaarheid,entropy,Welvaart
BU19402101,0.2627961107723496,Welvaart_Kwetsbaarheid,entropy,Welvaart
WK194022,0.23750456294838357,Welvaart_Kwetsbaarheid,entropy,Welvaart
BU19402201,0.21048705776834975,Welvaart_Kwetsbaarheid,entropy,Welvaart
WK194023,0.2790133981383409,Welvaart_Kwetsbaarheid,entropy,Welvaart
BU19402301,0.31367066967215,Welvaart_Kwetsbaarheid,entropy,Welvaart
BU19402302,0.22490278972645425,Welvaart_Kwetsbaarheid,entropy,Welvaart
BU19402303,0.3531430353343249,Welvaart_Kwetsbaarheid,entropy,Welvaart
BU19402304,0.3327764456022128,Welvaart_Kwetsbaarheid,entropy,Welvaart
BU19402305,0.25818514929174574,Welvaart_Kwetsbaarheid,entropy,Welvaart
BU19402306,0.29662991798470456,Welvaart_Kwetsbaarheid,entropy,Welvaart
BU19402307,0.34681835200620886,Welvaart_Kwetsbaarheid,entropy,Welvaart
BU19402308,0.2611429963694183,Welvaart_Kwetsbaarheid,entropy,Welvaart
WK194024,0.3035836510552674,Welvaart_Kwetsbaarheid,entropy,Welvaart
BU19402401,0.2948431583278579,Welvaart_Kwetsbaarheid,entropy,Welvaart
WK194025,0.30734575753365745,Welvaart_Kwetsbaarheid,entropy,Welvaart
BU19402501,0.24669708061334883,Welvaart_Kwetsbaarheid,entropy,Welvaart
WK194026,0.2783224486350511,Welvaart_Kwetsbaarheid,entropy,Welvaart
BU19402601,0.28716111707782366,Welvaart_Kwetsbaarheid,entropy,Welvaart
WK194027,0.288866256990452,Welvaart_Kwetsbaarheid,entropy,Welvaart
BU19402701,0.28903964862872356,Welvaart_Kwetsbaarheid,entropy,Welvaart
WK194028,0.23881066421380337,Welvaart_Kwetsbaarheid,entropy,Welvaart
BU19402801,0.26745890844312104,Welvaart_Kwetsbaarheid,entropy,Welvaart
BU19402802,0.2607719890508796,Welvaart_Kwetsbaarheid,entropy,Welvaart
WK194029,0.2533450956089017,Welvaart_Kwetsbaarheid,entropy,Welvaart
BU19402901,0.23980604191116636,Welvaart_Kwetsbaarheid,entropy,Welvaart
WK194030,0.25966172421711087,Welvaart_Kwetsbaarheid,entropy,Welvaart
BU19403001,0.23900578908928016,Welvaart_Kwetsbaarheid,entropy,Welvaart
WK194031,0.2566155399943369,Welvaart_Kwetsbaarheid,entropy,Welvaart
BU19403101,0.26954546686410447,Welvaart_Kwetsbaarheid,entropy,Welvaart
WK194032,0.2593919356003501,Welvaart_Kwetsbaarheid,entropy,Welvaart
BU19403201,0.270581193994629,Welvaart_Kwetsbaarheid,entropy,Welvaart
WK194033,0.29682211036328937,Welvaart_Kwetsbaarheid,entropy,Welvaart
BU19403301,0.3007131302307826,Welvaart_Kwetsbaarheid,entropy,Welvaart
WK194034,0.2964128053729251,Welvaart_Kwetsbaarheid,entropy,Welvaart
BU19403401,0.3022663756024915,Welvaart_Kwetsbaarheid,entropy,Welvaart
WK194035,0.26174136982191926,Welvaart_Kwetsbaarheid,entropy,Welvaart
BU19403501,0.31305950920087333,Welvaart_Kwetsbaarheid,entropy,Welvaart
WK194036,0.2878678833011059,Welvaart_Kwetsbaarheid,entropy,Welvaart
BU19403601,0.2682588790242109,Welvaart_Kwetsbaarheid,entropy,Welvaart
WK194037,0.26137645707425705,Welvaart_Kwetsbaarheid,entropy,Welvaart
BU19403701,0.2505056380904938,Welvaart_Kwetsbaarheid,entropy,Welvaart
WK194038,0.24677872185992544,Welvaart_Kwetsbaarheid,entropy,Welvaart
BU19403801,0.22773420764391372,Welvaart_Kwetsbaarheid,entropy,Welvaart
WK194039,0.29093390923653556,Welvaart_Kwetsbaarheid,entropy,Welvaart
BU19403901,0.2843237326680069,Welvaart_Kwetsbaarheid,entropy,Welvaart
WK194040,0.23640484723374372,Welvaart_Kwetsbaarheid,entropy,Welvaart
BU19404001,0.2474673706815968,Welvaart_Kwetsbaarheid,entropy,Welvaart
WK194041,0.2635454906229603,Welvaart_Kwetsbaarheid,entropy,Welvaart
BU19404101,0.24880919275042335,Welvaart_Kwetsbaarheid,entropy,Welvaart
WK194042,0.24572927422219168,Welvaart_Kwetsbaarheid,entropy,Welvaart
BU19404201,0.2422631161510689,Welvaart_Kwetsbaarheid,entropy,Welvaart
WK194043,0.2452892715219463,Welvaart_Kwetsbaarheid,entropy,Welvaart
BU19404301,0.25233815087595696,Welvaart_Kwetsbaarheid,entropy,Welvaart
WK194044,0.2903406959628927,Welvaart_Kwetsbaarheid,entropy,Welvaart
BU19404401,0.3245181736285748,Welvaart_Kwetsbaarheid,entropy,Welvaart
WK194045,0.2549591328079493,Welvaart_Kwetsbaarheid,entropy,Welvaart
BU19404501,0.25909938722470377,Welvaart_Kwetsbaarheid,entropy,Welvaart
WK194046,0.2721064183075877,Welvaart_Kwetsbaarheid,entropy,Welvaart
BU19404601,0.3237551976863725,Welvaart_Kwetsbaarheid,entropy,Welvaart
WK194047,0.24308199573569314,Welvaart_Kwetsbaarheid,entropy,Welvaart
BU19404701,0.25642074914595964,Welvaart_Kwetsbaarheid,entropy,Welvaart
WK194048,0.2783463349411212,Welvaart_Kwetsbaarheid,entropy,Welvaart
BU19404801,0.2746485410572563,Welvaart_Kwetsbaarheid,entropy,Welvaart
WK194049,0.29548792416582326,Welvaart_Kwetsbaarheid,entropy,Welvaart
BU19404901,0.25468265064454076,Welvaart_Kwetsbaarheid,entropy,Welvaart
WK194050,0.26998962744847094,Welvaart_Kwetsbaarheid,entropy,Welvaart
BU19405001,0.27193526631956394,Welvaart_Kwetsbaarheid,entropy,Welvaart
WK194051,0.2643868406314096,Welvaart_Kwetsbaarheid,entropy,Welvaart
BU19405101,0.2652692287145097,Welvaart_Kwetsbaarheid,entropy,Welvaart
GM0072,0.2432797725688362,Welvaart_Kwetsbaarheid,entropy,Welvaart
WK007200,0.25026211930835146,Welvaart_Kwetsbaarheid,entropy,Welvaart
BU00720001,0.26382029425069586,Welvaart_Kwetsbaarheid,entropy,Welvaart
BU00720002,0.28499433379688793,Welvaart_Kwetsbaarheid,entropy,Welvaart
BU00720003,0.446951620694073,Welvaart_Kwetsbaarheid,entropy,Welvaart
BU00720004,0.2786543480414625,Welvaart_Kwetsbaarheid,entropy,Welvaart
BU00720005,0.25170655202700243,Welvaart_Kwetsbaarheid,entropy,Welvaart
BU00720006,0.26916745587409585,Welvaart_Kwetsbaarheid,entropy,Welvaart
BU00720007,0.2399613031353572,Welvaart_Kwetsbaarheid,entropy,Welvaart
BU00720009,0.2469474976311169,Welvaart_Kwetsbaarheid,entropy,Welvaart
WK007201,0.2238703371585672,Welvaart_Kwetsbaarheid,entropy,Welvaart
BU00720100,0.2906170058761618,Welvaart_Kwetsbaarheid,entropy,Welvaart
BU00720109,0.21228038713477104,Welvaart_Kwetsbaarheid,entropy,Welvaart
WK007202,0.23936418781264146,Welvaart_Kwetsbaarheid,entropy,Welvaart
BU00720200,0.216597236542562,Welvaart_Kwetsbaarheid,entropy,Welvaart
BU00720209,0.25612432233260624,Welvaart_Kwetsbaarheid,entropy,Welvaart
GM0074,0.27000052441993166,Welvaart_Kwetsbaarheid,entropy,Welvaart
WK007401,0.26145003474035106,Welvaart_Kwetsbaarheid,entropy,Welvaart
BU00740100,0.26832306460185523,Welvaart_Kwetsbaarheid,entropy,Welvaart
BU00740101,0.3622013651096625,Welvaart_Kwetsbaarheid,entropy,Welvaart
BU00740102,0.3304015544433943,Welvaart_Kwetsbaarheid,entropy,Welvaart
BU00740103,0.2761121222347768,Welvaart_Kwetsbaarheid,entropy,Welvaart
BU00740104,0.2833088944956316,Welvaart_Kwetsbaarheid,entropy,Welvaart
BU00740105,0.25652060685144606,Welvaart_Kwetsbaarheid,entropy,Welvaart
BU00740106,0.30450626331342795,Welvaart_Kwetsbaarheid,entropy,Welvaart
BU00740107,0.24823032242735468,Welvaart_Kwetsbaarheid,entropy,Welvaart
BU00740108,0.22788222130040445,Welvaart_Kwetsbaarheid,entropy,Welvaart
BU00740109,0.24943395860772388,Welvaart_Kwetsbaarheid,entropy,Welvaart
BU00740110,0.2953279131353773,Welvaart_Kwetsbaarheid,entropy,Welvaart
WK007402,0.27465797751824556,Welvaart_Kwetsbaarheid,entropy,Welvaart
BU00740201,0.2979303745984657,Welvaart_Kwetsbaarheid,entropy,Welvaart
BU00740202,0.25060369864548365,Welvaart_Kwetsbaarheid,entropy,Welvaart
BU00740203,0.24389783378938584,Welvaart_Kwetsbaarheid,entropy,Welvaart
BU00740204,0.279840547118908,Welvaart_Kwetsbaarheid,entropy,Welvaart
BU00740205,0.3035350727573271,Welvaart_Kwetsbaarheid,entropy,Welvaart
WK007403,0.2656398892559274,Welvaart_Kwetsbaarheid,entropy,Welvaart
BU00740301,0.21307996063517565,Welvaart_Kwetsbaarheid,entropy,Welvaart
BU00740302,0.28963594417634353,Welvaart_Kwetsbaarheid,entropy,Welvaart
WK007404,0.2736680411561595,Welvaart_Kwetsbaarheid,entropy,Welvaart
BU00740401,0.34517331806164897,Welvaart_Kwetsbaarheid,entropy,Welvaart
BU00740402,0.24624465480983357,Welvaart_Kwetsbaarheid,entropy,Welvaart
BU00740403,0.30157823081452617,Welvaart_Kwetsbaarheid,entropy,Welvaart
BU00740404,0.25450319822673406,Welvaart_Kwetsbaarheid,entropy,Welvaart
BU00740405,0.2870904839572485,Welvaart_Kwetsbaarheid,entropy,Welvaart
BU00740406,0.268504542159001,Welvaart_Kwetsbaarheid,entropy,Welvaart
BU00740407,0.2882717372890622,Welvaart_Kwetsbaarheid,entropy,Welvaart
WK007406,0.2995251150189993,Welvaart_Kwetsbaarheid,entropy,Welvaart
BU00740601,0.27313979179947306,Welvaart_Kwetsbaarheid,entropy,Welvaart
WK007407,0.2521434944458256,Welvaart_Kwetsbaarheid,entropy,Welvaart
BU00740701,0.2513362669620393,Welvaart_Kwetsbaarheid,entropy,Welvaart
BU00740702,0.23271762736001866,Welvaart_Kwetsbaarheid,entropy,Welvaart
WK007409,0.272178921449936,Welvaart_Kwetsbaarheid,entropy,Welvaart
BU00740901,0.24550180180342085,Welvaart_Kwetsbaarheid,entropy,Welvaart
BU00740902,0.25203292697234747,Welvaart_Kwetsbaarheid,entropy,Welvaart
BU00740903,0.24629962454262766,Welvaart_Kwetsbaarheid,entropy,Welvaart
GM0080,0.29292515321389656,Welvaart_Kwetsbaarheid,entropy,Welvaart
WK008010,0.29005510657701683,Welvaart_Kwetsbaarheid,entropy,Welvaart
BU00801001,0.3627532993888382,Welvaart_Kwetsbaarheid,entropy,Welvaart
BU00801002,0.31734475032308607,Welvaart_Kwetsbaarheid,entropy,Welvaart
BU00801003,0.30152395668396215,Welvaart_Kwetsbaarheid,entropy,Welvaart
BU00801004,0.40802972419083666,Welvaart_Kwetsbaarheid,entropy,Welvaart
BU00801005,0.5235872993579351,Welvaart_Kwetsbaarheid,entropy,Welvaart
BU00801006,0.4357213189621513,Welvaart_Kwetsbaarheid,entropy,Welvaart
BU00801007,0.32954333546545084,Welvaart_Kwetsbaarheid,entropy,Welvaart
BU00801008,0.27577609679162535,Welvaart_Kwetsbaarheid,entropy,Welvaart
WK008011,0.23129212884240474,Welvaart_Kwetsbaarheid,entropy,Welvaart
BU00801101,0.29535202214781364,Welvaart_Kwetsbaarheid,entropy,Welvaart
BU00801102,0.2976959541261046,Welvaart_Kwetsbaarheid,entropy,Welvaart
BU00801103,0.36320610789906027,Welvaart_Kwetsbaarheid,entropy,Welvaart
BU00801104,0.5856184820873,Welvaart_Kwetsbaarheid,entropy,Welvaart
BU00801105,0.5272737348037081,Welvaart_Kwetsbaarheid,entropy,Welvaart
BU00801106,0.22507284145620648,Welvaart_Kwetsbaarheid,entropy,Welvaart
BU00801107,0.366376169777478,Welvaart_Kwetsbaarheid,entropy,Welvaart
BU00801108,0.2924888911798652,Welvaart_Kwetsbaarheid,entropy,Welvaart
BU00801109,0.2826699757686354,Welvaart_Kwetsbaarheid,entropy,Welvaart
WK008020,0.270790251845047,Welvaart_Kwetsbaarheid,entropy,Welvaart
BU00802001,0.44831843029461116,Welvaart_Kwetsbaarheid,entropy,Welvaart
BU00802002,0.3772083308270522,Welvaart_Kwetsbaarheid,entropy,Welvaart
BU00802003,0.3681921631231458,Welvaart_Kwetsbaarheid,entropy,Welvaart
BU00802004,0.2810940444279417,Welvaart_Kwetsbaarheid,entropy,Welvaart
BU00802005,0.26822397294218536,Welvaart_Kwetsbaarheid,entropy,Welvaart
BU00802006,0.41735379027818614,Welvaart_Kwetsbaarheid,entropy,Welvaart
BU00802007,0.47927426894548286,Welvaart_Kwetsbaarheid,entropy,Welvaart
BU00802008,0.3481441143254979,Welvaart_Kwetsbaarheid,entropy,Welvaart
BU00802009,0.4033037945501676,Welvaart_Kwetsbaarheid,entropy,Welvaart
WK008030,0.281802338893552,Welvaart_Kwetsbaarheid,entropy,Welvaart
BU00803001,0.2663848872594973,Welvaart_Kwetsbaarheid,entropy,Welvaart
BU00803002,0.25447173004959783,Welvaart_Kwetsbaarheid,entropy,Welvaart
BU00803003,0.36456737291095076,Welvaart_Kwetsbaarheid,entropy,Welvaart
BU00803004,0.27021629263366753,Welvaart_Kwetsbaarheid,entropy,Welvaart
BU00803005,0.27638353208052235,Welvaart_Kwetsbaarheid,entropy,Welvaart
BU00803006,0.48337558233617195,Welvaart_Kwetsbaarheid,entropy,Welvaart
BU00803007,0.24597815316599592,Welvaart_Kwetsbaarheid,entropy,Welvaart
WK008031,0.24292488429018927,Welvaart_Kwetsbaarheid,entropy,Welvaart
BU00803101,0.222103527398798,Welvaart_Kwetsbaarheid,entropy,Welvaart
BU00803102,0.2970282324330698,Welvaart_Kwetsbaarheid,entropy,Welvaart
WK008032,0.35431743114711206,Welvaart_Kwetsbaarheid,entropy,Welvaart
BU00803201,0.23290382058855508,Welvaart_Kwetsbaarheid,entropy,Welvaart
BU00803202,0.18864276083388368,Welvaart_Kwetsbaarheid,entropy,Welvaart
BU00803203,0.3101084701220052,Welvaart_Kwetsbaarheid,entropy,Welvaart
BU00803204,0.35695929101216495,Welvaart_Kwetsbaarheid,entropy,Welvaart
WK008040,0.29689605900643556,Welvaart_Kwetsbaarheid,entropy,Welvaart
BU00804001,0.3687134358395645,Welvaart_Kwetsbaarheid,entropy,Welvaart
BU00804002,0.21072407398156603,Welvaart_Kwetsbaarheid,entropy,Welvaart
BU00804003,0.191682279641704,Welvaart_Kwetsbaarheid,entropy,Welvaart
BU00804004,0.4089650202567797,Welvaart_Kwetsbaarheid,entropy,Welvaart
WK008041,0.2397859833172134,Welvaart_Kwetsbaarheid,entropy,Welvaart
BU00804101,0.3306221242594283,Welvaart_Kwetsbaarheid,entropy,Welvaart
BU00804102,0.37177964560339366,Welvaart_Kwetsbaarheid,entropy,Welvaart
BU00804103,0.2741158262414809,Welvaart_Kwetsbaarheid,entropy,Welvaart
BU00804104,0.2914254594181246,Welvaart_Kwetsbaarheid,entropy,Welvaart
BU00804105,0.36987304147813577,Welvaart_Kwetsbaarheid,entropy,Welvaart
BU00804106,0.3128556299125989,Welvaart_Kwetsbaarheid,entropy,Welvaart
BU00804107,0.26907311889380664,Welvaart_Kwetsbaarheid,entropy,Welvaart
BU00804108,0.24762085440940085,Welvaart_Kwetsbaarheid,entropy,Welvaart
BU00804109,0.3541383886406271,Welvaart_Kwetsbaarheid,entropy,Welvaart
BU00804110,0.25874614270047763,Welvaart_Kwetsbaarheid,entropy,Welvaart
WK008050,0.3266654245838647,Welvaart_Kwetsbaarheid,entropy,Welvaart
BU00805001,0.6465733613905604,Welvaart_Kwetsbaarheid,entropy,Welvaart
BU00805002,0.4754241578303788,Welvaart_Kwetsbaarheid,entropy,Welvaart
BU00805003,0.21147581073742852,Welvaart_Kwetsbaarheid,entropy,Welvaart
WK008051,0.2555369708131896,Welvaart_Kwetsbaarheid,entropy,Welvaart
BU00805101,0.2884194393922518,Welvaart_Kwetsbaarheid,entropy,Welvaart
BU00805102,0.24958215157843638,Welvaart_Kwetsbaarheid,entropy,Welvaart
BU00805103,0.1891039193046939,Welvaart_Kwetsbaarheid,entropy,Welvaart
BU00805104,0.28015099765468515,Welvaart_Kwetsbaarheid,entropy,Welvaart
BU00805105,0.321279236365512,Welvaart_Kwetsbaarheid,entropy,Welvaart
WK008060,0.238663577595919,Welvaart_Kwetsbaarheid,entropy,Welvaart
BU00806001,0.4709848620674074,Welvaart_Kwetsbaarheid,entropy,Welvaart
BU00806002,0.2085560555124775,Welvaart_Kwetsbaarheid,entropy,Welvaart
BU00806003,0.39935377741437067,Welvaart_Kwetsbaarheid,entropy,Welvaart
WK008061,0.280379429567296,Welvaart_Kwetsbaarheid,entropy,Welvaart
BU00806101,0.47062937768944857,Welvaart_Kwetsbaarheid,entropy,Welvaart
BU00806102,0.45062816988200594,Welvaart_Kwetsbaarheid,entropy,Welvaart
WK008062,0.2772601045355395,Welvaart_Kwetsbaarheid,entropy,Welvaart
BU00806201,0.23087071575763524,Welvaart_Kwetsbaarheid,entropy,Welvaart
BU00806202,0.28933877831221644,Welvaart_Kwetsbaarheid,entropy,Welvaart
BU00806203,0.2669390456753005,Welvaart_Kwetsbaarheid,entropy,Welvaart
BU00806204,0.30721267336560387,Welvaart_Kwetsbaarheid,entropy,Welvaart
BU00806205,0.24277179006949284,Welvaart_Kwetsbaarheid,entropy,Welvaart
BU00806206,0.2862347321626221,Welvaart_Kwetsbaarheid,entropy,Welvaart
BU00806207,0.27723085664656993,Welvaart_Kwetsbaarheid,entropy,Welvaart
BU00806208,0.24151958391308123,Welvaart_Kwetsbaarheid,entropy,Welvaart
BU00806209,0.1838255525963591,Welvaart_Kwetsbaarheid,entropy,Welvaart
BU00806210,0.24190464506811238,Welvaart_Kwetsbaarheid,entropy,Welvaart
WK008063,0.2572052742193217,Welvaart_Kwetsbaarheid,entropy,Welvaart
BU00806301,0.21381331541158904,Welvaart_Kwetsbaarheid,entropy,Welvaart
BU00806302,0.2419039022358206,Welvaart_Kwetsbaarheid,entropy,Welvaart
BU00806303,0.24045267827307165,Welvaart_Kwetsbaarheid,entropy,Welvaart
BU00806304,0.2490968082632871,Welvaart_Kwetsbaarheid,entropy,Welvaart
BU00806305,0.2749359959685429,Welvaart_Kwetsbaarheid,entropy,Welvaart
BU00806306,0.26784508587345857,Welvaart_Kwetsbaarheid,entropy,Welvaart
BU00806307,0.20479165662257462,Welvaart_Kwetsbaarheid,entropy,Welvaart
WK008070,0.26786732704871347,Welvaart_Kwetsbaarheid,entropy,Welvaart
BU00807001,0.2367958881473101,Welvaart_Kwetsbaarheid,entropy,Welvaart
BU00807002,0.24603745064071725,Welvaart_Kwetsbaarheid,entropy,Welvaart
BU00807003,0.2553233566687728,Welvaart_Kwetsbaarheid,entropy,Welvaart
BU00807004,0.33914546450046357,Welvaart_Kwetsbaarheid,entropy,Welvaart
WK008071,0.29381108718581506,Welvaart_Kwetsbaarheid,entropy,Welvaart
BU00807101,0.22076526858915485,Welvaart_Kwetsbaarheid,entropy,Welvaart
WK008072,0.3146019502357008,Welvaart_Kwetsbaarheid,entropy,Welvaart
BU00807201,0.2361943912056902,Welvaart_Kwetsbaarheid,entropy,Welvaart
BU00807202,0.38809020406345823,Welvaart_Kwetsbaarheid,entropy,Welvaart
BU00807203,0.26661313448782925,Welvaart_Kwetsbaarheid,entropy,Welvaart
WK008073,0.29036216918796554,Welvaart_Kwetsbaarheid,entropy,Welvaart
BU00807301,0.22842589057180013,Welvaart_Kwetsbaarheid,entropy,Welvaart
BU00807302,0.2437691046285804,Welvaart_Kwetsbaarheid,entropy,Welvaart
BU00807303,0.2790753350436386,Welvaart_Kwetsbaarheid,entropy,Welvaart
BU00807304,0.25986519647183143,Welvaart_Kwetsbaarheid,entropy,Welvaart
BU00807305,0.24339555432607696,Welvaart_Kwetsbaarheid,entropy,Welvaart
BU00807306,0.2301791622566141,Welvaart_Kwetsbaarheid,entropy,Welvaart
WK008074,0.30221658926121764,Welvaart_Kwetsbaarheid,entropy,Welvaart
BU00807401,0.24434760608015424,Welvaart_Kwetsbaarheid,entropy,Welvaart
BU00807402,0.22511656456124368,Welvaart_Kwetsbaarheid,entropy,Welvaart
BU00807403,0.2506266484091274,Welvaart_Kwetsbaarheid,entropy,Welvaart
BU00807404,0.29444724787096643,Welvaart_Kwetsbaarheid,entropy,Welvaart
BU00807405,0.25640705176069667,Welvaart_Kwetsbaarheid,entropy,Welvaart
WK008080,0.2500068202207868,Welvaart_Kwetsbaarheid,entropy,Welvaart
BU00808001,0.2483701428368597,Welvaart_Kwetsbaarheid,entropy,Welvaart
BU00808002,0.2431516758241917,Welvaart_Kwetsbaarheid,entropy,Welvaart
BU00808003,0.2779277796513041,Welvaart_Kwetsbaarheid,entropy,Welvaart
BU00808004,0.25050089374347245,Welvaart_Kwetsbaarheid,entropy,Welvaart
BU00808005,0.31583644957178664,Welvaart_Kwetsbaarheid,entropy,Welvaart
BU00808006,0.2381177913930574,Welvaart_Kwetsbaarheid,entropy,Welvaart
BU00808007,0.2530290751563348,Welvaart_Kwetsbaarheid,entropy,Welvaart
BU00808008,0.295591253117905,Welvaart_Kwetsbaarheid,entropy,Welvaart
WK008081,0.25720987740195633,Welvaart_Kwetsbaarheid,entropy,Welvaart
BU00808101,0.26577203941106065,Welvaart_Kwetsbaarheid,entropy,Welvaart
BU00808102,0.24995644210276513,Welvaart_Kwetsbaarheid,entropy,Welvaart
BU00808103,0.22340742677917333,Welvaart_Kwetsbaarheid,entropy,Welvaart
BU00808104,0.28189572534372925,Welvaart_Kwetsbaarheid,entropy,Welvaart
BU00808105,0.24249948477686992,Welvaart_Kwetsbaarheid,entropy,Welvaart
BU00808106,0.2975968612594558,Welvaart_Kwetsbaarheid,entropy,Welvaart
BU00808107,0.2782625446889094,Welvaart_Kwetsbaarheid,entropy,Welvaart
BU00808108,0.23705913883612195,Welvaart_Kwetsbaarheid,entropy,Welvaart
BU00808109,0.22502049126335266,Welvaart_Kwetsbaarheid,entropy,Welvaart
BU00808110,0.28085062135937844,Welvaart_Kwetsbaarheid,entropy,Welvaart
BU00808111,0.22296412619375933,Welvaart_Kwetsbaarheid,entropy,Welvaart
BU00808112,0.2860869931141141,Welvaart_Kwetsbaarheid,entropy,Welvaart
BU00808113,0.2357307288354395,Welvaart_Kwetsbaarheid,entropy,Welvaart
BU00808114,0.24566112601443263,Welvaart_Kwetsbaarheid,entropy,Welvaart
BU00808115,0.22964052338319604,Welvaart_Kwetsbaarheid,entropy,Welvaart
BU00808116,0.20991206815424857,Welvaart_Kwetsbaarheid,entropy,Welvaart
BU00808117,0.28380719783689135,Welvaart_Kwetsbaarheid,entropy,Welvaart
WK008082,0.2570945469474822,Welvaart_Kwetsbaarheid,entropy,Welvaart
BU00808201,0.2357644390247865,Welvaart_Kwetsbaarheid,entropy,Welvaart
BU00808202,0.2667865893523312,Welvaart_Kwetsbaarheid,entropy,Welvaart
BU00808203,0.2667025746401007,Welvaart_Kwetsbaarheid,entropy,Welvaart
BU00808204,0.2172336047143858,Welvaart_Kwetsbaarheid,entropy,Welvaart
BU00808205,0.2583839432201089,Welvaart_Kwetsbaarheid,entropy,Welvaart
BU00808206,0.26319636121171175,Welvaart_Kwetsbaarheid,entropy,Welvaart
BU00808207,0.3327007011364301,Welvaart_Kwetsbaarheid,entropy,Welvaart
BU00808208,0.24997258917035137,Welvaart_Kwetsbaarheid,entropy,Welvaart
BU00808209,0.28296982604660204,Welvaart_Kwetsbaarheid,entropy,Welvaart
GM1970,0.26694634078886825,Welvaart_Kwetsbaarheid,entropy,Welvaart
WK197000,0.26057089282287804,Welvaart_Kwetsbaarheid,entropy,Welvaart
BU19700000,0.28017109486919484,Welvaart_Kwetsbaarheid,entropy,Welvaart
BU19700001,0.2657381772975098,Welvaart_Kwetsbaarheid,entropy,Welvaart
BU19700002,0.3319511356078354,Welvaart_Kwetsbaarheid,entropy,Welvaart
BU19700003,0.2898868080691978,Welvaart_Kwetsbaarheid,entropy,Welvaart
BU19700004,0.22918713601402224,Welvaart_Kwetsbaarheid,entropy,Welvaart
BU19700005,0.2854846977925477,Welvaart_Kwetsbaarheid,entropy,Welvaart
BU19700006,0.2081445624948641,Welvaart_Kwetsbaarheid,entropy,Welvaart
BU19700007,0.2571544846476355,Welvaart_Kwetsbaarheid,entropy,Welvaart
BU19700008,0.1983248248044196,Welvaart_Kwetsbaarheid,entropy,Welvaart
BU19700009,0.25165937120435733,Welvaart_Kwetsbaarheid,entropy,Welvaart
BU19700010,0.21438251728280133,Welvaart_Kwetsbaarheid,entropy,Welvaart
BU19700011,0.30865667709215394,Welvaart_Kwetsbaarheid,entropy,Welvaart
WK197001,0.24681786500529596,Welvaart_Kwetsbaarheid,entropy,Welvaart
BU19700100,0.22997350024015611,Welvaart_Kwetsbaarheid,entropy,Welvaart
BU19700101,0.24295143702521205,Welvaart_Kwetsbaarheid,entropy,Welvaart
BU19700102,0.21177158262509674,Welvaart_Kwetsbaarheid,entropy,Welvaart
BU19700103,0.27520890898990874,Welvaart_Kwetsbaarheid,entropy,Welvaart
BU19700104,0.21787464822838704,Welvaart_Kwetsbaarheid,entropy,Welvaart
BU19700105,0.23206319288229632,Welvaart_Kwetsbaarheid,entropy,Welvaart
BU19700107,0.2758354848564019,Welvaart_Kwetsbaarheid,entropy,Welvaart
BU19700108,0.23171335313891747,Welvaart_Kwetsbaarheid,entropy,Welvaart
BU19700109,0.21453119344349933,Welvaart_Kwetsbaarheid,entropy,Welvaart
WK197002,0.24006005490979282,Welvaart_Kwetsbaarheid,entropy,Welvaart
BU19700200,0.22676354128272183,Welvaart_Kwetsbaarheid,entropy,Welvaart
BU19700201,0.24417936788211764,Welvaart_Kwetsbaarheid,entropy,Welvaart
BU19700202,0.256784575497575,Welvaart_Kwetsbaarheid,entropy,Welvaart
BU19700208,0.22779409010849458,Welvaart_Kwetsbaarheid,entropy,Welvaart
BU19700209,0.28547911890872113,Welvaart_Kwetsbaarheid,entropy,Welvaart
WK197003,0.24542483969795664,Welvaart_Kwetsbaarheid,entropy,Welvaart
BU19700300,0.2449678774630597,Welvaart_Kwetsbaarheid,entropy,Welvaart
BU19700301,0.2025852510327845,Welvaart_Kwetsbaarheid,entropy,Welvaart
BU19700302,0.2402493542685631,Welvaart_Kwetsbaarheid,entropy,Welvaart
BU19700303,0.2624403805475275,Welvaart_Kwetsbaarheid,entropy,Welvaart
BU19700307,0.2506828434320332,Welvaart_Kwetsbaarheid,entropy,Welvaart
BU19700308,0.27655181038377724,Welvaart_Kwetsbaarheid,entropy,Welvaart
BU19700309,0.2546733859233168,Welvaart_Kwetsbaarheid,entropy,Welvaart
WK197004,0.22237546364248348,Welvaart_Kwetsbaarheid,entropy,Welvaart
BU19700400,0.22013240763389597,Welvaart_Kwetsbaarheid,entropy,Welvaart
BU19700401,0.30605181261057224,Welvaart_Kwetsbaarheid,entropy,Welvaart
BU19700408,0.2533298088818504,Welvaart_Kwetsbaarheid,entropy,Welvaart
BU19700409,0.2931025500160529,Welvaart_Kwetsbaarheid,entropy,Welvaart
WK197005,0.24043716610320734,Welvaart_Kwetsbaarheid,entropy,Welvaart
BU19700500,0.263033304800376,Welvaart_Kwetsbaarheid,entropy,Welvaart
BU19700501,0.24286452960966592,Welvaart_Kwetsbaarheid,entropy,Welvaart
BU19700502,0.24180615649238565,Welvaart_Kwetsbaarheid,entropy,Welvaart
BU19700503,0.220362899067718,Welvaart_Kwetsbaarheid,entropy,Welvaart
BU19700506,0.25621044997271214,Welvaart_Kwetsbaarheid,entropy,Welvaart
BU19700507,0.28683060286755174,Welvaart_Kwetsbaarheid,entropy,Welvaart
BU19700508,0.31219457038256465,Welvaart_Kwetsbaarheid,entropy,Welvaart
BU19700509,0.27085143761015706,Welvaart_Kwetsbaarheid,entropy,Welvaart
WK197006,0.23792932031934372,Welvaart_Kwetsbaarheid,entropy,Welvaart
BU19700600,0.30346419863976204,Welvaart_Kwetsbaarheid,entropy,Welvaart
BU19700601,0.2722173175580688,Welvaart_Kwetsbaarheid,entropy,Welvaart
BU19700602,0.2587400736417134,Welvaart_Kwetsbaarheid,entropy,Welvaart
BU19700603,0.2709742230084879,Welvaart_Kwetsbaarheid,entropy,Welvaart
BU19700604,0.23371167801729262,Welvaart_Kwetsbaarheid,entropy,Welvaart
BU19700605,0.23114393404274786,Welvaart_Kwetsbaarheid,entropy,Welvaart
BU19700608,0.247097294442099,Welvaart_Kwetsbaarheid,entropy,Welvaart
BU19700609,0.26535250847031777,Welvaart_Kwetsbaarheid,entropy,Welvaart
WK197007,0.25506949346034236,Welvaart_Kwetsbaarheid,entropy,Welvaart
BU19700700,0.24329515967419363,Welvaart_Kwetsbaarheid,entropy,Welvaart
BU19700701,0.2660690220958759,Welvaart_Kwetsbaarheid,entropy,Welvaart
BU19700702,0.2663130698642182,Welvaart_Kwetsbaarheid,entropy,Welvaart
BU19700703,0.2665250269512728,Welvaart_Kwetsbaarheid,entropy,Welvaart
BU19700708,0.22159228798511788,Welvaart_Kwetsbaarheid,entropy,Welvaart
BU19700709,0.2939854421183284,Welvaart_Kwetsbaarheid,entropy,Welvaart
WK197008,0.2405120875120781,Welvaart_Kwetsbaarheid,entropy,Welvaart
BU19700800,0.24223169563759844,Welvaart_Kwetsbaarheid,entropy,Welvaart
BU19700801,0.24552554087202627,Welvaart_Kwetsbaarheid,entropy,Welvaart
BU19700802,0.23087401452067963,Welvaart_Kwetsbaarheid,entropy,Welvaart
BU19700803,0.22324730340706286,Welvaart_Kwetsbaarheid,entropy,Welvaart
BU19700807,0.2739446254212643,Welvaart_Kwetsbaarheid,entropy,Welvaart
BU19700808,0.24097117550463076,Welvaart_Kwetsbaarheid,entropy,Welvaart
BU19700809,0.2570504718912739,Welvaart_Kwetsbaarheid,entropy,Welvaart
WK197009,0.24262202811401337,Welvaart_Kwetsbaarheid,entropy,Welvaart
BU19700900,0.23111517675122972,Welvaart_Kwetsbaarheid,entropy,Welvaart
BU19700909,0.2583388105184165,Welvaart_Kwetsbaarheid,entropy,Welvaart
WK197010,0.257626536155796,Welvaart_Kwetsbaarheid,entropy,Welvaart
BU19701000,0.23115860340772143,Welvaart_Kwetsbaarheid,entropy,Welvaart
BU19701001,0.30320847873163126,Welvaart_Kwetsbaarheid,entropy,Welvaart
BU19701002,0.2829389101241378,Welvaart_Kwetsbaarheid,entropy,Welvaart
BU19701003,0.24343764260679832,Welvaart_Kwetsbaarheid,entropy,Welvaart
BU19701004,0.24485946039694373,Welvaart_Kwetsbaarheid,entropy,Welvaart
BU19701005,0.23940274629400154,Welvaart_Kwetsbaarheid,entropy,Welvaart
BU19701006,0.3065094675774421,Welvaart_Kwetsbaarheid,entropy,Welvaart
BU19701008,0.29044121904394415,Welvaart_Kwetsbaarheid,entropy,Welvaart
BU19701009,0.2770995399066984,Welvaart_Kwetsbaarheid,entropy,Welvaart
WK197011,0.2619383230892792,Welvaart_Kwetsbaarheid,entropy,Welvaart
BU19701100,0.25104112503521037,Welvaart_Kwetsbaarheid,entropy,Welvaart
BU19701109,0.28154225728808174,Welvaart_Kwetsbaarheid,entropy,Welvaart
WK197012,0.24544428964074388,Welvaart_Kwetsbaarheid,entropy,Welvaart
BU19701200,0.20100050927369298,Welvaart_Kwetsbaarheid,entropy,Welvaart
BU19701201,0.23436466684718268,Welvaart_Kwetsbaarheid,entropy,Welvaart
BU19701202,0.29062497410355365,Welvaart_Kwetsbaarheid,entropy,Welvaart
BU19701203,0.25459106687540234,Welvaart_Kwetsbaarheid,entropy,Welvaart
BU19701204,0.24329454196860387,Welvaart_Kwetsbaarheid,entropy,Welvaart
BU19701206,0.2560407659516041,Welvaart_Kwetsbaarheid,entropy,Welvaart
BU19701207,0.2395385134379459,Welvaart_Kwetsbaarheid,entropy,Welvaart
BU19701208,0.27839691213498724,Welvaart_Kwetsbaarheid,entropy,Welvaart
BU19701209,0.27281919335504684,Welvaart_Kwetsbaarheid,entropy,Welvaart
WK197013,0.26592005522985696,Welvaart_Kwetsbaarheid,entropy,Welvaart
BU19701300,0.2554984941696574,Welvaart_Kwetsbaarheid,entropy,Welvaart
BU19701301,0.2640075014579718,Welvaart_Kwetsbaarheid,entropy,Welvaart
BU19701302,0.21375528467636642,Welvaart_Kwetsbaarheid,entropy,Welvaart
BU19701308,0.2498271853565499,Welvaart_Kwetsbaarheid,entropy,Welvaart
BU19701309,0.27069281393976163,Welvaart_Kwetsbaarheid,entropy,Welvaart
WK197014,0.2609080648705412,Welvaart_Kwetsbaarheid,entropy,Welvaart
BU19701400,0.25829606028892615,Welvaart_Kwetsbaarheid,entropy,Welvaart
BU19701401,0.29426333207776323,Welvaart_Kwetsbaarheid,entropy,Welvaart
BU19701402,0.23889654670262084,Welvaart_Kwetsbaarheid,entropy,Welvaart
BU19701409,0.27784346221179806,Welvaart_Kwetsbaarheid,entropy,Welvaart
GM0085,0.27011125169177114,Welvaart_Kwetsbaarheid,entropy,Welvaart
WK008501,0.2583486906172504,Welvaart_Kwetsbaarheid,entropy,Welvaart
BU00850101,0.247566503710288,Welvaart_Kwetsbaarheid,entropy,Welvaart
BU00850102,0.2847795953696622,Welvaart_Kwetsbaarheid,entropy,Welvaart
BU00850103,0.1974183243139081,Welvaart_Kwetsbaarheid,entropy,Welvaart
BU00850104,0.31129177495579796,Welvaart_Kwetsbaarheid,entropy,Welvaart
BU00850105,0.4165914400649041,Welvaart_Kwetsbaarheid,entropy,Welvaart
BU00850106,0.21713964483492587,Welvaart_Kwetsbaarheid,entropy,Welvaart
BU00850107,0.28098322414403626,Welvaart_Kwetsbaarheid,entropy,Welvaart
BU00850108,0.26313179372552903,Welvaart_Kwetsbaarheid,entropy,Welvaart
BU00850109,0.3000813445926401,Welvaart_Kwetsbaarheid,entropy,Welvaart
BU00850110,0.2254213082909668,Welvaart_Kwetsbaarheid,entropy,Welvaart
BU00850111,0.2851330586669003,Welvaart_Kwetsbaarheid,entropy,Welvaart
WK008502,0.2613485172589972,Welvaart_Kwetsbaarheid,entropy,Welvaart
BU00850201,0.20949796157628311,Welvaart_Kwetsbaarheid,entropy,Welvaart
BU00850202,0.28923201331306686,Welvaart_Kwetsbaarheid,entropy,Welvaart
BU00850203,0.27429473515991754,Welvaart_Kwetsbaarheid,entropy,Welvaart
WK008503,0.26717666271929447,Welvaart_Kwetsbaarheid,entropy,Welvaart
BU00850301,0.26697180522251074,Welvaart_Kwetsbaarheid,entropy,Welvaart
BU00850302,0.323623118857172,Welvaart_Kwetsbaarheid,entropy,Welvaart
WK008504,0.30692238512959624,Welvaart_Kwetsbaarheid,entropy,Welvaart
BU00850401,0.2842449592767751,Welvaart_Kwetsbaarheid,entropy,Welvaart
BU00850402,0.3289603673053291,Welvaart_Kwetsbaarheid,entropy,Welvaart
WK008505,0.27773646304630395,Welvaart_Kwetsbaarheid,entropy,Welvaart
BU00850501,0.2356504646398607,Welvaart_Kwetsbaarheid,entropy,Welvaart
BU00850502,0.33770681427442617,Welvaart_Kwetsbaarheid,entropy,Welvaart
WK008506,0.26365621789479976,Welvaart_Kwetsbaarheid,entropy,Welvaart
BU00850601,0.3054068244451469,Welvaart_Kwetsbaarheid,entropy,Welvaart
BU00850602,0.26938878651318987,Welvaart_Kwetsbaarheid,entropy,Welvaart
BU00850603,0.2666590041749727,Welvaart_Kwetsbaarheid,entropy,Welvaart
BU00850604,0.22705948831868414,Welvaart_Kwetsbaarheid,entropy,Welvaart
BU00850605,0.2848930287981957,Welvaart_Kwetsbaarheid,entropy,Welvaart
BU00850606,0.29079621244710524,Welvaart_Kwetsbaarheid,entropy,Welvaart
BU00850607,0.3530131787854171,Welvaart_Kwetsbaarheid,entropy,Welvaart
BU00850608,0.2555313332647756,Welvaart_Kwetsbaarheid,entropy,Welvaart
WK008507,0.25470536988867976,Welvaart_Kwetsbaarheid,entropy,Welvaart
BU00850701,0.2687544741387186,Welvaart_Kwetsbaarheid,entropy,Welvaart
BU00850702,0.3037795740196601,Welvaart_Kwetsbaarheid,entropy,Welvaart
WK008508,0.25844463698281955,Welvaart_Kwetsbaarheid,entropy,Welvaart
BU00850801,0.24066499731183633,Welvaart_Kwetsbaarheid,entropy,Welvaart
BU00850802,0.28130555479029135,Welvaart_Kwetsbaarheid,entropy,Welvaart
WK008509,0.25634959473187674,Welvaart_Kwetsbaarheid,entropy,Welvaart
BU00850901,0.25884338490287695,Welvaart_Kwetsbaarheid,entropy,Welvaart
BU00850902,0.2920553614983009,Welvaart_Kwetsbaarheid,entropy,Welvaart
WK008510,0.25172341971484313,Welvaart_Kwetsbaarheid,entropy,Welvaart
BU00851001,0.25017521762488,Welvaart_Kwetsbaarheid,entropy,Welvaart
BU00851002,0.26693755325852686,Welvaart_Kwetsbaarheid,entropy,Welvaart
BU00851003,0.312355532647275,Welvaart_Kwetsbaarheid,entropy,Welvaart
WK008511,0.2585716794927823,Welvaart_Kwetsbaarheid,entropy,Welvaart
BU00851101,0.229218486330017,Welvaart_Kwetsbaarheid,entropy,Welvaart
BU00851102,0.2395958572627514,Welvaart_Kwetsbaarheid,entropy,Welvaart
BU00851103,0.2889546981314469,Welvaart_Kwetsbaarheid,entropy,Welvaart
BU00851104,0.3506396589642975,Welvaart_Kwetsbaarheid,entropy,Welvaart
BU00851105,0.3002556228971141,Welvaart_Kwetsbaarheid,entropy,Welvaart
BU00851106,0.2737854394277772,Welvaart_Kwetsbaarheid,entropy,Welvaart
BU00851107,0.29023146714430514,Welvaart_Kwetsbaarheid,entropy,Welvaart
BU00851108,0.3973546219235865,Welvaart_Kwetsbaarheid,entropy,Welvaart
BU00851109,0.2305581955011844,Welvaart_Kwetsbaarheid,entropy,Welvaart
BU00851110,0.24605333644853872,Welvaart_Kwetsbaarheid,entropy,Welvaart
BU00851111,0.2209765659230679,Welvaart_Kwetsbaarheid,entropy,Welvaart
BU00851112,0.3109354218974742,Welvaart_Kwetsbaarheid,entropy,Welvaart
BU00851113,0.26825664538631433,Welvaart_Kwetsbaarheid,entropy,Welvaart
BU00851114,0.19351767526120547,Welvaart_Kwetsbaarheid,entropy,Welvaart
BU00851115,0.30538387183639915,Welvaart_Kwetsbaarheid,entropy,Welvaart
BU00851116,0.5043671258318935,Welvaart_Kwetsbaarheid,entropy,Welvaart
BU00851117,0.32504214608942084,Welvaart_Kwetsbaarheid,entropy,Welvaart
BU00851118,0.26552660823226754,Welvaart_Kwetsbaarheid,entropy,Welvaart
WK008512,0.27449772158554686,Welvaart_Kwetsbaarheid,entropy,Welvaart
BU00851201,0.27213362925700313,Welvaart_Kwetsbaarheid,entropy,Welvaart
BU00851202,0.31350315038590615,Welvaart_Kwetsbaarheid,entropy,Welvaart
WK008513,0.26387477503844814,Welvaart_Kwetsbaarheid,entropy,Welvaart
BU00851301,0.22866394947615487,Welvaart_Kwetsbaarheid,entropy,Welvaart
BU00851302,0.27154992537888384,Welvaart_Kwetsbaarheid,entropy,Welvaart
GM0086,0.27989254005581393,Welvaart_Kwetsbaarheid,entropy,Welvaart
WK008601,0.26169577838431574,Welvaart_Kwetsbaarheid,entropy,Welvaart
BU00860101,0.17326914682442257,Welvaart_Kwetsbaarheid,entropy,Welvaart
BU00860102,0.2348653221635153,Welvaart_Kwetsbaarheid,entropy,Welvaart
BU00860103,0.2931024456317571,Welvaart_Kwetsbaarheid,entropy,Welvaart
WK008602,0.2661953423801714,Welvaart_Kwetsbaarheid,entropy,Welvaart
BU00860201,0.2679173849753749,Welvaart_Kwetsbaarheid,entropy,Welvaart
BU00860202,0.2718857532900058,Welvaart_Kwetsbaarheid,entropy,Welvaart
BU00860203,0.24701265140066392,Welvaart_Kwetsbaarheid,entropy,Welvaart
BU00860204,0.28350960667111125,Welvaart_Kwetsbaarheid,entropy,Welvaart
BU00860205,0.230064693185351,Welvaart_Kwetsbaarheid,entropy,Welvaart
BU00860206,0.2589116797862581,Welvaart_Kwetsbaarheid,entropy,Welvaart
BU00860207,0.22463556239788757,Welvaart_Kwetsbaarheid,entropy,Welvaart
BU00860208,0.29088107066647695,Welvaart_Kwetsbaarheid,entropy,Welvaart
BU00860209,0.352792328965958,Welvaart_Kwetsbaarheid,entropy,Welvaart
WK008604,0.257530549828818,Welvaart_Kwetsbaarheid,entropy,Welvaart
BU00860401,0.21924741296611422,Welvaart_Kwetsbaarheid,entropy,Welvaart
BU00860402,0.23642280799477722,Welvaart_Kwetsbaarheid,entropy,Welvaart
WK008605,0.2559706937170473,Welvaart_Kwetsbaarheid,entropy,Welvaart
BU00860501,0.2662799493608421,Welvaart_Kwetsbaarheid,entropy,Welvaart
BU00860502,0.2914893528871556,Welvaart_Kwetsbaarheid,entropy,Welvaart
BU00860503,0.27151848048421773,Welvaart_Kwetsbaarheid,entropy,Welvaart
BU00860504,0.20692212528839102,Welvaart_Kwetsbaarheid,entropy,Welvaart
BU00860505,0.24975253668484165,Welvaart_Kwetsbaarheid,entropy,Welvaart
BU00860506,0.3368277137569638,Welvaart_Kwetsbaarheid,entropy,Welvaart
BU00860507,0.22564851032964525,Welvaart_Kwetsbaarheid,entropy,Welvaart
BU00860508,0.25115710366923544,Welvaart_Kwetsbaarheid,entropy,Welvaart
WK008606,0.25626851488386254,Welvaart_Kwetsbaarheid,entropy,Welvaart
BU00860601,0.2616882320241919,Welvaart_Kwetsbaarheid,entropy,Welvaart
BU00860602,0.34418750223118455,Welvaart_Kwetsbaarheid,entropy,Welvaart
WK008607,0.265403291110534,Welvaart_Kwetsbaarheid,entropy,Welvaart
BU00860701,0.32422228786754875,Welvaart_Kwetsbaarheid,entropy,Welvaart
BU00860702,0.30063814497392194,Welvaart_Kwetsbaarheid,entropy,Welvaart
WK008608,0.25705754433959255,Welvaart_Kwetsbaarheid,entropy,Welvaart
BU00860801,0.26270813093853834,Welvaart_Kwetsbaarheid,entropy,Welvaart
BU00860802,0.24774418042297658,Welvaart_Kwetsbaarheid,entropy,Welvaart
WK008609,0.25465495531689974,Welvaart_Kwetsbaarheid,entropy,Welvaart
BU00860901,0.26448332358060067,Welvaart_Kwetsbaarheid,entropy,Welvaart
BU00860902,0.2969770235817923,Welvaart_Kwetsbaarheid,entropy,Welvaart
WK008610,0.2754384353070828,Welvaart_Kwetsbaarheid,entropy,Welvaart
BU00861001,0.23608868242319667,Welvaart_Kwetsbaarheid,entropy,Welvaart
BU00861002,0.3117094935744759,Welvaart_Kwetsbaarheid,entropy,Welvaart
WK008611,0.26027390939442374,Welvaart_Kwetsbaarheid,entropy,Welvaart
BU00861101,0.25747472567870155,Welvaart_Kwetsbaarheid,entropy,Welvaart
BU00861102,0.3108832158525429,Welvaart_Kwetsbaarheid,entropy,Welvaart
WK008613,0.27391484759326445,Welvaart_Kwetsbaarheid,entropy,Welvaart
BU00861301,0.23394250443970951,Welvaart_Kwetsbaarheid,entropy,Welvaart
BU00861302,0.2995602076902282,Welvaart_Kwetsbaarheid,entropy,Welvaart
WK008614,0.2642902573571163,Welvaart_Kwetsbaarheid,entropy,Welvaart
BU00861401,0.26065060010254465,Welvaart_Kwetsbaarheid,entropy,Welvaart
BU00861402,0.2931003348156945,Welvaart_Kwetsbaarheid,entropy,Welvaart
WK008615,0.2539796705373268,Welvaart_Kwetsbaarheid,entropy,Welvaart
BU00861501,0.24851171925637044,Welvaart_Kwetsbaarheid,entropy,Welvaart
BU00861502,0.28512074209785043,Welvaart_Kwetsbaarheid,entropy,Welvaart
WK008616,0.266994379878046,Welvaart_Kwetsbaarheid,entropy,Welvaart
BU00861601,0.2713293974945956,Welvaart_Kwetsbaarheid,entropy,Welvaart
BU00861602,0.2586407793484825,Welvaart_Kwetsbaarheid,entropy,Welvaart
BU00861603,0.27473263984539853,Welvaart_Kwetsbaarheid,entropy,Welvaart
BU00861604,0.3166361191695171,Welvaart_Kwetsbaarheid,entropy,Welvaart
BU00861605,0.22551036968922672,Welvaart_Kwetsbaarheid,entropy,Welvaart
BU00861606,0.2498346400188589,Welvaart_Kwetsbaarheid,entropy,Welvaart
BU00861607,0.2666328235062869,Welvaart_Kwetsbaarheid,entropy,Welvaart
WK008617,0.26428410289206383,Welvaart_Kwetsbaarheid,entropy,Welvaart
BU00861701,0.3088742959573808,Welvaart_Kwetsbaarheid,entropy,Welvaart
BU00861702,0.2622910910667659,Welvaart_Kwetsbaarheid,entropy,Welvaart
BU00861703,0.28033892598833565,Welvaart_Kwetsbaarheid,entropy,Welvaart
GM0088,0.24819568447225593,Welvaart_Kwetsbaarheid,entropy,Welvaart
WK008800,0.2638514814182734,Welvaart_Kwetsbaarheid,entropy,Welvaart
BU00880000,0.2865783570031252,Welvaart_Kwetsbaarheid,entropy,Welvaart
BU00880009,0.28468029044455456,Welvaart_Kwetsbaarheid,entropy,Welvaart
GM0090,0.27004615058011605,Welvaart_Kwetsbaarheid,entropy,Welvaart
WK009001,0.31300869175591867,Welvaart_Kwetsbaarheid,entropy,Welvaart
BU00900101,0.25087559786505137,Welvaart_Kwetsbaarheid,entropy,Welvaart
WK009002,0.22518279753497078,Welvaart_Kwetsbaarheid,entropy,Welvaart
BU00900201,0.37601365450434565,Welvaart_Kwetsbaarheid,entropy,Welvaart
BU00900202,0.3479656892083346,Welvaart_Kwetsbaarheid,entropy,Welvaart
BU00900203,0.3493723162762914,Welvaart_Kwetsbaarheid,entropy,Welvaart
BU00900204,0.33871188599477564,Welvaart_Kwetsbaarheid,entropy,Welvaart
BU00900205,0.35458206666947445,Welvaart_Kwetsbaarheid,entropy,Welvaart
BU00900206,0.21402852282464724,Welvaart_Kwetsbaarheid,entropy,Welvaart
WK009003,0.24802097185728972,Welvaart_Kwetsbaarheid,entropy,Welvaart
BU00900301,0.2045940884789089,Welvaart_Kwetsbaarheid,entropy,Welvaart
BU00900302,0.19000033264885663,Welvaart_Kwetsbaarheid,entropy,Welvaart
BU00900303,0.19406386042070328,Welvaart_Kwetsbaarheid,entropy,Welvaart
BU00900304,0.20657382685753392,Welvaart_Kwetsbaarheid,entropy,Welvaart
WK009004,0.26002272604984894,Welvaart_Kwetsbaarheid,entropy,Welvaart
BU00900401,0.24180855113550476,Welvaart_Kwetsbaarheid,entropy,Welvaart
BU00900402,0.26220464362087903,Welvaart_Kwetsbaarheid,entropy,Welvaart
BU00900403,0.22888516172933904,Welvaart_Kwetsbaarheid,entropy,Welvaart
BU00900404,0.23205007263224192,Welvaart_Kwetsbaarheid,entropy,Welvaart
BU00900405,0.2516126493603275,Welvaart_Kwetsbaarheid,entropy,Welvaart
BU00900406,0.22578535193809127,Welvaart_Kwetsbaarheid,entropy,Welvaart
WK009005,0.32746372586572753,Welvaart_Kwetsbaarheid,entropy,Welvaart
BU00900501,0.26635942371309446,Welvaart_Kwetsbaarheid,entropy,Welvaart
BU00900502,0.28787892252040065,Welvaart_Kwetsbaarheid,entropy,Welvaart
WK009006,0.24385396482485283,Welvaart_Kwetsbaarheid,entropy,Welvaart
BU00900601,0.2873273280851434,Welvaart_Kwetsbaarheid,entropy,Welvaart
BU00900602,0.2673023673182291,Welvaart_Kwetsbaarheid,entropy,Welvaart
BU00900603,0.3072415615802182,Welvaart_Kwetsbaarheid,entropy,Welvaart
WK009007,0.2581543628766895,Welvaart_Kwetsbaarheid,entropy,Welvaart
BU00900701,0.22359854617786729,Welvaart_Kwetsbaarheid,entropy,Welvaart
BU00900702,0.2601513749932745,Welvaart_Kwetsbaarheid,entropy,Welvaart
BU00900703,0.21704726982838252,Welvaart_Kwetsbaarheid,entropy,Welvaart
BU00900704,0.21138078789786,Welvaart_Kwetsbaarheid,entropy,Welvaart
BU00900705,0.261991093523595,Welvaart_Kwetsbaarheid,entropy,Welvaart
BU00900706,0.24698882259229404,Welvaart_Kwetsbaarheid,entropy,Welvaart
WK009008,0.26179258901230856,Welvaart_Kwetsbaarheid,entropy,Welvaart
BU00900801,0.28337547853956946,Welvaart_Kwetsbaarheid,entropy,Welvaart
BU00900802,0.28847583691236167,Welvaart_Kwetsbaarheid,entropy,Welvaart
BU00900803,0.29814506275311636,Welvaart_Kwetsbaarheid,entropy,Welvaart
WK009009,0.2762025859325872,Welvaart_Kwetsbaarheid,entropy,Welvaart
BU00900901,0.32769716511196434,Welvaart_Kwetsbaarheid,entropy,Welvaart
BU00900902,0.3081996894955338,Welvaart_Kwetsbaarheid,entropy,Welvaart
BU00900903,0.32899306490808167,Welvaart_Kwetsbaarheid,entropy,Welvaart
BU00900904,0.2916261952868565,Welvaart_Kwetsbaarheid,entropy,Welvaart
WK009010,0.27864425853212926,Welvaart_Kwetsbaarheid,entropy,Welvaart
BU00901001,0.3983013543608136,Welvaart_Kwetsbaarheid,entropy,Welvaart
BU00901002,0.3936190891181144,Welvaart_Kwetsbaarheid,entropy,Welvaart
BU00901003,0.39654307052586757,Welvaart_Kwetsbaarheid,entropy,Welvaart
BU00901004,0.39590485810354425,Welvaart_Kwetsbaarheid,entropy,Welvaart
WK009011,0.26515380725705656,Welvaart_Kwetsbaarheid,entropy,Welvaart
BU00901101,0.2842531966535766,Welvaart_Kwetsbaarheid,entropy,Welvaart
WK009012,0.269035899164982,Welvaart_Kwetsbaarheid,entropy,Welvaart
BU00901201,0.23331862676809675,Welvaart_Kwetsbaarheid,entropy,Welvaart
BU00901202,0.2572358227228457,Welvaart_Kwetsbaarheid,entropy,Welvaart
WK009013,0.23984958543500387,Welvaart_Kwetsbaarheid,entropy,Welvaart
BU00901301,0.27539863760016625,Welvaart_Kwetsbaarheid,entropy,Welvaart
BU00901302,0.30760138298839274,Welvaart_Kwetsbaarheid,entropy,Welvaart
BU00901303,0.24486521290493435,Welvaart_Kwetsbaarheid,entropy,Welvaart
WK009021,0.2710254003210651,Welvaart_Kwetsbaarheid,entropy,Welvaart
BU00902104,0.23202849096061398,Welvaart_Kwetsbaarheid,entropy,Welvaart
BU00902105,0.2507119257712266,Welvaart_Kwetsbaarheid,entropy,Welvaart
BU00902109,0.2605681347806643,Welvaart_Kwetsbaarheid,entropy,Welvaart
BU00902110,0.24971035902319133,Welvaart_Kwetsbaarheid,entropy,Welvaart
BU00902114,0.2618137623373632,Welvaart_Kwetsbaarheid,entropy,Welvaart
WK009022,0.2873280636818275,Welvaart_Kwetsbaarheid,entropy,Welvaart
BU00902201,0.3048463647469423,Welvaart_Kwetsbaarheid,entropy,Welvaart
BU00902202,0.28176210688450065,Welvaart_Kwetsbaarheid,entropy,Welvaart
BU00902203,0.32367436326787186,Welvaart_Kwetsbaarheid,entropy,Welvaart
BU00902206,0.27489929286852194,Welvaart_Kwetsbaarheid,entropy,Welvaart
BU00902212,0.3193732420743229,Welvaart_Kwetsbaarheid,entropy,Welvaart
BU00902213,0.31111012739009325,Welvaart_Kwetsbaarheid,entropy,Welvaart
BU00902215,0.288287892442896,Welvaart_Kwetsbaarheid,entropy,Welvaart
BU00902216,0.31725121454671673,Welvaart_Kwetsbaarheid,entropy,Welvaart
WK009023,0.2719201519190462,Welvaart_Kwetsbaarheid,entropy,Welvaart
BU00902307,0.24291106652631392,Welvaart_Kwetsbaarheid,entropy,Welvaart
BU00902308,0.29524635115426995,Welvaart_Kwetsbaarheid,entropy,Welvaart
BU00902311,0.26227633010153273,Welvaart_Kwetsbaarheid,entropy,Welvaart
GM1900,0.26736309866751257,Welvaart_Kwetsbaarheid,entropy,Welvaart
WK190000,0.2568784967694913,Welvaart_Kwetsbaarheid,entropy,Welvaart
BU19000000,0.27695999574773456,Welvaart_Kwetsbaarheid,entropy,Welvaart
BU19000001,0.35263608252795753,Welvaart_Kwetsbaarheid,entropy,Welvaart
BU19000002,0.2534153491088771,Welvaart_Kwetsbaarheid,entropy,Welvaart
BU19000003,0.19068368017732693,Welvaart_Kwetsbaarheid,entropy,Welvaart
BU19000004,0.22894507144391724,Welvaart_Kwetsbaarheid,entropy,Welvaart
BU19000009,0.27410666400161554,Welvaart_Kwetsbaarheid,entropy,Welvaart
WK190001,0.2581743965656087,Welvaart_Kwetsbaarheid,entropy,Welvaart
BU19000101,0.3651709812591839,Welvaart_Kwetsbaarheid,entropy,Welvaart
BU19000102,0.28879093228057606,Welvaart_Kwetsbaarheid,entropy,Welvaart
BU19000103,0.22798454576901261,Welvaart_Kwetsbaarheid,entropy,Welvaart
BU19000104,0.3038829419359743,Welvaart_Kwetsbaarheid,entropy,Welvaart
BU19000105,0.41640495858649795,Welvaart_Kwetsbaarheid,entropy,Welvaart
BU19000106,0.2482212386766522,Welvaart_Kwetsbaarheid,entropy,Welvaart
BU19000107,0.208426777012741,Welvaart_Kwetsbaarheid,entropy,Welvaart
BU19000108,0.24140167783448552,Welvaart_Kwetsbaarheid,entropy,Welvaart
BU19000109,0.27899154091011613,Welvaart_Kwetsbaarheid,entropy,Welvaart
BU19000110,0.25779552278855233,Welvaart_Kwetsbaarheid,entropy,Welvaart
BU19000111,0.2419588604512136,Welvaart_Kwetsbaarheid,entropy,Welvaart
BU19000112,0.3246955729907389,Welvaart_Kwetsbaarheid,entropy,Welvaart
BU19000113,0.3221108191460729,Welvaart_Kwetsbaarheid,entropy,Welvaart
BU19000114,0.39152171117976053,Welvaart_Kwetsbaarheid,entropy,Welvaart
BU19000115,0.3888680673607303,Welvaart_Kwetsbaarheid,entropy,Welvaart
BU19000116,0.306007055613865,Welvaart_Kwetsbaarheid,entropy,Welvaart
BU19000117,0.24310742322135787,Welvaart_Kwetsbaarheid,entropy,Welvaart
BU19000118,0.2636398222399965,Welvaart_Kwetsbaarheid,entropy,Welvaart
BU19000119,0.2789105713172978,Welvaart_Kwetsbaarheid,entropy,Welvaart
BU19000120,0.23864189517764542,Welvaart_Kwetsbaarheid,entropy,Welvaart
WK190002,0.2613001106669559,Welvaart_Kwetsbaarheid,entropy,Welvaart
BU19000200,0.269340311013482,Welvaart_Kwetsbaarheid,entropy,Welvaart
BU19000201,0.27170124427335146,Welvaart_Kwetsbaarheid,entropy,Welvaart
BU19000202,0.24493898790205165,Welvaart_Kwetsbaarheid,entropy,Welvaart
BU19000208,0.252922039106882,Welvaart_Kwetsbaarheid,entropy,Welvaart
BU19000209,0.3316817028376442,Welvaart_Kwetsbaarheid,entropy,Welvaart
WK190003,0.25428589599420315,Welvaart_Kwetsbaarheid,entropy,Welvaart
BU19000300,0.25280025292165753,Welvaart_Kwetsbaarheid,entropy,Welvaart
BU19000301,0.26730009292001095,Welvaart_Kwetsbaarheid,entropy,Welvaart
BU19000302,0.28665871093259204,Welvaart_Kwetsbaarheid,entropy,Welvaart
BU19000308,0.2757243095499114,Welvaart_Kwetsbaarheid,entropy,Welvaart
BU19000309,0.25690121298106156,Welvaart_Kwetsbaarheid,entropy,Welvaart
WK190004,0.245706280298705,Welvaart_Kwetsbaarheid,entropy,Welvaart
BU19000400,0.26325232710496194,Welvaart_Kwetsbaarheid,entropy,Welvaart
BU19000401,0.27413779171281877,Welvaart_Kwetsbaarheid,entropy,Welvaart
BU19000402,0.2625925763079153,Welvaart_Kwetsbaarheid,entropy,Welvaart
BU19000403,0.2630704446044758,Welvaart_Kwetsbaarheid,entropy,Welvaart
BU19000408,0.294406882016087,Welvaart_Kwetsbaarheid,entropy,Welvaart
BU19000409,0.2898749100581393,Welvaart_Kwetsbaarheid,entropy,Welvaart
WK190005,0.2610766756230652,Welvaart_Kwetsbaarheid,entropy,Welvaart
BU19000500,0.20950951058241926,Welvaart_Kwetsbaarheid,entropy,Welvaart
BU19000501,0.2879774064509548,Welvaart_Kwetsbaarheid,entropy,Welvaart
BU19000502,0.21184450060360274,Welvaart_Kwetsbaarheid,entropy,Welvaart
BU19000503,0.31050366212863334,Welvaart_Kwetsbaarheid,entropy,Welvaart
WK190006,0.2556333284926142,Welvaart_Kwetsbaarheid,entropy,Welvaart
BU19000600,0.25580605218892555,Welvaart_Kwetsbaarheid,entropy,Welvaart
BU19000602,0.21782191653086738,Welvaart_Kwetsbaarheid,entropy,Welvaart
BU19000603,0.25714368142521327,Welvaart_Kwetsbaarheid,entropy,Welvaart
BU19000607,0.2982537131702461,Welvaart_Kwetsbaarheid,entropy,Welvaart
BU19000608,0.26659030991799826,Welvaart_Kwetsbaarheid,entropy,Welvaart
BU19000609,0.25915740644159513,Welvaart_Kwetsbaarheid,entropy,Welvaart
WK190007,0.2559816364493197,Welvaart_Kwetsbaarheid,entropy,Welvaart
BU19000700,0.23257706267698347,Welvaart_Kwetsbaarheid,entropy,Welvaart
BU19000701,0.25723122382416524,Welvaart_Kwetsbaarheid,entropy,Welvaart
BU19000702,0.24610026997461137,Welvaart_Kwetsbaarheid,entropy,Welvaart
BU19000706,0.26365816975379675,Welvaart_Kwetsbaarheid,entropy,Welvaart
BU19000707,0.30467937717418425,Welvaart_Kwetsbaarheid,entropy,Welvaart
BU19000708,0.3758091097543962,Welvaart_Kwetsbaarheid,entropy,Welvaart
WK190008,0.24353982305423336,Welvaart_Kwetsbaarheid,entropy,Welvaart
BU19000800,0.22090931123760982,Welvaart_Kwetsbaarheid,entropy,Welvaart
BU19000801,0.21880581054448073,Welvaart_Kwetsbaarheid,entropy,Welvaart
BU19000802,0.282581244017932,Welvaart_Kwetsbaarheid,entropy,Welvaart
BU19000804,0.2731941021659963,Welvaart_Kwetsbaarheid,entropy,Welvaart
BU19000808,0.27315018863731677,Welvaart_Kwetsbaarheid,entropy,Welvaart
BU19000809,0.22670208552648072,Welvaart_Kwetsbaarheid,entropy,Welvaart
WK190009,0.2565671289697719,Welvaart_Kwetsbaarheid,entropy,Welvaart
BU19000900,0.23085475385324744,Welvaart_Kwetsbaarheid,entropy,Welvaart
BU19000901,0.23550144902807696,Welvaart_Kwetsbaarheid,entropy,Welvaart
BU19000902,0.23585184050527658,Welvaart_Kwetsbaarheid,entropy,Welvaart
BU19000903,0.2817909348393989,Welvaart_Kwetsbaarheid,entropy,Welvaart
BU19000904,0.21726359949519586,Welvaart_Kwetsbaarheid,entropy,Welvaart
BU19000905,0.261214373459855,Welvaart_Kwetsbaarheid,entropy,Welvaart
BU19000906,0.26391994375095373,Welvaart_Kwetsbaarheid,entropy,Welvaart
BU19000907,0.2455285458768733,Welvaart_Kwetsbaarheid,entropy,Welvaart
BU19000908,0.2809804567704383,Welvaart_Kwetsbaarheid,entropy,Welvaart
BU19000909,0.2945117030365204,Welvaart_Kwetsbaarheid,entropy,Welvaart
WK190010,0.25411991597211253,Welvaart_Kwetsbaarheid,entropy,Welvaart
BU19001000,0.2621616571384609,Welvaart_Kwetsbaarheid,entropy,Welvaart
BU19001001,0.23591873141887465,Welvaart_Kwetsbaarheid,entropy,Welvaart
BU19001002,0.21648702279721013,Welvaart_Kwetsbaarheid,entropy,Welvaart
BU19001003,0.2266865274777409,Welvaart_Kwetsbaarheid,entropy,Welvaart
BU19001007,0.29175258243270324,Welvaart_Kwetsbaarheid,entropy,Welvaart
BU19001008,0.27833435285725977,Welvaart_Kwetsbaarheid,entropy,Welvaart
WK190011,0.2446542908912716,Welvaart_Kwetsbaarheid,entropy,Welvaart
BU19001100,0.25223556719194523,Welvaart_Kwetsbaarheid,entropy,Welvaart
BU19001101,0.3199871467021402,Welvaart_Kwetsbaarheid,entropy,Welvaart
BU19001108,0.25199674704053665,Welvaart_Kwetsbaarheid,entropy,Welvaart
BU19001109,0.281841174344523,Welvaart_Kwetsbaarheid,entropy,Welvaart
WK190012,0.2632530444276234,Welvaart_Kwetsbaarheid,entropy,Welvaart
BU19001200,0.2498387255644233,Welvaart_Kwetsbaarheid,entropy,Welvaart
BU19001201,0.29343533988525,Welvaart_Kwetsbaarheid,entropy,Welvaart
BU19001202,0.33904275700863845,Welvaart_Kwetsbaarheid,entropy,Welvaart
BU19001203,0.2599236043801418,Welvaart_Kwetsbaarheid,entropy,Welvaart
BU19001204,0.2776979091643841,Welvaart_Kwetsbaarheid,entropy,Welvaart
BU19001208,0.2432878722641768,Welvaart_Kwetsbaarheid,entropy,Welvaart
BU19001209,0.368543396563706,Welvaart_Kwetsbaarheid,entropy,Welvaart
WK190013,0.24613859578390548,Welvaart_Kwetsbaarheid,entropy,Welvaart
BU19001300,0.24204012323987745,Welvaart_Kwetsbaarheid,entropy,Welvaart
BU19001301,0.21955504034209491,Welvaart_Kwetsbaarheid,entropy,Welvaart
BU19001302,0.24069450372675794,Welvaart_Kwetsbaarheid,entropy,Welvaart
BU19001303,0.23951959151114144,Welvaart_Kwetsbaarheid,entropy,Welvaart
BU19001306,0.284855620051956,Welvaart_Kwetsbaarheid,entropy,Welvaart
BU19001307,0.28173633435486484,Welvaart_Kwetsbaarheid,entropy,Welvaart
BU19001308,0.28663158827241075,Welvaart_Kwetsbaarheid,entropy,Welvaart
BU19001309,0.3011712333800188,Welvaart_Kwetsbaarheid,entropy,Welvaart
WK190014,0.26045717305138205,Welvaart_Kwetsbaarheid,entropy,Welvaart
BU19001400,0.22789268453662503,Welvaart_Kwetsbaarheid,entropy,Welvaart
BU19001401,0.21100338346554265,Welvaart_Kwetsbaarheid,entropy,Welvaart
BU19001402,0.2458964639566856,Welvaart_Kwetsbaarheid,entropy,Welvaart
BU19001403,0.26863149434281697,Welvaart_Kwetsbaarheid,entropy,Welvaart
BU19001404,0.24380208662360492,Welvaart_Kwetsbaarheid,entropy,Welvaart
BU19001405,0.2563105203706175,Welvaart_Kwetsbaarheid,entropy,Welvaart
BU19001406,0.23921816845198907,Welvaart_Kwetsbaarheid,entropy,Welvaart
BU19001407,0.2413191750493786,Welvaart_Kwetsbaarheid,entropy,Welvaart
BU19001408,0.2566408036742735,Welvaart_Kwetsbaarheid,entropy,Welvaart
BU19001409,0.28130624644632796,Welvaart_Kwetsbaarheid,entropy,Welvaart
WK190015,0.2560047054088614,Welvaart_Kwetsbaarheid,entropy,Welvaart
BU19001500,0.2342916175466459,Welvaart_Kwetsbaarheid,entropy,Welvaart
BU19001501,0.24775974294097475,Welvaart_Kwetsbaarheid,entropy,Welvaart
BU19001502,0.2596858786176278,Welvaart_Kwetsbaarheid,entropy,Welvaart
BU19001503,0.25103383136522844,Welvaart_Kwetsbaarheid,entropy,Welvaart
BU19001509,0.21986561862135007,Welvaart_Kwetsbaarheid,entropy,Welvaart
WK190016,0.2608326363338268,Welvaart_Kwetsbaarheid,entropy,Welvaart
BU19001600,0.22349525547754004,Welvaart_Kwetsbaarheid,entropy,Welvaart
BU19001601,0.29014934307358436,Welvaart_Kwetsbaarheid,entropy,Welvaart
BU19001602,0.23172418034094155,Welvaart_Kwetsbaarheid,entropy,Welvaart
BU19001603,0.21868976940846427,Welvaart_Kwetsbaarheid,entropy,Welvaart
BU19001604,0.19355113243141597,Welvaart_Kwetsbaarheid,entropy,Welvaart
BU19001606,0.26923707574801164,Welvaart_Kwetsbaarheid,entropy,Welvaart
BU19001607,0.2713863300814164,Welvaart_Kwetsbaarheid,entropy,Welvaart
BU19001608,0.3159079487009005,Welvaart_Kwetsbaarheid,entropy,Welvaart
WK190017,0.2528127415988188,Welvaart_Kwetsbaarheid,entropy,Welvaart
BU19001700,0.24373824357148727,Welvaart_Kwetsbaarheid,entropy,Welvaart
BU19001709,0.27816155680784926,Welvaart_Kwetsbaarheid,entropy,Welvaart
WK190018,0.25866225104999085,Welvaart_Kwetsbaarheid,entropy,Welvaart
BU19001800,0.3092992755857418,Welvaart_Kwetsbaarheid,entropy,Welvaart
BU19001801,0.27625174566532157,Welvaart_Kwetsbaarheid,entropy,Welvaart
BU19001802,0.2890555033365472,Welvaart_Kwetsbaarheid,entropy,Welvaart
BU19001803,0.24747196291966309,Welvaart_Kwetsbaarheid,entropy,Welvaart
BU19001804,0.25288797970440463,Welvaart_Kwetsbaarheid,entropy,Welvaart
BU19001808,0.29179149285529266,Welvaart_Kwetsbaarheid,entropy,Welvaart
BU19001809,0.2941550369860623,Welvaart_Kwetsbaarheid,entropy,Welvaart
WK190019,0.2528304257932439,Welvaart_Kwetsbaarheid,entropy,Welvaart
BU19001900,0.2319246138015803,Welvaart_Kwetsbaarheid,entropy,Welvaart
BU19001901,0.24698945073507816,Welvaart_Kwetsbaarheid,entropy,Welvaart
BU19001902,0.25595738165426524,Welvaart_Kwetsbaarheid,entropy,Welvaart
BU19001903,0.2577359421684163,Welvaart_Kwetsbaarheid,entropy,Welvaart
BU19001904,0.25142849080708685,Welvaart_Kwetsbaarheid,entropy,Welvaart
WK190020,0.26081028798617484,Welvaart_Kwetsbaarheid,entropy,Welvaart
BU19002001,0.24696014789681414,Welvaart_Kwetsbaarheid,entropy,Welvaart
BU19002002,0.22461372774752159,Welvaart_Kwetsbaarheid,entropy,Welvaart
BU19002003,0.30739646980114826,Welvaart_Kwetsbaarheid,entropy,Welvaart
BU19002004,0.22762034715635565,Welvaart_Kwetsbaarheid,entropy,Welvaart
BU19002005,0.2090916683338142,Welvaart_Kwetsbaarheid,entropy,Welvaart
BU19002006,0.25015632667005483,Welvaart_Kwetsbaarheid,entropy,Welvaart
BU19002007,0.21953790961812653,Welvaart_Kwetsbaarheid,entropy,Welvaart
BU19002008,0.23558355340368536,Welvaart_Kwetsbaarheid,entropy,Welvaart
BU19002009,0.2568112455920336,Welvaart_Kwetsbaarheid,entropy,Welvaart
BU19002010,0.25971342710042267,Welvaart_Kwetsbaarheid,entropy,Welvaart
BU19002011,0.2359224696395142,Welvaart_Kwetsbaarheid,entropy,Welvaart
BU19002012,0.24734453828693348,Welvaart_Kwetsbaarheid,entropy,Welvaart
BU19002013,0.26523750586370043,Welvaart_Kwetsbaarheid,entropy,Welvaart
BU19002014,0.2716192646750107,Welvaart_Kwetsbaarheid,entropy,Welvaart
BU19002015,0.26044828292665934,Welvaart_Kwetsbaarheid,entropy,Welvaart
BU19002016,0.24573481490833038,Welvaart_Kwetsbaarheid,entropy,Welvaart
BU19002017,0.2266564380451944,Welvaart_Kwetsbaarheid,entropy,Welvaart
BU19002018,0.21933110265397213,Welvaart_Kwetsbaarheid,entropy,Welvaart
BU19002019,0.2739109801486575,Welvaart_Kwetsbaarheid,entropy,Welvaart
GM0093,0.257926052933137,Welvaart_Kwetsbaarheid,entropy,Welvaart
WK009300,0.2506839825460515,Welvaart_Kwetsbaarheid,entropy,Welvaart
BU00930000,0.26810810804173796,Welvaart_Kwetsbaarheid,entropy,Welvaart
BU00930002,0.41350557043282954,Welvaart_Kwetsbaarheid,entropy,Welvaart
WK009301,0.24617139909136299,Welvaart_Kwetsbaarheid,entropy,Welvaart
BU00930110,0.29871157455625147,Welvaart_Kwetsbaarheid,entropy,Welvaart
BU00930111,0.3336221070670052,Welvaart_Kwetsbaarheid,entropy,Welvaart
BU00930112,0.3273019129626654,Welvaart_Kwetsbaarheid,entropy,Welvaart
WK009302,0.28249272407566284,Welvaart_Kwetsbaarheid,entropy,Welvaart
BU00930213,0.340281723412529,Welvaart_Kwetsbaarheid,entropy,Welvaart
BU00930214,0.32396809693989187,Welvaart_Kwetsbaarheid,entropy,Welvaart
BU00930215,0.2695886629435075,Welvaart_Kwetsbaarheid,entropy,Welvaart
WK009303,0.3059047371953824,Welvaart_Kwetsbaarheid,entropy,Welvaart
BU00930316,0.3304493716512752,Welvaart_Kwetsbaarheid,entropy,Welvaart
BU00930317,0.27708640198981876,Welvaart_Kwetsbaarheid,entropy,Welvaart
WK009304,0.26065650283196035,Welvaart_Kwetsbaarheid,entropy,Welvaart
BU00930418,0.30578073558010355,Welvaart_Kwetsbaarheid,entropy,Welvaart
BU00930419,0.29561294918067976,Welvaart_Kwetsbaarheid,entropy,Welvaart
BU00930420,0.3354354129657293,Welvaart_Kwetsbaarheid,entropy,Welvaart
WK009305,0.2886968481187669,Welvaart_Kwetsbaarheid,entropy,Welvaart
BU00930521,0.3074705544935138,Welvaart_Kwetsbaarheid,entropy,Welvaart
BU00930522,0.28006056529442613,Welvaart_Kwetsbaarheid,entropy,Welvaart
BU00930523,0.3118186840854778,Welvaart_Kwetsbaarheid,entropy,Welvaart
GM0737,0.27116622199273877,Welvaart_Kwetsbaarheid,entropy,Welvaart
WK073700,0.26402235938111507,Welvaart_Kwetsbaarheid,entropy,Welvaart
BU07370000,0.2392764589367928,Welvaart_Kwetsbaarheid,entropy,Welvaart
BU07370009,0.2614698581057277,Welvaart_Kwetsbaarheid,entropy,Welvaart
WK073701,0.2522673564749886,Welvaart_Kwetsbaarheid,entropy,Welvaart
BU07370100,0.20970334943646368,Welvaart_Kwetsbaarheid,entropy,Welvaart
BU07370101,0.22780409598870882,Welvaart_Kwetsbaarheid,entropy,Welvaart
BU07370102,0.2467563096064907,Welvaart_Kwetsbaarheid,entropy,Welvaart
BU07370108,0.2577875843783576,Welvaart_Kwetsbaarheid,entropy,Welvaart
BU07370109,0.16821961483570147,Welvaart_Kwetsbaarheid,entropy,Welvaart
WK073702,0.2580045920186555,Welvaart_Kwetsbaarheid,entropy,Welvaart
BU07370200,0.2503408328010272,Welvaart_Kwetsbaarheid,entropy,Welvaart
BU07370201,0.23628895093116184,Welvaart_Kwetsbaarheid,entropy,Welvaart
BU07370208,0.2569894241315533,Welvaart_Kwetsbaarheid,entropy,Welvaart
BU07370209,0.23405803327135544,Welvaart_Kwetsbaarheid,entropy,Welvaart
WK073703,0.23631628339921887,Welvaart_Kwetsbaarheid,entropy,Welvaart
BU07370300,0.2604205439659332,Welvaart_Kwetsbaarheid,entropy,Welvaart
BU07370309,0.3084179990302508,Welvaart_Kwetsbaarheid,entropy,Welvaart
WK073704,0.2608080463277704,Welvaart_Kwetsbaarheid,entropy,Welvaart
BU07370400,0.19850453005661156,Welvaart_Kwetsbaarheid,entropy,Welvaart
BU07370401,0.23879531889136862,Welvaart_Kwetsbaarheid,entropy,Welvaart
BU07370408,0.23857226759727881,Welvaart_Kwetsbaarheid,entropy,Welvaart
BU07370409,0.26764031502094543,Welvaart_Kwetsbaarheid,entropy,Welvaart
WK073705,0.26492293756914187,Welvaart_Kwetsbaarheid,entropy,Welvaart
BU07370500,0.2498641876802548,Welvaart_Kwetsbaarheid,entropy,Welvaart
BU07370501,0.20971120722712663,Welvaart_Kwetsbaarheid,entropy,Welvaart
BU07370508,0.2821185140827259,Welvaart_Kwetsbaarheid,entropy,Welvaart
BU07370509,0.31139666669603305,Welvaart_Kwetsbaarheid,entropy,Welvaart
WK073706,0.25712355019335,Welvaart_Kwetsbaarheid,entropy,Welvaart
BU07370600,0.2510796484958719,Welvaart_Kwetsbaarheid,entropy,Welvaart
BU07370609,0.27762575158630054,Welvaart_Kwetsbaarheid,entropy,Welvaart
WK073707,0.2644703738275288,Welvaart_Kwetsbaarheid,entropy,Welvaart
BU07370700,0.25224829348188266,Welvaart_Kwetsbaarheid,entropy,Welvaart
BU07370701,0.2617820646083118,Welvaart_Kwetsbaarheid,entropy,Welvaart
BU07370708,0.26978558146649595,Welvaart_Kwetsbaarheid,entropy,Welvaart
BU07370709,0.256208064389351,Welvaart_Kwetsbaarheid,entropy,Welvaart
WK073708,0.25762150254221927,Welvaart_Kwetsbaarheid,entropy,Welvaart
BU07370800,0.24410062611793865,Welvaart_Kwetsbaarheid,entropy,Welvaart
BU07370809,0.2620111068589476,Welvaart_Kwetsbaarheid,entropy,Welvaart
WK073709,0.2451482596869337,Welvaart_Kwetsbaarheid,entropy,Welvaart
BU07370900,0.21972510571504522,Welvaart_Kwetsbaarheid,entropy,Welvaart
BU07370909,0.22058495202086217,Welvaart_Kwetsbaarheid,entropy,Welvaart
GM0096,0.249074826389729,Welvaart_Kwetsbaarheid,entropy,Welvaart
WK009600,0.24777033711741608,Welvaart_Kwetsbaarheid,entropy,Welvaart
BU00960000,0.295440306199535,Welvaart_Kwetsbaarheid,entropy,Welvaart
BU00960009,0.34990413041083596,Welvaart_Kwetsbaarheid,entropy,Welvaart
GM1949,0.2589233362597715,Welvaart_Kwetsbaarheid,entropy,Welvaart
WK194915,0.22765772297989106,Welvaart_Kwetsbaarheid,entropy,Welvaart
BU19491500,0.2701588255352748,Welvaart_Kwetsbaarheid,entropy,Welvaart
BU19491501,0.22329079036742266,Welvaart_Kwetsbaarheid,entropy,Welvaart
WK194916,0.2472483100638515,Welvaart_Kwetsbaarheid,entropy,Welvaart
BU19491600,0.2181617855767319,Welvaart_Kwetsbaarheid,entropy,Welvaart
BU19491601,0.3324080697221232,Welvaart_Kwetsbaarheid,entropy,Welvaart
BU19491602,0.25069017052612724,Welvaart_Kwetsbaarheid,entropy,Welvaart
BU19491603,0.20444716950773895,Welvaart_Kwetsbaarheid,entropy,Welvaart
BU19491604,0.30271514631074703,Welvaart_Kwetsbaarheid,entropy,Welvaart
BU19491605,0.2857884925514811,Welvaart_Kwetsbaarheid,entropy,Welvaart
BU19491606,0.2038886920637903,Welvaart_Kwetsbaarheid,entropy,Welvaart
WK194917,0.2229587538259971,Welvaart_Kwetsbaarheid,entropy,Welvaart
BU19491700,0.22241014117531238,Welvaart_Kwetsbaarheid,entropy,Welvaart
WK194918,0.23983305296827317,Welvaart_Kwetsbaarheid,entropy,Welvaart
BU19491800,0.25577033953620587,Welvaart_Kwetsbaarheid,entropy,Welvaart
BU19491801,0.2633197901446248,Welvaart_Kwetsbaarheid,entropy,Welvaart
BU19491802,0.249251285264808,Welvaart_Kwetsbaarheid,entropy,Welvaart
BU19491803,0.2433351388436812,Welvaart_Kwetsbaarheid,entropy,Welvaart
BU19491804,0.23954007473314934,Welvaart_Kwetsbaarheid,entropy,Welvaart
WK194919,0.23627959627380196,Welvaart_Kwetsbaarheid,entropy,Welvaart
BU19491900,0.24650238261489604,Welvaart_Kwetsbaarheid,entropy,Welvaart
BU19491901,0.238584543273506,Welvaart_Kwetsbaarheid,entropy,Welvaart
WK194920,0.23897803689483887,Welvaart_Kwetsbaarheid,entropy,Welvaart
BU19492000,0.24391842658525592,Welvaart_Kwetsbaarheid,entropy,Welvaart
BU19492001,0.20906623009599004,Welvaart_Kwetsbaarheid,entropy,Welvaart
WK194921,0.2625786014590081,Welvaart_Kwetsbaarheid,entropy,Welvaart
BU19492100,0.23637636465120515,Welvaart_Kwetsbaarheid,entropy,Welvaart
WK194922,0.2665315788465942,Welvaart_Kwetsbaarheid,entropy,Welvaart
BU19492200,0.297491629089069,Welvaart_Kwetsbaarheid,entropy,Welvaart
WK194923,0.23114155891355664,Welvaart_Kwetsbaarheid,entropy,Welvaart
BU19492300,0.2720233002012828,Welvaart_Kwetsbaarheid,entropy,Welvaart
BU19492301,0.24268540126108604,Welvaart_Kwetsbaarheid,entropy,Welvaart
WK194924,0.24060539885315152,Welvaart_Kwetsbaarheid,entropy,Welvaart
BU19492400,0.238914146587817,Welvaart_Kwetsbaarheid,entropy,Welvaart
BU19492401,0.19310064016698023,Welvaart_Kwetsbaarheid,entropy,Welvaart
WK194925,0.22451188930426347,Welvaart_Kwetsbaarheid,entropy,Welvaart
BU19492500,0.25548861105490417,Welvaart_Kwetsbaarheid,entropy,Welvaart
BU19492501,0.26348264085350587,Welvaart_Kwetsbaarheid,entropy,Welvaart
WK194926,0.26435953142877816,Welvaart_Kwetsbaarheid,entropy,Welvaart
BU19492600,0.23229578761490396,Welvaart_Kwetsbaarheid,entropy,Welvaart
BU19492601,0.26355153475374093,Welvaart_Kwetsbaarheid,entropy,Welvaart
BU19492602,0.24287139837174748,Welvaart_Kwetsbaarheid,entropy,Welvaart
BU19492603,0.18661702822384107,Welvaart_Kwetsbaarheid,entropy,Welvaart
BU19492604,0.2019512756946501,Welvaart_Kwetsbaarheid,entropy,Welvaart
WK194927,0.2619196549251362,Welvaart_Kwetsbaarheid,entropy,Welvaart
BU19492700,0.266474662175987,Welvaart_Kwetsbaarheid,entropy,Welvaart
WK194928,0.2533619290995992,Welvaart_Kwetsbaarheid,entropy,Welvaart
BU19492800,0.2810470884057159,Welvaart_Kwetsbaarheid,entropy,Welvaart
BU19492801,0.29403662751829235,Welvaart_Kwetsbaarheid,entropy,Welvaart
BU19492802,0.28260380865669943,Welvaart_Kwetsbaarheid,entropy,Welvaart
BU19492803,0.17983845729981054,Welvaart_Kwetsbaarheid,entropy,Welvaart
BU19492804,0.31564391942091446,Welvaart_Kwetsbaarheid,entropy,Welvaart
BU19492805,0.26663079113331495,Welvaart_Kwetsbaarheid,entropy,Welvaart
BU19492806,0.2526317821683712,Welvaart_Kwetsbaarheid,entropy,Welvaart
BU19492807,0.2671236958748438,Welvaart_Kwetsbaarheid,entropy,Welvaart
BU19492808,0.2319056272695592,Welvaart_Kwetsbaarheid,entropy,Welvaart
BU19492809,0.33833257358785035,Welvaart_Kwetsbaarheid,entropy,Welvaart
BU19492810,0.17207879830177303,Welvaart_Kwetsbaarheid,entropy,Welvaart
BU19492811,0.30503965186945264,Welvaart_Kwetsbaarheid,entropy,Welvaart
BU19492812,0.19895599052480153,Welvaart_Kwetsbaarheid,entropy,Welvaart
BU19492813,0.2609760994833182,Welvaart_Kwetsbaarheid,entropy,Welvaart
BU19492814,0.24699379545989314,Welvaart_Kwetsbaarheid,entropy,Welvaart
BU19492815,0.19444313765487425,Welvaart_Kwetsbaarheid,entropy,Welvaart
BU19492816,0.2022654757201875,Welvaart_Kwetsbaarheid,entropy,Welvaart
BU19492817,0.21597261764083198,Welvaart_Kwetsbaarheid,entropy,Welvaart
WK194929,0.2260283502896575,Welvaart_Kwetsbaarheid,entropy,Welvaart
BU19492900,0.24775558528119024,Welvaart_Kwetsbaarheid,entropy,Welvaart
WK194930,0.2502300919927317,Welvaart_Kwetsbaarheid,entropy,Welvaart
BU19493000,0.25577327188749166,Welvaart_Kwetsbaarheid,entropy,Welvaart
WK194931,0.2490229122539943,Welvaart_Kwetsbaarheid,entropy,Welvaart
BU19493100,0.24382988275676937,Welvaart_Kwetsbaarheid,entropy,Welvaart
BU19493101,0.18853283053136904,Welvaart_Kwetsbaarheid,entropy,Welvaart
WK194932,0.23235431139855395,Welvaart_Kwetsbaarheid,entropy,Welvaart
BU19493200,0.230069949180731,Welvaart_Kwetsbaarheid,entropy,Welvaart
BU19493201,0.31583589122416295,Welvaart_Kwetsbaarheid,entropy,Welvaart
BU19493202,0.2620815890726086,Welvaart_Kwetsbaarheid,entropy,Welvaart
WK194933,0.2804523728488163,Welvaart_Kwetsbaarheid,entropy,Welvaart
BU19493300,0.21483501269147845,Welvaart_Kwetsbaarheid,entropy,Welvaart
WK194934,0.21123347969917824,Welvaart_Kwetsbaarheid,entropy,Welvaart
BU19493400,0.2902948607124273,Welvaart_Kwetsbaarheid,entropy,Welvaart
BU19493401,0.22356789386699982,Welvaart_Kwetsbaarheid,entropy,Welvaart
WK194935,0.24727906062548455,Welvaart_Kwetsbaarheid,entropy,Welvaart
BU19493500,0.28410829531189774,Welvaart_Kwetsbaarheid,entropy,Welvaart
BU19493501,0.2153425814093954,Welvaart_Kwetsbaarheid,entropy,Welvaart
BU19493502,0.21313804260957037,Welvaart_Kwetsbaarheid,entropy,Welvaart
BU19493503,0.22776941923006794,Welvaart_Kwetsbaarheid,entropy,Welvaart
WK194936,0.23888017304757833,Welvaart_Kwetsbaarheid,entropy,Welvaart
BU19493600,0.2584375464664225,Welvaart_Kwetsbaarheid,entropy,Welvaart
BU19493601,0.24798217014597201,Welvaart_Kwetsbaarheid,entropy,Welvaart
BU19493602,0.2898483386438112,Welvaart_Kwetsbaarheid,entropy,Welvaart
BU19493603,0.2526850188157443,Welvaart_Kwetsbaarheid,entropy,Welvaart
WK194937,0.22575337085456684,Welvaart_Kwetsbaarheid,entropy,Welvaart
BU19493700,0.23478917368567448,Welvaart_Kwetsbaarheid,entropy,Welvaart
WK194938,0.23698614729099576,Welvaart_Kwetsbaarheid,entropy,Welvaart
BU19493800,0.24841501609461814,Welvaart_Kwetsbaarheid,entropy,Welvaart
BU19493801,0.26559703642979143,Welvaart_Kwetsbaarheid,entropy,Welvaart
WK194939,0.2390360712455482,Welvaart_Kwetsbaarheid,entropy,Welvaart
BU19493900,0.21146770844175883,Welvaart_Kwetsbaarheid,entropy,Welvaart
BU19493901,0.23762223044840847,Welvaart_Kwetsbaarheid,entropy,Welvaart
WK194940,0.24247347581945417,Welvaart_Kwetsbaarheid,entropy,Welvaart
BU19494000,0.27429164499874603,Welvaart_Kwetsbaarheid,entropy,Welvaart
WK194941,0.24047571458365957,Welvaart_Kwetsbaarheid,entropy,Welvaart
BU19494100,0.22657207579484645,Welvaart_Kwetsbaarheid,entropy,Welvaart
WK194942,0.23289170548664295,Welvaart_Kwetsbaarheid,entropy,Welvaart
BU19494200,0.24692740999142793,Welvaart_Kwetsbaarheid,entropy,Welvaart
BU19494201,0.23480255577189313,Welvaart_Kwetsbaarheid,entropy,Welvaart
WK194943,0.23217528997204395,Welvaart_Kwetsbaarheid,entropy,Welvaart
BU19494300,0.25190640263636865,Welvaart_Kwetsbaarheid,entropy,Welvaart
WK194944,0.22846067226121222,Welvaart_Kwetsbaarheid,entropy,Welvaart
BU19494400,0.228585297136684,Welvaart_Kwetsbaarheid,entropy,Welvaart
BU19494401,0.2717159536879343,Welvaart_Kwetsbaarheid,entropy,Welvaart
BU19494402,0.2584135652567651,Welvaart_Kwetsbaarheid,entropy,Welvaart
BU19494403,0.24616661251082528,Welvaart_Kwetsbaarheid,entropy,Welvaart
WK194945,0.2502861648849441,Welvaart_Kwetsbaarheid,entropy,Welvaart
BU19494500,0.24880029959985916,Welvaart_Kwetsbaarheid,entropy,Welvaart
WK194946,0.26089520424076207,Welvaart_Kwetsbaarheid,entropy,Welvaart
BU19494600,0.22081205195916978,Welvaart_Kwetsbaarheid,entropy,Welvaart
WK194947,0.23954205186443728,Welvaart_Kwetsbaarheid,entropy,Welvaart
BU19494700,0.2984925856352221,Welvaart_Kwetsbaarheid,entropy,Welvaart
BU19494701,0.218115635642088,Welvaart_Kwetsbaarheid,entropy,Welvaart
WK194948,0.2280410741592009,Welvaart_Kwetsbaarheid,entropy,Welvaart
BU19494800,0.2841661112612046,Welvaart_Kwetsbaarheid,entropy,Welvaart
BU19494801,0.2747954025980255,Welvaart_Kwetsbaarheid,entropy,Welvaart
WK194949,0.23580268963031836,Welvaart_Kwetsbaarheid,entropy,Welvaart
BU19494900,0.2544291575314369,Welvaart_Kwetsbaarheid,entropy,Welvaart
BU19494901,0.22643814620288472,Welvaart_Kwetsbaarheid,entropy,Welvaart
BU19494902,0.25095626602458365,Welvaart_Kwetsbaarheid,entropy,Welvaart
WK194950,0.23720001077517766,Welvaart_Kwetsbaarheid,entropy,Welvaart
BU19495000,0.26945197584620034,Welvaart_Kwetsbaarheid,entropy,Welvaart
BU19495001,0.2731433116361642,Welvaart_Kwetsbaarheid,entropy,Welvaart
WK194951,0.23781279464061322,Welvaart_Kwetsbaarheid,entropy,Welvaart
BU19495100,0.2367510835853144,Welvaart_Kwetsbaarheid,entropy,Welvaart
WK194952,0.23009470715175287,Welvaart_Kwetsbaarheid,entropy,Welvaart
BU19495200,0.24479346789702955,Welvaart_Kwetsbaarheid,entropy,Welvaart
WK194953,0.22606318369479014,Welvaart_Kwetsbaarheid,entropy,Welvaart
BU19495300,0.2714383979696185,Welvaart_Kwetsbaarheid,entropy,Welvaart
BU19495301,0.22306849750416252,Welvaart_Kwetsbaarheid,entropy,Welvaart
BU19495302,0.28037297562398167,Welvaart_Kwetsbaarheid,entropy,Welvaart
WK194954,0.23954001619613607,Welvaart_Kwetsbaarheid,entropy,Welvaart
BU19495400,0.23751122194121083,Welvaart_Kwetsbaarheid,entropy,Welvaart
BU19495401,0.17551312799863525,Welvaart_Kwetsbaarheid,entropy,Welvaart
WK194955,0.24511720596827408,Welvaart_Kwetsbaarheid,entropy,Welvaart
BU19495500,0.2585905316061624,Welvaart_Kwetsbaarheid,entropy,Welvaart
GM0098,0.270638736842255,Welvaart_Kwetsbaarheid,entropy,Welvaart
WK009800,0.26015413494423373,Welvaart_Kwetsbaarheid,entropy,Welvaart
BU00980001,0.2485636940712302,Welvaart_Kwetsbaarheid,entropy,Welvaart
BU00980002,0.2819561005409598,Welvaart_Kwetsbaarheid,entropy,Welvaart
BU00980003,0.3147801067183766,Welvaart_Kwetsbaarheid,entropy,Welvaart
BU00980004,0.2876335823140295,Welvaart_Kwetsbaarheid,entropy,Welvaart
BU00980005,0.2730776522701728,Welvaart_Kwetsbaarheid,entropy,Welvaart
BU00980006,0.24155643594704262,Welvaart_Kwetsbaarheid,entropy,Welvaart
BU00980007,0.22310329262957548,Welvaart_Kwetsbaarheid,entropy,Welvaart
BU00980008,0.23054416975663683,Welvaart_Kwetsbaarheid,entropy,Welvaart
BU00980009,0.24576746772967306,Welvaart_Kwetsbaarheid,entropy,Welvaart
BU00980010,0.3422039444311528,Welvaart_Kwetsbaarheid,entropy,Welvaart
BU00980011,0.2833705643580736,Welvaart_Kwetsbaarheid,entropy,Welvaart
BU00980012,0.3260827932618967,Welvaart_Kwetsbaarheid,entropy,Welvaart
BU00980013,0.28072711389507404,Welvaart_Kwetsbaarheid,entropy,Welvaart
BU00980014,0.24460251689495255,Welvaart_Kwetsbaarheid,entropy,Welvaart
BU00980015,0.21359636032244086,Welvaart_Kwetsbaarheid,entropy,Welvaart
BU00980016,0.30121961495956295,Welvaart_Kwetsbaarheid,entropy,Welvaart
BU00980017,0.17845215018919824,Welvaart_Kwetsbaarheid,entropy,Welvaart
BU00980018,0.2672570230497874,Welvaart_Kwetsbaarheid,entropy,Welvaart
BU00980019,0.23028219168359637,Welvaart_Kwetsbaarheid,entropy,Welvaart
BU00980020,0.24255213364982098,Welvaart_Kwetsbaarheid,entropy,Welvaart
BU00980021,0.21381711500007133,Welvaart_Kwetsbaarheid,entropy,Welvaart
WK009801,0.2577718630980503,Welvaart_Kwetsbaarheid,entropy,Welvaart
BU00980101,0.258077634914611,Welvaart_Kwetsbaarheid,entropy,Welvaart
BU00980102,0.3028828804312269,Welvaart_Kwetsbaarheid,entropy,Welvaart
BU00980103,0.2894027675979015,Welvaart_Kwetsbaarheid,entropy,Welvaart
BU00980104,0.2772822723864352,Welvaart_Kwetsbaarheid,entropy,Welvaart
WK009802,0.2532029260203055,Welvaart_Kwetsbaarheid,entropy,Welvaart
BU00980201,0.265122283220854,Welvaart_Kwetsbaarheid,entropy,Welvaart
BU00980202,0.28013168686314394,Welvaart_Kwetsbaarheid,entropy,Welvaart
WK009803,0.2652579665444386,Welvaart_Kwetsbaarheid,entropy,Welvaart
BU00980301,0.29960178580084695,Welvaart_Kwetsbaarheid,entropy,Welvaart
BU00980302,0.2578785783800893,Welvaart_Kwetsbaarheid,entropy,Welvaart
BU00980303,0.24443361036135516,Welvaart_Kwetsbaarheid,entropy,Welvaart
BU00980304,0.25590278312262854,Welvaart_Kwetsbaarheid,entropy,Welvaart
BU00980305,0.2867308094279862,Welvaart_Kwetsbaarheid,entropy,Welvaart
WK009804,0.26841678220096643,Welvaart_Kwetsbaarheid,entropy,Welvaart
BU00980401,0.27734501016154495,Welvaart_Kwetsbaarheid,entropy,Welvaart
BU00980402,0.2722312636624714,Welvaart_Kwetsbaarheid,entropy,Welvaart
BU00980403,0.28693726208511017,Welvaart_Kwetsbaarheid,entropy,Welvaart
WK009805,0.27171024230339,Welvaart_Kwetsbaarheid,entropy,Welvaart
BU00980501,0.29806267844970236,Welvaart_Kwetsbaarheid,entropy,Welvaart
BU00980502,0.2725604893626792,Welvaart_Kwetsbaarheid,entropy,Welvaart
WK009806,0.2816455358264986,Welvaart_Kwetsbaarheid,entropy,Welvaart
BU00980601,0.2421958427853457,Welvaart_Kwetsbaarheid,entropy,Welvaart
BU00980602,0.25986700803093665,Welvaart_Kwetsbaarheid,entropy,Welvaart
WK009807,0.2397873169188781,Welvaart_Kwetsbaarheid,entropy,Welvaart
BU00980701,0.26320928529282567,Welvaart_Kwetsbaarheid,entropy,Welvaart
BU00980702,0.29993829691445184,Welvaart_Kwetsbaarheid,entropy,Welvaart
WK009808,0.2488904354008431,Welvaart_Kwetsbaarheid,entropy,Welvaart
BU00980801,0.24411543156335236,Welvaart_Kwetsbaarheid,entropy,Welvaart
BU00980802,0.2711177346914451,Welvaart_Kwetsbaarheid,entropy,Welvaart
WK009809,0.2870075899006865,Welvaart_Kwetsbaarheid,entropy,Welvaart
BU00980901,0.27248680747600523,Welvaart_Kwetsbaarheid,entropy,Welvaart
BU00980902,0.2542706817512748,Welvaart_Kwetsbaarheid,entropy,Welvaart
BU00980903,0.29583961045015955,Welvaart_Kwetsbaarheid,entropy,Welvaart
WK009810,0.2576852486190325,Welvaart_Kwetsbaarheid,entropy,Welvaart
BU00981001,0.28957082542334656,Welvaart_Kwetsbaarheid,entropy,Welvaart
BU00981002,0.2548267425826511,Welvaart_Kwetsbaarheid,entropy,Welvaart
BU00981003,0.24763890414159084,Welvaart_Kwetsbaarheid,entropy,Welvaart
BU00981004,0.31586909632025384,Welvaart_Kwetsbaarheid,entropy,Welvaart
BU00981005,0.36634885164513936,Welvaart_Kwetsbaarheid,entropy,Welvaart
BU00981006,0.27203818925900014,Welvaart_Kwetsbaarheid,entropy,Welvaart
BU00981007,0.35941624595747196,Welvaart_Kwetsbaarheid,entropy,Welvaart
BU00981008,0.2408701039047311,Welvaart_Kwetsbaarheid,entropy,Welvaart
BU00981009,0.24826540986125575,Welvaart_Kwetsbaarheid,entropy,Welvaart
WK009811,0.2740958244313417,Welvaart_Kwetsbaarheid,entropy,Welvaart
BU00981101,0.25038790407392797,Welvaart_Kwetsbaarheid,entropy,Welvaart
BU00981102,0.22764254753054075,Welvaart_Kwetsbaarheid,entropy,Welvaart
WK009812,0.2553289117881628,Welvaart_Kwetsbaarheid,entropy,Welvaart
BU00981201,0.3199795625706896,Welvaart_Kwetsbaarheid,entropy,Welvaart
WK009813,0.25868639656518383,Welvaart_Kwetsbaarheid,entropy,Welvaart
BU00981301,0.2367972904531475,Welvaart_Kwetsbaarheid,entropy,Welvaart
BU00981302,0.282785036707298,Welvaart_Kwetsbaarheid,entropy,Welvaart
WK009814,0.27121346305419647,Welvaart_Kwetsbaarheid,entropy,Welvaart
BU00981401,0.240280856572617,Welvaart_Kwetsbaarheid,entropy,Welvaart
BU00981402,0.2600800216722221,Welvaart_Kwetsbaarheid,entropy,Welvaart
WK009815,0.2449732759952558,Welvaart_Kwetsbaarheid,entropy,Welvaart
BU00981501,0.2024199154456835,Welvaart_Kwetsbaarheid,entropy,Welvaart
BU00981502,0.29174748359598435,Welvaart_Kwetsbaarheid,entropy,Welvaart
GM0059,0.2877146563541081,Welvaart_Kwetsbaarheid,weighted_mean,Welvaart
WK005900,0.2857480294172785,Welvaart_Kwetsbaarheid,weighted_mean,Welvaart
BU00590000,0.2434824234168692,Welvaart_Kwetsbaarheid,weighted_mean,Welvaart
BU00590001,0.2882839204233722,Welvaart_Kwetsbaarheid,weighted_mean,Welvaart
BU00590002,0.27947585423449545,Welvaart_Kwetsbaarheid,weighted_mean,Welvaart
BU00590003,0.3205135597418077,Welvaart_Kwetsbaarheid,weighted_mean,Welvaart
BU00590004,0.27857312697896724,Welvaart_Kwetsbaarheid,weighted_mean,Welvaart
BU00590005,0.3210963586142371,Welvaart_Kwetsbaarheid,weighted_mean,Welvaart
BU00590006,0.3337488584121481,Welvaart_Kwetsbaarheid,weighted_mean,Welvaart
BU00590007,0.30487448983277354,Welvaart_Kwetsbaarheid,weighted_mean,Welvaart
BU00590008,0.2899012214775028,Welvaart_Kwetsbaarheid,weighted_mean,Welvaart
BU00590009,0.30448817306385845,Welvaart_Kwetsbaarheid,weighted_mean,Welvaart
WK005901,0.291076221950477,Welvaart_Kwetsbaarheid,weighted_mean,Welvaart
BU00590100,0.24881482972067004,Welvaart_Kwetsbaarheid,weighted_mean,Welvaart
BU00590102,0.2543268028488529,Welvaart_Kwetsbaarheid,weighted_mean,Welvaart
BU00590103,0.3000709117395649,Welvaart_Kwetsbaarheid,weighted_mean,Welvaart
BU00590107,0.2918917121151924,Welvaart_Kwetsbaarheid,weighted_mean,Welvaart
BU00590108,0.3484211130546053,Welvaart_Kwetsbaarheid,weighted_mean,Welvaart
BU00590109,0.33713269679598645,Welvaart_Kwetsbaarheid,weighted_mean,Welvaart
WK005902,0.2889661462229996,Welvaart_Kwetsbaarheid,weighted_mean,Welvaart
BU00590200,0.2847936499336976,Welvaart_Kwetsbaarheid,weighted_mean,Welvaart
BU00590201,0.2954067234579749,Welvaart_Kwetsbaarheid,weighted_mean,Welvaart
BU00590202,0.275822012049664,Welvaart_Kwetsbaarheid,weighted_mean,Welvaart
BU00590203,0.29095622924288,Welvaart_Kwetsbaarheid,weighted_mean,Welvaart
BU00590206,0.37031534483262735,Welvaart_Kwetsbaarheid,weighted_mean,Welvaart
BU00590207,0.3151831657284577,Welvaart_Kwetsbaarheid,weighted_mean,Welvaart
BU00590208,0.34517106618715676,Welvaart_Kwetsbaarheid,weighted_mean,Welvaart
BU00590209,0.35151612756201556,Welvaart_Kwetsbaarheid,weighted_mean,Welvaart
GM0060,0.29746380113066645,Welvaart_Kwetsbaarheid,weighted_mean,Welvaart
WK006000,0.2836016077684731,Welvaart_Kwetsbaarheid,weighted_mean,Welvaart
BU00600000,0.27830941803528214,Welvaart_Kwetsbaarheid,weighted_mean,Welvaart
BU00600001,0.2965027294914065,Welvaart_Kwetsbaarheid,weighted_mean,Welvaart
BU00600002,0.2984086351339033,Welvaart_Kwetsbaarheid,weighted_mean,Welvaart
BU00600003,0.25200793908779606,Welvaart_Kwetsbaarheid,weighted_mean,Welvaart
BU00600007,0.3489918166854996,Welvaart_Kwetsbaarheid,weighted_mean,Welvaart
BU00600008,0.34125511027179684,Welvaart_Kwetsbaarheid,weighted_mean,Welvaart
BU00600009,0.3689503196445985,Welvaart_Kwetsbaarheid,weighted_mean,Welvaart
GM1891,0.29218426302872064,Welvaart_Kwetsbaarheid,weighted_mean,Welvaart
WK189100,0.2891621562122158,Welvaart_Kwetsbaarheid,weighted_mean,Welvaart
BU18910000,0.2770981266779836,Welvaart_Kwetsbaarheid,weighted_mean,Welvaart
BU18910001,0.27151191809117914,Welvaart_Kwetsbaarheid,weighted_mean,Welvaart
BU18910002,0.35070773287102247,Welvaart_Kwetsbaarheid,weighted_mean,Welvaart
BU18910008,0.36590311853422697,Welvaart_Kwetsbaarheid,weighted_mean,Welvaart
BU18910009,0.3609542513505564,Welvaart_Kwetsbaarheid,weighted_mean,Welvaart
WK189101,0.31816891286438365,Welvaart_Kwetsbaarheid,weighted_mean,Welvaart
BU18910100,0.3159332383945018,Welvaart_Kwetsbaarheid,weighted_mean,Welvaart
BU18910101,0.30648850156597474,Welvaart_Kwetsbaarheid,weighted_mean,Welvaart
BU18910108,0.3219394825145719,Welvaart_Kwetsbaarheid,weighted_mean,Welvaart
BU18910109,0.3066664774769662,Welvaart_Kwetsbaarheid,weighted_mean,Welvaart
WK189102,0.28072805098490433,Welvaart_Kwetsbaarheid,weighted_mean,Welvaart
BU18910200,0.285917711939762,Welvaart_Kwetsbaarheid,weighted_mean,Welvaart
BU18910201,0.3033742198074737,Welvaart_Kwetsbaarheid,weighted_mean,Welvaart
BU18910202,0.32105140886130157,Welvaart_Kwetsbaarheid,weighted_mean,Welvaart
BU18910208,0.4058082656980155,Welvaart_Kwetsbaarheid,weighted_mean,Welvaart
BU18910209,0.3980508817099997,Welvaart_Kwetsbaarheid,weighted_mean,Welvaart
WK189103,0.3150371525574147,Welvaart_Kwetsbaarheid,weighted_mean,Welvaart
BU18910300,0.27246757116542575,Welvaart_Kwetsbaarheid,weighted_mean,Welvaart
BU18910301,0.29700133894710773,Welvaart_Kwetsbaarheid,weighted_mean,Welvaart
BU18910309,0.3315122276743254,Welvaart_Kwetsbaarheid,weighted_mean,Welvaart
GM1940,0.3000507707760389,Welvaart_Kwetsbaarheid,weighted_mean,Welvaart
WK194001,0.37235487172078346,Welvaart_Kwetsbaarheid,weighted_mean,Welvaart
BU19400101,0.35891836378427555,Welvaart_Kwetsbaarheid,weighted_mean,Welvaart
WK194002,0.27849391325136263,Welvaart_Kwetsbaarheid,weighted_mean,Welvaart
BU19400201,0.2577298439872933,Welvaart_Kwetsbaarheid,weighted_mean,Welvaart
WK194003,0.281118180786238,Welvaart_Kwetsbaarheid,weighted_mean,Welvaart
BU19400301,0.28787936404742126,Welvaart_Kwetsbaarheid,weighted_mean,Welvaart
WK194004,0.35484450412519547,Welvaart_Kwetsbaarheid,weighted_mean,Welvaart
BU19400401,0.352417375698067,Welvaart_Kwetsbaarheid,weighted_mean,Welvaart
WK194005,0.3999838397597635,Welvaart_Kwetsbaarheid,weighted_mean,Welvaart
BU19400501,0.39695209372801754,Welvaart_Kwetsbaarheid,weighted_mean,Welvaart
WK194006,0.44683261183261186,Welvaart_Kwetsbaarheid,weighted_mean,Welvaart
BU19400601,0.5210173160173159,Welvaart_Kwetsbaarheid,weighted_mean,Welvaart
WK194007,0.31462866361555275,Welvaart_Kwetsbaarheid,weighted_mean,Welvaart
BU19400701,0.3090601141673847,Welvaart_Kwetsbaarheid,weighted_mean,Welvaart
BU19400702,0.37336634693607273,Welvaart_Kwetsbaarheid,weighted_mean,Welvaart
WK194008,0.4191443655007421,Welvaart_Kwetsbaarheid,weighted_mean,Welvaart
BU19400801,0.5068622587186353,Welvaart_Kwetsbaarheid,weighted_mean,Welvaart
WK194009,0.32913798894788165,Welvaart_Kwetsbaarheid,weighted_mean,Welvaart
BU19400901,0.3421913800012727,Welvaart_Kwetsbaarheid,weighted_mean,Welvaart
WK194010,0.2841004605909254,Welvaart_Kwetsbaarheid,weighted_mean,Welvaart
BU19401001,0.30051243750290235,Welvaart_Kwetsbaarheid,weighted_mean,Welvaart
WK194011,0.281812228362288,Welvaart_Kwetsbaarheid,weighted_mean,Welvaart
BU19401101,0.3671558639347674,Welvaart_Kwetsbaarheid,weighted_mean,Welvaart
BU19401102,0.2703507061075595,Welvaart_Kwetsbaarheid,weighted_mean,Welvaart
WK194012,0.2747747799809778,Welvaart_Kwetsbaarheid,weighted_mean,Welvaart
BU19401201,0.32039136899387194,Welvaart_Kwetsbaarheid,weighted_mean,Welvaart
WK194013,0.3262755900568773,Welvaart_Kwetsbaarheid,weighted_mean,Welvaart
BU19401301,0.31215582093710814,Welvaart_Kwetsbaarheid,weighted_mean,Welvaart
WK194014,0.3865430354971475,Welvaart_Kwetsbaarheid,weighted_mean,Welvaart
BU19401401,0.4055040744581864,Welvaart_Kwetsbaarheid,weighted_mean,Welvaart
WK194015,0.35662186310577254,Welvaart_Kwetsbaarheid,weighted_mean,Welvaart
BU19401501,0.3615424980264074,Welvaart_Kwetsbaarheid,weighted_mean,Welvaart
WK194016,0.36384073753024876,Welvaart_Kwetsbaarheid,weighted_mean,Welvaart
BU19401601,0.3629763796658909,Welvaart_Kwetsbaarheid,weighted_mean,Welvaart
WK194017,0.3258678810925534,Welvaart_Kwetsbaarheid,weighted_mean,Welvaart
BU19401701,0.32778635151102375,Welvaart_Kwetsbaarheid,weighted_mean,Welvaart
WK194018,0.2793368711807329,Welvaart_Kwetsbaarheid,weighted_mean,Welvaart
BU19401801,0.2817380255818873,Welvaart_Kwetsbaarheid,weighted_mean,Welvaart
WK194019,0.28643878681244594,Welvaart_Kwetsbaarheid,weighted_mean,Welvaart
BU19401901,0.2730836932237409,Welvaart_Kwetsbaarheid,weighted_mean,Welvaart
BU19401902,0.36781677665467893,Welvaart_Kwetsbaarheid,weighted_mean,Welvaart
BU19401903,0.2576826325574836,Welvaart_Kwetsbaarheid,weighted_mean,Welvaart
BU19401904,0.25921832835420444,Welvaart_Kwetsbaarheid,weighted_mean,Welvaart
BU19401905,0.28971388067633597,Welvaart_Kwetsbaarheid,weighted_mean,Welvaart
BU19401906,0.2798121991238797,Welvaart_Kwetsbaarheid,weighted_mean,Welvaart
BU19401907,0.27855257839763203,Welvaart_Kwetsbaarheid,weighted_mean,Welvaart
BU19401908,0.376101733321638,Welvaart_Kwetsbaarheid,weighted_mean,Welvaart
BU19401909,0.3295952544343486,Welvaart_Kwetsbaarheid,weighted_mean,Welvaart
BU19401910,0.3003292631749127,Welvaart_Kwetsbaarheid,weighted_mean,Welvaart
WK194020,0.28306155716882775,Welvaart_Kwetsbaarheid,weighted_mean,Welvaart
BU19402001,0.27614164374891437,Welvaart_Kwetsbaarheid,weighted_mean,Welvaart
WK194021,0.30249123965691305,Welvaart_Kwetsbaarheid,weighted_mean,Welvaart
BU19402101,0.3123166364823099,Welvaart_Kwetsbaarheid,weighted_mean,Welvaart
WK194022,0.2663969019326588,Welvaart_Kwetsbaarheid,weighted_mean,Welvaart
BU19402201,0.22361566886298712,Welvaart_Kwetsbaarheid,weighted_mean,Welvaart
WK194023,0.3031144829875461,Welvaart_Kwetsbaarheid,weighted_mean,Welvaart
BU19402301,0.4098877073132138,Welvaart_Kwetsbaarheid,weighted_mean,Welvaart
BU19402302,0.2933614667017528,Welvaart_Kwetsbaarheid,weighted_mean,Welvaart
BU19402303,0.3916290179162646,Welvaart_Kwetsbaarheid,weighted_mean,Welvaart
BU19402304,0.32618283120666913,Welvaart_Kwetsbaarheid,weighted_mean,Welvaart
BU19402305,0.31492371785280004,Welvaart_Kwetsbaarheid,weighted_mean,Welvaart
BU19402306,0.27904739116002525,Welvaart_Kwetsbaarheid,weighted_mean,Welvaart
BU19402307,0.33111133039917306,Welvaart_Kwetsbaarheid,weighted_mean,Welvaart
BU19402308,0.32705028318258356,Welvaart_Kwetsbaarheid,weighted_mean,Welvaart
WK194024,0.38131674397645793,Welvaart_Kwetsbaarheid,weighted_mean,Welvaart
BU19402401,0.37022439188410583,Welvaart_Kwetsbaarheid,weighted_mean,Welvaart
WK194025,0.35540756707204857,Welvaart_Kwetsbaarheid,weighted_mean,Welvaart
BU19402501,0.297276975441457,Welvaart_Kwetsbaarheid,weighted_mean,Welvaart
WK194026,0.339941906722598,Welvaart_Kwetsbaarheid,weighted_mean,Welvaart
BU19402601,0.3536800019606933,Welvaart_Kwetsbaarheid,weighted_mean,Welvaart
WK194027,0.3637327291302262,Welvaart_Kwetsbaarheid,weighted_mean,Welvaart
BU19402701,0.35390877530627235,Welvaart_Kwetsbaarheid,weighted_mean,Welvaart
WK194028,0.2950172283020912,Welvaart_Kwetsbaarheid,weighted_mean,Welvaart
BU19402801,0.33892477473526345,Welvaart_Kwetsbaarheid,weighted_mean,Welvaart
BU19402802,0.2809380799309285,Welvaart_Kwetsbaarheid,weighted_mean,Welvaart
WK194029,0.31088541725788443,Welvaart_Kwetsbaarheid,weighted_mean,Welvaart
BU19402901,0.29088613875860597,Welvaart_Kwetsbaarheid,weighted_mean,Welvaart
WK194030,0.3114661169845913,Welvaart_Kwetsbaarheid,weighted_mean,Welvaart
BU19403001,0.2951854532039276,Welvaart_Kwetsbaarheid,weighted_mean,Welvaart
WK194031,0.3001203341090111,Welvaart_Kwetsbaarheid,weighted_mean,Welvaart
BU19403101,0.3125344755231525,Welvaart_Kwetsbaarheid,weighted_mean,Welvaart
WK194032,0.31079776222982425,Welvaart_Kwetsbaarheid,weighted_mean,Welvaart
BU19403201,0.312032249964312,Welvaart_Kwetsbaarheid,weighted_mean,Welvaart
WK194033,0.3611075268262396,Welvaart_Kwetsbaarheid,weighted_mean,Welvaart
BU19403301,0.35618111989983253,Welvaart_Kwetsbaarheid,weighted_mean,Welvaart
WK194034,0.3831640205907191,Welvaart_Kwetsbaarheid,weighted_mean,Welvaart
BU19403401,0.3873804708071693,Welvaart_Kwetsbaarheid,weighted_mean,Welvaart
WK194035,0.3322412392269365,Welvaart_Kwetsbaarheid,weighted_mean,Welvaart
BU19403501,0.369754947740645,Welvaart_Kwetsbaarheid,weighted_mean,Welvaart
WK194036,0.35484859492249243,Welvaart_Kwetsbaarheid,weighted_mean,Welvaart
BU19403601,0.3391869787608762,Welvaart_Kwetsbaarheid,weighted_mean,Welvaart
WK194037,0.31893601948309935,Welvaart_Kwetsbaarheid,weighted_mean,Welvaart
BU19403701,0.3102029747500546,Welvaart_Kwetsbaarheid,weighted_mean,Welvaart
WK194038,0.30474889109036907,Welvaart_Kwetsbaarheid,weighted_mean,Welvaart
BU19403801,0.2946673615088394,Welvaart_Kwetsbaarheid,weighted_mean,Welvaart
WK194039,0.36909559325590313,Welvaart_Kwetsbaarheid,weighted_mean,Welvaart
BU19403901,0.3470587967191066,Welvaart_Kwetsbaarheid,weighted_mean,Welvaart
WK194040,0.2942006193382833,Welvaart_Kwetsbaarheid,weighted_mean,Welvaart
BU19404001,0.2951977333353972,Welvaart_Kwetsbaarheid,weighted_mean,Welvaart
WK194041,0.29159881206067145,Welvaart_Kwetsbaarheid,weighted_mean,Welvaart
BU19404101,0.2813174267792862,Welvaart_Kwetsbaarheid,weighted_mean,Welvaart
WK194042,0.300764464842534,Welvaart_Kwetsbaarheid,weighted_mean,Welvaart
BU19404201,0.2965227621008312,Welvaart_Kwetsbaarheid,weighted_mean,Welvaart
WK194043,0.2944906626283265,Welvaart_Kwetsbaarheid,weighted_mean,Welvaart
BU19404301,0.2939242845619484,Welvaart_Kwetsbaarheid,weighted_mean,Welvaart
WK194044,0.355407288447217,Welvaart_Kwetsbaarheid,weighted_mean,Welvaart
BU19404401,0.3993625554024839,Welvaart_Kwetsbaarheid,weighted_mean,Welvaart
WK194045,0.3182707811986716,Welvaart_Kwetsbaarheid,weighted_mean,Welvaart
BU19404501,0.3221243165522069,Welvaart_Kwetsbaarheid,weighted_mean,Welvaart
WK194046,0.3197723936108918,Welvaart_Kwetsbaarheid,weighted_mean,Welvaart
BU19404601,0.3650516143901126,Welvaart_Kwetsbaarheid,weighted_mean,Welvaart
WK194047,0.29874458358486966,Welvaart_Kwetsbaarheid,weighted_mean,Welvaart
BU19404701,0.3114386672789533,Welvaart_Kwetsbaarheid,weighted_mean,Welvaart
WK194048,0.33164960433554,Welvaart_Kwetsbaarheid,weighted_mean,Welvaart
BU19404801,0.3219234658865171,Welvaart_Kwetsbaarheid,weighted_mean,Welvaart
WK194049,0.36316107353115695,Welvaart_Kwetsbaarheid,weighted_mean,Welvaart
BU19404901,0.32474260311268655,Welvaart_Kwetsbaarheid,weighted_mean,Welvaart
WK194050,0.3402609003365856,Welvaart_Kwetsbaarheid,weighted_mean,Welvaart
BU19405001,0.33188355545924075,Welvaart_Kwetsbaarheid,weighted_mean,Welvaart
WK194051,0.3276219284622145,Welvaart_Kwetsbaarheid,weighted_mean,Welvaart
BU19405101,0.31733693567722165,Welvaart_Kwetsbaarheid,weighted_mean,Welvaart
GM0072,0.2574205403257847,Welvaart_Kwetsbaarheid,weighted_mean,Welvaart
WK007200,0.26136023008907394,Welvaart_Kwetsbaarheid,weighted_mean,Welvaart
BU00720001,0.2629577100822631,Welvaart_Kwetsbaarheid,weighted_mean,Welvaart
BU00720002,0.26944645673489537,Welvaart_Kwetsbaarheid,weighted_mean,Welvaart
BU00720003,0.36767705576108434,Welvaart_Kwetsbaarheid,weighted_mean,Welvaart
BU00720004,0.2848884984701433,Welvaart_Kwetsbaarheid,weighted_mean,Welvaart
BU00720005,0.3038597536750099,Welvaart_Kwetsbaarheid,weighted_mean,Welvaart
BU00720006,0.27672494139419046,Welvaart_Kwetsbaarheid,weighted_mean,Welvaart
BU00720007,0.2747905394830305,Welvaart_Kwetsbaarheid,weighted_mean,Welvaart
BU00720009,0.3048541003427773,Welvaart_Kwetsbaarheid,weighted_mean,Welvaart
WK007201,0.2713456160446625,Welvaart_Kwetsbaarheid,weighted_mean,Welvaart
BU00720100,0.2898459479865916,Welvaart_Kwetsbaarheid,weighted_mean,Welvaart
BU00720109,0.280911907255769,Welvaart_Kwetsbaarheid,weighted_mean,Welvaart
WK007202,0.29374447953053434,Welvaart_Kwetsbaarheid,weighted_mean,Welvaart
BU00720200,0.25339223582668163,Welvaart_Kwetsbaarheid,weighted_mean,Welvaart
BU00720209,0.3089408644593388,Welvaart_Kwetsbaarheid,weighted_mean,Welvaart
GM0074,0.28769027668133745,Welvaart_Kwetsbaarheid,weighted_mean,Welvaart
WK007401,0.2758661353875895,Welvaart_Kwetsbaarheid,weighted_mean,Welvaart
BU00740100,0.2844295156571677,Welvaart_Kwetsbaarheid,weighted_mean,Welvaart
BU00740101,0.3187019221673572,Welvaart_Kwetsbaarheid,weighted_mean,Welvaart
BU00740102,0.3126235021765415,Welvaart_Kwetsbaarheid,weighted_mean,Welvaart
BU00740103,0.2861610055948554,Welvaart_Kwetsbaarheid,weighted_mean,Welvaart
BU00740104,0.2878221384627821,Welvaart_Kwetsbaarheid,weighted_mean,Welvaart
BU00740105,0.353227559091683,Welvaart_Kwetsbaarheid,weighted_mean,Welvaart
BU00740106,0.2980388122670602,Welvaart_Kwetsbaarheid,weighted_mean,Welvaart
BU00740107,0.31281738292167377,Welvaart_Kwetsbaarheid,weighted_mean,Welvaart
BU00740108,0.30145639091407866,Welvaart_Kwetsbaarheid,weighted_mean,Welvaart
BU00740109,0.30281472566633477,Welvaart_Kwetsbaarheid,weighted_mean,Welvaart
BU00740110,0.33717738856296664,Welvaart_Kwetsbaarheid,weighted_mean,Welvaart
WK007402,0.33692965582953666,Welvaart_Kwetsbaarheid,weighted_mean,Welvaart
BU00740201,0.3577580504517334,Welvaart_Kwetsbaarheid,weighted_mean,Welvaart
BU00740202,0.3150532526009284,Welvaart_Kwetsbaarheid,weighted_mean,Welvaart
BU00740203,0.3039877620062364,Welvaart_Kwetsbaarheid,weighted_mean,Welvaart
BU00740204,0.34137440297750193,Welvaart_Kwetsbaarheid,weighted_mean,Welvaart
BU00740205,0.3979140889569972,Welvaart_Kwetsbaarheid,weighted_mean,Welvaart
WK007403,0.3175447820620645,Welvaart_Kwetsbaarheid,weighted_mean,Welvaart
BU00740301,0.277737347078825,Welvaart_Kwetsbaarheid,weighted_mean,Welvaart
BU00740302,0.3576093344478326,Welvaart_Kwetsbaarheid,weighted_mean,Welvaart
WK007404,0.30041870002597054,Welvaart_Kwetsbaarheid,weighted_mean,Welvaart
BU00740401,0.3451011390939877,Welvaart_Kwetsbaarheid,weighted_mean,Welvaart
BU00740402,0.30880422649790945,Welvaart_Kwetsbaarheid,weighted_mean,Welvaart
BU00740403,0.376745257788166,Welvaart_Kwetsbaarheid,weighted_mean,Welvaart
BU00740404,0.2944285955072605,Welvaart_Kwetsbaarheid,weighted_mean,Welvaart
BU00740405,0.3683648033201073,Welvaart_Kwetsbaarheid,weighted_mean,Welvaart
BU00740406,0.30711596210702286,Welvaart_Kwetsbaarheid,weighted_mean,Welvaart
BU00740407,0.3638810805139768,Welvaart_Kwetsbaarheid,weighted_mean,Welvaart
WK007406,0.34397018198329277,Welvaart_Kwetsbaarheid,weighted_mean,Welvaart
BU00740601,0.3531851891983,Welvaart_Kwetsbaarheid,weighted_mean,Welvaart
WK007407,0.30393313004040057,Welvaart_Kwetsbaarheid,weighted_mean,Welvaart
BU00740701,0.3146146162802897,Welvaart_Kwetsbaarheid,weighted_mean,Welvaart
BU00740702,0.2697925276947923,Welvaart_Kwetsbaarheid,weighted_mean,Welvaart
WK007409,0.2957640176668782,Welvaart_Kwetsbaarheid,weighted_mean,Welvaart
BU00740901,0.27151666933252155,Welvaart_Kwetsbaarheid,weighted_mean,Welvaart
BU00740902,0.3391171806606848,Welvaart_Kwetsbaarheid,weighted_mean,Welvaart
BU00740903,0.2807697139967701,Welvaart_Kwetsbaarheid,weighted_mean,Welvaart
GM0080,0.28599846240370674,Welvaart_Kwetsbaarheid,weighted_mean,Welvaart
WK008010,0.25762562368104686,Welvaart_Kwetsbaarheid,weighted_mean,Welvaart
BU00801001,0.31341309829092906,Welvaart_Kwetsbaarheid,weighted_mean,Welvaart
BU00801002,0.27935741288244276,Welvaart_Kwetsbaarheid,weighted_mean,Welvaart
BU00801003,0.2757679682918062,Welvaart_Kwetsbaarheid,weighted_mean,Welvaart
BU00801004,0.3455647613543919,Welvaart_Kwetsbaarheid,weighted_mean,Welvaart
BU00801005,0.4030504001362166,Welvaart_Kwetsbaarheid,weighted_mean,Welvaart
BU00801006,0.35312391753392947,Welvaart_Kwetsbaarheid,weighted_mean,Welvaart
BU00801007,0.30796876908021126,Welvaart_Kwetsbaarheid,weighted_mean,Welvaart
BU00801008,0.22779391049951242,Welvaart_Kwetsbaarheid,weighted_mean,Welvaart
WK008011,0.2326816083532412,Welvaart_Kwetsbaarheid,weighted_mean,Welvaart
BU00801101,0.2701366336616634,Welvaart_Kwetsbaarheid,weighted_mean,Welvaart
BU00801102,0.28214424166748364,Welvaart_Kwetsbaarheid,weighted_mean,Welvaart
BU00801103,0.3182712404136719,Welvaart_Kwetsbaarheid,weighted_mean,Welvaart
BU00801104,0.45954609951034275,Welvaart_Kwetsbaarheid,weighted_mean,Welvaart
BU00801105,0.44821448350351806,Welvaart_Kwetsbaarheid,weighted_mean,Welvaart
BU00801106,0.2566192918457519,Welvaart_Kwetsbaarheid,weighted_mean,Welvaart
BU00801107,0.31482455235137,Welvaart_Kwetsbaarheid,weighted_mean,Welvaart
BU00801108,0.269592954059581,Welvaart_Kwetsbaarheid,weighted_mean,Welvaart
BU00801109,0.26152498507981226,Welvaart_Kwetsbaarheid,weighted_mean,Welvaart
WK008020,0.2541017238621529,Welvaart_Kwetsbaarheid,weighted_mean,Welvaart
BU00802001,0.36253750685812663,Welvaart_Kwetsbaarheid,weighted_mean,Welvaart
BU00802002,0.3274561466873743,Welvaart_Kwetsbaarheid,weighted_mean,Welvaart
BU00802003,0.3251478818493121,Welvaart_Kwetsbaarheid,weighted_mean,Welvaart
BU00802004,0.2721543031197382,Welvaart_Kwetsbaarheid,weighted_mean,Welvaart
BU00802005,0.26062716385719964,Welvaart_Kwetsbaarheid,weighted_mean,Welvaart
BU00802006,0.3597008867837235,Welvaart_Kwetsbaarheid,weighted_mean,Welvaart
BU00802007,0.39815239488362253,Welvaart_Kwetsbaarheid,weighted_mean,Welvaart
BU00802008,0.3094542995079348,Welvaart_Kwetsbaarheid,weighted_mean,Welvaart
BU00802009,0.34350147137989806,Welvaart_Kwetsbaarheid,weighted_mean,Welvaart
WK008030,0.268428844893684,Welvaart_Kwetsbaarheid,weighted_mean,Welvaart
BU00803001,0.27962582147027915,Welvaart_Kwetsbaarheid,weighted_mean,Welvaart
BU00803002,0.3021287539106371,Welvaart_Kwetsbaarheid,weighted_mean,Welvaart
BU00803003,0.27763244568965667,Welvaart_Kwetsbaarheid,weighted_mean,Welvaart
BU00803004,0.2725831015759502,Welvaart_Kwetsbaarheid,weighted_mean,Welvaart
BU00803005,0.2666288846235211,Welvaart_Kwetsbaarheid,weighted_mean,Welvaart
BU00803006,0.39770992747154843,Welvaart_Kwetsbaarheid,weighted_mean,Welvaart
BU00803007,0.30744020745510614,Welvaart_Kwetsbaarheid,weighted_mean,Welvaart
WK008031,0.2559472358524802,Welvaart_Kwetsbaarheid,weighted_mean,Welvaart
BU00803101,0.23226499199383588,Welvaart_Kwetsbaarheid,weighted_mean,Welvaart
BU00803102,0.36102107831249663,Welvaart_Kwetsbaarheid,weighted_mean,Welvaart
WK008032,0.32902475375240575,Welvaart_Kwetsbaarheid,weighted_mean,Welvaart
BU00803201,0.2555892270224809,Welvaart_Kwetsbaarheid,weighted_mean,Welvaart
BU00803202,0.2270974989121592,Welvaart_Kwetsbaarheid,weighted_mean,Welvaart
BU00803203,0.3221475997846678,Welvaart_Kwetsbaarheid,weighted_mean,Welvaart
BU00803204,0.2954386724386725,Welvaart_Kwetsbaarheid,weighted_mean,Welvaart
WK008040,0.2789403132293478,Welvaart_Kwetsbaarheid,weighted_mean,Welvaart
BU00804001,0.3221735058743402,Welvaart_Kwetsbaarheid,weighted_mean,Welvaart
BU00804002,0.22328833628297276,Welvaart_Kwetsbaarheid,weighted_mean,Welvaart
BU00804003,0.2249514169448615,Welvaart_Kwetsbaarheid,weighted_mean,Welvaart
BU00804004,0.35013163733366354,Welvaart_Kwetsbaarheid,weighted_mean,Welvaart
WK008041,0.24491052617095527,Welvaart_Kwetsbaarheid,weighted_mean,Welvaart
BU00804101,0.29450245258648117,Welvaart_Kwetsbaarheid,weighted_mean,Welvaart
BU00804102,0.36533623739523624,Welvaart_Kwetsbaarheid,weighted_mean,Welvaart
BU00804103,0.3295656505459843,Welvaart_Kwetsbaarheid,weighted_mean,Welvaart
BU00804104,0.317908021987283,Welvaart_Kwetsbaarheid,weighted_mean,Welvaart
BU00804105,0.3845222762272822,Welvaart_Kwetsbaarheid,weighted_mean,Welvaart
BU00804106,0.33579652647709857,Welvaart_Kwetsbaarheid,weighted_mean,Welvaart
BU00804107,0.30337423356672455,Welvaart_Kwetsbaarheid,weighted_mean,Welvaart
BU00804108,0.28901997671246776,Welvaart_Kwetsbaarheid,weighted_mean,Welvaart
BU00804109,0.3997920289219455,Welvaart_Kwetsbaarheid,weighted_mean,Welvaart
BU00804110,0.30441769388074513,Welvaart_Kwetsbaarheid,weighted_mean,Welvaart
WK008050,0.28612247797229917,Welvaart_Kwetsbaarheid,weighted_mean,Welvaart
BU00805001,0.49836712089393853,Welvaart_Kwetsbaarheid,weighted_mean,Welvaart
BU00805002,0.3862811539539788,Welvaart_Kwetsbaarheid,weighted_mean,Welvaart
BU00805003,0.25496821957012655,Welvaart_Kwetsbaarheid,weighted_mean,Welvaart
WK008051,0.2667237580986091,Welvaart_Kwetsbaarheid,weighted_mean,Welvaart
BU00805101,0.28582506058370183,Welvaart_Kwetsbaarheid,weighted_mean,Welvaart
BU00805102,0.25840072786437507,Welvaart_Kwetsbaarheid,weighted_mean,Welvaart
BU00805103,0.24619098356285485,Welvaart_Kwetsbaarheid,weighted_mean,Welvaart
BU00805104,0.32544923696353967,Welvaart_Kwetsbaarheid,weighted_mean,Welvaart
BU00805105,0.3626526459899523,Welvaart_Kwetsbaarheid,weighted_mean,Welvaart
WK008060,0.23387613578316796,Welvaart_Kwetsbaarheid,weighted_mean,Welvaart
BU00806001,0.3859699669949968,Welvaart_Kwetsbaarheid,weighted_mean,Welvaart
BU00806002,0.2827728373467348,Welvaart_Kwetsbaarheid,weighted_mean,Welvaart
BU00806003,0.33584050104312324,Welvaart_Kwetsbaarheid,weighted_mean,Welvaart
WK008061,0.26785217834741076,Welvaart_Kwetsbaarheid,weighted_mean,Welvaart
BU00806101,0.39993898202181877,Welvaart_Kwetsbaarheid,weighted_mean,Welvaart
BU00806102,0.37277721450844215,Welvaart_Kwetsbaarheid,weighted_mean,Welvaart
WK008062,0.30554398488546286,Welvaart_Kwetsbaarheid,weighted_mean,Welvaart
BU00806201,0.25232069546133906,Welvaart_Kwetsbaarheid,weighted_mean,Welvaart
BU00806202,0.31101833936160517,Welvaart_Kwetsbaarheid,weighted_mean,Welvaart
BU00806203,0.32867773168428716,Welvaart_Kwetsbaarheid,weighted_mean,Welvaart
BU00806204,0.4003455205898591,Welvaart_Kwetsbaarheid,weighted_mean,Welvaart
BU00806205,0.26345273353318643,Welvaart_Kwetsbaarheid,weighted_mean,Welvaart
BU00806206,0.34111627942974787,Welvaart_Kwetsbaarheid,weighted_mean,Welvaart
BU00806207,0.29364317016581615,Welvaart_Kwetsbaarheid,weighted_mean,Welvaart
BU00806208,0.3143884614921564,Welvaart_Kwetsbaarheid,weighted_mean,Welvaart
BU00806209,0.22314172716437317,Welvaart_Kwetsbaarheid,weighted_mean,Welvaart
BU00806210,0.2935711060889845,Welvaart_Kwetsbaarheid,weighted_mean,Welvaart
WK008063,0.28054926671791985,Welvaart_Kwetsbaarheid,weighted_mean,Welvaart
BU00806301,0.2477087364363884,Welvaart_Kwetsbaarheid,weighted_mean,Welvaart
BU00806302,0.3154138438703397,Welvaart_Kwetsbaarheid,weighted_mean,Welvaart
BU00806303,0.2870833139843867,Welvaart_Kwetsbaarheid,weighted_mean,Welvaart
BU00806304,0.29980110572780416,Welvaart_Kwetsbaarheid,weighted_mean,Welvaart
BU00806305,0.28494843720707846,Welvaart_Kwetsbaarheid,weighted_mean,Welvaart
BU00806306,0.3207643091910076,Welvaart_Kwetsbaarheid,weighted_mean,Welvaart
BU00806307,0.2514247790350293,Welvaart_Kwetsbaarheid,weighted_mean,Welvaart
WK008070,0.2917035345795775,Welvaart_Kwetsbaarheid,weighted_mean,Welvaart
BU00807001,0.25302469613554235,Welvaart_Kwetsbaarheid,weighted_mean,Welvaart
BU00807002,0.24381247774871131,Welvaart_Kwetsbaarheid,weighted_mean,Welvaart
BU00807003,0.26850724596552966,Welvaart_Kwetsbaarheid,weighted_mean,Welvaart
BU00807004,0.38699265341994776,Welvaart_Kwetsbaarheid,weighted_mean,Welvaart
WK008071,0.32753472060981004,Welvaart_Kwetsbaarheid,weighted_mean,Welvaart
BU00807101,0.28961264268773207,Welvaart_Kwetsbaarheid,weighted_mean,Welvaart
WK008072,0.3730895400454399,Welvaart_Kwetsbaarheid,weighted_mean,Welvaart
BU00807201,0.2945897206356086,Welvaart_Kwetsbaarheid,weighted_mean,Welvaart
BU00807202,0.4927215841369596,Welvaart_Kwetsbaarheid,weighted_mean,Welvaart
BU00807203,0.36549576301066167,Welvaart_Kwetsbaarheid,weighted_mean,Welvaart
WK008073,0.32362798167267776,Welvaart_Kwetsbaarheid,weighted_mean,Welvaart
BU00807301,0.29011482524891347,Welvaart_Kwetsbaarheid,weighted_mean,Welvaart
BU00807302,0.31470350104140327,Welvaart_Kwetsbaarheid,weighted_mean,Welvaart
BU00807303,0.33600558109616513,Welvaart_Kwetsbaarheid,weighted_mean,Welvaart
BU00807304,0.2926229268678613,Welvaart_Kwetsbaarheid,weighted_mean,Welvaart
BU00807305,0.31267704716155253,Welvaart_Kwetsbaarheid,weighted_mean,Welvaart
BU00807306,0.27627635885502394,Welvaart_Kwetsbaarheid,weighted_mean,Welvaart
WK008074,0.3200671632036352,Welvaart_Kwetsbaarheid,weighted_mean,Welvaart
BU00807401,0.2644524772671376,Welvaart_Kwetsbaarheid,weighted_mean,Welvaart
BU00807402,0.26658746067864064,Welvaart_Kwetsbaarheid,weighted_mean,Welvaart
BU00807403,0.2977539372956536,Welvaart_Kwetsbaarheid,weighted_mean,Welvaart
BU00807404,0.3312925612329665,Welvaart_Kwetsbaarheid,weighted_mean,Welvaart
BU00807405,0.31632969401145805,Welvaart_Kwetsbaarheid,weighted_mean,Welvaart
WK008080,0.28556623273428994,Welvaart_Kwetsbaarheid,weighted_mean,Welvaart
BU00808001,0.2804714564339117,Welvaart_Kwetsbaarheid,weighted_mean,Welvaart
BU00808002,0.28230979555473,Welvaart_Kwetsbaarheid,weighted_mean,Welvaart
BU00808003,0.3514037574794428,Welvaart_Kwetsbaarheid,weighted_mean,Welvaart
BU00808004,0.2825349484974038,Welvaart_Kwetsbaarheid,weighted_mean,Welvaart
BU00808005,0.4030293269834391,Welvaart_Kwetsbaarheid,weighted_mean,Welvaart
BU00808006,0.2941925856556369,Welvaart_Kwetsbaarheid,weighted_mean,Welvaart
BU00808007,0.27590910810815455,Welvaart_Kwetsbaarheid,weighted_mean,Welvaart
BU00808008,0.3610208461251369,Welvaart_Kwetsbaarheid,weighted_mean,Welvaart
WK008081,0.29509256020102265,Welvaart_Kwetsbaarheid,weighted_mean,Welvaart
BU00808101,0.27708557996102695,Welvaart_Kwetsbaarheid,weighted_mean,Welvaart
BU00808102,0.3249979060139966,Welvaart_Kwetsbaarheid,weighted_mean,Welvaart
BU00808103,0.27280745906192866,Welvaart_Kwetsbaarheid,weighted_mean,Welvaart
BU00808104,0.36112582061032594,Welvaart_Kwetsbaarheid,weighted_mean,Welvaart
BU00808105,0.2512744076212491,Welvaart_Kwetsbaarheid,weighted_mean,Welvaart
BU00808106,0.36271702208531764,Welvaart_Kwetsbaarheid,weighted_mean,Welvaart
BU00808107,0.34654128979218374,Welvaart_Kwetsbaarheid,weighted_mean,Welvaart
BU00808108,0.29954076350083503,Welvaart_Kwetsbaarheid,weighted_mean,Welvaart
BU00808109,0.2624834802993325,Welvaart_Kwetsbaarheid,weighted_mean,Welvaart
BU00808110,0.35382387642816726,Welvaart_Kwetsbaarheid,weighted_mean,Welvaart
BU00808111,0.28058456607622284,Welvaart_Kwetsbaarheid,weighted_mean,Welvaart
BU00808112,0.346860921491434,Welvaart_Kwetsbaarheid,weighted_mean,Welvaart
BU00808113,0.27443908263634126,Welvaart_Kwetsbaarheid,weighted_mean,Welvaart
BU00808114,0.28681917506410953,Welvaart_Kwetsbaarheid,weighted_mean,Welvaart
BU00808115,0.2836814165836812,Welvaart_Kwetsbaarheid,weighted_mean,Welvaart
BU00808116,0.25562285979151295,Welvaart_Kwetsbaarheid,weighted_mean,Welvaart
BU00808117,0.3496124663973293,Welvaart_Kwetsbaarheid,weighted_mean,Welvaart
WK008082,0.2773067702394281,Welvaart_Kwetsbaarheid,weighted_mean,Welvaart
BU00808201,0.26548640242025223,Welvaart_Kwetsbaarheid,weighted_mean,Welvaart
BU00808202,0.34051153885182495,Welvaart_Kwetsbaarheid,weighted_mean,Welvaart
BU00808203,0.30386102210595656,Welvaart_Kwetsbaarheid,weighted_mean,Welvaart
BU00808204,0.2561205146991798,Welvaart_Kwetsbaarheid,weighted_mean,Welvaart
BU00808205,0.3105536421597208,Welvaart_Kwetsbaarheid,weighted_mean,Welvaart
BU00808206,0.28808902493348265,Welvaart_Kwetsbaarheid,weighted_mean,Welvaart
BU00808207,0.4225167905859205,Welvaart_Kwetsbaarheid,weighted_mean,Welvaart
BU00808208,0.2818680763019261,Welvaart_Kwetsbaarheid,weighted_mean,Welvaart
BU00808209,0.3684089662158792,Welvaart_Kwetsbaarheid,weighted_mean,Welvaart
GM1970,0.2877146563541081,Welvaart_Kwetsbaarheid,weighted_mean,Welvaart
WK197000,0.274972214052667,Welvaart_Kwetsbaarheid,weighted_mean,Welvaart
BU19700000,0.2666481991720371,Welvaart_Kwetsbaarheid,weighted_mean,Welvaart
BU19700001,0.2769647393395903,Welvaart_Kwetsbaarheid,weighted_mean,Welvaart
BU19700002,0.32305875458140054,Welvaart_Kwetsbaarheid,weighted_mean,Welvaart
BU19700003,0.28036520491824424,Welvaart_Kwetsbaarheid,weighted_mean,Welvaart
BU19700004,0.2706604354458943,Welvaart_Kwetsbaarheid,weighted_mean,Welvaart
BU19700005,0.2713036933269353,Welvaart_Kwetsbaarheid,weighted_mean,Welvaart
BU19700006,0.27448053237981723,Welvaart_Kwetsbaarheid,weighted_mean,Welvaart
BU19700007,0.33919016058765766,Welvaart_Kwetsbaarheid,weighted_mean,Welvaart
BU19700008,0.2498160775127402,Welvaart_Kwetsbaarheid,weighted_mean,Welvaart
BU19700009,0.28212772626658206,Welvaart_Kwetsbaarheid,weighted_mean,Welvaart
BU19700010,0.2996444824543752,Welvaart_Kwetsbaarheid,weighted_mean,Welvaart
BU19700011,0.3698672920246222,Welvaart_Kwetsbaarheid,weighted_mean,Welvaart
WK197001,0.3040337437029928,Welvaart_Kwetsbaarheid,weighted_mean,Welvaart
BU19700100,0.2634671205499573,Welvaart_Kwetsbaarheid,weighted_mean,Welvaart
BU19700101,0.2941673331303844,Welvaart_Kwetsbaarheid,weighted_mean,Welvaart
BU19700102,0.26020745940591,Welvaart_Kwetsbaarheid,weighted_mean,Welvaart
BU19700103,0.32818543858472343,Welvaart_Kwetsbaarheid,weighted_mean,Welvaart
BU19700104,0.2877417156410005,Welvaart_Kwetsbaarheid,weighted_mean,Welvaart
BU19700105,0.274056463666118,Welvaart_Kwetsbaarheid,weighted_mean,Welvaart
BU19700107,0.32306589649259493,Welvaart_Kwetsbaarheid,weighted_mean,Welvaart
BU19700108,0.2930459971759137,Welvaart_Kwetsbaarheid,weighted_mean,Welvaart
BU19700109,0.27356832844019974,Welvaart_Kwetsbaarheid,weighted_mean,Welvaart
WK197002,0.29400442187927284,Welvaart_Kwetsbaarheid,weighted_mean,Welvaart
BU19700200,0.2530380512084922,Welvaart_Kwetsbaarheid,weighted_mean,Welvaart
BU19700201,0.27804804386449194,Welvaart_Kwetsbaarheid,weighted_mean,Welvaart
BU19700202,0.266980222796671,Welvaart_Kwetsbaarheid,weighted_mean,Welvaart
BU19700208,0.2835443529454256,Welvaart_Kwetsbaarheid,weighted_mean,Welvaart
BU19700209,0.35223668663477964,Welvaart_Kwetsbaarheid,weighted_mean,Welvaart
WK197003,0.3009452588201098,Welvaart_Kwetsbaarheid,weighted_mean,Welvaart
BU19700300,0.27215994871239213,Welvaart_Kwetsbaarheid,weighted_mean,Welvaart
BU19700301,0.23468508944373068,Welvaart_Kwetsbaarheid,weighted_mean,Welvaart
BU19700302,0.2765896492594943,Welvaart_Kwetsbaarheid,weighted_mean,Welvaart
BU19700303,0.28744274431699934,Welvaart_Kwetsbaarheid,weighted_mean,Welvaart
BU19700307,0.30833312264480317,Welvaart_Kwetsbaarheid,weighted_mean,Welvaart
BU19700308,0.32790553242281495,Welvaart_Kwetsbaarheid,weighted_mean,Welvaart
BU19700309,0.31239539529468013,Welvaart_Kwetsbaarheid,weighted_mean,Welvaart
WK197004,0.2851579716800217,Welvaart_Kwetsbaarheid,weighted_mean,Welvaart
BU19700400,0.2598453202207672,Welvaart_Kwetsbaarheid,weighted_mean,Welvaart
BU19700401,0.30565647106171534,Welvaart_Kwetsbaarheid,weighted_mean,Welvaart
BU19700408,0.313320059955936,Welvaart_Kwetsbaarheid,weighted_mean,Welvaart
BU19700409,0.3255933547977648,Welvaart_Kwetsbaarheid,weighted_mean,Welvaart
WK197005,0.2798885707062108,Welvaart_Kwetsbaarheid,weighted_mean,Welvaart
BU19700500,0.2732762367416718,Welvaart_Kwetsbaarheid,weighted_mean,Welvaart
BU19700501,0.25955923099546463,Welvaart_Kwetsbaarheid,weighted_mean,Welvaart
BU19700502,0.2591529719122091,Welvaart_Kwetsbaarheid,weighted_mean,Welvaart
BU19700503,0.24718412629616446,Welvaart_Kwetsbaarheid,weighted_mean,Welvaart
BU19700506,0.3126747209881894,Welvaart_Kwetsbaarheid,weighted_mean,Welvaart
BU19700507,0.33910660323651975,Welvaart_Kwetsbaarheid,weighted_mean,Welvaart
BU19700508,0.3830808209801059,Welvaart_Kwetsbaarheid,weighted_mean,Welvaart
BU19700509,0.30913519238012677,Welvaart_Kwetsbaarheid,weighted_mean,Welvaart
WK197006,0.29019382312826886,Welvaart_Kwetsbaarheid,weighted_mean,Welvaart
BU19700600,0.29907752821936373,Welvaart_Kwetsbaarheid,weighted_mean,Welvaart
BU19700601,0.3049902008334666,Welvaart_Kwetsbaarheid,weighted_mean,Welvaart
BU19700602,0.283549486865935,Welvaart_Kwetsbaarheid,weighted_mean,Welvaart
BU19700603,0.3191490462259235,Welvaart_Kwetsbaarheid,weighted_mean,Welvaart
BU19700604,0.297606221417306,Welvaart_Kwetsbaarheid,weighted_mean,Welvaart
BU19700605,0.2819166980549579,Welvaart_Kwetsbaarheid,weighted_mean,Welvaart
BU19700608,0.3083081840024629,Welvaart_Kwetsbaarheid,weighted_mean,Welvaart
BU19700609,0.3118162985207085,Welvaart_Kwetsbaarheid,weighted_mean,Welvaart
WK197007,0.32058841522667497,Welvaart_Kwetsbaarheid,weighted_mean,Welvaart
BU19700700,0.2695182929241332,Welvaart_Kwetsbaarheid,weighted_mean,Welvaart
BU19700701,0.30628206980411987,Welvaart_Kwetsbaarheid,weighted_mean,Welvaart
BU19700702,0.3309692876319813,Welvaart_Kwetsbaarheid,weighted_mean,Welvaart
BU19700703,0.32371999838328797,Welvaart_Kwetsbaarheid,weighted_mean,Welvaart
BU19700708,0.2643214453405157,Welvaart_Kwetsbaarheid,weighted_mean,Welvaart
BU19700709,0.3473301463468329,Welvaart_Kwetsbaarheid,weighted_mean,Welvaart
WK197008,0.2759118823171266,Welvaart_Kwetsbaarheid,weighted_mean,Welvaart
BU19700800,0.25343496690040196,Welvaart_Kwetsbaarheid,weighted_mean,Welvaart
BU19700801,0.2683459660456085,Welvaart_Kwetsbaarheid,weighted_mean,Welvaart
BU19700802,0.2549813304163721,Welvaart_Kwetsbaarheid,weighted_mean,Welvaart
BU19700803,0.2698183176907849,Welvaart_Kwetsbaarheid,weighted_mean,Welvaart
BU19700807,0.33798521138509224,Welvaart_Kwetsbaarheid,weighted_mean,Welvaart
BU19700808,0.30518852323679496,Welvaart_Kwetsbaarheid,weighted_mean,Welvaart
BU19700809,0.30697372155059877,Welvaart_Kwetsbaarheid,weighted_mean,Welvaart
WK197009,0.2780572935209407,Welvaart_Kwetsbaarheid,weighted_mean,Welvaart
BU19700900,0.2534834768595198,Welvaart_Kwetsbaarheid,weighted_mean,Welvaart
BU19700909,0.3323929315288076,Welvaart_Kwetsbaarheid,weighted_mean,Welvaart
WK197010,0.3104129641382323,Welvaart_Kwetsbaarheid,weighted_mean,Welvaart
BU19701000,0.2720963336755947,Welvaart_Kwetsbaarheid,weighted_mean,Welvaart
BU19701001,0.3393112075978584,Welvaart_Kwetsbaarheid,weighted_mean,Welvaart
BU19701002,0.3323479817758721,Welvaart_Kwetsbaarheid,weighted_mean,Welvaart
BU19701003,0.28733149217356607,Welvaart_Kwetsbaarheid,weighted_mean,Welvaart
BU19701004,0.3033710121820968,Welvaart_Kwetsbaarheid,weighted_mean,Welvaart
BU19701005,0.28784812624800704,Welvaart_Kwetsbaarheid,weighted_mean,Welvaart
BU19701006,0.352302253765305,Welvaart_Kwetsbaarheid,weighted_mean,Welvaart
BU19701008,0.363962126801817,Welvaart_Kwetsbaarheid,weighted_mean,Welvaart
BU19701009,0.344271946435236,Welvaart_Kwetsbaarheid,weighted_mean,Welvaart
WK197011,0.27962056543641767,Welvaart_Kwetsbaarheid,weighted_mean,Welvaart
BU19701100,0.2700952011172512,Welvaart_Kwetsbaarheid,weighted_mean,Welvaart
BU19701109,0.36449691018820934,Welvaart_Kwetsbaarheid,weighted_mean,Welvaart
WK197012,0.30181884828189953,Welvaart_Kwetsbaarheid,weighted_mean,Welvaart
BU19701200,0.2474036680443117,Welvaart_Kwetsbaarheid,weighted_mean,Welvaart
BU19701201,0.27880570991715214,Welvaart_Kwetsbaarheid,weighted_mean,Welvaart
BU19701202,0.3196008613291092,Welvaart_Kwetsbaarheid,weighted_mean,Welvaart
BU19701203,0.2656091263391621,Welvaart_Kwetsbaarheid,weighted_mean,Welvaart
BU19701204,0.31511377180626293,Welvaart_Kwetsbaarheid,weighted_mean,Welvaart
BU19701206,0.329093678140162,Welvaart_Kwetsbaarheid,weighted_mean,Welvaart
BU19701207,0.2854824767339666,Welvaart_Kwetsbaarheid,weighted_mean,Welvaart
BU19701208,0.3427290571301298,Welvaart_Kwetsbaarheid,weighted_mean,Welvaart
BU19701209,0.3362323000135872,Welvaart_Kwetsbaarheid,weighted_mean,Welvaart
WK197013,0.3182123327606045,Welvaart_Kwetsbaarheid,weighted_mean,Welvaart
BU19701300,0.29997014672521227,Welvaart_Kwetsbaarheid,weighted_mean,Welvaart
BU19701301,0.3286523974634821,Welvaart_Kwetsbaarheid,weighted_mean,Welvaart
BU19701302,0.2682151972646609,Welvaart_Kwetsbaarheid,weighted_mean,Welvaart
BU19701308,0.3022964017838869,Welvaart_Kwetsbaarheid,weighted_mean,Welvaart
BU19701309,0.3396214486083378,Welvaart_Kwetsbaarheid,weighted_mean,Welvaart
WK197014,0.28891704805590385,Welvaart_Kwetsbaarheid,weighted_mean,Welvaart
BU19701400,0.28143974652019943,Welvaart_Kwetsbaarheid,weighted_mean,Welvaart
BU19701401,0.3210216114834708,Welvaart_Kwetsbaarheid,weighted_mean,Welvaart
BU19701402,0.2799530508559114,Welvaart_Kwetsbaarheid,weighted_mean,Welvaart
BU19701409,0.3325659326106287,Welvaart_Kwetsbaarheid,weighted_mean,Welvaart
GM0085,0.2909327731598292,Welvaart_Kwetsbaarheid,weighted_mean,Welvaart
WK008501,0.28624287055812686,Welvaart_Kwetsbaarheid,weighted_mean,Welvaart
BU00850101,0.2799448039048754,Welvaart_Kwetsbaarheid,weighted_mean,Welvaart
BU00850102,0.3457842300065184,Welvaart_Kwetsbaarheid,weighted_mean,Welvaart
BU00850103,0.2597652800781525,Welvaart_Kwetsbaarheid,weighted_mean,Welvaart
BU00850104,0.2987139099147442,Welvaart_Kwetsbaarheid,weighted_mean,Welvaart
BU00850105,0.35891687176550113,Welvaart_Kwetsbaarheid,weighted_mean,Welvaart
BU00850106,0.2778105290947961,Welvaart_Kwetsbaarheid,weighted_mean,Welvaart
BU00850107,0.3064594652467119,Welvaart_Kwetsbaarheid,weighted_mean,Welvaart
BU00850108,0.2899420950523453,Welvaart_Kwetsbaarheid,weighted_mean,Welvaart
BU00850109,0.3231885344161864,Welvaart_Kwetsbaarheid,weighted_mean,Welvaart
BU00850110,0.26676572037418284,Welvaart_Kwetsbaarheid,weighted_mean,Welvaart
BU00850111,0.3462096015492916,Welvaart_Kwetsbaarheid,weighted_mean,Welvaart
WK008502,0.3135639418190074,Welvaart_Kwetsbaarheid,weighted_mean,Welvaart
BU00850201,0.2755783142165741,Welvaart_Kwetsbaarheid,weighted_mean,Welvaart
BU00850202,0.30424085052809724,Welvaart_Kwetsbaarheid,weighted_mean,Welvaart
BU00850203,0.3551595041165959,Welvaart_Kwetsbaarheid,weighted_mean,Welvaart
WK008503,0.33605578860286844,Welvaart_Kwetsbaarheid,weighted_mean,Welvaart
BU00850301,0.31626217048743865,Welvaart_Kwetsbaarheid,weighted_mean,Welvaart
BU00850302,0.37578541674191257,Welvaart_Kwetsbaarheid,weighted_mean,Welvaart
WK008504,0.3832054385159272,Welvaart_Kwetsbaarheid,weighted_mean,Welvaart
BU00850401,0.30816726777394243,Welvaart_Kwetsbaarheid,weighted_mean,Welvaart
BU00850402,0.42448236837986536,Welvaart_Kwetsbaarheid,weighted_mean,Welvaart
WK008505,0.35130814788442916,Welvaart_Kwetsbaarheid,weighted_mean,Welvaart
BU00850501,0.3060171741250406,Welvaart_Kwetsbaarheid,weighted_mean,Welvaart
BU00850502,0.3893665928826835,Welvaart_Kwetsbaarheid,weighted_mean,Welvaart
WK008506,0.2948413085391631,Welvaart_Kwetsbaarheid,weighted_mean,Welvaart
BU00850601,0.3083194364898775,Welvaart_Kwetsbaarheid,weighted_mean,Welvaart
BU00850602,0.2942723549129985,Welvaart_Kwetsbaarheid,weighted_mean,Welvaart
BU00850603,0.28983841909646435,Welvaart_Kwetsbaarheid,weighted_mean,Welvaart
BU00850604,0.26993129404035243,Welvaart_Kwetsbaarheid,weighted_mean,Welvaart
BU00850605,0.3061611603864286,Welvaart_Kwetsbaarheid,weighted_mean,Welvaart
BU00850606,0.28131704839988514,Welvaart_Kwetsbaarheid,weighted_mean,Welvaart
BU00850607,0.3798288134193974,Welvaart_Kwetsbaarheid,weighted_mean,Welvaart
BU00850608,0.32484923730752097,Welvaart_Kwetsbaarheid,weighted_mean,Welvaart
WK008507,0.320729543863632,Welvaart_Kwetsbaarheid,weighted_mean,Welvaart
BU00850701,0.33202084268532417,Welvaart_Kwetsbaarheid,weighted_mean,Welvaart
BU00850702,0.3739995218660296,Welvaart_Kwetsbaarheid,weighted_mean,Welvaart
WK008508,0.31814441795788634,Welvaart_Kwetsbaarheid,weighted_mean,Welvaart
BU00850801,0.2815639925562452,Welvaart_Kwetsbaarheid,weighted_mean,Welvaart
BU00850802,0.3630494498879481,Welvaart_Kwetsbaarheid,weighted_mean,Welvaart
WK008509,0.3221226860809698,Welvaart_Kwetsbaarheid,weighted_mean,Welvaart
BU00850901,0.303788790338254,Welvaart_Kwetsbaarheid,weighted_mean,Welvaart
BU00850902,0.3583212681901597,Welvaart_Kwetsbaarheid,weighted_mean,Welvaart
WK008510,0.3033227946070616,Welvaart_Kwetsbaarheid,weighted_mean,Welvaart
BU00851001,0.2864042089548645,Welvaart_Kwetsbaarheid,weighted_mean,Welvaart
BU00851002,0.31812724985251806,Welvaart_Kwetsbaarheid,weighted_mean,Welvaart
BU00851003,0.40145282640813035,Welvaart_Kwetsbaarheid,weighted_mean,Welvaart
WK008511,0.27606929932734464,Welvaart_Kwetsbaarheid,weighted_mean,Welvaart
BU00851101,0.26962931717997274,Welvaart_Kwetsbaarheid,weighted_mean,Welvaart
BU00851102,0.3179305828590692,Welvaart_Kwetsbaarheid,weighted_mean,Welvaart
BU00851103,0.2821378565150913,Welvaart_Kwetsbaarheid,weighted_mean,Welvaart
BU00851104,0.328818303931534,Welvaart_Kwetsbaarheid,weighted_mean,Welvaart
BU00851105,0.26011754270097537,Welvaart_Kwetsbaarheid,weighted_mean,Welvaart
BU00851106,0.28781006042031076,Welvaart_Kwetsbaarheid,weighted_mean,Welvaart
BU00851107,0.29710287791932605,Welvaart_Kwetsbaarheid,weighted_mean,Welvaart
BU00851108,0.35266824984047873,Welvaart_Kwetsbaarheid,weighted_mean,Welvaart
BU00851109,0.2530656342068738,Welvaart_Kwetsbaarheid,weighted_mean,Welvaart
BU00851110,0.2782647176687701,Welvaart_Kwetsbaarheid,weighted_mean,Welvaart
BU00851111,0.27278473909880346,Welvaart_Kwetsbaarheid,weighted_mean,Welvaart
BU00851112,0.29646993087696305,Welvaart_Kwetsbaarheid,weighted_mean,Welvaart
BU00851113,0.2768991335111717,Welvaart_Kwetsbaarheid,weighted_mean,Welvaart
BU00851114,0.23700825297070832,Welvaart_Kwetsbaarheid,weighted_mean,Welvaart
BU00851115,0.28190016545499264,Welvaart_Kwetsbaarheid,weighted_mean,Welvaart
BU00851116,0.46211580731544977,Welvaart_Kwetsbaarheid,weighted_mean,Welvaart
BU00851117,0.36032292961971146,Welvaart_Kwetsbaarheid,weighted_mean,Welvaart
BU00851118,0.3422392406957365,Welvaart_Kwetsbaarheid,weighted_mean,Welvaart
WK008512,0.3420522387161242,Welvaart_Kwetsbaarheid,weighted_mean,Welvaart
BU00851201,0.3269505759106474,Welvaart_Kwetsbaarheid,weighted_mean,Welvaart
BU00851202,0.3888357265830447,Welvaart_Kwetsbaarheid,weighted_mean,Welvaart
WK008513,0.3160964093514749,Welvaart_Kwetsbaarheid,weighted_mean,Welvaart
BU00851301,0.2834158071434591,Welvaart_Kwetsbaarheid,weighted_mean,Welvaart
BU00851302,0.35220177683526915,Welvaart_Kwetsbaarheid,weighted_mean,Welvaart
GM0086,0.3040084043224686,Welvaart_Kwetsbaarheid,weighted_mean,Welvaart
WK008601,0.31137721158460135,Welvaart_Kwetsbaarheid,weighted_mean,Welvaart
BU00860101,0.23969266133151715,Welvaart_Kwetsbaarheid,weighted_mean,Welvaart
BU00860102,0.26203964986146155,Welvaart_Kwetsbaarheid,weighted_mean,Welvaart
BU00860103,0.3798960359598023,Welvaart_Kwetsbaarheid,weighted_mean,Welvaart
WK008602,0.29475096787730876,Welvaart_Kwetsbaarheid,weighted_mean,Welvaart
BU00860201,0.294359674559317,Welvaart_Kwetsbaarheid,weighted_mean,Welvaart
BU00860202,0.3013303346765802,Welvaart_Kwetsbaarheid,weighted_mean,Welvaart
BU00860203,0.27492461650387756,Welvaart_Kwetsbaarheid,weighted_mean,Welvaart
BU00860204,0.31393235608253484,Welvaart_Kwetsbaarheid,weighted_mean,Welvaart
BU00860205,0.29268155331623746,Welvaart_Kwetsbaarheid,weighted_mean,Welvaart
BU00860206,0.28426419825704685,Welvaart_Kwetsbaarheid,weighted_mean,Welvaart
BU00860207,0.30825530118140365,Welvaart_Kwetsbaarheid,weighted_mean,Welvaart
BU00860208,0.38013017111348457,Welvaart_Kwetsbaarheid,weighted_mean,Welvaart
BU00860209,0.45242326637737845,Welvaart_Kwetsbaarheid,weighted_mean,Welvaart
WK008604,0.30521902835609627,Welvaart_Kwetsbaarheid,weighted_mean,Welvaart
BU00860401,0.2809055436022064,Welvaart_Kwetsbaarheid,weighted_mean,Welvaart
BU00860402,0.29550468072518127,Welvaart_Kwetsbaarheid,weighted_mean,Welvaart
WK008605,0.2760865250495763,Welvaart_Kwetsbaarheid,weighted_mean,Welvaart
BU00860501,0.27419054756659045,Welvaart_Kwetsbaarheid,weighted_mean,Welvaart
BU00860502,0.344103447208334,Welvaart_Kwetsbaarheid,weighted_mean,Welvaart
BU00860503,0.27904167677111663,Welvaart_Kwetsbaarheid,weighted_mean,Welvaart
BU00860504,0.25804978956945585,Welvaart_Kwetsbaarheid,weighted_mean,Welvaart
BU00860505,0.3124165028455851,Welvaart_Kwetsbaarheid,weighted_mean,Welvaart
BU00860506,0.31924071723535374,Welvaart_Kwetsbaarheid,weighted_mean,Welvaart
BU00860507,0.2643227911672488,Welvaart_Kwetsbaarheid,weighted_mean,Welvaart
BU00860508,0.33314855519265535,Welvaart_Kwetsbaarheid,weighted_mean,Welvaart
WK008606,0.32298374688481957,Welvaart_Kwetsbaarheid,weighted_mean,Welvaart
BU00860601,0.31027752409158843,Welvaart_Kwetsbaarheid,weighted_mean,Welvaart
BU00860602,0.39524745152873875,Welvaart_Kwetsbaarheid,weighted_mean,Welvaart
WK008607,0.33299725674934255,Welvaart_Kwetsbaarheid,weighted_mean,Welvaart
BU00860701,0.36470809749117256,Welvaart_Kwetsbaarheid,weighted_mean,Welvaart
BU00860702,0.3767988113727089,Welvaart_Kwetsbaarheid,weighted_mean,Welvaart
WK008608,0.32264996981564326,Welvaart_Kwetsbaarheid,weighted_mean,Welvaart
BU00860801,0.3130847896640507,Welvaart_Kwetsbaarheid,weighted_mean,Welvaart
BU00860802,0.3324552867341901,Welvaart_Kwetsbaarheid,weighted_mean,Welvaart
WK008609,0.30936429164796264,Welvaart_Kwetsbaarheid,weighted_mean,Welvaart
BU00860901,0.3049935847492462,Welvaart_Kwetsbaarheid,weighted_mean,Welvaart
BU00860902,0.36719532288662204,Welvaart_Kwetsbaarheid,weighted_mean,Welvaart
WK008610,0.33470254907322844,Welvaart_Kwetsbaarheid,weighted_mean,Welvaart
BU00861001,0.29609665099831967,Welvaart_Kwetsbaarheid,weighted_mean,Welvaart
BU00861002,0.40194344689875083,Welvaart_Kwetsbaarheid,weighted_mean,Welvaart
WK008611,0.31514693590080955,Welvaart_Kwetsbaarheid,weighted_mean,Welvaart
BU00861101,0.3122365103443768,Welvaart_Kwetsbaarheid,weighted_mean,Welvaart
BU00861102,0.3601059290332234,Welvaart_Kwetsbaarheid,weighted_mean,Welvaart
WK008613,0.34462616373164645,Welvaart_Kwetsbaarheid,weighted_mean,Welvaart
BU00861301,0.30754623968271166,Welvaart_Kwetsbaarheid,weighted_mean,Welvaart
BU00861302,0.36225546371255546,Welvaart_Kwetsbaarheid,weighted_mean,Welvaart
WK008614,0.32712947197154585,Welvaart_Kwetsbaarheid,weighted_mean,Welvaart
BU00861401,0.301442210286072,Welvaart_Kwetsbaarheid,weighted_mean,Welvaart
BU00861402,0.37206926234935767,Welvaart_Kwetsbaarheid,weighted_mean,Welvaart
WK008615,0.30274211637918425,Welvaart_Kwetsbaarheid,weighted_mean,Welvaart
BU00861501,0.2825153200659756,Welvaart_Kwetsbaarheid,weighted_mean,Welvaart
BU00861502,0.3613021411114379,Welvaart_Kwetsbaarheid,weighted_mean,Welvaart
WK008616,0.29696801834108155,Welvaart_Kwetsbaarheid,weighted_mean,Welvaart
BU00861601,0.29142636994841997,Welvaart_Kwetsbaarheid,weighted_mean,Welvaart
BU00861602,0.2821002722611781,Welvaart_Kwetsbaarheid,weighted_mean,Welvaart
BU00861603,0.33277162911251107,Welvaart_Kwetsbaarheid,weighted_mean,Welvaart
BU00861604,0.3216262402674798,Welvaart_Kwetsbaarheid,weighted_mean,Welvaart
BU00861605,0.2913329747328555,Welvaart_Kwetsbaarheid,weighted_mean,Welvaart
BU00861606,0.29504943612869716,Welvaart_Kwetsbaarheid,weighted_mean,Welvaart
BU00861607,0.33597607696237014,Welvaart_Kwetsbaarheid,weighted_mean,Welvaart
WK008617,0.3263813840774508,Welvaart_Kwetsbaarheid,weighted_mean,Welvaart
BU00861701,0.34214511451996554,Welvaart_Kwetsbaarheid,weighted_mean,Welvaart
BU00861702,0.2983213842838396,Welvaart_Kwetsbaarheid,weighted_mean,Welvaart
BU00861703,0.34527875382464174,Welvaart_Kwetsbaarheid,weighted_mean,Welvaart
GM0088,0.2842694646103466,Welvaart_Kwetsbaarheid,weighted_mean,Welvaart
WK008800,0.30158331742419936,Welvaart_Kwetsbaarheid,weighted_mean,Welvaart
BU00880000,0.3043641291168109,Welvaart_Kwetsbaarheid,weighted_mean,Welvaart
BU00880009,0.33584714848123665,Welvaart_Kwetsbaarheid,weighted_mean,Welvaart
GM0090,0.2939964853713364,Welvaart_Kwetsbaarheid,weighted_mean,Welvaart
WK009001,0.2931869220039662,Welvaart_Kwetsbaarheid,weighted_mean,Welvaart
BU00900101,0.2524004862175303,Welvaart_Kwetsbaarheid,weighted_mean,Welvaart
WK009002,0.2454801978580286,Welvaart_Kwetsbaarheid,weighted_mean,Welvaart
BU00900201,0.35525986925271785,Welvaart_Kwetsbaarheid,weighted_mean,Welvaart
BU00900202,0.3142207534221837,Welvaart_Kwetsbaarheid,weighted_mean,Welvaart
BU00900203,0.31565102755805974,Welvaart_Kwetsbaarheid,weighted_mean,Welvaart
BU00900204,0.3016814750604977,Welvaart_Kwetsbaarheid,weighted_mean,Welvaart
BU00900205,0.3240782677791021,Welvaart_Kwetsbaarheid,weighted_mean,Welvaart
BU00900206,0.24032615014438613,Welvaart_Kwetsbaarheid,weighted_mean,Welvaart
WK009003,0.27685120746026587,Welvaart_Kwetsbaarheid,weighted_mean,Welvaart
BU00900301,0.2484470406431074,Welvaart_Kwetsbaarheid,weighted_mean,Welvaart
BU00900302,0.23360794648339345,Welvaart_Kwetsbaarheid,weighted_mean,Welvaart
BU00900303,0.22835006372253097,Welvaart_Kwetsbaarheid,weighted_mean,Welvaart
BU00900304,0.25671987626993586,Welvaart_Kwetsbaarheid,weighted_mean,Welvaart
WK009004,0.2792319362533904,Welvaart_Kwetsbaarheid,weighted_mean,Welvaart
BU00900401,0.30133696491563,Welvaart_Kwetsbaarheid,weighted_mean,Welvaart
BU00900402,0.3220759398858326,Welvaart_Kwetsbaarheid,weighted_mean,Welvaart
BU00900403,0.25696057286641316,Welvaart_Kwetsbaarheid,weighted_mean,Welvaart
BU00900404,0.26017868967213426,Welvaart_Kwetsbaarheid,weighted_mean,Welvaart
BU00900405,0.2863299519974133,Welvaart_Kwetsbaarheid,weighted_mean,Welvaart
BU00900406,0.25067874384918487,Welvaart_Kwetsbaarheid,weighted_mean,Welvaart
WK009005,0.35293448962638474,Welvaart_Kwetsbaarheid,weighted_mean,Welvaart
BU00900501,0.32943047450496793,Welvaart_Kwetsbaarheid,weighted_mean,Welvaart
BU00900502,0.3294657196862203,Welvaart_Kwetsbaarheid,weighted_mean,Welvaart
WK009006,0.26165003173227247,Welvaart_Kwetsbaarheid,weighted_mean,Welvaart
BU00900601,0.29380857786102127,Welvaart_Kwetsbaarheid,weighted_mean,Welvaart
BU00900602,0.26405725052328155,Welvaart_Kwetsbaarheid,weighted_mean,Welvaart
BU00900603,0.32031740872026926,Welvaart_Kwetsbaarheid,weighted_mean,Welvaart
WK009007,0.29065373985040255,Welvaart_Kwetsbaarheid,weighted_mean,Welvaart
BU00900701,0.24541167678831563,Welvaart_Kwetsbaarheid,weighted_mean,Welvaart
BU00900702,0.29196872522259887,Welvaart_Kwetsbaarheid,weighted_mean,Welvaart
BU00900703,0.23249045021989,Welvaart_Kwetsbaarheid,weighted_mean,Welvaart
BU00900704,0.2904775921998806,Welvaart_Kwetsbaarheid,weighted_mean,Welvaart
BU00900705,0.3382873688356406,Welvaart_Kwetsbaarheid,weighted_mean,Welvaart
BU00900706,0.3091790929901776,Welvaart_Kwetsbaarheid,weighted_mean,Welvaart
WK009008,0.29979009316732796,Welvaart_Kwetsbaarheid,weighted_mean,Welvaart
BU00900801,0.2786933183357498,Welvaart_Kwetsbaarheid,weighted_mean,Welvaart
BU00900802,0.2888872721769027,Welvaart_Kwetsbaarheid,weighted_mean,Welvaart
BU00900803,0.2937111967624483,Welvaart_Kwetsbaarheid,weighted_mean,Welvaart
WK009009,0.2661052195718465,Welvaart_Kwetsbaarheid,weighted_mean,Welvaart
BU00900901,0.3013410238946592,Welvaart_Kwetsbaarheid,weighted_mean,Welvaart
BU00900902,0.272126049357873,Welvaart_Kwetsbaarheid,weighted_mean,Welvaart
BU00900903,0.29952880155204353,Welvaart_Kwetsbaarheid,weighted_mean,Welvaart
BU00900904,0.24901411957133054,Welvaart_Kwetsbaarheid,weighted_mean,Welvaart
WK009010,0.27257305130308707,Welvaart_Kwetsbaarheid,weighted_mean,Welvaart
BU00901001,0.35534418766242365,Welvaart_Kwetsbaarheid,weighted_mean,Welvaart
BU00901002,0.34745330024233484,Welvaart_Kwetsbaarheid,weighted_mean,Welvaart
BU00901003,0.35355634499257865,Welvaart_Kwetsbaarheid,weighted_mean,Welvaart
BU00901004,0.3497774957131334,Welvaart_Kwetsbaarheid,weighted_mean,Welvaart
WK009011,0.3248996520629417,Welvaart_Kwetsbaarheid,weighted_mean,Welvaart
BU00901101,0.34041913258242223,Welvaart_Kwetsbaarheid,weighted_mean,Welvaart
WK009012,0.33645300699829905,Welvaart_Kwetsbaarheid,weighted_mean,Welvaart
BU00901201,0.288273024816529,Welvaart_Kwetsbaarheid,weighted_mean,Welvaart
BU00901202,0.31076377172026753,Welvaart_Kwetsbaarheid,weighted_mean,Welvaart
WK009013,0.2725542415470902,Welvaart_Kwetsbaarheid,weighted_mean,Welvaart
BU00901301,0.2563727088697291,Welvaart_Kwetsbaarheid,weighted_mean,Welvaart
BU00901302,0.30476635931939866,Welvaart_Kwetsbaarheid,weighted_mean,Welvaart
BU00901303,0.31354184188212797,Welvaart_Kwetsbaarheid,weighted_mean,Welvaart
WK009021,0.30435922308389535,Welvaart_Kwetsbaarheid,weighted_mean,Welvaart
BU00902104,0.28591170516677067,Welvaart_Kwetsbaarheid,weighted_mean,Welvaart
BU00902105,0.3111690461571272,Welvaart_Kwetsbaarheid,weighted_mean,Welvaart
BU00902109,0.31392643444490875,Welvaart_Kwetsbaarheid,weighted_mean,Welvaart
BU00902110,0.2960506048050744,Welvaart_Kwetsbaarheid,weighted_mean,Welvaart
BU00902114,0.33233599402848507,Welvaart_Kwetsbaarheid,weighted_mean,Welvaart
WK009022,0.32977470602500397,Welvaart_Kwetsbaarheid,weighted_mean,Welvaart
BU00902201,0.3779541498760807,Welvaart_Kwetsbaarheid,weighted_mean,Welvaart
BU00902202,0.3932002469785545,Welvaart_Kwetsbaarheid,weighted_mean,Welvaart
BU00902203,0.43268719030935954,Welvaart_Kwetsbaarheid,weighted_mean,Welvaart
BU00902206,0.31780035584862754,Welvaart_Kwetsbaarheid,weighted_mean,Welvaart
BU00902212,0.3976685293252636,Welvaart_Kwetsbaarheid,weighted_mean,Welvaart
BU00902213,0.40469043405277016,Welvaart_Kwetsbaarheid,weighted_mean,Welvaart
BU00902215,0.36446157471187274,Welvaart_Kwetsbaarheid,weighted_mean,Welvaart
BU00902216,0.39221459013771287,Welvaart_Kwetsbaarheid,weighted_mean,Welvaart
WK009023,0.3032441690874349,Welvaart_Kwetsbaarheid,weighted_mean,Welvaart
BU00902307,0.3017826141544854,Welvaart_Kwetsbaarheid,weighted_mean,Welvaart
BU00902308,0.3261850240872887,Welvaart_Kwetsbaarheid,weighted_mean,Welvaart
BU00902311,0.2992095912298534,Welvaart_Kwetsbaarheid,weighted_mean,Welvaart
GM1900,0.2850085126765699,Welvaart_Kwetsbaarheid,weighted_mean,Welvaart
WK190000,0.27121774444599234,Welvaart_Kwetsbaarheid,weighted_mean,Welvaart
BU19000000,0.26642166600450273,Welvaart_Kwetsbaarheid,weighted_mean,Welvaart
BU19000001,0.3158087042741393,Welvaart_Kwetsbaarheid,weighted_mean,Welvaart
BU19000002,0.2643744399554888,Welvaart_Kwetsbaarheid,weighted_mean,Welvaart
BU19000003,0.22054569189253337,Welvaart_Kwetsbaarheid,weighted_mean,Welvaart
BU19000004,0.26702259269005396,Welvaart_Kwetsbaarheid,weighted_mean,Welvaart
BU19000009,0.3348752293925119,Welvaart_Kwetsbaarheid,weighted_mean,Welvaart
WK190001,0.26940552210337665,Welvaart_Kwetsbaarheid,weighted_mean,Welvaart
BU19000101,0.33075936446019877,Welvaart_Kwetsbaarheid,weighted_mean,Welvaart
BU19000102,0.3049450059938737,Welvaart_Kwetsbaarheid,weighted_mean,Welvaart
BU19000103,0.30394830305438175,Welvaart_Kwetsbaarheid,weighted_mean,Welvaart
BU19000104,0.28464146401869883,Welvaart_Kwetsbaarheid,weighted_mean,Welvaart
BU19000105,0.3821329031847506,Welvaart_Kwetsbaarheid,weighted_mean,Welvaart
BU19000106,0.25155653246237275,Welvaart_Kwetsbaarheid,weighted_mean,Welvaart
BU19000107,0.2636726321619051,Welvaart_Kwetsbaarheid,weighted_mean,Welvaart
BU19000108,0.2778390752407439,Welvaart_Kwetsbaarheid,weighted_mean,Welvaart
BU19000109,0.2800919074965559,Welvaart_Kwetsbaarheid,weighted_mean,Welvaart
BU19000110,0.2699076324284906,Welvaart_Kwetsbaarheid,weighted_mean,Welvaart
BU19000111,0.31679392683862284,Welvaart_Kwetsbaarheid,weighted_mean,Welvaart
BU19000112,0.2965364783541184,Welvaart_Kwetsbaarheid,weighted_mean,Welvaart
BU19000113,0.30956243432107555,Welvaart_Kwetsbaarheid,weighted_mean,Welvaart
BU19000114,0.3470271891398232,Welvaart_Kwetsbaarheid,weighted_mean,Welvaart
BU19000115,0.3496408362528744,Welvaart_Kwetsbaarheid,weighted_mean,Welvaart
BU19000116,0.2968543643484049,Welvaart_Kwetsbaarheid,weighted_mean,Welvaart
BU19000117,0.2844099302233986,Welvaart_Kwetsbaarheid,weighted_mean,Welvaart
BU19000118,0.3244457085756251,Welvaart_Kwetsbaarheid,weighted_mean,Welvaart
BU19000119,0.3661734319183663,Welvaart_Kwetsbaarheid,weighted_mean,Welvaart
BU19000120,0.29855210542338073,Welvaart_Kwetsbaarheid,weighted_mean,Welvaart
WK190002,0.2758417161569724,Welvaart_Kwetsbaarheid,weighted_mean,Welvaart
BU19000200,0.2796866115608666,Welvaart_Kwetsbaarheid,weighted_mean,Welvaart
BU19000201,0.3350878442177608,Welvaart_Kwetsbaarheid,weighted_mean,Welvaart
BU19000202,0.2632865647794134,Welvaart_Kwetsbaarheid,weighted_mean,Welvaart
BU19000208,0.3118383606196478,Welvaart_Kwetsbaarheid,weighted_mean,Welvaart
BU19000209,0.4135623818639313,Welvaart_Kwetsbaarheid,weighted_mean,Welvaart
WK190003,0.28898951545077883,Welvaart_Kwetsbaarheid,weighted_mean,Welvaart
BU19000300,0.2800548005166599,Welvaart_Kwetsbaarheid,weighted_mean,Welvaart
BU19000301,0.3255398614099448,Welvaart_Kwetsbaarheid,weighted_mean,Welvaart
BU19000302,0.3114369903702443,Welvaart_Kwetsbaarheid,weighted_mean,Welvaart
BU19000308,0.32144204689496697,Welvaart_Kwetsbaarheid,weighted_mean,Welvaart
BU19000309,0.3172214267655269,Welvaart_Kwetsbaarheid,weighted_mean,Welvaart
WK190004,0.2874325891298478,Welvaart_Kwetsbaarheid,weighted_mean,Welvaart
BU19000400,0.29068080343706093,Welvaart_Kwetsbaarheid,weighted_mean,Welvaart
BU19000401,0.29936056891062857,Welvaart_Kwetsbaarheid,weighted_mean,Welvaart
BU19000402,0.31781657886544656,Welvaart_Kwetsbaarheid,weighted_mean,Welvaart
BU19000403,0.273919154941205,Welvaart_Kwetsbaarheid,weighted_mean,Welvaart
BU19000408,0.36373783381232727,Welvaart_Kwetsbaarheid,weighted_mean,Welvaart
BU19000409,0.35279418998429724,Welvaart_Kwetsbaarheid,weighted_mean,Welvaart
WK190005,0.2849919757768387,Welvaart_Kwetsbaarheid,weighted_mean,Welvaart
BU19000500,0.27000848343816164,Welvaart_Kwetsbaarheid,weighted_mean,Welvaart
BU19000501,0.2978129283641799,Welvaart_Kwetsbaarheid,weighted_mean,Welvaart
BU19000502,0.2629252296504978,Welvaart_Kwetsbaarheid,weighted_mean,Welvaart
BU19000503,0.37559858761289033,Welvaart_Kwetsbaarheid,weighted_mean,Welvaart
WK190006,0.2912873292777941,Welvaart_Kwetsbaarheid,weighted_mean,Welvaart
BU19000600,0.28826229690055677,Welvaart_Kwetsbaarheid,weighted_mean,Welvaart
BU19000602,0.2675213698366261,Welvaart_Kwetsbaarheid,weighted_mean,Welvaart
BU19000603,0.298735731226792,Welvaart_Kwetsbaarheid,weighted_mean,Welvaart
BU19000607,0.39352866309958084,Welvaart_Kwetsbaarheid,weighted_mean,Welvaart
BU19000608,0.3370035920244502,Welvaart_Kwetsbaarheid,weighted_mean,Welvaart
BU19000609,0.31751228873100146,Welvaart_Kwetsbaarheid,weighted_mean,Welvaart
WK190007,0.30350057960844606,Welvaart_Kwetsbaarheid,weighted_mean,Welvaart
BU19000700,0.27572718501204796,Welvaart_Kwetsbaarheid,weighted_mean,Welvaart
BU19000701,0.30521270082056734,Welvaart_Kwetsbaarheid,weighted_mean,Welvaart
BU19000702,0.292884046492509,Welvaart_Kwetsbaarheid,weighted_mean,Welvaart
BU19000706,0.3310908678131562,Welvaart_Kwetsbaarheid,weighted_mean,Welvaart
BU19000707,0.38220396971588866,Welvaart_Kwetsbaarheid,weighted_mean,Welvaart
BU19000708,0.4132080639529984,Welvaart_Kwetsbaarheid,weighted_mean,Welvaart
WK190008,0.3063762578965201,Welvaart_Kwetsbaarheid,weighted_mean,Welvaart
BU19000800,0.25673078907584274,Welvaart_Kwetsbaarheid,weighted_mean,Welvaart
BU19000801,0.2624154967003597,Welvaart_Kwetsbaarheid,weighted_mean,Welvaart
BU19000802,0.3406433997733163,Welvaart_Kwetsbaarheid,weighted_mean,Welvaart
BU19000804,0.3233396281906413,Welvaart_Kwetsbaarheid,weighted_mean,Welvaart
BU19000808,0.3513104095613035,Welvaart_Kwetsbaarheid,weighted_mean,Welvaart
BU19000809,0.2912857418042162,Welvaart_Kwetsbaarheid,weighted_mean,Welvaart
WK190009,0.30914495542862647,Welvaart_Kwetsbaarheid,weighted_mean,Welvaart
BU19000900,0.27674355938062734,Welvaart_Kwetsbaarheid,weighted_mean,Welvaart
BU19000901,0.27590543180829236,Welvaart_Kwetsbaarheid,weighted_mean,Welvaart
BU19000902,0.28765406061294024,Welvaart_Kwetsbaarheid,weighted_mean,Welvaart
BU19000903,0.3269564235922997,Welvaart_Kwetsbaarheid,weighted_mean,Welvaart
BU19000904,0.26646557951385125,Welvaart_Kwetsbaarheid,weighted_mean,Welvaart
BU19000905,0.2939678540900233,Welvaart_Kwetsbaarheid,weighted_mean,Welvaart
BU19000906,0.3211628802927968,Welvaart_Kwetsbaarheid,weighted_mean,Welvaart
BU19000907,0.3049827149409986,Welvaart_Kwetsbaarheid,weighted_mean,Welvaart
BU19000908,0.3210876859863749,Welvaart_Kwetsbaarheid,weighted_mean,Welvaart
BU19000909,0.35270416148544875,Welvaart_Kwetsbaarheid,weighted_mean,Welvaart
WK190010,0.30888948655635184,Welvaart_Kwetsbaarheid,weighted_mean,Welvaart
BU19001000,0.3035238731603452,Welvaart_Kwetsbaarheid,weighted_mean,Welvaart
BU19001001,0.282004959350013,Welvaart_Kwetsbaarheid,weighted_mean,Welvaart
BU19001002,0.2787055038723692,Welvaart_Kwetsbaarheid,weighted_mean,Welvaart
BU19001003,0.2603617436066781,Welvaart_Kwetsbaarheid,weighted_mean,Welvaart
BU19001007,0.35402549245219095,Welvaart_Kwetsbaarheid,weighted_mean,Welvaart
BU19001008,0.3506850559055565,Welvaart_Kwetsbaarheid,weighted_mean,Welvaart
WK190011,0.29248152820560447,Welvaart_Kwetsbaarheid,weighted_mean,Welvaart
BU19001100,0.2922076503155169,Welvaart_Kwetsbaarheid,weighted_mean,Welvaart
BU19001101,0.3686520147843151,Welvaart_Kwetsbaarheid,weighted_mean,Welvaart
BU19001108,0.3085876171901202,Welvaart_Kwetsbaarheid,weighted_mean,Welvaart
BU19001109,0.35209361622353275,Welvaart_Kwetsbaarheid,weighted_mean,Welvaart
WK190012,0.31613406068173644,Welvaart_Kwetsbaarheid,weighted_mean,Welvaart
BU19001200,0.2889327765996419,Welvaart_Kwetsbaarheid,weighted_mean,Welvaart
BU19001201,0.3688389772060809,Welvaart_Kwetsbaarheid,weighted_mean,Welvaart
BU19001202,0.4023552483802781,Welvaart_Kwetsbaarheid,weighted_mean,Welvaart
BU19001203,0.2898617436066781,Welvaart_Kwetsbaarheid,weighted_mean,Welvaart
BU19001204,0.3421822601977549,Welvaart_Kwetsbaarheid,weighted_mean,Welvaart
BU19001208,0.2853212140131091,Welvaart_Kwetsbaarheid,weighted_mean,Welvaart
BU19001209,0.4768601776319297,Welvaart_Kwetsbaarheid,weighted_mean,Welvaart
WK190013,0.2816329788606308,Welvaart_Kwetsbaarheid,weighted_mean,Welvaart
BU19001300,0.26097393137917574,Welvaart_Kwetsbaarheid,weighted_mean,Welvaart
BU19001301,0.25551376183080593,Welvaart_Kwetsbaarheid,weighted_mean,Welvaart
BU19001302,0.26173002801727474,Welvaart_Kwetsbaarheid,weighted_mean,Welvaart
BU19001303,0.2744386354606854,Welvaart_Kwetsbaarheid,weighted_mean,Welvaart
BU19001306,0.36620984663594913,Welvaart_Kwetsbaarheid,weighted_mean,Welvaart
BU19001307,0.35696601207030293,Welvaart_Kwetsbaarheid,weighted_mean,Welvaart
BU19001308,0.3578507921028779,Welvaart_Kwetsbaarheid,weighted_mean,Welvaart
BU19001309,0.3815174260913236,Welvaart_Kwetsbaarheid,weighted_mean,Welvaart
WK190014,0.32475552906899746,Welvaart_Kwetsbaarheid,weighted_mean,Welvaart
BU19001400,0.26515292117497125,Welvaart_Kwetsbaarheid,weighted_mean,Welvaart
BU19001401,0.2652492015334685,Welvaart_Kwetsbaarheid,weighted_mean,Welvaart
BU19001402,0.31528531956720274,Welvaart_Kwetsbaarheid,weighted_mean,Welvaart
BU19001403,0.3187816398275278,Welvaart_Kwetsbaarheid,weighted_mean,Welvaart
BU19001404,0.28249719225285375,Welvaart_Kwetsbaarheid,weighted_mean,Welvaart
BU19001405,0.3052787323258122,Welvaart_Kwetsbaarheid,weighted_mean,Welvaart
BU19001406,0.2898074951799624,Welvaart_Kwetsbaarheid,weighted_mean,Welvaart
BU19001407,0.3175289847220717,Welvaart_Kwetsbaarheid,weighted_mean,Welvaart
BU19001408,0.3289939450696304,Welvaart_Kwetsbaarheid,weighted_mean,Welvaart
BU19001409,0.33110686724214733,Welvaart_Kwetsbaarheid,weighted_mean,Welvaart
WK190015,0.3251463193143765,Welvaart_Kwetsbaarheid,weighted_mean,Welvaart
BU19001500,0.26305342287165884,Welvaart_Kwetsbaarheid,weighted_mean,Welvaart
BU19001501,0.29803822749889497,Welvaart_Kwetsbaarheid,weighted_mean,Welvaart
BU19001502,0.322403865833544,Welvaart_Kwetsbaarheid,weighted_mean,Welvaart
BU19001503,0.2902426959876305,Welvaart_Kwetsbaarheid,weighted_mean,Welvaart
BU19001509,0.24007725389429796,Welvaart_Kwetsbaarheid,weighted_mean,Welvaart
WK190016,0.3197419865262535,Welvaart_Kwetsbaarheid,weighted_mean,Welvaart
BU19001600,0.28148973559879403,Welvaart_Kwetsbaarheid,weighted_mean,Welvaart
BU19001601,0.341233779133064,Welvaart_Kwetsbaarheid,weighted_mean,Welvaart
BU19001602,0.2715060919083565,Welvaart_Kwetsbaarheid,weighted_mean,Welvaart
BU19001603,0.2769841871808499,Welvaart_Kwetsbaarheid,weighted_mean,Welvaart
BU19001604,0.24305389154614424,Welvaart_Kwetsbaarheid,weighted_mean,Welvaart
BU19001606,0.3264971483952414,Welvaart_Kwetsbaarheid,weighted_mean,Welvaart
BU19001607,0.34153194640083795,Welvaart_Kwetsbaarheid,weighted_mean,Welvaart
BU19001608,0.40147256663347247,Welvaart_Kwetsbaarheid,weighted_mean,Welvaart
WK190017,0.276589115228567,Welvaart_Kwetsbaarheid,weighted_mean,Welvaart
BU19001700,0.26874716000460935,Welvaart_Kwetsbaarheid,weighted_mean,Welvaart
BU19001709,0.36279929810621114,Welvaart_Kwetsbaarheid,weighted_mean,Welvaart
WK190018,0.33031558303965936,Welvaart_Kwetsbaarheid,weighted_mean,Welvaart
BU19001800,0.380000976046864,Welvaart_Kwetsbaarheid,weighted_mean,Welvaart
BU19001801,0.33402654589484143,Welvaart_Kwetsbaarheid,weighted_mean,Welvaart
BU19001802,0.3448307741126573,Welvaart_Kwetsbaarheid,weighted_mean,Welvaart
BU19001803,0.30041122531289394,Welvaart_Kwetsbaarheid,weighted_mean,Welvaart
BU19001804,0.29952037401083886,Welvaart_Kwetsbaarheid,weighted_mean,Welvaart
BU19001808,0.3544904820381578,Welvaart_Kwetsbaarheid,weighted_mean,Welvaart
BU19001809,0.35075904197775476,Welvaart_Kwetsbaarheid,weighted_mean,Welvaart
WK190019,0.31011938558064894,Welvaart_Kwetsbaarheid,weighted_mean,Welvaart
BU19001900,0.28164221389787536,Welvaart_Kwetsbaarheid,weighted_mean,Welvaart
BU19001901,0.2926612541213256,Welvaart_Kwetsbaarheid,weighted_mean,Welvaart
BU19001902,0.28784828533934614,Welvaart_Kwetsbaarheid,weighted_mean,Welvaart
BU19001903,0.29076485096151367,Welvaart_Kwetsbaarheid,weighted_mean,Welvaart
BU19001904,0.3048858068166769,Welvaart_Kwetsbaarheid,weighted_mean,Welvaart
WK190020,0.28874585029590993,Welvaart_Kwetsbaarheid,weighted_mean,Welvaart
BU19002001,0.26803341176106377,Welvaart_Kwetsbaarheid,weighted_mean,Welvaart
BU19002002,0.26376701202386543,Welvaart_Kwetsbaarheid,weighted_mean,Welvaart
BU19002003,0.3618552543999505,Welvaart_Kwetsbaarheid,weighted_mean,Welvaart
BU19002004,0.28111477881144153,Welvaart_Kwetsbaarheid,weighted_mean,Welvaart
BU19002005,0.24525088274194357,Welvaart_Kwetsbaarheid,weighted_mean,Welvaart
BU19002006,0.29625605192053345,Welvaart_Kwetsbaarheid,weighted_mean,Welvaart
BU19002007,0.27009569129056615,Welvaart_Kwetsbaarheid,weighted_mean,Welvaart
BU19002008,0.28836079593826913,Welvaart_Kwetsbaarheid,weighted_mean,Welvaart
BU19002009,0.3222632849867653,Welvaart_Kwetsbaarheid,weighted_mean,Welvaart
BU19002010,0.33880702564552384,Welvaart_Kwetsbaarheid,weighted_mean,Welvaart
BU19002011,0.29243097585767425,Welvaart_Kwetsbaarheid,weighted_mean,Welvaart
BU19002012,0.29815068787655197,Welvaart_Kwetsbaarheid,weighted_mean,Welvaart
BU19002013,0.31387030530057947,Welvaart_Kwetsbaarheid,weighted_mean,Welvaart
BU19002014,0.35271639431949325,Welvaart_Kwetsbaarheid,weighted_mean,Welvaart
BU19002015,0.3143416112426839,Welvaart_Kwetsbaarheid,weighted_mean,Welvaart
BU19002016,0.30398498435745164,Welvaart_Kwetsbaarheid,weighted_mean,Welvaart
BU19002017,0.27993077806844197,Welvaart_Kwetsbaarheid,weighted_mean,Welvaart
BU19002018,0.26262704088389427,Welvaart_Kwetsbaarheid,weighted_mean,Welvaart
BU19002019,0.34947481799090857,Welvaart_Kwetsbaarheid,weighted_mean,Welvaart
GM0093,0.3006719355998259,Welvaart_Kwetsbaarheid,weighted_mean,Welvaart
WK009300,0.2706052402107229,Welvaart_Kwetsbaarheid,weighted_mean,Welvaart
BU00930000,0.304827480491962,Welvaart_Kwetsbaarheid,weighted_mean,Welvaart
BU00930002,0.5139261721591877,Welvaart_Kwetsbaarheid,weighted_mean,Welvaart
WK009301,0.29770976752025624,Welvaart_Kwetsbaarheid,weighted_mean,Welvaart
BU00930110,0.33662719911528016,Welvaart_Kwetsbaarheid,weighted_mean,Welvaart
BU00930111,0.40189137243368467,Welvaart_Kwetsbaarheid,weighted_mean,Welvaart
BU00930112,0.4018191062678548,Welvaart_Kwetsbaarheid,weighted_mean,Welvaart
WK009302,0.3568829018948208,Welvaart_Kwetsbaarheid,weighted_mean,Welvaart
BU00930213,0.4105716753779924,Welvaart_Kwetsbaarheid,weighted_mean,Welvaart
BU00930214,0.40155367741780135,Welvaart_Kwetsbaarheid,weighted_mean,Welvaart
BU00930215,0.31309013255318385,Welvaart_Kwetsbaarheid,weighted_mean,Welvaart
WK009303,0.37751491846783863,Welvaart_Kwetsbaarheid,weighted_mean,Welvaart
BU00930316,0.41039894088165835,Welvaart_Kwetsbaarheid,weighted_mean,Welvaart
BU00930317,0.3280882948332292,Welvaart_Kwetsbaarheid,weighted_mean,Welvaart
WK009304,0.3212946337201403,Welvaart_Kwetsbaarheid,weighted_mean,Welvaart
BU00930418,0.3770207738890695,Welvaart_Kwetsbaarheid,weighted_mean,Welvaart
BU00930419,0.3620528372435404,Welvaart_Kwetsbaarheid,weighted_mean,Welvaart
BU00930420,0.4163387493184871,Welvaart_Kwetsbaarheid,weighted_mean,Welvaart
WK009305,0.34477607679037947,Welvaart_Kwetsbaarheid,weighted_mean,Welvaart
BU00930521,0.3617223357360425,Welvaart_Kwetsbaarheid,weighted_mean,Welvaart
BU00930522,0.30346419670913116,Welvaart_Kwetsbaarheid,weighted_mean,Welvaart
BU00930523,0.38311652365645216,Welvaart_Kwetsbaarheid,weighted_mean,Welvaart
GM0737,0.29200547876173616,Welvaart_Kwetsbaarheid,weighted_mean,Welvaart
WK073700,0.2816116116038643,Welvaart_Kwetsbaarheid,weighted_mean,Welvaart
BU07370000,0.26415449402934504,Welvaart_Kwetsbaarheid,weighted_mean,Welvaart
BU07370009,0.3451893487918518,Welvaart_Kwetsbaarheid,weighted_mean,Welvaart
WK073701,0.27922770098395844,Welvaart_Kwetsbaarheid,weighted_mean,Welvaart
BU07370100,0.2558772210440864,Welvaart_Kwetsbaarheid,weighted_mean,Welvaart
BU07370101,0.2527071455229977,Welvaart_Kwetsbaarheid,weighted_mean,Welvaart
BU07370102,0.3051938549465367,Welvaart_Kwetsbaarheid,weighted_mean,Welvaart
BU07370108,0.3357166720843717,Welvaart_Kwetsbaarheid,weighted_mean,Welvaart
BU07370109,0.1950030657331015,Welvaart_Kwetsbaarheid,weighted_mean,Welvaart
WK073702,0.2881912940059543,Welvaart_Kwetsbaarheid,weighted_mean,Welvaart
BU07370200,0.2923787938984601,Welvaart_Kwetsbaarheid,weighted_mean,Welvaart
BU07370201,0.2688056411208974,Welvaart_Kwetsbaarheid,weighted_mean,Welvaart
BU07370208,0.3193938834969824,Welvaart_Kwetsbaarheid,weighted_mean,Welvaart
BU07370209,0.29923694634064124,Welvaart_Kwetsbaarheid,weighted_mean,Welvaart
WK073703,0.2941953667442344,Welvaart_Kwetsbaarheid,weighted_mean,Welvaart
BU07370300,0.2994020659515296,Welvaart_Kwetsbaarheid,weighted_mean,Welvaart
BU07370309,0.3796129995683035,Welvaart_Kwetsbaarheid,weighted_mean,Welvaart
WK073704,0.3121779569920214,Welvaart_Kwetsbaarheid,weighted_mean,Welvaart
BU07370400,0.2517507528890127,Welvaart_Kwetsbaarheid,weighted_mean,Welvaart
BU07370401,0.29885766828853844,Welvaart_Kwetsbaarheid,weighted_mean,Welvaart
BU07370408,0.30699238683446073,Welvaart_Kwetsbaarheid,weighted_mean,Welvaart
BU07370409,0.343894637675925,Welvaart_Kwetsbaarheid,weighted_mean,Welvaart
WK073705,0.31104579250705594,Welvaart_Kwetsbaarheid,weighted_mean,Welvaart
BU07370500,0.2904313697162326,Welvaart_Kwetsbaarheid,weighted_mean,Welvaart
BU07370501,0.2560619217889778,Welvaart_Kwetsbaarheid,weighted_mean,Welvaart
BU07370508,0.35600930555340565,Welvaart_Kwetsbaarheid,weighted_mean,Welvaart
BU07370509,0.3771775992514967,Welvaart_Kwetsbaarheid,weighted_mean,Welvaart
WK073706,0.31002660781147073,Welvaart_Kwetsbaarheid,weighted_mean,Welvaart
BU07370600,0.2837766692981234,Welvaart_Kwetsbaarheid,weighted_mean,Welvaart
BU07370609,0.35313652444760907,Welvaart_Kwetsbaarheid,weighted_mean,Welvaart
WK073707,0.3065327513170183,Welvaart_Kwetsbaarheid,weighted_mean,Welvaart
BU07370700,0.2869668892225507,Welvaart_Kwetsbaarheid,weighted_mean,Welvaart
BU07370701,0.28755522619348606,Welvaart_Kwetsbaarheid,weighted_mean,Welvaart
BU07370708,0.34732667213596896,Welvaart_Kwetsbaarheid,weighted_mean,Welvaart
BU07370709,0.34610601588849504,Welvaart_Kwetsbaarheid,weighted_mean,Welvaart
WK073708,0.29661472463439087,Welvaart_Kwetsbaarheid,weighted_mean,Welvaart
BU07370800,0.27953276593622245,Welvaart_Kwetsbaarheid,weighted_mean,Welvaart
BU07370809,0.32391034472083335,Welvaart_Kwetsbaarheid,weighted_mean,Welvaart
WK073709,0.2664002660695152,Welvaart_Kwetsbaarheid,weighted_mean,Welvaart
BU07370900,0.24656291761476506,Welvaart_Kwetsbaarheid,weighted_mean,Welvaart
BU07370909,0.2808932849695663,Welvaart_Kwetsbaarheid,weighted_mean,Welvaart
GM0096,0.28516338594526913,Welvaart_Kwetsbaarheid,weighted_mean,Welvaart
WK009600,0.2850804133622965,Welvaart_Kwetsbaarheid,weighted_mean,Welvaart
BU00960000,0.31427754903023075,Welvaart_Kwetsbaarheid,weighted_mean,Welvaart
BU00960009,0.40274287657779917,Welvaart_Kwetsbaarheid,weighted_mean,Welvaart
GM1949,0.27642686786131365,Welvaart_Kwetsbaarheid,weighted_mean,Welvaart
WK194915,0.27277590823955544,Welvaart_Kwetsbaarheid,weighted_mean,Welvaart
BU19491500,0.3457809363858232,Welvaart_Kwetsbaarheid,weighted_mean,Welvaart
BU19491501,0.24405823516967737,Welvaart_Kwetsbaarheid,weighted_mean,Welvaart
WK194916,0.2710404934755352,Welvaart_Kwetsbaarheid,weighted_mean,Welvaart
BU19491600,0.26598425941691733,Welvaart_Kwetsbaarheid,weighted_mean,Welvaart
BU19491601,0.37974625361395326,Welvaart_Kwetsbaarheid,weighted_mean,Welvaart
BU19491602,0.23573940064702878,Welvaart_Kwetsbaarheid,weighted_mean,Welvaart
BU19491603,0.2494063012209615,Welvaart_Kwetsbaarheid,weighted_mean,Welvaart
BU19491604,0.2957350750825125,Welvaart_Kwetsbaarheid,weighted_mean,Welvaart
BU19491605,0.2860660237656662,Welvaart_Kwetsbaarheid,weighted_mean,Welvaart
BU19491606,0.23199532357458458,Welvaart_Kwetsbaarheid,weighted_mean,Welvaart
WK194917,0.2720839202513815,Welvaart_Kwetsbaarheid,weighted_mean,Welvaart
BU19491700,0.25884798951545074,Welvaart_Kwetsbaarheid,weighted_mean,Welvaart
WK194918,0.2660997141515616,Welvaart_Kwetsbaarheid,weighted_mean,Welvaart
BU19491800,0.3188085735612553,Welvaart_Kwetsbaarheid,weighted_mean,Welvaart
BU19491801,0.2780495229839688,Welvaart_Kwetsbaarheid,weighted_mean,Welvaart
BU19491802,0.2656965792782241,Welvaart_Kwetsbaarheid,weighted_mean,Welvaart
BU19491803,0.271425338004599,Welvaart_Kwetsbaarheid,weighted_mean,Welvaart
BU19491804,0.2912231028142828,Welvaart_Kwetsbaarheid,weighted_mean,Welvaart
WK194919,0.2812913375195854,Welvaart_Kwetsbaarheid,weighted_mean,Welvaart
BU19491900,0.307175359073452,Welvaart_Kwetsbaarheid,weighted_mean,Welvaart
BU19491901,0.26731995590160074,Welvaart_Kwetsbaarheid,weighted_mean,Welvaart
WK194920,0.28628408639433667,Welvaart_Kwetsbaarheid,weighted_mean,Welvaart
BU19492000,0.2976232742889477,Welvaart_Kwetsbaarheid,weighted_mean,Welvaart
BU19492001,0.24801918383563196,Welvaart_Kwetsbaarheid,weighted_mean,Welvaart
WK194921,0.3151252461615989,Welvaart_Kwetsbaarheid,weighted_mean,Welvaart
BU19492100,0.29270616087660184,Welvaart_Kwetsbaarheid,weighted_mean,Welvaart
WK194922,0.3182493735241053,Welvaart_Kwetsbaarheid,weighted_mean,Welvaart
BU19492200,0.3445320177769522,Welvaart_Kwetsbaarheid,weighted_mean,Welvaart
WK194923,0.2740639383791946,Welvaart_Kwetsbaarheid,weighted_mean,Welvaart
BU19492300,0.3300692090322603,Welvaart_Kwetsbaarheid,weighted_mean,Welvaart
BU19492301,0.26641895285220674,Welvaart_Kwetsbaarheid,weighted_mean,Welvaart
WK194924,0.28174953003558484,Welvaart_Kwetsbaarheid,weighted_mean,Welvaart
BU19492400,0.2974878015640829,Welvaart_Kwetsbaarheid,weighted_mean,Welvaart
BU19492401,0.23802142401367668,Welvaart_Kwetsbaarheid,weighted_mean,Welvaart
WK194925,0.26074121858806004,Welvaart_Kwetsbaarheid,weighted_mean,Welvaart
BU19492500,0.29403199369826305,Welvaart_Kwetsbaarheid,weighted_mean,Welvaart
BU19492501,0.28011819196562937,Welvaart_Kwetsbaarheid,weighted_mean,Welvaart
WK194926,0.29555644560710115,Welvaart_Kwetsbaarheid,weighted_mean,Welvaart
BU19492600,0.28751061182229243,Welvaart_Kwetsbaarheid,weighted_mean,Welvaart
BU19492601,0.32319520765289533,Welvaart_Kwetsbaarheid,weighted_mean,Welvaart
BU19492602,0.2604960381956806,Welvaart_Kwetsbaarheid,weighted_mean,Welvaart
BU19492603,0.25100592593739196,Welvaart_Kwetsbaarheid,weighted_mean,Welvaart
BU19492604,0.24846250260135835,Welvaart_Kwetsbaarheid,weighted_mean,Welvaart
WK194927,0.30471357367304924,Welvaart_Kwetsbaarheid,weighted_mean,Welvaart
BU19492700,0.31785426631374186,Welvaart_Kwetsbaarheid,weighted_mean,Welvaart
WK194928,0.26764205910630223,Welvaart_Kwetsbaarheid,weighted_mean,Welvaart
BU19492800,0.3516259435836313,Welvaart_Kwetsbaarheid,weighted_mean,Welvaart
BU19492801,0.34362725673214345,Welvaart_Kwetsbaarheid,weighted_mean,Welvaart
BU19492802,0.26635523032126135,Welvaart_Kwetsbaarheid,weighted_mean,Welvaart
BU19492803,0.21444011458016227,Welvaart_Kwetsbaarheid,weighted_mean,Welvaart
BU19492804,0.2899074561380879,Welvaart_Kwetsbaarheid,weighted_mean,Welvaart
BU19492805,0.30794644899531665,Welvaart_Kwetsbaarheid,weighted_mean,Welvaart
BU19492806,0.2963063351031169,Welvaart_Kwetsbaarheid,weighted_mean,Welvaart
BU19492807,0.30332066192316487,Welvaart_Kwetsbaarheid,weighted_mean,Welvaart
BU19492808,0.2355595629373937,Welvaart_Kwetsbaarheid,weighted_mean,Welvaart
BU19492809,0.3182093968804338,Welvaart_Kwetsbaarheid,weighted_mean,Welvaart
BU19492810,0.23682065418358625,Welvaart_Kwetsbaarheid,weighted_mean,Welvaart
BU19492811,0.27925904713747385,Welvaart_Kwetsbaarheid,weighted_mean,Welvaart
BU19492812,0.23186148906053558,Welvaart_Kwetsbaarheid,weighted_mean,Welvaart
BU19492813,0.2670771782184178,Welvaart_Kwetsbaarheid,weighted_mean,Welvaart
BU19492814,0.28261644196089963,Welvaart_Kwetsbaarheid,weighted_mean,Welvaart
BU19492815,0.26510046403073817,Welvaart_Kwetsbaarheid,weighted_mean,Welvaart
BU19492816,0.24238182093366833,Welvaart_Kwetsbaarheid,weighted_mean,Welvaart
BU19492817,0.2923158281263168,Welvaart_Kwetsbaarheid,weighted_mean,Welvaart
WK194929,0.2585270661665179,Welvaart_Kwetsbaarheid,weighted_mean,Welvaart
BU19492900,0.26911364625309797,Welvaart_Kwetsbaarheid,weighted_mean,Welvaart
WK194930,0.2873325206775743,Welvaart_Kwetsbaarheid,weighted_mean,Welvaart
BU19493000,0.2914457962908499,Welvaart_Kwetsbaarheid,weighted_mean,Welvaart
WK194931,0.3021008252110755,Welvaart_Kwetsbaarheid,weighted_mean,Welvaart
BU19493100,0.2891961931592444,Welvaart_Kwetsbaarheid,weighted_mean,Welvaart
BU19493101,0.2381501074081527,Welvaart_Kwetsbaarheid,weighted_mean,Welvaart
WK194932,0.28306722512026444,Welvaart_Kwetsbaarheid,weighted_mean,Welvaart
BU19493200,0.2696683504550012,Welvaart_Kwetsbaarheid,weighted_mean,Welvaart
BU19493201,0.3119357245191572,Welvaart_Kwetsbaarheid,weighted_mean,Welvaart
BU19493202,0.27707186800750566,Welvaart_Kwetsbaarheid,weighted_mean,Welvaart
WK194933,0.33290869963039216,Welvaart_Kwetsbaarheid,weighted_mean,Welvaart
BU19493300,0.26924669820974945,Welvaart_Kwetsbaarheid,weighted_mean,Welvaart
WK194934,0.2628426363068795,Welvaart_Kwetsbaarheid,weighted_mean,Welvaart
BU19493400,0.3571771305770114,Welvaart_Kwetsbaarheid,weighted_mean,Welvaart
BU19493401,0.2473396746281133,Welvaart_Kwetsbaarheid,weighted_mean,Welvaart
WK194935,0.2772854537198995,Welvaart_Kwetsbaarheid,weighted_mean,Welvaart
BU19493500,0.35559462322871144,Welvaart_Kwetsbaarheid,weighted_mean,Welvaart
BU19493501,0.2623748252145153,Welvaart_Kwetsbaarheid,weighted_mean,Welvaart
BU19493502,0.23191865014868596,Welvaart_Kwetsbaarheid,weighted_mean,Welvaart
BU19493503,0.26823236193021655,Welvaart_Kwetsbaarheid,weighted_mean,Welvaart
WK194936,0.2804320843373287,Welvaart_Kwetsbaarheid,weighted_mean,Welvaart
BU19493600,0.31370323789572896,Welvaart_Kwetsbaarheid,weighted_mean,Welvaart
BU19493601,0.2721069411981211,Welvaart_Kwetsbaarheid,weighted_mean,Welvaart
BU19493602,0.2985427878306305,Welvaart_Kwetsbaarheid,weighted_mean,Welvaart
BU19493603,0.2663079285963672,Welvaart_Kwetsbaarheid,weighted_mean,Welvaart
WK194937,0.2674689711692096,Welvaart_Kwetsbaarheid,weighted_mean,Welvaart
BU19493700,0.2638347720350104,Welvaart_Kwetsbaarheid,weighted_mean,Welvaart
WK194938,0.28042074241478293,Welvaart_Kwetsbaarheid,weighted_mean,Welvaart
BU19493800,0.3010115500312163,Welvaart_Kwetsbaarheid,weighted_mean,Welvaart
BU19493801,0.2831147504329864,Welvaart_Kwetsbaarheid,weighted_mean,Welvaart
WK194939,0.29832082531426984,Welvaart_Kwetsbaarheid,weighted_mean,Welvaart
BU19493900,0.2568134477759031,Welvaart_Kwetsbaarheid,weighted_mean,Welvaart
BU19493901,0.26540170563114546,Welvaart_Kwetsbaarheid,weighted_mean,Welvaart
WK194940,0.28130060867486373,Welvaart_Kwetsbaarheid,weighted_mean,Welvaart
BU19494000,0.30178257115682616,Welvaart_Kwetsbaarheid,weighted_mean,Welvaart
WK194941,0.2941206626111274,Welvaart_Kwetsbaarheid,weighted_mean,Welvaart
BU19494100,0.27371590070636553,Welvaart_Kwetsbaarheid,weighted_mean,Welvaart
WK194942,0.27558093707378567,Welvaart_Kwetsbaarheid,weighted_mean,Welvaart
BU19494200,0.2951185660452645,Welvaart_Kwetsbaarheid,weighted_mean,Welvaart
BU19494201,0.265684591530837,Welvaart_Kwetsbaarheid,weighted_mean,Welvaart
WK194943,0.2777125890266534,Welvaart_Kwetsbaarheid,weighted_mean,Welvaart
BU19494300,0.2938886352026996,Welvaart_Kwetsbaarheid,weighted_mean,Welvaart
WK194944,0.263577603895244,Welvaart_Kwetsbaarheid,weighted_mean,Welvaart
BU19494400,0.27162686373353834,Welvaart_Kwetsbaarheid,weighted_mean,Welvaart
BU19494401,0.27533018332481984,Welvaart_Kwetsbaarheid,weighted_mean,Welvaart
BU19494402,0.2723156303370844,Welvaart_Kwetsbaarheid,weighted_mean,Welvaart
BU19494403,0.2848263900713245,Welvaart_Kwetsbaarheid,weighted_mean,Welvaart
WK194945,0.301250777827655,Welvaart_Kwetsbaarheid,weighted_mean,Welvaart
BU19494500,0.29178252385940107,Welvaart_Kwetsbaarheid,weighted_mean,Welvaart
WK194946,0.3107812107108889,Welvaart_Kwetsbaarheid,weighted_mean,Welvaart
BU19494600,0.2758526392823175,Welvaart_Kwetsbaarheid,weighted_mean,Welvaart
WK194947,0.2727106231736744,Welvaart_Kwetsbaarheid,weighted_mean,Welvaart
BU19494700,0.3438992298259283,Welvaart_Kwetsbaarheid,weighted_mean,Welvaart
BU19494701,0.25505870040434997,Welvaart_Kwetsbaarheid,weighted_mean,Welvaart
WK194948,0.2812015936652409,Welvaart_Kwetsbaarheid,weighted_mean,Welvaart
BU19494800,0.34622817653806925,Welvaart_Kwetsbaarheid,weighted_mean,Welvaart
BU19494801,0.27607503177527015,Welvaart_Kwetsbaarheid,weighted_mean,Welvaart
WK194949,0.28208750281634665,Welvaart_Kwetsbaarheid,weighted_mean,Welvaart
BU19494900,0.3135763045059827,Welvaart_Kwetsbaarheid,weighted_mean,Welvaart
BU19494901,0.2620449342737781,Welvaart_Kwetsbaarheid,weighted_mean,Welvaart
BU19494902,0.2527273587225911,Welvaart_Kwetsbaarheid,weighted_mean,Welvaart
WK194950,0.29933089020633713,Welvaart_Kwetsbaarheid,weighted_mean,Welvaart
BU19495000,0.34909334275842024,Welvaart_Kwetsbaarheid,weighted_mean,Welvaart
BU19495001,0.2880468571290979,Welvaart_Kwetsbaarheid,weighted_mean,Welvaart
WK194951,0.27802813422837264,Welvaart_Kwetsbaarheid,weighted_mean,Welvaart
BU19495100,0.26905482975506817,Welvaart_Kwetsbaarheid,weighted_mean,Welvaart
WK194952,0.27769312312637695,Welvaart_Kwetsbaarheid,weighted_mean,Welvaart
BU19495200,0.2814911029243568,Welvaart_Kwetsbaarheid,weighted_mean,Welvaart
WK194953,0.2876464637865115,Welvaart_Kwetsbaarheid,weighted_mean,Welvaart
BU19495300,0.35070009218698134,Welvaart_Kwetsbaarheid,weighted_mean,Welvaart
BU19495301,0.2575099883562339,Welvaart_Kwetsbaarheid,weighted_mean,Welvaart
BU19495302,0.30911199170317166,Welvaart_Kwetsbaarheid,weighted_mean,Welvaart
WK194954,0.2939232637975188,Welvaart_Kwetsbaarheid,weighted_mean,Welvaart
BU19495400,0.29339028373295356,Welvaart_Kwetsbaarheid,weighted_mean,Welvaart
BU19495401,0.2236650387752891,Welvaart_Kwetsbaarheid,weighted_mean,Welvaart
WK194955,0.2961852837931503,Welvaart_Kwetsbaarheid,weighted_mean,Welvaart
BU19495500,0.2955409836488502,Welvaart_Kwetsbaarheid,weighted_mean,Welvaart
GM0098,0.2914691259607826,Welvaart_Kwetsbaarheid,weighted_mean,Welvaart
WK009800,0.27767835773020516,Welvaart_Kwetsbaarheid,weighted_mean,Welvaart
BU00980001,0.29854587334265525,Welvaart_Kwetsbaarheid,weighted_mean,Welvaart
BU00980002,0.32421227858355395,Welvaart_Kwetsbaarheid,weighted_mean,Welvaart
BU00980003,0.3877265675656617,Welvaart_Kwetsbaarheid,weighted_mean,Welvaart
BU00980004,0.299263325404565,Welvaart_Kwetsbaarheid,weighted_mean,Welvaart
BU00980005,0.2842799740982101,Welvaart_Kwetsbaarheid,weighted_mean,Welvaart
BU00980006,0.2751007134171616,Welvaart_Kwetsbaarheid,weighted_mean,Welvaart
BU00980007,0.266414382201033,Welvaart_Kwetsbaarheid,weighted_mean,Welvaart
BU00980008,0.2496761029329563,Welvaart_Kwetsbaarheid,weighted_mean,Welvaart
BU00980009,0.28638818802704374,Welvaart_Kwetsbaarheid,weighted_mean,Welvaart
BU00980010,0.32437981896265566,Welvaart_Kwetsbaarheid,weighted_mean,Welvaart
BU00980011,0.29351202300546764,Welvaart_Kwetsbaarheid,weighted_mean,Welvaart
BU00980012,0.3033518825235154,Welvaart_Kwetsbaarheid,weighted_mean,Welvaart
BU00980013,0.2980652085300477,Welvaart_Kwetsbaarheid,weighted_mean,Welvaart
BU00980014,0.2483806522572911,Welvaart_Kwetsbaarheid,weighted_mean,Welvaart
BU00980015,0.24238078898984738,Welvaart_Kwetsbaarheid,weighted_mean,Welvaart
BU00980016,0.2663645522137775,Welvaart_Kwetsbaarheid,weighted_mean,Welvaart
BU00980017,0.2241436027222678,Welvaart_Kwetsbaarheid,weighted_mean,Welvaart
BU00980018,0.2953382668847508,Welvaart_Kwetsbaarheid,weighted_mean,Welvaart
BU00980019,0.28674790644397313,Welvaart_Kwetsbaarheid,weighted_mean,Welvaart
BU00980020,0.3258113185318191,Welvaart_Kwetsbaarheid,weighted_mean,Welvaart
BU00980021,0.28881897469501755,Welvaart_Kwetsbaarheid,weighted_mean,Welvaart
WK009801,0.32725037880937763,Welvaart_Kwetsbaarheid,weighted_mean,Welvaart
BU00980101,0.3335182017690957,Welvaart_Kwetsbaarheid,weighted_mean,Welvaart
BU00980102,0.38458058363302705,Welvaart_Kwetsbaarheid,weighted_mean,Welvaart
BU00980103,0.3507175019391945,Welvaart_Kwetsbaarheid,weighted_mean,Welvaart
BU00980104,0.3555217937935459,Welvaart_Kwetsbaarheid,weighted_mean,Welvaart
WK009802,0.3151822043007979,Welvaart_Kwetsbaarheid,weighted_mean,Welvaart
BU00980201,0.35091707557440566,Welvaart_Kwetsbaarheid,weighted_mean,Welvaart
BU00980202,0.34171093275682074,Welvaart_Kwetsbaarheid,weighted_mean,Welvaart
WK009803,0.3409791401156121,Welvaart_Kwetsbaarheid,weighted_mean,Welvaart
BU00980301,0.3203910164130665,Welvaart_Kwetsbaarheid,weighted_mean,Welvaart
BU00980302,0.32656885129173563,Welvaart_Kwetsbaarheid,weighted_mean,Welvaart
BU00980303,0.3135920803471459,Welvaart_Kwetsbaarheid,weighted_mean,Welvaart
BU00980304,0.31193307586335,Welvaart_Kwetsbaarheid,weighted_mean,Welvaart
BU00980305,0.3547295619226489,Welvaart_Kwetsbaarheid,weighted_mean,Welvaart
WK009804,0.3358597029377721,Welvaart_Kwetsbaarheid,weighted_mean,Welvaart
BU00980401,0.31395959853945554,Welvaart_Kwetsbaarheid,weighted_mean,Welvaart
BU00980402,0.3365437105603971,Welvaart_Kwetsbaarheid,weighted_mean,Welvaart
BU00980403,0.3674876682713393,Welvaart_Kwetsbaarheid,weighted_mean,Welvaart
WK009805,0.34189267870257145,Welvaart_Kwetsbaarheid,weighted_mean,Welvaart
BU00980501,0.36169753038644575,Welvaart_Kwetsbaarheid,weighted_mean,Welvaart
BU00980502,0.3482926317491276,Welvaart_Kwetsbaarheid,weighted_mean,Welvaart
WK009806,0.3521262032894929,Welvaart_Kwetsbaarheid,weighted_mean,Welvaart
BU00980601,0.3086816831691682,Welvaart_Kwetsbaarheid,weighted_mean,Welvaart
BU00980602,0.3400183857990771,Welvaart_Kwetsbaarheid,weighted_mean,Welvaart
WK009807,0.2880829571038152,Welvaart_Kwetsbaarheid,weighted_mean,Welvaart
BU00980701,0.29590955528381035,Welvaart_Kwetsbaarheid,weighted_mean,Welvaart
BU00980702,0.3466461094857996,Welvaart_Kwetsbaarheid,weighted_mean,Welvaart
WK009808,0.3078600709977348,Welvaart_Kwetsbaarheid,weighted_mean,Welvaart
BU00980801,0.278950457237108,Welvaart_Kwetsbaarheid,weighted_mean,Welvaart
BU00980802,0.34031249838758776,Welvaart_Kwetsbaarheid,weighted_mean,Welvaart
WK009809,0.3639801823788713,Welvaart_Kwetsbaarheid,weighted_mean,Welvaart
BU00980901,0.33504453697540704,Welvaart_Kwetsbaarheid,weighted_mean,Welvaart
BU00980902,0.33425432169472696,Welvaart_Kwetsbaarheid,weighted_mean,Welvaart
BU00980903,0.3791918632949622,Welvaart_Kwetsbaarheid,weighted_mean,Welvaart
WK009810,0.2860978093552587,Welvaart_Kwetsbaarheid,weighted_mean,Welvaart
BU00981001,0.28540956990301447,Welvaart_Kwetsbaarheid,weighted_mean,Welvaart
BU00981002,0.30270781628648136,Welvaart_Kwetsbaarheid,weighted_mean,Welvaart
BU00981003,0.262089591642631,Welvaart_Kwetsbaarheid,weighted_mean,Welvaart
BU00981004,0.29509208808672455,Welvaart_Kwetsbaarheid,weighted_mean,Welvaart
BU00981005,0.33877978662841596,Welvaart_Kwetsbaarheid,weighted_mean,Welvaart
BU00981006,0.3039197225103065,Welvaart_Kwetsbaarheid,weighted_mean,Welvaart
BU00981007,0.4425174613494041,Welvaart_Kwetsbaarheid,weighted_mean,Welvaart
BU00981008,0.29832938184845215,Welvaart_Kwetsbaarheid,weighted_mean,Welvaart
BU00981009,0.31947587143355916,Welvaart_Kwetsbaarheid,weighted_mean,Welvaart
WK009811,0.3304540931191706,Welvaart_Kwetsbaarheid,weighted_mean,Welvaart
BU00981101,0.29265157534823805,Welvaart_Kwetsbaarheid,weighted_mean,Welvaart
BU00981102,0.3164400561033458,Welvaart_Kwetsbaarheid,weighted_mean,Welvaart
WK009812,0.31696323442151814,Welvaart_Kwetsbaarheid,weighted_mean,Welvaart
BU00981201,0.36425760671589036,Welvaart_Kwetsbaarheid,weighted_mean,Welvaart
WK009813,0.3240658319961061,Welvaart_Kwetsbaarheid,weighted_mean,Welvaart
BU00981301,0.26802704810750105,Welvaart_Kwetsbaarheid,weighted_mean,Welvaart
BU00981302,0.364927794030893,Welvaart_Kwetsbaarheid,weighted_mean,Welvaart
WK009814,0.327702682365972,Welvaart_Kwetsbaarheid,weighted_mean,Welvaart
BU00981401,0.27416123606230874,Welvaart_Kwetsbaarheid,weighted_mean,Welvaart
BU00981402,0.37305095050625436,Welvaart_Kwetsbaarheid,weighted_mean,Welvaart
WK009815,0.3142326285157036,Welvaart_Kwetsbaarheid,weighted_mean,Welvaart
BU00981501,0.2655783357154036,Welvaart_Kwetsbaarheid,weighted_mean,Welvaart
BU00981502,0.3730270051098419,Welvaart_Kwetsbaarheid,weighted_mean,Welvaart
GM0059,0.18969810757179173,Groen_Verharding,entropy,Groen & Verharding
WK005900,0.18969810757179173,Groen_Verharding,entropy,Groen & Verharding
BU00590000,0.18059436768896936,Groen_Verharding,entropy,Groen & Verharding
BU00590001,0.09693984511830031,Groen_Verharding,entropy,Groen & Verharding
BU00590002,0.21259904754771153,Groen_Verharding,entropy,Groen & Verharding
BU00590003,0.12717009020934458,Groen_Verharding,entropy,Groen & Verharding
BU00590004,0.13403953248927017,Groen_Verharding,entropy,Groen & Verharding
BU00590005,0.04858093118846042,Groen_Verharding,entropy,Groen & Verharding
BU00590006,0.04898588342930924,Groen_Verharding,entropy,Groen & Verharding
BU00590007,0.06468912789655697,Groen_Verharding,entropy,Groen & Verharding
BU00590008,0.04127467647351038,Groen_Verharding,entropy,Groen & Verharding
BU00590009,0.02700729382594584,Groen_Verharding,entropy,Groen & Verharding
WK005901,0.09071641966125712,Groen_Verharding,entropy,Groen & Verharding
BU00590100,0.10020015852461603,Groen_Verharding,entropy,Groen & Verharding
BU00590102,0.06927409501072203,Groen_Verharding,entropy,Groen & Verharding
BU00590103,0.11447523103219423,Groen_Verharding,entropy,Groen & Verharding
BU00590107,0.035807515066953045,Groen_Verharding,entropy,Groen & Verharding
BU00590108,0.04247921589289748,Groen_Verharding,entropy,Groen & Verharding
BU00590109,0.05068904032698086,Groen_Verharding,entropy,Groen & Verharding
WK005902,0.18969810757179173,Groen_Verharding,entropy,Groen & Verharding
BU00590200,0.0902812867512846,Groen_Verharding,entropy,Groen & Verharding
BU00590201,0.07472664916914032,Groen_Verharding,entropy,Groen & Verharding
BU00590202,0.09804748201595008,Groen_Verharding,entropy,Groen & Verharding
BU00590203,0.06526522365360672,Groen_Verharding,entropy,Groen & Verharding
BU00590206,0.031351735113774204,Groen_Verharding,entropy,Groen & Verharding
BU00590207,0.033037168359545226,Groen_Verharding,entropy,Groen & Verharding
BU00590208,0.031216187306430446,Groen_Verharding,entropy,Groen & Verharding
BU00590209,0.026847207486651998,Groen_Verharding,entropy,Groen & Verharding
GM0060,0.13168324507940915,Groen_Verharding,entropy,Groen & Verharding
WK006000,0.0751431127809268,Groen_Verharding,entropy,Groen & Verharding
BU00600000,0.1509433093807342,Groen_Verharding,entropy,Groen & Verharding
BU00600001,0.10555276378914791,Groen_Verharding,entropy,Groen & Verharding
BU00600002,0.08612402043210408,Groen_Verharding,entropy,Groen & Verharding
BU00600003,0.09687959845975959,Groen_Verharding,entropy,Groen & Verharding
BU00600007,0.15883804008953606,Groen_Verharding,entropy,Groen & Verharding
BU00600008,0.20776387355457931,Groen_Verharding,entropy,Groen & Verharding
BU00600009,0.15975352008200758,Groen_Verharding,entropy,Groen & Verharding
GM1891,0.18969810757179173,Groen_Verharding,entropy,Groen & Verharding
WK189100,0.16354797664675974,Groen_Verharding,entropy,Groen & Verharding
BU18910000,0.11266912892663301,Groen_Verharding,entropy,Groen & Verharding
BU18910001,0.10101624758880516,Groen_Verharding,entropy,Groen & Verharding
BU18910002,0.10542714264151107,Groen_Verharding,entropy,Groen & Verharding
BU18910008,0.05476847755874697,Groen_Verharding,entropy,Groen & Verharding
BU18910009,0.045816310913287535,Groen_Verharding,entropy,Groen & Verharding
WK189101,0.06244433910176914,Groen_Verharding,entropy,Groen & Verharding
BU18910100,0.12966236459781877,Groen_Verharding,entropy,Groen & Verharding
BU18910101,0.07365349288531237,Groen_Verharding,entropy,Groen & Verharding
BU18910108,0.060765255552467895,Groen_Verharding,entropy,Groen & Verharding
BU18910109,0.04353745107650815,Groen_Verharding,entropy,Groen & Verharding
WK189102,0.16348875587406347,Groen_Verharding,entropy,Groen & Verharding
BU18910200,0.15502138086929604,Groen_Verharding,entropy,Groen & Verharding
BU18910201,0.15042215934270436,Groen_Verharding,entropy,Groen & Verharding
BU18910202,0.03862740453165449,Groen_Verharding,entropy,Groen & Verharding
BU18910208,0.08340438186469609,Groen_Verharding,entropy,Groen & Verharding
BU18910209,0.0690610146852077,Groen_Verharding,entropy,Groen & Verharding
WK189103,0.05600206703125366,Groen_Verharding,entropy,Groen & Verharding
BU18910300,0.10659526139830532,Groen_Verharding,entropy,Groen & Verharding
BU18910301,0.041101000380302906,Groen_Verharding,entropy,Groen & Verharding
BU18910309,0.05377649393865816,Groen_Verharding,entropy,Groen & Verharding
GM1940,0.18969810757179173,Groen_Verharding,entropy,Groen & Verharding
WK194001,0.06372375279325729,Groen_Verharding,entropy,Groen & Verharding
BU19400101,0.04340914262574253,Groen_Verharding,entropy,Groen & Verharding
WK194002,0.08213188497803914,Groen_Verharding,entropy,Groen & Verharding
BU19400201,0.07717111420615716,Groen_Verharding,entropy,Groen & Verharding
WK194003,0.13306059651161892,Groen_Verharding,entropy,Groen & Verharding
BU19400301,0.14343257408039928,Groen_Verharding,entropy,Groen & Verharding
WK194004,0.06438208095688941,Groen_Verharding,entropy,Groen & Verharding
BU19400401,0.03211003272515246,Groen_Verharding,entropy,Groen & Verharding
WK194005,0.060128805033536244,Groen_Verharding,entropy,Groen & Verharding
BU19400501,0.06396429281205983,Groen_Verharding,entropy,Groen & Verharding
WK194006,0.04741789916904071,Groen_Verharding,entropy,Groen & Verharding
BU19400601,0.06548050275899243,Groen_Verharding,entropy,Groen & Verharding
WK194007,0.05885142893279752,Groen_Verharding,entropy,Groen & Verharding
BU19400701,0.12864014899503626,Groen_Verharding,entropy,Groen & Verharding
BU19400702,0.04941774024502536,Groen_Verharding,entropy,Groen & Verharding
WK194008,0.05524081402064026,Groen_Verharding,entropy,Groen & Verharding
BU19400801,0.040092431767652696,Groen_Verharding,entropy,Groen & Verharding
WK194009,0.04459137533092481,Groen_Verharding,entropy,Groen & Verharding
BU19400901,0.03866780365722595,Groen_Verharding,entropy,Groen & Verharding
WK194010,0.050289293877683494,Groen_Verharding,entropy,Groen & Verharding
BU19401001,0.04405779763909263,Groen_Verharding,entropy,Groen & Verharding
WK194011,0.059967803014691734,Groen_Verharding,entropy,Groen & Verharding
BU19401101,0.06032853863195284,Groen_Verharding,entropy,Groen & Verharding
BU19401102,0.08915197370300035,Groen_Verharding,entropy,Groen & Verharding
WK194012,0.05317024800191805,Groen_Verharding,entropy,Groen & Verharding
BU19401201,0.05085908088481804,Groen_Verharding,entropy,Groen & Verharding
WK194013,0.056594920582678204,Groen_Verharding,entropy,Groen & Verharding
BU19401301,0.060568302082774715,Groen_Verharding,entropy,Groen & Verharding
WK194014,0.04414526495381596,Groen_Verharding,entropy,Groen & Verharding
BU19401401,0.052918029281942044,Groen_Verharding,entropy,Groen & Verharding
WK194015,0.06047559559266141,Groen_Verharding,entropy,Groen & Verharding
BU19401501,0.06876266585578916,Groen_Verharding,entropy,Groen & Verharding
WK194016,0.05809896822664546,Groen_Verharding,entropy,Groen & Verharding
BU19401601,0.07538796816329303,Groen_Verharding,entropy,Groen & Verharding
WK194017,0.053334148660204736,Groen_Verharding,entropy,Groen & Verharding
BU19401701,0.06013146342989858,Groen_Verharding,entropy,Groen & Verharding
WK194018,0.059109629081316804,Groen_Verharding,entropy,Groen & Verharding
BU19401801,0.07410310836370222,Groen_Verharding,entropy,Groen & Verharding
WK194019,0.18969810757179173,Groen_Verharding,entropy,Groen & Verharding
BU19401901,0.23846637004074,Groen_Verharding,entropy,Groen & Verharding
BU19401902,0.038575404942431446,Groen_Verharding,entropy,Groen & Verharding
BU19401903,0.2146416749849825,Groen_Verharding,entropy,Groen & Verharding
BU19401904,0.17392144099123383,Groen_Verharding,entropy,Groen & Verharding
BU19401905,0.2030647515758655,Groen_Verharding,entropy,Groen & Verharding
BU19401906,0.23713482318870371,Groen_Verharding,entropy,Groen & Verharding
BU19401907,0.24779323116794416,Groen_Verharding,entropy,Groen & Verharding
BU19401908,0.08490064347623892,Groen_Verharding,entropy,Groen & Verharding
BU19401909,0.13125874209308858,Groen_Verharding,entropy,Groen & Verharding
BU19401910,0.16271443775644606,Groen_Verharding,entropy,Groen & Verharding
WK194020,0.04977869666483056,Groen_Verharding,entropy,Groen & Verharding
BU19402001,0.038662002850886716,Groen_Verharding,entropy,Groen & Verharding
WK194021,0.059085264740579034,Groen_Verharding,entropy,Groen & Verharding
BU19402101,0.06506839567869083,Groen_Verharding,entropy,Groen & Verharding
WK194022,0.04963433171865709,Groen_Verharding,entropy,Groen & Verharding
BU19402201,0.08851750318277922,Groen_Verharding,entropy,Groen & Verharding
WK194023,0.18969810757179173,Groen_Verharding,entropy,Groen & Verharding
BU19402301,0.08052339334814015,Groen_Verharding,entropy,Groen & Verharding
BU19402302,0.22099102305411,Groen_Verharding,entropy,Groen & Verharding
BU19402303,0.152604054056884,Groen_Verharding,entropy,Groen & Verharding
BU19402304,0.18129724913098064,Groen_Verharding,entropy,Groen & Verharding
BU19402305,0.1460989766856479,Groen_Verharding,entropy,Groen & Verharding
BU19402306,0.16015296705954601,Groen_Verharding,entropy,Groen & Verharding
BU19402307,0.09246232906640359,Groen_Verharding,entropy,Groen & Verharding
BU19402308,0.1888364411340372,Groen_Verharding,entropy,Groen & Verharding
WK194024,0.06787818274335736,Groen_Verharding,entropy,Groen & Verharding
BU19402401,0.07248752630752936,Groen_Verharding,entropy,Groen & Verharding
WK194025,0.13118313514338414,Groen_Verharding,entropy,Groen & Verharding
BU19402501,0.05583479091751546,Groen_Verharding,entropy,Groen & Verharding
WK194026,0.05971484876556673,Groen_Verharding,entropy,Groen & Verharding
BU19402601,0.059610332858342135,Groen_Verharding,entropy,Groen & Verharding
WK194027,0.07420782895226272,Groen_Verharding,entropy,Groen & Verharding
BU19402701,0.057501941017894506,Groen_Verharding,entropy,Groen & Verharding
WK194028,0.04960217640173639,Groen_Verharding,entropy,Groen & Verharding
BU19402801,0.04457960196064515,Groen_Verharding,entropy,Groen & Verharding
BU19402802,0.13721084801986622,Groen_Verharding,entropy,Groen & Verharding
WK194029,0.049189930901458394,Groen_Verharding,entropy,Groen & Verharding
BU19402901,0.04876461051277199,Groen_Verharding,entropy,Groen & Verharding
WK194030,0.07501228542080347,Groen_Verharding,entropy,Groen & Verharding
BU19403001,0.07887377287936122,Groen_Verharding,entropy,Groen & Verharding
WK194031,0.05973701093470379,Groen_Verharding,entropy,Groen & Verharding
BU19403101,0.07289425051683564,Groen_Verharding,entropy,Groen & Verharding
WK194032,0.06067346571982418,Groen_Verharding,entropy,Groen & Verharding
BU19403201,0.056093971071118,Groen_Verharding,entropy,Groen & Verharding
WK194033,0.038928230670726705,Groen_Verharding,entropy,Groen & Verharding
BU19403301,0.030584969558370312,Groen_Verharding,entropy,Groen & Verharding
WK194034,0.0559949694072427,Groen_Verharding,entropy,Groen & Verharding
BU19403401,0.08243404960174575,Groen_Verharding,entropy,Groen & Verharding
WK194035,0.055710214491678865,Groen_Verharding,entropy,Groen & Verharding
BU19403501,0.06147376964724116,Groen_Verharding,entropy,Groen & Verharding
WK194036,0.0475881147216082,Groen_Verharding,entropy,Groen & Verharding
BU19403601,0.04311335107515752,Groen_Verharding,entropy,Groen & Verharding
WK194037,0.054341587671865046,Groen_Verharding,entropy,Groen & Verharding
BU19403701,0.05875070801346197,Groen_Verharding,entropy,Groen & Verharding
WK194038,0.059175951665102866,Groen_Verharding,entropy,Groen & Verharding
BU19403801,0.046649703134521825,Groen_Verharding,entropy,Groen & Verharding
WK194039,0.06014519127544622,Groen_Verharding,entropy,Groen & Verharding
BU19403901,0.11958141642140338,Groen_Verharding,entropy,Groen & Verharding
WK194040,0.059175951665102866,Groen_Verharding,entropy,Groen & Verharding
BU19404001,0.059241819953331144,Groen_Verharding,entropy,Groen & Verharding
WK194041,0.0948037409948118,Groen_Verharding,entropy,Groen & Verharding
BU19404101,0.09409312382868876,Groen_Verharding,entropy,Groen & Verharding
WK194042,0.05791880592089704,Groen_Verharding,entropy,Groen & Verharding
BU19404201,0.06974169355551048,Groen_Verharding,entropy,Groen & Verharding
WK194043,0.06994220837046329,Groen_Verharding,entropy,Groen & Verharding
BU19404301,0.06510752154668689,Groen_Verharding,entropy,Groen & Verharding
WK194044,0.044586464601087575,Groen_Verharding,entropy,Groen & Verharding
BU19404401,0.0437509708943208,Groen_Verharding,entropy,Groen & Verharding
WK194045,0.049600269363216494,Groen_Verharding,entropy,Groen & Verharding
BU19404501,0.046493090836856224,Groen_Verharding,entropy,Groen & Verharding
WK194046,0.07222915739490567,Groen_Verharding,entropy,Groen & Verharding
BU19404601,0.1016327232536343,Groen_Verharding,entropy,Groen & Verharding
WK194047,0.05612025367574321,Groen_Verharding,entropy,Groen & Verharding
BU19404701,0.04967309256217867,Groen_Verharding,entropy,Groen & Verharding
WK194048,0.04230560171888932,Groen_Verharding,entropy,Groen & Verharding
BU19404801,0.04568407732661907,Groen_Verharding,entropy,Groen & Verharding
WK194049,0.07669797149231891,Groen_Verharding,entropy,Groen & Verharding
BU19404901,0.03748221842683201,Groen_Verharding,entropy,Groen & Verharding
WK194050,0.054537611122469395,Groen_Verharding,entropy,Groen & Verharding
BU19405001,0.040389829516517387,Groen_Verharding,entropy,Groen & Verharding
WK194051,0.05898385101855927,Groen_Verharding,entropy,Groen & Verharding
BU19405101,0.05534779254103861,Groen_Verharding,entropy,Groen & Verharding
GM0072,0.19417567600686136,Groen_Verharding,entropy,Groen & Verharding
WK007200,0.18969810757179173,Groen_Verharding,entropy,Groen & Verharding
BU00720001,0.23114326960790804,Groen_Verharding,entropy,Groen & Verharding
BU00720002,0.17344444897420086,Groen_Verharding,entropy,Groen & Verharding
BU00720003,0.2095082352294157,Groen_Verharding,entropy,Groen & Verharding
BU00720004,0.22437418667309886,Groen_Verharding,entropy,Groen & Verharding
BU00720005,0.2269473993481175,Groen_Verharding,entropy,Groen & Verharding
BU00720006,0.24183271056557906,Groen_Verharding,entropy,Groen & Verharding
BU00720007,0.29034346321722404,Groen_Verharding,entropy,Groen & Verharding
BU00720009,0.058329826762683015,Groen_Verharding,entropy,Groen & Verharding
WK007201,0.0823257128617048,Groen_Verharding,entropy,Groen & Verharding
BU00720100,0.20527876235604245,Groen_Verharding,entropy,Groen & Verharding
BU00720109,0.1254600089120232,Groen_Verharding,entropy,Groen & Verharding
WK007202,0.054486074303095974,Groen_Verharding,entropy,Groen & Verharding
BU00720200,0.17220866521976955,Groen_Verharding,entropy,Groen & Verharding
BU00720209,0.05999333016448082,Groen_Verharding,entropy,Groen & Verharding
GM0074,0.18969810757179173,Groen_Verharding,entropy,Groen & Verharding
WK007401,0.18969810757179173,Groen_Verharding,entropy,Groen & Verharding
BU00740100,0.19066611896314253,Groen_Verharding,entropy,Groen & Verharding
BU00740101,0.23411082663620325,Groen_Verharding,entropy,Groen & Verharding
BU00740102,0.24426471363563762,Groen_Verharding,entropy,Groen & Verharding
BU00740103,0.24085171514854448,Groen_Verharding,entropy,Groen & Verharding
BU00740104,0.24371588741527425,Groen_Verharding,entropy,Groen & Verharding
BU00740105,0.19580381560847043,Groen_Verharding,entropy,Groen & Verharding
BU00740106,0.2165812496141272,Groen_Verharding,entropy,Groen & Verharding
BU00740107,0.187506687206625,Groen_Verharding,entropy,Groen & Verharding
BU00740108,0.15305728311505726,Groen_Verharding,entropy,Groen & Verharding
BU00740109,0.09104699545584877,Groen_Verharding,entropy,Groen & Verharding
BU00740110,0.22060268210347164,Groen_Verharding,entropy,Groen & Verharding
WK007402,0.06467681220236986,Groen_Verharding,entropy,Groen & Verharding
BU00740201,0.06021666792046121,Groen_Verharding,entropy,Groen & Verharding
BU00740202,0.05702025760013532,Groen_Verharding,entropy,Groen & Verharding
BU00740203,0.038198063607229334,Groen_Verharding,entropy,Groen & Verharding
BU00740204,0.055306271543795714,Groen_Verharding,entropy,Groen & Verharding
BU00740205,0.04365963965288961,Groen_Verharding,entropy,Groen & Verharding
WK007403,0.07501228542080347,Groen_Verharding,entropy,Groen & Verharding
BU00740301,0.061274414484187543,Groen_Verharding,entropy,Groen & Verharding
BU00740302,0.07210414677503364,Groen_Verharding,entropy,Groen & Verharding
WK007404,0.16348875587406347,Groen_Verharding,entropy,Groen & Verharding
BU00740401,0.11688852558750207,Groen_Verharding,entropy,Groen & Verharding
BU00740402,0.09113976065884975,Groen_Verharding,entropy,Groen & Verharding
BU00740403,0.07493665986634217,Groen_Verharding,entropy,Groen & Verharding
BU00740404,0.06025462736140031,Groen_Verharding,entropy,Groen & Verharding
BU00740405,0.06825195767720638,Groen_Verharding,entropy,Groen & Verharding
BU00740406,0.06052140436140205,Groen_Verharding,entropy,Groen & Verharding
BU00740407,0.0482511853104822,Groen_Verharding,entropy,Groen & Verharding
WK007406,0.08385265916964496,Groen_Verharding,entropy,Groen & Verharding
BU00740601,0.12045269376680055,Groen_Verharding,entropy,Groen & Verharding
WK007407,0.05971484876556673,Groen_Verharding,entropy,Groen & Verharding
BU00740701,0.06374231510223698,Groen_Verharding,entropy,Groen & Verharding
BU00740702,0.18511690800218036,Groen_Verharding,entropy,Groen & Verharding
WK007409,0.12166419485598116,Groen_Verharding,entropy,Groen & Verharding
BU00740901,0.07089793146337572,Groen_Verharding,entropy,Groen & Verharding
BU00740902,0.06446396019670302,Groen_Verharding,entropy,Groen & Verharding
BU00740903,0.04167996835790106,Groen_Verharding,entropy,Groen & Verharding
GM0080,0.22218590730670268,Groen_Verharding,entropy,Groen & Verharding
WK008010,0.23989638764069188,Groen_Verharding,entropy,Groen & Verharding
BU00801001,0.16812413477022028,Groen_Verharding,entropy,Groen & Verharding
BU00801002,0.14107218479393877,Groen_Verharding,entropy,Groen & Verharding
BU00801003,0.21044907835265125,Groen_Verharding,entropy,Groen & Verharding
BU00801004,0.20956155879906466,Groen_Verharding,entropy,Groen & Verharding
BU00801005,0.23546860931809765,Groen_Verharding,entropy,Groen & Verharding
BU00801006,0.2237713353525641,Groen_Verharding,entropy,Groen & Verharding
BU00801007,0.20311176482057236,Groen_Verharding,entropy,Groen & Verharding
BU00801008,0.24932683904580125,Groen_Verharding,entropy,Groen & Verharding
WK008011,0.18969810757179173,Groen_Verharding,entropy,Groen & Verharding
BU00801101,0.24262130955873043,Groen_Verharding,entropy,Groen & Verharding
BU00801102,0.2534324963014846,Groen_Verharding,entropy,Groen & Verharding
BU00801103,0.21666713334282542,Groen_Verharding,entropy,Groen & Verharding
BU00801104,0.20859685320298726,Groen_Verharding,entropy,Groen & Verharding
BU00801105,0.2339510113376142,Groen_Verharding,entropy,Groen & Verharding
BU00801106,0.23358099396390816,Groen_Verharding,entropy,Groen & Verharding
BU00801107,0.22673509741395723,Groen_Verharding,entropy,Groen & Verharding
BU00801108,0.23830531288754328,Groen_Verharding,entropy,Groen & Verharding
BU00801109,0.2177838978310123,Groen_Verharding,entropy,Groen & Verharding
WK008020,0.22218590730670268,Groen_Verharding,entropy,Groen & Verharding
BU00802001,0.2441392068354436,Groen_Verharding,entropy,Groen & Verharding
BU00802002,0.2506518450705396,Groen_Verharding,entropy,Groen & Verharding
BU00802003,0.2504284998510073,Groen_Verharding,entropy,Groen & Verharding
BU00802004,0.24770420087507108,Groen_Verharding,entropy,Groen & Verharding
BU00802005,0.2498775757978285,Groen_Verharding,entropy,Groen & Verharding
BU00802006,0.23973779783913016,Groen_Verharding,entropy,Groen & Verharding
BU00802007,0.2543719351750733,Groen_Verharding,entropy,Groen & Verharding
BU00802008,0.21608830505206442,Groen_Verharding,entropy,Groen & Verharding
BU00802009,0.23978820316182758,Groen_Verharding,entropy,Groen & Verharding
WK008030,0.22218590730670268,Groen_Verharding,entropy,Groen & Verharding
BU00803001,0.2221581163995098,Groen_Verharding,entropy,Groen & Verharding
BU00803002,0.2543684906272696,Groen_Verharding,entropy,Groen & Verharding
BU00803003,0.235381053874051,Groen_Verharding,entropy,Groen & Verharding
BU00803004,0.24334795929946665,Groen_Verharding,entropy,Groen & Verharding
BU00803005,0.24839325566541423,Groen_Verharding,entropy,Groen & Verharding
BU00803006,0.22481037188146788,Groen_Verharding,entropy,Groen & Verharding
BU00803007,0.19106981692624492,Groen_Verharding,entropy,Groen & Verharding
WK008031,0.1299023815356621,Groen_Verharding,entropy,Groen & Verharding
BU00803101,0.2244916916183156,Groen_Verharding,entropy,Groen & Verharding
BU00803102,0.09562090775821462,Groen_Verharding,entropy,Groen & Verharding
WK008032,0.2429565650207675,Groen_Verharding,entropy,Groen & Verharding
BU00803201,0.25417818281543325,Groen_Verharding,entropy,Groen & Verharding
BU00803202,0.2474910832130252,Groen_Verharding,entropy,Groen & Verharding
BU00803203,0.2611969067394972,Groen_Verharding,entropy,Groen & Verharding
BU00803204,0.19590575614896716,Groen_Verharding,entropy,Groen & Verharding
WK008040,0.2449154170165837,Groen_Verharding,entropy,Groen & Verharding
BU00804001,0.2428712220716647,Groen_Verharding,entropy,Groen & Verharding
BU00804002,0.2309553276769061,Groen_Verharding,entropy,Groen & Verharding
BU00804003,0.242345128570511,Groen_Verharding,entropy,Groen & Verharding
BU00804004,0.2376718471330106,Groen_Verharding,entropy,Groen & Verharding
WK008041,0.1305877414898304,Groen_Verharding,entropy,Groen & Verharding
BU00804101,0.22449339587381367,Groen_Verharding,entropy,Groen & Verharding
BU00804102,0.24785740791494662,Groen_Verharding,entropy,Groen & Verharding
BU00804103,0.21800965864385838,Groen_Verharding,entropy,Groen & Verharding
BU00804104,0.249473676415061,Groen_Verharding,entropy,Groen & Verharding
BU00804105,0.1996996930937841,Groen_Verharding,entropy,Groen & Verharding
BU00804106,0.22749669495013558,Groen_Verharding,entropy,Groen & Verharding
BU00804107,0.18204864798834602,Groen_Verharding,entropy,Groen & Verharding
BU00804108,0.11337526254438521,Groen_Verharding,entropy,Groen & Verharding
BU00804109,0.05709909518027079,Groen_Verharding,entropy,Groen & Verharding
BU00804110,0.1351238824539181,Groen_Verharding,entropy,Groen & Verharding
WK008050,0.20814970456905754,Groen_Verharding,entropy,Groen & Verharding
BU00805001,0.2382853317742302,Groen_Verharding,entropy,Groen & Verharding
BU00805002,0.22201569489285664,Groen_Verharding,entropy,Groen & Verharding
BU00805003,0.24117587843698682,Groen_Verharding,entropy,Groen & Verharding
WK008051,0.18969810757179173,Groen_Verharding,entropy,Groen & Verharding
BU00805101,0.24958854275327247,Groen_Verharding,entropy,Groen & Verharding
BU00805102,0.2600831110585299,Groen_Verharding,entropy,Groen & Verharding
BU00805103,0.2561298844806605,Groen_Verharding,entropy,Groen & Verharding
BU00805104,0.2223835585184427,Groen_Verharding,entropy,Groen & Verharding
BU00805105,0.2043293530509703,Groen_Verharding,entropy,Groen & Verharding
WK008060,0.1869421145795963,Groen_Verharding,entropy,Groen & Verharding
BU00806001,0.2527202854258395,Groen_Verharding,entropy,Groen & Verharding
BU00806002,0.2062426022011144,Groen_Verharding,entropy,Groen & Verharding
BU00806003,0.09910557414413977,Groen_Verharding,entropy,Groen & Verharding
WK008061,0.247451521561817,Groen_Verharding,entropy,Groen & Verharding
BU00806101,0.26215605951620996,Groen_Verharding,entropy,Groen & Verharding
BU00806102,0.26337791461393656,Groen_Verharding,entropy,Groen & Verharding
WK008062,0.0948037409948118,Groen_Verharding,entropy,Groen & Verharding
BU00806201,0.14962380094777122,Groen_Verharding,entropy,Groen & Verharding
BU00806202,0.11159677166284314,Groen_Verharding,entropy,Groen & Verharding
BU00806203,0.03495134662779422,Groen_Verharding,entropy,Groen & Verharding
BU00806204,0.18285611680996142,Groen_Verharding,entropy,Groen & Verharding
BU00806205,0.11006761453010988,Groen_Verharding,entropy,Groen & Verharding
BU00806206,0.06107036214002026,Groen_Verharding,entropy,Groen & Verharding
BU00806207,0.13662668399814226,Groen_Verharding,entropy,Groen & Verharding
BU00806208,0.02994084220025834,Groen_Verharding,entropy,Groen & Verharding
BU00806209,0.16209515248843828,Groen_Verharding,entropy,Groen & Verharding
BU00806210,0.04956010349797267,Groen_Verharding,entropy,Groen & Verharding
WK008063,0.16348875587406345,Groen_Verharding,entropy,Groen & Verharding
BU00806301,0.20058750751149212,Groen_Verharding,entropy,Groen & Verharding
BU00806302,0.05247608367688169,Groen_Verharding,entropy,Groen & Verharding
BU00806303,0.070957616711722,Groen_Verharding,entropy,Groen & Verharding
BU00806304,0.052642308447507086,Groen_Verharding,entropy,Groen & Verharding
BU00806305,0.13421486019209403,Groen_Verharding,entropy,Groen & Verharding
BU00806306,0.03883764838823063,Groen_Verharding,entropy,Groen & Verharding
BU00806307,0.06167350980823253,Groen_Verharding,entropy,Groen & Verharding
WK008070,0.189757328344488,Groen_Verharding,entropy,Groen & Verharding
BU00807001,0.2562238475076114,Groen_Verharding,entropy,Groen & Verharding
BU00807002,0.2527884712154119,Groen_Verharding,entropy,Groen & Verharding
BU00807003,0.21328801487479604,Groen_Verharding,entropy,Groen & Verharding
BU00807004,0.21648789227760715,Groen_Verharding,entropy,Groen & Verharding
WK008071,0.19331615776568262,Groen_Verharding,entropy,Groen & Verharding
BU00807101,0.21018866007321302,Groen_Verharding,entropy,Groen & Verharding
WK008072,0.15133357342211154,Groen_Verharding,entropy,Groen & Verharding
BU00807201,0.13573323456816042,Groen_Verharding,entropy,Groen & Verharding
BU00807202,0.11874688210755503,Groen_Verharding,entropy,Groen & Verharding
BU00807203,0.1773782393743162,Groen_Verharding,entropy,Groen & Verharding
WK008073,0.1308640712418456,Groen_Verharding,entropy,Groen & Verharding
BU00807301,0.17860643377258514,Groen_Verharding,entropy,Groen & Verharding
BU00807302,0.21209277501175125,Groen_Verharding,entropy,Groen & Verharding
BU00807303,0.14794012489105693,Groen_Verharding,entropy,Groen & Verharding
BU00807304,0.045178462258805674,Groen_Verharding,entropy,Groen & Verharding
BU00807305,0.19642058400559304,Groen_Verharding,entropy,Groen & Verharding
BU00807306,0.16426641844013443,Groen_Verharding,entropy,Groen & Verharding
WK008074,0.16709108095256653,Groen_Verharding,entropy,Groen & Verharding
BU00807401,0.03762596658456028,Groen_Verharding,entropy,Groen & Verharding
BU00807402,0.08971623418581387,Groen_Verharding,entropy,Groen & Verharding
BU00807403,0.16088241450266946,Groen_Verharding,entropy,Groen & Verharding
BU00807404,0.17240709445328797,Groen_Verharding,entropy,Groen & Verharding
BU00807405,0.13409611090737214,Groen_Verharding,entropy,Groen & Verharding
WK008080,0.064148808836307,Groen_Verharding,entropy,Groen & Verharding
BU00808001,0.16274563334934147,Groen_Verharding,entropy,Groen & Verharding
BU00808002,0.050180004249763314,Groen_Verharding,entropy,Groen & Verharding
BU00808003,0.05889852430752931,Groen_Verharding,entropy,Groen & Verharding
BU00808004,0.16242036873490165,Groen_Verharding,entropy,Groen & Verharding
BU00808005,0.046994140501913195,Groen_Verharding,entropy,Groen & Verharding
BU00808006,0.04107965485636709,Groen_Verharding,entropy,Groen & Verharding
BU00808007,0.17661009766779281,Groen_Verharding,entropy,Groen & Verharding
BU00808008,0.09242029145189462,Groen_Verharding,entropy,Groen & Verharding
WK008081,0.07514311278092681,Groen_Verharding,entropy,Groen & Verharding
BU00808101,0.18254888375698838,Groen_Verharding,entropy,Groen & Verharding
BU00808102,0.03963350521242327,Groen_Verharding,entropy,Groen & Verharding
BU00808103,0.19480212467592511,Groen_Verharding,entropy,Groen & Verharding
BU00808104,0.032545838112901564,Groen_Verharding,entropy,Groen & Verharding
BU00808105,0.15549854262630025,Groen_Verharding,entropy,Groen & Verharding
BU00808106,0.02291208201874787,Groen_Verharding,entropy,Groen & Verharding
BU00808107,0.03961795656028103,Groen_Verharding,entropy,Groen & Verharding
BU00808108,0.05211442530265293,Groen_Verharding,entropy,Groen & Verharding
BU00808109,0.17210513342779274,Groen_Verharding,entropy,Groen & Verharding
BU00808110,0.04380974544365964,Groen_Verharding,entropy,Groen & Verharding
BU00808111,0.15979477039548862,Groen_Verharding,entropy,Groen & Verharding
BU00808112,0.04292960265031532,Groen_Verharding,entropy,Groen & Verharding
BU00808113,0.044568342841823545,Groen_Verharding,entropy,Groen & Verharding
BU00808114,0.029048460030014385,Groen_Verharding,entropy,Groen & Verharding
BU00808115,0.04157802485178659,Groen_Verharding,entropy,Groen & Verharding
BU00808116,0.18716584722743607,Groen_Verharding,entropy,Groen & Verharding
BU00808117,0.04387214278156518,Groen_Verharding,entropy,Groen & Verharding
WK008082,0.16348875587406345,Groen_Verharding,entropy,Groen & Verharding
BU00808201,0.16806150227044186,Groen_Verharding,entropy,Groen & Verharding
BU00808202,0.035954214319940156,Groen_Verharding,entropy,Groen & Verharding
BU00808203,0.035109385788243,Groen_Verharding,entropy,Groen & Verharding
BU00808204,0.07740436235228017,Groen_Verharding,entropy,Groen & Verharding
BU00808205,0.027562386095660234,Groen_Verharding,entropy,Groen & Verharding
BU00808206,0.18982777337129003,Groen_Verharding,entropy,Groen & Verharding
BU00808207,0.05088827823437052,Groen_Verharding,entropy,Groen & Verharding
BU00808208,0.1779576622926477,Groen_Verharding,entropy,Groen & Verharding
BU00808209,0.035591057381288795,Groen_Verharding,entropy,Groen & Verharding
GM1970,0.18969810757179173,Groen_Verharding,entropy,Groen & Verharding
WK197000,0.18969810757179173,Groen_Verharding,entropy,Groen & Verharding
BU19700000,0.1903708663975258,Groen_Verharding,entropy,Groen & Verharding
BU19700001,0.14305877496335248,Groen_Verharding,entropy,Groen & Verharding
BU19700002,0.20989971472417326,Groen_Verharding,entropy,Groen & Verharding
BU19700003,0.1935191403328422,Groen_Verharding,entropy,Groen & Verharding
BU19700004,0.08968739321144137,Groen_Verharding,entropy,Groen & Verharding
BU19700005,0.22581580913755778,Groen_Verharding,entropy,Groen & Verharding
BU19700006,0.13905985183020186,Groen_Verharding,entropy,Groen & Verharding
BU19700007,0.07857551063127795,Groen_Verharding,entropy,Groen & Verharding
BU19700008,0.14530103025161809,Groen_Verharding,entropy,Groen & Verharding
BU19700009,0.16282384054675408,Groen_Verharding,entropy,Groen & Verharding
BU19700010,0.12734898091298574,Groen_Verharding,entropy,Groen & Verharding
BU19700011,0.19689670534253664,Groen_Verharding,entropy,Groen & Verharding
WK197001,0.05432115045117378,Groen_Verharding,entropy,Groen & Verharding
BU19700100,0.11225336400570207,Groen_Verharding,entropy,Groen & Verharding
BU19700101,0.03552684676919472,Groen_Verharding,entropy,Groen & Verharding
BU19700102,0.08893752306189397,Groen_Verharding,entropy,Groen & Verharding
BU19700103,0.04607237784307134,Groen_Verharding,entropy,Groen & Verharding
BU19700104,0.03735420672054247,Groen_Verharding,entropy,Groen & Verharding
BU19700105,0.0731529448250451,Groen_Verharding,entropy,Groen & Verharding
BU19700107,0.07407406915456012,Groen_Verharding,entropy,Groen & Verharding
BU19700108,0.05256773103660758,Groen_Verharding,entropy,Groen & Verharding
BU19700109,0.03166715035179284,Groen_Verharding,entropy,Groen & Verharding
WK197002,0.05262242208581301,Groen_Verharding,entropy,Groen & Verharding
BU19700200,0.10290527919403929,Groen_Verharding,entropy,Groen & Verharding
BU19700201,0.05188182843969908,Groen_Verharding,entropy,Groen & Verharding
BU19700202,0.13401876008351077,Groen_Verharding,entropy,Groen & Verharding
BU19700208,0.028446241331197285,Groen_Verharding,entropy,Groen & Verharding
BU19700209,0.039335033445417195,Groen_Verharding,entropy,Groen & Verharding
WK197003,0.06467681220236984,Groen_Verharding,entropy,Groen & Verharding
BU19700300,0.11345563905376817,Groen_Verharding,entropy,Groen & Verharding
BU19700301,0.07223523879202381,Groen_Verharding,entropy,Groen & Verharding
BU19700302,0.06860750790570319,Groen_Verharding,entropy,Groen & Verharding
BU19700303,0.15693062610528252,Groen_Verharding,entropy,Groen & Verharding
BU19700307,0.08675309521870272,Groen_Verharding,entropy,Groen & Verharding
BU19700308,0.03486574022513242,Groen_Verharding,entropy,Groen & Verharding
BU19700309,0.03275201516051492,Groen_Verharding,entropy,Groen & Verharding
WK197004,0.0568527556159097,Groen_Verharding,entropy,Groen & Verharding
BU19700400,0.16087844359732897,Groen_Verharding,entropy,Groen & Verharding
BU19700401,0.07748817121460612,Groen_Verharding,entropy,Groen & Verharding
BU19700408,0.05019050274034674,Groen_Verharding,entropy,Groen & Verharding
BU19700409,0.029012550150666717,Groen_Verharding,entropy,Groen & Verharding
WK197005,0.058388238461177654,Groen_Verharding,entropy,Groen & Verharding
BU19700500,0.16938600200495088,Groen_Verharding,entropy,Groen & Verharding
BU19700501,0.17991688893924812,Groen_Verharding,entropy,Groen & Verharding
BU19700502,0.14377017090617847,Groen_Verharding,entropy,Groen & Verharding
BU19700503,0.07926036912584382,Groen_Verharding,entropy,Groen & Verharding
BU19700506,0.04546749701840635,Groen_Verharding,entropy,Groen & Verharding
BU19700507,0.04517042984142944,Groen_Verharding,entropy,Groen & Verharding
BU19700508,0.03902466276769977,Groen_Verharding,entropy,Groen & Verharding
BU19700509,0.06559505431270231,Groen_Verharding,entropy,Groen & Verharding
WK197006,0.06467681220236986,Groen_Verharding,entropy,Groen & Verharding
BU19700600,0.17768577261131951,Groen_Verharding,entropy,Groen & Verharding
BU19700601,0.04370840649943153,Groen_Verharding,entropy,Groen & Verharding
BU19700602,0.17718258434672166,Groen_Verharding,entropy,Groen & Verharding
BU19700603,0.0361858019730123,Groen_Verharding,entropy,Groen & Verharding
BU19700604,0.022651670588719443,Groen_Verharding,entropy,Groen & Verharding
BU19700605,0.05118918834197071,Groen_Verharding,entropy,Groen & Verharding
BU19700608,0.03968217696130501,Groen_Verharding,entropy,Groen & Verharding
BU19700609,0.03814288455784673,Groen_Verharding,entropy,Groen & Verharding
WK197007,0.057499539972474735,Groen_Verharding,entropy,Groen & Verharding
BU19700700,0.1514788947748416,Groen_Verharding,entropy,Groen & Verharding
BU19700701,0.10835758102405638,Groen_Verharding,entropy,Groen & Verharding
BU19700702,0.03628714098266493,Groen_Verharding,entropy,Groen & Verharding
BU19700703,0.03581419054009366,Groen_Verharding,entropy,Groen & Verharding
BU19700708,0.04648576503485953,Groen_Verharding,entropy,Groen & Verharding
BU19700709,0.03245494734626601,Groen_Verharding,entropy,Groen & Verharding
WK197008,0.064148808836307,Groen_Verharding,entropy,Groen & Verharding
BU19700800,0.16377076592887216,Groen_Verharding,entropy,Groen & Verharding
BU19700801,0.17202041176029892,Groen_Verharding,entropy,Groen & Verharding
BU19700802,0.11228599687702459,Groen_Verharding,entropy,Groen & Verharding
BU19700803,0.027924353656503996,Groen_Verharding,entropy,Groen & Verharding
BU19700807,0.0242088213738936,Groen_Verharding,entropy,Groen & Verharding
BU19700808,0.04585508584881683,Groen_Verharding,entropy,Groen & Verharding
BU19700809,0.045445789885424796,Groen_Verharding,entropy,Groen & Verharding
WK197009,0.064148808836307,Groen_Verharding,entropy,Groen & Verharding
BU19700900,0.1892002424651304,Groen_Verharding,entropy,Groen & Verharding
BU19700909,0.03809958087960543,Groen_Verharding,entropy,Groen & Verharding
WK197010,0.05755103512708369,Groen_Verharding,entropy,Groen & Verharding
BU19701000,0.15763288471036457,Groen_Verharding,entropy,Groen & Verharding
BU19701001,0.07133414888649106,Groen_Verharding,entropy,Groen & Verharding
BU19701002,0.038900220150729276,Groen_Verharding,entropy,Groen & Verharding
BU19701003,0.041884998997727955,Groen_Verharding,entropy,Groen & Verharding
BU19701004,0.031527115811852295,Groen_Verharding,entropy,Groen & Verharding
BU19701005,0.042582912643426916,Groen_Verharding,entropy,Groen & Verharding
BU19701006,0.037893279552558994,Groen_Verharding,entropy,Groen & Verharding
BU19701008,0.037697238811883076,Groen_Verharding,entropy,Groen & Verharding
BU19701009,0.03702983477142158,Groen_Verharding,entropy,Groen & Verharding
WK197011,0.14686220172110756,Groen_Verharding,entropy,Groen & Verharding
BU19701100,0.1865114386870339,Groen_Verharding,entropy,Groen & Verharding
BU19701109,0.046438883083126874,Groen_Verharding,entropy,Groen & Verharding
WK197012,0.13002679946922516,Groen_Verharding,entropy,Groen & Verharding
BU19701200,0.06085322860984885,Groen_Verharding,entropy,Groen & Verharding
BU19701201,0.04545905201682229,Groen_Verharding,entropy,Groen & Verharding
BU19701202,0.05148684200116616,Groen_Verharding,entropy,Groen & Verharding
BU19701203,0.07078127161828449,Groen_Verharding,entropy,Groen & Verharding
BU19701204,0.035379278407414616,Groen_Verharding,entropy,Groen & Verharding
BU19701206,0.04934438576666683,Groen_Verharding,entropy,Groen & Verharding
BU19701207,0.06074285026767111,Groen_Verharding,entropy,Groen & Verharding
BU19701208,0.029465964148415985,Groen_Verharding,entropy,Groen & Verharding
BU19701209,0.25930374229994246,Groen_Verharding,entropy,Groen & Verharding
WK197013,0.05732970396899377,Groen_Verharding,entropy,Groen & Verharding
BU19701300,0.07812665914463937,Groen_Verharding,entropy,Groen & Verharding
BU19701301,0.06113006905122052,Groen_Verharding,entropy,Groen & Verharding
BU19701302,0.11880801684811002,Groen_Verharding,entropy,Groen & Verharding
BU19701308,0.04732433256617362,Groen_Verharding,entropy,Groen & Verharding
BU19701309,0.055749886060134715,Groen_Verharding,entropy,Groen & Verharding
WK197014,0.0948037409948118,Groen_Verharding,entropy,Groen & Verharding
BU19701400,0.09808408597788815,Groen_Verharding,entropy,Groen & Verharding
BU19701401,0.18769898712852773,Groen_Verharding,entropy,Groen & Verharding
BU19701402,0.07009867989441103,Groen_Verharding,entropy,Groen & Verharding
BU19701409,0.03531412755175565,Groen_Verharding,entropy,Groen & Verharding
GM0085,0.18969810757179173,Groen_Verharding,entropy,Groen & Verharding
WK008501,0.09864059388987911,Groen_Verharding,entropy,Groen & Verharding
BU00850101,0.17075860678799407,Groen_Verharding,entropy,Groen & Verharding
BU00850102,0.15115345565481306,Groen_Verharding,entropy,Groen & Verharding
BU00850103,0.07342467874662022,Groen_Verharding,entropy,Groen & Verharding
BU00850104,0.18135406041267066,Groen_Verharding,entropy,Groen & Verharding
BU00850105,0.18657728587218889,Groen_Verharding,entropy,Groen & Verharding
BU00850106,0.09957638355626762,Groen_Verharding,entropy,Groen & Verharding
BU00850107,0.21608544638235105,Groen_Verharding,entropy,Groen & Verharding
BU00850108,0.12467911630236583,Groen_Verharding,entropy,Groen & Verharding
BU00850109,0.1568522612312521,Groen_Verharding,entropy,Groen & Verharding
BU00850110,0.22980178203853996,Groen_Verharding,entropy,Groen & Verharding
BU00850111,0.10852313589326637,Groen_Verharding,entropy,Groen & Verharding
WK008502,0.05732970396899377,Groen_Verharding,entropy,Groen & Verharding
BU00850201,0.18186842385481267,Groen_Verharding,entropy,Groen & Verharding
BU00850202,0.21488314681786413,Groen_Verharding,entropy,Groen & Verharding
BU00850203,0.07152613470331547,Groen_Verharding,entropy,Groen & Verharding
WK008503,0.04715667362988962,Groen_Verharding,entropy,Groen & Verharding
BU00850301,0.15639670567952843,Groen_Verharding,entropy,Groen & Verharding
BU00850302,0.06586235799621493,Groen_Verharding,entropy,Groen & Verharding
WK008504,0.08316190308764242,Groen_Verharding,entropy,Groen & Verharding
BU00850401,0.1687665032321967,Groen_Verharding,entropy,Groen & Verharding
BU00850402,0.12618988626802063,Groen_Verharding,entropy,Groen & Verharding
WK008505,0.048998944490612095,Groen_Verharding,entropy,Groen & Verharding
BU00850501,0.08069372183831139,Groen_Verharding,entropy,Groen & Verharding
BU00850502,0.044381055379604205,Groen_Verharding,entropy,Groen & Verharding
WK008506,0.0948037409948118,Groen_Verharding,entropy,Groen & Verharding
BU00850601,0.11461545307744148,Groen_Verharding,entropy,Groen & Verharding
BU00850602,0.1087213660549636,Groen_Verharding,entropy,Groen & Verharding
BU00850603,0.12721497644540458,Groen_Verharding,entropy,Groen & Verharding
BU00850604,0.0994753835623979,Groen_Verharding,entropy,Groen & Verharding
BU00850605,0.10298780280303939,Groen_Verharding,entropy,Groen & Verharding
BU00850606,0.12129112750423815,Groen_Verharding,entropy,Groen & Verharding
BU00850607,0.13980185939404416,Groen_Verharding,entropy,Groen & Verharding
BU00850608,0.0479120312821296,Groen_Verharding,entropy,Groen & Verharding
WK008507,0.04475953360900111,Groen_Verharding,entropy,Groen & Verharding
BU00850701,0.09803482961306527,Groen_Verharding,entropy,Groen & Verharding
BU00850702,0.047198879910648195,Groen_Verharding,entropy,Groen & Verharding
WK008508,0.049088900556766006,Groen_Verharding,entropy,Groen & Verharding
BU00850801,0.18621020958927406,Groen_Verharding,entropy,Groen & Verharding
BU00850802,0.06756106643627716,Groen_Verharding,entropy,Groen & Verharding
WK008509,0.046478423067905186,Groen_Verharding,entropy,Groen & Verharding
BU00850901,0.13035298268240417,Groen_Verharding,entropy,Groen & Verharding
BU00850902,0.07596003685672152,Groen_Verharding,entropy,Groen & Verharding
WK008510,0.0533925339976572,Groen_Verharding,entropy,Groen & Verharding
BU00851001,0.18177299024389074,Groen_Verharding,entropy,Groen & Verharding
BU00851002,0.15914872610711586,Groen_Verharding,entropy,Groen & Verharding
BU00851003,0.07812761242672822,Groen_Verharding,entropy,Groen & Verharding
WK008511,0.18969810757179173,Groen_Verharding,entropy,Groen & Verharding
BU00851101,0.22112636597883112,Groen_Verharding,entropy,Groen & Verharding
BU00851102,0.20852967092772096,Groen_Verharding,entropy,Groen & Verharding
BU00851103,0.2363323533458163,Groen_Verharding,entropy,Groen & Verharding
BU00851104,0.20607414116467,Groen_Verharding,entropy,Groen & Verharding
BU00851105,0.189771219194518,Groen_Verharding,entropy,Groen & Verharding
BU00851106,0.21717048993364388,Groen_Verharding,entropy,Groen & Verharding
BU00851107,0.1776141443116438,Groen_Verharding,entropy,Groen & Verharding
BU00851108,0.23417591426954162,Groen_Verharding,entropy,Groen & Verharding
BU00851109,0.21969868319851552,Groen_Verharding,entropy,Groen & Verharding
BU00851110,0.20023786202129878,Groen_Verharding,entropy,Groen & Verharding
BU00851111,0.19472217708006376,Groen_Verharding,entropy,Groen & Verharding
BU00851112,0.2350672673692654,Groen_Verharding,entropy,Groen & Verharding
BU00851113,0.24533786801262059,Groen_Verharding,entropy,Groen & Verharding
BU00851114,0.23366843909756976,Groen_Verharding,entropy,Groen & Verharding
BU00851115,0.21689193251774824,Groen_Verharding,entropy,Groen & Verharding
BU00851116,0.23287840937294266,Groen_Verharding,entropy,Groen & Verharding
BU00851117,0.2051277636849983,Groen_Verharding,entropy,Groen & Verharding
BU00851118,0.06294534012659361,Groen_Verharding,entropy,Groen & Verharding
WK008512,0.03975833807102795,Groen_Verharding,entropy,Groen & Verharding
BU00851201,0.08030926764254322,Groen_Verharding,entropy,Groen & Verharding
BU00851202,0.16011322972919445,Groen_Verharding,entropy,Groen & Verharding
WK008513,0.05723032193149135,Groen_Verharding,entropy,Groen & Verharding
BU00851301,0.13296519354631173,Groen_Verharding,entropy,Groen & Verharding
BU00851302,0.03975054965983329,Groen_Verharding,entropy,Groen & Verharding
GM0086,0.18969810757179173,Groen_Verharding,entropy,Groen & Verharding
WK008601,0.0620587121647695,Groen_Verharding,entropy,Groen & Verharding
BU00860101,0.10460244908840262,Groen_Verharding,entropy,Groen & Verharding
BU00860102,0.1316436668958383,Groen_Verharding,entropy,Groen & Verharding
BU00860103,0.09463508388220396,Groen_Verharding,entropy,Groen & Verharding
WK008602,0.10387343861531403,Groen_Verharding,entropy,Groen & Verharding
BU00860201,0.20234861502738946,Groen_Verharding,entropy,Groen & Verharding
BU00860202,0.21916484038085923,Groen_Verharding,entropy,Groen & Verharding
BU00860203,0.22323560245339427,Groen_Verharding,entropy,Groen & Verharding
BU00860204,0.1596474637610343,Groen_Verharding,entropy,Groen & Verharding
BU00860205,0.21587324752885337,Groen_Verharding,entropy,Groen & Verharding
BU00860206,0.23122152712555263,Groen_Verharding,entropy,Groen & Verharding
BU00860207,0.21798801376875473,Groen_Verharding,entropy,Groen & Verharding
BU00860208,0.12035604393635926,Groen_Verharding,entropy,Groen & Verharding
BU00860209,0.13110441997766162,Groen_Verharding,entropy,Groen & Verharding
WK008604,0.05986762460653942,Groen_Verharding,entropy,Groen & Verharding
BU00860401,0.19132536335257472,Groen_Verharding,entropy,Groen & Verharding
BU00860402,0.03070931138348223,Groen_Verharding,entropy,Groen & Verharding
WK008605,0.1635479766467597,Groen_Verharding,entropy,Groen & Verharding
BU00860501,0.22513442522892743,Groen_Verharding,entropy,Groen & Verharding
BU00860502,0.205085943250998,Groen_Verharding,entropy,Groen & Verharding
BU00860503,0.2311906276154799,Groen_Verharding,entropy,Groen & Verharding
BU00860504,0.21656726318489322,Groen_Verharding,entropy,Groen & Verharding
BU00860505,0.20410511014627905,Groen_Verharding,entropy,Groen & Verharding
BU00860506,0.23917523303925972,Groen_Verharding,entropy,Groen & Verharding
BU00860507,0.21382198721129383,Groen_Verharding,entropy,Groen & Verharding
BU00860508,0.038373130576220695,Groen_Verharding,entropy,Groen & Verharding
WK008606,0.05692930099478921,Groen_Verharding,entropy,Groen & Verharding
BU00860601,0.16838467990548145,Groen_Verharding,entropy,Groen & Verharding
BU00860602,0.06905123109978005,Groen_Verharding,entropy,Groen & Verharding
WK008607,0.04454538362159123,Groen_Verharding,entropy,Groen & Verharding
BU00860701,0.18498622197627498,Groen_Verharding,entropy,Groen & Verharding
BU00860702,0.040475673636337424,Groen_Verharding,entropy,Groen & Verharding
WK008608,0.054172881225260046,Groen_Verharding,entropy,Groen & Verharding
BU00860801,0.16474819352356582,Groen_Verharding,entropy,Groen & Verharding
BU00860802,0.04613548733152416,Groen_Verharding,entropy,Groen & Verharding
WK008609,0.053377217245769,Groen_Verharding,entropy,Groen & Verharding
BU00860901,0.17404927532208347,Groen_Verharding,entropy,Groen & Verharding
BU00860902,0.06489053250461208,Groen_Verharding,entropy,Groen & Verharding
WK008610,0.049865877506726566,Groen_Verharding,entropy,Groen & Verharding
BU00861001,0.18854358413003813,Groen_Verharding,entropy,Groen & Verharding
BU00861002,0.050614660108593654,Groen_Verharding,entropy,Groen & Verharding
WK008611,0.0533925339976572,Groen_Verharding,entropy,Groen & Verharding
BU00861101,0.1693691848094331,Groen_Verharding,entropy,Groen & Verharding
BU00861102,0.05099457486504436,Groen_Verharding,entropy,Groen & Verharding
WK008613,0.06244508302979164,Groen_Verharding,entropy,Groen & Verharding
BU00861301,0.1055952388108409,Groen_Verharding,entropy,Groen & Verharding
BU00861302,0.030620077254454096,Groen_Verharding,entropy,Groen & Verharding
WK008614,0.05467250688884923,Groen_Verharding,entropy,Groen & Verharding
BU00861401,0.13910633726940022,Groen_Verharding,entropy,Groen & Verharding
BU00861402,0.06509798090655274,Groen_Verharding,entropy,Groen & Verharding
WK008615,0.06378494134001571,Groen_Verharding,entropy,Groen & Verharding
BU00861501,0.20318622838491385,Groen_Verharding,entropy,Groen & Verharding
BU00861502,0.057972063389824,Groen_Verharding,entropy,Groen & Verharding
WK008616,0.12025015759541934,Groen_Verharding,entropy,Groen & Verharding
BU00861601,0.22760972424460466,Groen_Verharding,entropy,Groen & Verharding
BU00861602,0.18754307856962457,Groen_Verharding,entropy,Groen & Verharding
BU00861603,0.21496595486090947,Groen_Verharding,entropy,Groen & Verharding
BU00861604,0.2277346544487157,Groen_Verharding,entropy,Groen & Verharding
BU00861605,0.21147984530752584,Groen_Verharding,entropy,Groen & Verharding
BU00861606,0.21576253346110671,Groen_Verharding,entropy,Groen & Verharding
BU00861607,0.05522873190048257,Groen_Verharding,entropy,Groen & Verharding
WK008617,0.06467681220236986,Groen_Verharding,entropy,Groen & Verharding
BU00861701,0.1697121002510771,Groen_Verharding,entropy,Groen & Verharding
BU00861702,0.16538045752783573,Groen_Verharding,entropy,Groen & Verharding
BU00861703,0.06440060869003177,Groen_Verharding,entropy,Groen & Verharding
GM0088,0.13096716758375002,Groen_Verharding,entropy,Groen & Verharding
WK008800,0.15962345629761363,Groen_Verharding,entropy,Groen & Verharding
BU00880000,0.15760684073594255,Groen_Verharding,entropy,Groen & Verharding
BU00880009,0.3974307035253212,Groen_Verharding,entropy,Groen & Verharding
GM0090,0.18969810757179173,Groen_Verharding,entropy,Groen & Verharding
WK009001,0.21778244873435754,Groen_Verharding,entropy,Groen & Verharding
BU00900101,0.22868270635711033,Groen_Verharding,entropy,Groen & Verharding
WK009002,0.16694431074104057,Groen_Verharding,entropy,Groen & Verharding
BU00900201,0.16239187641928365,Groen_Verharding,entropy,Groen & Verharding
BU00900202,0.23991314329151608,Groen_Verharding,entropy,Groen & Verharding
BU00900203,0.2056959775268491,Groen_Verharding,entropy,Groen & Verharding
BU00900204,0.24902484125441413,Groen_Verharding,entropy,Groen & Verharding
BU00900205,0.24895708190244306,Groen_Verharding,entropy,Groen & Verharding
BU00900206,0.2221264377932768,Groen_Verharding,entropy,Groen & Verharding
WK009003,0.18532811340940386,Groen_Verharding,entropy,Groen & Verharding
BU00900301,0.23931560646724936,Groen_Verharding,entropy,Groen & Verharding
BU00900302,0.2580624207022829,Groen_Verharding,entropy,Groen & Verharding
BU00900303,0.2339599315734188,Groen_Verharding,entropy,Groen & Verharding
BU00900304,0.20987264957660598,Groen_Verharding,entropy,Groen & Verharding
WK009004,0.17831643859883992,Groen_Verharding,entropy,Groen & Verharding
BU00900401,0.1751762466011115,Groen_Verharding,entropy,Groen & Verharding
BU00900402,0.20827042302637533,Groen_Verharding,entropy,Groen & Verharding
BU00900403,0.2553714590004419,Groen_Verharding,entropy,Groen & Verharding
BU00900404,0.2583872694952147,Groen_Verharding,entropy,Groen & Verharding
BU00900405,0.2532226361332656,Groen_Verharding,entropy,Groen & Verharding
BU00900406,0.2519934167301066,Groen_Verharding,entropy,Groen & Verharding
WK009005,0.23425207589823996,Groen_Verharding,entropy,Groen & Verharding
BU00900501,0.23659210913179163,Groen_Verharding,entropy,Groen & Verharding
BU00900502,0.23829373036941598,Groen_Verharding,entropy,Groen & Verharding
WK009006,0.23201681558229093,Groen_Verharding,entropy,Groen & Verharding
BU00900601,0.25378461955540804,Groen_Verharding,entropy,Groen & Verharding
BU00900602,0.2528537782008085,Groen_Verharding,entropy,Groen & Verharding
BU00900603,0.2153769356511252,Groen_Verharding,entropy,Groen & Verharding
WK009007,0.15133357342211154,Groen_Verharding,entropy,Groen & Verharding
BU00900701,0.1606426487614082,Groen_Verharding,entropy,Groen & Verharding
BU00900702,0.12357277605399455,Groen_Verharding,entropy,Groen & Verharding
BU00900703,0.14336235258566693,Groen_Verharding,entropy,Groen & Verharding
BU00900704,0.14184299115103874,Groen_Verharding,entropy,Groen & Verharding
BU00900705,0.10721024454587005,Groen_Verharding,entropy,Groen & Verharding
BU00900706,0.08807007688221859,Groen_Verharding,entropy,Groen & Verharding
WK009008,0.1729251432612558,Groen_Verharding,entropy,Groen & Verharding
BU00900801,0.23066832102483345,Groen_Verharding,entropy,Groen & Verharding
BU00900802,0.22062697812235424,Groen_Verharding,entropy,Groen & Verharding
BU00900803,0.17436131780466874,Groen_Verharding,entropy,Groen & Verharding
WK009009,0.23711033152085598,Groen_Verharding,entropy,Groen & Verharding
BU00900901,0.23572875448383174,Groen_Verharding,entropy,Groen & Verharding
BU00900902,0.22675183282298664,Groen_Verharding,entropy,Groen & Verharding
BU00900903,0.2550306127710811,Groen_Verharding,entropy,Groen & Verharding
BU00900904,0.22360029709531415,Groen_Verharding,entropy,Groen & Verharding
WK009010,0.2398124382777301,Groen_Verharding,entropy,Groen & Verharding
BU00901001,0.15062324683842873,Groen_Verharding,entropy,Groen & Verharding
BU00901002,0.22906603126510183,Groen_Verharding,entropy,Groen & Verharding
BU00901003,0.246104144708258,Groen_Verharding,entropy,Groen & Verharding
BU00901004,0.22943431728737684,Groen_Verharding,entropy,Groen & Verharding
WK009011,0.18352316156344375,Groen_Verharding,entropy,Groen & Verharding
BU00901101,0.19917503767544234,Groen_Verharding,entropy,Groen & Verharding
WK009012,0.08669505561703494,Groen_Verharding,entropy,Groen & Verharding
BU00901201,0.13869851919185244,Groen_Verharding,entropy,Groen & Verharding
BU00901202,0.0885947416315713,Groen_Verharding,entropy,Groen & Verharding
WK009013,0.20447966774723056,Groen_Verharding,entropy,Groen & Verharding
BU00901301,0.24875617187664484,Groen_Verharding,entropy,Groen & Verharding
BU00901302,0.2256780055084909,Groen_Verharding,entropy,Groen & Verharding
BU00901303,0.21276397042380632,Groen_Verharding,entropy,Groen & Verharding
WK009021,0.09632283253209976,Groen_Verharding,entropy,Groen & Verharding
BU00902104,0.04132314568922316,Groen_Verharding,entropy,Groen & Verharding
BU00902105,0.044542972094715354,Groen_Verharding,entropy,Groen & Verharding
BU00902109,0.05680558698205311,Groen_Verharding,entropy,Groen & Verharding
BU00902110,0.05355161617016743,Groen_Verharding,entropy,Groen & Verharding
BU00902114,0.06494651433970144,Groen_Verharding,entropy,Groen & Verharding
WK009022,0.064148808836307,Groen_Verharding,entropy,Groen & Verharding
BU00902201,0.052600987806835905,Groen_Verharding,entropy,Groen & Verharding
BU00902202,0.07037119796908504,Groen_Verharding,entropy,Groen & Verharding
BU00902203,0.21473954814053,Groen_Verharding,entropy,Groen & Verharding
BU00902206,0.06329395289958215,Groen_Verharding,entropy,Groen & Verharding
BU00902212,0.04413324190692888,Groen_Verharding,entropy,Groen & Verharding
BU00902213,0.046851739314722925,Groen_Verharding,entropy,Groen & Verharding
BU00902215,0.044870235629383415,Groen_Verharding,entropy,Groen & Verharding
BU00902216,0.07608808806960403,Groen_Verharding,entropy,Groen & Verharding
WK009023,0.0948037409948118,Groen_Verharding,entropy,Groen & Verharding
BU00902307,0.0436081030428993,Groen_Verharding,entropy,Groen & Verharding
BU00902308,0.042121974573313556,Groen_Verharding,entropy,Groen & Verharding
BU00902311,0.05218638019687319,Groen_Verharding,entropy,Groen & Verharding
GM1900,0.18969810757179173,Groen_Verharding,entropy,Groen & Verharding
WK190000,0.18969810757179173,Groen_Verharding,entropy,Groen & Verharding
BU19000000,0.2085631941931831,Groen_Verharding,entropy,Groen & Verharding
BU19000001,0.20441349569093722,Groen_Verharding,entropy,Groen & Verharding
BU19000002,0.23470174648446174,Groen_Verharding,entropy,Groen & Verharding
BU19000003,0.20724776755383553,Groen_Verharding,entropy,Groen & Verharding
BU19000004,0.2211714202266037,Groen_Verharding,entropy,Groen & Verharding
BU19000009,0.08879398872470619,Groen_Verharding,entropy,Groen & Verharding
WK190001,0.18969810757179173,Groen_Verharding,entropy,Groen & Verharding
BU19000101,0.18602621863378976,Groen_Verharding,entropy,Groen & Verharding
BU19000102,0.2306991111176363,Groen_Verharding,entropy,Groen & Verharding
BU19000103,0.19636530992687823,Groen_Verharding,entropy,Groen & Verharding
BU19000104,0.23148098651871488,Groen_Verharding,entropy,Groen & Verharding
BU19000105,0.18403062758608732,Groen_Verharding,entropy,Groen & Verharding
BU19000106,0.24768169427104472,Groen_Verharding,entropy,Groen & Verharding
BU19000107,0.2524162905869696,Groen_Verharding,entropy,Groen & Verharding
BU19000108,0.2166561131114668,Groen_Verharding,entropy,Groen & Verharding
BU19000109,0.22479259748635377,Groen_Verharding,entropy,Groen & Verharding
BU19000110,0.23726693657275022,Groen_Verharding,entropy,Groen & Verharding
BU19000111,0.20879994559096468,Groen_Verharding,entropy,Groen & Verharding
BU19000112,0.24159994939599674,Groen_Verharding,entropy,Groen & Verharding
BU19000113,0.1538489591135458,Groen_Verharding,entropy,Groen & Verharding
BU19000114,0.25641360337207597,Groen_Verharding,entropy,Groen & Verharding
BU19000115,0.25010533308468497,Groen_Verharding,entropy,Groen & Verharding
BU19000116,0.17601452020619657,Groen_Verharding,entropy,Groen & Verharding
BU19000117,0.13963999693133614,Groen_Verharding,entropy,Groen & Verharding
BU19000118,0.06386564163231408,Groen_Verharding,entropy,Groen & Verharding
BU19000119,0.07136920853993167,Groen_Verharding,entropy,Groen & Verharding
BU19000120,0.09929669464212852,Groen_Verharding,entropy,Groen & Verharding
WK190002,0.14686220172110753,Groen_Verharding,entropy,Groen & Verharding
BU19000200,0.17789746263785255,Groen_Verharding,entropy,Groen & Verharding
BU19000201,0.04668313704749602,Groen_Verharding,entropy,Groen & Verharding
BU19000202,0.1898250679079693,Groen_Verharding,entropy,Groen & Verharding
BU19000208,0.0506354187703522,Groen_Verharding,entropy,Groen & Verharding
BU19000209,0.08366308807387662,Groen_Verharding,entropy,Groen & Verharding
WK190003,0.0751431127809268,Groen_Verharding,entropy,Groen & Verharding
BU19000300,0.12998555267493095,Groen_Verharding,entropy,Groen & Verharding
BU19000301,0.04638180893052534,Groen_Verharding,entropy,Groen & Verharding
BU19000302,0.11072849346272093,Groen_Verharding,entropy,Groen & Verharding
BU19000308,0.07078803508479126,Groen_Verharding,entropy,Groen & Verharding
BU19000309,0.04787003900513018,Groen_Verharding,entropy,Groen & Verharding
WK190004,0.056775194261357756,Groen_Verharding,entropy,Groen & Verharding
BU19000400,0.10993159241076648,Groen_Verharding,entropy,Groen & Verharding
BU19000401,0.049624092909936024,Groen_Verharding,entropy,Groen & Verharding
BU19000402,0.04128518456854728,Groen_Verharding,entropy,Groen & Verharding
BU19000403,0.2305366080730175,Groen_Verharding,entropy,Groen & Verharding
BU19000408,0.07627848185403888,Groen_Verharding,entropy,Groen & Verharding
BU19000409,0.09412960064224175,Groen_Verharding,entropy,Groen & Verharding
WK190005,0.10869657065751757,Groen_Verharding,entropy,Groen & Verharding
BU19000500,0.12933520430444972,Groen_Verharding,entropy,Groen & Verharding
BU19000501,0.21170277328905315,Groen_Verharding,entropy,Groen & Verharding
BU19000502,0.2379060262246022,Groen_Verharding,entropy,Groen & Verharding
BU19000503,0.047404982499985635,Groen_Verharding,entropy,Groen & Verharding
WK190006,0.064148808836307,Groen_Verharding,entropy,Groen & Verharding
BU19000600,0.1979380403734371,Groen_Verharding,entropy,Groen & Verharding
BU19000602,0.11631028443629587,Groen_Verharding,entropy,Groen & Verharding
BU19000603,0.12247663127851588,Groen_Verharding,entropy,Groen & Verharding
BU19000607,0.07501074006606717,Groen_Verharding,entropy,Groen & Verharding
BU19000608,0.048656099209849805,Groen_Verharding,entropy,Groen & Verharding
BU19000609,0.05871659995894246,Groen_Verharding,entropy,Groen & Verharding
WK190007,0.06577364396546936,Groen_Verharding,entropy,Groen & Verharding
BU19000700,0.17014309298137445,Groen_Verharding,entropy,Groen & Verharding
BU19000701,0.11379838530894167,Groen_Verharding,entropy,Groen & Verharding
BU19000702,0.11919911769594126,Groen_Verharding,entropy,Groen & Verharding
BU19000706,0.042476669091540895,Groen_Verharding,entropy,Groen & Verharding
BU19000707,0.037230760627531834,Groen_Verharding,entropy,Groen & Verharding
BU19000708,0.0270024046953133,Groen_Verharding,entropy,Groen & Verharding
WK190008,0.06253376968571611,Groen_Verharding,entropy,Groen & Verharding
BU19000800,0.124191499133642,Groen_Verharding,entropy,Groen & Verharding
BU19000801,0.13812156770884515,Groen_Verharding,entropy,Groen & Verharding
BU19000802,0.04023934862087378,Groen_Verharding,entropy,Groen & Verharding
BU19000804,0.07255954298428983,Groen_Verharding,entropy,Groen & Verharding
BU19000808,0.056646654576172045,Groen_Verharding,entropy,Groen & Verharding
BU19000809,0.047496781897771276,Groen_Verharding,entropy,Groen & Verharding
WK190009,0.06467681220236986,Groen_Verharding,entropy,Groen & Verharding
BU19000900,0.10598649420551018,Groen_Verharding,entropy,Groen & Verharding
BU19000901,0.05770936647309435,Groen_Verharding,entropy,Groen & Verharding
BU19000902,0.046605631862447684,Groen_Verharding,entropy,Groen & Verharding
BU19000903,0.0853495143513315,Groen_Verharding,entropy,Groen & Verharding
BU19000904,0.07662662946903974,Groen_Verharding,entropy,Groen & Verharding
BU19000905,0.05822348189189688,Groen_Verharding,entropy,Groen & Verharding
BU19000906,0.032540507977302235,Groen_Verharding,entropy,Groen & Verharding
BU19000907,0.04320556052971414,Groen_Verharding,entropy,Groen & Verharding
BU19000908,0.05366550074724311,Groen_Verharding,entropy,Groen & Verharding
BU19000909,0.03843364509982427,Groen_Verharding,entropy,Groen & Verharding
WK190010,0.0533925339976572,Groen_Verharding,entropy,Groen & Verharding
BU19001000,0.09630003647131616,Groen_Verharding,entropy,Groen & Verharding
BU19001001,0.13080388127117132,Groen_Verharding,entropy,Groen & Verharding
BU19001002,0.04234542641055978,Groen_Verharding,entropy,Groen & Verharding
BU19001003,0.0405951704126285,Groen_Verharding,entropy,Groen & Verharding
BU19001007,0.03813770878224939,Groen_Verharding,entropy,Groen & Verharding
BU19001008,0.05826605538466645,Groen_Verharding,entropy,Groen & Verharding
WK190011,0.05741304372817417,Groen_Verharding,entropy,Groen & Verharding
BU19001100,0.17366885437228374,Groen_Verharding,entropy,Groen & Verharding
BU19001101,0.1300716309192133,Groen_Verharding,entropy,Groen & Verharding
BU19001108,0.06968803227804268,Groen_Verharding,entropy,Groen & Verharding
BU19001109,0.07848635733290876,Groen_Verharding,entropy,Groen & Verharding
WK190012,0.05755103512708369,Groen_Verharding,entropy,Groen & Verharding
BU19001200,0.17073070133860208,Groen_Verharding,entropy,Groen & Verharding
BU19001201,0.04740844195965392,Groen_Verharding,entropy,Groen & Verharding
BU19001202,0.04290033052360965,Groen_Verharding,entropy,Groen & Verharding
BU19001203,0.03916575684702879,Groen_Verharding,entropy,Groen & Verharding
BU19001204,0.055332955093786,Groen_Verharding,entropy,Groen & Verharding
BU19001208,0.03513803748996078,Groen_Verharding,entropy,Groen & Verharding
BU19001209,0.04121495355839812,Groen_Verharding,entropy,Groen & Verharding
WK190013,0.064148808836307,Groen_Verharding,entropy,Groen & Verharding
BU19001300,0.14704514608114294,Groen_Verharding,entropy,Groen & Verharding
BU19001301,0.13830327765626227,Groen_Verharding,entropy,Groen & Verharding
BU19001302,0.10672227564795067,Groen_Verharding,entropy,Groen & Verharding
BU19001303,0.10287869318633533,Groen_Verharding,entropy,Groen & Verharding
BU19001306,0.06220433130348288,Groen_Verharding,entropy,Groen & Verharding
BU19001307,0.05062034200563734,Groen_Verharding,entropy,Groen & Verharding
BU19001308,0.05254089444616682,Groen_Verharding,entropy,Groen & Verharding
BU19001309,0.0451568519890321,Groen_Verharding,entropy,Groen & Verharding
WK190014,0.06655555699365508,Groen_Verharding,entropy,Groen & Verharding
BU19001400,0.09766161468338408,Groen_Verharding,entropy,Groen & Verharding
BU19001401,0.09975538836923503,Groen_Verharding,entropy,Groen & Verharding
BU19001402,0.03901372277003052,Groen_Verharding,entropy,Groen & Verharding
BU19001403,0.056868570003605706,Groen_Verharding,entropy,Groen & Verharding
BU19001404,0.08932228246726345,Groen_Verharding,entropy,Groen & Verharding
BU19001405,0.03980754958885933,Groen_Verharding,entropy,Groen & Verharding
BU19001406,0.042012498139975075,Groen_Verharding,entropy,Groen & Verharding
BU19001407,0.03889259580167707,Groen_Verharding,entropy,Groen & Verharding
BU19001408,0.06332781235150257,Groen_Verharding,entropy,Groen & Verharding
BU19001409,0.04608899194758451,Groen_Verharding,entropy,Groen & Verharding
WK190015,0.05479555828302699,Groen_Verharding,entropy,Groen & Verharding
BU19001500,0.1384668704931284,Groen_Verharding,entropy,Groen & Verharding
BU19001501,0.05314408239280055,Groen_Verharding,entropy,Groen & Verharding
BU19001502,0.04796690920781915,Groen_Verharding,entropy,Groen & Verharding
BU19001503,0.31353631317550745,Groen_Verharding,entropy,Groen & Verharding
BU19001509,0.15205409990608085,Groen_Verharding,entropy,Groen & Verharding
WK190016,0.06467681220236986,Groen_Verharding,entropy,Groen & Verharding
BU19001600,0.10393050149091757,Groen_Verharding,entropy,Groen & Verharding
BU19001601,0.03622230993319876,Groen_Verharding,entropy,Groen & Verharding
BU19001602,0.0411296219364987,Groen_Verharding,entropy,Groen & Verharding
BU19001603,0.11612519279683933,Groen_Verharding,entropy,Groen & Verharding
BU19001604,0.15687355198840633,Groen_Verharding,entropy,Groen & Verharding
BU19001606,0.05106879792196067,Groen_Verharding,entropy,Groen & Verharding
BU19001607,0.041682803593891996,Groen_Verharding,entropy,Groen & Verharding
BU19001608,0.04167693478241785,Groen_Verharding,entropy,Groen & Verharding
WK190017,0.10869657065751757,Groen_Verharding,entropy,Groen & Verharding
BU19001700,0.205091104256861,Groen_Verharding,entropy,Groen & Verharding
BU19001709,0.04700440617621839,Groen_Verharding,entropy,Groen & Verharding
WK190018,0.05849156533079234,Groen_Verharding,entropy,Groen & Verharding
BU19001800,0.1361321694065974,Groen_Verharding,entropy,Groen & Verharding
BU19001801,0.044273451507895835,Groen_Verharding,entropy,Groen & Verharding
BU19001802,0.0671698180240644,Groen_Verharding,entropy,Groen & Verharding
BU19001803,0.09150883871387856,Groen_Verharding,entropy,Groen & Verharding
BU19001804,0.10263488154263968,Groen_Verharding,entropy,Groen & Verharding
BU19001808,0.038142842439449674,Groen_Verharding,entropy,Groen & Verharding
BU19001809,0.061866363779429195,Groen_Verharding,entropy,Groen & Verharding
WK190019,0.05262242208581301,Groen_Verharding,entropy,Groen & Verharding
BU19001900,0.06327615254407781,Groen_Verharding,entropy,Groen & Verharding
BU19001901,0.042352557986860086,Groen_Verharding,entropy,Groen & Verharding
BU19001902,0.07266853664202517,Groen_Verharding,entropy,Groen & Verharding
BU19001903,0.04829545422843862,Groen_Verharding,entropy,Groen & Verharding
BU19001904,0.04851033035392537,Groen_Verharding,entropy,Groen & Verharding
WK190020,0.09864059388987911,Groen_Verharding,entropy,Groen & Verharding
BU19002001,0.16961595631532342,Groen_Verharding,entropy,Groen & Verharding
BU19002002,0.1404067207134866,Groen_Verharding,entropy,Groen & Verharding
BU19002003,0.039700850939517175,Groen_Verharding,entropy,Groen & Verharding
BU19002004,0.04772733165422603,Groen_Verharding,entropy,Groen & Verharding
BU19002005,0.03385021962614953,Groen_Verharding,entropy,Groen & Verharding
BU19002006,0.037880246627804155,Groen_Verharding,entropy,Groen & Verharding
BU19002007,0.04330086208694383,Groen_Verharding,entropy,Groen & Verharding
BU19002008,0.03761862787966077,Groen_Verharding,entropy,Groen & Verharding
BU19002009,0.036487650654584786,Groen_Verharding,entropy,Groen & Verharding
BU19002010,0.03480790169616367,Groen_Verharding,entropy,Groen & Verharding
BU19002011,0.03986600055494915,Groen_Verharding,entropy,Groen & Verharding
BU19002012,0.07964105817359832,Groen_Verharding,entropy,Groen & Verharding
BU19002013,0.04143242079523715,Groen_Verharding,entropy,Groen & Verharding
BU19002014,0.04368395423313896,Groen_Verharding,entropy,Groen & Verharding
BU19002015,0.04655765556130902,Groen_Verharding,entropy,Groen & Verharding
BU19002016,0.051724376951418564,Groen_Verharding,entropy,Groen & Verharding
BU19002017,0.07822882249898742,Groen_Verharding,entropy,Groen & Verharding
BU19002018,0.04506232144337322,Groen_Verharding,entropy,Groen & Verharding
BU19002019,0.040107240439060464,Groen_Verharding,entropy,Groen & Verharding
GM0093,0.05981702055026599,Groen_Verharding,entropy,Groen & Verharding
WK009300,0.064148808836307,Groen_Verharding,entropy,Groen & Verharding
BU00930000,0.19712087168309766,Groen_Verharding,entropy,Groen & Verharding
BU00930002,0.4171833017753377,Groen_Verharding,entropy,Groen & Verharding
WK009301,0.06379199299783096,Groen_Verharding,entropy,Groen & Verharding
BU00930110,0.18731487059262705,Groen_Verharding,entropy,Groen & Verharding
BU00930111,0.07733057230494561,Groen_Verharding,entropy,Groen & Verharding
BU00930112,0.3190673480502398,Groen_Verharding,entropy,Groen & Verharding
WK009302,0.053733034350417604,Groen_Verharding,entropy,Groen & Verharding
BU00930213,0.13101742510450298,Groen_Verharding,entropy,Groen & Verharding
BU00930214,0.05941949493616318,Groen_Verharding,entropy,Groen & Verharding
BU00930215,0.10097964902000951,Groen_Verharding,entropy,Groen & Verharding
WK009303,0.05228122048386476,Groen_Verharding,entropy,Groen & Verharding
BU00930316,0.09265764016561454,Groen_Verharding,entropy,Groen & Verharding
BU00930317,0.053046863026718044,Groen_Verharding,entropy,Groen & Verharding
WK009304,0.055277588611108285,Groen_Verharding,entropy,Groen & Verharding
BU00930418,0.6452603128668082,Groen_Verharding,entropy,Groen & Verharding
BU00930419,0.11075177970130626,Groen_Verharding,entropy,Groen & Verharding
BU00930420,0.0601139368940999,Groen_Verharding,entropy,Groen & Verharding
WK009305,0.16798605463244148,Groen_Verharding,entropy,Groen & Verharding
BU00930521,0.09724247676845756,Groen_Verharding,entropy,Groen & Verharding
BU00930522,0.07301287479609213,Groen_Verharding,entropy,Groen & Verharding
BU00930523,0.062398308080728215,Groen_Verharding,entropy,Groen & Verharding
GM0737,0.18969810757179173,Groen_Verharding,entropy,Groen & Verharding
WK073700,0.18969810757179173,Groen_Verharding,entropy,Groen & Verharding
BU07370000,0.18953166950780875,Groen_Verharding,entropy,Groen & Verharding
BU07370009,0.06481460578427078,Groen_Verharding,entropy,Groen & Verharding
WK073701,0.09071641966125712,Groen_Verharding,entropy,Groen & Verharding
BU07370100,0.07755171915576248,Groen_Verharding,entropy,Groen & Verharding
BU07370101,0.11063072525846146,Groen_Verharding,entropy,Groen & Verharding
BU07370102,0.03505439766350008,Groen_Verharding,entropy,Groen & Verharding
BU07370108,0.04435858941935214,Groen_Verharding,entropy,Groen & Verharding
BU07370109,0.047387579653890365,Groen_Verharding,entropy,Groen & Verharding
WK073702,0.09071641966125712,Groen_Verharding,entropy,Groen & Verharding
BU07370200,0.11208684898182897,Groen_Verharding,entropy,Groen & Verharding
BU07370201,0.11853984403007509,Groen_Verharding,entropy,Groen & Verharding
BU07370208,0.05340669386989925,Groen_Verharding,entropy,Groen & Verharding
BU07370209,0.036404694918957294,Groen_Verharding,entropy,Groen & Verharding
WK073703,0.05610312741271321,Groen_Verharding,entropy,Groen & Verharding
BU07370300,0.07564972257188751,Groen_Verharding,entropy,Groen & Verharding
BU07370309,0.06981228530904149,Groen_Verharding,entropy,Groen & Verharding
WK073704,0.056775194261357756,Groen_Verharding,entropy,Groen & Verharding
BU07370400,0.06948106893564869,Groen_Verharding,entropy,Groen & Verharding
BU07370401,0.0557598710589703,Groen_Verharding,entropy,Groen & Verharding
BU07370408,0.046718047865579725,Groen_Verharding,entropy,Groen & Verharding
BU07370409,0.03152100681207737,Groen_Verharding,entropy,Groen & Verharding
WK073705,0.058388238461177654,Groen_Verharding,entropy,Groen & Verharding
BU07370500,0.15322394791169772,Groen_Verharding,entropy,Groen & Verharding
BU07370501,0.11567806946855379,Groen_Verharding,entropy,Groen & Verharding
BU07370508,0.07131085125339819,Groen_Verharding,entropy,Groen & Verharding
BU07370509,0.07582778234379871,Groen_Verharding,entropy,Groen & Verharding
WK073706,0.05973701093470379,Groen_Verharding,entropy,Groen & Verharding
BU07370600,0.15310334530320152,Groen_Verharding,entropy,Groen & Verharding
BU07370609,0.04119351796442943,Groen_Verharding,entropy,Groen & Verharding
WK073707,0.064148808836307,Groen_Verharding,entropy,Groen & Verharding
BU07370700,0.0540484303008844,Groen_Verharding,entropy,Groen & Verharding
BU07370701,0.09700586473923495,Groen_Verharding,entropy,Groen & Verharding
BU07370708,0.04104617434514776,Groen_Verharding,entropy,Groen & Verharding
BU07370709,0.04992810846668186,Groen_Verharding,entropy,Groen & Verharding
WK073708,0.09775544169236752,Groen_Verharding,entropy,Groen & Verharding
BU07370800,0.13442550536642744,Groen_Verharding,entropy,Groen & Verharding
BU07370809,0.08851401908635416,Groen_Verharding,entropy,Groen & Verharding
WK073709,0.1442647502609328,Groen_Verharding,entropy,Groen & Verharding
BU07370900,0.12960629973936624,Groen_Verharding,entropy,Groen & Verharding
BU07370909,0.0512349708037903,Groen_Verharding,entropy,Groen & Verharding
GM0096,0.13096716758375002,Groen_Verharding,entropy,Groen & Verharding
WK009600,0.1349959513186228,Groen_Verharding,entropy,Groen & Verharding
BU00960000,0.1895191650484017,Groen_Verharding,entropy,Groen & Verharding
BU00960009,0.1896632524998434,Groen_Verharding,entropy,Groen & Verharding
GM1949,0.18969810757179173,Groen_Verharding,entropy,Groen & Verharding
WK194915,0.05971484876556673,Groen_Verharding,entropy,Groen & Verharding
BU19491500,0.02968636099876685,Groen_Verharding,entropy,Groen & Verharding
BU19491501,0.18630355104400234,Groen_Verharding,entropy,Groen & Verharding
WK194916,0.11314752241328382,Groen_Verharding,entropy,Groen & Verharding
BU19491600,0.038357011233538255,Groen_Verharding,entropy,Groen & Verharding
BU19491601,0.18145771138823444,Groen_Verharding,entropy,Groen & Verharding
BU19491602,0.20598972195604237,Groen_Verharding,entropy,Groen & Verharding
BU19491603,0.17983894672340514,Groen_Verharding,entropy,Groen & Verharding
BU19491604,0.22883156632734533,Groen_Verharding,entropy,Groen & Verharding
BU19491605,0.2176832635939231,Groen_Verharding,entropy,Groen & Verharding
BU19491606,0.18496350169603412,Groen_Verharding,entropy,Groen & Verharding
WK194917,0.05165033522800644,Groen_Verharding,entropy,Groen & Verharding
BU19491700,0.03923925760611106,Groen_Verharding,entropy,Groen & Verharding
WK194918,0.10232010759499173,Groen_Verharding,entropy,Groen & Verharding
BU19491800,0.04696836007541294,Groen_Verharding,entropy,Groen & Verharding
BU19491801,0.18203992925949905,Groen_Verharding,entropy,Groen & Verharding
BU19491802,0.20914523605171886,Groen_Verharding,entropy,Groen & Verharding
BU19491803,0.1954054780205814,Groen_Verharding,entropy,Groen & Verharding
BU19491804,0.09231998554748823,Groen_Verharding,entropy,Groen & Verharding
WK194919,0.06897292878196473,Groen_Verharding,entropy,Groen & Verharding
BU19491900,0.06408766981735492,Groen_Verharding,entropy,Groen & Verharding
BU19491901,0.19906699137963726,Groen_Verharding,entropy,Groen & Verharding
WK194920,0.05734707724503395,Groen_Verharding,entropy,Groen & Verharding
BU19492000,0.0536180619655391,Groen_Verharding,entropy,Groen & Verharding
BU19492001,0.16502793168496113,Groen_Verharding,entropy,Groen & Verharding
WK194921,0.0470717507621645,Groen_Verharding,entropy,Groen & Verharding
BU19492100,0.036445740816838386,Groen_Verharding,entropy,Groen & Verharding
WK194922,0.03885222594657621,Groen_Verharding,entropy,Groen & Verharding
BU19492200,0.03802478541072645,Groen_Verharding,entropy,Groen & Verharding
WK194923,0.061519610226965546,Groen_Verharding,entropy,Groen & Verharding
BU19492300,0.06091260650477391,Groen_Verharding,entropy,Groen & Verharding
BU19492301,0.1859217742398587,Groen_Verharding,entropy,Groen & Verharding
WK194924,0.05986762460653942,Groen_Verharding,entropy,Groen & Verharding
BU19492400,0.04038714056778039,Groen_Verharding,entropy,Groen & Verharding
BU19492401,0.18613589592201452,Groen_Verharding,entropy,Groen & Verharding
WK194925,0.05505317312514766,Groen_Verharding,entropy,Groen & Verharding
BU19492500,0.05749227961788143,Groen_Verharding,entropy,Groen & Verharding
BU19492501,0.184763254444845,Groen_Verharding,entropy,Groen & Verharding
WK194926,0.0948037409948118,Groen_Verharding,entropy,Groen & Verharding
BU19492600,0.05448128274290223,Groen_Verharding,entropy,Groen & Verharding
BU19492601,0.14900381195204293,Groen_Verharding,entropy,Groen & Verharding
BU19492602,0.16078711775643467,Groen_Verharding,entropy,Groen & Verharding
BU19492603,0.1938578236172407,Groen_Verharding,entropy,Groen & Verharding
BU19492604,0.18354470781336263,Groen_Verharding,entropy,Groen & Verharding
WK194927,0.04715834014249935,Groen_Verharding,entropy,Groen & Verharding
BU19492700,0.049229604252725156,Groen_Verharding,entropy,Groen & Verharding
WK194928,0.18969810757179173,Groen_Verharding,entropy,Groen & Verharding
BU19492800,0.06013132706136308,Groen_Verharding,entropy,Groen & Verharding
BU19492801,0.11746683970103913,Groen_Verharding,entropy,Groen & Verharding
BU19492802,0.20633869835076782,Groen_Verharding,entropy,Groen & Verharding
BU19492803,0.19957865167545652,Groen_Verharding,entropy,Groen & Verharding
BU19492804,0.2481069780609875,Groen_Verharding,entropy,Groen & Verharding
BU19492805,0.12754021960493062,Groen_Verharding,entropy,Groen & Verharding
BU19492806,0.18780797803303056,Groen_Verharding,entropy,Groen & Verharding
BU19492807,0.1842459973009061,Groen_Verharding,entropy,Groen & Verharding
BU19492808,0.2344972470450762,Groen_Verharding,entropy,Groen & Verharding
BU19492809,0.2426489152611476,Groen_Verharding,entropy,Groen & Verharding
BU19492810,0.16282107827989092,Groen_Verharding,entropy,Groen & Verharding
BU19492811,0.24752228701252965,Groen_Verharding,entropy,Groen & Verharding
BU19492812,0.21909772479764017,Groen_Verharding,entropy,Groen & Verharding
BU19492813,0.24849717052707643,Groen_Verharding,entropy,Groen & Verharding
BU19492814,0.2075438181864737,Groen_Verharding,entropy,Groen & Verharding
BU19492815,0.23877601156317974,Groen_Verharding,entropy,Groen & Verharding
BU19492816,0.20220014162939562,Groen_Verharding,entropy,Groen & Verharding
BU19492817,0.18258800635482578,Groen_Verharding,entropy,Groen & Verharding
WK194929,0.05553805290888753,Groen_Verharding,entropy,Groen & Verharding
BU19492900,0.06689412690134154,Groen_Verharding,entropy,Groen & Verharding
WK194930,0.04454866612612744,Groen_Verharding,entropy,Groen & Verharding
BU19493000,0.03725728235999705,Groen_Verharding,entropy,Groen & Verharding
WK194931,0.0634060809262134,Groen_Verharding,entropy,Groen & Verharding
BU19493100,0.04427025517025035,Groen_Verharding,entropy,Groen & Verharding
BU19493101,0.17193339154468698,Groen_Verharding,entropy,Groen & Verharding
WK194932,0.05432115045117378,Groen_Verharding,entropy,Groen & Verharding
BU19493200,0.03678313096081272,Groen_Verharding,entropy,Groen & Verharding
BU19493201,0.1925902086388091,Groen_Verharding,entropy,Groen & Verharding
BU19493202,0.20685719779297018,Groen_Verharding,entropy,Groen & Verharding
WK194933,0.04726512285211917,Groen_Verharding,entropy,Groen & Verharding
BU19493300,0.04057189070384544,Groen_Verharding,entropy,Groen & Verharding
WK194934,0.05575905174547136,Groen_Verharding,entropy,Groen & Verharding
BU19493400,0.06426395910774485,Groen_Verharding,entropy,Groen & Verharding
BU19493401,0.1707984619466976,Groen_Verharding,entropy,Groen & Verharding
WK194935,0.09071641966125712,Groen_Verharding,entropy,Groen & Verharding
BU19493500,0.06313401763680464,Groen_Verharding,entropy,Groen & Verharding
BU19493501,0.15892443509008036,Groen_Verharding,entropy,Groen & Verharding
BU19493502,0.18204379609664784,Groen_Verharding,entropy,Groen & Verharding
BU19493503,0.21261971437294166,Groen_Verharding,entropy,Groen & Verharding
WK194936,0.0655005967708105,Groen_Verharding,entropy,Groen & Verharding
BU19493600,0.05339394935825702,Groen_Verharding,entropy,Groen & Verharding
BU19493601,0.17634004504732456,Groen_Verharding,entropy,Groen & Verharding
BU19493602,0.1612521515319763,Groen_Verharding,entropy,Groen & Verharding
BU19493603,0.20679343273476308,Groen_Verharding,entropy,Groen & Verharding
WK194937,0.1666729894312325,Groen_Verharding,entropy,Groen & Verharding
BU19493700,0.17113398638310282,Groen_Verharding,entropy,Groen & Verharding
WK194938,0.04987657849711845,Groen_Verharding,entropy,Groen & Verharding
BU19493800,0.04462687615164158,Groen_Verharding,entropy,Groen & Verharding
BU19493801,0.19039335835736915,Groen_Verharding,entropy,Groen & Verharding
WK194939,0.05467250688884923,Groen_Verharding,entropy,Groen & Verharding
BU19493900,0.029963508748000217,Groen_Verharding,entropy,Groen & Verharding
BU19493901,0.15611906437034595,Groen_Verharding,entropy,Groen & Verharding
WK194940,0.046751136954056215,Groen_Verharding,entropy,Groen & Verharding
BU19494000,0.05140337494251695,Groen_Verharding,entropy,Groen & Verharding
WK194941,0.050877331152307435,Groen_Verharding,entropy,Groen & Verharding
BU19494100,0.04651283499529279,Groen_Verharding,entropy,Groen & Verharding
WK194942,0.06346303785248777,Groen_Verharding,entropy,Groen & Verharding
BU19494200,0.04303676522247363,Groen_Verharding,entropy,Groen & Verharding
BU19494201,0.19210519796756767,Groen_Verharding,entropy,Groen & Verharding
WK194943,0.042426185679443354,Groen_Verharding,entropy,Groen & Verharding
BU19494300,0.05113996872405461,Groen_Verharding,entropy,Groen & Verharding
WK194944,0.0655005967708105,Groen_Verharding,entropy,Groen & Verharding
BU19494400,0.04037790286746771,Groen_Verharding,entropy,Groen & Verharding
BU19494401,0.214390128947642,Groen_Verharding,entropy,Groen & Verharding
BU19494402,0.06909899004658067,Groen_Verharding,entropy,Groen & Verharding
BU19494403,0.03910608752132256,Groen_Verharding,entropy,Groen & Verharding
WK194945,0.04368450654270977,Groen_Verharding,entropy,Groen & Verharding
BU19494500,0.040525242920372684,Groen_Verharding,entropy,Groen & Verharding
WK194946,0.041442287256618734,Groen_Verharding,entropy,Groen & Verharding
BU19494600,0.03815230805161076,Groen_Verharding,entropy,Groen & Verharding
WK194947,0.05128641069869713,Groen_Verharding,entropy,Groen & Verharding
BU19494700,0.028198355064835038,Groen_Verharding,entropy,Groen & Verharding
BU19494701,0.16106756867557923,Groen_Verharding,entropy,Groen & Verharding
WK194948,0.05430666120652622,Groen_Verharding,entropy,Groen & Verharding
BU19494800,0.055095667452776845,Groen_Verharding,entropy,Groen & Verharding
BU19494801,0.18659846174846745,Groen_Verharding,entropy,Groen & Verharding
WK194949,0.05973701093470379,Groen_Verharding,entropy,Groen & Verharding
BU19494900,0.028167448785841365,Groen_Verharding,entropy,Groen & Verharding
BU19494901,0.19154789041339043,Groen_Verharding,entropy,Groen & Verharding
BU19494902,0.19184677996233912,Groen_Verharding,entropy,Groen & Verharding
WK194950,0.05694989565355896,Groen_Verharding,entropy,Groen & Verharding
BU19495000,0.03709185588077265,Groen_Verharding,entropy,Groen & Verharding
BU19495001,0.19805376786174375,Groen_Verharding,entropy,Groen & Verharding
WK194951,0.04676012119847719,Groen_Verharding,entropy,Groen & Verharding
BU19495100,0.035339773908409,Groen_Verharding,entropy,Groen & Verharding
WK194952,0.0551887796001557,Groen_Verharding,entropy,Groen & Verharding
BU19495200,0.06932162043369486,Groen_Verharding,entropy,Groen & Verharding
WK194953,0.05621604321620659,Groen_Verharding,entropy,Groen & Verharding
BU19495300,0.07061639948953394,Groen_Verharding,entropy,Groen & Verharding
BU19495301,0.2074974373354756,Groen_Verharding,entropy,Groen & Verharding
BU19495302,0.20432594810977323,Groen_Verharding,entropy,Groen & Verharding
WK194954,0.05448607430309597,Groen_Verharding,entropy,Groen & Verharding
BU19495400,0.04433345937020243,Groen_Verharding,entropy,Groen & Verharding
BU19495401,0.17393411683695115,Groen_Verharding,entropy,Groen & Verharding
WK194955,0.04616463983378379,Groen_Verharding,entropy,Groen & Verharding
BU19495500,0.05564341125283849,Groen_Verharding,entropy,Groen & Verharding
GM0098,0.18969810757179173,Groen_Verharding,entropy,Groen & Verharding
WK009800,0.18969810757179173,Groen_Verharding,entropy,Groen & Verharding
BU00980001,0.17210973592196344,Groen_Verharding,entropy,Groen & Verharding
BU00980002,0.18005889761918475,Groen_Verharding,entropy,Groen & Verharding
BU00980003,0.14522115452330786,Groen_Verharding,entropy,Groen & Verharding
BU00980004,0.23343575662952534,Groen_Verharding,entropy,Groen & Verharding
BU00980005,0.2231287205641566,Groen_Verharding,entropy,Groen & Verharding
BU00980006,0.2244273068461184,Groen_Verharding,entropy,Groen & Verharding
BU00980007,0.24936386034482055,Groen_Verharding,entropy,Groen & Verharding
BU00980008,0.23517317818266673,Groen_Verharding,entropy,Groen & Verharding
BU00980009,0.2105124761515815,Groen_Verharding,entropy,Groen & Verharding
BU00980010,0.23517155029712097,Groen_Verharding,entropy,Groen & Verharding
BU00980011,0.21466805426269658,Groen_Verharding,entropy,Groen & Verharding
BU00980012,0.24677154793747647,Groen_Verharding,entropy,Groen & Verharding
BU00980013,0.2282584175638653,Groen_Verharding,entropy,Groen & Verharding
BU00980014,0.21206968130523346,Groen_Verharding,entropy,Groen & Verharding
BU00980015,0.20541888863100005,Groen_Verharding,entropy,Groen & Verharding
BU00980016,0.23654408023611467,Groen_Verharding,entropy,Groen & Verharding
BU00980017,0.22203180223870686,Groen_Verharding,entropy,Groen & Verharding
BU00980018,0.11153681974202503,Groen_Verharding,entropy,Groen & Verharding
BU00980019,0.21025040682494797,Groen_Verharding,entropy,Groen & Verharding
BU00980020,0.18131397592712126,Groen_Verharding,entropy,Groen & Verharding
BU00980021,0.147928042712946,Groen_Verharding,entropy,Groen & Verharding
WK009801,0.0550657351266169,Groen_Verharding,entropy,Groen & Verharding
BU00980101,0.045061949254370494,Groen_Verharding,entropy,Groen & Verharding
BU00980102,0.051641432403324986,Groen_Verharding,entropy,Groen & Verharding
BU00980103,0.13214390790954944,Groen_Verharding,entropy,Groen & Verharding
BU00980104,0.03262667582645036,Groen_Verharding,entropy,Groen & Verharding
WK009802,0.08709776110009851,Groen_Verharding,entropy,Groen & Verharding
BU00980201,0.04167083939212214,Groen_Verharding,entropy,Groen & Verharding
BU00980202,0.04978666753386439,Groen_Verharding,entropy,Groen & Verharding
WK009803,0.06253376968571611,Groen_Verharding,entropy,Groen & Verharding
BU00980301,0.09127267308451517,Groen_Verharding,entropy,Groen & Verharding
BU00980302,0.04571334965459897,Groen_Verharding,entropy,Groen & Verharding
BU00980303,0.11220885250640672,Groen_Verharding,entropy,Groen & Verharding
BU00980304,0.04407374402142489,Groen_Verharding,entropy,Groen & Verharding
BU00980305,0.1486987361544389,Groen_Verharding,entropy,Groen & Verharding
WK009804,0.053491504848023855,Groen_Verharding,entropy,Groen & Verharding
BU00980401,0.10964878713076677,Groen_Verharding,entropy,Groen & Verharding
BU00980402,0.04230854935423162,Groen_Verharding,entropy,Groen & Verharding
BU00980403,0.03916281354709675,Groen_Verharding,entropy,Groen & Verharding
WK009805,0.04804624111295278,Groen_Verharding,entropy,Groen & Verharding
BU00980501,0.03712362697665767,Groen_Verharding,entropy,Groen & Verharding
BU00980502,0.0361128318260181,Groen_Verharding,entropy,Groen & Verharding
WK009806,0.04722052731416607,Groen_Verharding,entropy,Groen & Verharding
BU00980601,0.0691839714890482,Groen_Verharding,entropy,Groen & Verharding
BU00980602,0.03474864624838763,Groen_Verharding,entropy,Groen & Verharding
WK009807,0.05259802724714041,Groen_Verharding,entropy,Groen & Verharding
BU00980701,0.05540552943973174,Groen_Verharding,entropy,Groen & Verharding
BU00980702,0.08347552661921451,Groen_Verharding,entropy,Groen & Verharding
WK009808,0.056317285547176785,Groen_Verharding,entropy,Groen & Verharding
BU00980801,0.06608826741191222,Groen_Verharding,entropy,Groen & Verharding
BU00980802,0.03243368245702898,Groen_Verharding,entropy,Groen & Verharding
WK009809,0.05680252270163637,Groen_Verharding,entropy,Groen & Verharding
BU00980901,0.0856384777208309,Groen_Verharding,entropy,Groen & Verharding
BU00980902,0.04163283152853817,Groen_Verharding,entropy,Groen & Verharding
BU00980903,0.03578603375777005,Groen_Verharding,entropy,Groen & Verharding
WK009810,0.10387343861531403,Groen_Verharding,entropy,Groen & Verharding
BU00981001,0.124183037510524,Groen_Verharding,entropy,Groen & Verharding
BU00981002,0.0771500254500598,Groen_Verharding,entropy,Groen & Verharding
BU00981003,0.12021436283308533,Groen_Verharding,entropy,Groen & Verharding
BU00981004,0.14458446789414015,Groen_Verharding,entropy,Groen & Verharding
BU00981005,0.12435884756500454,Groen_Verharding,entropy,Groen & Verharding
BU00981006,0.14873740918834696,Groen_Verharding,entropy,Groen & Verharding
BU00981007,0.11440660315414253,Groen_Verharding,entropy,Groen & Verharding
BU00981008,0.08114602660904359,Groen_Verharding,entropy,Groen & Verharding
BU00981009,0.06513602045652299,Groen_Verharding,entropy,Groen & Verharding
WK009811,0.04977565806506148,Groen_Verharding,entropy,Groen & Verharding
BU00981101,0.09600576663145863,Groen_Verharding,entropy,Groen & Verharding
BU00981102,0.04168186079475532,Groen_Verharding,entropy,Groen & Verharding
WK009812,0.05184403051282244,Groen_Verharding,entropy,Groen & Verharding
BU00981201,0.051853633586334186,Groen_Verharding,entropy,Groen & Verharding
WK009813,0.0551712504181407,Groen_Verharding,entropy,Groen & Verharding
BU00981301,0.07854665755365074,Groen_Verharding,entropy,Groen & Verharding
BU00981302,0.03145325076206,Groen_Verharding,entropy,Groen & Verharding
WK009814,0.05529832184963704,Groen_Verharding,entropy,Groen & Verharding
BU00981401,0.08163032856540312,Groen_Verharding,entropy,Groen & Verharding
BU00981402,0.04831548905032583,Groen_Verharding,entropy,Groen & Verharding
WK009815,0.05248682316123353,Groen_Verharding,entropy,Groen & Verharding
BU00981501,0.18675508898644144,Groen_Verharding,entropy,Groen & Verharding
BU00981502,0.059140744897837494,Groen_Verharding,entropy,Groen & Verharding
GM0059,0.3359774980898997,Groen_Verharding,weighted_mean,Groen & Verharding
WK005900,0.33597749808989974,Groen_Verharding,weighted_mean,Groen & Verharding
BU00590000,0.3079890487605966,Groen_Verharding,weighted_mean,Groen & Verharding
BU00590001,0.20498830220447223,Groen_Verharding,weighted_mean,Groen & Verharding
BU00590002,0.3485284236473802,Groen_Verharding,weighted_mean,Groen & Verharding
BU00590003,0.24151173709652723,Groen_Verharding,weighted_mean,Groen & Verharding
BU00590004,0.23276712790843085,Groen_Verharding,weighted_mean,Groen & Verharding
BU00590005,0.13345745734515205,Groen_Verharding,weighted_mean,Groen & Verharding
BU00590006,0.10493586168711111,Groen_Verharding,weighted_mean,Groen & Verharding
BU00590007,0.17428527731133717,Groen_Verharding,weighted_mean,Groen & Verharding
BU00590008,0.12748091443015858,Groen_Verharding,weighted_mean,Groen & Verharding
BU00590009,0.07827179031619122,Groen_Verharding,weighted_mean,Groen & Verharding
WK005901,0.22376585185472384,Groen_Verharding,weighted_mean,Groen & Verharding
BU00590100,0.21485884879513906,Groen_Verharding,weighted_mean,Groen & Verharding
BU00590102,0.14051748184616725,Groen_Verharding,weighted_mean,Groen & Verharding
BU00590103,0.2206152741338926,Groen_Verharding,weighted_mean,Groen & Verharding
BU00590107,0.12622224739406435,Groen_Verharding,weighted_mean,Groen & Verharding
BU00590108,0.10845889673172347,Groen_Verharding,weighted_mean,Groen & Verharding
BU00590109,0.13747949339965737,Groen_Verharding,weighted_mean,Groen & Verharding
WK005902,0.33597749808989974,Groen_Verharding,weighted_mean,Groen & Verharding
BU00590200,0.16779449908741823,Groen_Verharding,weighted_mean,Groen & Verharding
BU00590201,0.14938230946573886,Groen_Verharding,weighted_mean,Groen & Verharding
BU00590202,0.2007479041528107,Groen_Verharding,weighted_mean,Groen & Verharding
BU00590203,0.1541322413956481,Groen_Verharding,weighted_mean,Groen & Verharding
BU00590206,0.09347757773697372,Groen_Verharding,weighted_mean,Groen & Verharding
BU00590207,0.11713226435262003,Groen_Verharding,weighted_mean,Groen & Verharding
BU00590208,0.1093201332638466,Groen_Verharding,weighted_mean,Groen & Verharding
BU00590209,0.06988123095483897,Groen_Verharding,weighted_mean,Groen & Verharding
GM0060,0.20384999948895907,Groen_Verharding,weighted_mean,Groen & Verharding
WK006000,0.20423108722936198,Groen_Verharding,weighted_mean,Groen & Verharding
BU00600000,0.2930465118751307,Groen_Verharding,weighted_mean,Groen & Verharding
BU00600001,0.2509578472149566,Groen_Verharding,weighted_mean,Groen & Verharding
BU00600002,0.19048950575258147,Groen_Verharding,weighted_mean,Groen & Verharding
BU00600003,0.19853386619897476,Groen_Verharding,weighted_mean,Groen & Verharding
BU00600007,0.18418132644644633,Groen_Verharding,weighted_mean,Groen & Verharding
BU00600008,0.41568353908702954,Groen_Verharding,weighted_mean,Groen & Verharding
BU00600009,0.2813348906239296,Groen_Verharding,weighted_mean,Groen & Verharding
GM1891,0.33597749808989974,Groen_Verharding,weighted_mean,Groen & Verharding
WK189100,0.3009545716687861,Groen_Verharding,weighted_mean,Groen & Verharding
BU18910000,0.2405282907956999,Groen_Verharding,weighted_mean,Groen & Verharding
BU18910001,0.21016453343954225,Groen_Verharding,weighted_mean,Groen & Verharding
BU18910002,0.26584913950088984,Groen_Verharding,weighted_mean,Groen & Verharding
BU18910008,0.1403324638940305,Groen_Verharding,weighted_mean,Groen & Verharding
BU18910009,0.15185630606103867,Groen_Verharding,weighted_mean,Groen & Verharding
WK189101,0.17667330432252482,Groen_Verharding,weighted_mean,Groen & Verharding
BU18910100,0.2506161275500038,Groen_Verharding,weighted_mean,Groen & Verharding
BU18910101,0.21617067753359392,Groen_Verharding,weighted_mean,Groen & Verharding
BU18910108,0.22794740463402252,Groen_Verharding,weighted_mean,Groen & Verharding
BU18910109,0.12114269983927262,Groen_Verharding,weighted_mean,Groen & Verharding
WK189102,0.29892399083235804,Groen_Verharding,weighted_mean,Groen & Verharding
BU18910200,0.2969726445008064,Groen_Verharding,weighted_mean,Groen & Verharding
BU18910201,0.29034849061101137,Groen_Verharding,weighted_mean,Groen & Verharding
BU18910202,0.13179451406630138,Groen_Verharding,weighted_mean,Groen & Verharding
BU18910208,0.2441213644152007,Groen_Verharding,weighted_mean,Groen & Verharding
BU18910209,0.164179263733558,Groen_Verharding,weighted_mean,Groen & Verharding
WK189103,0.1754461191562366,Groen_Verharding,weighted_mean,Groen & Verharding
BU18910300,0.2431842047521896,Groen_Verharding,weighted_mean,Groen & Verharding
BU18910301,0.13946233163694463,Groen_Verharding,weighted_mean,Groen & Verharding
BU18910309,0.15229412565915135,Groen_Verharding,weighted_mean,Groen & Verharding
GM1940,0.33597749808989974,Groen_Verharding,weighted_mean,Groen & Verharding
WK194001,0.19135936393886524,Groen_Verharding,weighted_mean,Groen & Verharding
BU19400101,0.1385327404365336,Groen_Verharding,weighted_mean,Groen & Verharding
WK194002,0.18112441200872245,Groen_Verharding,weighted_mean,Groen & Verharding
BU19400201,0.19204682074336338,Groen_Verharding,weighted_mean,Groen & Verharding
WK194003,0.2612802840188565,Groen_Verharding,weighted_mean,Groen & Verharding
BU19400301,0.2888271779169841,Groen_Verharding,weighted_mean,Groen & Verharding
WK194004,0.19962847881278745,Groen_Verharding,weighted_mean,Groen & Verharding
BU19400401,0.08775558654748855,Groen_Verharding,weighted_mean,Groen & Verharding
WK194005,0.15582674728266394,Groen_Verharding,weighted_mean,Groen & Verharding
BU19400501,0.1602276796689951,Groen_Verharding,weighted_mean,Groen & Verharding
WK194006,0.13670779871196187,Groen_Verharding,weighted_mean,Groen & Verharding
BU19400601,0.19700501866816209,Groen_Verharding,weighted_mean,Groen & Verharding
WK194007,0.16402237802176195,Groen_Verharding,weighted_mean,Groen & Verharding
BU19400701,0.2734857346456076,Groen_Verharding,weighted_mean,Groen & Verharding
BU19400702,0.16856551910895834,Groen_Verharding,weighted_mean,Groen & Verharding
WK194008,0.1774758888943944,Groen_Verharding,weighted_mean,Groen & Verharding
BU19400801,0.13319197026334598,Groen_Verharding,weighted_mean,Groen & Verharding
WK194009,0.11494743992113683,Groen_Verharding,weighted_mean,Groen & Verharding
BU19400901,0.12314673932609424,Groen_Verharding,weighted_mean,Groen & Verharding
WK194010,0.1496094851346469,Groen_Verharding,weighted_mean,Groen & Verharding
BU19401001,0.1383210253521266,Groen_Verharding,weighted_mean,Groen & Verharding
WK194011,0.1687317459931629,Groen_Verharding,weighted_mean,Groen & Verharding
BU19401101,0.2138171434368292,Groen_Verharding,weighted_mean,Groen & Verharding
BU19401102,0.18810720518508972,Groen_Verharding,weighted_mean,Groen & Verharding
WK194012,0.1591604024112783,Groen_Verharding,weighted_mean,Groen & Verharding
BU19401201,0.14695566549201766,Groen_Verharding,weighted_mean,Groen & Verharding
WK194013,0.15585462682010803,Groen_Verharding,weighted_mean,Groen & Verharding
BU19401301,0.16365140358465588,Groen_Verharding,weighted_mean,Groen & Verharding
WK194014,0.14224310511941518,Groen_Verharding,weighted_mean,Groen & Verharding
BU19401401,0.1687647844643925,Groen_Verharding,weighted_mean,Groen & Verharding
WK194015,0.17722209445400064,Groen_Verharding,weighted_mean,Groen & Verharding
BU19401501,0.18984019465149213,Groen_Verharding,weighted_mean,Groen & Verharding
WK194016,0.1862373999037401,Groen_Verharding,weighted_mean,Groen & Verharding
BU19401601,0.2528972724776859,Groen_Verharding,weighted_mean,Groen & Verharding
WK194017,0.16574300238261322,Groen_Verharding,weighted_mean,Groen & Verharding
BU19401701,0.17364873817232035,Groen_Verharding,weighted_mean,Groen & Verharding
WK194018,0.1589897565324666,Groen_Verharding,weighted_mean,Groen & Verharding
BU19401801,0.19701136810520423,Groen_Verharding,weighted_mean,Groen & Verharding
WK194019,0.33597749808989974,Groen_Verharding,weighted_mean,Groen & Verharding
BU19401901,0.45202968243141817,Groen_Verharding,weighted_mean,Groen & Verharding
BU19401902,0.1302363744466831,Groen_Verharding,weighted_mean,Groen & Verharding
BU19401903,0.3724636008609361,Groen_Verharding,weighted_mean,Groen & Verharding
BU19401904,0.36575470755246925,Groen_Verharding,weighted_mean,Groen & Verharding
BU19401905,0.34451134218580964,Groen_Verharding,weighted_mean,Groen & Verharding
BU19401906,0.4272536493739627,Groen_Verharding,weighted_mean,Groen & Verharding
BU19401907,0.41601143805758645,Groen_Verharding,weighted_mean,Groen & Verharding
BU19401908,0.19893791347194797,Groen_Verharding,weighted_mean,Groen & Verharding
BU19401909,0.2714938500015888,Groen_Verharding,weighted_mean,Groen & Verharding
BU19401910,0.3167870319301431,Groen_Verharding,weighted_mean,Groen & Verharding
WK194020,0.14840901598939105,Groen_Verharding,weighted_mean,Groen & Verharding
BU19402001,0.1330884690662291,Groen_Verharding,weighted_mean,Groen & Verharding
WK194021,0.155794078931431,Groen_Verharding,weighted_mean,Groen & Verharding
BU19402101,0.1839466835680772,Groen_Verharding,weighted_mean,Groen & Verharding
WK194022,0.15793517539267996,Groen_Verharding,weighted_mean,Groen & Verharding
BU19402201,0.24583034838411844,Groen_Verharding,weighted_mean,Groen & Verharding
WK194023,0.33597749808989974,Groen_Verharding,weighted_mean,Groen & Verharding
BU19402301,0.26157894080380373,Groen_Verharding,weighted_mean,Groen & Verharding
BU19402302,0.38241444777271066,Groen_Verharding,weighted_mean,Groen & Verharding
BU19402303,0.2511283175564546,Groen_Verharding,weighted_mean,Groen & Verharding
BU19402304,0.3531367700677901,Groen_Verharding,weighted_mean,Groen & Verharding
BU19402305,0.29643509814988134,Groen_Verharding,weighted_mean,Groen & Verharding
BU19402306,0.2754685574346937,Groen_Verharding,weighted_mean,Groen & Verharding
BU19402307,0.22460080105983748,Groen_Verharding,weighted_mean,Groen & Verharding
BU19402308,0.3612759214820335,Groen_Verharding,weighted_mean,Groen & Verharding
WK194024,0.20733550101539122,Groen_Verharding,weighted_mean,Groen & Verharding
BU19402401,0.18778418229731,Groen_Verharding,weighted_mean,Groen & Verharding
WK194025,0.2382641573273749,Groen_Verharding,weighted_mean,Groen & Verharding
BU19402501,0.16408041126533462,Groen_Verharding,weighted_mean,Groen & Verharding
WK194026,0.18784651753753495,Groen_Verharding,weighted_mean,Groen & Verharding
BU19402601,0.1719527609879787,Groen_Verharding,weighted_mean,Groen & Verharding
WK194027,0.20389088646506623,Groen_Verharding,weighted_mean,Groen & Verharding
BU19402701,0.16667187676655834,Groen_Verharding,weighted_mean,Groen & Verharding
WK194028,0.1573870474556599,Groen_Verharding,weighted_mean,Groen & Verharding
BU19402801,0.12378341386754795,Groen_Verharding,weighted_mean,Groen & Verharding
BU19402802,0.2779962047752498,Groen_Verharding,weighted_mean,Groen & Verharding
WK194029,0.15747898738650112,Groen_Verharding,weighted_mean,Groen & Verharding
BU19402901,0.15075106101999444,Groen_Verharding,weighted_mean,Groen & Verharding
WK194030,0.2055624200390016,Groen_Verharding,weighted_mean,Groen & Verharding
BU19403001,0.19567512921954938,Groen_Verharding,weighted_mean,Groen & Verharding
WK194031,0.1739642205706191,Groen_Verharding,weighted_mean,Groen & Verharding
BU19403101,0.21312230665583282,Groen_Verharding,weighted_mean,Groen & Verharding
WK194032,0.16658188174842795,Groen_Verharding,weighted_mean,Groen & Verharding
BU19403201,0.15678603304253338,Groen_Verharding,weighted_mean,Groen & Verharding
WK194033,0.12058349580112526,Groen_Verharding,weighted_mean,Groen & Verharding
BU19403301,0.10941516006353763,Groen_Verharding,weighted_mean,Groen & Verharding
WK194034,0.17432910797747272,Groen_Verharding,weighted_mean,Groen & Verharding
BU19403401,0.2448471163340889,Groen_Verharding,weighted_mean,Groen & Verharding
WK194035,0.1778675185131223,Groen_Verharding,weighted_mean,Groen & Verharding
BU19403501,0.18116038419247757,Groen_Verharding,weighted_mean,Groen & Verharding
WK194036,0.14641066472025507,Groen_Verharding,weighted_mean,Groen & Verharding
BU19403601,0.12701488259546614,Groen_Verharding,weighted_mean,Groen & Verharding
WK194037,0.1573912639904719,Groen_Verharding,weighted_mean,Groen & Verharding
BU19403701,0.18039880672944764,Groen_Verharding,weighted_mean,Groen & Verharding
WK194038,0.16864611769263632,Groen_Verharding,weighted_mean,Groen & Verharding
BU19403801,0.13526997699567062,Groen_Verharding,weighted_mean,Groen & Verharding
WK194039,0.16717993674351111,Groen_Verharding,weighted_mean,Groen & Verharding
BU19403901,0.3533919245217928,Groen_Verharding,weighted_mean,Groen & Verharding
WK194040,0.1686461176926363,Groen_Verharding,weighted_mean,Groen & Verharding
BU19404001,0.15399745417837052,Groen_Verharding,weighted_mean,Groen & Verharding
WK194041,0.22641932434414272,Groen_Verharding,weighted_mean,Groen & Verharding
BU19404101,0.2328850705678041,Groen_Verharding,weighted_mean,Groen & Verharding
WK194042,0.1549795681792442,Groen_Verharding,weighted_mean,Groen & Verharding
BU19404201,0.20421410421870803,Groen_Verharding,weighted_mean,Groen & Verharding
WK194043,0.17182248636152178,Groen_Verharding,weighted_mean,Groen & Verharding
BU19404301,0.18589529258932733,Groen_Verharding,weighted_mean,Groen & Verharding
WK194044,0.141832043209554,Groen_Verharding,weighted_mean,Groen & Verharding
BU19404401,0.1324327557690282,Groen_Verharding,weighted_mean,Groen & Verharding
WK194045,0.14012361343140475,Groen_Verharding,weighted_mean,Groen & Verharding
BU19404501,0.1379233460251461,Groen_Verharding,weighted_mean,Groen & Verharding
WK194046,0.1904228712990146,Groen_Verharding,weighted_mean,Groen & Verharding
BU19404601,0.2580353675540568,Groen_Verharding,weighted_mean,Groen & Verharding
WK194047,0.16455981859948263,Groen_Verharding,weighted_mean,Groen & Verharding
BU19404701,0.16138549344123285,Groen_Verharding,weighted_mean,Groen & Verharding
WK194048,0.1368378906055528,Groen_Verharding,weighted_mean,Groen & Verharding
BU19404801,0.14970567949281238,Groen_Verharding,weighted_mean,Groen & Verharding
WK194049,0.17793443919958812,Groen_Verharding,weighted_mean,Groen & Verharding
BU19404901,0.11080315788281789,Groen_Verharding,weighted_mean,Groen & Verharding
WK194050,0.16726701229537005,Groen_Verharding,weighted_mean,Groen & Verharding
BU19405001,0.14191534574853623,Groen_Verharding,weighted_mean,Groen & Verharding
WK194051,0.19310211576245495,Groen_Verharding,weighted_mean,Groen & Verharding
BU19405101,0.18110593894962188,Groen_Verharding,weighted_mean,Groen & Verharding
GM0072,0.350524256431556,Groen_Verharding,weighted_mean,Groen & Verharding
WK007200,0.33597749808989974,Groen_Verharding,weighted_mean,Groen & Verharding
BU00720001,0.37857753857756377,Groen_Verharding,weighted_mean,Groen & Verharding
BU00720002,0.292122450423858,Groen_Verharding,weighted_mean,Groen & Verharding
BU00720003,0.39344241863158236,Groen_Verharding,weighted_mean,Groen & Verharding
BU00720004,0.40193378453557504,Groen_Verharding,weighted_mean,Groen & Verharding
BU00720005,0.36976753359698766,Groen_Verharding,weighted_mean,Groen & Verharding
BU00720006,0.36841664646848116,Groen_Verharding,weighted_mean,Groen & Verharding
BU00720007,0.4026348757499086,Groen_Verharding,weighted_mean,Groen & Verharding
BU00720009,0.23100142827699283,Groen_Verharding,weighted_mean,Groen & Verharding
WK007201,0.18459005367689166,Groen_Verharding,weighted_mean,Groen & Verharding
BU00720100,0.361485022702396,Groen_Verharding,weighted_mean,Groen & Verharding
BU00720109,0.23676226590098554,Groen_Verharding,weighted_mean,Groen & Verharding
WK007202,0.15330465417201075,Groen_Verharding,weighted_mean,Groen & Verharding
BU00720200,0.3296678589969781,Groen_Verharding,weighted_mean,Groen & Verharding
BU00720209,0.16073313587739954,Groen_Verharding,weighted_mean,Groen & Verharding
GM0074,0.33597749808989974,Groen_Verharding,weighted_mean,Groen & Verharding
WK007401,0.33597749808989974,Groen_Verharding,weighted_mean,Groen & Verharding
BU00740100,0.39172661357932936,Groen_Verharding,weighted_mean,Groen & Verharding
BU00740101,0.39111366963223637,Groen_Verharding,weighted_mean,Groen & Verharding
BU00740102,0.42666444652659385,Groen_Verharding,weighted_mean,Groen & Verharding
BU00740103,0.41452740529840804,Groen_Verharding,weighted_mean,Groen & Verharding
BU00740104,0.4257958270834085,Groen_Verharding,weighted_mean,Groen & Verharding
BU00740105,0.45070856466921544,Groen_Verharding,weighted_mean,Groen & Verharding
BU00740106,0.418610340407915,Groen_Verharding,weighted_mean,Groen & Verharding
BU00740107,0.3722995425351485,Groen_Verharding,weighted_mean,Groen & Verharding
BU00740108,0.2952012347394621,Groen_Verharding,weighted_mean,Groen & Verharding
BU00740109,0.20026594898220945,Groen_Verharding,weighted_mean,Groen & Verharding
BU00740110,0.34593467592967503,Groen_Verharding,weighted_mean,Groen & Verharding
WK007402,0.1786791448192022,Groen_Verharding,weighted_mean,Groen & Verharding
BU00740201,0.20520578867611858,Groen_Verharding,weighted_mean,Groen & Verharding
BU00740202,0.1698475154469327,Groen_Verharding,weighted_mean,Groen & Verharding
BU00740203,0.08982207182297093,Groen_Verharding,weighted_mean,Groen & Verharding
BU00740204,0.17016757015035142,Groen_Verharding,weighted_mean,Groen & Verharding
BU00740205,0.13651533536683916,Groen_Verharding,weighted_mean,Groen & Verharding
WK007403,0.2055624200390016,Groen_Verharding,weighted_mean,Groen & Verharding
BU00740301,0.17409375325085522,Groen_Verharding,weighted_mean,Groen & Verharding
BU00740302,0.2127176790875526,Groen_Verharding,weighted_mean,Groen & Verharding
WK007404,0.29892399083235804,Groen_Verharding,weighted_mean,Groen & Verharding
BU00740401,0.2667763442303748,Groen_Verharding,weighted_mean,Groen & Verharding
BU00740402,0.2313633981626126,Groen_Verharding,weighted_mean,Groen & Verharding
BU00740403,0.22145606397265055,Groen_Verharding,weighted_mean,Groen & Verharding
BU00740404,0.18157370744135987,Groen_Verharding,weighted_mean,Groen & Verharding
BU00740405,0.21057053119206257,Groen_Verharding,weighted_mean,Groen & Verharding
BU00740406,0.1776519107162333,Groen_Verharding,weighted_mean,Groen & Verharding
BU00740407,0.14995048448889559,Groen_Verharding,weighted_mean,Groen & Verharding
WK007406,0.21907572681479803,Groen_Verharding,weighted_mean,Groen & Verharding
BU00740601,0.3231892452296231,Groen_Verharding,weighted_mean,Groen & Verharding
WK007407,0.18784651753753492,Groen_Verharding,weighted_mean,Groen & Verharding
BU00740701,0.17886050897462463,Groen_Verharding,weighted_mean,Groen & Verharding
BU00740702,0.4633511335952468,Groen_Verharding,weighted_mean,Groen & Verharding
WK007409,0.24292179345119647,Groen_Verharding,weighted_mean,Groen & Verharding
BU00740901,0.18571724637361267,Groen_Verharding,weighted_mean,Groen & Verharding
BU00740902,0.23053606134894977,Groen_Verharding,weighted_mean,Groen & Verharding
BU00740903,0.14228792198256118,Groen_Verharding,weighted_mean,Groen & Verharding
GM0080,0.3924712199475849,Groen_Verharding,weighted_mean,Groen & Verharding
WK008010,0.4205385141861638,Groen_Verharding,weighted_mean,Groen & Verharding
BU00801001,0.24553747771675064,Groen_Verharding,weighted_mean,Groen & Verharding
BU00801002,0.2059837020569948,Groen_Verharding,weighted_mean,Groen & Verharding
BU00801003,0.39671681524149666,Groen_Verharding,weighted_mean,Groen & Verharding
BU00801004,0.3503761757226177,Groen_Verharding,weighted_mean,Groen & Verharding
BU00801005,0.3623553834136705,Groen_Verharding,weighted_mean,Groen & Verharding
BU00801006,0.33021290545138043,Groen_Verharding,weighted_mean,Groen & Verharding
BU00801007,0.2942624569669471,Groen_Verharding,weighted_mean,Groen & Verharding
BU00801008,0.37745207304095185,Groen_Verharding,weighted_mean,Groen & Verharding
WK008011,0.33597749808989974,Groen_Verharding,weighted_mean,Groen & Verharding
BU00801101,0.37503971520114,Groen_Verharding,weighted_mean,Groen & Verharding
BU00801102,0.4014873956067916,Groen_Verharding,weighted_mean,Groen & Verharding
BU00801103,0.3796691827961333,Groen_Verharding,weighted_mean,Groen & Verharding
BU00801104,0.3420238710071151,Groen_Verharding,weighted_mean,Groen & Verharding
BU00801105,0.42800409537832546,Groen_Verharding,weighted_mean,Groen & Verharding
BU00801106,0.43796870923722503,Groen_Verharding,weighted_mean,Groen & Verharding
BU00801107,0.382442768508086,Groen_Verharding,weighted_mean,Groen & Verharding
BU00801108,0.3911528898642785,Groen_Verharding,weighted_mean,Groen & Verharding
BU00801109,0.3573486067515669,Groen_Verharding,weighted_mean,Groen & Verharding
WK008020,0.3924712199475849,Groen_Verharding,weighted_mean,Groen & Verharding
BU00802001,0.3794503653427793,Groen_Verharding,weighted_mean,Groen & Verharding
BU00802002,0.39528129352104796,Groen_Verharding,weighted_mean,Groen & Verharding
BU00802003,0.3766250655779688,Groen_Verharding,weighted_mean,Groen & Verharding
BU00802004,0.4183740488530407,Groen_Verharding,weighted_mean,Groen & Verharding
BU00802005,0.48335777358389376,Groen_Verharding,weighted_mean,Groen & Verharding
BU00802006,0.3675051879453332,Groen_Verharding,weighted_mean,Groen & Verharding
BU00802007,0.3809549973877401,Groen_Verharding,weighted_mean,Groen & Verharding
BU00802008,0.3308072060036095,Groen_Verharding,weighted_mean,Groen & Verharding
BU00802009,0.3689900109092383,Groen_Verharding,weighted_mean,Groen & Verharding
WK008030,0.3924712199475849,Groen_Verharding,weighted_mean,Groen & Verharding
BU00803001,0.368482187668243,Groen_Verharding,weighted_mean,Groen & Verharding
BU00803002,0.3997895643113439,Groen_Verharding,weighted_mean,Groen & Verharding
BU00803003,0.46113909289808935,Groen_Verharding,weighted_mean,Groen & Verharding
BU00803004,0.3701452360454952,Groen_Verharding,weighted_mean,Groen & Verharding
BU00803005,0.3980395664383071,Groen_Verharding,weighted_mean,Groen & Verharding
BU00803006,0.3748542990494211,Groen_Verharding,weighted_mean,Groen & Verharding
BU00803007,0.39922944568733204,Groen_Verharding,weighted_mean,Groen & Verharding
WK008031,0.2779009198097483,Groen_Verharding,weighted_mean,Groen & Verharding
BU00803101,0.40588352980362047,Groen_Verharding,weighted_mean,Groen & Verharding
BU00803102,0.16832842762130362,Groen_Verharding,weighted_mean,Groen & Verharding
WK008032,0.43599714145730295,Groen_Verharding,weighted_mean,Groen & Verharding
BU00803201,0.39412885757491734,Groen_Verharding,weighted_mean,Groen & Verharding
BU00803202,0.391157783409303,Groen_Verharding,weighted_mean,Groen & Verharding
BU00803203,0.38323295507477356,Groen_Verharding,weighted_mean,Groen & Verharding
BU00803204,0.3470344399390299,Groen_Verharding,weighted_mean,Groen & Verharding
WK008040,0.4237625819018679,Groen_Verharding,weighted_mean,Groen & Verharding
BU00804001,0.3734946338496015,Groen_Verharding,weighted_mean,Groen & Verharding
BU00804002,0.3502707934196851,Groen_Verharding,weighted_mean,Groen & Verharding
BU00804003,0.4090072352112969,Groen_Verharding,weighted_mean,Groen & Verharding
BU00804004,0.39982544908426076,Groen_Verharding,weighted_mean,Groen & Verharding
WK008041,0.2778775450141782,Groen_Verharding,weighted_mean,Groen & Verharding
BU00804101,0.43057099336107424,Groen_Verharding,weighted_mean,Groen & Verharding
BU00804102,0.37037276856012236,Groen_Verharding,weighted_mean,Groen & Verharding
BU00804103,0.3473313592020615,Groen_Verharding,weighted_mean,Groen & Verharding
BU00804104,0.3750347245768617,Groen_Verharding,weighted_mean,Groen & Verharding
BU00804105,0.3322336398101204,Groen_Verharding,weighted_mean,Groen & Verharding
BU00804106,0.44407173117996657,Groen_Verharding,weighted_mean,Groen & Verharding
BU00804107,0.4277022054444216,Groen_Verharding,weighted_mean,Groen & Verharding
BU00804108,0.30763845223120917,Groen_Verharding,weighted_mean,Groen & Verharding
BU00804109,0.14867545276325544,Groen_Verharding,weighted_mean,Groen & Verharding
BU00804110,0.24441597242582608,Groen_Verharding,weighted_mean,Groen & Verharding
WK008050,0.38433166651037853,Groen_Verharding,weighted_mean,Groen & Verharding
BU00805001,0.4971443631420379,Groen_Verharding,weighted_mean,Groen & Verharding
BU00805002,0.44127776611175773,Groen_Verharding,weighted_mean,Groen & Verharding
BU00805003,0.3779458570679411,Groen_Verharding,weighted_mean,Groen & Verharding
WK008051,0.33597749808989974,Groen_Verharding,weighted_mean,Groen & Verharding
BU00805101,0.4466913319395941,Groen_Verharding,weighted_mean,Groen & Verharding
BU00805102,0.4317490252604687,Groen_Verharding,weighted_mean,Groen & Verharding
BU00805103,0.4446843193151172,Groen_Verharding,weighted_mean,Groen & Verharding
BU00805104,0.2209970943832977,Groen_Verharding,weighted_mean,Groen & Verharding
BU00805105,0.5181003763360001,Groen_Verharding,weighted_mean,Groen & Verharding
WK008060,0.33503711251904233,Groen_Verharding,weighted_mean,Groen & Verharding
BU00806001,0.4502631083758442,Groen_Verharding,weighted_mean,Groen & Verharding
BU00806002,0.38840724720254105,Groen_Verharding,weighted_mean,Groen & Verharding
BU00806003,0.2766927324716471,Groen_Verharding,weighted_mean,Groen & Verharding
WK008061,0.4120412487919253,Groen_Verharding,weighted_mean,Groen & Verharding
BU00806101,0.4409389001048438,Groen_Verharding,weighted_mean,Groen & Verharding
BU00806102,0.47066759954431825,Groen_Verharding,weighted_mean,Groen & Verharding
WK008062,0.22641932434414272,Groen_Verharding,weighted_mean,Groen & Verharding
BU00806201,0.3158815817720034,Groen_Verharding,weighted_mean,Groen & Verharding
BU00806202,0.2598396501171423,Groen_Verharding,weighted_mean,Groen & Verharding
BU00806203,0.10237181317241041,Groen_Verharding,weighted_mean,Groen & Verharding
BU00806204,0.35188679943312096,Groen_Verharding,weighted_mean,Groen & Verharding
BU00806205,0.23188174864380168,Groen_Verharding,weighted_mean,Groen & Verharding
BU00806206,0.21867064894044902,Groen_Verharding,weighted_mean,Groen & Verharding
BU00806207,0.29286461639214006,Groen_Verharding,weighted_mean,Groen & Verharding
BU00806208,0.08188125574394092,Groen_Verharding,weighted_mean,Groen & Verharding
BU00806209,0.2877852543723527,Groen_Verharding,weighted_mean,Groen & Verharding
BU00806210,0.14636645201580284,Groen_Verharding,weighted_mean,Groen & Verharding
WK008063,0.29892399083235804,Groen_Verharding,weighted_mean,Groen & Verharding
BU00806301,0.36285466176941283,Groen_Verharding,weighted_mean,Groen & Verharding
BU00806302,0.19759600678248188,Groen_Verharding,weighted_mean,Groen & Verharding
BU00806303,0.17866530480345988,Groen_Verharding,weighted_mean,Groen & Verharding
BU00806304,0.20261096904755202,Groen_Verharding,weighted_mean,Groen & Verharding
BU00806305,0.30509190514873236,Groen_Verharding,weighted_mean,Groen & Verharding
BU00806306,0.1383378387826475,Groen_Verharding,weighted_mean,Groen & Verharding
BU00806307,0.17634339805745794,Groen_Verharding,weighted_mean,Groen & Verharding
WK008070,0.3380080789263278,Groen_Verharding,weighted_mean,Groen & Verharding
BU00807001,0.4402095781959431,Groen_Verharding,weighted_mean,Groen & Verharding
BU00807002,0.4312762759981842,Groen_Verharding,weighted_mean,Groen & Verharding
BU00807003,0.397004872303354,Groen_Verharding,weighted_mean,Groen & Verharding
BU00807004,0.35194726481735156,Groen_Verharding,weighted_mean,Groen & Verharding
WK008071,0.3624942109670126,Groen_Verharding,weighted_mean,Groen & Verharding
BU00807101,0.3854983950363255,Groen_Verharding,weighted_mean,Groen & Verharding
WK008072,0.288774300451899,Groen_Verharding,weighted_mean,Groen & Verharding
BU00807201,0.28553463376707067,Groen_Verharding,weighted_mean,Groen & Verharding
BU00807202,0.297327100210108,Groen_Verharding,weighted_mean,Groen & Verharding
BU00807203,0.35588726048756686,Groen_Verharding,weighted_mean,Groen & Verharding
WK008073,0.26303888063425007,Groen_Verharding,weighted_mean,Groen & Verharding
BU00807301,0.25602896113423296,Groen_Verharding,weighted_mean,Groen & Verharding
BU00807302,0.3687801682224779,Groen_Verharding,weighted_mean,Groen & Verharding
BU00807303,0.27950077198351314,Groen_Verharding,weighted_mean,Groen & Verharding
BU00807304,0.1129778933886267,Groen_Verharding,weighted_mean,Groen & Verharding
BU00807305,0.33699447164977486,Groen_Verharding,weighted_mean,Groen & Verharding
BU00807306,0.3136140236468968,Groen_Verharding,weighted_mean,Groen & Verharding
WK008074,0.3146781860519627,Groen_Verharding,weighted_mean,Groen & Verharding
BU00807401,0.08752862336700429,Groen_Verharding,weighted_mean,Groen & Verharding
BU00807402,0.21628894681100097,Groen_Verharding,weighted_mean,Groen & Verharding
BU00807403,0.31165663384142445,Groen_Verharding,weighted_mean,Groen & Verharding
BU00807404,0.2830581393189964,Groen_Verharding,weighted_mean,Groen & Verharding
BU00807405,0.2419500186632389,Groen_Verharding,weighted_mean,Groen & Verharding
WK008080,0.17963679578990518,Groen_Verharding,weighted_mean,Groen & Verharding
BU00808001,0.32537520745827486,Groen_Verharding,weighted_mean,Groen & Verharding
BU00808002,0.15107754412036706,Groen_Verharding,weighted_mean,Groen & Verharding
BU00808003,0.17038569079725727,Groen_Verharding,weighted_mean,Groen & Verharding
BU00808004,0.29213698320836023,Groen_Verharding,weighted_mean,Groen & Verharding
BU00808005,0.12963515938365439,Groen_Verharding,weighted_mean,Groen & Verharding
BU00808006,0.11648910137638491,Groen_Verharding,weighted_mean,Groen & Verharding
BU00808007,0.30006556559604114,Groen_Verharding,weighted_mean,Groen & Verharding
BU00808008,0.235066275803788,Groen_Verharding,weighted_mean,Groen & Verharding
WK008081,0.20423108722936198,Groen_Verharding,weighted_mean,Groen & Verharding
BU00808101,0.3224401076331489,Groen_Verharding,weighted_mean,Groen & Verharding
BU00808102,0.12388406992794994,Groen_Verharding,weighted_mean,Groen & Verharding
BU00808103,0.36431534498279916,Groen_Verharding,weighted_mean,Groen & Verharding
BU00808104,0.03937622488037348,Groen_Verharding,weighted_mean,Groen & Verharding
BU00808105,0.28655889505872567,Groen_Verharding,weighted_mean,Groen & Verharding
BU00808106,0.0629506392161716,Groen_Verharding,weighted_mean,Groen & Verharding
BU00808107,0.12825900189101275,Groen_Verharding,weighted_mean,Groen & Verharding
BU00808108,0.15478123855829662,Groen_Verharding,weighted_mean,Groen & Verharding
BU00808109,0.30289777477552277,Groen_Verharding,weighted_mean,Groen & Verharding
BU00808110,0.1493436742076621,Groen_Verharding,weighted_mean,Groen & Verharding
BU00808111,0.29291424013665474,Groen_Verharding,weighted_mean,Groen & Verharding
BU00808112,0.10938154659323542,Groen_Verharding,weighted_mean,Groen & Verharding
BU00808113,0.14896160835852407,Groen_Verharding,weighted_mean,Groen & Verharding
BU00808114,0.092736369002296,Groen_Verharding,weighted_mean,Groen & Verharding
BU00808115,0.13267242822863254,Groen_Verharding,weighted_mean,Groen & Verharding
BU00808116,0.3688740886081869,Groen_Verharding,weighted_mean,Groen & Verharding
BU00808117,0.16520763474865938,Groen_Verharding,weighted_mean,Groen & Verharding
WK008082,0.29892399083235804,Groen_Verharding,weighted_mean,Groen & Verharding
BU00808201,0.30292850030123375,Groen_Verharding,weighted_mean,Groen & Verharding
BU00808202,0.06458040611349204,Groen_Verharding,weighted_mean,Groen & Verharding
BU00808203,0.13175091084744595,Groen_Verharding,weighted_mean,Groen & Verharding
BU00808204,0.1962200125367155,Groen_Verharding,weighted_mean,Groen & Verharding
BU00808205,0.1012634798773029,Groen_Verharding,weighted_mean,Groen & Verharding
BU00808206,0.3316616221558245,Groen_Verharding,weighted_mean,Groen & Verharding
BU00808207,0.15557239391905464,Groen_Verharding,weighted_mean,Groen & Verharding
BU00808208,0.3235058645379715,Groen_Verharding,weighted_mean,Groen & Verharding
BU00808209,0.12003090400526842,Groen_Verharding,weighted_mean,Groen & Verharding
GM1970,0.33597749808989974,Groen_Verharding,weighted_mean,Groen & Verharding
WK197000,0.33597749808989974,Groen_Verharding,weighted_mean,Groen & Verharding
BU19700000,0.30526319517779915,Groen_Verharding,weighted_mean,Groen & Verharding
BU19700001,0.2739316340789914,Groen_Verharding,weighted_mean,Groen & Verharding
BU19700002,0.34964336113028266,Groen_Verharding,weighted_mean,Groen & Verharding
BU19700003,0.3490391043858492,Groen_Verharding,weighted_mean,Groen & Verharding
BU19700004,0.16595310203193092,Groen_Verharding,weighted_mean,Groen & Verharding
BU19700005,0.3665606834972849,Groen_Verharding,weighted_mean,Groen & Verharding
BU19700006,0.24703041088316469,Groen_Verharding,weighted_mean,Groen & Verharding
BU19700007,0.16921644409916833,Groen_Verharding,weighted_mean,Groen & Verharding
BU19700008,0.2577692380792925,Groen_Verharding,weighted_mean,Groen & Verharding
BU19700009,0.3230063089914309,Groen_Verharding,weighted_mean,Groen & Verharding
BU19700010,0.2444502001984292,Groen_Verharding,weighted_mean,Groen & Verharding
BU19700011,0.33348192718934583,Groen_Verharding,weighted_mean,Groen & Verharding
WK197001,0.16997543195812234,Groen_Verharding,weighted_mean,Groen & Verharding
BU19700100,0.22704238842787222,Groen_Verharding,weighted_mean,Groen & Verharding
BU19700101,0.11980290169688292,Groen_Verharding,weighted_mean,Groen & Verharding
BU19700102,0.18698352161930173,Groen_Verharding,weighted_mean,Groen & Verharding
BU19700103,0.13840252365228464,Groen_Verharding,weighted_mean,Groen & Verharding
BU19700104,0.1190060356749979,Groen_Verharding,weighted_mean,Groen & Verharding
BU19700105,0.170622085774211,Groen_Verharding,weighted_mean,Groen & Verharding
BU19700107,0.23426899704178183,Groen_Verharding,weighted_mean,Groen & Verharding
BU19700108,0.18656579828538822,Groen_Verharding,weighted_mean,Groen & Verharding
BU19700109,0.08002564774508024,Groen_Verharding,weighted_mean,Groen & Verharding
WK197002,0.15214658441566162,Groen_Verharding,weighted_mean,Groen & Verharding
BU19700200,0.20206860139878494,Groen_Verharding,weighted_mean,Groen & Verharding
BU19700201,0.1374220076230455,Groen_Verharding,weighted_mean,Groen & Verharding
BU19700202,0.2751085852165075,Groen_Verharding,weighted_mean,Groen & Verharding
BU19700208,0.07781685003884155,Groen_Verharding,weighted_mean,Groen & Verharding
BU19700209,0.08040057105763623,Groen_Verharding,weighted_mean,Groen & Verharding
WK197003,0.1786791448192022,Groen_Verharding,weighted_mean,Groen & Verharding
BU19700300,0.19669890798899684,Groen_Verharding,weighted_mean,Groen & Verharding
BU19700301,0.1574891948184094,Groen_Verharding,weighted_mean,Groen & Verharding
BU19700302,0.14911247045939313,Groen_Verharding,weighted_mean,Groen & Verharding
BU19700303,0.3389065559759117,Groen_Verharding,weighted_mean,Groen & Verharding
BU19700307,0.25742511807536433,Groen_Verharding,weighted_mean,Groen & Verharding
BU19700308,0.1100942434467477,Groen_Verharding,weighted_mean,Groen & Verharding
BU19700309,0.08414282608585262,Groen_Verharding,weighted_mean,Groen & Verharding
WK197004,0.17287497598260293,Groen_Verharding,weighted_mean,Groen & Verharding
BU19700400,0.28560365544122107,Groen_Verharding,weighted_mean,Groen & Verharding
BU19700401,0.11182094824353925,Groen_Verharding,weighted_mean,Groen & Verharding
BU19700408,0.15468637710592287,Groen_Verharding,weighted_mean,Groen & Verharding
BU19700409,0.0648688051650936,Groen_Verharding,weighted_mean,Groen & Verharding
WK197005,0.17567982275230923,Groen_Verharding,weighted_mean,Groen & Verharding
BU19700500,0.3049926238925257,Groen_Verharding,weighted_mean,Groen & Verharding
BU19700501,0.3203207396135365,Groen_Verharding,weighted_mean,Groen & Verharding
BU19700502,0.2646963400231752,Groen_Verharding,weighted_mean,Groen & Verharding
BU19700503,0.16688493901439685,Groen_Verharding,weighted_mean,Groen & Verharding
BU19700506,0.11472516216612741,Groen_Verharding,weighted_mean,Groen & Verharding
BU19700507,0.1195931805110804,Groen_Verharding,weighted_mean,Groen & Verharding
BU19700508,0.11475776297264947,Groen_Verharding,weighted_mean,Groen & Verharding
BU19700509,0.2007614892656869,Groen_Verharding,weighted_mean,Groen & Verharding
WK197006,0.1786791448192022,Groen_Verharding,weighted_mean,Groen & Verharding
BU19700600,0.3156241373480973,Groen_Verharding,weighted_mean,Groen & Verharding
BU19700601,0.13010789540828688,Groen_Verharding,weighted_mean,Groen & Verharding
BU19700602,0.3065956025474784,Groen_Verharding,weighted_mean,Groen & Verharding
BU19700603,0.11682704124916544,Groen_Verharding,weighted_mean,Groen & Verharding
BU19700604,0.038670583335300726,Groen_Verharding,weighted_mean,Groen & Verharding
BU19700605,0.15095128127251198,Groen_Verharding,weighted_mean,Groen & Verharding
BU19700608,0.1046337539069151,Groen_Verharding,weighted_mean,Groen & Verharding
BU19700609,0.09462458731060396,Groen_Verharding,weighted_mean,Groen & Verharding
WK197007,0.17737650268600952,Groen_Verharding,weighted_mean,Groen & Verharding
BU19700700,0.26591596712035925,Groen_Verharding,weighted_mean,Groen & Verharding
BU19700701,0.21655134646374588,Groen_Verharding,weighted_mean,Groen & Verharding
BU19700702,0.12292305562433528,Groen_Verharding,weighted_mean,Groen & Verharding
BU19700703,0.10156431927824601,Groen_Verharding,weighted_mean,Groen & Verharding
BU19700708,0.1525576887599606,Groen_Verharding,weighted_mean,Groen & Verharding
BU19700709,0.10362951174628293,Groen_Verharding,weighted_mean,Groen & Verharding
WK197008,0.17963679578990518,Groen_Verharding,weighted_mean,Groen & Verharding
BU19700800,0.2896579851592243,Groen_Verharding,weighted_mean,Groen & Verharding
BU19700801,0.2982360791057765,Groen_Verharding,weighted_mean,Groen & Verharding
BU19700802,0.22472368952494706,Groen_Verharding,weighted_mean,Groen & Verharding
BU19700803,0.0869083902858527,Groen_Verharding,weighted_mean,Groen & Verharding
BU19700807,0.06826308052087081,Groen_Verharding,weighted_mean,Groen & Verharding
BU19700808,0.13608705249152,Groen_Verharding,weighted_mean,Groen & Verharding
BU19700809,0.1558591147389922,Groen_Verharding,weighted_mean,Groen & Verharding
WK197009,0.17963679578990518,Groen_Verharding,weighted_mean,Groen & Verharding
BU19700900,0.320907497014504,Groen_Verharding,weighted_mean,Groen & Verharding
BU19700909,0.09115046809410379,Groen_Verharding,weighted_mean,Groen & Verharding
WK197010,0.16478094884904906,Groen_Verharding,weighted_mean,Groen & Verharding
BU19701000,0.2819509502617481,Groen_Verharding,weighted_mean,Groen & Verharding
BU19701001,0.1772405571888887,Groen_Verharding,weighted_mean,Groen & Verharding
BU19701002,0.12480435254931606,Groen_Verharding,weighted_mean,Groen & Verharding
BU19701003,0.11935865650888867,Groen_Verharding,weighted_mean,Groen & Verharding
BU19701004,0.09540388410322061,Groen_Verharding,weighted_mean,Groen & Verharding
BU19701005,0.15029706222358735,Groen_Verharding,weighted_mean,Groen & Verharding
BU19701006,0.11493998130308879,Groen_Verharding,weighted_mean,Groen & Verharding
BU19701008,0.11632275796409093,Groen_Verharding,weighted_mean,Groen & Verharding
BU19701009,0.11159484176600526,Groen_Verharding,weighted_mean,Groen & Verharding
WK197011,0.27699137725454687,Groen_Verharding,weighted_mean,Groen & Verharding
BU19701100,0.34799982973298527,Groen_Verharding,weighted_mean,Groen & Verharding
BU19701109,0.13604387802227833,Groen_Verharding,weighted_mean,Groen & Verharding
WK197012,0.19119375681966372,Groen_Verharding,weighted_mean,Groen & Verharding
BU19701200,0.15863145390900876,Groen_Verharding,weighted_mean,Groen & Verharding
BU19701201,0.13633222464025413,Groen_Verharding,weighted_mean,Groen & Verharding
BU19701202,0.14520456183805966,Groen_Verharding,weighted_mean,Groen & Verharding
BU19701203,0.17621285988914231,Groen_Verharding,weighted_mean,Groen & Verharding
BU19701204,0.1173299705597186,Groen_Verharding,weighted_mean,Groen & Verharding
BU19701206,0.1542448620742172,Groen_Verharding,weighted_mean,Groen & Verharding
BU19701207,0.15786268358712194,Groen_Verharding,weighted_mean,Groen & Verharding
BU19701208,0.04940396272745264,Groen_Verharding,weighted_mean,Groen & Verharding
BU19701209,0.23399533651018528,Groen_Verharding,weighted_mean,Groen & Verharding
WK197013,0.17712436407986404,Groen_Verharding,weighted_mean,Groen & Verharding
BU19701300,0.1997371340170538,Groen_Verharding,weighted_mean,Groen & Verharding
BU19701301,0.17770137124651914,Groen_Verharding,weighted_mean,Groen & Verharding
BU19701302,0.26069399895748,Groen_Verharding,weighted_mean,Groen & Verharding
BU19701308,0.18263004469150887,Groen_Verharding,weighted_mean,Groen & Verharding
BU19701309,0.18131725695599876,Groen_Verharding,weighted_mean,Groen & Verharding
WK197014,0.22641932434414272,Groen_Verharding,weighted_mean,Groen & Verharding
BU19701400,0.24549390345205202,Groen_Verharding,weighted_mean,Groen & Verharding
BU19701401,0.30128263701251085,Groen_Verharding,weighted_mean,Groen & Verharding
BU19701402,0.2067813480835976,Groen_Verharding,weighted_mean,Groen & Verharding
BU19701409,0.09842272869927002,Groen_Verharding,weighted_mean,Groen & Verharding
GM0085,0.33597749808989974,Groen_Verharding,weighted_mean,Groen & Verharding
WK008501,0.22675103259083126,Groen_Verharding,weighted_mean,Groen & Verharding
BU00850101,0.32438185898477734,Groen_Verharding,weighted_mean,Groen & Verharding
BU00850102,0.35444431349186784,Groen_Verharding,weighted_mean,Groen & Verharding
BU00850103,0.20662870526787785,Groen_Verharding,weighted_mean,Groen & Verharding
BU00850104,0.30360878195786173,Groen_Verharding,weighted_mean,Groen & Verharding
BU00850105,0.31439866181063486,Groen_Verharding,weighted_mean,Groen & Verharding
BU00850106,0.2010246675348907,Groen_Verharding,weighted_mean,Groen & Verharding
BU00850107,0.4179905913518037,Groen_Verharding,weighted_mean,Groen & Verharding
BU00850108,0.24290281616421636,Groen_Verharding,weighted_mean,Groen & Verharding
BU00850109,0.2618467330126178,Groen_Verharding,weighted_mean,Groen & Verharding
BU00850110,0.3740778177033116,Groen_Verharding,weighted_mean,Groen & Verharding
BU00850111,0.2826132865065985,Groen_Verharding,weighted_mean,Groen & Verharding
WK008502,0.17712436407986404,Groen_Verharding,weighted_mean,Groen & Verharding
BU00850201,0.31253999508979585,Groen_Verharding,weighted_mean,Groen & Verharding
BU00850202,0.3705293240897874,Groen_Verharding,weighted_mean,Groen & Verharding
BU00850203,0.24152760073495846,Groen_Verharding,weighted_mean,Groen & Verharding
WK008503,0.14442803918289593,Groen_Verharding,weighted_mean,Groen & Verharding
BU00850301,0.3189301283900586,Groen_Verharding,weighted_mean,Groen & Verharding
BU00850302,0.1509491892637844,Groen_Verharding,weighted_mean,Groen & Verharding
WK008504,0.19500772308597306,Groen_Verharding,weighted_mean,Groen & Verharding
BU00850401,0.3211473807141434,Groen_Verharding,weighted_mean,Groen & Verharding
BU00850402,0.2072470339812675,Groen_Verharding,weighted_mean,Groen & Verharding
WK008505,0.15174320420502924,Groen_Verharding,weighted_mean,Groen & Verharding
BU00850501,0.18760268476807362,Groen_Verharding,weighted_mean,Groen & Verharding
BU00850502,0.11449616488282219,Groen_Verharding,weighted_mean,Groen & Verharding
WK008506,0.22641932434414272,Groen_Verharding,weighted_mean,Groen & Verharding
BU00850601,0.21449212160111383,Groen_Verharding,weighted_mean,Groen & Verharding
BU00850602,0.208359130730826,Groen_Verharding,weighted_mean,Groen & Verharding
BU00850603,0.24143001777750078,Groen_Verharding,weighted_mean,Groen & Verharding
BU00850604,0.18104955542821585,Groen_Verharding,weighted_mean,Groen & Verharding
BU00850605,0.21407849571602464,Groen_Verharding,weighted_mean,Groen & Verharding
BU00850606,0.2056934876311182,Groen_Verharding,weighted_mean,Groen & Verharding
BU00850607,0.26443917852543836,Groen_Verharding,weighted_mean,Groen & Verharding
BU00850608,0.18928573022835982,Groen_Verharding,weighted_mean,Groen & Verharding
WK008507,0.15268789393577462,Groen_Verharding,weighted_mean,Groen & Verharding
BU00850701,0.22942056663854563,Groen_Verharding,weighted_mean,Groen & Verharding
BU00850702,0.14779233655438462,Groen_Verharding,weighted_mean,Groen & Verharding
WK008508,0.14270358927353846,Groen_Verharding,weighted_mean,Groen & Verharding
BU00850801,0.32940106177467593,Groen_Verharding,weighted_mean,Groen & Verharding
BU00850802,0.2391243137083524,Groen_Verharding,weighted_mean,Groen & Verharding
WK008509,0.13204179565295,Groen_Verharding,weighted_mean,Groen & Verharding
BU00850901,0.2765418576321178,Groen_Verharding,weighted_mean,Groen & Verharding
BU00850902,0.1956798275056948,Groen_Verharding,weighted_mean,Groen & Verharding
WK008510,0.1658317573264079,Groen_Verharding,weighted_mean,Groen & Verharding
BU00851001,0.35983954520340655,Groen_Verharding,weighted_mean,Groen & Verharding
BU00851002,0.3659202664142202,Groen_Verharding,weighted_mean,Groen & Verharding
BU00851003,0.19908941210736789,Groen_Verharding,weighted_mean,Groen & Verharding
WK008511,0.33597749808989974,Groen_Verharding,weighted_mean,Groen & Verharding
BU00851101,0.3785938252611139,Groen_Verharding,weighted_mean,Groen & Verharding
BU00851102,0.39470423889788914,Groen_Verharding,weighted_mean,Groen & Verharding
BU00851103,0.42366080965288355,Groen_Verharding,weighted_mean,Groen & Verharding
BU00851104,0.34106490616723006,Groen_Verharding,weighted_mean,Groen & Verharding
BU00851105,0.41997140733257,Groen_Verharding,weighted_mean,Groen & Verharding
BU00851106,0.3818166496935599,Groen_Verharding,weighted_mean,Groen & Verharding
BU00851107,0.34330336515292453,Groen_Verharding,weighted_mean,Groen & Verharding
BU00851108,0.4067516447568404,Groen_Verharding,weighted_mean,Groen & Verharding
BU00851109,0.42083636269184566,Groen_Verharding,weighted_mean,Groen & Verharding
BU00851110,0.3706709076711222,Groen_Verharding,weighted_mean,Groen & Verharding
BU00851111,0.38070604492890386,Groen_Verharding,weighted_mean,Groen & Verharding
BU00851112,0.3929173224226489,Groen_Verharding,weighted_mean,Groen & Verharding
BU00851113,0.41393816881520323,Groen_Verharding,weighted_mean,Groen & Verharding
BU00851114,0.40628895074190635,Groen_Verharding,weighted_mean,Groen & Verharding
BU00851115,0.428375511463588,Groen_Verharding,weighted_mean,Groen & Verharding
BU00851116,0.38136029134836835,Groen_Verharding,weighted_mean,Groen & Verharding
BU00851117,0.3402185944877111,Groen_Verharding,weighted_mean,Groen & Verharding
BU00851118,0.19732650828698722,Groen_Verharding,weighted_mean,Groen & Verharding
WK008512,0.11850170728840255,Groen_Verharding,weighted_mean,Groen & Verharding
BU00851201,0.21156690210025283,Groen_Verharding,weighted_mean,Groen & Verharding
BU00851202,0.29416927614730715,Groen_Verharding,weighted_mean,Groen & Verharding
WK008513,0.15532657485773857,Groen_Verharding,weighted_mean,Groen & Verharding
BU00851301,0.2733438795347146,Groen_Verharding,weighted_mean,Groen & Verharding
BU00851302,0.15259332410281878,Groen_Verharding,weighted_mean,Groen & Verharding
GM0086,0.33597749808989974,Groen_Verharding,weighted_mean,Groen & Verharding
WK008601,0.17928446645297244,Groen_Verharding,weighted_mean,Groen & Verharding
BU00860101,0.22840919479693628,Groen_Verharding,weighted_mean,Groen & Verharding
BU00860102,0.2802028984059305,Groen_Verharding,weighted_mean,Groen & Verharding
BU00860103,0.2660114498149087,Groen_Verharding,weighted_mean,Groen & Verharding
WK008602,0.2350859792371291,Groen_Verharding,weighted_mean,Groen & Verharding
BU00860201,0.4225269495594334,Groen_Verharding,weighted_mean,Groen & Verharding
BU00860202,0.397452166513382,Groen_Verharding,weighted_mean,Groen & Verharding
BU00860203,0.4080123284657951,Groen_Verharding,weighted_mean,Groen & Verharding
BU00860204,0.3473757088713722,Groen_Verharding,weighted_mean,Groen & Verharding
BU00860205,0.4093834002044993,Groen_Verharding,weighted_mean,Groen & Verharding
BU00860206,0.4223184844862529,Groen_Verharding,weighted_mean,Groen & Verharding
BU00860207,0.39998084090905434,Groen_Verharding,weighted_mean,Groen & Verharding
BU00860208,0.2450290128167087,Groen_Verharding,weighted_mean,Groen & Verharding
BU00860209,0.30410630066135186,Groen_Verharding,weighted_mean,Groen & Verharding
WK008604,0.15818539359440817,Groen_Verharding,weighted_mean,Groen & Verharding
BU00860401,0.35357897402514643,Groen_Verharding,weighted_mean,Groen & Verharding
BU00860402,0.09406710609599588,Groen_Verharding,weighted_mean,Groen & Verharding
WK008605,0.3009545716687861,Groen_Verharding,weighted_mean,Groen & Verharding
BU00860501,0.35304149665280904,Groen_Verharding,weighted_mean,Groen & Verharding
BU00860502,0.35384003616988474,Groen_Verharding,weighted_mean,Groen & Verharding
BU00860503,0.41962767661195494,Groen_Verharding,weighted_mean,Groen & Verharding
BU00860504,0.39664220464443933,Groen_Verharding,weighted_mean,Groen & Verharding
BU00860505,0.3961708683596299,Groen_Verharding,weighted_mean,Groen & Verharding
BU00860506,0.4113686640822082,Groen_Verharding,weighted_mean,Groen & Verharding
BU00860507,0.452726789226456,Groen_Verharding,weighted_mean,Groen & Verharding
BU00860508,0.1052049426938331,Groen_Verharding,weighted_mean,Groen & Verharding
WK008606,0.1784480672331332,Groen_Verharding,weighted_mean,Groen & Verharding
BU00860601,0.35254242758320553,Groen_Verharding,weighted_mean,Groen & Verharding
BU00860602,0.2036862522485503,Groen_Verharding,weighted_mean,Groen & Verharding
WK008607,0.15232773112165676,Groen_Verharding,weighted_mean,Groen & Verharding
BU00860701,0.30094475779433066,Groen_Verharding,weighted_mean,Groen & Verharding
BU00860702,0.1311297808507295,Groen_Verharding,weighted_mean,Groen & Verharding
WK008608,0.1664065502459099,Groen_Verharding,weighted_mean,Groen & Verharding
BU00860801,0.327805885372909,Groen_Verharding,weighted_mean,Groen & Verharding
BU00860802,0.14684067957070132,Groen_Verharding,weighted_mean,Groen & Verharding
WK008609,0.15708083782590368,Groen_Verharding,weighted_mean,Groen & Verharding
BU00860901,0.31539261955009995,Groen_Verharding,weighted_mean,Groen & Verharding
BU00860902,0.16021469970668512,Groen_Verharding,weighted_mean,Groen & Verharding
WK008610,0.1535373846838139,Groen_Verharding,weighted_mean,Groen & Verharding
BU00861001,0.36116481312135496,Groen_Verharding,weighted_mean,Groen & Verharding
BU00861002,0.1325653177585284,Groen_Verharding,weighted_mean,Groen & Verharding
WK008611,0.1658317573264079,Groen_Verharding,weighted_mean,Groen & Verharding
BU00861101,0.3216987142089915,Groen_Verharding,weighted_mean,Groen & Verharding
BU00861102,0.15174153026253692,Groen_Verharding,weighted_mean,Groen & Verharding
WK008613,0.19643615433546105,Groen_Verharding,weighted_mean,Groen & Verharding
BU00861301,0.2843589044529759,Groen_Verharding,weighted_mean,Groen & Verharding
BU00861302,0.0858076807023643,Groen_Verharding,weighted_mean,Groen & Verharding
WK008614,0.16516268715446553,Groen_Verharding,weighted_mean,Groen & Verharding
BU00861401,0.2969581507989001,Groen_Verharding,weighted_mean,Groen & Verharding
BU00861402,0.18934448801486775,Groen_Verharding,weighted_mean,Groen & Verharding
WK008615,0.1810596799489339,Groen_Verharding,weighted_mean,Groen & Verharding
BU00861501,0.38060895372869186,Groen_Verharding,weighted_mean,Groen & Verharding
BU00861502,0.19326403893219482,Groen_Verharding,weighted_mean,Groen & Verharding
WK008616,0.2507087588701674,Groen_Verharding,weighted_mean,Groen & Verharding
BU00861601,0.3605737426517427,Groen_Verharding,weighted_mean,Groen & Verharding
BU00861602,0.36407723636542094,Groen_Verharding,weighted_mean,Groen & Verharding
BU00861603,0.3460298069362,Groen_Verharding,weighted_mean,Groen & Verharding
BU00861604,0.35427426854577604,Groen_Verharding,weighted_mean,Groen & Verharding
BU00861605,0.379569904132785,Groen_Verharding,weighted_mean,Groen & Verharding
BU00861606,0.3500918672134546,Groen_Verharding,weighted_mean,Groen & Verharding
BU00861607,0.18487461735400756,Groen_Verharding,weighted_mean,Groen & Verharding
WK008617,0.1786791448192022,Groen_Verharding,weighted_mean,Groen & Verharding
BU00861701,0.29444358623466677,Groen_Verharding,weighted_mean,Groen & Verharding
BU00861702,0.34541410090240654,Groen_Verharding,weighted_mean,Groen & Verharding
BU00861703,0.12397806894352911,Groen_Verharding,weighted_mean,Groen & Verharding
GM0088,0.1936225087112676,Groen_Verharding,weighted_mean,Groen & Verharding
WK008800,0.19917689358497653,Groen_Verharding,weighted_mean,Groen & Verharding
BU00880000,0.34769511841045864,Groen_Verharding,weighted_mean,Groen & Verharding
BU00880009,0.3159390385715259,Groen_Verharding,weighted_mean,Groen & Verharding
GM0090,0.33597749808989974,Groen_Verharding,weighted_mean,Groen & Verharding
WK009001,0.3673986801505447,Groen_Verharding,weighted_mean,Groen & Verharding
BU00900101,0.3491980182669163,Groen_Verharding,weighted_mean,Groen & Verharding
WK009002,0.3055489084543946,Groen_Verharding,weighted_mean,Groen & Verharding
BU00900201,0.3466817910919264,Groen_Verharding,weighted_mean,Groen & Verharding
BU00900202,0.43463390721978873,Groen_Verharding,weighted_mean,Groen & Verharding
BU00900203,0.37401586397892045,Groen_Verharding,weighted_mean,Groen & Verharding
BU00900204,0.41006819025688956,Groen_Verharding,weighted_mean,Groen & Verharding
BU00900205,0.41073608040845433,Groen_Verharding,weighted_mean,Groen & Verharding
BU00900206,0.42968351328862364,Groen_Verharding,weighted_mean,Groen & Verharding
WK009003,0.3347232650027963,Groen_Verharding,weighted_mean,Groen & Verharding
BU00900301,0.3759772333650771,Groen_Verharding,weighted_mean,Groen & Verharding
BU00900302,0.45670897374970054,Groen_Verharding,weighted_mean,Groen & Verharding
BU00900303,0.437907593709037,Groen_Verharding,weighted_mean,Groen & Verharding
BU00900304,0.39551495553506083,Groen_Verharding,weighted_mean,Groen & Verharding
WK009004,0.32244887945624323,Groen_Verharding,weighted_mean,Groen & Verharding
BU00900401,0.372522855964737,Groen_Verharding,weighted_mean,Groen & Verharding
BU00900402,0.4407689063478323,Groen_Verharding,weighted_mean,Groen & Verharding
BU00900403,0.45825017448918276,Groen_Verharding,weighted_mean,Groen & Verharding
BU00900404,0.44823892053574527,Groen_Verharding,weighted_mean,Groen & Verharding
BU00900405,0.42800567890082036,Groen_Verharding,weighted_mean,Groen & Verharding
BU00900406,0.4410233089291083,Groen_Verharding,weighted_mean,Groen & Verharding
WK009005,0.4041649292275795,Groen_Verharding,weighted_mean,Groen & Verharding
BU00900501,0.4039675238038914,Groen_Verharding,weighted_mean,Groen & Verharding
BU00900502,0.3972030217558964,Groen_Verharding,weighted_mean,Groen & Verharding
WK009006,0.4206011917313772,Groen_Verharding,weighted_mean,Groen & Verharding
BU00900601,0.44604887110675134,Groen_Verharding,weighted_mean,Groen & Verharding
BU00900602,0.41381164551440186,Groen_Verharding,weighted_mean,Groen & Verharding
BU00900603,0.38471131571540357,Groen_Verharding,weighted_mean,Groen & Verharding
WK009007,0.28877430045189895,Groen_Verharding,weighted_mean,Groen & Verharding
BU00900701,0.3272884385743293,Groen_Verharding,weighted_mean,Groen & Verharding
BU00900702,0.26094285746379803,Groen_Verharding,weighted_mean,Groen & Verharding
BU00900703,0.27793762542176975,Groen_Verharding,weighted_mean,Groen & Verharding
BU00900704,0.30486236204821343,Groen_Verharding,weighted_mean,Groen & Verharding
BU00900705,0.23237672359042336,Groen_Verharding,weighted_mean,Groen & Verharding
BU00900706,0.19623412214088992,Groen_Verharding,weighted_mean,Groen & Verharding
WK009008,0.31989204932159765,Groen_Verharding,weighted_mean,Groen & Verharding
BU00900801,0.3701935691380034,Groen_Verharding,weighted_mean,Groen & Verharding
BU00900802,0.39611703514419316,Groen_Verharding,weighted_mean,Groen & Verharding
BU00900803,0.28517658126740775,Groen_Verharding,weighted_mean,Groen & Verharding
WK009009,0.40132113954586796,Groen_Verharding,weighted_mean,Groen & Verharding
BU00900901,0.3916431729562298,Groen_Verharding,weighted_mean,Groen & Verharding
BU00900902,0.3725581819172412,Groen_Verharding,weighted_mean,Groen & Verharding
BU00900903,0.3911806883070888,Groen_Verharding,weighted_mean,Groen & Verharding
BU00900904,0.42339474502125074,Groen_Verharding,weighted_mean,Groen & Verharding
WK009010,0.4300039759653651,Groen_Verharding,weighted_mean,Groen & Verharding
BU00901001,0.25842000040360047,Groen_Verharding,weighted_mean,Groen & Verharding
BU00901002,0.37712783104352704,Groen_Verharding,weighted_mean,Groen & Verharding
BU00901003,0.37013732282975315,Groen_Verharding,weighted_mean,Groen & Verharding
BU00901004,0.3864955095643114,Groen_Verharding,weighted_mean,Groen & Verharding
WK009011,0.3019495594786643,Groen_Verharding,weighted_mean,Groen & Verharding
BU00901101,0.2995086410760213,Groen_Verharding,weighted_mean,Groen & Verharding
WK009012,0.19191143752443654,Groen_Verharding,weighted_mean,Groen & Verharding
BU00901201,0.2717544755168704,Groen_Verharding,weighted_mean,Groen & Verharding
BU00901202,0.2308108339441723,Groen_Verharding,weighted_mean,Groen & Verharding
WK009013,0.3810424298822342,Groen_Verharding,weighted_mean,Groen & Verharding
BU00901301,0.39594575268835286,Groen_Verharding,weighted_mean,Groen & Verharding
BU00901302,0.407640410759834,Groen_Verharding,weighted_mean,Groen & Verharding
BU00901303,0.4184338434492212,Groen_Verharding,weighted_mean,Groen & Verharding
WK009021,0.22512193927406682,Groen_Verharding,weighted_mean,Groen & Verharding
BU00902104,0.0709644266517088,Groen_Verharding,weighted_mean,Groen & Verharding
BU00902105,0.07580022176994647,Groen_Verharding,weighted_mean,Groen & Verharding
BU00902109,0.1680074615094064,Groen_Verharding,weighted_mean,Groen & Verharding
BU00902110,0.15964182930931461,Groen_Verharding,weighted_mean,Groen & Verharding
BU00902114,0.1716839750224404,Groen_Verharding,weighted_mean,Groen & Verharding
WK009022,0.17963679578990518,Groen_Verharding,weighted_mean,Groen & Verharding
BU00902201,0.13447815305096997,Groen_Verharding,weighted_mean,Groen & Verharding
BU00902202,0.18316420945425047,Groen_Verharding,weighted_mean,Groen & Verharding
BU00902203,0.36493408142381034,Groen_Verharding,weighted_mean,Groen & Verharding
BU00902206,0.18569514509760415,Groen_Verharding,weighted_mean,Groen & Verharding
BU00902212,0.13694659454720895,Groen_Verharding,weighted_mean,Groen & Verharding
BU00902213,0.13886109460792453,Groen_Verharding,weighted_mean,Groen & Verharding
BU00902215,0.13627336123348838,Groen_Verharding,weighted_mean,Groen & Verharding
BU00902216,0.23372576035190606,Groen_Verharding,weighted_mean,Groen & Verharding
WK009023,0.22641932434414272,Groen_Verharding,weighted_mean,Groen & Verharding
BU00902307,0.12923211133032328,Groen_Verharding,weighted_mean,Groen & Verharding
BU00902308,0.12779835947529755,Groen_Verharding,weighted_mean,Groen & Verharding
BU00902311,0.14167887320687167,Groen_Verharding,weighted_mean,Groen & Verharding
GM1900,0.33597749808989974,Groen_Verharding,weighted_mean,Groen & Verharding
WK190000,0.33597749808989974,Groen_Verharding,weighted_mean,Groen & Verharding
BU19000000,0.33690466641529376,Groen_Verharding,weighted_mean,Groen & Verharding
BU19000001,0.3664530278756042,Groen_Verharding,weighted_mean,Groen & Verharding
BU19000002,0.43382215700719995,Groen_Verharding,weighted_mean,Groen & Verharding
BU19000003,0.35058388762720805,Groen_Verharding,weighted_mean,Groen & Verharding
BU19000004,0.3901364181051731,Groen_Verharding,weighted_mean,Groen & Verharding
BU19000009,0.19003989549687306,Groen_Verharding,weighted_mean,Groen & Verharding
WK190001,0.33597749808989974,Groen_Verharding,weighted_mean,Groen & Verharding
BU19000101,0.2783862616971251,Groen_Verharding,weighted_mean,Groen & Verharding
BU19000102,0.4216411511434405,Groen_Verharding,weighted_mean,Groen & Verharding
BU19000103,0.3529382916816756,Groen_Verharding,weighted_mean,Groen & Verharding
BU19000104,0.42590873892101677,Groen_Verharding,weighted_mean,Groen & Verharding
BU19000105,0.3830776063988271,Groen_Verharding,weighted_mean,Groen & Verharding
BU19000106,0.4072408139801848,Groen_Verharding,weighted_mean,Groen & Verharding
BU19000107,0.4409828560813253,Groen_Verharding,weighted_mean,Groen & Verharding
BU19000108,0.4147810170987936,Groen_Verharding,weighted_mean,Groen & Verharding
BU19000109,0.43252340454378535,Groen_Verharding,weighted_mean,Groen & Verharding
BU19000110,0.42343069551730134,Groen_Verharding,weighted_mean,Groen & Verharding
BU19000111,0.4405993828857444,Groen_Verharding,weighted_mean,Groen & Verharding
BU19000112,0.4006499506732123,Groen_Verharding,weighted_mean,Groen & Verharding
BU19000113,0.29023161663316105,Groen_Verharding,weighted_mean,Groen & Verharding
BU19000114,0.4475053972470912,Groen_Verharding,weighted_mean,Groen & Verharding
BU19000115,0.4144496001321637,Groen_Verharding,weighted_mean,Groen & Verharding
BU19000116,0.3759441477838062,Groen_Verharding,weighted_mean,Groen & Verharding
BU19000117,0.2902013270276349,Groen_Verharding,weighted_mean,Groen & Verharding
BU19000118,0.1766075155747992,Groen_Verharding,weighted_mean,Groen & Verharding
BU19000119,0.2180281895628251,Groen_Verharding,weighted_mean,Groen & Verharding
BU19000120,0.22540270082401598,Groen_Verharding,weighted_mean,Groen & Verharding
WK190002,0.27699137725454687,Groen_Verharding,weighted_mean,Groen & Verharding
BU19000200,0.32842683526281125,Groen_Verharding,weighted_mean,Groen & Verharding
BU19000201,0.1479262140429489,Groen_Verharding,weighted_mean,Groen & Verharding
BU19000202,0.34871867334547496,Groen_Verharding,weighted_mean,Groen & Verharding
BU19000208,0.15137062966774076,Groen_Verharding,weighted_mean,Groen & Verharding
BU19000209,0.18077354637246187,Groen_Verharding,weighted_mean,Groen & Verharding
WK190003,0.20423108722936195,Groen_Verharding,weighted_mean,Groen & Verharding
BU19000300,0.27708112816391695,Groen_Verharding,weighted_mean,Groen & Verharding
BU19000301,0.1544316814405807,Groen_Verharding,weighted_mean,Groen & Verharding
BU19000302,0.23506899587844787,Groen_Verharding,weighted_mean,Groen & Verharding
BU19000308,0.15585275941478238,Groen_Verharding,weighted_mean,Groen & Verharding
BU19000309,0.13594448347832008,Groen_Verharding,weighted_mean,Groen & Verharding
WK190004,0.1755157172035899,Groen_Verharding,weighted_mean,Groen & Verharding
BU19000400,0.2528355272196571,Groen_Verharding,weighted_mean,Groen & Verharding
BU19000401,0.14065081846170652,Groen_Verharding,weighted_mean,Groen & Verharding
BU19000402,0.1211509783050407,Groen_Verharding,weighted_mean,Groen & Verharding
BU19000403,0.3953940794546229,Groen_Verharding,weighted_mean,Groen & Verharding
BU19000408,0.22294913668014266,Groen_Verharding,weighted_mean,Groen & Verharding
BU19000409,0.2389165598675415,Groen_Verharding,weighted_mean,Groen & Verharding
WK190005,0.24630516783367945,Groen_Verharding,weighted_mean,Groen & Verharding
BU19000500,0.25994897645870857,Groen_Verharding,weighted_mean,Groen & Verharding
BU19000501,0.35534445024053574,Groen_Verharding,weighted_mean,Groen & Verharding
BU19000502,0.42064161309817655,Groen_Verharding,weighted_mean,Groen & Verharding
BU19000503,0.15800421860603905,Groen_Verharding,weighted_mean,Groen & Verharding
WK190006,0.1796367957899052,Groen_Verharding,weighted_mean,Groen & Verharding
BU19000600,0.3642864990245422,Groen_Verharding,weighted_mean,Groen & Verharding
BU19000602,0.25906518803025397,Groen_Verharding,weighted_mean,Groen & Verharding
BU19000603,0.26600304020531185,Groen_Verharding,weighted_mean,Groen & Verharding
BU19000607,0.17117232697753648,Groen_Verharding,weighted_mean,Groen & Verharding
BU19000608,0.12739054574027994,Groen_Verharding,weighted_mean,Groen & Verharding
BU19000609,0.1659084015805154,Groen_Verharding,weighted_mean,Groen & Verharding
WK190007,0.18714162354473216,Groen_Verharding,weighted_mean,Groen & Verharding
BU19000700,0.3385529796875465,Groen_Verharding,weighted_mean,Groen & Verharding
BU19000701,0.26386986164798465,Groen_Verharding,weighted_mean,Groen & Verharding
BU19000702,0.25177494833830366,Groen_Verharding,weighted_mean,Groen & Verharding
BU19000706,0.13130897039849254,Groen_Verharding,weighted_mean,Groen & Verharding
BU19000707,0.10626257839403484,Groen_Verharding,weighted_mean,Groen & Verharding
BU19000708,0.08606596421244367,Groen_Verharding,weighted_mean,Groen & Verharding
WK190008,0.18301322726806132,Groen_Verharding,weighted_mean,Groen & Verharding
BU19000800,0.2615822549663643,Groen_Verharding,weighted_mean,Groen & Verharding
BU19000801,0.26673283449813634,Groen_Verharding,weighted_mean,Groen & Verharding
BU19000802,0.1494705783052817,Groen_Verharding,weighted_mean,Groen & Verharding
BU19000804,0.1926351763908543,Groen_Verharding,weighted_mean,Groen & Verharding
BU19000808,0.19689566110761306,Groen_Verharding,weighted_mean,Groen & Verharding
BU19000809,0.14865985355008204,Groen_Verharding,weighted_mean,Groen & Verharding
WK190009,0.1786791448192022,Groen_Verharding,weighted_mean,Groen & Verharding
BU19000900,0.21714731634221515,Groen_Verharding,weighted_mean,Groen & Verharding
BU19000901,0.16385546351251282,Groen_Verharding,weighted_mean,Groen & Verharding
BU19000902,0.15603648378645893,Groen_Verharding,weighted_mean,Groen & Verharding
BU19000903,0.20425103977633183,Groen_Verharding,weighted_mean,Groen & Verharding
BU19000904,0.1920807905430292,Groen_Verharding,weighted_mean,Groen & Verharding
BU19000905,0.16037024207785666,Groen_Verharding,weighted_mean,Groen & Verharding
BU19000906,0.11369496863197656,Groen_Verharding,weighted_mean,Groen & Verharding
BU19000907,0.13421809332241597,Groen_Verharding,weighted_mean,Groen & Verharding
BU19000908,0.20408806044616792,Groen_Verharding,weighted_mean,Groen & Verharding
BU19000909,0.11410739053785753,Groen_Verharding,weighted_mean,Groen & Verharding
WK190010,0.1658317573264079,Groen_Verharding,weighted_mean,Groen & Verharding
BU19001000,0.22063609860960737,Groen_Verharding,weighted_mean,Groen & Verharding
BU19001001,0.2556889231619186,Groen_Verharding,weighted_mean,Groen & Verharding
BU19001002,0.1292817285007479,Groen_Verharding,weighted_mean,Groen & Verharding
BU19001003,0.12496296486678612,Groen_Verharding,weighted_mean,Groen & Verharding
BU19001007,0.12868936578861892,Groen_Verharding,weighted_mean,Groen & Verharding
BU19001008,0.19361904542422284,Groen_Verharding,weighted_mean,Groen & Verharding
WK190011,0.1661585098896236,Groen_Verharding,weighted_mean,Groen & Verharding
BU19001100,0.3388820865248842,Groen_Verharding,weighted_mean,Groen & Verharding
BU19001101,0.2474818533711202,Groen_Verharding,weighted_mean,Groen & Verharding
BU19001108,0.1385249639931577,Groen_Verharding,weighted_mean,Groen & Verharding
BU19001109,0.19983501592167793,Groen_Verharding,weighted_mean,Groen & Verharding
WK190012,0.16478094884904906,Groen_Verharding,weighted_mean,Groen & Verharding
BU19001200,0.3731104876124086,Groen_Verharding,weighted_mean,Groen & Verharding
BU19001201,0.14747625967371927,Groen_Verharding,weighted_mean,Groen & Verharding
BU19001202,0.13834735365758746,Groen_Verharding,weighted_mean,Groen & Verharding
BU19001203,0.12511139686732334,Groen_Verharding,weighted_mean,Groen & Verharding
BU19001204,0.12092719335433601,Groen_Verharding,weighted_mean,Groen & Verharding
BU19001208,0.1387213205447645,Groen_Verharding,weighted_mean,Groen & Verharding
BU19001209,0.1288692861653248,Groen_Verharding,weighted_mean,Groen & Verharding
WK190013,0.17963679578990518,Groen_Verharding,weighted_mean,Groen & Verharding
BU19001300,0.3006655000317658,Groen_Verharding,weighted_mean,Groen & Verharding
BU19001301,0.2855034819177376,Groen_Verharding,weighted_mean,Groen & Verharding
BU19001302,0.23740072513596738,Groen_Verharding,weighted_mean,Groen & Verharding
BU19001303,0.23934543572844233,Groen_Verharding,weighted_mean,Groen & Verharding
BU19001306,0.15775866006896908,Groen_Verharding,weighted_mean,Groen & Verharding
BU19001307,0.1637589327558006,Groen_Verharding,weighted_mean,Groen & Verharding
BU19001308,0.11891901327495108,Groen_Verharding,weighted_mean,Groen & Verharding
BU19001309,0.11795927383765462,Groen_Verharding,weighted_mean,Groen & Verharding
WK190014,0.18621608061473674,Groen_Verharding,weighted_mean,Groen & Verharding
BU19001400,0.2173236173385085,Groen_Verharding,weighted_mean,Groen & Verharding
BU19001401,0.23645788726474692,Groen_Verharding,weighted_mean,Groen & Verharding
BU19001402,0.130551658989178,Groen_Verharding,weighted_mean,Groen & Verharding
BU19001403,0.2022619523777119,Groen_Verharding,weighted_mean,Groen & Verharding
BU19001404,0.20940798656413975,Groen_Verharding,weighted_mean,Groen & Verharding
BU19001405,0.12088542362059475,Groen_Verharding,weighted_mean,Groen & Verharding
BU19001406,0.13595065809966275,Groen_Verharding,weighted_mean,Groen & Verharding
BU19001407,0.11136056447018086,Groen_Verharding,weighted_mean,Groen & Verharding
BU19001408,0.23259595455510282,Groen_Verharding,weighted_mean,Groen & Verharding
BU19001409,0.10852766775591315,Groen_Verharding,weighted_mean,Groen & Verharding
WK190015,0.17505999376979697,Groen_Verharding,weighted_mean,Groen & Verharding
BU19001500,0.2655955344468273,Groen_Verharding,weighted_mean,Groen & Verharding
BU19001501,0.16306687777806791,Groen_Verharding,weighted_mean,Groen & Verharding
BU19001502,0.1379163999941903,Groen_Verharding,weighted_mean,Groen & Verharding
BU19001503,0.45228036690026324,Groen_Verharding,weighted_mean,Groen & Verharding
BU19001509,0.29561473907127683,Groen_Verharding,weighted_mean,Groen & Verharding
WK190016,0.1786791448192022,Groen_Verharding,weighted_mean,Groen & Verharding
BU19001600,0.22819994693576842,Groen_Verharding,weighted_mean,Groen & Verharding
BU19001601,0.1219289772297425,Groen_Verharding,weighted_mean,Groen & Verharding
BU19001602,0.12853835559968557,Groen_Verharding,weighted_mean,Groen & Verharding
BU19001603,0.24171814119705484,Groen_Verharding,weighted_mean,Groen & Verharding
BU19001604,0.2972049934497141,Groen_Verharding,weighted_mean,Groen & Verharding
BU19001606,0.15614705607856183,Groen_Verharding,weighted_mean,Groen & Verharding
BU19001607,0.12962988403564413,Groen_Verharding,weighted_mean,Groen & Verharding
BU19001608,0.12392268618530196,Groen_Verharding,weighted_mean,Groen & Verharding
WK190017,0.24630516783367945,Groen_Verharding,weighted_mean,Groen & Verharding
BU19001700,0.3573235371448562,Groen_Verharding,weighted_mean,Groen & Verharding
BU19001709,0.1425108283032235,Groen_Verharding,weighted_mean,Groen & Verharding
WK190018,0.17569319219371718,Groen_Verharding,weighted_mean,Groen & Verharding
BU19001800,0.29292200319189554,Groen_Verharding,weighted_mean,Groen & Verharding
BU19001801,0.16316326441805498,Groen_Verharding,weighted_mean,Groen & Verharding
BU19001802,0.1814702636195538,Groen_Verharding,weighted_mean,Groen & Verharding
BU19001803,0.2055608695892429,Groen_Verharding,weighted_mean,Groen & Verharding
BU19001804,0.21928713708884048,Groen_Verharding,weighted_mean,Groen & Verharding
BU19001808,0.11488193937067488,Groen_Verharding,weighted_mean,Groen & Verharding
BU19001809,0.17797789138450495,Groen_Verharding,weighted_mean,Groen & Verharding
WK190019,0.15214658441566162,Groen_Verharding,weighted_mean,Groen & Verharding
BU19001900,0.24522482028852172,Groen_Verharding,weighted_mean,Groen & Verharding
BU19001901,0.15006292354889525,Groen_Verharding,weighted_mean,Groen & Verharding
BU19001902,0.25779506467066615,Groen_Verharding,weighted_mean,Groen & Verharding
BU19001903,0.17217038228357026,Groen_Verharding,weighted_mean,Groen & Verharding
BU19001904,0.15158902100389887,Groen_Verharding,weighted_mean,Groen & Verharding
WK190020,0.22675103259083126,Groen_Verharding,weighted_mean,Groen & Verharding
BU19002001,0.3135042810702956,Groen_Verharding,weighted_mean,Groen & Verharding
BU19002002,0.27561155100127926,Groen_Verharding,weighted_mean,Groen & Verharding
BU19002003,0.13316435769318,Groen_Verharding,weighted_mean,Groen & Verharding
BU19002004,0.1495574086993621,Groen_Verharding,weighted_mean,Groen & Verharding
BU19002005,0.10765290586872876,Groen_Verharding,weighted_mean,Groen & Verharding
BU19002006,0.1263790277905442,Groen_Verharding,weighted_mean,Groen & Verharding
BU19002007,0.14129461285333078,Groen_Verharding,weighted_mean,Groen & Verharding
BU19002008,0.1200856990325843,Groen_Verharding,weighted_mean,Groen & Verharding
BU19002009,0.1039931814525082,Groen_Verharding,weighted_mean,Groen & Verharding
BU19002010,0.1155843685937261,Groen_Verharding,weighted_mean,Groen & Verharding
BU19002011,0.13064881911861775,Groen_Verharding,weighted_mean,Groen & Verharding
BU19002012,0.2047820985278531,Groen_Verharding,weighted_mean,Groen & Verharding
BU19002013,0.13318435965265343,Groen_Verharding,weighted_mean,Groen & Verharding
BU19002014,0.12926364974196566,Groen_Verharding,weighted_mean,Groen & Verharding
BU19002015,0.16344185236381628,Groen_Verharding,weighted_mean,Groen & Verharding
BU19002016,0.1625882067828245,Groen_Verharding,weighted_mean,Groen & Verharding
BU19002017,0.20006212109642088,Groen_Verharding,weighted_mean,Groen & Verharding
BU19002018,0.14307011564617492,Groen_Verharding,weighted_mean,Groen & Verharding
BU19002019,0.10013094298268393,Groen_Verharding,weighted_mean,Groen & Verharding
GM0093,0.15889228539347466,Groen_Verharding,weighted_mean,Groen & Verharding
WK009300,0.17963679578990518,Groen_Verharding,weighted_mean,Groen & Verharding
BU00930000,0.4143491234032949,Groen_Verharding,weighted_mean,Groen & Verharding
BU00930002,0.39571900323571857,Groen_Verharding,weighted_mean,Groen & Verharding
WK009301,0.19753502294917533,Groen_Verharding,weighted_mean,Groen & Verharding
BU00930110,0.32273053910336646,Groen_Verharding,weighted_mean,Groen & Verharding
BU00930111,0.18199163527625664,Groen_Verharding,weighted_mean,Groen & Verharding
BU00930112,0.3531617570439175,Groen_Verharding,weighted_mean,Groen & Verharding
WK009302,0.1589164496627412,Groen_Verharding,weighted_mean,Groen & Verharding
BU00930213,0.29178023214356835,Groen_Verharding,weighted_mean,Groen & Verharding
BU00930214,0.1681845915225537,Groen_Verharding,weighted_mean,Groen & Verharding
BU00930215,0.3104344766079421,Groen_Verharding,weighted_mean,Groen & Verharding
WK009303,0.16014790808216137,Groen_Verharding,weighted_mean,Groen & Verharding
BU00930316,0.1869292839912999,Groen_Verharding,weighted_mean,Groen & Verharding
BU00930317,0.14503995586660326,Groen_Verharding,weighted_mean,Groen & Verharding
WK009304,0.15645300898796888,Groen_Verharding,weighted_mean,Groen & Verharding
BU00930418,0.38127907789995447,Groen_Verharding,weighted_mean,Groen & Verharding
BU00930419,0.21521221673775123,Groen_Verharding,weighted_mean,Groen & Verharding
BU00930420,0.17156944899181004,Groen_Verharding,weighted_mean,Groen & Verharding
WK009305,0.22496343248909578,Groen_Verharding,weighted_mean,Groen & Verharding
BU00930521,0.20971250720158277,Groen_Verharding,weighted_mean,Groen & Verharding
BU00930522,0.13811585178202274,Groen_Verharding,weighted_mean,Groen & Verharding
BU00930523,0.2066258463184841,Groen_Verharding,weighted_mean,Groen & Verharding
GM0737,0.33597749808989974,Groen_Verharding,weighted_mean,Groen & Verharding
WK073700,0.33597749808989974,Groen_Verharding,weighted_mean,Groen & Verharding
BU07370000,0.3215087179736841,Groen_Verharding,weighted_mean,Groen & Verharding
BU07370009,0.17446057525661246,Groen_Verharding,weighted_mean,Groen & Verharding
WK073701,0.22376585185472384,Groen_Verharding,weighted_mean,Groen & Verharding
BU07370100,0.1886461588687277,Groen_Verharding,weighted_mean,Groen & Verharding
BU07370101,0.2491325965841256,Groen_Verharding,weighted_mean,Groen & Verharding
BU07370102,0.11791648430363505,Groen_Verharding,weighted_mean,Groen & Verharding
BU07370108,0.14878570975212738,Groen_Verharding,weighted_mean,Groen & Verharding
BU07370109,0.16895269463102755,Groen_Verharding,weighted_mean,Groen & Verharding
WK073702,0.22376585185472384,Groen_Verharding,weighted_mean,Groen & Verharding
BU07370200,0.2422142932728918,Groen_Verharding,weighted_mean,Groen & Verharding
BU07370201,0.2403048139856478,Groen_Verharding,weighted_mean,Groen & Verharding
BU07370208,0.22468031976029057,Groen_Verharding,weighted_mean,Groen & Verharding
BU07370209,0.12849166345994553,Groen_Verharding,weighted_mean,Groen & Verharding
WK073703,0.15745829968060396,Groen_Verharding,weighted_mean,Groen & Verharding
BU07370300,0.1730360685131608,Groen_Verharding,weighted_mean,Groen & Verharding
BU07370309,0.1697333122454087,Groen_Verharding,weighted_mean,Groen & Verharding
WK073704,0.1755157172035899,Groen_Verharding,weighted_mean,Groen & Verharding
BU07370400,0.18216046396576074,Groen_Verharding,weighted_mean,Groen & Verharding
BU07370401,0.13987391037903718,Groen_Verharding,weighted_mean,Groen & Verharding
BU07370408,0.16022482932693818,Groen_Verharding,weighted_mean,Groen & Verharding
BU07370409,0.10108034914452313,Groen_Verharding,weighted_mean,Groen & Verharding
WK073705,0.17567982275230923,Groen_Verharding,weighted_mean,Groen & Verharding
BU07370500,0.2794534068503925,Groen_Verharding,weighted_mean,Groen & Verharding
BU07370501,0.2245382508871068,Groen_Verharding,weighted_mean,Groen & Verharding
BU07370508,0.17148433592579393,Groen_Verharding,weighted_mean,Groen & Verharding
BU07370509,0.22158340276270275,Groen_Verharding,weighted_mean,Groen & Verharding
WK073706,0.1739642205706191,Groen_Verharding,weighted_mean,Groen & Verharding
BU07370600,0.3098241509687704,Groen_Verharding,weighted_mean,Groen & Verharding
BU07370609,0.08549135177590506,Groen_Verharding,weighted_mean,Groen & Verharding
WK073707,0.1796367957899052,Groen_Verharding,weighted_mean,Groen & Verharding
BU07370700,0.11855118048302207,Groen_Verharding,weighted_mean,Groen & Verharding
BU07370701,0.1986580855118795,Groen_Verharding,weighted_mean,Groen & Verharding
BU07370708,0.09309722790095806,Groen_Verharding,weighted_mean,Groen & Verharding
BU07370709,0.12388034473297212,Groen_Verharding,weighted_mean,Groen & Verharding
WK073708,0.2288500239837541,Groen_Verharding,weighted_mean,Groen & Verharding
BU07370800,0.25864199117200115,Groen_Verharding,weighted_mean,Groen & Verharding
BU07370809,0.21891626517764765,Groen_Verharding,weighted_mean,Groen & Verharding
WK073709,0.2767761864790401,Groen_Verharding,weighted_mean,Groen & Verharding
BU07370900,0.24956377042111355,Groen_Verharding,weighted_mean,Groen & Verharding
BU07370909,0.14243780789393126,Groen_Verharding,weighted_mean,Groen & Verharding
GM0096,0.1936225087112676,Groen_Verharding,weighted_mean,Groen & Verharding
WK009600,0.2124289648582404,Groen_Verharding,weighted_mean,Groen & Verharding
BU00960000,0.3754852347771842,Groen_Verharding,weighted_mean,Groen & Verharding
BU00960009,0.18220360580912545,Groen_Verharding,weighted_mean,Groen & Verharding
GM1949,0.33597749808989974,Groen_Verharding,weighted_mean,Groen & Verharding
WK194915,0.18784651753753495,Groen_Verharding,weighted_mean,Groen & Verharding
BU19491500,0.07990000851421097,Groen_Verharding,weighted_mean,Groen & Verharding
BU19491501,0.36428865425768203,Groen_Verharding,weighted_mean,Groen & Verharding
WK194916,0.24737301889950553,Groen_Verharding,weighted_mean,Groen & Verharding
BU19491600,0.13075916564910375,Groen_Verharding,weighted_mean,Groen & Verharding
BU19491601,0.3053042574661766,Groen_Verharding,weighted_mean,Groen & Verharding
BU19491602,0.37363228825934297,Groen_Verharding,weighted_mean,Groen & Verharding
BU19491603,0.32706725018427074,Groen_Verharding,weighted_mean,Groen & Verharding
BU19491604,0.3569391127895568,Groen_Verharding,weighted_mean,Groen & Verharding
BU19491605,0.3874699785266697,Groen_Verharding,weighted_mean,Groen & Verharding
BU19491606,0.29174603640475566,Groen_Verharding,weighted_mean,Groen & Verharding
WK194917,0.14653445436579846,Groen_Verharding,weighted_mean,Groen & Verharding
BU19491700,0.12414777099482008,Groen_Verharding,weighted_mean,Groen & Verharding
WK194918,0.2362964325086067,Groen_Verharding,weighted_mean,Groen & Verharding
BU19491800,0.15302813449235989,Groen_Verharding,weighted_mean,Groen & Verharding
BU19491801,0.30713702611448,Groen_Verharding,weighted_mean,Groen & Verharding
BU19491802,0.3782398701050379,Groen_Verharding,weighted_mean,Groen & Verharding
BU19491803,0.30937154438549447,Groen_Verharding,weighted_mean,Groen & Verharding
BU19491804,0.2754151630354785,Groen_Verharding,weighted_mean,Groen & Verharding
WK194919,0.16299504391032849,Groen_Verharding,weighted_mean,Groen & Verharding
BU19491900,0.16089300722115296,Groen_Verharding,weighted_mean,Groen & Verharding
BU19491901,0.3472800213279343,Groen_Verharding,weighted_mean,Groen & Verharding
WK194920,0.16343663035020198,Groen_Verharding,weighted_mean,Groen & Verharding
BU19492000,0.18718808114818525,Groen_Verharding,weighted_mean,Groen & Verharding
BU19492001,0.29349146168195667,Groen_Verharding,weighted_mean,Groen & Verharding
WK194921,0.14030163449522934,Groen_Verharding,weighted_mean,Groen & Verharding
BU19492100,0.11138838222693079,Groen_Verharding,weighted_mean,Groen & Verharding
WK194922,0.1224989886041587,Groen_Verharding,weighted_mean,Groen & Verharding
BU19492200,0.1216258116518216,Groen_Verharding,weighted_mean,Groen & Verharding
WK194923,0.18127814571986842,Groen_Verharding,weighted_mean,Groen & Verharding
BU19492300,0.14972870000351302,Groen_Verharding,weighted_mean,Groen & Verharding
BU19492301,0.3349616378972864,Groen_Verharding,weighted_mean,Groen & Verharding
WK194924,0.15818539359440817,Groen_Verharding,weighted_mean,Groen & Verharding
BU19492400,0.10878819089890773,Groen_Verharding,weighted_mean,Groen & Verharding
BU19492401,0.3318967899386695,Groen_Verharding,weighted_mean,Groen & Verharding
WK194925,0.1757725146443521,Groen_Verharding,weighted_mean,Groen & Verharding
BU19492500,0.20640396779331252,Groen_Verharding,weighted_mean,Groen & Verharding
BU19492501,0.33945571284169146,Groen_Verharding,weighted_mean,Groen & Verharding
WK194926,0.22641932434414272,Groen_Verharding,weighted_mean,Groen & Verharding
BU19492600,0.11083944453934892,Groen_Verharding,weighted_mean,Groen & Verharding
BU19492601,0.2600984158434822,Groen_Verharding,weighted_mean,Groen & Verharding
BU19492602,0.2920474678058882,Groen_Verharding,weighted_mean,Groen & Verharding
BU19492603,0.340405484644127,Groen_Verharding,weighted_mean,Groen & Verharding
BU19492604,0.3591574744331753,Groen_Verharding,weighted_mean,Groen & Verharding
WK194927,0.13713882588115334,Groen_Verharding,weighted_mean,Groen & Verharding
BU19492700,0.12417894152350549,Groen_Verharding,weighted_mean,Groen & Verharding
WK194928,0.33597749808989974,Groen_Verharding,weighted_mean,Groen & Verharding
BU19492800,0.17772123195123143,Groen_Verharding,weighted_mean,Groen & Verharding
BU19492801,0.30170622142848796,Groen_Verharding,weighted_mean,Groen & Verharding
BU19492802,0.33112310520537364,Groen_Verharding,weighted_mean,Groen & Verharding
BU19492803,0.3714031834213971,Groen_Verharding,weighted_mean,Groen & Verharding
BU19492804,0.42613300520840003,Groen_Verharding,weighted_mean,Groen & Verharding
BU19492805,0.23284541489518068,Groen_Verharding,weighted_mean,Groen & Verharding
BU19492806,0.29968636099810936,Groen_Verharding,weighted_mean,Groen & Verharding
BU19492807,0.2865436749060182,Groen_Verharding,weighted_mean,Groen & Verharding
BU19492808,0.43955466075229127,Groen_Verharding,weighted_mean,Groen & Verharding
BU19492809,0.4213461879538778,Groen_Verharding,weighted_mean,Groen & Verharding
BU19492810,0.3336629685826625,Groen_Verharding,weighted_mean,Groen & Verharding
BU19492811,0.4368728234137713,Groen_Verharding,weighted_mean,Groen & Verharding
BU19492812,0.3852278530621525,Groen_Verharding,weighted_mean,Groen & Verharding
BU19492813,0.409576288581088,Groen_Verharding,weighted_mean,Groen & Verharding
BU19492814,0.3617227349003667,Groen_Verharding,weighted_mean,Groen & Verharding
BU19492815,0.4217447778137574,Groen_Verharding,weighted_mean,Groen & Verharding
BU19492816,0.31466067608979786,Groen_Verharding,weighted_mean,Groen & Verharding
BU19492817,0.33930269495457344,Groen_Verharding,weighted_mean,Groen & Verharding
WK194929,0.1729062614853933,Groen_Verharding,weighted_mean,Groen & Verharding
BU19492900,0.17654528212060122,Groen_Verharding,weighted_mean,Groen & Verharding
WK194930,0.143420428646853,Groen_Verharding,weighted_mean,Groen & Verharding
BU19493000,0.12752816699354,Groen_Verharding,weighted_mean,Groen & Verharding
WK194931,0.1694184495298597,Groen_Verharding,weighted_mean,Groen & Verharding
BU19493100,0.12927067728371996,Groen_Verharding,weighted_mean,Groen & Verharding
BU19493101,0.31554112351368946,Groen_Verharding,weighted_mean,Groen & Verharding
WK194932,0.16997543195812234,Groen_Verharding,weighted_mean,Groen & Verharding
BU19493200,0.09696062070724357,Groen_Verharding,weighted_mean,Groen & Verharding
BU19493201,0.35873199185485055,Groen_Verharding,weighted_mean,Groen & Verharding
BU19493202,0.3626538051337506,Groen_Verharding,weighted_mean,Groen & Verharding
WK194933,0.14675250017644897,Groen_Verharding,weighted_mean,Groen & Verharding
BU19493300,0.11175488404712484,Groen_Verharding,weighted_mean,Groen & Verharding
WK194934,0.15589666952208295,Groen_Verharding,weighted_mean,Groen & Verharding
BU19493400,0.17561534357311148,Groen_Verharding,weighted_mean,Groen & Verharding
BU19493401,0.3031768249102707,Groen_Verharding,weighted_mean,Groen & Verharding
WK194935,0.22376585185472384,Groen_Verharding,weighted_mean,Groen & Verharding
BU19493500,0.19079705920066584,Groen_Verharding,weighted_mean,Groen & Verharding
BU19493501,0.2567270172517713,Groen_Verharding,weighted_mean,Groen & Verharding
BU19493502,0.3138499551843133,Groen_Verharding,weighted_mean,Groen & Verharding
BU19493503,0.3557169734847448,Groen_Verharding,weighted_mean,Groen & Verharding
WK194936,0.1835490323242436,Groen_Verharding,weighted_mean,Groen & Verharding
BU19493600,0.14302854924744304,Groen_Verharding,weighted_mean,Groen & Verharding
BU19493601,0.2801825878713774,Groen_Verharding,weighted_mean,Groen & Verharding
BU19493602,0.2891348197342567,Groen_Verharding,weighted_mean,Groen & Verharding
BU19493603,0.33714191370026225,Groen_Verharding,weighted_mean,Groen & Verharding
WK194937,0.3119470598089826,Groen_Verharding,weighted_mean,Groen & Verharding
BU19493700,0.31438633388234055,Groen_Verharding,weighted_mean,Groen & Verharding
WK194938,0.13878044268296713,Groen_Verharding,weighted_mean,Groen & Verharding
BU19493800,0.1363454147260671,Groen_Verharding,weighted_mean,Groen & Verharding
BU19493801,0.33637059364807226,Groen_Verharding,weighted_mean,Groen & Verharding
WK194939,0.16516268715446553,Groen_Verharding,weighted_mean,Groen & Verharding
BU19493900,0.09255886475994599,Groen_Verharding,weighted_mean,Groen & Verharding
BU19493901,0.29248953524830074,Groen_Verharding,weighted_mean,Groen & Verharding
WK194940,0.14668629673483852,Groen_Verharding,weighted_mean,Groen & Verharding
BU19494000,0.15521786206867438,Groen_Verharding,weighted_mean,Groen & Verharding
WK194941,0.15754939783065672,Groen_Verharding,weighted_mean,Groen & Verharding
BU19494100,0.14336422081637937,Groen_Verharding,weighted_mean,Groen & Verharding
WK194942,0.19071837468134084,Groen_Verharding,weighted_mean,Groen & Verharding
BU19494200,0.13390923158398046,Groen_Verharding,weighted_mean,Groen & Verharding
BU19494201,0.3488212982615995,Groen_Verharding,weighted_mean,Groen & Verharding
WK194943,0.13714138038104856,Groen_Verharding,weighted_mean,Groen & Verharding
BU19494300,0.16132855640124266,Groen_Verharding,weighted_mean,Groen & Verharding
WK194944,0.1835490323242436,Groen_Verharding,weighted_mean,Groen & Verharding
BU19494400,0.09573605017604946,Groen_Verharding,weighted_mean,Groen & Verharding
BU19494401,0.37067264686847906,Groen_Verharding,weighted_mean,Groen & Verharding
BU19494402,0.12357532529745877,Groen_Verharding,weighted_mean,Groen & Verharding
BU19494403,0.1405791969047928,Groen_Verharding,weighted_mean,Groen & Verharding
WK194945,0.13240708633498136,Groen_Verharding,weighted_mean,Groen & Verharding
BU19494500,0.14012030470108092,Groen_Verharding,weighted_mean,Groen & Verharding
WK194946,0.1270399647334903,Groen_Verharding,weighted_mean,Groen & Verharding
BU19494600,0.1259751409894592,Groen_Verharding,weighted_mean,Groen & Verharding
WK194947,0.1524594018531112,Groen_Verharding,weighted_mean,Groen & Verharding
BU19494700,0.03212492531296849,Groen_Verharding,weighted_mean,Groen & Verharding
BU19494701,0.29797108638099407,Groen_Verharding,weighted_mean,Groen & Verharding
WK194948,0.15524089566926833,Groen_Verharding,weighted_mean,Groen & Verharding
BU19494800,0.19414398316381523,Groen_Verharding,weighted_mean,Groen & Verharding
BU19494801,0.3232499380833113,Groen_Verharding,weighted_mean,Groen & Verharding
WK194949,0.1739642205706191,Groen_Verharding,weighted_mean,Groen & Verharding
BU19494900,0.05156400020352939,Groen_Verharding,weighted_mean,Groen & Verharding
BU19494901,0.3529765933424185,Groen_Verharding,weighted_mean,Groen & Verharding
BU19494902,0.37400661290767945,Groen_Verharding,weighted_mean,Groen & Verharding
WK194950,0.18371384588559583,Groen_Verharding,weighted_mean,Groen & Verharding
BU19495000,0.0924663047883006,Groen_Verharding,weighted_mean,Groen & Verharding
BU19495001,0.3473639693273238,Groen_Verharding,weighted_mean,Groen & Verharding
WK194951,0.14670906117583854,Groen_Verharding,weighted_mean,Groen & Verharding
BU19495100,0.10164861647314175,Groen_Verharding,weighted_mean,Groen & Verharding
WK194952,0.15826328874346646,Groen_Verharding,weighted_mean,Groen & Verharding
BU19495200,0.18287286486144816,Groen_Verharding,weighted_mean,Groen & Verharding
WK194953,0.16755020645780586,Groen_Verharding,weighted_mean,Groen & Verharding
BU19495300,0.1733003828470534,Groen_Verharding,weighted_mean,Groen & Verharding
BU19495301,0.3767771406902235,Groen_Verharding,weighted_mean,Groen & Verharding
BU19495302,0.31332593806338,Groen_Verharding,weighted_mean,Groen & Verharding
WK194954,0.15330465417201075,Groen_Verharding,weighted_mean,Groen & Verharding
BU19495400,0.13367001312056329,Groen_Verharding,weighted_mean,Groen & Verharding
BU19495401,0.3137117913901936,Groen_Verharding,weighted_mean,Groen & Verharding
WK194955,0.14204285419559196,Groen_Verharding,weighted_mean,Groen & Verharding
BU19495500,0.1498703438704314,Groen_Verharding,weighted_mean,Groen & Verharding
GM0098,0.33597749808989974,Groen_Verharding,weighted_mean,Groen & Verharding
WK009800,0.33597749808989974,Groen_Verharding,weighted_mean,Groen & Verharding
BU00980001,0.2796360345616983,Groen_Verharding,weighted_mean,Groen & Verharding
BU00980002,0.2902179381012157,Groen_Verharding,weighted_mean,Groen & Verharding
BU00980003,0.3022591339008258,Groen_Verharding,weighted_mean,Groen & Verharding
BU00980004,0.44306179818468255,Groen_Verharding,weighted_mean,Groen & Verharding
BU00980005,0.33932803992919336,Groen_Verharding,weighted_mean,Groen & Verharding
BU00980006,0.35495113614652446,Groen_Verharding,weighted_mean,Groen & Verharding
BU00980007,0.4004888048262806,Groen_Verharding,weighted_mean,Groen & Verharding
BU00980008,0.4256647384341242,Groen_Verharding,weighted_mean,Groen & Verharding
BU00980009,0.3607423481544936,Groen_Verharding,weighted_mean,Groen & Verharding
BU00980010,0.41671504104723667,Groen_Verharding,weighted_mean,Groen & Verharding
BU00980011,0.4075260365331328,Groen_Verharding,weighted_mean,Groen & Verharding
BU00980012,0.40373250298879093,Groen_Verharding,weighted_mean,Groen & Verharding
BU00980013,0.398549935050529,Groen_Verharding,weighted_mean,Groen & Verharding
BU00980014,0.3357311988772207,Groen_Verharding,weighted_mean,Groen & Verharding
BU00980015,0.36616246757475107,Groen_Verharding,weighted_mean,Groen & Verharding
BU00980016,0.3764808121462254,Groen_Verharding,weighted_mean,Groen & Verharding
BU00980017,0.36693450430464014,Groen_Verharding,weighted_mean,Groen & Verharding
BU00980018,0.3026255639374826,Groen_Verharding,weighted_mean,Groen & Verharding
BU00980019,0.3690857893824148,Groen_Verharding,weighted_mean,Groen & Verharding
BU00980020,0.3910615479761315,Groen_Verharding,weighted_mean,Groen & Verharding
BU00980021,0.2981343910146028,Groen_Verharding,weighted_mean,Groen & Verharding
WK009801,0.15694836234173648,Groen_Verharding,weighted_mean,Groen & Verharding
BU00980101,0.17955504446997705,Groen_Verharding,weighted_mean,Groen & Verharding
BU00980102,0.12530265050191455,Groen_Verharding,weighted_mean,Groen & Verharding
BU00980103,0.26862628192899995,Groen_Verharding,weighted_mean,Groen & Verharding
BU00980104,0.09095583713692329,Groen_Verharding,weighted_mean,Groen & Verharding
WK009802,0.15003841984952476,Groen_Verharding,weighted_mean,Groen & Verharding
BU00980201,0.14519359613869845,Groen_Verharding,weighted_mean,Groen & Verharding
BU00980202,0.12948362014946033,Groen_Verharding,weighted_mean,Groen & Verharding
WK009803,0.18301322726806135,Groen_Verharding,weighted_mean,Groen & Verharding
BU00980301,0.19997181177756368,Groen_Verharding,weighted_mean,Groen & Verharding
BU00980302,0.14109904650373634,Groen_Verharding,weighted_mean,Groen & Verharding
BU00980303,0.22533010962176594,Groen_Verharding,weighted_mean,Groen & Verharding
BU00980304,0.11577788535550593,Groen_Verharding,weighted_mean,Groen & Verharding
BU00980305,0.34262570869797404,Groen_Verharding,weighted_mean,Groen & Verharding
WK009804,0.16301823598039672,Groen_Verharding,weighted_mean,Groen & Verharding
BU00980401,0.2198217302659283,Groen_Verharding,weighted_mean,Groen & Verharding
BU00980402,0.12908961287525642,Groen_Verharding,weighted_mean,Groen & Verharding
BU00980403,0.11893946703953205,Groen_Verharding,weighted_mean,Groen & Verharding
WK009805,0.1538819866675829,Groen_Verharding,weighted_mean,Groen & Verharding
BU00980501,0.12167431671833989,Groen_Verharding,weighted_mean,Groen & Verharding
BU00980502,0.09801790824792155,Groen_Verharding,weighted_mean,Groen & Verharding
WK009806,0.14989627994837396,Groen_Verharding,weighted_mean,Groen & Verharding
BU00980601,0.17173465125362536,Groen_Verharding,weighted_mean,Groen & Verharding
BU00980602,0.10573621429840895,Groen_Verharding,weighted_mean,Groen & Verharding
WK009807,0.14084017896692827,Groen_Verharding,weighted_mean,Groen & Verharding
BU00980701,0.1350383970888689,Groen_Verharding,weighted_mean,Groen & Verharding
BU00980702,0.18920733045287558,Groen_Verharding,weighted_mean,Groen & Verharding
WK009808,0.16726657820245328,Groen_Verharding,weighted_mean,Groen & Verharding
BU00980801,0.14817850663166302,Groen_Verharding,weighted_mean,Groen & Verharding
BU00980802,0.09328957156774924,Groen_Verharding,weighted_mean,Groen & Verharding
WK009809,0.17712493754191294,Groen_Verharding,weighted_mean,Groen & Verharding
BU00980901,0.2205628189725675,Groen_Verharding,weighted_mean,Groen & Verharding
BU00980902,0.14497444532408887,Groen_Verharding,weighted_mean,Groen & Verharding
BU00980903,0.1273574661945536,Groen_Verharding,weighted_mean,Groen & Verharding
WK009810,0.2350859792371291,Groen_Verharding,weighted_mean,Groen & Verharding
BU00981001,0.24796065334767822,Groen_Verharding,weighted_mean,Groen & Verharding
BU00981002,0.14997504282311624,Groen_Verharding,weighted_mean,Groen & Verharding
BU00981003,0.21628249787892756,Groen_Verharding,weighted_mean,Groen & Verharding
BU00981004,0.2968937307652924,Groen_Verharding,weighted_mean,Groen & Verharding
BU00981005,0.24604038601691647,Groen_Verharding,weighted_mean,Groen & Verharding
BU00981006,0.39089208362755956,Groen_Verharding,weighted_mean,Groen & Verharding
BU00981007,0.30102542407060057,Groen_Verharding,weighted_mean,Groen & Verharding
BU00981008,0.20504432816768592,Groen_Verharding,weighted_mean,Groen & Verharding
BU00981009,0.2039909651527332,Groen_Verharding,weighted_mean,Groen & Verharding
WK009811,0.12778477213061634,Groen_Verharding,weighted_mean,Groen & Verharding
BU00981101,0.21323837294270878,Groen_Verharding,weighted_mean,Groen & Verharding
BU00981102,0.14680582800891162,Groen_Verharding,weighted_mean,Groen & Verharding
WK009812,0.15263179244947403,Groen_Verharding,weighted_mean,Groen & Verharding
BU00981201,0.16690431858500315,Groen_Verharding,weighted_mean,Groen & Verharding
WK009813,0.17311768031883612,Groen_Verharding,weighted_mean,Groen & Verharding
BU00981301,0.19127823306916958,Groen_Verharding,weighted_mean,Groen & Verharding
BU00981302,0.09807939505525758,Groen_Verharding,weighted_mean,Groen & Verharding
WK009814,0.15589982383501164,Groen_Verharding,weighted_mean,Groen & Verharding
BU00981401,0.19850026842619026,Groen_Verharding,weighted_mean,Groen & Verharding
BU00981402,0.15917844143830537,Groen_Verharding,weighted_mean,Groen & Verharding
WK009815,0.1698893011845333,Groen_Verharding,weighted_mean,Groen & Verharding
BU00981501,0.3296688391085545,Groen_Verharding,weighted_mean,Groen & Verharding
BU00981502,0.13208752637925203,Groen_Verharding,weighted_mean,Groen & Verharding
GM0059,0.06466213937944668,Water_En_Klimaatrisico,entropy,Water & Klimaat
WK005900,0.06466213937944669,Water_En_Klimaatrisico,entropy,Water & Klimaat
BU00590000,0.038207790562511376,Water_En_Klimaatrisico,entropy,Water & Klimaat
BU00590001,0.037659057005595575,Water_En_Klimaatrisico,entropy,Water & Klimaat
BU00590002,0.0448937765986066,Water_En_Klimaatrisico,entropy,Water & Klimaat
BU00590003,0.028684552116101148,Water_En_Klimaatrisico,entropy,Water & Klimaat
BU00590004,0.10069720471061788,Water_En_Klimaatrisico,entropy,Water & Klimaat
BU00590005,0.0518936603123707,Water_En_Klimaatrisico,entropy,Water & Klimaat
BU00590006,0.031252116974150854,Water_En_Klimaatrisico,entropy,Water & Klimaat
BU00590007,0.04526076609481894,Water_En_Klimaatrisico,entropy,Water & Klimaat
BU00590008,0.05446004188666077,Water_En_Klimaatrisico,entropy,Water & Klimaat
BU00590009,0.053580356035479615,Water_En_Klimaatrisico,entropy,Water & Klimaat
WK005901,0.07616211390362103,Water_En_Klimaatrisico,entropy,Water & Klimaat
BU00590100,0.11520532519028662,Water_En_Klimaatrisico,entropy,Water & Klimaat
BU00590102,0.07949450189165276,Water_En_Klimaatrisico,entropy,Water & Klimaat
BU00590103,0.07013312248277367,Water_En_Klimaatrisico,entropy,Water & Klimaat
BU00590107,0.10184426763704213,Water_En_Klimaatrisico,entropy,Water & Klimaat
BU00590108,0.03312471241819463,Water_En_Klimaatrisico,entropy,Water & Klimaat
BU00590109,0.045579856003414826,Water_En_Klimaatrisico,entropy,Water & Klimaat
WK005902,0.06466213937944668,Water_En_Klimaatrisico,entropy,Water & Klimaat
BU00590200,0.03150848049581088,Water_En_Klimaatrisico,entropy,Water & Klimaat
BU00590201,0.0732227347747464,Water_En_Klimaatrisico,entropy,Water & Klimaat
BU00590202,0.07840570904200675,Water_En_Klimaatrisico,entropy,Water & Klimaat
BU00590203,0.08429138454663107,Water_En_Klimaatrisico,entropy,Water & Klimaat
BU00590206,0.0371547113000129,Water_En_Klimaatrisico,entropy,Water & Klimaat
BU00590207,0.08357738277225893,Water_En_Klimaatrisico,entropy,Water & Klimaat
BU00590208,0.041324575352615606,Water_En_Klimaatrisico,entropy,Water & Klimaat
BU00590209,0.09348797160335273,Water_En_Klimaatrisico,entropy,Water & Klimaat
GM0060,0.1226502929335411,Water_En_Klimaatrisico,entropy,Water & Klimaat
WK006000,0.10020008726009426,Water_En_Klimaatrisico,entropy,Water & Klimaat
BU00600000,0.07195338130776627,Water_En_Klimaatrisico,entropy,Water & Klimaat
BU00600001,0.047184720361465086,Water_En_Klimaatrisico,entropy,Water & Klimaat
BU00600002,0.10443247210089883,Water_En_Klimaatrisico,entropy,Water & Klimaat
BU00600003,0.06345058638802926,Water_En_Klimaatrisico,entropy,Water & Klimaat
BU00600007,0.06557301791400824,Water_En_Klimaatrisico,entropy,Water & Klimaat
BU00600008,0.04727126001604942,Water_En_Klimaatrisico,entropy,Water & Klimaat
BU00600009,0.050368097054539346,Water_En_Klimaatrisico,entropy,Water & Klimaat
GM1891,0.06466213937944668,Water_En_Klimaatrisico,entropy,Water & Klimaat
WK189100,0.07759224219082643,Water_En_Klimaatrisico,entropy,Water & Klimaat
BU18910000,0.062172843517413375,Water_En_Klimaatrisico,entropy,Water & Klimaat
BU18910001,0.07592895872499006,Water_En_Klimaatrisico,entropy,Water & Klimaat
BU18910002,0.10786948570313813,Water_En_Klimaatrisico,entropy,Water & Klimaat
BU18910008,0.1070791009336877,Water_En_Klimaatrisico,entropy,Water & Klimaat
BU18910009,0.1017247491130781,Water_En_Klimaatrisico,entropy,Water & Klimaat
WK189101,0.07014952450154054,Water_En_Klimaatrisico,entropy,Water & Klimaat
BU18910100,0.06797136715029586,Water_En_Klimaatrisico,entropy,Water & Klimaat
BU18910101,0.07654533653933465,Water_En_Klimaatrisico,entropy,Water & Klimaat
BU18910108,0.17424694081039024,Water_En_Klimaatrisico,entropy,Water & Klimaat
BU18910109,0.11512961438967664,Water_En_Klimaatrisico,entropy,Water & Klimaat
WK189102,0.06867799138926667,Water_En_Klimaatrisico,entropy,Water & Klimaat
BU18910200,0.07229669704842753,Water_En_Klimaatrisico,entropy,Water & Klimaat
BU18910201,0.06320709733772897,Water_En_Klimaatrisico,entropy,Water & Klimaat
BU18910202,0.1017822380563259,Water_En_Klimaatrisico,entropy,Water & Klimaat
BU18910208,0.11166399212077185,Water_En_Klimaatrisico,entropy,Water & Klimaat
BU18910209,0.08959779177603014,Water_En_Klimaatrisico,entropy,Water & Klimaat
WK189103,0.08070164608930168,Water_En_Klimaatrisico,entropy,Water & Klimaat
BU18910300,0.12595362659364295,Water_En_Klimaatrisico,entropy,Water & Klimaat
BU18910301,0.17986392631983336,Water_En_Klimaatrisico,entropy,Water & Klimaat
BU18910309,0.13554625768583395,Water_En_Klimaatrisico,entropy,Water & Klimaat
GM1940,0.06466213937944669,Water_En_Klimaatrisico,entropy,Water & Klimaat
WK194001,0.14661158042038186,Water_En_Klimaatrisico,entropy,Water & Klimaat
BU19400101,0.1601261105538399,Water_En_Klimaatrisico,entropy,Water & Klimaat
WK194002,0.06898850945474742,Water_En_Klimaatrisico,entropy,Water & Klimaat
BU19400201,0.1131148372349126,Water_En_Klimaatrisico,entropy,Water & Klimaat
WK194003,0.08717274820183876,Water_En_Klimaatrisico,entropy,Water & Klimaat
BU19400301,0.1005165792438644,Water_En_Klimaatrisico,entropy,Water & Klimaat
WK194004,0.09192877527388789,Water_En_Klimaatrisico,entropy,Water & Klimaat
BU19400401,0.10049164384703087,Water_En_Klimaatrisico,entropy,Water & Klimaat
WK194005,0.1308241153860872,Water_En_Klimaatrisico,entropy,Water & Klimaat
BU19400501,0.12656234424077575,Water_En_Klimaatrisico,entropy,Water & Klimaat
WK194006,0.10420870923028676,Water_En_Klimaatrisico,entropy,Water & Klimaat
BU19400601,0.12765467945624617,Water_En_Klimaatrisico,entropy,Water & Klimaat
WK194007,0.13454121401662583,Water_En_Klimaatrisico,entropy,Water & Klimaat
BU19400701,0.141021874849287,Water_En_Klimaatrisico,entropy,Water & Klimaat
BU19400702,0.17898482644241456,Water_En_Klimaatrisico,entropy,Water & Klimaat
WK194008,0.20055934730769676,Water_En_Klimaatrisico,entropy,Water & Klimaat
BU19400801,0.16829105469501854,Water_En_Klimaatrisico,entropy,Water & Klimaat
WK194009,0.17443364054204633,Water_En_Klimaatrisico,entropy,Water & Klimaat
BU19400901,0.13054756408088727,Water_En_Klimaatrisico,entropy,Water & Klimaat
WK194010,0.16201094494059765,Water_En_Klimaatrisico,entropy,Water & Klimaat
BU19401001,0.17076894255096237,Water_En_Klimaatrisico,entropy,Water & Klimaat
WK194011,0.07171636361476036,Water_En_Klimaatrisico,entropy,Water & Klimaat
BU19401101,0.15232745931937414,Water_En_Klimaatrisico,entropy,Water & Klimaat
BU19401102,0.10750434630035297,Water_En_Klimaatrisico,entropy,Water & Klimaat
WK194012,0.18123337833393893,Water_En_Klimaatrisico,entropy,Water & Klimaat
BU19401201,0.20847786317608538,Water_En_Klimaatrisico,entropy,Water & Klimaat
WK194013,0.12952516198375436,Water_En_Klimaatrisico,entropy,Water & Klimaat
BU19401301,0.1751117620232418,Water_En_Klimaatrisico,entropy,Water & Klimaat
WK194014,0.15992574563439205,Water_En_Klimaatrisico,entropy,Water & Klimaat
BU19401401,0.2712294267521879,Water_En_Klimaatrisico,entropy,Water & Klimaat
WK194015,0.15265230172580727,Water_En_Klimaatrisico,entropy,Water & Klimaat
BU19401501,0.1592973806923677,Water_En_Klimaatrisico,entropy,Water & Klimaat
WK194016,0.08167518065959517,Water_En_Klimaatrisico,entropy,Water & Klimaat
BU19401601,0.08769367348804114,Water_En_Klimaatrisico,entropy,Water & Klimaat
WK194017,0.07289439590575503,Water_En_Klimaatrisico,entropy,Water & Klimaat
BU19401701,0.038706359938869145,Water_En_Klimaatrisico,entropy,Water & Klimaat
WK194018,0.09459915743049976,Water_En_Klimaatrisico,entropy,Water & Klimaat
BU19401801,0.06761644326773875,Water_En_Klimaatrisico,entropy,Water & Klimaat
WK194019,0.06466213937944669,Water_En_Klimaatrisico,entropy,Water & Klimaat
BU19401901,0.04418883040369439,Water_En_Klimaatrisico,entropy,Water & Klimaat
BU19401902,0.057070152555689854,Water_En_Klimaatrisico,entropy,Water & Klimaat
BU19401903,0.05699702130158615,Water_En_Klimaatrisico,entropy,Water & Klimaat
BU19401904,0.07251068857126618,Water_En_Klimaatrisico,entropy,Water & Klimaat
BU19401905,0.050428432047143465,Water_En_Klimaatrisico,entropy,Water & Klimaat
BU19401906,0.08034741949388453,Water_En_Klimaatrisico,entropy,Water & Klimaat
BU19401907,0.08384388234067518,Water_En_Klimaatrisico,entropy,Water & Klimaat
BU19401908,0.10169596816542721,Water_En_Klimaatrisico,entropy,Water & Klimaat
BU19401909,0.043108707462042,Water_En_Klimaatrisico,entropy,Water & Klimaat
BU19401910,0.06413498397883977,Water_En_Klimaatrisico,entropy,Water & Klimaat
WK194020,0.2012889969117654,Water_En_Klimaatrisico,entropy,Water & Klimaat
BU19402001,0.17193930271536176,Water_En_Klimaatrisico,entropy,Water & Klimaat
WK194021,0.08178970924818817,Water_En_Klimaatrisico,entropy,Water & Klimaat
BU19402101,0.10903508049117537,Water_En_Klimaatrisico,entropy,Water & Klimaat
WK194022,0.2064302788389078,Water_En_Klimaatrisico,entropy,Water & Klimaat
BU19402201,0.04090408062400847,Water_En_Klimaatrisico,entropy,Water & Klimaat
WK194023,0.06466213937944668,Water_En_Klimaatrisico,entropy,Water & Klimaat
BU19402301,0.1203526386952472,Water_En_Klimaatrisico,entropy,Water & Klimaat
BU19402302,0.13161131786761235,Water_En_Klimaatrisico,entropy,Water & Klimaat
BU19402303,0.1073885245840746,Water_En_Klimaatrisico,entropy,Water & Klimaat
BU19402304,0.09409287605239425,Water_En_Klimaatrisico,entropy,Water & Klimaat
BU19402305,0.12083532226938365,Water_En_Klimaatrisico,entropy,Water & Klimaat
BU19402306,0.09758883299724065,Water_En_Klimaatrisico,entropy,Water & Klimaat
BU19402307,0.0775048460284777,Water_En_Klimaatrisico,entropy,Water & Klimaat
BU19402308,0.10103708492340074,Water_En_Klimaatrisico,entropy,Water & Klimaat
WK194024,0.12693193580340767,Water_En_Klimaatrisico,entropy,Water & Klimaat
BU19402401,0.09893239243117173,Water_En_Klimaatrisico,entropy,Water & Klimaat
WK194025,0.092180301800597,Water_En_Klimaatrisico,entropy,Water & Klimaat
BU19402501,0.08644808800661755,Water_En_Klimaatrisico,entropy,Water & Klimaat
WK194026,0.07115302876770183,Water_En_Klimaatrisico,entropy,Water & Klimaat
BU19402601,0.06713613583743794,Water_En_Klimaatrisico,entropy,Water & Klimaat
WK194027,0.14497775285530362,Water_En_Klimaatrisico,entropy,Water & Klimaat
BU19402701,0.15940123947139204,Water_En_Klimaatrisico,entropy,Water & Klimaat
WK194028,0.0826948762942202,Water_En_Klimaatrisico,entropy,Water & Klimaat
BU19402801,0.19760983823099426,Water_En_Klimaatrisico,entropy,Water & Klimaat
BU19402802,0.10013459436971094,Water_En_Klimaatrisico,entropy,Water & Klimaat
WK194029,0.11609450605132768,Water_En_Klimaatrisico,entropy,Water & Klimaat
BU19402901,0.07160441520024075,Water_En_Klimaatrisico,entropy,Water & Klimaat
WK194030,0.061880684179639475,Water_En_Klimaatrisico,entropy,Water & Klimaat
BU19403001,0.06805236297269582,Water_En_Klimaatrisico,entropy,Water & Klimaat
WK194031,0.06618978385143828,Water_En_Klimaatrisico,entropy,Water & Klimaat
BU19403101,0.07881566579927263,Water_En_Klimaatrisico,entropy,Water & Klimaat
WK194032,0.08804916519115266,Water_En_Klimaatrisico,entropy,Water & Klimaat
BU19403201,0.05408050594538921,Water_En_Klimaatrisico,entropy,Water & Klimaat
WK194033,0.14521100108896645,Water_En_Klimaatrisico,entropy,Water & Klimaat
BU19403301,0.07808293726670547,Water_En_Klimaatrisico,entropy,Water & Klimaat
WK194034,0.12624002716706695,Water_En_Klimaatrisico,entropy,Water & Klimaat
BU19403401,0.09151603910649028,Water_En_Klimaatrisico,entropy,Water & Klimaat
WK194035,0.10143208235165616,Water_En_Klimaatrisico,entropy,Water & Klimaat
BU19403501,0.12178599331383091,Water_En_Klimaatrisico,entropy,Water & Klimaat
WK194036,0.11633283965604582,Water_En_Klimaatrisico,entropy,Water & Klimaat
BU19403601,0.06383335032725093,Water_En_Klimaatrisico,entropy,Water & Klimaat
WK194037,0.06732206592555695,Water_En_Klimaatrisico,entropy,Water & Klimaat
BU19403701,0.07862808919237704,Water_En_Klimaatrisico,entropy,Water & Klimaat
WK194038,0.07491120053263892,Water_En_Klimaatrisico,entropy,Water & Klimaat
BU19403801,0.03956494302604524,Water_En_Klimaatrisico,entropy,Water & Klimaat
WK194039,0.10309915148464238,Water_En_Klimaatrisico,entropy,Water & Klimaat
BU19403901,0.07133488610062208,Water_En_Klimaatrisico,entropy,Water & Klimaat
WK194040,0.07491120053263892,Water_En_Klimaatrisico,entropy,Water & Klimaat
BU19404001,0.050274596131004406,Water_En_Klimaatrisico,entropy,Water & Klimaat
WK194041,0.067512018074638,Water_En_Klimaatrisico,entropy,Water & Klimaat
BU19404101,0.06031587025486171,Water_En_Klimaatrisico,entropy,Water & Klimaat
WK194042,0.06684709409857258,Water_En_Klimaatrisico,entropy,Water & Klimaat
BU19404201,0.059906619130330255,Water_En_Klimaatrisico,entropy,Water & Klimaat
WK194043,0.12472734993915385,Water_En_Klimaatrisico,entropy,Water & Klimaat
BU19404301,0.21541895357608165,Water_En_Klimaatrisico,entropy,Water & Klimaat
WK194044,0.12767035378309413,Water_En_Klimaatrisico,entropy,Water & Klimaat
BU19404401,0.11195995673649653,Water_En_Klimaatrisico,entropy,Water & Klimaat
WK194045,0.05995439858664989,Water_En_Klimaatrisico,entropy,Water & Klimaat
BU19404501,0.08876425076166271,Water_En_Klimaatrisico,entropy,Water & Klimaat
WK194046,0.0944994520770588,Water_En_Klimaatrisico,entropy,Water & Klimaat
BU19404601,0.10944391315658722,Water_En_Klimaatrisico,entropy,Water & Klimaat
WK194047,0.10299874648796488,Water_En_Klimaatrisico,entropy,Water & Klimaat
BU19404701,0.1264312865902016,Water_En_Klimaatrisico,entropy,Water & Klimaat
WK194048,0.21503700943671655,Water_En_Klimaatrisico,entropy,Water & Klimaat
BU19404801,0.20187196598274182,Water_En_Klimaatrisico,entropy,Water & Klimaat
WK194049,0.08686347144546196,Water_En_Klimaatrisico,entropy,Water & Klimaat
BU19404901,0.11526415277684718,Water_En_Klimaatrisico,entropy,Water & Klimaat
WK194050,0.06974741386668296,Water_En_Klimaatrisico,entropy,Water & Klimaat
BU19405001,0.06578994683421992,Water_En_Klimaatrisico,entropy,Water & Klimaat
WK194051,0.09067347616273598,Water_En_Klimaatrisico,entropy,Water & Klimaat
BU19405101,0.09716488283223815,Water_En_Klimaatrisico,entropy,Water & Klimaat
GM0072,0.07079501198376718,Water_En_Klimaatrisico,entropy,Water & Klimaat
WK007200,0.06466213937944668,Water_En_Klimaatrisico,entropy,Water & Klimaat
BU00720001,0.17336175843036422,Water_En_Klimaatrisico,entropy,Water & Klimaat
BU00720002,0.13260127085734294,Water_En_Klimaatrisico,entropy,Water & Klimaat
BU00720003,0.09614865146367106,Water_En_Klimaatrisico,entropy,Water & Klimaat
BU00720004,0.11420054417682898,Water_En_Klimaatrisico,entropy,Water & Klimaat
BU00720005,0.13892540124900896,Water_En_Klimaatrisico,entropy,Water & Klimaat
BU00720006,0.44270605581692685,Water_En_Klimaatrisico,entropy,Water & Klimaat
BU00720007,0.20110735181198056,Water_En_Klimaatrisico,entropy,Water & Klimaat
BU00720009,0.14548063318684828,Water_En_Klimaatrisico,entropy,Water & Klimaat
WK007201,0.12127249955899586,Water_En_Klimaatrisico,entropy,Water & Klimaat
BU00720100,0.16600032513862606,Water_En_Klimaatrisico,entropy,Water & Klimaat
BU00720109,0.10729609805916193,Water_En_Klimaatrisico,entropy,Water & Klimaat
WK007202,0.07924436571692511,Water_En_Klimaatrisico,entropy,Water & Klimaat
BU00720200,0.08750976235543029,Water_En_Klimaatrisico,entropy,Water & Klimaat
BU00720209,0.16495621852617137,Water_En_Klimaatrisico,entropy,Water & Klimaat
GM0074,0.06466213937944669,Water_En_Klimaatrisico,entropy,Water & Klimaat
WK007401,0.06466213937944669,Water_En_Klimaatrisico,entropy,Water & Klimaat
BU00740100,0.07624354505438898,Water_En_Klimaatrisico,entropy,Water & Klimaat
BU00740101,0.06688693007101565,Water_En_Klimaatrisico,entropy,Water & Klimaat
BU00740102,0.054937014622971965,Water_En_Klimaatrisico,entropy,Water & Klimaat
BU00740103,0.0615961587699301,Water_En_Klimaatrisico,entropy,Water & Klimaat
BU00740104,0.042093583468313385,Water_En_Klimaatrisico,entropy,Water & Klimaat
BU00740105,0.11487905322126613,Water_En_Klimaatrisico,entropy,Water & Klimaat
BU00740106,0.07162933393861634,Water_En_Klimaatrisico,entropy,Water & Klimaat
BU00740107,0.043675139096852625,Water_En_Klimaatrisico,entropy,Water & Klimaat
BU00740108,0.03830576527783203,Water_En_Klimaatrisico,entropy,Water & Klimaat
BU00740109,0.06522496498926365,Water_En_Klimaatrisico,entropy,Water & Klimaat
BU00740110,0.10850112463821192,Water_En_Klimaatrisico,entropy,Water & Klimaat
WK007402,0.10568194824758506,Water_En_Klimaatrisico,entropy,Water & Klimaat
BU00740201,0.11254739171945173,Water_En_Klimaatrisico,entropy,Water & Klimaat
BU00740202,0.13367721079365863,Water_En_Klimaatrisico,entropy,Water & Klimaat
BU00740203,0.10019145204672902,Water_En_Klimaatrisico,entropy,Water & Klimaat
BU00740204,0.11627518077703514,Water_En_Klimaatrisico,entropy,Water & Klimaat
BU00740205,0.12850984867619908,Water_En_Klimaatrisico,entropy,Water & Klimaat
WK007403,0.061880684179639475,Water_En_Klimaatrisico,entropy,Water & Klimaat
BU00740301,0.04286596682993961,Water_En_Klimaatrisico,entropy,Water & Klimaat
BU00740302,0.10137707420503542,Water_En_Klimaatrisico,entropy,Water & Klimaat
WK007404,0.06867799138926667,Water_En_Klimaatrisico,entropy,Water & Klimaat
BU00740401,0.0553985640743048,Water_En_Klimaatrisico,entropy,Water & Klimaat
BU00740402,0.05558001717862191,Water_En_Klimaatrisico,entropy,Water & Klimaat
BU00740403,0.06103250838181932,Water_En_Klimaatrisico,entropy,Water & Klimaat
BU00740404,0.058813949044293434,Water_En_Klimaatrisico,entropy,Water & Klimaat
BU00740405,0.049851717871614916,Water_En_Klimaatrisico,entropy,Water & Klimaat
BU00740406,0.04985521496831229,Water_En_Klimaatrisico,entropy,Water & Klimaat
BU00740407,0.08524765097463627,Water_En_Klimaatrisico,entropy,Water & Klimaat
WK007406,0.06180757487395419,Water_En_Klimaatrisico,entropy,Water & Klimaat
BU00740601,0.052818444937886434,Water_En_Klimaatrisico,entropy,Water & Klimaat
WK007407,0.07115302876770183,Water_En_Klimaatrisico,entropy,Water & Klimaat
BU00740701,0.12685522102971225,Water_En_Klimaatrisico,entropy,Water & Klimaat
BU00740702,0.08873000534014899,Water_En_Klimaatrisico,entropy,Water & Klimaat
WK007409,0.06014649617566896,Water_En_Klimaatrisico,entropy,Water & Klimaat
BU00740901,0.09680535204234783,Water_En_Klimaatrisico,entropy,Water & Klimaat
BU00740902,0.08357299533608073,Water_En_Klimaatrisico,entropy,Water & Klimaat
BU00740903,0.22794740900546784,Water_En_Klimaatrisico,entropy,Water & Klimaat
GM0080,0.06809351525002164,Water_En_Klimaatrisico,entropy,Water & Klimaat
WK008010,0.07495334526529156,Water_En_Klimaatrisico,entropy,Water & Klimaat
BU00801001,0.7619523043781558,Water_En_Klimaatrisico,entropy,Water & Klimaat
BU00801002,0.6063069316549091,Water_En_Klimaatrisico,entropy,Water & Klimaat
BU00801003,0.6289744859070907,Water_En_Klimaatrisico,entropy,Water & Klimaat
BU00801004,0.5884130151448351,Water_En_Klimaatrisico,entropy,Water & Klimaat
BU00801005,0.6500104794684999,Water_En_Klimaatrisico,entropy,Water & Klimaat
BU00801006,0.4198144171027176,Water_En_Klimaatrisico,entropy,Water & Klimaat
BU00801007,0.339298400718655,Water_En_Klimaatrisico,entropy,Water & Klimaat
BU00801008,0.36042485363021487,Water_En_Klimaatrisico,entropy,Water & Klimaat
WK008011,0.06466213937944669,Water_En_Klimaatrisico,entropy,Water & Klimaat
BU00801101,0.3116174369223775,Water_En_Klimaatrisico,entropy,Water & Klimaat
BU00801102,0.25908089021684877,Water_En_Klimaatrisico,entropy,Water & Klimaat
BU00801103,0.19632513683725966,Water_En_Klimaatrisico,entropy,Water & Klimaat
BU00801104,0.06092068125621535,Water_En_Klimaatrisico,entropy,Water & Klimaat
BU00801105,0.053497348345163974,Water_En_Klimaatrisico,entropy,Water & Klimaat
BU00801106,0.12238130327676519,Water_En_Klimaatrisico,entropy,Water & Klimaat
BU00801107,0.19033806030620365,Water_En_Klimaatrisico,entropy,Water & Klimaat
BU00801108,0.14520928525539492,Water_En_Klimaatrisico,entropy,Water & Klimaat
BU00801109,0.13236903558477892,Water_En_Klimaatrisico,entropy,Water & Klimaat
WK008020,0.06809351525002164,Water_En_Klimaatrisico,entropy,Water & Klimaat
BU00802001,0.17304526272572865,Water_En_Klimaatrisico,entropy,Water & Klimaat
BU00802002,0.13697547118726522,Water_En_Klimaatrisico,entropy,Water & Klimaat
BU00802003,0.16005692443936748,Water_En_Klimaatrisico,entropy,Water & Klimaat
BU00802004,0.11915504160067009,Water_En_Klimaatrisico,entropy,Water & Klimaat
BU00802005,0.025571299860339358,Water_En_Klimaatrisico,entropy,Water & Klimaat
BU00802006,0.23883382127182493,Water_En_Klimaatrisico,entropy,Water & Klimaat
BU00802007,0.20412280647521167,Water_En_Klimaatrisico,entropy,Water & Klimaat
BU00802008,0.2749313020574161,Water_En_Klimaatrisico,entropy,Water & Klimaat
BU00802009,0.24312842851317418,Water_En_Klimaatrisico,entropy,Water & Klimaat
WK008030,0.06809351525002164,Water_En_Klimaatrisico,entropy,Water & Klimaat
BU00803001,0.2640877382171597,Water_En_Klimaatrisico,entropy,Water & Klimaat
BU00803002,0.0859845567401704,Water_En_Klimaatrisico,entropy,Water & Klimaat
BU00803003,0.1541797166742599,Water_En_Klimaatrisico,entropy,Water & Klimaat
BU00803004,0.1528474396114477,Water_En_Klimaatrisico,entropy,Water & Klimaat
BU00803005,0.14215770725818933,Water_En_Klimaatrisico,entropy,Water & Klimaat
BU00803006,0.04717293435973447,Water_En_Klimaatrisico,entropy,Water & Klimaat
BU00803007,0.0998168206129662,Water_En_Klimaatrisico,entropy,Water & Klimaat
WK008031,0.07941768878663838,Water_En_Klimaatrisico,entropy,Water & Klimaat
BU00803101,0.06117546115319854,Water_En_Klimaatrisico,entropy,Water & Klimaat
BU00803102,0.10802755123592178,Water_En_Klimaatrisico,entropy,Water & Klimaat
WK008032,0.051372946727656174,Water_En_Klimaatrisico,entropy,Water & Klimaat
BU00803201,0.13954273112918478,Water_En_Klimaatrisico,entropy,Water & Klimaat
BU00803202,0.0648622107549777,Water_En_Klimaatrisico,entropy,Water & Klimaat
BU00803203,0.09843928684904799,Water_En_Klimaatrisico,entropy,Water & Klimaat
BU00803204,0.0786460963188114,Water_En_Klimaatrisico,entropy,Water & Klimaat
WK008040,0.07951718775546401,Water_En_Klimaatrisico,entropy,Water & Klimaat
BU00804001,0.201990852445067,Water_En_Klimaatrisico,entropy,Water & Klimaat
BU00804002,0.1923618789003323,Water_En_Klimaatrisico,entropy,Water & Klimaat
BU00804003,0.10182793420701931,Water_En_Klimaatrisico,entropy,Water & Klimaat
BU00804004,0.08376389306079325,Water_En_Klimaatrisico,entropy,Water & Klimaat
WK008041,0.09927366256617276,Water_En_Klimaatrisico,entropy,Water & Klimaat
BU00804101,0.0784599260691187,Water_En_Klimaatrisico,entropy,Water & Klimaat
BU00804102,0.06077594015798186,Water_En_Klimaatrisico,entropy,Water & Klimaat
BU00804103,0.05113522939374317,Water_En_Klimaatrisico,entropy,Water & Klimaat
BU00804104,0.08625236176838255,Water_En_Klimaatrisico,entropy,Water & Klimaat
BU00804105,0.10993401291352542,Water_En_Klimaatrisico,entropy,Water & Klimaat
BU00804106,0.04660988852193096,Water_En_Klimaatrisico,entropy,Water & Klimaat
BU00804107,0.11414893213952151,Water_En_Klimaatrisico,entropy,Water & Klimaat
BU00804108,0.1417432786427153,Water_En_Klimaatrisico,entropy,Water & Klimaat
BU00804109,0.12056685398431678,Water_En_Klimaatrisico,entropy,Water & Klimaat
BU00804110,0.2221062578009983,Water_En_Klimaatrisico,entropy,Water & Klimaat
WK008050,0.0873898197988509,Water_En_Klimaatrisico,entropy,Water & Klimaat
BU00805001,0.08504480732506625,Water_En_Klimaatrisico,entropy,Water & Klimaat
BU00805002,0.09880666559657039,Water_En_Klimaatrisico,entropy,Water & Klimaat
BU00805003,0.08300884236646378,Water_En_Klimaatrisico,entropy,Water & Klimaat
WK008051,0.06466213937944668,Water_En_Klimaatrisico,entropy,Water & Klimaat
BU00805101,0.05371978154622812,Water_En_Klimaatrisico,entropy,Water & Klimaat
BU00805102,0.0495742395694864,Water_En_Klimaatrisico,entropy,Water & Klimaat
BU00805103,0.05540770700073372,Water_En_Klimaatrisico,entropy,Water & Klimaat
BU00805104,0.13111109980797003,Water_En_Klimaatrisico,entropy,Water & Klimaat
BU00805105,0.14610610229839846,Water_En_Klimaatrisico,entropy,Water & Klimaat
WK008060,0.06723656634218561,Water_En_Klimaatrisico,entropy,Water & Klimaat
BU00806001,0.048665359848685634,Water_En_Klimaatrisico,entropy,Water & Klimaat
BU00806002,0.13036109974204402,Water_En_Klimaatrisico,entropy,Water & Klimaat
BU00806003,0.1685888604994728,Water_En_Klimaatrisico,entropy,Water & Klimaat
WK008061,0.08204316048718477,Water_En_Klimaatrisico,entropy,Water & Klimaat
BU00806101,0.05862918682826464,Water_En_Klimaatrisico,entropy,Water & Klimaat
BU00806102,0.07649792971594004,Water_En_Klimaatrisico,entropy,Water & Klimaat
WK008062,0.06325565956003393,Water_En_Klimaatrisico,entropy,Water & Klimaat
BU00806201,0.15583385249699894,Water_En_Klimaatrisico,entropy,Water & Klimaat
BU00806202,0.26729970495781846,Water_En_Klimaatrisico,entropy,Water & Klimaat
BU00806203,0.16951987978313093,Water_En_Klimaatrisico,entropy,Water & Klimaat
BU00806204,0.1270799613634267,Water_En_Klimaatrisico,entropy,Water & Klimaat
BU00806205,0.28624225245115675,Water_En_Klimaatrisico,entropy,Water & Klimaat
BU00806206,0.315823260117313,Water_En_Klimaatrisico,entropy,Water & Klimaat
BU00806207,0.1620814921515175,Water_En_Klimaatrisico,entropy,Water & Klimaat
BU00806208,0.2673804521763174,Water_En_Klimaatrisico,entropy,Water & Klimaat
BU00806209,0.1810336342486858,Water_En_Klimaatrisico,entropy,Water & Klimaat
BU00806210,0.2249227673074724,Water_En_Klimaatrisico,entropy,Water & Klimaat
WK008063,0.06867799138926667,Water_En_Klimaatrisico,entropy,Water & Klimaat
BU00806301,0.08699149320917059,Water_En_Klimaatrisico,entropy,Water & Klimaat
BU00806302,0.1902019145291879,Water_En_Klimaatrisico,entropy,Water & Klimaat
BU00806303,0.2197382979565365,Water_En_Klimaatrisico,entropy,Water & Klimaat
BU00806304,0.301981881790209,Water_En_Klimaatrisico,entropy,Water & Klimaat
BU00806305,0.27869569217433426,Water_En_Klimaatrisico,entropy,Water & Klimaat
BU00806306,0.24680662627763567,Water_En_Klimaatrisico,entropy,Water & Klimaat
BU00806307,0.23682329161641505,Water_En_Klimaatrisico,entropy,Water & Klimaat
WK008070,0.07357639018100644,Water_En_Klimaatrisico,entropy,Water & Klimaat
BU00807001,0.04975734334819931,Water_En_Klimaatrisico,entropy,Water & Klimaat
BU00807002,0.10432153738085834,Water_En_Klimaatrisico,entropy,Water & Klimaat
BU00807003,0.10781901388788388,Water_En_Klimaatrisico,entropy,Water & Klimaat
BU00807004,0.08403168830799236,Water_En_Klimaatrisico,entropy,Water & Klimaat
WK008071,0.0899223194681551,Water_En_Klimaatrisico,entropy,Water & Klimaat
BU00807101,0.08156294004334913,Water_En_Klimaatrisico,entropy,Water & Klimaat
WK008072,0.0663353568415368,Water_En_Klimaatrisico,entropy,Water & Klimaat
BU00807201,0.08792272404239049,Water_En_Klimaatrisico,entropy,Water & Klimaat
BU00807202,0.08443773381081783,Water_En_Klimaatrisico,entropy,Water & Klimaat
BU00807203,0.08961523662448491,Water_En_Klimaatrisico,entropy,Water & Klimaat
WK008073,0.0950391041096548,Water_En_Klimaatrisico,entropy,Water & Klimaat
BU00807301,0.06104618611180279,Water_En_Klimaatrisico,entropy,Water & Klimaat
BU00807302,0.07672286035413745,Water_En_Klimaatrisico,entropy,Water & Klimaat
BU00807303,0.2501299519044394,Water_En_Klimaatrisico,entropy,Water & Klimaat
BU00807304,0.10089212063417423,Water_En_Klimaatrisico,entropy,Water & Klimaat
BU00807305,0.08669207496374852,Water_En_Klimaatrisico,entropy,Water & Klimaat
BU00807306,0.14833324370036982,Water_En_Klimaatrisico,entropy,Water & Klimaat
WK008074,0.10503645636611478,Water_En_Klimaatrisico,entropy,Water & Klimaat
BU00807401,0.1217427695555543,Water_En_Klimaatrisico,entropy,Water & Klimaat
BU00807402,0.13616270820734386,Water_En_Klimaatrisico,entropy,Water & Klimaat
BU00807403,0.14802372049618884,Water_En_Klimaatrisico,entropy,Water & Klimaat
BU00807404,0.10039157007744068,Water_En_Klimaatrisico,entropy,Water & Klimaat
BU00807405,0.09591012143196423,Water_En_Klimaatrisico,entropy,Water & Klimaat
WK008080,0.10097279972044992,Water_En_Klimaatrisico,entropy,Water & Klimaat
BU00808001,0.11646467379085247,Water_En_Klimaatrisico,entropy,Water & Klimaat
BU00808002,0.16755359606481127,Water_En_Klimaatrisico,entropy,Water & Klimaat
BU00808003,0.13244117952055276,Water_En_Klimaatrisico,entropy,Water & Klimaat
BU00808004,0.12500105110820675,Water_En_Klimaatrisico,entropy,Water & Klimaat
BU00808005,0.2287583255135048,Water_En_Klimaatrisico,entropy,Water & Klimaat
BU00808006,0.17763503105310324,Water_En_Klimaatrisico,entropy,Water & Klimaat
BU00808007,0.17182813505202693,Water_En_Klimaatrisico,entropy,Water & Klimaat
BU00808008,0.1372684321091543,Water_En_Klimaatrisico,entropy,Water & Klimaat
WK008081,0.10020008726009426,Water_En_Klimaatrisico,entropy,Water & Klimaat
BU00808101,0.13963140927885354,Water_En_Klimaatrisico,entropy,Water & Klimaat
BU00808102,0.15850084461463632,Water_En_Klimaatrisico,entropy,Water & Klimaat
BU00808103,0.15234126395613637,Water_En_Klimaatrisico,entropy,Water & Klimaat
BU00808104,0.29749462605643856,Water_En_Klimaatrisico,entropy,Water & Klimaat
BU00808105,0.13020016122188388,Water_En_Klimaatrisico,entropy,Water & Klimaat
BU00808106,0.18438648470621613,Water_En_Klimaatrisico,entropy,Water & Klimaat
BU00808107,0.20508626420758658,Water_En_Klimaatrisico,entropy,Water & Klimaat
BU00808108,0.19920480507187074,Water_En_Klimaatrisico,entropy,Water & Klimaat
BU00808109,0.1718758845600199,Water_En_Klimaatrisico,entropy,Water & Klimaat
BU00808110,0.2461926538232599,Water_En_Klimaatrisico,entropy,Water & Klimaat
BU00808111,0.16795463242173403,Water_En_Klimaatrisico,entropy,Water & Klimaat
BU00808112,0.24399549502668355,Water_En_Klimaatrisico,entropy,Water & Klimaat
BU00808113,0.22679792921297676,Water_En_Klimaatrisico,entropy,Water & Klimaat
BU00808114,0.20888397480522228,Water_En_Klimaatrisico,entropy,Water & Klimaat
BU00808115,0.20356471460822884,Water_En_Klimaatrisico,entropy,Water & Klimaat
BU00808116,0.1930936052683312,Water_En_Klimaatrisico,entropy,Water & Klimaat
BU00808117,0.15646466099326672,Water_En_Klimaatrisico,entropy,Water & Klimaat
WK008082,0.06867799138926667,Water_En_Klimaatrisico,entropy,Water & Klimaat
BU00808201,0.12625242274197584,Water_En_Klimaatrisico,entropy,Water & Klimaat
BU00808202,0.21741045145336427,Water_En_Klimaatrisico,entropy,Water & Klimaat
BU00808203,0.16294731454501493,Water_En_Klimaatrisico,entropy,Water & Klimaat
BU00808204,0.15522083953181295,Water_En_Klimaatrisico,entropy,Water & Klimaat
BU00808205,0.18483100072652892,Water_En_Klimaatrisico,entropy,Water & Klimaat
BU00808206,0.09308784955490831,Water_En_Klimaatrisico,entropy,Water & Klimaat
BU00808207,0.14409266640004553,Water_En_Klimaatrisico,entropy,Water & Klimaat
BU00808208,0.1151903749770283,Water_En_Klimaatrisico,entropy,Water & Klimaat
BU00808209,0.21057393446888062,Water_En_Klimaatrisico,entropy,Water & Klimaat
GM1970,0.06466213937944668,Water_En_Klimaatrisico,entropy,Water & Klimaat
WK197000,0.06466213937944668,Water_En_Klimaatrisico,entropy,Water & Klimaat
BU19700000,0.2501945684756606,Water_En_Klimaatrisico,entropy,Water & Klimaat
BU19700001,0.15308825647832347,Water_En_Klimaatrisico,entropy,Water & Klimaat
BU19700002,0.11478139841305296,Water_En_Klimaatrisico,entropy,Water & Klimaat
BU19700003,0.11068376779319668,Water_En_Klimaatrisico,entropy,Water & Klimaat
BU19700004,0.11746929709759904,Water_En_Klimaatrisico,entropy,Water & Klimaat
BU19700005,0.09493532214615226,Water_En_Klimaatrisico,entropy,Water & Klimaat
BU19700006,0.1083936435485372,Water_En_Klimaatrisico,entropy,Water & Klimaat
BU19700007,0.11156318188243507,Water_En_Klimaatrisico,entropy,Water & Klimaat
BU19700008,0.11926080996166652,Water_En_Klimaatrisico,entropy,Water & Klimaat
BU19700009,0.11794242096326409,Water_En_Klimaatrisico,entropy,Water & Klimaat
BU19700010,0.1210699140878505,Water_En_Klimaatrisico,entropy,Water & Klimaat
BU19700011,0.11604469159350583,Water_En_Klimaatrisico,entropy,Water & Klimaat
WK197001,0.1111034794556732,Water_En_Klimaatrisico,entropy,Water & Klimaat
BU19700100,0.2604186553412069,Water_En_Klimaatrisico,entropy,Water & Klimaat
BU19700101,0.1383896505922415,Water_En_Klimaatrisico,entropy,Water & Klimaat
BU19700102,0.12337379083972944,Water_En_Klimaatrisico,entropy,Water & Klimaat
BU19700103,0.16356685363582046,Water_En_Klimaatrisico,entropy,Water & Klimaat
BU19700104,0.193948638342791,Water_En_Klimaatrisico,entropy,Water & Klimaat
BU19700105,0.12923632200668672,Water_En_Klimaatrisico,entropy,Water & Klimaat
BU19700107,0.17968586570202466,Water_En_Klimaatrisico,entropy,Water & Klimaat
BU19700108,0.15317278783959576,Water_En_Klimaatrisico,entropy,Water & Klimaat
BU19700109,0.15340329342962072,Water_En_Klimaatrisico,entropy,Water & Klimaat
WK197002,0.10692501165490721,Water_En_Klimaatrisico,entropy,Water & Klimaat
BU19700200,0.14871282138797082,Water_En_Klimaatrisico,entropy,Water & Klimaat
BU19700201,0.18174172846313805,Water_En_Klimaatrisico,entropy,Water & Klimaat
BU19700202,0.2742827756208053,Water_En_Klimaatrisico,entropy,Water & Klimaat
BU19700208,0.15771794973402484,Water_En_Klimaatrisico,entropy,Water & Klimaat
BU19700209,0.16790521552111629,Water_En_Klimaatrisico,entropy,Water & Klimaat
WK197003,0.10568194824758506,Water_En_Klimaatrisico,entropy,Water & Klimaat
BU19700300,0.1457592460051453,Water_En_Klimaatrisico,entropy,Water & Klimaat
BU19700301,0.21291791372951746,Water_En_Klimaatrisico,entropy,Water & Klimaat
BU19700302,0.22735794494616568,Water_En_Klimaatrisico,entropy,Water & Klimaat
BU19700303,0.08207226451780374,Water_En_Klimaatrisico,entropy,Water & Klimaat
BU19700307,0.13410142164216152,Water_En_Klimaatrisico,entropy,Water & Klimaat
BU19700308,0.28007414025529287,Water_En_Klimaatrisico,entropy,Water & Klimaat
BU19700309,0.19826170254778144,Water_En_Klimaatrisico,entropy,Water & Klimaat
WK197004,0.06649343734997823,Water_En_Klimaatrisico,entropy,Water & Klimaat
BU19700400,0.1328590725519974,Water_En_Klimaatrisico,entropy,Water & Klimaat
BU19700401,0.3177633819550144,Water_En_Klimaatrisico,entropy,Water & Klimaat
BU19700408,0.18515751580017245,Water_En_Klimaatrisico,entropy,Water & Klimaat
BU19700409,0.2377885017580644,Water_En_Klimaatrisico,entropy,Water & Klimaat
WK197005,0.10279011751031958,Water_En_Klimaatrisico,entropy,Water & Klimaat
BU19700500,0.1910693308864846,Water_En_Klimaatrisico,entropy,Water & Klimaat
BU19700501,0.17826481086004686,Water_En_Klimaatrisico,entropy,Water & Klimaat
BU19700502,0.1590284042348739,Water_En_Klimaatrisico,entropy,Water & Klimaat
BU19700503,0.17592999030483256,Water_En_Klimaatrisico,entropy,Water & Klimaat
BU19700506,0.23090542973269934,Water_En_Klimaatrisico,entropy,Water & Klimaat
BU19700507,0.14926148681005774,Water_En_Klimaatrisico,entropy,Water & Klimaat
BU19700508,0.29524581793326,Water_En_Klimaatrisico,entropy,Water & Klimaat
BU19700509,0.28196965114115435,Water_En_Klimaatrisico,entropy,Water & Klimaat
WK197006,0.10568194824758506,Water_En_Klimaatrisico,entropy,Water & Klimaat
BU19700600,0.17272372131967756,Water_En_Klimaatrisico,entropy,Water & Klimaat
BU19700601,0.30993761408797343,Water_En_Klimaatrisico,entropy,Water & Klimaat
BU19700602,0.17324314360373932,Water_En_Klimaatrisico,entropy,Water & Klimaat
BU19700603,0.18666216826288434,Water_En_Klimaatrisico,entropy,Water & Klimaat
BU19700604,0.18507208757873256,Water_En_Klimaatrisico,entropy,Water & Klimaat
BU19700605,0.11569156032292224,Water_En_Klimaatrisico,entropy,Water & Klimaat
BU19700608,0.18269872385115515,Water_En_Klimaatrisico,entropy,Water & Klimaat
BU19700609,0.1422172566251394,Water_En_Klimaatrisico,entropy,Water & Klimaat
WK197007,0.07493080606293812,Water_En_Klimaatrisico,entropy,Water & Klimaat
BU19700700,0.1763576916412607,Water_En_Klimaatrisico,entropy,Water & Klimaat
BU19700701,0.3434240522058261,Water_En_Klimaatrisico,entropy,Water & Klimaat
BU19700702,0.1567289851748895,Water_En_Klimaatrisico,entropy,Water & Klimaat
BU19700703,0.214382924489018,Water_En_Klimaatrisico,entropy,Water & Klimaat
BU19700708,0.1889992469245404,Water_En_Klimaatrisico,entropy,Water & Klimaat
BU19700709,0.2170706154696183,Water_En_Klimaatrisico,entropy,Water & Klimaat
WK197008,0.10097279972044992,Water_En_Klimaatrisico,entropy,Water & Klimaat
BU19700800,0.19521443424064727,Water_En_Klimaatrisico,entropy,Water & Klimaat
BU19700801,0.1605943913806122,Water_En_Klimaatrisico,entropy,Water & Klimaat
BU19700802,0.17637063016469715,Water_En_Klimaatrisico,entropy,Water & Klimaat
BU19700803,0.3054868861920967,Water_En_Klimaatrisico,entropy,Water & Klimaat
BU19700807,0.22845287723689994,Water_En_Klimaatrisico,entropy,Water & Klimaat
BU19700808,0.22247107876928085,Water_En_Klimaatrisico,entropy,Water & Klimaat
BU19700809,0.19574143260904736,Water_En_Klimaatrisico,entropy,Water & Klimaat
WK197009,0.09956830974639863,Water_En_Klimaatrisico,entropy,Water & Klimaat
BU19700900,0.14378511680525402,Water_En_Klimaatrisico,entropy,Water & Klimaat
BU19700909,0.19032429545474688,Water_En_Klimaatrisico,entropy,Water & Klimaat
WK197010,0.11210143864350693,Water_En_Klimaatrisico,entropy,Water & Klimaat
BU19701000,0.13025532204074688,Water_En_Klimaatrisico,entropy,Water & Klimaat
BU19701001,0.13682512797477311,Water_En_Klimaatrisico,entropy,Water & Klimaat
BU19701002,0.1622895541262129,Water_En_Klimaatrisico,entropy,Water & Klimaat
BU19701003,0.29297611817645,Water_En_Klimaatrisico,entropy,Water & Klimaat
BU19701004,0.13264460830795066,Water_En_Klimaatrisico,entropy,Water & Klimaat
BU19701005,0.18122824829309037,Water_En_Klimaatrisico,entropy,Water & Klimaat
BU19701006,0.29245862667864897,Water_En_Klimaatrisico,entropy,Water & Klimaat
BU19701008,0.14237330338353985,Water_En_Klimaatrisico,entropy,Water & Klimaat
BU19701009,0.15134217431649216,Water_En_Klimaatrisico,entropy,Water & Klimaat
WK197011,0.06287164892632532,Water_En_Klimaatrisico,entropy,Water & Klimaat
BU19701100,0.055292374015066495,Water_En_Klimaatrisico,entropy,Water & Klimaat
BU19701109,0.09407054898558578,Water_En_Klimaatrisico,entropy,Water & Klimaat
WK197012,0.12540904196615982,Water_En_Klimaatrisico,entropy,Water & Klimaat
BU19701200,0.11057295502076575,Water_En_Klimaatrisico,entropy,Water & Klimaat
BU19701201,0.05705056581245732,Water_En_Klimaatrisico,entropy,Water & Klimaat
BU19701202,0.09466650835702249,Water_En_Klimaatrisico,entropy,Water & Klimaat
BU19701203,0.06674366447772717,Water_En_Klimaatrisico,entropy,Water & Klimaat
BU19701204,0.11262312196577341,Water_En_Klimaatrisico,entropy,Water & Klimaat
BU19701206,0.12357548866617794,Water_En_Klimaatrisico,entropy,Water & Klimaat
BU19701207,0.12393543264611892,Water_En_Klimaatrisico,entropy,Water & Klimaat
BU19701208,0.11499410955468914,Water_En_Klimaatrisico,entropy,Water & Klimaat
BU19701209,0.05599376519836719,Water_En_Klimaatrisico,entropy,Water & Klimaat
WK197013,0.10866547541060494,Water_En_Klimaatrisico,entropy,Water & Klimaat
BU19701300,0.04685108357534907,Water_En_Klimaatrisico,entropy,Water & Klimaat
BU19701301,0.0848711423891976,Water_En_Klimaatrisico,entropy,Water & Klimaat
BU19701302,0.09302399713626366,Water_En_Klimaatrisico,entropy,Water & Klimaat
BU19701308,0.12232243425154547,Water_En_Klimaatrisico,entropy,Water & Klimaat
BU19701309,0.16478247266319943,Water_En_Klimaatrisico,entropy,Water & Klimaat
WK197014,0.06325565956003393,Water_En_Klimaatrisico,entropy,Water & Klimaat
BU19701400,0.05665501089636562,Water_En_Klimaatrisico,entropy,Water & Klimaat
BU19701401,0.09439784579695265,Water_En_Klimaatrisico,entropy,Water & Klimaat
BU19701402,0.05390188074631698,Water_En_Klimaatrisico,entropy,Water & Klimaat
BU19701409,0.08132701440135004,Water_En_Klimaatrisico,entropy,Water & Klimaat
GM0085,0.06466213937944669,Water_En_Klimaatrisico,entropy,Water & Klimaat
WK008501,0.06617714602638318,Water_En_Klimaatrisico,entropy,Water & Klimaat
BU00850101,0.06149583355698534,Water_En_Klimaatrisico,entropy,Water & Klimaat
BU00850102,0.13251612329971643,Water_En_Klimaatrisico,entropy,Water & Klimaat
BU00850103,0.12119629877265095,Water_En_Klimaatrisico,entropy,Water & Klimaat
BU00850104,0.0540162960412901,Water_En_Klimaatrisico,entropy,Water & Klimaat
BU00850105,0.054045058759122744,Water_En_Klimaatrisico,entropy,Water & Klimaat
BU00850106,0.09282150697692985,Water_En_Klimaatrisico,entropy,Water & Klimaat
BU00850107,0.0816774332946644,Water_En_Klimaatrisico,entropy,Water & Klimaat
BU00850108,0.08650035208407456,Water_En_Klimaatrisico,entropy,Water & Klimaat
BU00850109,0.08709288970444329,Water_En_Klimaatrisico,entropy,Water & Klimaat
BU00850110,0.07947336572331515,Water_En_Klimaatrisico,entropy,Water & Klimaat
BU00850111,0.06635924842361404,Water_En_Klimaatrisico,entropy,Water & Klimaat
WK008502,0.10866547541060494,Water_En_Klimaatrisico,entropy,Water & Klimaat
BU00850201,0.1025947458563286,Water_En_Klimaatrisico,entropy,Water & Klimaat
BU00850202,0.11543781023648347,Water_En_Klimaatrisico,entropy,Water & Klimaat
BU00850203,0.0836025184565555,Water_En_Klimaatrisico,entropy,Water & Klimaat
WK008503,0.09033689087787894,Water_En_Klimaatrisico,entropy,Water & Klimaat
BU00850301,0.07437076766347694,Water_En_Klimaatrisico,entropy,Water & Klimaat
BU00850302,0.055979177005391734,Water_En_Klimaatrisico,entropy,Water & Klimaat
WK008504,0.08692659727438792,Water_En_Klimaatrisico,entropy,Water & Klimaat
BU00850401,0.07730611062299486,Water_En_Klimaatrisico,entropy,Water & Klimaat
BU00850402,0.061893578502604615,Water_En_Klimaatrisico,entropy,Water & Klimaat
WK008505,0.07885035803038822,Water_En_Klimaatrisico,entropy,Water & Klimaat
BU00850501,0.12572823895402416,Water_En_Klimaatrisico,entropy,Water & Klimaat
BU00850502,0.0788259830940188,Water_En_Klimaatrisico,entropy,Water & Klimaat
WK008506,0.067512018074638,Water_En_Klimaatrisico,entropy,Water & Klimaat
BU00850601,0.08474467454331784,Water_En_Klimaatrisico,entropy,Water & Klimaat
BU00850602,0.07385496260904542,Water_En_Klimaatrisico,entropy,Water & Klimaat
BU00850603,0.08854500052316058,Water_En_Klimaatrisico,entropy,Water & Klimaat
BU00850604,0.07981898167791238,Water_En_Klimaatrisico,entropy,Water & Klimaat
BU00850605,0.06904608948102345,Water_En_Klimaatrisico,entropy,Water & Klimaat
BU00850606,0.07317433704093995,Water_En_Klimaatrisico,entropy,Water & Klimaat
BU00850607,0.09579201720985808,Water_En_Klimaatrisico,entropy,Water & Klimaat
BU00850608,0.05715717992482419,Water_En_Klimaatrisico,entropy,Water & Klimaat
WK008507,0.12010812045176275,Water_En_Klimaatrisico,entropy,Water & Klimaat
BU00850701,0.069679163599177,Water_En_Klimaatrisico,entropy,Water & Klimaat
BU00850702,0.08331113756850923,Water_En_Klimaatrisico,entropy,Water & Klimaat
WK008508,0.0754239676023875,Water_En_Klimaatrisico,entropy,Water & Klimaat
BU00850801,0.0942124385115088,Water_En_Klimaatrisico,entropy,Water & Klimaat
BU00850802,0.05178205429516741,Water_En_Klimaatrisico,entropy,Water & Klimaat
WK008509,0.14629496216427681,Water_En_Klimaatrisico,entropy,Water & Klimaat
BU00850901,0.07573490821217871,Water_En_Klimaatrisico,entropy,Water & Klimaat
BU00850902,0.0761990173559829,Water_En_Klimaatrisico,entropy,Water & Klimaat
WK008510,0.1083759104463638,Water_En_Klimaatrisico,entropy,Water & Klimaat
BU00851001,0.14667240290481964,Water_En_Klimaatrisico,entropy,Water & Klimaat
BU00851002,0.11687026606854188,Water_En_Klimaatrisico,entropy,Water & Klimaat
BU00851003,0.04640609499422917,Water_En_Klimaatrisico,entropy,Water & Klimaat
WK008511,0.06466213937944668,Water_En_Klimaatrisico,entropy,Water & Klimaat
BU00851101,0.10401449859249348,Water_En_Klimaatrisico,entropy,Water & Klimaat
BU00851102,0.09883532550544621,Water_En_Klimaatrisico,entropy,Water & Klimaat
BU00851103,0.10257859294752894,Water_En_Klimaatrisico,entropy,Water & Klimaat
BU00851104,0.1114666220261662,Water_En_Klimaatrisico,entropy,Water & Klimaat
BU00851105,0.10913562278898906,Water_En_Klimaatrisico,entropy,Water & Klimaat
BU00851106,0.11707648641509305,Water_En_Klimaatrisico,entropy,Water & Klimaat
BU00851107,0.11679725134258705,Water_En_Klimaatrisico,entropy,Water & Klimaat
BU00851108,0.08592329056593376,Water_En_Klimaatrisico,entropy,Water & Klimaat
BU00851109,0.095050423364391,Water_En_Klimaatrisico,entropy,Water & Klimaat
BU00851110,0.11143599742621943,Water_En_Klimaatrisico,entropy,Water & Klimaat
BU00851111,0.07082457253819498,Water_En_Klimaatrisico,entropy,Water & Klimaat
BU00851112,0.0758427364862092,Water_En_Klimaatrisico,entropy,Water & Klimaat
BU00851113,0.12488094555417228,Water_En_Klimaatrisico,entropy,Water & Klimaat
BU00851114,0.10078201420801762,Water_En_Klimaatrisico,entropy,Water & Klimaat
BU00851115,0.09415153879833385,Water_En_Klimaatrisico,entropy,Water & Klimaat
BU00851116,0.07065276073514073,Water_En_Klimaatrisico,entropy,Water & Klimaat
BU00851117,0.05523542708945306,Water_En_Klimaatrisico,entropy,Water & Klimaat
BU00851118,0.07468430487801508,Water_En_Klimaatrisico,entropy,Water & Klimaat
WK008512,0.06232774418102131,Water_En_Klimaatrisico,entropy,Water & Klimaat
BU00851201,0.0658594154718752,Water_En_Klimaatrisico,entropy,Water & Klimaat
BU00851202,0.05211920532025679,Water_En_Klimaatrisico,entropy,Water & Klimaat
WK008513,0.07660386504533169,Water_En_Klimaatrisico,entropy,Water & Klimaat
BU00851301,0.09211904637789306,Water_En_Klimaatrisico,entropy,Water & Klimaat
BU00851302,0.09204864169676122,Water_En_Klimaatrisico,entropy,Water & Klimaat
GM0086,0.06466213937944668,Water_En_Klimaatrisico,entropy,Water & Klimaat
WK008601,0.10367984493905162,Water_En_Klimaatrisico,entropy,Water & Klimaat
BU00860101,0.10505917994777716,Water_En_Klimaatrisico,entropy,Water & Klimaat
BU00860102,0.1003148761460721,Water_En_Klimaatrisico,entropy,Water & Klimaat
BU00860103,0.07688588791187775,Water_En_Klimaatrisico,entropy,Water & Klimaat
WK008602,0.07165084426230059,Water_En_Klimaatrisico,entropy,Water & Klimaat
BU00860201,0.20367340025133596,Water_En_Klimaatrisico,entropy,Water & Klimaat
BU00860202,0.09424584607067818,Water_En_Klimaatrisico,entropy,Water & Klimaat
BU00860203,0.09807860356782826,Water_En_Klimaatrisico,entropy,Water & Klimaat
BU00860204,0.10230078983290333,Water_En_Klimaatrisico,entropy,Water & Klimaat
BU00860205,0.10023998500113816,Water_En_Klimaatrisico,entropy,Water & Klimaat
BU00860206,0.08165494079930502,Water_En_Klimaatrisico,entropy,Water & Klimaat
BU00860207,0.07745573518524405,Water_En_Klimaatrisico,entropy,Water & Klimaat
BU00860208,0.08205744761012429,Water_En_Klimaatrisico,entropy,Water & Klimaat
BU00860209,0.07765488009004952,Water_En_Klimaatrisico,entropy,Water & Klimaat
WK008604,0.0828694697251986,Water_En_Klimaatrisico,entropy,Water & Klimaat
BU00860401,0.10964419592276625,Water_En_Klimaatrisico,entropy,Water & Klimaat
BU00860402,0.11833111160006753,Water_En_Klimaatrisico,entropy,Water & Klimaat
WK008605,0.07759224219082642,Water_En_Klimaatrisico,entropy,Water & Klimaat
BU00860501,0.14159692798056794,Water_En_Klimaatrisico,entropy,Water & Klimaat
BU00860502,0.039309162050037975,Water_En_Klimaatrisico,entropy,Water & Klimaat
BU00860503,0.07079160832001091,Water_En_Klimaatrisico,entropy,Water & Klimaat
BU00860504,0.05700605599871636,Water_En_Klimaatrisico,entropy,Water & Klimaat
BU00860505,0.04252367209409309,Water_En_Klimaatrisico,entropy,Water & Klimaat
BU00860506,0.08275229164885926,Water_En_Klimaatrisico,entropy,Water & Klimaat
BU00860507,0.10098690567775916,Water_En_Klimaatrisico,entropy,Water & Klimaat
BU00860508,0.040507425211347745,Water_En_Klimaatrisico,entropy,Water & Klimaat
WK008606,0.07225814074992003,Water_En_Klimaatrisico,entropy,Water & Klimaat
BU00860601,0.09671783831417988,Water_En_Klimaatrisico,entropy,Water & Klimaat
BU00860602,0.09360738453058931,Water_En_Klimaatrisico,entropy,Water & Klimaat
WK008607,0.1211127399084905,Water_En_Klimaatrisico,entropy,Water & Klimaat
BU00860701,0.06231666674708982,Water_En_Klimaatrisico,entropy,Water & Klimaat
BU00860702,0.09282295627134013,Water_En_Klimaatrisico,entropy,Water & Klimaat
WK008608,0.0675789729486738,Water_En_Klimaatrisico,entropy,Water & Klimaat
BU00860801,0.051185996988034894,Water_En_Klimaatrisico,entropy,Water & Klimaat
BU00860802,0.05190222284716295,Water_En_Klimaatrisico,entropy,Water & Klimaat
WK008609,0.06467295744173038,Water_En_Klimaatrisico,entropy,Water & Klimaat
BU00860901,0.10955241290487325,Water_En_Klimaatrisico,entropy,Water & Klimaat
BU00860902,0.07840376141432695,Water_En_Klimaatrisico,entropy,Water & Klimaat
WK008610,0.11488101760447816,Water_En_Klimaatrisico,entropy,Water & Klimaat
BU00861001,0.07392455176205062,Water_En_Klimaatrisico,entropy,Water & Klimaat
BU00861002,0.09368446532361349,Water_En_Klimaatrisico,entropy,Water & Klimaat
WK008611,0.11050520511836041,Water_En_Klimaatrisico,entropy,Water & Klimaat
BU00861101,0.0987056992765094,Water_En_Klimaatrisico,entropy,Water & Klimaat
BU00861102,0.12963861994056688,Water_En_Klimaatrisico,entropy,Water & Klimaat
WK008613,0.08511717869896188,Water_En_Klimaatrisico,entropy,Water & Klimaat
BU00861301,0.08781031177078803,Water_En_Klimaatrisico,entropy,Water & Klimaat
BU00861302,0.0882617020017705,Water_En_Klimaatrisico,entropy,Water & Klimaat
WK008614,0.07692716593411313,Water_En_Klimaatrisico,entropy,Water & Klimaat
BU00861401,0.037545972746387705,Water_En_Klimaatrisico,entropy,Water & Klimaat
BU00861402,0.08235795530829867,Water_En_Klimaatrisico,entropy,Water & Klimaat
WK008615,0.06884066492999548,Water_En_Klimaatrisico,entropy,Water & Klimaat
BU00861501,0.08983852613948995,Water_En_Klimaatrisico,entropy,Water & Klimaat
BU00861502,0.12780116848034015,Water_En_Klimaatrisico,entropy,Water & Klimaat
WK008616,0.06637338669961527,Water_En_Klimaatrisico,entropy,Water & Klimaat
BU00861601,0.08650792004175795,Water_En_Klimaatrisico,entropy,Water & Klimaat
BU00861602,0.08603556069550862,Water_En_Klimaatrisico,entropy,Water & Klimaat
BU00861603,0.0990578193927805,Water_En_Klimaatrisico,entropy,Water & Klimaat
BU00861604,0.10282118794091605,Water_En_Klimaatrisico,entropy,Water & Klimaat
BU00861605,0.1208092211483273,Water_En_Klimaatrisico,entropy,Water & Klimaat
BU00861606,0.06046543657584363,Water_En_Klimaatrisico,entropy,Water & Klimaat
BU00861607,0.09484334042823345,Water_En_Klimaatrisico,entropy,Water & Klimaat
WK008617,0.10436696151314524,Water_En_Klimaatrisico,entropy,Water & Klimaat
BU00861701,0.10478627525607087,Water_En_Klimaatrisico,entropy,Water & Klimaat
BU00861702,0.08101924205514327,Water_En_Klimaatrisico,entropy,Water & Klimaat
BU00861703,0.09276538684081075,Water_En_Klimaatrisico,entropy,Water & Klimaat
GM0088,0.1109954382789915,Water_En_Klimaatrisico,entropy,Water & Klimaat
WK008800,0.08725949409695023,Water_En_Klimaatrisico,entropy,Water & Klimaat
BU00880000,0.06278289092504752,Water_En_Klimaatrisico,entropy,Water & Klimaat
BU00880009,0.036044217359504194,Water_En_Klimaatrisico,entropy,Water & Klimaat
GM0090,0.06466213937944669,Water_En_Klimaatrisico,entropy,Water & Klimaat
WK009001,0.18169019298616756,Water_En_Klimaatrisico,entropy,Water & Klimaat
BU00900101,0.11631891881906414,Water_En_Klimaatrisico,entropy,Water & Klimaat
WK009002,0.05235432674502993,Water_En_Klimaatrisico,entropy,Water & Klimaat
BU00900201,0.07637629111428514,Water_En_Klimaatrisico,entropy,Water & Klimaat
BU00900202,0.09473648372221953,Water_En_Klimaatrisico,entropy,Water & Klimaat
BU00900203,0.05470687844670198,Water_En_Klimaatrisico,entropy,Water & Klimaat
BU00900204,0.030538105078714718,Water_En_Klimaatrisico,entropy,Water & Klimaat
BU00900205,0.035616372916223646,Water_En_Klimaatrisico,entropy,Water & Klimaat
BU00900206,0.06613317361158241,Water_En_Klimaatrisico,entropy,Water & Klimaat
WK009003,0.1754186899476037,Water_En_Klimaatrisico,entropy,Water & Klimaat
BU00900301,0.06795724825692115,Water_En_Klimaatrisico,entropy,Water & Klimaat
BU00900302,0.05672728137188662,Water_En_Klimaatrisico,entropy,Water & Klimaat
BU00900303,0.05725353468864304,Water_En_Klimaatrisico,entropy,Water & Klimaat
BU00900304,0.03509953410466151,Water_En_Klimaatrisico,entropy,Water & Klimaat
WK009004,0.07621614829035704,Water_En_Klimaatrisico,entropy,Water & Klimaat
BU00900401,0.047359916985706206,Water_En_Klimaatrisico,entropy,Water & Klimaat
BU00900402,0.06404737889886196,Water_En_Klimaatrisico,entropy,Water & Klimaat
BU00900403,0.02879454971752624,Water_En_Klimaatrisico,entropy,Water & Klimaat
BU00900404,0.03309004119135504,Water_En_Klimaatrisico,entropy,Water & Klimaat
BU00900405,0.05546546542467141,Water_En_Klimaatrisico,entropy,Water & Klimaat
BU00900406,0.0932625110959512,Water_En_Klimaatrisico,entropy,Water & Klimaat
WK009005,0.07369780300361922,Water_En_Klimaatrisico,entropy,Water & Klimaat
BU00900501,0.08537430708063183,Water_En_Klimaatrisico,entropy,Water & Klimaat
BU00900502,0.06223064859015222,Water_En_Klimaatrisico,entropy,Water & Klimaat
WK009006,0.07147547305930699,Water_En_Klimaatrisico,entropy,Water & Klimaat
BU00900601,0.02693502509540872,Water_En_Klimaatrisico,entropy,Water & Klimaat
BU00900602,0.012298851728068456,Water_En_Klimaatrisico,entropy,Water & Klimaat
BU00900603,0.07380292345717407,Water_En_Klimaatrisico,entropy,Water & Klimaat
WK009007,0.0663353568415368,Water_En_Klimaatrisico,entropy,Water & Klimaat
BU00900701,0.04349296975540696,Water_En_Klimaatrisico,entropy,Water & Klimaat
BU00900702,0.03000434881085865,Water_En_Klimaatrisico,entropy,Water & Klimaat
BU00900703,0.08763406716501057,Water_En_Klimaatrisico,entropy,Water & Klimaat
BU00900704,0.0698875160181674,Water_En_Klimaatrisico,entropy,Water & Klimaat
BU00900705,0.0966670563752226,Water_En_Klimaatrisico,entropy,Water & Klimaat
BU00900706,0.07136339650998713,Water_En_Klimaatrisico,entropy,Water & Klimaat
WK009008,0.06731072009274808,Water_En_Klimaatrisico,entropy,Water & Klimaat
BU00900801,0.07698731312635554,Water_En_Klimaatrisico,entropy,Water & Klimaat
BU00900802,0.09392903603823212,Water_En_Klimaatrisico,entropy,Water & Klimaat
BU00900803,0.0754478458804376,Water_En_Klimaatrisico,entropy,Water & Klimaat
WK009009,0.1374603240868086,Water_En_Klimaatrisico,entropy,Water & Klimaat
BU00900901,0.07254966096584191,Water_En_Klimaatrisico,entropy,Water & Klimaat
BU00900902,0.07672597428548306,Water_En_Klimaatrisico,entropy,Water & Klimaat
BU00900903,0.03259777989586787,Water_En_Klimaatrisico,entropy,Water & Klimaat
BU00900904,0.03692960260108529,Water_En_Klimaatrisico,entropy,Water & Klimaat
WK009010,0.05252932980822933,Water_En_Klimaatrisico,entropy,Water & Klimaat
BU00901001,0.11248783733897369,Water_En_Klimaatrisico,entropy,Water & Klimaat
BU00901002,0.09534962123818708,Water_En_Klimaatrisico,entropy,Water & Klimaat
BU00901003,0.07947944056332693,Water_En_Klimaatrisico,entropy,Water & Klimaat
BU00901004,0.09041175480065008,Water_En_Klimaatrisico,entropy,Water & Klimaat
WK009011,0.07204763595272981,Water_En_Klimaatrisico,entropy,Water & Klimaat
BU00901101,0.04453016393065665,Water_En_Klimaatrisico,entropy,Water & Klimaat
WK009012,0.053020600342239294,Water_En_Klimaatrisico,entropy,Water & Klimaat
BU00901201,0.11135690173394877,Water_En_Klimaatrisico,entropy,Water & Klimaat
BU00901202,0.1062574414443739,Water_En_Klimaatrisico,entropy,Water & Klimaat
WK009013,0.06724830667914433,Water_En_Klimaatrisico,entropy,Water & Klimaat
BU00901301,0.0649626312883021,Water_En_Klimaatrisico,entropy,Water & Klimaat
BU00901302,0.039335285703122426,Water_En_Klimaatrisico,entropy,Water & Klimaat
BU00901303,0.09097895978356142,Water_En_Klimaatrisico,entropy,Water & Klimaat
WK009021,0.07686814384700227,Water_En_Klimaatrisico,entropy,Water & Klimaat
BU00902104,0.05579252698521101,Water_En_Klimaatrisico,entropy,Water & Klimaat
BU00902105,0.07850206202416019,Water_En_Klimaatrisico,entropy,Water & Klimaat
BU00902109,0.044564401905984555,Water_En_Klimaatrisico,entropy,Water & Klimaat
BU00902110,0.08050040003070674,Water_En_Klimaatrisico,entropy,Water & Klimaat
BU00902114,0.03677794019673736,Water_En_Klimaatrisico,entropy,Water & Klimaat
WK009022,0.10059567075321683,Water_En_Klimaatrisico,entropy,Water & Klimaat
BU00902201,0.03302360465812799,Water_En_Klimaatrisico,entropy,Water & Klimaat
BU00902202,0.0691534220190807,Water_En_Klimaatrisico,entropy,Water & Klimaat
BU00902203,0.14839524139780647,Water_En_Klimaatrisico,entropy,Water & Klimaat
BU00902206,0.06308338688711504,Water_En_Klimaatrisico,entropy,Water & Klimaat
BU00902212,0.05309132201007892,Water_En_Klimaatrisico,entropy,Water & Klimaat
BU00902213,0.102804137262407,Water_En_Klimaatrisico,entropy,Water & Klimaat
BU00902215,0.11135404924130057,Water_En_Klimaatrisico,entropy,Water & Klimaat
BU00902216,0.06136836972413703,Water_En_Klimaatrisico,entropy,Water & Klimaat
WK009023,0.06325565956003393,Water_En_Klimaatrisico,entropy,Water & Klimaat
BU00902307,0.10214275260103095,Water_En_Klimaatrisico,entropy,Water & Klimaat
BU00902308,0.07983349282646116,Water_En_Klimaatrisico,entropy,Water & Klimaat
BU00902311,0.06663527705620663,Water_En_Klimaatrisico,entropy,Water & Klimaat
GM1900,0.06466213937944669,Water_En_Klimaatrisico,entropy,Water & Klimaat
WK190000,0.06466213937944668,Water_En_Klimaatrisico,entropy,Water & Klimaat
BU19000000,0.3502724816059004,Water_En_Klimaatrisico,entropy,Water & Klimaat
BU19000001,0.09209662256887778,Water_En_Klimaatrisico,entropy,Water & Klimaat
BU19000002,0.09563385433083031,Water_En_Klimaatrisico,entropy,Water & Klimaat
BU19000003,0.17601839767502586,Water_En_Klimaatrisico,entropy,Water & Klimaat
BU19000004,0.08463981923363931,Water_En_Klimaatrisico,entropy,Water & Klimaat
BU19000009,0.15638940638179452,Water_En_Klimaatrisico,entropy,Water & Klimaat
WK190001,0.06466213937944668,Water_En_Klimaatrisico,entropy,Water & Klimaat
BU19000101,0.5201623061636205,Water_En_Klimaatrisico,entropy,Water & Klimaat
BU19000102,0.1488955793191947,Water_En_Klimaatrisico,entropy,Water & Klimaat
BU19000103,0.08967693502899854,Water_En_Klimaatrisico,entropy,Water & Klimaat
BU19000104,0.09248049409473534,Water_En_Klimaatrisico,entropy,Water & Klimaat
BU19000105,0.09285866019766337,Water_En_Klimaatrisico,entropy,Water & Klimaat
BU19000106,0.19526891407730823,Water_En_Klimaatrisico,entropy,Water & Klimaat
BU19000107,0.04890781958358713,Water_En_Klimaatrisico,entropy,Water & Klimaat
BU19000108,0.11460071124532925,Water_En_Klimaatrisico,entropy,Water & Klimaat
BU19000109,0.08810930486977472,Water_En_Klimaatrisico,entropy,Water & Klimaat
BU19000110,0.05146320576807979,Water_En_Klimaatrisico,entropy,Water & Klimaat
BU19000111,0.08326027420198841,Water_En_Klimaatrisico,entropy,Water & Klimaat
BU19000112,0.09630100016390962,Water_En_Klimaatrisico,entropy,Water & Klimaat
BU19000113,0.16248696623540093,Water_En_Klimaatrisico,entropy,Water & Klimaat
BU19000114,0.07726292884151108,Water_En_Klimaatrisico,entropy,Water & Klimaat
BU19000115,0.04426605170497164,Water_En_Klimaatrisico,entropy,Water & Klimaat
BU19000116,0.09201160264266509,Water_En_Klimaatrisico,entropy,Water & Klimaat
BU19000117,0.09303133236580302,Water_En_Klimaatrisico,entropy,Water & Klimaat
BU19000118,0.1588265382439762,Water_En_Klimaatrisico,entropy,Water & Klimaat
BU19000119,0.09285744684579636,Water_En_Klimaatrisico,entropy,Water & Klimaat
BU19000120,0.14105370304889497,Water_En_Klimaatrisico,entropy,Water & Klimaat
WK190002,0.06287164892632532,Water_En_Klimaatrisico,entropy,Water & Klimaat
BU19000200,0.1358809200522657,Water_En_Klimaatrisico,entropy,Water & Klimaat
BU19000201,0.35977432584484437,Water_En_Klimaatrisico,entropy,Water & Klimaat
BU19000202,0.1315337578784951,Water_En_Klimaatrisico,entropy,Water & Klimaat
BU19000208,0.13075385210646928,Water_En_Klimaatrisico,entropy,Water & Klimaat
BU19000209,0.13738487487079354,Water_En_Klimaatrisico,entropy,Water & Klimaat
WK190003,0.09982295829286117,Water_En_Klimaatrisico,entropy,Water & Klimaat
BU19000300,0.12165500861889289,Water_En_Klimaatrisico,entropy,Water & Klimaat
BU19000301,0.16722751332891395,Water_En_Klimaatrisico,entropy,Water & Klimaat
BU19000302,0.1776870827745618,Water_En_Klimaatrisico,entropy,Water & Klimaat
BU19000308,0.10290151784850254,Water_En_Klimaatrisico,entropy,Water & Klimaat
BU19000309,0.1427327757744174,Water_En_Klimaatrisico,entropy,Water & Klimaat
WK190004,0.10917082812505496,Water_En_Klimaatrisico,entropy,Water & Klimaat
BU19000400,0.09127802783073861,Water_En_Klimaatrisico,entropy,Water & Klimaat
BU19000401,0.1330820138680105,Water_En_Klimaatrisico,entropy,Water & Klimaat
BU19000402,0.17641708293957747,Water_En_Klimaatrisico,entropy,Water & Klimaat
BU19000403,0.1234541599490072,Water_En_Klimaatrisico,entropy,Water & Klimaat
BU19000408,0.1398732044489847,Water_En_Klimaatrisico,entropy,Water & Klimaat
BU19000409,0.08414447977998932,Water_En_Klimaatrisico,entropy,Water & Klimaat
WK190005,0.07972766783003941,Water_En_Klimaatrisico,entropy,Water & Klimaat
BU19000500,0.5657897102495775,Water_En_Klimaatrisico,entropy,Water & Klimaat
BU19000501,0.10175258060529735,Water_En_Klimaatrisico,entropy,Water & Klimaat
BU19000502,0.06343535966613784,Water_En_Klimaatrisico,entropy,Water & Klimaat
BU19000503,0.193798953797386,Water_En_Klimaatrisico,entropy,Water & Klimaat
WK190006,0.10059567075321683,Water_En_Klimaatrisico,entropy,Water & Klimaat
BU19000600,0.1221997830790652,Water_En_Klimaatrisico,entropy,Water & Klimaat
BU19000602,0.13095406385707514,Water_En_Klimaatrisico,entropy,Water & Klimaat
BU19000603,0.1618613888685069,Water_En_Klimaatrisico,entropy,Water & Klimaat
BU19000607,0.12419149780427786,Water_En_Klimaatrisico,entropy,Water & Klimaat
BU19000608,0.13358495367932327,Water_En_Klimaatrisico,entropy,Water & Klimaat
BU19000609,0.21618023963954597,Water_En_Klimaatrisico,entropy,Water & Klimaat
WK190007,0.06985315294681674,Water_En_Klimaatrisico,entropy,Water & Klimaat
BU19000700,0.08634733479256161,Water_En_Klimaatrisico,entropy,Water & Klimaat
BU19000701,0.14928398701565468,Water_En_Klimaatrisico,entropy,Water & Klimaat
BU19000702,0.112496992993132,Water_En_Klimaatrisico,entropy,Water & Klimaat
BU19000706,0.15513070111332553,Water_En_Klimaatrisico,entropy,Water & Klimaat
BU19000707,0.1792917260333462,Water_En_Klimaatrisico,entropy,Water & Klimaat
BU19000708,0.30163862470997704,Water_En_Klimaatrisico,entropy,Water & Klimaat
WK190008,0.06880404698078406,Water_En_Klimaatrisico,entropy,Water & Klimaat
BU19000800,0.08823479297849737,Water_En_Klimaatrisico,entropy,Water & Klimaat
BU19000801,0.1473451935420177,Water_En_Klimaatrisico,entropy,Water & Klimaat
BU19000802,0.15153321043603735,Water_En_Klimaatrisico,entropy,Water & Klimaat
BU19000804,0.24791942268662154,Water_En_Klimaatrisico,entropy,Water & Klimaat
BU19000808,0.1545680722914284,Water_En_Klimaatrisico,entropy,Water & Klimaat
BU19000809,0.15510037046466751,Water_En_Klimaatrisico,entropy,Water & Klimaat
WK190009,0.10568194824758506,Water_En_Klimaatrisico,entropy,Water & Klimaat
BU19000900,0.21618527679148447,Water_En_Klimaatrisico,entropy,Water & Klimaat
BU19000901,0.12303317084757917,Water_En_Klimaatrisico,entropy,Water & Klimaat
BU19000902,0.19994040403170898,Water_En_Klimaatrisico,entropy,Water & Klimaat
BU19000903,0.15516305559285426,Water_En_Klimaatrisico,entropy,Water & Klimaat
BU19000904,0.14115097698551451,Water_En_Klimaatrisico,entropy,Water & Klimaat
BU19000905,0.11750822115616467,Water_En_Klimaatrisico,entropy,Water & Klimaat
BU19000906,0.18961410270127654,Water_En_Klimaatrisico,entropy,Water & Klimaat
BU19000907,0.23419685201619345,Water_En_Klimaatrisico,entropy,Water & Klimaat
BU19000908,0.1388957224508445,Water_En_Klimaatrisico,entropy,Water & Klimaat
BU19000909,0.1939474580140837,Water_En_Klimaatrisico,entropy,Water & Klimaat
WK190010,0.10962064049188547,Water_En_Klimaatrisico,entropy,Water & Klimaat
BU19001000,0.17376377513035351,Water_En_Klimaatrisico,entropy,Water & Klimaat
BU19001001,0.1660148491388576,Water_En_Klimaatrisico,entropy,Water & Klimaat
BU19001002,0.1464834910954383,Water_En_Klimaatrisico,entropy,Water & Klimaat
BU19001003,0.18037543416931712,Water_En_Klimaatrisico,entropy,Water & Klimaat
BU19001007,0.17839209619555274,Water_En_Klimaatrisico,entropy,Water & Klimaat
BU19001008,0.1794823209579996,Water_En_Klimaatrisico,entropy,Water & Klimaat
WK190011,0.05343324288518124,Water_En_Klimaatrisico,entropy,Water & Klimaat
BU19001100,0.14979567084380271,Water_En_Klimaatrisico,entropy,Water & Klimaat
BU19001101,0.11375391253821884,Water_En_Klimaatrisico,entropy,Water & Klimaat
BU19001108,0.11601273215932512,Water_En_Klimaatrisico,entropy,Water & Klimaat
BU19001109,0.11472028238649812,Water_En_Klimaatrisico,entropy,Water & Klimaat
WK190012,0.11341642537794674,Water_En_Klimaatrisico,entropy,Water & Klimaat
BU19001200,0.22639976304095932,Water_En_Klimaatrisico,entropy,Water & Klimaat
BU19001201,0.14766513312820384,Water_En_Klimaatrisico,entropy,Water & Klimaat
BU19001202,0.13962306469021726,Water_En_Klimaatrisico,entropy,Water & Klimaat
BU19001203,0.11132421223603808,Water_En_Klimaatrisico,entropy,Water & Klimaat
BU19001204,0.08786616633409887,Water_En_Klimaatrisico,entropy,Water & Klimaat
BU19001208,0.15193378852045328,Water_En_Klimaatrisico,entropy,Water & Klimaat
BU19001209,0.13926069822066933,Water_En_Klimaatrisico,entropy,Water & Klimaat
WK190013,0.10097279972044992,Water_En_Klimaatrisico,entropy,Water & Klimaat
BU19001300,0.18814273874148124,Water_En_Klimaatrisico,entropy,Water & Klimaat
BU19001301,0.27217804665930984,Water_En_Klimaatrisico,entropy,Water & Klimaat
BU19001302,0.25455879463586145,Water_En_Klimaatrisico,entropy,Water & Klimaat
BU19001303,0.2448319442988215,Water_En_Klimaatrisico,entropy,Water & Klimaat
BU19001306,0.2065588338014428,Water_En_Klimaatrisico,entropy,Water & Klimaat
BU19001307,0.25733577572089383,Water_En_Klimaatrisico,entropy,Water & Klimaat
BU19001308,0.2175721407334702,Water_En_Klimaatrisico,entropy,Water & Klimaat
BU19001309,0.25148769620606704,Water_En_Klimaatrisico,entropy,Water & Klimaat
WK190014,0.11469033865478194,Water_En_Klimaatrisico,entropy,Water & Klimaat
BU19001400,0.1918094829989993,Water_En_Klimaatrisico,entropy,Water & Klimaat
BU19001401,0.19476544561058062,Water_En_Klimaatrisico,entropy,Water & Klimaat
BU19001402,0.2593224015219956,Water_En_Klimaatrisico,entropy,Water & Klimaat
BU19001403,0.1823622301173829,Water_En_Klimaatrisico,entropy,Water & Klimaat
BU19001404,0.17094395673232085,Water_En_Klimaatrisico,entropy,Water & Klimaat
BU19001405,0.2648297728768471,Water_En_Klimaatrisico,entropy,Water & Klimaat
BU19001406,0.25884228402317133,Water_En_Klimaatrisico,entropy,Water & Klimaat
BU19001407,0.2281076237951604,Water_En_Klimaatrisico,entropy,Water & Klimaat
BU19001408,0.2690678556876864,Water_En_Klimaatrisico,entropy,Water & Klimaat
BU19001409,0.255525454657515,Water_En_Klimaatrisico,entropy,Water & Klimaat
WK190015,0.08473866295398647,Water_En_Klimaatrisico,entropy,Water & Klimaat
BU19001500,0.14286706560013862,Water_En_Klimaatrisico,entropy,Water & Klimaat
BU19001501,0.21438238692049982,Water_En_Klimaatrisico,entropy,Water & Klimaat
BU19001502,0.17311871903576526,Water_En_Klimaatrisico,entropy,Water & Klimaat
BU19001503,0.0523927228868753,Water_En_Klimaatrisico,entropy,Water & Klimaat
BU19001509,0.11081853329993606,Water_En_Klimaatrisico,entropy,Water & Klimaat
WK190016,0.11559351486701921,Water_En_Klimaatrisico,entropy,Water & Klimaat
BU19001600,0.18509038287697488,Water_En_Klimaatrisico,entropy,Water & Klimaat
BU19001601,0.39725615351364196,Water_En_Klimaatrisico,entropy,Water & Klimaat
BU19001602,0.2795806510512417,Water_En_Klimaatrisico,entropy,Water & Klimaat
BU19001603,0.22224956413641095,Water_En_Klimaatrisico,entropy,Water & Klimaat
BU19001604,0.14664566937000906,Water_En_Klimaatrisico,entropy,Water & Klimaat
BU19001606,0.10817374701194193,Water_En_Klimaatrisico,entropy,Water & Klimaat
BU19001607,0.27907963759326326,Water_En_Klimaatrisico,entropy,Water & Klimaat
BU19001608,0.14107362613041252,Water_En_Klimaatrisico,entropy,Water & Klimaat
WK190017,0.0797276678300394,Water_En_Klimaatrisico,entropy,Water & Klimaat
BU19001700,0.07538978354023826,Water_En_Klimaatrisico,entropy,Water & Klimaat
BU19001709,0.15741197693483266,Water_En_Klimaatrisico,entropy,Water & Klimaat
WK190018,0.11048827025254601,Water_En_Klimaatrisico,entropy,Water & Klimaat
BU19001800,0.08327686183852842,Water_En_Klimaatrisico,entropy,Water & Klimaat
BU19001801,0.21504185490310435,Water_En_Klimaatrisico,entropy,Water & Klimaat
BU19001802,0.19786258572180154,Water_En_Klimaatrisico,entropy,Water & Klimaat
BU19001803,0.050416619061197585,Water_En_Klimaatrisico,entropy,Water & Klimaat
BU19001804,0.22222584302131498,Water_En_Klimaatrisico,entropy,Water & Klimaat
BU19001808,0.2511227081495962,Water_En_Klimaatrisico,entropy,Water & Klimaat
BU19001809,0.10975847828195937,Water_En_Klimaatrisico,entropy,Water & Klimaat
WK190019,0.10692501165490721,Water_En_Klimaatrisico,entropy,Water & Klimaat
BU19001900,0.1267301569638404,Water_En_Klimaatrisico,entropy,Water & Klimaat
BU19001901,0.2485829393622469,Water_En_Klimaatrisico,entropy,Water & Klimaat
BU19001902,0.14675300201446084,Water_En_Klimaatrisico,entropy,Water & Klimaat
BU19001903,0.14557556702319235,Water_En_Klimaatrisico,entropy,Water & Klimaat
BU19001904,0.18664559148592627,Water_En_Klimaatrisico,entropy,Water & Klimaat
WK190020,0.06406117693969504,Water_En_Klimaatrisico,entropy,Water & Klimaat
BU19002001,0.12741022259681273,Water_En_Klimaatrisico,entropy,Water & Klimaat
BU19002002,0.13935618747073597,Water_En_Klimaatrisico,entropy,Water & Klimaat
BU19002003,0.19355010799485295,Water_En_Klimaatrisico,entropy,Water & Klimaat
BU19002004,0.23725499825957364,Water_En_Klimaatrisico,entropy,Water & Klimaat
BU19002005,0.32614558187816417,Water_En_Klimaatrisico,entropy,Water & Klimaat
BU19002006,0.22118309868713512,Water_En_Klimaatrisico,entropy,Water & Klimaat
BU19002007,0.23719037495504922,Water_En_Klimaatrisico,entropy,Water & Klimaat
BU19002008,0.18128619393785173,Water_En_Klimaatrisico,entropy,Water & Klimaat
BU19002009,0.15151467621553627,Water_En_Klimaatrisico,entropy,Water & Klimaat
BU19002010,0.25290591654413064,Water_En_Klimaatrisico,entropy,Water & Klimaat
BU19002011,0.3139372941082613,Water_En_Klimaatrisico,entropy,Water & Klimaat
BU19002012,0.2671705925506268,Water_En_Klimaatrisico,entropy,Water & Klimaat
BU19002013,0.23941784685652234,Water_En_Klimaatrisico,entropy,Water & Klimaat
BU19002014,0.36861871131130686,Water_En_Klimaatrisico,entropy,Water & Klimaat
BU19002015,0.24876450866128708,Water_En_Klimaatrisico,entropy,Water & Klimaat
BU19002016,0.15962715567043145,Water_En_Klimaatrisico,entropy,Water & Klimaat
BU19002017,0.23359742974156195,Water_En_Klimaatrisico,entropy,Water & Klimaat
BU19002018,0.1483330362739562,Water_En_Klimaatrisico,entropy,Water & Klimaat
BU19002019,0.2747119332133761,Water_En_Klimaatrisico,entropy,Water & Klimaat
GM0093,0.15192413312037284,Water_En_Klimaatrisico,entropy,Water & Klimaat
WK009300,0.10623583635854988,Water_En_Klimaatrisico,entropy,Water & Klimaat
BU00930000,0.038747079535613675,Water_En_Klimaatrisico,entropy,Water & Klimaat
BU00930002,0.044380228167119395,Water_En_Klimaatrisico,entropy,Water & Klimaat
WK009301,0.06237222263926603,Water_En_Klimaatrisico,entropy,Water & Klimaat
BU00930110,0.029402765261135354,Water_En_Klimaatrisico,entropy,Water & Klimaat
BU00930111,0.04027458507202401,Water_En_Klimaatrisico,entropy,Water & Klimaat
BU00930112,0.032131087261860036,Water_En_Klimaatrisico,entropy,Water & Klimaat
WK009302,0.06830371115849057,Water_En_Klimaatrisico,entropy,Water & Klimaat
BU00930213,0.0562239222631027,Water_En_Klimaatrisico,entropy,Water & Klimaat
BU00930214,0.03978667673567085,Water_En_Klimaatrisico,entropy,Water & Klimaat
BU00930215,0.031604070241647804,Water_En_Klimaatrisico,entropy,Water & Klimaat
WK009303,0.0839513958761913,Water_En_Klimaatrisico,entropy,Water & Klimaat
BU00930316,0.06554702121732577,Water_En_Klimaatrisico,entropy,Water & Klimaat
BU00930317,0.027661814134275126,Water_En_Klimaatrisico,entropy,Water & Klimaat
WK009304,0.0731190608790459,Water_En_Klimaatrisico,entropy,Water & Klimaat
BU00930418,0.05132545131545721,Water_En_Klimaatrisico,entropy,Water & Klimaat
BU00930419,0.0648478821275214,Water_En_Klimaatrisico,entropy,Water & Klimaat
BU00930420,0.034979331488213944,Water_En_Klimaatrisico,entropy,Water & Klimaat
WK009305,0.08909410123928832,Water_En_Klimaatrisico,entropy,Water & Klimaat
BU00930521,0.06430899523798347,Water_En_Klimaatrisico,entropy,Water & Klimaat
BU00930522,0.055935768542201995,Water_En_Klimaatrisico,entropy,Water & Klimaat
BU00930523,0.05072596800457289,Water_En_Klimaatrisico,entropy,Water & Klimaat
GM0737,0.06466213937944669,Water_En_Klimaatrisico,entropy,Water & Klimaat
WK073700,0.06466213937944669,Water_En_Klimaatrisico,entropy,Water & Klimaat
BU07370000,0.04851659554710958,Water_En_Klimaatrisico,entropy,Water & Klimaat
BU07370009,0.06640769625271815,Water_En_Klimaatrisico,entropy,Water & Klimaat
WK073701,0.07616211390362103,Water_En_Klimaatrisico,entropy,Water & Klimaat
BU07370100,0.11541532294011546,Water_En_Klimaatrisico,entropy,Water & Klimaat
BU07370101,0.07690575678678681,Water_En_Klimaatrisico,entropy,Water & Klimaat
BU07370102,0.16301556549865948,Water_En_Klimaatrisico,entropy,Water & Klimaat
BU07370108,0.1162208493136052,Water_En_Klimaatrisico,entropy,Water & Klimaat
BU07370109,0.11104153178132137,Water_En_Klimaatrisico,entropy,Water & Klimaat
WK073702,0.07616211390362103,Water_En_Klimaatrisico,entropy,Water & Klimaat
BU07370200,0.05841957905762325,Water_En_Klimaatrisico,entropy,Water & Klimaat
BU07370201,0.08821489393935075,Water_En_Klimaatrisico,entropy,Water & Klimaat
BU07370208,0.07679008851988062,Water_En_Klimaatrisico,entropy,Water & Klimaat
BU07370209,0.10444413837541726,Water_En_Klimaatrisico,entropy,Water & Klimaat
WK073703,0.05562630147030205,Water_En_Klimaatrisico,entropy,Water & Klimaat
BU07370300,0.1077621700527443,Water_En_Klimaatrisico,entropy,Water & Klimaat
BU07370309,0.09815607964611173,Water_En_Klimaatrisico,entropy,Water & Klimaat
WK073704,0.10917082812505496,Water_En_Klimaatrisico,entropy,Water & Klimaat
BU07370400,0.07537163925707963,Water_En_Klimaatrisico,entropy,Water & Klimaat
BU07370401,0.046523938628653574,Water_En_Klimaatrisico,entropy,Water & Klimaat
BU07370408,0.07151643289335247,Water_En_Klimaatrisico,entropy,Water & Klimaat
BU07370409,0.10150578793238098,Water_En_Klimaatrisico,entropy,Water & Klimaat
WK073705,0.10279011751031958,Water_En_Klimaatrisico,entropy,Water & Klimaat
BU07370500,0.0832806391815181,Water_En_Klimaatrisico,entropy,Water & Klimaat
BU07370501,0.03857090456530819,Water_En_Klimaatrisico,entropy,Water & Klimaat
BU07370508,0.12004039545546308,Water_En_Klimaatrisico,entropy,Water & Klimaat
BU07370509,0.07183345137412442,Water_En_Klimaatrisico,entropy,Water & Klimaat
WK073706,0.0672907092911991,Water_En_Klimaatrisico,entropy,Water & Klimaat
BU07370600,0.061207066984772955,Water_En_Klimaatrisico,entropy,Water & Klimaat
BU07370609,0.04911681985974706,Water_En_Klimaatrisico,entropy,Water & Klimaat
WK073707,0.10623583635854987,Water_En_Klimaatrisico,entropy,Water & Klimaat
BU07370700,0.04443732644027275,Water_En_Klimaatrisico,entropy,Water & Klimaat
BU07370701,0.08987085914209164,Water_En_Klimaatrisico,entropy,Water & Klimaat
BU07370708,0.07184256046264742,Water_En_Klimaatrisico,entropy,Water & Klimaat
BU07370709,0.07547823938054092,Water_En_Klimaatrisico,entropy,Water & Klimaat
WK073708,0.07953213266288403,Water_En_Klimaatrisico,entropy,Water & Klimaat
BU07370800,0.08960070350761007,Water_En_Klimaatrisico,entropy,Water & Klimaat
BU07370809,0.057794854495575504,Water_En_Klimaatrisico,entropy,Water & Klimaat
WK073709,0.06457417100552423,Water_En_Klimaatrisico,entropy,Water & Klimaat
BU07370900,0.04967694465540453,Water_En_Klimaatrisico,entropy,Water & Klimaat
BU07370909,0.054660448268777875,Water_En_Klimaatrisico,entropy,Water & Klimaat
GM0096,0.1109954382789915,Water_En_Klimaatrisico,entropy,Water & Klimaat
WK009600,0.09943823414488295,Water_En_Klimaatrisico,entropy,Water & Klimaat
BU00960000,0.04565066878962723,Water_En_Klimaatrisico,entropy,Water & Klimaat
BU00960009,0.04993995222036299,Water_En_Klimaatrisico,entropy,Water & Klimaat
GM1949,0.06466213937944669,Water_En_Klimaatrisico,entropy,Water & Klimaat
WK194915,0.07115302876770183,Water_En_Klimaatrisico,entropy,Water & Klimaat
BU19491500,0.1688234222038984,Water_En_Klimaatrisico,entropy,Water & Klimaat
BU19491501,0.15676428475236376,Water_En_Klimaatrisico,entropy,Water & Klimaat
WK194916,0.07254446628275792,Water_En_Klimaatrisico,entropy,Water & Klimaat
BU19491600,0.18903080731308575,Water_En_Klimaatrisico,entropy,Water & Klimaat
BU19491601,0.05254562305593284,Water_En_Klimaatrisico,entropy,Water & Klimaat
BU19491602,0.05892767020925103,Water_En_Klimaatrisico,entropy,Water & Klimaat
BU19491603,0.1363177418589609,Water_En_Klimaatrisico,entropy,Water & Klimaat
BU19491604,0.09350048998148999,Water_En_Klimaatrisico,entropy,Water & Klimaat
BU19491605,0.1052746242359625,Water_En_Klimaatrisico,entropy,Water & Klimaat
BU19491606,0.09804691417289219,Water_En_Klimaatrisico,entropy,Water & Klimaat
WK194917,0.2203551668438505,Water_En_Klimaatrisico,entropy,Water & Klimaat
BU19491700,0.28572968668085114,Water_En_Klimaatrisico,entropy,Water & Klimaat
WK194918,0.08472922715036377,Water_En_Klimaatrisico,entropy,Water & Klimaat
BU19491800,0.1399479593443807,Water_En_Klimaatrisico,entropy,Water & Klimaat
BU19491801,0.11999152751276942,Water_En_Klimaatrisico,entropy,Water & Klimaat
BU19491802,0.11046594547696237,Water_En_Klimaatrisico,entropy,Water & Klimaat
BU19491803,0.12212418688759565,Water_En_Klimaatrisico,entropy,Water & Klimaat
BU19491804,0.13313026700354202,Water_En_Klimaatrisico,entropy,Water & Klimaat
WK194919,0.07416245633804744,Water_En_Klimaatrisico,entropy,Water & Klimaat
BU19491900,0.13623101667359375,Water_En_Klimaatrisico,entropy,Water & Klimaat
BU19491901,0.1420311337492991,Water_En_Klimaatrisico,entropy,Water & Klimaat
WK194920,0.06422865567874514,Water_En_Klimaatrisico,entropy,Water & Klimaat
BU19492000,0.20488849215142932,Water_En_Klimaatrisico,entropy,Water & Klimaat
BU19492001,0.14155926810870523,Water_En_Klimaatrisico,entropy,Water & Klimaat
WK194921,0.17855666329379655,Water_En_Klimaatrisico,entropy,Water & Klimaat
BU19492100,0.26681322407644514,Water_En_Klimaatrisico,entropy,Water & Klimaat
WK194922,0.18190636069150426,Water_En_Klimaatrisico,entropy,Water & Klimaat
BU19492200,0.1440687845593937,Water_En_Klimaatrisico,entropy,Water & Klimaat
WK194923,0.08099751771761272,Water_En_Klimaatrisico,entropy,Water & Klimaat
BU19492300,0.2144565101243305,Water_En_Klimaatrisico,entropy,Water & Klimaat
BU19492301,0.1216815248657205,Water_En_Klimaatrisico,entropy,Water & Klimaat
WK194924,0.0828407290671099,Water_En_Klimaatrisico,entropy,Water & Klimaat
BU19492400,0.17315949557924248,Water_En_Klimaatrisico,entropy,Water & Klimaat
BU19492401,0.11802141983551012,Water_En_Klimaatrisico,entropy,Water & Klimaat
WK194925,0.13398392107366974,Water_En_Klimaatrisico,entropy,Water & Klimaat
BU19492500,0.24490227865887215,Water_En_Klimaatrisico,entropy,Water & Klimaat
BU19492501,0.11863625152719756,Water_En_Klimaatrisico,entropy,Water & Klimaat
WK194926,0.067512018074638,Water_En_Klimaatrisico,entropy,Water & Klimaat
BU19492600,0.2188925303435998,Water_En_Klimaatrisico,entropy,Water & Klimaat
BU19492601,0.11462011951055118,Water_En_Klimaatrisico,entropy,Water & Klimaat
BU19492602,0.14473424260040324,Water_En_Klimaatrisico,entropy,Water & Klimaat
BU19492603,0.12727683535451179,Water_En_Klimaatrisico,entropy,Water & Klimaat
BU19492604,0.12614944686340554,Water_En_Klimaatrisico,entropy,Water & Klimaat
WK194927,0.20695211404897385,Water_En_Klimaatrisico,entropy,Water & Klimaat
BU19492700,0.19031405530405285,Water_En_Klimaatrisico,entropy,Water & Klimaat
WK194928,0.06466213937944669,Water_En_Klimaatrisico,entropy,Water & Klimaat
BU19492800,0.16389403986796075,Water_En_Klimaatrisico,entropy,Water & Klimaat
BU19492801,0.12058350885854209,Water_En_Klimaatrisico,entropy,Water & Klimaat
BU19492802,0.3131200487368359,Water_En_Klimaatrisico,entropy,Water & Klimaat
BU19492803,0.16274613804499438,Water_En_Klimaatrisico,entropy,Water & Klimaat
BU19492804,0.11603689539391257,Water_En_Klimaatrisico,entropy,Water & Klimaat
BU19492805,0.10511132301463778,Water_En_Klimaatrisico,entropy,Water & Klimaat
BU19492806,0.13778597971015685,Water_En_Klimaatrisico,entropy,Water & Klimaat
BU19492807,0.1311852513662734,Water_En_Klimaatrisico,entropy,Water & Klimaat
BU19492808,0.1410581478193677,Water_En_Klimaatrisico,entropy,Water & Klimaat
BU19492809,0.11906497157350364,Water_En_Klimaatrisico,entropy,Water & Klimaat
BU19492810,0.12563005135207916,Water_En_Klimaatrisico,entropy,Water & Klimaat
BU19492811,0.1338945940583957,Water_En_Klimaatrisico,entropy,Water & Klimaat
BU19492812,0.1311890767067082,Water_En_Klimaatrisico,entropy,Water & Klimaat
BU19492813,0.12524840074958732,Water_En_Klimaatrisico,entropy,Water & Klimaat
BU19492814,0.15666448221493967,Water_En_Klimaatrisico,entropy,Water & Klimaat
BU19492815,0.13044015751527785,Water_En_Klimaatrisico,entropy,Water & Klimaat
BU19492816,0.20412059045350972,Water_En_Klimaatrisico,entropy,Water & Klimaat
BU19492817,0.14428669756795579,Water_En_Klimaatrisico,entropy,Water & Klimaat
WK194929,0.1412814200585188,Water_En_Klimaatrisico,entropy,Water & Klimaat
BU19492900,0.08277450896130112,Water_En_Klimaatrisico,entropy,Water & Klimaat
WK194930,0.1762362247112313,Water_En_Klimaatrisico,entropy,Water & Klimaat
BU19493000,0.15545261436165342,Water_En_Klimaatrisico,entropy,Water & Klimaat
WK194931,0.0652241081520728,Water_En_Klimaatrisico,entropy,Water & Klimaat
BU19493100,0.1427995795590689,Water_En_Klimaatrisico,entropy,Water & Klimaat
BU19493101,0.19138342870882208,Water_En_Klimaatrisico,entropy,Water & Klimaat
WK194932,0.1111034794556732,Water_En_Klimaatrisico,entropy,Water & Klimaat
BU19493200,0.24083097144601395,Water_En_Klimaatrisico,entropy,Water & Klimaat
BU19493201,0.1749734222603314,Water_En_Klimaatrisico,entropy,Water & Klimaat
BU19493202,0.1359719772078304,Water_En_Klimaatrisico,entropy,Water & Klimaat
WK194933,0.20257983304615684,Water_En_Klimaatrisico,entropy,Water & Klimaat
BU19493300,0.11935852936124502,Water_En_Klimaatrisico,entropy,Water & Klimaat
WK194934,0.08169973479790528,Water_En_Klimaatrisico,entropy,Water & Klimaat
BU19493400,0.229435189142499,Water_En_Klimaatrisico,entropy,Water & Klimaat
BU19493401,0.2537324851891657,Water_En_Klimaatrisico,entropy,Water & Klimaat
WK194935,0.07980699352830073,Water_En_Klimaatrisico,entropy,Water & Klimaat
BU19493500,0.21264569670589753,Water_En_Klimaatrisico,entropy,Water & Klimaat
BU19493501,0.12939566994151697,Water_En_Klimaatrisico,entropy,Water & Klimaat
BU19493502,0.1263308052753251,Water_En_Klimaatrisico,entropy,Water & Klimaat
BU19493503,0.12274076478980478,Water_En_Klimaatrisico,entropy,Water & Klimaat
WK194936,0.06708012835191672,Water_En_Klimaatrisico,entropy,Water & Klimaat
BU19493600,0.19735838004397657,Water_En_Klimaatrisico,entropy,Water & Klimaat
BU19493601,0.12749330753028718,Water_En_Klimaatrisico,entropy,Water & Klimaat
BU19493602,0.13768073268868913,Water_En_Klimaatrisico,entropy,Water & Klimaat
BU19493603,0.11330422699039885,Water_En_Klimaatrisico,entropy,Water & Klimaat
WK194937,0.12314451313824962,Water_En_Klimaatrisico,entropy,Water & Klimaat
BU19493700,0.10087255671398306,Water_En_Klimaatrisico,entropy,Water & Klimaat
WK194938,0.07970514491108668,Water_En_Klimaatrisico,entropy,Water & Klimaat
BU19493800,0.09738497127668817,Water_En_Klimaatrisico,entropy,Water & Klimaat
BU19493801,0.14583992112926109,Water_En_Klimaatrisico,entropy,Water & Klimaat
WK194939,0.07692716593411311,Water_En_Klimaatrisico,entropy,Water & Klimaat
BU19493900,0.13649667039023275,Water_En_Klimaatrisico,entropy,Water & Klimaat
BU19493901,0.13093750961152112,Water_En_Klimaatrisico,entropy,Water & Klimaat
WK194940,0.16311729798824537,Water_En_Klimaatrisico,entropy,Water & Klimaat
BU19494000,0.14500439448140817,Water_En_Klimaatrisico,entropy,Water & Klimaat
WK194941,0.20211313409231985,Water_En_Klimaatrisico,entropy,Water & Klimaat
BU19494100,0.13787282101620585,Water_En_Klimaatrisico,entropy,Water & Klimaat
WK194942,0.09894075029767671,Water_En_Klimaatrisico,entropy,Water & Klimaat
BU19494200,0.21822648452170113,Water_En_Klimaatrisico,entropy,Water & Klimaat
BU19494201,0.17444706229620915,Water_En_Klimaatrisico,entropy,Water & Klimaat
WK194943,0.2337805337037796,Water_En_Klimaatrisico,entropy,Water & Klimaat
BU19494300,0.18877632216611276,Water_En_Klimaatrisico,entropy,Water & Klimaat
WK194944,0.06708012835191672,Water_En_Klimaatrisico,entropy,Water & Klimaat
BU19494400,0.18117672752358868,Water_En_Klimaatrisico,entropy,Water & Klimaat
BU19494401,0.13989563797079174,Water_En_Klimaatrisico,entropy,Water & Klimaat
BU19494402,0.10404992225656753,Water_En_Klimaatrisico,entropy,Water & Klimaat
BU19494403,0.31556154395854397,Water_En_Klimaatrisico,entropy,Water & Klimaat
WK194945,0.22722574216151364,Water_En_Klimaatrisico,entropy,Water & Klimaat
BU19494500,0.1423673338424718,Water_En_Klimaatrisico,entropy,Water & Klimaat
WK194946,0.1935358768856658,Water_En_Klimaatrisico,entropy,Water & Klimaat
BU19494600,0.14233630948564535,Water_En_Klimaatrisico,entropy,Water & Klimaat
WK194947,0.1508100342842811,Water_En_Klimaatrisico,entropy,Water & Klimaat
BU19494700,0.38275515096598245,Water_En_Klimaatrisico,entropy,Water & Klimaat
BU19494701,0.24256786797436403,Water_En_Klimaatrisico,entropy,Water & Klimaat
WK194948,0.06950598085141516,Water_En_Klimaatrisico,entropy,Water & Klimaat
BU19494800,0.19098254969641468,Water_En_Klimaatrisico,entropy,Water & Klimaat
BU19494801,0.14263118817311748,Water_En_Klimaatrisico,entropy,Water & Klimaat
WK194949,0.05994630590097978,Water_En_Klimaatrisico,entropy,Water & Klimaat
BU19494900,0.1861315288304647,Water_En_Klimaatrisico,entropy,Water & Klimaat
BU19494901,0.163618200584478,Water_En_Klimaatrisico,entropy,Water & Klimaat
BU19494902,0.15698538522085578,Water_En_Klimaatrisico,entropy,Water & Klimaat
WK194950,0.07818847252479343,Water_En_Klimaatrisico,entropy,Water & Klimaat
BU19495000,0.14543514542674824,Water_En_Klimaatrisico,entropy,Water & Klimaat
BU19495001,0.13229322477196515,Water_En_Klimaatrisico,entropy,Water & Klimaat
WK194951,0.16311729798824537,Water_En_Klimaatrisico,entropy,Water & Klimaat
BU19495100,0.23981076510481159,Water_En_Klimaatrisico,entropy,Water & Klimaat
WK194952,0.2055773494425548,Water_En_Klimaatrisico,entropy,Water & Klimaat
BU19495200,0.2147688216720029,Water_En_Klimaatrisico,entropy,Water & Klimaat
WK194953,0.078133921004918,Water_En_Klimaatrisico,entropy,Water & Klimaat
BU19495300,0.16510077427907013,Water_En_Klimaatrisico,entropy,Water & Klimaat
BU19495301,0.1419821178421003,Water_En_Klimaatrisico,entropy,Water & Klimaat
BU19495302,0.13273286738717832,Water_En_Klimaatrisico,entropy,Water & Klimaat
WK194954,0.07924436571692511,Water_En_Klimaatrisico,entropy,Water & Klimaat
BU19495400,0.23678266968858347,Water_En_Klimaatrisico,entropy,Water & Klimaat
BU19495401,0.20525455232842296,Water_En_Klimaatrisico,entropy,Water & Klimaat
WK194955,0.1999934243213593,Water_En_Klimaatrisico,entropy,Water & Klimaat
BU19495500,0.13547492105655354,Water_En_Klimaatrisico,entropy,Water & Klimaat
GM0098,0.06466213937944668,Water_En_Klimaatrisico,entropy,Water & Klimaat
WK009800,0.06466213937944669,Water_En_Klimaatrisico,entropy,Water & Klimaat
BU00980001,0.07898881746514431,Water_En_Klimaatrisico,entropy,Water & Klimaat
BU00980002,0.12060020794111512,Water_En_Klimaatrisico,entropy,Water & Klimaat
BU00980003,0.10801699413944686,Water_En_Klimaatrisico,entropy,Water & Klimaat
BU00980004,0.10127386732107972,Water_En_Klimaatrisico,entropy,Water & Klimaat
BU00980005,0.09920842535672575,Water_En_Klimaatrisico,entropy,Water & Klimaat
BU00980006,0.13595223405036597,Water_En_Klimaatrisico,entropy,Water & Klimaat
BU00980007,0.17946812688809627,Water_En_Klimaatrisico,entropy,Water & Klimaat
BU00980008,0.09938260029974041,Water_En_Klimaatrisico,entropy,Water & Klimaat
BU00980009,0.03607741216396431,Water_En_Klimaatrisico,entropy,Water & Klimaat
BU00980010,0.10998718018993375,Water_En_Klimaatrisico,entropy,Water & Klimaat
BU00980011,0.09632725699329436,Water_En_Klimaatrisico,entropy,Water & Klimaat
BU00980012,0.07123289679101419,Water_En_Klimaatrisico,entropy,Water & Klimaat
BU00980013,0.10284626239377977,Water_En_Klimaatrisico,entropy,Water & Klimaat
BU00980014,0.12210828682783531,Water_En_Klimaatrisico,entropy,Water & Klimaat
BU00980015,0.10085553458125263,Water_En_Klimaatrisico,entropy,Water & Klimaat
BU00980016,0.1328508162095369,Water_En_Klimaatrisico,entropy,Water & Klimaat
BU00980017,0.12158158901187943,Water_En_Klimaatrisico,entropy,Water & Klimaat
BU00980018,0.07371507934769786,Water_En_Klimaatrisico,entropy,Water & Klimaat
BU00980019,0.08600486210458812,Water_En_Klimaatrisico,entropy,Water & Klimaat
BU00980020,0.0756145983432131,Water_En_Klimaatrisico,entropy,Water & Klimaat
BU00980021,0.12492871847488118,Water_En_Klimaatrisico,entropy,Water & Klimaat
WK009801,0.1263117013440541,Water_En_Klimaatrisico,entropy,Water & Klimaat
BU00980101,0.08890079454992103,Water_En_Klimaatrisico,entropy,Water & Klimaat
BU00980102,0.1116643454103816,Water_En_Klimaatrisico,entropy,Water & Klimaat
BU00980103,0.11640151676271893,Water_En_Klimaatrisico,entropy,Water & Klimaat
BU00980104,0.09811646647911043,Water_En_Klimaatrisico,entropy,Water & Klimaat
WK009802,0.14656856871026083,Water_En_Klimaatrisico,entropy,Water & Klimaat
BU00980201,0.1275260454540726,Water_En_Klimaatrisico,entropy,Water & Klimaat
BU00980202,0.14319798362553937,Water_En_Klimaatrisico,entropy,Water & Klimaat
WK009803,0.07747407549780398,Water_En_Klimaatrisico,entropy,Water & Klimaat
BU00980301,0.1034160112199304,Water_En_Klimaatrisico,entropy,Water & Klimaat
BU00980302,0.1895598078063198,Water_En_Klimaatrisico,entropy,Water & Klimaat
BU00980303,0.1424859122925964,Water_En_Klimaatrisico,entropy,Water & Klimaat
BU00980304,0.12738653669481334,Water_En_Klimaatrisico,entropy,Water & Klimaat
BU00980305,0.11890194629433735,Water_En_Klimaatrisico,entropy,Water & Klimaat
WK009804,0.08355323181425951,Water_En_Klimaatrisico,entropy,Water & Klimaat
BU00980401,0.07509496621018322,Water_En_Klimaatrisico,entropy,Water & Klimaat
BU00980402,0.1446755055015222,Water_En_Klimaatrisico,entropy,Water & Klimaat
BU00980403,0.14888040583372328,Water_En_Klimaatrisico,entropy,Water & Klimaat
WK009805,0.07518672475563676,Water_En_Klimaatrisico,entropy,Water & Klimaat
BU00980501,0.07780377575087372,Water_En_Klimaatrisico,entropy,Water & Klimaat
BU00980502,0.09518530041494389,Water_En_Klimaatrisico,entropy,Water & Klimaat
WK009806,0.06800025609371226,Water_En_Klimaatrisico,entropy,Water & Klimaat
BU00980601,0.1380165773093607,Water_En_Klimaatrisico,entropy,Water & Klimaat
BU00980602,0.08461595376805281,Water_En_Klimaatrisico,entropy,Water & Klimaat
WK009807,0.06401495036392937,Water_En_Klimaatrisico,entropy,Water & Klimaat
BU00980701,0.0821169488593618,Water_En_Klimaatrisico,entropy,Water & Klimaat
BU00980702,0.09558610858315504,Water_En_Klimaatrisico,entropy,Water & Klimaat
WK009808,0.0728923535978995,Water_En_Klimaatrisico,entropy,Water & Klimaat
BU00980801,0.09109732237143782,Water_En_Klimaatrisico,entropy,Water & Klimaat
BU00980802,0.07519843155025659,Water_En_Klimaatrisico,entropy,Water & Klimaat
WK009809,0.08251860390776006,Water_En_Klimaatrisico,entropy,Water & Klimaat
BU00980901,0.14904110613328986,Water_En_Klimaatrisico,entropy,Water & Klimaat
BU00980902,0.04836975244416602,Water_En_Klimaatrisico,entropy,Water & Klimaat
BU00980903,0.08425167422359649,Water_En_Klimaatrisico,entropy,Water & Klimaat
WK009810,0.07165084426230059,Water_En_Klimaatrisico,entropy,Water & Klimaat
BU00981001,0.08684504221703891,Water_En_Klimaatrisico,entropy,Water & Klimaat
BU00981002,0.06702315490507531,Water_En_Klimaatrisico,entropy,Water & Klimaat
BU00981003,0.05698604141786384,Water_En_Klimaatrisico,entropy,Water & Klimaat
BU00981004,0.08106337712227778,Water_En_Klimaatrisico,entropy,Water & Klimaat
BU00981005,0.07334694848141023,Water_En_Klimaatrisico,entropy,Water & Klimaat
BU00981006,0.10229416873134413,Water_En_Klimaatrisico,entropy,Water & Klimaat
BU00981007,0.09998235264681668,Water_En_Klimaatrisico,entropy,Water & Klimaat
BU00981008,0.1283468245578635,Water_En_Klimaatrisico,entropy,Water & Klimaat
BU00981009,0.10651115905102038,Water_En_Klimaatrisico,entropy,Water & Klimaat
WK009811,0.07066570698052237,Water_En_Klimaatrisico,entropy,Water & Klimaat
BU00981101,0.12164278533716594,Water_En_Klimaatrisico,entropy,Water & Klimaat
BU00981102,0.11418633655407176,Water_En_Klimaatrisico,entropy,Water & Klimaat
WK009812,0.10358026124094791,Water_En_Klimaatrisico,entropy,Water & Klimaat
BU00981201,0.09935469407682465,Water_En_Klimaatrisico,entropy,Water & Klimaat
WK009813,0.08442390873984762,Water_En_Klimaatrisico,entropy,Water & Klimaat
BU00981301,0.06713510397235825,Water_En_Klimaatrisico,entropy,Water & Klimaat
BU00981302,0.09800521529364156,Water_En_Klimaatrisico,entropy,Water & Klimaat
WK009814,0.05563036134688314,Water_En_Klimaatrisico,entropy,Water & Klimaat
BU00981401,0.10985237888270252,Water_En_Klimaatrisico,entropy,Water & Klimaat
BU00981402,0.06216189729012094,Water_En_Klimaatrisico,entropy,Water & Klimaat
WK009815,0.07466902370521031,Water_En_Klimaatrisico,entropy,Water & Klimaat
BU00981501,0.15644959204474806,Water_En_Klimaatrisico,entropy,Water & Klimaat
BU00981502,0.06858821863148015,Water_En_Klimaatrisico,entropy,Water & Klimaat
GM0059,0.12473178142465241,Water_En_Klimaatrisico,weighted_mean,Water & Klimaat
WK005900,0.12473178142465241,Water_En_Klimaatrisico,weighted_mean,Water & Klimaat
BU00590000,0.08496009679450664,Water_En_Klimaatrisico,weighted_mean,Water & Klimaat
BU00590001,0.09079217922682106,Water_En_Klimaatrisico,weighted_mean,Water & Klimaat
BU00590002,0.08245673059042477,Water_En_Klimaatrisico,weighted_mean,Water & Klimaat
BU00590003,0.06056533468563266,Water_En_Klimaatrisico,weighted_mean,Water & Klimaat
BU00590004,0.16799161690832587,Water_En_Klimaatrisico,weighted_mean,Water & Klimaat
BU00590005,0.07873794398112113,Water_En_Klimaatrisico,weighted_mean,Water & Klimaat
BU00590006,0.06789651660679778,Water_En_Klimaatrisico,weighted_mean,Water & Klimaat
BU00590007,0.08452636485421194,Water_En_Klimaatrisico,weighted_mean,Water & Klimaat
BU00590008,0.10148050181850193,Water_En_Klimaatrisico,weighted_mean,Water & Klimaat
BU00590009,0.06648671983447607,Water_En_Klimaatrisico,weighted_mean,Water & Klimaat
WK005901,0.13329594236490386,Water_En_Klimaatrisico,weighted_mean,Water & Klimaat
BU00590100,0.13786458350786546,Water_En_Klimaatrisico,weighted_mean,Water & Klimaat
BU00590102,0.15819225788411356,Water_En_Klimaatrisico,weighted_mean,Water & Klimaat
BU00590103,0.13644342252839414,Water_En_Klimaatrisico,weighted_mean,Water & Klimaat
BU00590107,0.15661136514049606,Water_En_Klimaatrisico,weighted_mean,Water & Klimaat
BU00590108,0.06426861914933546,Water_En_Klimaatrisico,weighted_mean,Water & Klimaat
BU00590109,0.07698061677658828,Water_En_Klimaatrisico,weighted_mean,Water & Klimaat
WK005902,0.12473178142465241,Water_En_Klimaatrisico,weighted_mean,Water & Klimaat
BU00590200,0.07244606102307358,Water_En_Klimaatrisico,weighted_mean,Water & Klimaat
BU00590201,0.1599567397338894,Water_En_Klimaatrisico,weighted_mean,Water & Klimaat
BU00590202,0.1404586290685512,Water_En_Klimaatrisico,weighted_mean,Water & Klimaat
BU00590203,0.1743299816570772,Water_En_Klimaatrisico,weighted_mean,Water & Klimaat
BU00590206,0.0874004109237992,Water_En_Klimaatrisico,weighted_mean,Water & Klimaat
BU00590207,0.16200891813588855,Water_En_Klimaatrisico,weighted_mean,Water & Klimaat
BU00590208,0.07193588763125662,Water_En_Klimaatrisico,weighted_mean,Water & Klimaat
BU00590209,0.1737467436953562,Water_En_Klimaatrisico,weighted_mean,Water & Klimaat
GM0060,0.16031456222825635,Water_En_Klimaatrisico,weighted_mean,Water & Klimaat
WK006000,0.1346489482873688,Water_En_Klimaatrisico,weighted_mean,Water & Klimaat
BU00600000,0.14492193299617528,Water_En_Klimaatrisico,weighted_mean,Water & Klimaat
BU00600001,0.09768283936505359,Water_En_Klimaatrisico,weighted_mean,Water & Klimaat
BU00600002,0.20775743391297757,Water_En_Klimaatrisico,weighted_mean,Water & Klimaat
BU00600003,0.12520907144158627,Water_En_Klimaatrisico,weighted_mean,Water & Klimaat
BU00600007,0.14010811035219714,Water_En_Klimaatrisico,weighted_mean,Water & Klimaat
BU00600008,0.09197650115607978,Water_En_Klimaatrisico,weighted_mean,Water & Klimaat
BU00600009,0.10178099390177342,Water_En_Klimaatrisico,weighted_mean,Water & Klimaat
GM1891,0.1247317814246524,Water_En_Klimaatrisico,weighted_mean,Water & Klimaat
WK189100,0.1319840877004987,Water_En_Klimaatrisico,weighted_mean,Water & Klimaat
BU18910000,0.11508132522927492,Water_En_Klimaatrisico,weighted_mean,Water & Klimaat
BU18910001,0.14393483279411834,Water_En_Klimaatrisico,weighted_mean,Water & Klimaat
BU18910002,0.18538408643005605,Water_En_Klimaatrisico,weighted_mean,Water & Klimaat
BU18910008,0.18343816178010608,Water_En_Klimaatrisico,weighted_mean,Water & Klimaat
BU18910009,0.17324944630866296,Water_En_Klimaatrisico,weighted_mean,Water & Klimaat
WK189101,0.13092394765123416,Water_En_Klimaatrisico,weighted_mean,Water & Klimaat
BU18910100,0.13613194271784568,Water_En_Klimaatrisico,weighted_mean,Water & Klimaat
BU18910101,0.13134174955526876,Water_En_Klimaatrisico,weighted_mean,Water & Klimaat
BU18910108,0.21189453124131102,Water_En_Klimaatrisico,weighted_mean,Water & Klimaat
BU18910109,0.18970356905570704,Water_En_Klimaatrisico,weighted_mean,Water & Klimaat
WK189102,0.12948068114302497,Water_En_Klimaatrisico,weighted_mean,Water & Klimaat
BU18910200,0.13802250116290932,Water_En_Klimaatrisico,weighted_mean,Water & Klimaat
BU18910201,0.13843271511246696,Water_En_Klimaatrisico,weighted_mean,Water & Klimaat
BU18910202,0.17502418048411947,Water_En_Klimaatrisico,weighted_mean,Water & Klimaat
BU18910208,0.19037316510596267,Water_En_Klimaatrisico,weighted_mean,Water & Klimaat
BU18910209,0.14440561723726186,Water_En_Klimaatrisico,weighted_mean,Water & Klimaat
WK189103,0.1402358415181177,Water_En_Klimaatrisico,weighted_mean,Water & Klimaat
BU18910300,0.19397385774149392,Water_En_Klimaatrisico,weighted_mean,Water & Klimaat
BU18910301,0.23215982551849262,Water_En_Klimaatrisico,weighted_mean,Water & Klimaat
BU18910309,0.19644813135399236,Water_En_Klimaatrisico,weighted_mean,Water & Klimaat
GM1940,0.12473178142465241,Water_En_Klimaatrisico,weighted_mean,Water & Klimaat
WK194001,0.16468960112793735,Water_En_Klimaatrisico,weighted_mean,Water & Klimaat
BU19400101,0.15220216737300396,Water_En_Klimaatrisico,weighted_mean,Water & Klimaat
WK194002,0.1372454635212718,Water_En_Klimaatrisico,weighted_mean,Water & Klimaat
BU19400201,0.236222711159436,Water_En_Klimaatrisico,weighted_mean,Water & Klimaat
WK194003,0.14837264191472327,Water_En_Klimaatrisico,weighted_mean,Water & Klimaat
BU19400301,0.16539733169202464,Water_En_Klimaatrisico,weighted_mean,Water & Klimaat
WK194004,0.1527868580446157,Water_En_Klimaatrisico,weighted_mean,Water & Klimaat
BU19400401,0.16382723370809935,Water_En_Klimaatrisico,weighted_mean,Water & Klimaat
WK194005,0.18236948384826412,Water_En_Klimaatrisico,weighted_mean,Water & Klimaat
BU19400501,0.18168245454719076,Water_En_Klimaatrisico,weighted_mean,Water & Klimaat
WK194006,0.1491560902353906,Water_En_Klimaatrisico,weighted_mean,Water & Klimaat
BU19400601,0.17781961551151615,Water_En_Klimaatrisico,weighted_mean,Water & Klimaat
WK194007,0.17647021337786206,Water_En_Klimaatrisico,weighted_mean,Water & Klimaat
BU19400701,0.19626707906704133,Water_En_Klimaatrisico,weighted_mean,Water & Klimaat
BU19400702,0.20770534293550383,Water_En_Klimaatrisico,weighted_mean,Water & Klimaat
WK194008,0.2233884992630305,Water_En_Klimaatrisico,weighted_mean,Water & Klimaat
BU19400801,0.21130366620553703,Water_En_Klimaatrisico,weighted_mean,Water & Klimaat
WK194009,0.19894655389294266,Water_En_Klimaatrisico,weighted_mean,Water & Klimaat
BU19400901,0.206285176967542,Water_En_Klimaatrisico,weighted_mean,Water & Klimaat
WK194010,0.2036578524875995,Water_En_Klimaatrisico,weighted_mean,Water & Klimaat
BU19401001,0.1954625449376043,Water_En_Klimaatrisico,weighted_mean,Water & Klimaat
WK194011,0.11293000818171275,Water_En_Klimaatrisico,weighted_mean,Water & Klimaat
BU19401101,0.1854047830301142,Water_En_Klimaatrisico,weighted_mean,Water & Klimaat
BU19401102,0.1476770929915988,Water_En_Klimaatrisico,weighted_mean,Water & Klimaat
WK194012,0.22070042482267416,Water_En_Klimaatrisico,weighted_mean,Water & Klimaat
BU19401201,0.24383106964287315,Water_En_Klimaatrisico,weighted_mean,Water & Klimaat
WK194013,0.16496237011873405,Water_En_Klimaatrisico,weighted_mean,Water & Klimaat
BU19401301,0.19852496050048074,Water_En_Klimaatrisico,weighted_mean,Water & Klimaat
WK194014,0.19801452783016232,Water_En_Klimaatrisico,weighted_mean,Water & Klimaat
BU19401401,0.2681310272720506,Water_En_Klimaatrisico,weighted_mean,Water & Klimaat
WK194015,0.1977022661322117,Water_En_Klimaatrisico,weighted_mean,Water & Klimaat
BU19401501,0.20636978005530987,Water_En_Klimaatrisico,weighted_mean,Water & Klimaat
WK194016,0.12648319872055944,Water_En_Klimaatrisico,weighted_mean,Water & Klimaat
BU19401601,0.142132616234937,Water_En_Klimaatrisico,weighted_mean,Water & Klimaat
WK194017,0.1074388421334792,Water_En_Klimaatrisico,weighted_mean,Water & Klimaat
BU19401701,0.06793741215994653,Water_En_Klimaatrisico,weighted_mean,Water & Klimaat
WK194018,0.14723550406537564,Water_En_Klimaatrisico,weighted_mean,Water & Klimaat
BU19401801,0.13723588043522228,Water_En_Klimaatrisico,weighted_mean,Water & Klimaat
WK194019,0.12473178142465241,Water_En_Klimaatrisico,weighted_mean,Water & Klimaat
BU19401901,0.09047217314714305,Water_En_Klimaatrisico,weighted_mean,Water & Klimaat
BU19401902,0.0843661054537099,Water_En_Klimaatrisico,weighted_mean,Water & Klimaat
BU19401903,0.10297086739715833,Water_En_Klimaatrisico,weighted_mean,Water & Klimaat
BU19401904,0.13410149626913265,Water_En_Klimaatrisico,weighted_mean,Water & Klimaat
BU19401905,0.1000832714497359,Water_En_Klimaatrisico,weighted_mean,Water & Klimaat
BU19401906,0.13928818461580947,Water_En_Klimaatrisico,weighted_mean,Water & Klimaat
BU19401907,0.16895220573384195,Water_En_Klimaatrisico,weighted_mean,Water & Klimaat
BU19401908,0.1628995466704058,Water_En_Klimaatrisico,weighted_mean,Water & Klimaat
BU19401909,0.07783551259733369,Water_En_Klimaatrisico,weighted_mean,Water & Klimaat
BU19401910,0.1292679812557631,Water_En_Klimaatrisico,weighted_mean,Water & Klimaat
WK194020,0.2209754218227315,Water_En_Klimaatrisico,weighted_mean,Water & Klimaat
BU19402001,0.1992382790040418,Water_En_Klimaatrisico,weighted_mean,Water & Klimaat
WK194021,0.14764319684128968,Water_En_Klimaatrisico,weighted_mean,Water & Klimaat
BU19402101,0.18036469715999726,Water_En_Klimaatrisico,weighted_mean,Water & Klimaat
WK194022,0.21409751365002638,Water_En_Klimaatrisico,weighted_mean,Water & Klimaat
BU19402201,0.09011851473926362,Water_En_Klimaatrisico,weighted_mean,Water & Klimaat
WK194023,0.1247317814246524,Water_En_Klimaatrisico,weighted_mean,Water & Klimaat
BU19402301,0.18692883179945247,Water_En_Klimaatrisico,weighted_mean,Water & Klimaat
BU19402302,0.23295732914332942,Water_En_Klimaatrisico,weighted_mean,Water & Klimaat
BU19402303,0.2570484639583027,Water_En_Klimaatrisico,weighted_mean,Water & Klimaat
BU19402304,0.20479776429804913,Water_En_Klimaatrisico,weighted_mean,Water & Klimaat
BU19402305,0.2248001297378696,Water_En_Klimaatrisico,weighted_mean,Water & Klimaat
BU19402306,0.2149268198156563,Water_En_Klimaatrisico,weighted_mean,Water & Klimaat
BU19402307,0.16629463116578863,Water_En_Klimaatrisico,weighted_mean,Water & Klimaat
BU19402308,0.1895699110497238,Water_En_Klimaatrisico,weighted_mean,Water & Klimaat
WK194024,0.1702099213505433,Water_En_Klimaatrisico,weighted_mean,Water & Klimaat
BU19402401,0.20304724508979202,Water_En_Klimaatrisico,weighted_mean,Water & Klimaat
WK194025,0.1589495398400889,Water_En_Klimaatrisico,weighted_mean,Water & Klimaat
BU19402501,0.1502886833410927,Water_En_Klimaatrisico,weighted_mean,Water & Klimaat
WK194026,0.09811133205008207,Water_En_Klimaatrisico,weighted_mean,Water & Klimaat
BU19402601,0.11428543868310492,Water_En_Klimaatrisico,weighted_mean,Water & Klimaat
WK194027,0.19107821682471615,Water_En_Klimaatrisico,weighted_mean,Water & Klimaat
BU19402701,0.20304749055854754,Water_En_Klimaatrisico,weighted_mean,Water & Klimaat
WK194028,0.1333924307162842,Water_En_Klimaatrisico,weighted_mean,Water & Klimaat
BU19402801,0.2237085739366967,Water_En_Klimaatrisico,weighted_mean,Water & Klimaat
BU19402802,0.14541052441261304,Water_En_Klimaatrisico,weighted_mean,Water & Klimaat
WK194029,0.1619248385626224,Water_En_Klimaatrisico,weighted_mean,Water & Klimaat
BU19402901,0.09787869123345436,Water_En_Klimaatrisico,weighted_mean,Water & Klimaat
WK194030,0.10476056559004483,Water_En_Klimaatrisico,weighted_mean,Water & Klimaat
BU19403001,0.11860037606512955,Water_En_Klimaatrisico,weighted_mean,Water & Klimaat
WK194031,0.12090381182086546,Water_En_Klimaatrisico,weighted_mean,Water & Klimaat
BU19403101,0.19581251601691407,Water_En_Klimaatrisico,weighted_mean,Water & Klimaat
WK194032,0.13248138273541413,Water_En_Klimaatrisico,weighted_mean,Water & Klimaat
BU19403201,0.0838603009784953,Water_En_Klimaatrisico,weighted_mean,Water & Klimaat
WK194033,0.19588127532235994,Water_En_Klimaatrisico,weighted_mean,Water & Klimaat
BU19403301,0.1290202549186111,Water_En_Klimaatrisico,weighted_mean,Water & Klimaat
WK194034,0.17057060301194427,Water_En_Klimaatrisico,weighted_mean,Water & Klimaat
BU19403401,0.18885672531288825,Water_En_Klimaatrisico,weighted_mean,Water & Klimaat
WK194035,0.16611903965346353,Water_En_Klimaatrisico,weighted_mean,Water & Klimaat
BU19403501,0.17944418026381387,Water_En_Klimaatrisico,weighted_mean,Water & Klimaat
WK194036,0.1516423703274124,Water_En_Klimaatrisico,weighted_mean,Water & Klimaat
BU19403601,0.07562011045025208,Water_En_Klimaatrisico,weighted_mean,Water & Klimaat
WK194037,0.10862142979333486,Water_En_Klimaatrisico,weighted_mean,Water & Klimaat
BU19403701,0.11628163336214331,Water_En_Klimaatrisico,weighted_mean,Water & Klimaat
WK194038,0.11102548135693827,Water_En_Klimaatrisico,weighted_mean,Water & Klimaat
BU19403801,0.07129122862705989,Water_En_Klimaatrisico,weighted_mean,Water & Klimaat
WK194039,0.18390572597398758,Water_En_Klimaatrisico,weighted_mean,Water & Klimaat
BU19403901,0.10793757284520122,Water_En_Klimaatrisico,weighted_mean,Water & Klimaat
WK194040,0.11102548135693827,Water_En_Klimaatrisico,weighted_mean,Water & Klimaat
BU19404001,0.09477094880187001,Water_En_Klimaatrisico,weighted_mean,Water & Klimaat
WK194041,0.12112768365661544,Water_En_Klimaatrisico,weighted_mean,Water & Klimaat
BU19404101,0.11791880215201228,Water_En_Klimaatrisico,weighted_mean,Water & Klimaat
WK194042,0.10203891060833656,Water_En_Klimaatrisico,weighted_mean,Water & Klimaat
BU19404201,0.09553706619802882,Water_En_Klimaatrisico,weighted_mean,Water & Klimaat
WK194043,0.17315430287041705,Water_En_Klimaatrisico,weighted_mean,Water & Klimaat
BU19404301,0.23841859673835394,Water_En_Klimaatrisico,weighted_mean,Water & Klimaat
WK194044,0.15310432202202276,Water_En_Klimaatrisico,weighted_mean,Water & Klimaat
BU19404401,0.15349679867180605,Water_En_Klimaatrisico,weighted_mean,Water & Klimaat
WK194045,0.09643751254135807,Water_En_Klimaatrisico,weighted_mean,Water & Klimaat
BU19404501,0.14956613771928118,Water_En_Klimaatrisico,weighted_mean,Water & Klimaat
WK194046,0.13316269648104087,Water_En_Klimaatrisico,weighted_mean,Water & Klimaat
BU19404601,0.15450901684272828,Water_En_Klimaatrisico,weighted_mean,Water & Klimaat
WK194047,0.1748193102330619,Water_En_Klimaatrisico,weighted_mean,Water & Klimaat
BU19404701,0.17348990812380782,Water_En_Klimaatrisico,weighted_mean,Water & Klimaat
WK194048,0.22805156036349045,Water_En_Klimaatrisico,weighted_mean,Water & Klimaat
BU19404801,0.22387891059397752,Water_En_Klimaatrisico,weighted_mean,Water & Klimaat
WK194049,0.14368642438451415,Water_En_Klimaatrisico,weighted_mean,Water & Klimaat
BU19404901,0.1929239140017578,Water_En_Klimaatrisico,weighted_mean,Water & Klimaat
WK194050,0.11207622113673077,Water_En_Klimaatrisico,weighted_mean,Water & Klimaat
BU19405001,0.10554124938204462,Water_En_Klimaatrisico,weighted_mean,Water & Klimaat
WK194051,0.14588012922759963,Water_En_Klimaatrisico,weighted_mean,Water & Klimaat
BU19405101,0.1565581952358284,Water_En_Klimaatrisico,weighted_mean,Water & Klimaat
GM0072,0.13325883426589263,Water_En_Klimaatrisico,weighted_mean,Water & Klimaat
WK007200,0.12473178142465241,Water_En_Klimaatrisico,weighted_mean,Water & Klimaat
BU00720001,0.26152749387497076,Water_En_Klimaatrisico,weighted_mean,Water & Klimaat
BU00720002,0.2182270846505678,Water_En_Klimaatrisico,weighted_mean,Water & Klimaat
BU00720003,0.16372150539057367,Water_En_Klimaatrisico,weighted_mean,Water & Klimaat
BU00720004,0.21292131945765894,Water_En_Klimaatrisico,weighted_mean,Water & Klimaat
BU00720005,0.2408751364850067,Water_En_Klimaatrisico,weighted_mean,Water & Klimaat
BU00720006,0.48436621704074123,Water_En_Klimaatrisico,weighted_mean,Water & Klimaat
BU00720007,0.4709525944442059,Water_En_Klimaatrisico,weighted_mean,Water & Klimaat
BU00720009,0.2145265808298242,Water_En_Klimaatrisico,weighted_mean,Water & Klimaat
WK007201,0.1656912364196601,Water_En_Klimaatrisico,weighted_mean,Water & Klimaat
BU00720100,0.2664437559090667,Water_En_Klimaatrisico,weighted_mean,Water & Klimaat
BU00720109,0.18172794290247415,Water_En_Klimaatrisico,weighted_mean,Water & Klimaat
WK007202,0.12217197249544548,Water_En_Klimaatrisico,weighted_mean,Water & Klimaat
BU00720200,0.14981805885896854,Water_En_Klimaatrisico,weighted_mean,Water & Klimaat
BU00720209,0.18681849225551272,Water_En_Klimaatrisico,weighted_mean,Water & Klimaat
GM0074,0.12473178142465241,Water_En_Klimaatrisico,weighted_mean,Water & Klimaat
WK007401,0.12473178142465241,Water_En_Klimaatrisico,weighted_mean,Water & Klimaat
BU00740100,0.13042941273463118,Water_En_Klimaatrisico,weighted_mean,Water & Klimaat
BU00740101,0.1076899400996677,Water_En_Klimaatrisico,weighted_mean,Water & Klimaat
BU00740102,0.0913372240401001,Water_En_Klimaatrisico,weighted_mean,Water & Klimaat
BU00740103,0.1282712677219117,Water_En_Klimaatrisico,weighted_mean,Water & Klimaat
BU00740104,0.09133682663741188,Water_En_Klimaatrisico,weighted_mean,Water & Klimaat
BU00740105,0.1930126474479651,Water_En_Klimaatrisico,weighted_mean,Water & Klimaat
BU00740106,0.1379471401554777,Water_En_Klimaatrisico,weighted_mean,Water & Klimaat
BU00740107,0.08188910903952124,Water_En_Klimaatrisico,weighted_mean,Water & Klimaat
BU00740108,0.07635819763924646,Water_En_Klimaatrisico,weighted_mean,Water & Klimaat
BU00740109,0.12251575312085032,Water_En_Klimaatrisico,weighted_mean,Water & Klimaat
BU00740110,0.22037826172166455,Water_En_Klimaatrisico,weighted_mean,Water & Klimaat
WK007402,0.1335431665122594,Water_En_Klimaatrisico,weighted_mean,Water & Klimaat
BU00740201,0.178654490691387,Water_En_Klimaatrisico,weighted_mean,Water & Klimaat
BU00740202,0.19338241436084125,Water_En_Klimaatrisico,weighted_mean,Water & Klimaat
BU00740203,0.16792757927902732,Water_En_Klimaatrisico,weighted_mean,Water & Klimaat
BU00740204,0.1878103107814484,Water_En_Klimaatrisico,weighted_mean,Water & Klimaat
BU00740205,0.19940903281835418,Water_En_Klimaatrisico,weighted_mean,Water & Klimaat
WK007403,0.10476056559004483,Water_En_Klimaatrisico,weighted_mean,Water & Klimaat
BU00740301,0.07101102301786362,Water_En_Klimaatrisico,weighted_mean,Water & Klimaat
BU00740302,0.17590218364982052,Water_En_Klimaatrisico,weighted_mean,Water & Klimaat
WK007404,0.12948068114302497,Water_En_Klimaatrisico,weighted_mean,Water & Klimaat
BU00740401,0.12064849680229661,Water_En_Klimaatrisico,weighted_mean,Water & Klimaat
BU00740402,0.11367352989303142,Water_En_Klimaatrisico,weighted_mean,Water & Klimaat
BU00740403,0.1007588821114468,Water_En_Klimaatrisico,weighted_mean,Water & Klimaat
BU00740404,0.11790334137240363,Water_En_Klimaatrisico,weighted_mean,Water & Klimaat
BU00740405,0.08531953129772793,Water_En_Klimaatrisico,weighted_mean,Water & Klimaat
BU00740406,0.08821227110284752,Water_En_Klimaatrisico,weighted_mean,Water & Klimaat
BU00740407,0.1422680929578275,Water_En_Klimaatrisico,weighted_mean,Water & Klimaat
WK007406,0.10872230728720302,Water_En_Klimaatrisico,weighted_mean,Water & Klimaat
BU00740601,0.09346034878683501,Water_En_Klimaatrisico,weighted_mean,Water & Klimaat
WK007407,0.09811133205008207,Water_En_Klimaatrisico,weighted_mean,Water & Klimaat
BU00740701,0.16476232719860984,Water_En_Klimaatrisico,weighted_mean,Water & Klimaat
BU00740702,0.15058729999598816,Water_En_Klimaatrisico,weighted_mean,Water & Klimaat
WK007409,0.10495367120960286,Water_En_Klimaatrisico,weighted_mean,Water & Klimaat
BU00740901,0.13767587962364713,Water_En_Klimaatrisico,weighted_mean,Water & Klimaat
BU00740902,0.11266209815833947,Water_En_Klimaatrisico,weighted_mean,Water & Klimaat
BU00740903,0.18737987285490637,Water_En_Klimaatrisico,weighted_mean,Water & Klimaat
GM0080,0.13145444685209254,Water_En_Klimaatrisico,weighted_mean,Water & Klimaat
WK008010,0.1311208509268596,Water_En_Klimaatrisico,weighted_mean,Water & Klimaat
BU00801001,0.5599509516540644,Water_En_Klimaatrisico,weighted_mean,Water & Klimaat
BU00801002,0.4550399775266911,Water_En_Klimaatrisico,weighted_mean,Water & Klimaat
BU00801003,0.4775533178713322,Water_En_Klimaatrisico,weighted_mean,Water & Klimaat
BU00801004,0.4614034777227494,Water_En_Klimaatrisico,weighted_mean,Water & Klimaat
BU00801005,0.4529123550124034,Water_En_Klimaatrisico,weighted_mean,Water & Klimaat
BU00801006,0.35647647685358314,Water_En_Klimaatrisico,weighted_mean,Water & Klimaat
BU00801007,0.323174087001161,Water_En_Klimaatrisico,weighted_mean,Water & Klimaat
BU00801008,0.3324637338037702,Water_En_Klimaatrisico,weighted_mean,Water & Klimaat
WK008011,0.12473178142465241,Water_En_Klimaatrisico,weighted_mean,Water & Klimaat
BU00801101,0.2915965077573214,Water_En_Klimaatrisico,weighted_mean,Water & Klimaat
BU00801102,0.26404082430446235,Water_En_Klimaatrisico,weighted_mean,Water & Klimaat
BU00801103,0.23715921811577437,Water_En_Klimaatrisico,weighted_mean,Water & Klimaat
BU00801104,0.1117198893340372,Water_En_Klimaatrisico,weighted_mean,Water & Klimaat
BU00801105,0.10583482294542673,Water_En_Klimaatrisico,weighted_mean,Water & Klimaat
BU00801106,0.16476851860249325,Water_En_Klimaatrisico,weighted_mean,Water & Klimaat
BU00801107,0.22374537713170356,Water_En_Klimaatrisico,weighted_mean,Water & Klimaat
BU00801108,0.1501809955017916,Water_En_Klimaatrisico,weighted_mean,Water & Klimaat
BU00801109,0.20161465643918589,Water_En_Klimaatrisico,weighted_mean,Water & Klimaat
WK008020,0.13145444685209254,Water_En_Klimaatrisico,weighted_mean,Water & Klimaat
BU00802001,0.16134111814341,Water_En_Klimaatrisico,weighted_mean,Water & Klimaat
BU00802002,0.2009978892820481,Water_En_Klimaatrisico,weighted_mean,Water & Klimaat
BU00802003,0.18469861760391737,Water_En_Klimaatrisico,weighted_mean,Water & Klimaat
BU00802004,0.11259056590462484,Water_En_Klimaatrisico,weighted_mean,Water & Klimaat
BU00802005,0.06696930096864977,Water_En_Klimaatrisico,weighted_mean,Water & Klimaat
BU00802006,0.24643758078313976,Water_En_Klimaatrisico,weighted_mean,Water & Klimaat
BU00802007,0.24251810005154573,Water_En_Klimaatrisico,weighted_mean,Water & Klimaat
BU00802008,0.2676350781479479,Water_En_Klimaatrisico,weighted_mean,Water & Klimaat
BU00802009,0.24055417764163356,Water_En_Klimaatrisico,weighted_mean,Water & Klimaat
WK008030,0.13145444685209257,Water_En_Klimaatrisico,weighted_mean,Water & Klimaat
BU00803001,0.2815134749104111,Water_En_Klimaatrisico,weighted_mean,Water & Klimaat
BU00803002,0.09968623735466829,Water_En_Klimaatrisico,weighted_mean,Water & Klimaat
BU00803003,0.1415269205717999,Water_En_Klimaatrisico,weighted_mean,Water & Klimaat
BU00803004,0.1949870578614621,Water_En_Klimaatrisico,weighted_mean,Water & Klimaat
BU00803005,0.21250441892885635,Water_En_Klimaatrisico,weighted_mean,Water & Klimaat
BU00803006,0.10772110726515365,Water_En_Klimaatrisico,weighted_mean,Water & Klimaat
BU00803007,0.17697294505943922,Water_En_Klimaatrisico,weighted_mean,Water & Klimaat
WK008031,0.13797082826295645,Water_En_Klimaatrisico,weighted_mean,Water & Klimaat
BU00803101,0.12617663457854747,Water_En_Klimaatrisico,weighted_mean,Water & Klimaat
BU00803102,0.18936290087760668,Water_En_Klimaatrisico,weighted_mean,Water & Klimaat
WK008032,0.10342434187436975,Water_En_Klimaatrisico,weighted_mean,Water & Klimaat
BU00803201,0.17610373071420055,Water_En_Klimaatrisico,weighted_mean,Water & Klimaat
BU00803202,0.11198742390838358,Water_En_Klimaatrisico,weighted_mean,Water & Klimaat
BU00803203,0.19534546846118173,Water_En_Klimaatrisico,weighted_mean,Water & Klimaat
BU00803204,0.1140577598526572,Water_En_Klimaatrisico,weighted_mean,Water & Klimaat
WK008040,0.13933410613230443,Water_En_Klimaatrisico,weighted_mean,Water & Klimaat
BU00804001,0.22857905664693726,Water_En_Klimaatrisico,weighted_mean,Water & Klimaat
BU00804002,0.25170119692903037,Water_En_Klimaatrisico,weighted_mean,Water & Klimaat
BU00804003,0.12067243055028508,Water_En_Klimaatrisico,weighted_mean,Water & Klimaat
BU00804004,0.13944829553127386,Water_En_Klimaatrisico,weighted_mean,Water & Klimaat
WK008041,0.14749822201986876,Water_En_Klimaatrisico,weighted_mean,Water & Klimaat
BU00804101,0.153992808885788,Water_En_Klimaatrisico,weighted_mean,Water & Klimaat
BU00804102,0.11628051487656837,Water_En_Klimaatrisico,weighted_mean,Water & Klimaat
BU00804103,0.10458753338786476,Water_En_Klimaatrisico,weighted_mean,Water & Klimaat
BU00804104,0.17333546209259376,Water_En_Klimaatrisico,weighted_mean,Water & Klimaat
BU00804105,0.19644703574715067,Water_En_Klimaatrisico,weighted_mean,Water & Klimaat
BU00804106,0.09568028973291343,Water_En_Klimaatrisico,weighted_mean,Water & Klimaat
BU00804107,0.20025401478662877,Water_En_Klimaatrisico,weighted_mean,Water & Klimaat
BU00804108,0.26454918778811426,Water_En_Klimaatrisico,weighted_mean,Water & Klimaat
BU00804109,0.11474706046564795,Water_En_Klimaatrisico,weighted_mean,Water & Klimaat
BU00804110,0.24288163819315794,Water_En_Klimaatrisico,weighted_mean,Water & Klimaat
WK008050,0.1356153677551297,Water_En_Klimaatrisico,weighted_mean,Water & Klimaat
BU00805001,0.16474538192851865,Water_En_Klimaatrisico,weighted_mean,Water & Klimaat
BU00805002,0.1534266853703748,Water_En_Klimaatrisico,weighted_mean,Water & Klimaat
BU00805003,0.13018566031927914,Water_En_Klimaatrisico,weighted_mean,Water & Klimaat
WK008051,0.1247317814246524,Water_En_Klimaatrisico,weighted_mean,Water & Klimaat
BU00805101,0.11136854743060547,Water_En_Klimaatrisico,weighted_mean,Water & Klimaat
BU00805102,0.10698162147921725,Water_En_Klimaatrisico,weighted_mean,Water & Klimaat
BU00805103,0.10917769485165085,Water_En_Klimaatrisico,weighted_mean,Water & Klimaat
BU00805104,0.19894509592663828,Water_En_Klimaatrisico,weighted_mean,Water & Klimaat
BU00805105,0.20188918863436228,Water_En_Klimaatrisico,weighted_mean,Water & Klimaat
WK008060,0.12247971074987996,Water_En_Klimaatrisico,weighted_mean,Water & Klimaat
BU00806001,0.10605938816027438,Water_En_Klimaatrisico,weighted_mean,Water & Klimaat
BU00806002,0.23242367034710898,Water_En_Klimaatrisico,weighted_mean,Water & Klimaat
BU00806003,0.21795485371818296,Water_En_Klimaatrisico,weighted_mean,Water & Klimaat
WK008061,0.1180154525575656,Water_En_Klimaatrisico,weighted_mean,Water & Klimaat
BU00806101,0.11384150001908121,Water_En_Klimaatrisico,weighted_mean,Water & Klimaat
BU00806102,0.13664090953131264,Water_En_Klimaatrisico,weighted_mean,Water & Klimaat
WK008062,0.11363773941700717,Water_En_Klimaatrisico,weighted_mean,Water & Klimaat
BU00806201,0.21422919587219785,Water_En_Klimaatrisico,weighted_mean,Water & Klimaat
BU00806202,0.2877449317242937,Water_En_Klimaatrisico,weighted_mean,Water & Klimaat
BU00806203,0.22284904042694365,Water_En_Klimaatrisico,weighted_mean,Water & Klimaat
BU00806204,0.20811690832876711,Water_En_Klimaatrisico,weighted_mean,Water & Klimaat
BU00806205,0.24153019322270503,Water_En_Klimaatrisico,weighted_mean,Water & Klimaat
BU00806206,0.2994551419126452,Water_En_Klimaatrisico,weighted_mean,Water & Klimaat
BU00806207,0.1793756894578785,Water_En_Klimaatrisico,weighted_mean,Water & Klimaat
BU00806208,0.2780836249290057,Water_En_Klimaatrisico,weighted_mean,Water & Klimaat
BU00806209,0.2027356323331334,Water_En_Klimaatrisico,weighted_mean,Water & Klimaat
BU00806210,0.256208168618738,Water_En_Klimaatrisico,weighted_mean,Water & Klimaat
WK008063,0.12948068114302497,Water_En_Klimaatrisico,weighted_mean,Water & Klimaat
BU00806301,0.13405598953431025,Water_En_Klimaatrisico,weighted_mean,Water & Klimaat
BU00806302,0.236666167064704,Water_En_Klimaatrisico,weighted_mean,Water & Klimaat
BU00806303,0.24883559567697483,Water_En_Klimaatrisico,weighted_mean,Water & Klimaat
BU00806304,0.30389434331306914,Water_En_Klimaatrisico,weighted_mean,Water & Klimaat
BU00806305,0.28247874128329514,Water_En_Klimaatrisico,weighted_mean,Water & Klimaat
BU00806306,0.27574385711466864,Water_En_Klimaatrisico,weighted_mean,Water & Klimaat
BU00806307,0.28079478458115714,Water_En_Klimaatrisico,weighted_mean,Water & Klimaat
WK008070,0.1272351879821261,Water_En_Klimaatrisico,weighted_mean,Water & Klimaat
BU00807001,0.10796877123373844,Water_En_Klimaatrisico,weighted_mean,Water & Klimaat
BU00807002,0.2035396177566579,Water_En_Klimaatrisico,weighted_mean,Water & Klimaat
BU00807003,0.19819040219750889,Water_En_Klimaatrisico,weighted_mean,Water & Klimaat
BU00807004,0.1630035550291532,Water_En_Klimaatrisico,weighted_mean,Water & Klimaat
WK008071,0.16600301781621363,Water_En_Klimaatrisico,weighted_mean,Water & Klimaat
BU00807101,0.14230491463777434,Water_En_Klimaatrisico,weighted_mean,Water & Klimaat
WK008072,0.11510960673365861,Water_En_Klimaatrisico,weighted_mean,Water & Klimaat
BU00807201,0.11604661416703875,Water_En_Klimaatrisico,weighted_mean,Water & Klimaat
BU00807202,0.12037932853254528,Water_En_Klimaatrisico,weighted_mean,Water & Klimaat
BU00807203,0.1523263007846891,Water_En_Klimaatrisico,weighted_mean,Water & Klimaat
WK008073,0.1770665269673982,Water_En_Klimaatrisico,weighted_mean,Water & Klimaat
BU00807301,0.11481727408281434,Water_En_Klimaatrisico,weighted_mean,Water & Klimaat
BU00807302,0.1316444714422723,Water_En_Klimaatrisico,weighted_mean,Water & Klimaat
BU00807303,0.1767116913745524,Water_En_Klimaatrisico,weighted_mean,Water & Klimaat
BU00807304,0.10425712880295215,Water_En_Klimaatrisico,weighted_mean,Water & Klimaat
BU00807305,0.1580654420467392,Water_En_Klimaatrisico,weighted_mean,Water & Klimaat
BU00807306,0.27081161490293176,Water_En_Klimaatrisico,weighted_mean,Water & Klimaat
WK008074,0.17448479242653875,Water_En_Klimaatrisico,weighted_mean,Water & Klimaat
BU00807401,0.1416939841511849,Water_En_Klimaatrisico,weighted_mean,Water & Klimaat
BU00807402,0.19426525927337676,Water_En_Klimaatrisico,weighted_mean,Water & Klimaat
BU00807403,0.2665402776360418,Water_En_Klimaatrisico,weighted_mean,Water & Klimaat
BU00807404,0.16762353412125408,Water_En_Klimaatrisico,weighted_mean,Water & Klimaat
BU00807405,0.15750403877871205,Water_En_Klimaatrisico,weighted_mean,Water & Klimaat
WK008080,0.1278089248072982,Water_En_Klimaatrisico,weighted_mean,Water & Klimaat
BU00808001,0.1229828439590612,Water_En_Klimaatrisico,weighted_mean,Water & Klimaat
BU00808002,0.16753974941029784,Water_En_Klimaatrisico,weighted_mean,Water & Klimaat
BU00808003,0.12694596628689164,Water_En_Klimaatrisico,weighted_mean,Water & Klimaat
BU00808004,0.15141979107694048,Water_En_Klimaatrisico,weighted_mean,Water & Klimaat
BU00808005,0.23146199876206736,Water_En_Klimaatrisico,weighted_mean,Water & Klimaat
BU00808006,0.20625438947308758,Water_En_Klimaatrisico,weighted_mean,Water & Klimaat
BU00808007,0.16408099177617513,Water_En_Klimaatrisico,weighted_mean,Water & Klimaat
BU00808008,0.17374968723981973,Water_En_Klimaatrisico,weighted_mean,Water & Klimaat
WK008081,0.1346489482873688,Water_En_Klimaatrisico,weighted_mean,Water & Klimaat
BU00808101,0.2036734713064087,Water_En_Klimaatrisico,weighted_mean,Water & Klimaat
BU00808102,0.13300412192003414,Water_En_Klimaatrisico,weighted_mean,Water & Klimaat
BU00808103,0.2161373049071318,Water_En_Klimaatrisico,weighted_mean,Water & Klimaat
BU00808104,0.23319677939721,Water_En_Klimaatrisico,weighted_mean,Water & Klimaat
BU00808105,0.13694397432770528,Water_En_Klimaatrisico,weighted_mean,Water & Klimaat
BU00808106,0.1624793995715276,Water_En_Klimaatrisico,weighted_mean,Water & Klimaat
BU00808107,0.1763459405417538,Water_En_Klimaatrisico,weighted_mean,Water & Klimaat
BU00808108,0.16863758631418588,Water_En_Klimaatrisico,weighted_mean,Water & Klimaat
BU00808109,0.1428722481412798,Water_En_Klimaatrisico,weighted_mean,Water & Klimaat
BU00808110,0.2227787367734398,Water_En_Klimaatrisico,weighted_mean,Water & Klimaat
BU00808111,0.20564536638441416,Water_En_Klimaatrisico,weighted_mean,Water & Klimaat
BU00808112,0.2458869476439413,Water_En_Klimaatrisico,weighted_mean,Water & Klimaat
BU00808113,0.25960430013411123,Water_En_Klimaatrisico,weighted_mean,Water & Klimaat
BU00808114,0.21723146751823819,Water_En_Klimaatrisico,weighted_mean,Water & Klimaat
BU00808115,0.21696828610458435,Water_En_Klimaatrisico,weighted_mean,Water & Klimaat
BU00808116,0.2385351373535662,Water_En_Klimaatrisico,weighted_mean,Water & Klimaat
BU00808117,0.21927723507137775,Water_En_Klimaatrisico,weighted_mean,Water & Klimaat
WK008082,0.12948068114302497,Water_En_Klimaatrisico,weighted_mean,Water & Klimaat
BU00808201,0.12236192349815762,Water_En_Klimaatrisico,weighted_mean,Water & Klimaat
BU00808202,0.17498407220971623,Water_En_Klimaatrisico,weighted_mean,Water & Klimaat
BU00808203,0.1503355848781608,Water_En_Klimaatrisico,weighted_mean,Water & Klimaat
BU00808204,0.15415737337816876,Water_En_Klimaatrisico,weighted_mean,Water & Klimaat
BU00808205,0.15804087699121974,Water_En_Klimaatrisico,weighted_mean,Water & Klimaat
BU00808206,0.12541574325817584,Water_En_Klimaatrisico,weighted_mean,Water & Klimaat
BU00808207,0.18379330795667825,Water_En_Klimaatrisico,weighted_mean,Water & Klimaat
BU00808208,0.12017053532748379,Water_En_Klimaatrisico,weighted_mean,Water & Klimaat
BU00808209,0.1618555937975947,Water_En_Klimaatrisico,weighted_mean,Water & Klimaat
GM1970,0.1247317814246524,Water_En_Klimaatrisico,weighted_mean,Water & Klimaat
WK197000,0.12473178142465241,Water_En_Klimaatrisico,weighted_mean,Water & Klimaat
BU19700000,0.28902126116089566,Water_En_Klimaatrisico,weighted_mean,Water & Klimaat
BU19700001,0.2389975610045938,Water_En_Klimaatrisico,weighted_mean,Water & Klimaat
BU19700002,0.19918747117735994,Water_En_Klimaatrisico,weighted_mean,Water & Klimaat
BU19700003,0.20574117048941962,Water_En_Klimaatrisico,weighted_mean,Water & Klimaat
BU19700004,0.21604922153711867,Water_En_Klimaatrisico,weighted_mean,Water & Klimaat
BU19700005,0.17494753224239848,Water_En_Klimaatrisico,weighted_mean,Water & Klimaat
BU19700006,0.19534790816420794,Water_En_Klimaatrisico,weighted_mean,Water & Klimaat
BU19700007,0.19530797584194348,Water_En_Klimaatrisico,weighted_mean,Water & Klimaat
BU19700008,0.22275845704638134,Water_En_Klimaatrisico,weighted_mean,Water & Klimaat
BU19700009,0.21624363686318654,Water_En_Klimaatrisico,weighted_mean,Water & Klimaat
BU19700010,0.22412645430873532,Water_En_Klimaatrisico,weighted_mean,Water & Klimaat
BU19700011,0.20021233847825404,Water_En_Klimaatrisico,weighted_mean,Water & Klimaat
WK197001,0.15242732253438707,Water_En_Klimaatrisico,weighted_mean,Water & Klimaat
BU19700100,0.29963727420458497,Water_En_Klimaatrisico,weighted_mean,Water & Klimaat
BU19700101,0.14453271743201898,Water_En_Klimaatrisico,weighted_mean,Water & Klimaat
BU19700102,0.23567623631895884,Water_En_Klimaatrisico,weighted_mean,Water & Klimaat
BU19700103,0.191836178450019,Water_En_Klimaatrisico,weighted_mean,Water & Klimaat
BU19700104,0.2591911047790223,Water_En_Klimaatrisico,weighted_mean,Water & Klimaat
BU19700105,0.18925409193830944,Water_En_Klimaatrisico,weighted_mean,Water & Klimaat
BU19700107,0.25569925466955556,Water_En_Klimaatrisico,weighted_mean,Water & Klimaat
BU19700108,0.23773834340759623,Water_En_Klimaatrisico,weighted_mean,Water & Klimaat
BU19700109,0.18328999359983714,Water_En_Klimaatrisico,weighted_mean,Water & Klimaat
WK197002,0.12902553909053577,Water_En_Klimaatrisico,weighted_mean,Water & Klimaat
BU19700200,0.23734799011045823,Water_En_Klimaatrisico,weighted_mean,Water & Klimaat
BU19700201,0.2432533411890499,Water_En_Klimaatrisico,weighted_mean,Water & Klimaat
BU19700202,0.28336515096659953,Water_En_Klimaatrisico,weighted_mean,Water & Klimaat
BU19700208,0.18281351320455178,Water_En_Klimaatrisico,weighted_mean,Water & Klimaat
BU19700209,0.19089127955212332,Water_En_Klimaatrisico,weighted_mean,Water & Klimaat
WK197003,0.13354316651225936,Water_En_Klimaatrisico,weighted_mean,Water & Klimaat
BU19700300,0.21961191511869282,Water_En_Klimaatrisico,weighted_mean,Water & Klimaat
BU19700301,0.284296336942306,Water_En_Klimaatrisico,weighted_mean,Water & Klimaat
BU19700302,0.2738685293952714,Water_En_Klimaatrisico,weighted_mean,Water & Klimaat
BU19700303,0.14930552570454725,Water_En_Klimaatrisico,weighted_mean,Water & Klimaat
BU19700307,0.14353211456807832,Water_En_Klimaatrisico,weighted_mean,Water & Klimaat
BU19700308,0.26606384671782674,Water_En_Klimaatrisico,weighted_mean,Water & Klimaat
BU19700309,0.21039589805133296,Water_En_Klimaatrisico,weighted_mean,Water & Klimaat
WK197004,0.10515358734575553,Water_En_Klimaatrisico,weighted_mean,Water & Klimaat
BU19700400,0.2575632227142831,Water_En_Klimaatrisico,weighted_mean,Water & Klimaat
BU19700401,0.2751597503281338,Water_En_Klimaatrisico,weighted_mean,Water & Klimaat
BU19700408,0.26185562101346443,Water_En_Klimaatrisico,weighted_mean,Water & Klimaat
BU19700409,0.23167298894544353,Water_En_Klimaatrisico,weighted_mean,Water & Klimaat
WK197005,0.14678219572469772,Water_En_Klimaatrisico,weighted_mean,Water & Klimaat
BU19700500,0.26124320459427836,Water_En_Klimaatrisico,weighted_mean,Water & Klimaat
BU19700501,0.22106226074486812,Water_En_Klimaatrisico,weighted_mean,Water & Klimaat
BU19700502,0.24779576493410294,Water_En_Klimaatrisico,weighted_mean,Water & Klimaat
BU19700503,0.23105190271114495,Water_En_Klimaatrisico,weighted_mean,Water & Klimaat
BU19700506,0.24821628456546413,Water_En_Klimaatrisico,weighted_mean,Water & Klimaat
BU19700507,0.2194915130772621,Water_En_Klimaatrisico,weighted_mean,Water & Klimaat
BU19700508,0.31825091838286634,Water_En_Klimaatrisico,weighted_mean,Water & Klimaat
BU19700509,0.2923485855897985,Water_En_Klimaatrisico,weighted_mean,Water & Klimaat
WK197006,0.1335431665122594,Water_En_Klimaatrisico,weighted_mean,Water & Klimaat
BU19700600,0.22862081643554905,Water_En_Klimaatrisico,weighted_mean,Water & Klimaat
BU19700601,0.3036754877455059,Water_En_Klimaatrisico,weighted_mean,Water & Klimaat
BU19700602,0.21767573301675291,Water_En_Klimaatrisico,weighted_mean,Water & Klimaat
BU19700603,0.2374891891654137,Water_En_Klimaatrisico,weighted_mean,Water & Klimaat
BU19700604,0.23834784586634106,Water_En_Klimaatrisico,weighted_mean,Water & Klimaat
BU19700605,0.2042844384873848,Water_En_Klimaatrisico,weighted_mean,Water & Klimaat
BU19700608,0.20105575216425314,Water_En_Klimaatrisico,weighted_mean,Water & Klimaat
BU19700609,0.22464222152029314,Water_En_Klimaatrisico,weighted_mean,Water & Klimaat
WK197007,0.11698626522528899,Water_En_Klimaatrisico,weighted_mean,Water & Klimaat
BU19700700,0.22231477390612026,Water_En_Klimaatrisico,weighted_mean,Water & Klimaat
BU19700701,0.3481120195683993,Water_En_Klimaatrisico,weighted_mean,Water & Klimaat
BU19700702,0.2395079957361655,Water_En_Klimaatrisico,weighted_mean,Water & Klimaat
BU19700703,0.264147670060295,Water_En_Klimaatrisico,weighted_mean,Water & Klimaat
BU19700708,0.2463628168986463,Water_En_Klimaatrisico,weighted_mean,Water & Klimaat
BU19700709,0.27443631992253126,Water_En_Klimaatrisico,weighted_mean,Water & Klimaat
WK197008,0.1278089248072982,Water_En_Klimaatrisico,weighted_mean,Water & Klimaat
BU19700800,0.2649602193500383,Water_En_Klimaatrisico,weighted_mean,Water & Klimaat
BU19700801,0.23608617651685648,Water_En_Klimaatrisico,weighted_mean,Water & Klimaat
BU19700802,0.2635195137440327,Water_En_Klimaatrisico,weighted_mean,Water & Klimaat
BU19700803,0.3034511281407978,Water_En_Klimaatrisico,weighted_mean,Water & Klimaat
BU19700807,0.22641620372737714,Water_En_Klimaatrisico,weighted_mean,Water & Klimaat
BU19700808,0.24609293697527931,Water_En_Klimaatrisico,weighted_mean,Water & Klimaat
BU19700809,0.2354380378053224,Water_En_Klimaatrisico,weighted_mean,Water & Klimaat
WK197009,0.12533743384744617,Water_En_Klimaatrisico,weighted_mean,Water & Klimaat
BU19700900,0.2222537075789629,Water_En_Klimaatrisico,weighted_mean,Water & Klimaat
BU19700909,0.21373689699653342,Water_En_Klimaatrisico,weighted_mean,Water & Klimaat
WK197010,0.15110710093375165,Water_En_Klimaatrisico,weighted_mean,Water & Klimaat
BU19701000,0.23065281825556222,Water_En_Klimaatrisico,weighted_mean,Water & Klimaat
BU19701001,0.21627545172520612,Water_En_Klimaatrisico,weighted_mean,Water & Klimaat
BU19701002,0.22798375020172584,Water_En_Klimaatrisico,weighted_mean,Water & Klimaat
BU19701003,0.29954324416674954,Water_En_Klimaatrisico,weighted_mean,Water & Klimaat
BU19701004,0.21565945344294193,Water_En_Klimaatrisico,weighted_mean,Water & Klimaat
BU19701005,0.22807014438375184,Water_En_Klimaatrisico,weighted_mean,Water & Klimaat
BU19701006,0.2858824145919034,Water_En_Klimaatrisico,weighted_mean,Water & Klimaat
BU19701008,0.20566969729472584,Water_En_Klimaatrisico,weighted_mean,Water & Klimaat
BU19701009,0.21574284263334934,Water_En_Klimaatrisico,weighted_mean,Water & Klimaat
WK197011,0.11224884680930264,Water_En_Klimaatrisico,weighted_mean,Water & Klimaat
BU19701100,0.11027860337307956,Water_En_Klimaatrisico,weighted_mean,Water & Klimaat
BU19701109,0.12751541987264509,Water_En_Klimaatrisico,weighted_mean,Water & Klimaat
WK197012,0.15704011419522362,Water_En_Klimaatrisico,weighted_mean,Water & Klimaat
BU19701200,0.11123068453673365,Water_En_Klimaatrisico,weighted_mean,Water & Klimaat
BU19701201,0.06956518690754332,Water_En_Klimaatrisico,weighted_mean,Water & Klimaat
BU19701202,0.09993142655493185,Water_En_Klimaatrisico,weighted_mean,Water & Klimaat
BU19701203,0.13422519208415123,Water_En_Klimaatrisico,weighted_mean,Water & Klimaat
BU19701204,0.1009309975570931,Water_En_Klimaatrisico,weighted_mean,Water & Klimaat
BU19701206,0.11427443175974716,Water_En_Klimaatrisico,weighted_mean,Water & Klimaat
BU19701207,0.10930589883736025,Water_En_Klimaatrisico,weighted_mean,Water & Klimaat
BU19701208,0.10981086053839068,Water_En_Klimaatrisico,weighted_mean,Water & Klimaat
BU19701209,0.07357285617871753,Water_En_Klimaatrisico,weighted_mean,Water & Klimaat
WK197013,0.14985849859367698,Water_En_Klimaatrisico,weighted_mean,Water & Klimaat
BU19701300,0.1088584109332309,Water_En_Klimaatrisico,weighted_mean,Water & Klimaat
BU19701301,0.13461621282025155,Water_En_Klimaatrisico,weighted_mean,Water & Klimaat
BU19701302,0.1526188780076505,Water_En_Klimaatrisico,weighted_mean,Water & Klimaat
BU19701308,0.19778972406063583,Water_En_Klimaatrisico,weighted_mean,Water & Klimaat
BU19701309,0.2202760288436803,Water_En_Klimaatrisico,weighted_mean,Water & Klimaat
WK197014,0.1136377394170072,Water_En_Klimaatrisico,weighted_mean,Water & Klimaat
BU19701400,0.10453197180293415,Water_En_Klimaatrisico,weighted_mean,Water & Klimaat
BU19701401,0.17896686782213717,Water_En_Klimaatrisico,weighted_mean,Water & Klimaat
BU19701402,0.09821769429656736,Water_En_Klimaatrisico,weighted_mean,Water & Klimaat
BU19701409,0.14485269179620458,Water_En_Klimaatrisico,weighted_mean,Water & Klimaat
GM0085,0.12473178142465241,Water_En_Klimaatrisico,weighted_mean,Water & Klimaat
WK008501,0.1156655673123638,Water_En_Klimaatrisico,weighted_mean,Water & Klimaat
BU00850101,0.12370516923980884,Water_En_Klimaatrisico,weighted_mean,Water & Klimaat
BU00850102,0.30823934831100275,Water_En_Klimaatrisico,weighted_mean,Water & Klimaat
BU00850103,0.27195206249560994,Water_En_Klimaatrisico,weighted_mean,Water & Klimaat
BU00850104,0.11419339154363126,Water_En_Klimaatrisico,weighted_mean,Water & Klimaat
BU00850105,0.10623866125861606,Water_En_Klimaatrisico,weighted_mean,Water & Klimaat
BU00850106,0.1723622933727637,Water_En_Klimaatrisico,weighted_mean,Water & Klimaat
BU00850107,0.15916862659302564,Water_En_Klimaatrisico,weighted_mean,Water & Klimaat
BU00850108,0.1694100318949116,Water_En_Klimaatrisico,weighted_mean,Water & Klimaat
BU00850109,0.1507311964006402,Water_En_Klimaatrisico,weighted_mean,Water & Klimaat
BU00850110,0.16918269027167288,Water_En_Klimaatrisico,weighted_mean,Water & Klimaat
BU00850111,0.14255531168256305,Water_En_Klimaatrisico,weighted_mean,Water & Klimaat
WK008502,0.14985849859367698,Water_En_Klimaatrisico,weighted_mean,Water & Klimaat
BU00850201,0.18333036644941875,Water_En_Klimaatrisico,weighted_mean,Water & Klimaat
BU00850202,0.2087101257505815,Water_En_Klimaatrisico,weighted_mean,Water & Klimaat
BU00850203,0.1377015897689774,Water_En_Klimaatrisico,weighted_mean,Water & Klimaat
WK008503,0.1460050642486697,Water_En_Klimaatrisico,weighted_mean,Water & Klimaat
BU00850301,0.14575770392881574,Water_En_Klimaatrisico,weighted_mean,Water & Klimaat
BU00850302,0.10592218836028544,Water_En_Klimaatrisico,weighted_mean,Water & Klimaat
WK008504,0.1408600188333359,Water_En_Klimaatrisico,weighted_mean,Water & Klimaat
BU00850401,0.1544562628085725,Water_En_Klimaatrisico,weighted_mean,Water & Klimaat
BU00850402,0.10403695077632757,Water_En_Klimaatrisico,weighted_mean,Water & Klimaat
WK008505,0.11874095869641604,Water_En_Klimaatrisico,weighted_mean,Water & Klimaat
BU00850501,0.244492408871266,Water_En_Klimaatrisico,weighted_mean,Water & Klimaat
BU00850502,0.1435257819373001,Water_En_Klimaatrisico,weighted_mean,Water & Klimaat
WK008506,0.12112768365661544,Water_En_Klimaatrisico,weighted_mean,Water & Klimaat
BU00850601,0.16022345445020753,Water_En_Klimaatrisico,weighted_mean,Water & Klimaat
BU00850602,0.15405498717828364,Water_En_Klimaatrisico,weighted_mean,Water & Klimaat
BU00850603,0.1828838714707946,Water_En_Klimaatrisico,weighted_mean,Water & Klimaat
BU00850604,0.16521908352704984,Water_En_Klimaatrisico,weighted_mean,Water & Klimaat
BU00850605,0.14204739291537527,Water_En_Klimaatrisico,weighted_mean,Water & Klimaat
BU00850606,0.1560407356699156,Water_En_Klimaatrisico,weighted_mean,Water & Klimaat
BU00850607,0.18768642260554397,Water_En_Klimaatrisico,weighted_mean,Water & Klimaat
BU00850608,0.10590347820330162,Water_En_Klimaatrisico,weighted_mean,Water & Klimaat
WK008507,0.15792694034319257,Water_En_Klimaatrisico,weighted_mean,Water & Klimaat
BU00850701,0.12648018613046835,Water_En_Klimaatrisico,weighted_mean,Water & Klimaat
BU00850702,0.15100589414927976,Water_En_Klimaatrisico,weighted_mean,Water & Klimaat
WK008508,0.1366400556543529,Water_En_Klimaatrisico,weighted_mean,Water & Klimaat
BU00850801,0.1844097483732588,Water_En_Klimaatrisico,weighted_mean,Water & Klimaat
BU00850802,0.09434465851886237,Water_En_Klimaatrisico,weighted_mean,Water & Klimaat
WK008509,0.18439738119485177,Water_En_Klimaatrisico,weighted_mean,Water & Klimaat
BU00850901,0.13437323962266523,Water_En_Klimaatrisico,weighted_mean,Water & Klimaat
BU00850902,0.1248225375359183,Water_En_Klimaatrisico,weighted_mean,Water & Klimaat
WK008510,0.14833434472669405,Water_En_Klimaatrisico,weighted_mean,Water & Klimaat
BU00851001,0.2477099609883101,Water_En_Klimaatrisico,weighted_mean,Water & Klimaat
BU00851002,0.20495172874175738,Water_En_Klimaatrisico,weighted_mean,Water & Klimaat
BU00851003,0.06117095303686767,Water_En_Klimaatrisico,weighted_mean,Water & Klimaat
WK008511,0.1247317814246524,Water_En_Klimaatrisico,weighted_mean,Water & Klimaat
BU00851101,0.20275197269199144,Water_En_Klimaatrisico,weighted_mean,Water & Klimaat
BU00851102,0.19358630000013233,Water_En_Klimaatrisico,weighted_mean,Water & Klimaat
BU00851103,0.20780120695193588,Water_En_Klimaatrisico,weighted_mean,Water & Klimaat
BU00851104,0.23730676271794027,Water_En_Klimaatrisico,weighted_mean,Water & Klimaat
BU00851105,0.1762720543511717,Water_En_Klimaatrisico,weighted_mean,Water & Klimaat
BU00851106,0.21602828226419363,Water_En_Klimaatrisico,weighted_mean,Water & Klimaat
BU00851107,0.23001545960115105,Water_En_Klimaatrisico,weighted_mean,Water & Klimaat
BU00851108,0.18509127393155916,Water_En_Klimaatrisico,weighted_mean,Water & Klimaat
BU00851109,0.19609991801280052,Water_En_Klimaatrisico,weighted_mean,Water & Klimaat
BU00851110,0.22089203462583729,Water_En_Klimaatrisico,weighted_mean,Water & Klimaat
BU00851111,0.14013390017293126,Water_En_Klimaatrisico,weighted_mean,Water & Klimaat
BU00851112,0.15459903266574215,Water_En_Klimaatrisico,weighted_mean,Water & Klimaat
BU00851113,0.24361684100403255,Water_En_Klimaatrisico,weighted_mean,Water & Klimaat
BU00851114,0.20529240957050482,Water_En_Klimaatrisico,weighted_mean,Water & Klimaat
BU00851115,0.20055699403059363,Water_En_Klimaatrisico,weighted_mean,Water & Klimaat
BU00851116,0.15370733556694816,Water_En_Klimaatrisico,weighted_mean,Water & Klimaat
BU00851117,0.11622759991645704,Water_En_Klimaatrisico,weighted_mean,Water & Klimaat
BU00851118,0.13409236202306224,Water_En_Klimaatrisico,weighted_mean,Water & Klimaat
WK008512,0.09904470911712812,Water_En_Klimaatrisico,weighted_mean,Water & Klimaat
BU00851201,0.12402051346007509,Water_En_Klimaatrisico,weighted_mean,Water & Klimaat
BU00851202,0.08860982321279981,Water_En_Klimaatrisico,weighted_mean,Water & Klimaat
WK008513,0.1328585480853194,Water_En_Klimaatrisico,weighted_mean,Water & Klimaat
BU00851301,0.16661757296630292,Water_En_Klimaatrisico,weighted_mean,Water & Klimaat
BU00851302,0.16007420593955385,Water_En_Klimaatrisico,weighted_mean,Water & Klimaat
GM0086,0.12473178142465241,Water_En_Klimaatrisico,weighted_mean,Water & Klimaat
WK008601,0.14802114631985822,Water_En_Klimaatrisico,weighted_mean,Water & Klimaat
BU00860101,0.21328449329853297,Water_En_Klimaatrisico,weighted_mean,Water & Klimaat
BU00860102,0.206523005520021,Water_En_Klimaatrisico,weighted_mean,Water & Klimaat
BU00860103,0.132740689051956,Water_En_Klimaatrisico,weighted_mean,Water & Klimaat
WK008602,0.12514717487876936,Water_En_Klimaatrisico,weighted_mean,Water & Klimaat
BU00860201,0.27077934365267775,Water_En_Klimaatrisico,weighted_mean,Water & Klimaat
BU00860202,0.18886430129844234,Water_En_Klimaatrisico,weighted_mean,Water & Klimaat
BU00860203,0.18830810794277408,Water_En_Klimaatrisico,weighted_mean,Water & Klimaat
BU00860204,0.21672783733061246,Water_En_Klimaatrisico,weighted_mean,Water & Klimaat
BU00860205,0.19049507203730634,Water_En_Klimaatrisico,weighted_mean,Water & Klimaat
BU00860206,0.15584638208442408,Water_En_Klimaatrisico,weighted_mean,Water & Klimaat
BU00860207,0.14678498205013313,Water_En_Klimaatrisico,weighted_mean,Water & Klimaat
BU00860208,0.09402403408231964,Water_En_Klimaatrisico,weighted_mean,Water & Klimaat
BU00860209,0.09072997295193706,Water_En_Klimaatrisico,weighted_mean,Water & Klimaat
WK008604,0.1508483418895234,Water_En_Klimaatrisico,weighted_mean,Water & Klimaat
BU00860401,0.21097523998899448,Water_En_Klimaatrisico,weighted_mean,Water & Klimaat
BU00860402,0.19268078817960593,Water_En_Klimaatrisico,weighted_mean,Water & Klimaat
WK008605,0.1319840877004987,Water_En_Klimaatrisico,weighted_mean,Water & Klimaat
BU00860501,0.21129486652026813,Water_En_Klimaatrisico,weighted_mean,Water & Klimaat
BU00860502,0.07891120257276729,Water_En_Klimaatrisico,weighted_mean,Water & Klimaat
BU00860503,0.13878879141004663,Water_En_Klimaatrisico,weighted_mean,Water & Klimaat
BU00860504,0.11685476888731652,Water_En_Klimaatrisico,weighted_mean,Water & Klimaat
BU00860505,0.08019156093476577,Water_En_Klimaatrisico,weighted_mean,Water & Klimaat
BU00860506,0.15682141666430335,Water_En_Klimaatrisico,weighted_mean,Water & Klimaat
BU00860507,0.18279419766838811,Water_En_Klimaatrisico,weighted_mean,Water & Klimaat
BU00860508,0.05751580168437132,Water_En_Klimaatrisico,weighted_mean,Water & Klimaat
WK008606,0.12184809669475317,Water_En_Klimaatrisico,weighted_mean,Water & Klimaat
BU00860601,0.1821909199557144,Water_En_Klimaatrisico,weighted_mean,Water & Klimaat
BU00860602,0.1380668275798877,Water_En_Klimaatrisico,weighted_mean,Water & Klimaat
WK008607,0.17496588506266406,Water_En_Klimaatrisico,weighted_mean,Water & Klimaat
BU00860701,0.11923906605370543,Water_En_Klimaatrisico,weighted_mean,Water & Klimaat
BU00860702,0.1657376457205067,Water_En_Klimaatrisico,weighted_mean,Water & Klimaat
WK008608,0.12840912083396638,Water_En_Klimaatrisico,weighted_mean,Water & Klimaat
BU00860801,0.09954034588649431,Water_En_Klimaatrisico,weighted_mean,Water & Klimaat
BU00860802,0.08452804618798457,Water_En_Klimaatrisico,weighted_mean,Water & Klimaat
WK008609,0.11727987503263185,Water_En_Klimaatrisico,weighted_mean,Water & Klimaat
BU00860901,0.18299233248914545,Water_En_Klimaatrisico,weighted_mean,Water & Klimaat
BU00860902,0.10198643920289982,Water_En_Klimaatrisico,weighted_mean,Water & Klimaat
WK008610,0.1565443559376875,Water_En_Klimaatrisico,weighted_mean,Water & Klimaat
BU00861001,0.1271481182549412,Water_En_Klimaatrisico,weighted_mean,Water & Klimaat
BU00861002,0.14307645399195362,Water_En_Klimaatrisico,weighted_mean,Water & Klimaat
WK008611,0.1520812796496403,Water_En_Klimaatrisico,weighted_mean,Water & Klimaat
BU00861101,0.16289180135063597,Water_En_Klimaatrisico,weighted_mean,Water & Klimaat
BU00861102,0.18810786420896758,Water_En_Klimaatrisico,weighted_mean,Water & Klimaat
WK008613,0.13450165890455978,Water_En_Klimaatrisico,weighted_mean,Water & Klimaat
BU00861301,0.16164226020612188,Water_En_Klimaatrisico,weighted_mean,Water & Klimaat
BU00861302,0.14293939699431568,Water_En_Klimaatrisico,weighted_mean,Water & Klimaat
WK008614,0.1382441893367463,Water_En_Klimaatrisico,weighted_mean,Water & Klimaat
BU00861401,0.0679519694393173,Water_En_Klimaatrisico,weighted_mean,Water & Klimaat
BU00861402,0.1269905130608822,Water_En_Klimaatrisico,weighted_mean,Water & Klimaat
WK008615,0.13454561855553732,Water_En_Klimaatrisico,weighted_mean,Water & Klimaat
BU00861501,0.1453189568842609,Water_En_Klimaatrisico,weighted_mean,Water & Klimaat
BU00861502,0.19432065695946563,Water_En_Klimaatrisico,weighted_mean,Water & Klimaat
WK008616,0.12090785347273958,Water_En_Klimaatrisico,weighted_mean,Water & Klimaat
BU00861601,0.15887882206003506,Water_En_Klimaatrisico,weighted_mean,Water & Klimaat
BU00861602,0.16572512027925962,Water_En_Klimaatrisico,weighted_mean,Water & Klimaat
BU00861603,0.18185344296345823,Water_En_Klimaatrisico,weighted_mean,Water & Klimaat
BU00861604,0.20712306375664558,Water_En_Klimaatrisico,weighted_mean,Water & Klimaat
BU00861605,0.2293137801494192,Water_En_Klimaatrisico,weighted_mean,Water & Klimaat
BU00861606,0.12043845828984213,Water_En_Klimaatrisico,weighted_mean,Water & Klimaat
BU00861607,0.13106516395914503,Water_En_Klimaatrisico,weighted_mean,Water & Klimaat
WK008617,0.13122917503739062,Water_En_Klimaatrisico,weighted_mean,Water & Klimaat
BU00861701,0.17203904403395587,Water_En_Klimaatrisico,weighted_mean,Water & Klimaat
BU00861702,0.15740561421498425,Water_En_Klimaatrisico,weighted_mean,Water & Klimaat
BU00861703,0.1401154187577215,Water_En_Klimaatrisico,weighted_mean,Water & Klimaat
GM0088,0.15628381354371212,Water_En_Klimaatrisico,weighted_mean,Water & Klimaat
WK008800,0.1325020035931024,Water_En_Klimaatrisico,weighted_mean,Water & Klimaat
BU00880000,0.1317750404409543,Water_En_Klimaatrisico,weighted_mean,Water & Klimaat
BU00880009,0.0788150778739711,Water_En_Klimaatrisico,weighted_mean,Water & Klimaat
GM0090,0.12473178142465241,Water_En_Klimaatrisico,weighted_mean,Water & Klimaat
WK009001,0.19050600935192746,Water_En_Klimaatrisico,weighted_mean,Water & Klimaat
BU00900101,0.15390960280692761,Water_En_Klimaatrisico,weighted_mean,Water & Klimaat
WK009002,0.09499792269767136,Water_En_Klimaatrisico,weighted_mean,Water & Klimaat
BU00900201,0.1565277815746756,Water_En_Klimaatrisico,weighted_mean,Water & Klimaat
BU00900202,0.18582698954388066,Water_En_Klimaatrisico,weighted_mean,Water & Klimaat
BU00900203,0.12173850241335935,Water_En_Klimaatrisico,weighted_mean,Water & Klimaat
BU00900204,0.06925383412661858,Water_En_Klimaatrisico,weighted_mean,Water & Klimaat
BU00900205,0.07757133476715841,Water_En_Klimaatrisico,weighted_mean,Water & Klimaat
BU00900206,0.12393948224230895,Water_En_Klimaatrisico,weighted_mean,Water & Klimaat
WK009003,0.24085399810648167,Water_En_Klimaatrisico,weighted_mean,Water & Klimaat
BU00900301,0.12486202278771316,Water_En_Klimaatrisico,weighted_mean,Water & Klimaat
BU00900302,0.11305087370955971,Water_En_Klimaatrisico,weighted_mean,Water & Klimaat
BU00900303,0.1006202073886918,Water_En_Klimaatrisico,weighted_mean,Water & Klimaat
BU00900304,0.07746489612995869,Water_En_Klimaatrisico,weighted_mean,Water & Klimaat
WK009004,0.1310235433292596,Water_En_Klimaatrisico,weighted_mean,Water & Klimaat
BU00900401,0.07943282897895879,Water_En_Klimaatrisico,weighted_mean,Water & Klimaat
BU00900402,0.10391162492872873,Water_En_Klimaatrisico,weighted_mean,Water & Klimaat
BU00900403,0.06821437353506374,Water_En_Klimaatrisico,weighted_mean,Water & Klimaat
BU00900404,0.08017414903866776,Water_En_Klimaatrisico,weighted_mean,Water & Klimaat
BU00900405,0.11253895764468314,Water_En_Klimaatrisico,weighted_mean,Water & Klimaat
BU00900406,0.18474676317149005,Water_En_Klimaatrisico,weighted_mean,Water & Klimaat
WK009005,0.14395040577822427,Water_En_Klimaatrisico,weighted_mean,Water & Klimaat
BU00900501,0.13827349227123498,Water_En_Klimaatrisico,weighted_mean,Water & Klimaat
BU00900502,0.10165853472988384,Water_En_Klimaatrisico,weighted_mean,Water & Klimaat
WK009006,0.127164634717197,Water_En_Klimaatrisico,weighted_mean,Water & Klimaat
BU00900601,0.051893263532135615,Water_En_Klimaatrisico,weighted_mean,Water & Klimaat
BU00900602,0.02662362296554436,Water_En_Klimaatrisico,weighted_mean,Water & Klimaat
BU00900603,0.14474305507658403,Water_En_Klimaatrisico,weighted_mean,Water & Klimaat
WK009007,0.1151096067336586,Water_En_Klimaatrisico,weighted_mean,Water & Klimaat
BU00900701,0.08394619850140952,Water_En_Klimaatrisico,weighted_mean,Water & Klimaat
BU00900702,0.06796018574688775,Water_En_Klimaatrisico,weighted_mean,Water & Klimaat
BU00900703,0.16730800877261504,Water_En_Klimaatrisico,weighted_mean,Water & Klimaat
BU00900704,0.1301546041465178,Water_En_Klimaatrisico,weighted_mean,Water & Klimaat
BU00900705,0.16037995695042834,Water_En_Klimaatrisico,weighted_mean,Water & Klimaat
BU00900706,0.1316489750012758,Water_En_Klimaatrisico,weighted_mean,Water & Klimaat
WK009008,0.11667958727708064,Water_En_Klimaatrisico,weighted_mean,Water & Klimaat
BU00900801,0.14108578393405868,Water_En_Klimaatrisico,weighted_mean,Water & Klimaat
BU00900802,0.17023105683245035,Water_En_Klimaatrisico,weighted_mean,Water & Klimaat
BU00900803,0.15139515707349963,Water_En_Klimaatrisico,weighted_mean,Water & Klimaat
WK009009,0.18756825669619365,Water_En_Klimaatrisico,weighted_mean,Water & Klimaat
BU00900901,0.12490452599408071,Water_En_Klimaatrisico,weighted_mean,Water & Klimaat
BU00900902,0.1369972049991885,Water_En_Klimaatrisico,weighted_mean,Water & Klimaat
BU00900903,0.05696223827238367,Water_En_Klimaatrisico,weighted_mean,Water & Klimaat
BU00900904,0.06371989048272529,Water_En_Klimaatrisico,weighted_mean,Water & Klimaat
WK009010,0.1057090582820607,Water_En_Klimaatrisico,weighted_mean,Water & Klimaat
BU00901001,0.20296399429357767,Water_En_Klimaatrisico,weighted_mean,Water & Klimaat
BU00901002,0.16612233887852723,Water_En_Klimaatrisico,weighted_mean,Water & Klimaat
BU00901003,0.12945925407757236,Water_En_Klimaatrisico,weighted_mean,Water & Klimaat
BU00901004,0.1545728350164977,Water_En_Klimaatrisico,weighted_mean,Water & Klimaat
WK009011,0.1413100899332681,Water_En_Klimaatrisico,weighted_mean,Water & Klimaat
BU00901101,0.09112849238505401,Water_En_Klimaatrisico,weighted_mean,Water & Klimaat
WK009012,0.10459645266028722,Water_En_Klimaatrisico,weighted_mean,Water & Klimaat
BU00901201,0.19150067760866996,Water_En_Klimaatrisico,weighted_mean,Water & Klimaat
BU00901202,0.18338435409692136,Water_En_Klimaatrisico,weighted_mean,Water & Klimaat
WK009013,0.12507735899442174,Water_En_Klimaatrisico,weighted_mean,Water & Klimaat
BU00901301,0.13431701196227103,Water_En_Klimaatrisico,weighted_mean,Water & Klimaat
BU00901302,0.08340847846962894,Water_En_Klimaatrisico,weighted_mean,Water & Klimaat
BU00901303,0.1766689433023898,Water_En_Klimaatrisico,weighted_mean,Water & Klimaat
WK009021,0.13002181270753252,Water_En_Klimaatrisico,weighted_mean,Water & Klimaat
BU00902104,0.08131523059032822,Water_En_Klimaatrisico,weighted_mean,Water & Klimaat
BU00902105,0.11024277156577468,Water_En_Klimaatrisico,weighted_mean,Water & Klimaat
BU00902109,0.07773821736367374,Water_En_Klimaatrisico,weighted_mean,Water & Klimaat
BU00902110,0.12644074101194983,Water_En_Klimaatrisico,weighted_mean,Water & Klimaat
BU00902114,0.0622969818680975,Water_En_Klimaatrisico,weighted_mean,Water & Klimaat
WK009022,0.12714528829124225,Water_En_Klimaatrisico,weighted_mean,Water & Klimaat
BU00902201,0.048018067995031596,Water_En_Klimaatrisico,weighted_mean,Water & Klimaat
BU00902202,0.10707494071396575,Water_En_Klimaatrisico,weighted_mean,Water & Klimaat
BU00902203,0.2306043662309072,Water_En_Klimaatrisico,weighted_mean,Water & Klimaat
BU00902206,0.11187222565039115,Water_En_Klimaatrisico,weighted_mean,Water & Klimaat
BU00902212,0.07764982566811629,Water_En_Klimaatrisico,weighted_mean,Water & Klimaat
BU00902213,0.10205152421675134,Water_En_Klimaatrisico,weighted_mean,Water & Klimaat
BU00902215,0.1574829913439092,Water_En_Klimaatrisico,weighted_mean,Water & Klimaat
BU00902216,0.07614267778689811,Water_En_Klimaatrisico,weighted_mean,Water & Klimaat
WK009023,0.11363773941700718,Water_En_Klimaatrisico,weighted_mean,Water & Klimaat
BU00902307,0.17553224654267596,Water_En_Klimaatrisico,weighted_mean,Water & Klimaat
BU00902308,0.16014557913836405,Water_En_Klimaatrisico,weighted_mean,Water & Klimaat
BU00902311,0.08196653607546472,Water_En_Klimaatrisico,weighted_mean,Water & Klimaat
GM1900,0.12473178142465241,Water_En_Klimaatrisico,weighted_mean,Water & Klimaat
WK190000,0.12473178142465241,Water_En_Klimaatrisico,weighted_mean,Water & Klimaat
BU19000000,0.27098303931083073,Water_En_Klimaatrisico,weighted_mean,Water & Klimaat
BU19000001,0.17459792005205216,Water_En_Klimaatrisico,weighted_mean,Water & Klimaat
BU19000002,0.13586181041141887,Water_En_Klimaatrisico,weighted_mean,Water & Klimaat
BU19000003,0.1666048087445348,Water_En_Klimaatrisico,weighted_mean,Water & Klimaat
BU19000004,0.15211276342544883,Water_En_Klimaatrisico,weighted_mean,Water & Klimaat
BU19000009,0.21734959014721347,Water_En_Klimaatrisico,weighted_mean,Water & Klimaat
WK190001,0.12473178142465241,Water_En_Klimaatrisico,weighted_mean,Water & Klimaat
BU19000101,0.3581485154203133,Water_En_Klimaatrisico,weighted_mean,Water & Klimaat
BU19000102,0.15173586854620646,Water_En_Klimaatrisico,weighted_mean,Water & Klimaat
BU19000103,0.15920674771634724,Water_En_Klimaatrisico,weighted_mean,Water & Klimaat
BU19000104,0.12068828185775039,Water_En_Klimaatrisico,weighted_mean,Water & Klimaat
BU19000105,0.1718592109422407,Water_En_Klimaatrisico,weighted_mean,Water & Klimaat
BU19000106,0.20087236729085226,Water_En_Klimaatrisico,weighted_mean,Water & Klimaat
BU19000107,0.09138641779259365,Water_En_Klimaatrisico,weighted_mean,Water & Klimaat
BU19000108,0.1308581042236222,Water_En_Klimaatrisico,weighted_mean,Water & Klimaat
BU19000109,0.10815555548587558,Water_En_Klimaatrisico,weighted_mean,Water & Klimaat
BU19000110,0.09457032468635243,Water_En_Klimaatrisico,weighted_mean,Water & Klimaat
BU19000111,0.1396602059974777,Water_En_Klimaatrisico,weighted_mean,Water & Klimaat
BU19000112,0.1694347292172128,Water_En_Klimaatrisico,weighted_mean,Water & Klimaat
BU19000113,0.18606968389702863,Water_En_Klimaatrisico,weighted_mean,Water & Klimaat
BU19000114,0.12198482257501464,Water_En_Klimaatrisico,weighted_mean,Water & Klimaat
BU19000115,0.08372310932251194,Water_En_Klimaatrisico,weighted_mean,Water & Klimaat
BU19000116,0.16496197211775154,Water_En_Klimaatrisico,weighted_mean,Water & Klimaat
BU19000117,0.15383974049798568,Water_En_Klimaatrisico,weighted_mean,Water & Klimaat
BU19000118,0.19658657223564946,Water_En_Klimaatrisico,weighted_mean,Water & Klimaat
BU19000119,0.1463550129132643,Water_En_Klimaatrisico,weighted_mean,Water & Klimaat
BU19000120,0.21171492987449098,Water_En_Klimaatrisico,weighted_mean,Water & Klimaat
WK190002,0.11224884680930264,Water_En_Klimaatrisico,weighted_mean,Water & Klimaat
BU19000200,0.18915113983036325,Water_En_Klimaatrisico,weighted_mean,Water & Klimaat
BU19000201,0.30175841222165267,Water_En_Klimaatrisico,weighted_mean,Water & Klimaat
BU19000202,0.1941086658509485,Water_En_Klimaatrisico,weighted_mean,Water & Klimaat
BU19000208,0.19346749144203607,Water_En_Klimaatrisico,weighted_mean,Water & Klimaat
BU19000209,0.19599434707591004,Water_En_Klimaatrisico,weighted_mean,Water & Klimaat
WK190003,0.13398531177131287,Water_En_Klimaatrisico,weighted_mean,Water & Klimaat
BU19000300,0.2260170376762945,Water_En_Klimaatrisico,weighted_mean,Water & Klimaat
BU19000301,0.21372058272411265,Water_En_Klimaatrisico,weighted_mean,Water & Klimaat
BU19000302,0.2353762448214337,Water_En_Klimaatrisico,weighted_mean,Water & Klimaat
BU19000308,0.16661312493471175,Water_En_Klimaatrisico,weighted_mean,Water & Klimaat
BU19000309,0.16546335584241195,Water_En_Klimaatrisico,weighted_mean,Water & Klimaat
WK190004,0.1506713220094525,Water_En_Klimaatrisico,weighted_mean,Water & Klimaat
BU19000400,0.20393765844425055,Water_En_Klimaatrisico,weighted_mean,Water & Klimaat
BU19000401,0.19172168628043423,Water_En_Klimaatrisico,weighted_mean,Water & Klimaat
BU19000402,0.1848543863423192,Water_En_Klimaatrisico,weighted_mean,Water & Klimaat
BU19000403,0.1819607790400363,Water_En_Klimaatrisico,weighted_mean,Water & Klimaat
BU19000408,0.19575398328197952,Water_En_Klimaatrisico,weighted_mean,Water & Klimaat
BU19000409,0.12668338699798948,Water_En_Klimaatrisico,weighted_mean,Water & Klimaat
WK190005,0.14491528127347103,Water_En_Klimaatrisico,weighted_mean,Water & Klimaat
BU19000500,0.36821837116739076,Water_En_Klimaatrisico,weighted_mean,Water & Klimaat
BU19000501,0.1713805381985044,Water_En_Klimaatrisico,weighted_mean,Water & Klimaat
BU19000502,0.1130691569701617,Water_En_Klimaatrisico,weighted_mean,Water & Klimaat
BU19000503,0.2237882217104793,Water_En_Klimaatrisico,weighted_mean,Water & Klimaat
WK190006,0.12714528829124225,Water_En_Klimaatrisico,weighted_mean,Water & Klimaat
BU19000600,0.1650029828720178,Water_En_Klimaatrisico,weighted_mean,Water & Klimaat
BU19000602,0.18397543350775653,Water_En_Klimaatrisico,weighted_mean,Water & Klimaat
BU19000603,0.19611519069042882,Water_En_Klimaatrisico,weighted_mean,Water & Klimaat
BU19000607,0.18727770385416104,Water_En_Klimaatrisico,weighted_mean,Water & Klimaat
BU19000608,0.19360476153662098,Water_En_Klimaatrisico,weighted_mean,Water & Klimaat
BU19000609,0.22586827962830996,Water_En_Klimaatrisico,weighted_mean,Water & Klimaat
WK190007,0.13412584002335767,Water_En_Klimaatrisico,weighted_mean,Water & Klimaat
BU19000700,0.09730418838354969,Water_En_Klimaatrisico,weighted_mean,Water & Klimaat
BU19000701,0.1286367863586359,Water_En_Klimaatrisico,weighted_mean,Water & Klimaat
BU19000702,0.1253074356367217,Water_En_Klimaatrisico,weighted_mean,Water & Klimaat
BU19000706,0.18486305257434815,Water_En_Klimaatrisico,weighted_mean,Water & Klimaat
BU19000707,0.1635413007474536,Water_En_Klimaatrisico,weighted_mean,Water & Klimaat
BU19000708,0.25960837643614243,Water_En_Klimaatrisico,weighted_mean,Water & Klimaat
WK190008,0.10945242898100258,Water_En_Klimaatrisico,weighted_mean,Water & Klimaat
BU19000800,0.1585542920000766,Water_En_Klimaatrisico,weighted_mean,Water & Klimaat
BU19000801,0.18373534293007565,Water_En_Klimaatrisico,weighted_mean,Water & Klimaat
BU19000802,0.1805066088340026,Water_En_Klimaatrisico,weighted_mean,Water & Klimaat
BU19000804,0.24427506837176016,Water_En_Klimaatrisico,weighted_mean,Water & Klimaat
BU19000808,0.20836754101365196,Water_En_Klimaatrisico,weighted_mean,Water & Klimaat
BU19000809,0.19966888019327766,Water_En_Klimaatrisico,weighted_mean,Water & Klimaat
WK190009,0.1335431665122594,Water_En_Klimaatrisico,weighted_mean,Water & Klimaat
BU19000900,0.21838363340965053,Water_En_Klimaatrisico,weighted_mean,Water & Klimaat
BU19000901,0.19319453743058287,Water_En_Klimaatrisico,weighted_mean,Water & Klimaat
BU19000902,0.2258428328799939,Water_En_Klimaatrisico,weighted_mean,Water & Klimaat
BU19000903,0.21571155992095303,Water_En_Klimaatrisico,weighted_mean,Water & Klimaat
BU19000904,0.1955771069676151,Water_En_Klimaatrisico,weighted_mean,Water & Klimaat
BU19000905,0.12511910424403322,Water_En_Klimaatrisico,weighted_mean,Water & Klimaat
BU19000906,0.19903283701288382,Water_En_Klimaatrisico,weighted_mean,Water & Klimaat
BU19000907,0.2488914364330556,Water_En_Klimaatrisico,weighted_mean,Water & Klimaat
BU19000908,0.2075145173543606,Water_En_Klimaatrisico,weighted_mean,Water & Klimaat
BU19000909,0.22751687180705332,Water_En_Klimaatrisico,weighted_mean,Water & Klimaat
WK190010,0.15052470500821968,Water_En_Klimaatrisico,weighted_mean,Water & Klimaat
BU19001000,0.2157135632219168,Water_En_Klimaatrisico,weighted_mean,Water & Klimaat
BU19001001,0.2103524479257565,Water_En_Klimaatrisico,weighted_mean,Water & Klimaat
BU19001002,0.1870592737762674,Water_En_Klimaatrisico,weighted_mean,Water & Klimaat
BU19001003,0.21676095823432362,Water_En_Klimaatrisico,weighted_mean,Water & Klimaat
BU19001007,0.21668102009369533,Water_En_Klimaatrisico,weighted_mean,Water & Klimaat
BU19001008,0.21925388080563846,Water_En_Klimaatrisico,weighted_mean,Water & Klimaat
WK190011,0.086147925691883,Water_En_Klimaatrisico,weighted_mean,Water & Klimaat
BU19001100,0.18837647447572903,Water_En_Klimaatrisico,weighted_mean,Water & Klimaat
BU19001101,0.17095014580904172,Water_En_Klimaatrisico,weighted_mean,Water & Klimaat
BU19001108,0.1777894854780334,Water_En_Klimaatrisico,weighted_mean,Water & Klimaat
BU19001109,0.17954273941108728,Water_En_Klimaatrisico,weighted_mean,Water & Klimaat
WK190012,0.1534210924086204,Water_En_Klimaatrisico,weighted_mean,Water & Klimaat
BU19001200,0.22274756537465923,Water_En_Klimaatrisico,weighted_mean,Water & Klimaat
BU19001201,0.2011249192829064,Water_En_Klimaatrisico,weighted_mean,Water & Klimaat
BU19001202,0.19467735820114274,Water_En_Klimaatrisico,weighted_mean,Water & Klimaat
BU19001203,0.1702674803460037,Water_En_Klimaatrisico,weighted_mean,Water & Klimaat
BU19001204,0.15460713786260774,Water_En_Klimaatrisico,weighted_mean,Water & Klimaat
BU19001208,0.17668829089445562,Water_En_Klimaatrisico,weighted_mean,Water & Klimaat
BU19001209,0.193418791939239,Water_En_Klimaatrisico,weighted_mean,Water & Klimaat
WK190013,0.1278089248072982,Water_En_Klimaatrisico,weighted_mean,Water & Klimaat
BU19001300,0.27265780807436846,Water_En_Klimaatrisico,weighted_mean,Water & Klimaat
BU19001301,0.32001232119717604,Water_En_Klimaatrisico,weighted_mean,Water & Klimaat
BU19001302,0.30913159029418963,Water_En_Klimaatrisico,weighted_mean,Water & Klimaat
BU19001303,0.29948503752694056,Water_En_Klimaatrisico,weighted_mean,Water & Klimaat
BU19001306,0.2665799654758022,Water_En_Klimaatrisico,weighted_mean,Water & Klimaat
BU19001307,0.2960308914916322,Water_En_Klimaatrisico,weighted_mean,Water & Klimaat
BU19001308,0.2721853386839236,Water_En_Klimaatrisico,weighted_mean,Water & Klimaat
BU19001309,0.29575817208288324,Water_En_Klimaatrisico,weighted_mean,Water & Klimaat
WK190014,0.15297254392024698,Water_En_Klimaatrisico,weighted_mean,Water & Klimaat
BU19001400,0.2529207727377024,Water_En_Klimaatrisico,weighted_mean,Water & Klimaat
BU19001401,0.2497904181387841,Water_En_Klimaatrisico,weighted_mean,Water & Klimaat
BU19001402,0.2636960174145575,Water_En_Klimaatrisico,weighted_mean,Water & Klimaat
BU19001403,0.24394142685786405,Water_En_Klimaatrisico,weighted_mean,Water & Klimaat
BU19001404,0.24782133433413006,Water_En_Klimaatrisico,weighted_mean,Water & Klimaat
BU19001405,0.2797093697264646,Water_En_Klimaatrisico,weighted_mean,Water & Klimaat
BU19001406,0.28042651208786223,Water_En_Klimaatrisico,weighted_mean,Water & Klimaat
BU19001407,0.2717274103273566,Water_En_Klimaatrisico,weighted_mean,Water & Klimaat
BU19001408,0.28278134065715743,Water_En_Klimaatrisico,weighted_mean,Water & Klimaat
BU19001409,0.28257724573045895,Water_En_Klimaatrisico,weighted_mean,Water & Klimaat
WK190015,0.1329451635626915,Water_En_Klimaatrisico,weighted_mean,Water & Klimaat
BU19001500,0.21298439838621153,Water_En_Klimaatrisico,weighted_mean,Water & Klimaat
BU19001501,0.25912485695128007,Water_En_Klimaatrisico,weighted_mean,Water & Klimaat
BU19001502,0.23294700431259532,Water_En_Klimaatrisico,weighted_mean,Water & Klimaat
BU19001503,0.11974009955918627,Water_En_Klimaatrisico,weighted_mean,Water & Klimaat
BU19001509,0.19335969416453713,Water_En_Klimaatrisico,weighted_mean,Water & Klimaat
WK190016,0.15098462052794154,Water_En_Klimaatrisico,weighted_mean,Water & Klimaat
BU19001600,0.20953447518355323,Water_En_Klimaatrisico,weighted_mean,Water & Klimaat
BU19001601,0.3187824495276733,Water_En_Klimaatrisico,weighted_mean,Water & Klimaat
BU19001602,0.252574648386485,Water_En_Klimaatrisico,weighted_mean,Water & Klimaat
BU19001603,0.21045717016833435,Water_En_Klimaatrisico,weighted_mean,Water & Klimaat
BU19001604,0.2138934782092186,Water_En_Klimaatrisico,weighted_mean,Water & Klimaat
BU19001606,0.1402000865007134,Water_En_Klimaatrisico,weighted_mean,Water & Klimaat
BU19001607,0.27681811047911736,Water_En_Klimaatrisico,weighted_mean,Water & Klimaat
BU19001608,0.20157334485145156,Water_En_Klimaatrisico,weighted_mean,Water & Klimaat
WK190017,0.14491528127347103,Water_En_Klimaatrisico,weighted_mean,Water & Klimaat
BU19001700,0.14892428125365198,Water_En_Klimaatrisico,weighted_mean,Water & Klimaat
BU19001709,0.1968434748988966,Water_En_Klimaatrisico,weighted_mean,Water & Klimaat
WK190018,0.1573293199381433,Water_En_Klimaatrisico,weighted_mean,Water & Klimaat
BU19001800,0.12400599191544384,Water_En_Klimaatrisico,weighted_mean,Water & Klimaat
BU19001801,0.1820597193686157,Water_En_Klimaatrisico,weighted_mean,Water & Klimaat
BU19001802,0.2013180491043827,Water_En_Klimaatrisico,weighted_mean,Water & Klimaat
BU19001803,0.09492866539526769,Water_En_Klimaatrisico,weighted_mean,Water & Klimaat
BU19001804,0.22256234428222,Water_En_Klimaatrisico,weighted_mean,Water & Klimaat
BU19001808,0.2319931593669759,Water_En_Klimaatrisico,weighted_mean,Water & Klimaat
BU19001809,0.16438156283576574,Water_En_Klimaatrisico,weighted_mean,Water & Klimaat
WK190019,0.12902553909053577,Water_En_Klimaatrisico,weighted_mean,Water & Klimaat
BU19001900,0.11431395868154184,Water_En_Klimaatrisico,weighted_mean,Water & Klimaat
BU19001901,0.1904506198958205,Water_En_Klimaatrisico,weighted_mean,Water & Klimaat
BU19001902,0.1649656027679601,Water_En_Klimaatrisico,weighted_mean,Water & Klimaat
BU19001903,0.17438675594279412,Water_En_Klimaatrisico,weighted_mean,Water & Klimaat
BU19001904,0.16277329253957723,Water_En_Klimaatrisico,weighted_mean,Water & Klimaat
WK190020,0.11194208151631281,Water_En_Klimaatrisico,weighted_mean,Water & Klimaat
BU19002001,0.17577379294346934,Water_En_Klimaatrisico,weighted_mean,Water & Klimaat
BU19002002,0.17670353531330502,Water_En_Klimaatrisico,weighted_mean,Water & Klimaat
BU19002003,0.24270012904631774,Water_En_Klimaatrisico,weighted_mean,Water & Klimaat
BU19002004,0.26319391608724757,Water_En_Klimaatrisico,weighted_mean,Water & Klimaat
BU19002005,0.31025771217986553,Water_En_Klimaatrisico,weighted_mean,Water & Klimaat
BU19002006,0.2410046428807358,Water_En_Klimaatrisico,weighted_mean,Water & Klimaat
BU19002007,0.24967487385542425,Water_En_Klimaatrisico,weighted_mean,Water & Klimaat
BU19002008,0.2289705986274713,Water_En_Klimaatrisico,weighted_mean,Water & Klimaat
BU19002009,0.2119375877153698,Water_En_Klimaatrisico,weighted_mean,Water & Klimaat
BU19002010,0.26470853621042545,Water_En_Klimaatrisico,weighted_mean,Water & Klimaat
BU19002011,0.2772558721127264,Water_En_Klimaatrisico,weighted_mean,Water & Klimaat
BU19002012,0.28551858060241614,Water_En_Klimaatrisico,weighted_mean,Water & Klimaat
BU19002013,0.269288039206015,Water_En_Klimaatrisico,weighted_mean,Water & Klimaat
BU19002014,0.3248424381270474,Water_En_Klimaatrisico,weighted_mean,Water & Klimaat
BU19002015,0.2706819545331297,Water_En_Klimaatrisico,weighted_mean,Water & Klimaat
BU19002016,0.18765525172467998,Water_En_Klimaatrisico,weighted_mean,Water & Klimaat
BU19002017,0.17021244292990453,Water_En_Klimaatrisico,weighted_mean,Water & Klimaat
BU19002018,0.1498501672737712,Water_En_Klimaatrisico,weighted_mean,Water & Klimaat
BU19002019,0.2291271712449776,Water_En_Klimaatrisico,weighted_mean,Water & Klimaat
GM0093,0.184779616065539,Water_En_Klimaatrisico,weighted_mean,Water & Klimaat
WK009300,0.1370703276743569,Water_En_Klimaatrisico,weighted_mean,Water & Klimaat
BU00930000,0.08883618930893061,Water_En_Klimaatrisico,weighted_mean,Water & Klimaat
BU00930002,0.09217037404334277,Water_En_Klimaatrisico,weighted_mean,Water & Klimaat
WK009301,0.11100146846969192,Water_En_Klimaatrisico,weighted_mean,Water & Klimaat
BU00930110,0.06596588257572422,Water_En_Klimaatrisico,weighted_mean,Water & Klimaat
BU00930111,0.0875630845873521,Water_En_Klimaatrisico,weighted_mean,Water & Klimaat
BU00930112,0.0690369703824115,Water_En_Klimaatrisico,weighted_mean,Water & Klimaat
WK009302,0.12159617460425919,Water_En_Klimaatrisico,weighted_mean,Water & Klimaat
BU00930213,0.11691329795413885,Water_En_Klimaatrisico,weighted_mean,Water & Klimaat
BU00930214,0.08637052664797452,Water_En_Klimaatrisico,weighted_mean,Water & Klimaat
BU00930215,0.0740806064427227,Water_En_Klimaatrisico,weighted_mean,Water & Klimaat
WK009303,0.13459701047778092,Water_En_Klimaatrisico,weighted_mean,Water & Klimaat
BU00930316,0.13022304097499326,Water_En_Klimaatrisico,weighted_mean,Water & Klimaat
BU00930317,0.05876428138216405,Water_En_Klimaatrisico,weighted_mean,Water & Klimaat
WK009304,0.11773843097491032,Water_En_Klimaatrisico,weighted_mean,Water & Klimaat
BU00930418,0.10137558770334779,Water_En_Klimaatrisico,weighted_mean,Water & Klimaat
BU00930419,0.1341012353222475,Water_En_Klimaatrisico,weighted_mean,Water & Klimaat
BU00930420,0.07668072786005459,Water_En_Klimaatrisico,weighted_mean,Water & Klimaat
WK009305,0.13618809893604042,Water_En_Klimaatrisico,weighted_mean,Water & Klimaat
BU00930521,0.12765317677027177,Water_En_Klimaatrisico,weighted_mean,Water & Klimaat
BU00930522,0.1140451631182696,Water_En_Klimaatrisico,weighted_mean,Water & Klimaat
BU00930523,0.10362524726732797,Water_En_Klimaatrisico,weighted_mean,Water & Klimaat
GM0737,0.12473178142465241,Water_En_Klimaatrisico,weighted_mean,Water & Klimaat
WK073700,0.12473178142465241,Water_En_Klimaatrisico,weighted_mean,Water & Klimaat
BU07370000,0.11289871047080735,Water_En_Klimaatrisico,weighted_mean,Water & Klimaat
BU07370009,0.11516623262276166,Water_En_Klimaatrisico,weighted_mean,Water & Klimaat
WK073701,0.13329594236490386,Water_En_Klimaatrisico,weighted_mean,Water & Klimaat
BU07370100,0.16086262982141242,Water_En_Klimaatrisico,weighted_mean,Water & Klimaat
BU07370101,0.14709099580408258,Water_En_Klimaatrisico,weighted_mean,Water & Klimaat
BU07370102,0.2223934170490287,Water_En_Klimaatrisico,weighted_mean,Water & Klimaat
BU07370108,0.19904997049171202,Water_En_Klimaatrisico,weighted_mean,Water & Klimaat
BU07370109,0.20052248456913196,Water_En_Klimaatrisico,weighted_mean,Water & Klimaat
WK073702,0.13329594236490386,Water_En_Klimaatrisico,weighted_mean,Water & Klimaat
BU07370200,0.12291371436174042,Water_En_Klimaatrisico,weighted_mean,Water & Klimaat
BU07370201,0.16590046697403124,Water_En_Klimaatrisico,weighted_mean,Water & Klimaat
BU07370208,0.1338120291381983,Water_En_Klimaatrisico,weighted_mean,Water & Klimaat
BU07370209,0.18396877122386285,Water_En_Klimaatrisico,weighted_mean,Water & Klimaat
WK073703,0.09989322386529637,Water_En_Klimaatrisico,weighted_mean,Water & Klimaat
BU07370300,0.19579421256841875,Water_En_Klimaatrisico,weighted_mean,Water & Klimaat
BU07370309,0.16859350640912807,Water_En_Klimaatrisico,weighted_mean,Water & Klimaat
WK073704,0.1506713220094525,Water_En_Klimaatrisico,weighted_mean,Water & Klimaat
BU07370400,0.12963281339901517,Water_En_Klimaatrisico,weighted_mean,Water & Klimaat
BU07370401,0.07863346029352779,Water_En_Klimaatrisico,weighted_mean,Water & Klimaat
BU07370408,0.10437879721081395,Water_En_Klimaatrisico,weighted_mean,Water & Klimaat
BU07370409,0.13029676759005795,Water_En_Klimaatrisico,weighted_mean,Water & Klimaat
WK073705,0.14678219572469772,Water_En_Klimaatrisico,weighted_mean,Water & Klimaat
BU07370500,0.12053372728524744,Water_En_Klimaatrisico,weighted_mean,Water & Klimaat
BU07370501,0.08016511404358376,Water_En_Klimaatrisico,weighted_mean,Water & Klimaat
BU07370508,0.1718867213594768,Water_En_Klimaatrisico,weighted_mean,Water & Klimaat
BU07370509,0.10842642175083383,Water_En_Klimaatrisico,weighted_mean,Water & Klimaat
WK073706,0.12284111811860379,Water_En_Klimaatrisico,weighted_mean,Water & Klimaat
BU07370600,0.12244024046528403,Water_En_Klimaatrisico,weighted_mean,Water & Klimaat
BU07370609,0.0782436643219239,Water_En_Klimaatrisico,weighted_mean,Water & Klimaat
WK073707,0.1370703276743569,Water_En_Klimaatrisico,weighted_mean,Water & Klimaat
BU07370700,0.07600014940671089,Water_En_Klimaatrisico,weighted_mean,Water & Klimaat
BU07370701,0.1731271769246553,Water_En_Klimaatrisico,weighted_mean,Water & Klimaat
BU07370708,0.11019569393541828,Water_En_Klimaatrisico,weighted_mean,Water & Klimaat
BU07370709,0.10745499931502102,Water_En_Klimaatrisico,weighted_mean,Water & Klimaat
WK073708,0.14538441563375612,Water_En_Klimaatrisico,weighted_mean,Water & Klimaat
BU07370800,0.1820327656104144,Water_En_Klimaatrisico,weighted_mean,Water & Klimaat
BU07370809,0.10682369139519232,Water_En_Klimaatrisico,weighted_mean,Water & Klimaat
WK073709,0.12119053705715695,Water_En_Klimaatrisico,weighted_mean,Water & Klimaat
BU07370900,0.10249143040706932,Water_En_Klimaatrisico,weighted_mean,Water & Klimaat
BU07370909,0.09017237947852014,Water_En_Klimaatrisico,weighted_mean,Water & Klimaat
GM0096,0.15628381354371212,Water_En_Klimaatrisico,weighted_mean,Water & Klimaat
WK009600,0.13611228169044243,Water_En_Klimaatrisico,weighted_mean,Water & Klimaat
BU00960000,0.09698775480203087,Water_En_Klimaatrisico,weighted_mean,Water & Klimaat
BU00960009,0.09860353747249924,Water_En_Klimaatrisico,weighted_mean,Water & Klimaat
GM1949,0.12473178142465241,Water_En_Klimaatrisico,weighted_mean,Water & Klimaat
WK194915,0.09811133205008207,Water_En_Klimaatrisico,weighted_mean,Water & Klimaat
BU19491500,0.2426887446865973,Water_En_Klimaatrisico,weighted_mean,Water & Klimaat
BU19491501,0.2350168936875744,Water_En_Klimaatrisico,weighted_mean,Water & Klimaat
WK194916,0.1311083417403537,Water_En_Klimaatrisico,weighted_mean,Water & Klimaat
BU19491600,0.21285080727584327,Water_En_Klimaatrisico,weighted_mean,Water & Klimaat
BU19491601,0.12363856908245818,Water_En_Klimaatrisico,weighted_mean,Water & Klimaat
BU19491602,0.11691747871169653,Water_En_Klimaatrisico,weighted_mean,Water & Klimaat
BU19491603,0.23587072729736963,Water_En_Klimaatrisico,weighted_mean,Water & Klimaat
BU19491604,0.18229548779682891,Water_En_Klimaatrisico,weighted_mean,Water & Klimaat
BU19491605,0.20028415127963886,Water_En_Klimaatrisico,weighted_mean,Water & Klimaat
BU19491606,0.19891521054773778,Water_En_Klimaatrisico,weighted_mean,Water & Klimaat
WK194917,0.2348309116063884,Water_En_Klimaatrisico,weighted_mean,Water & Klimaat
BU19491700,0.3025597831838716,Water_En_Klimaatrisico,weighted_mean,Water & Klimaat
WK194918,0.15040883164578386,Water_En_Klimaatrisico,weighted_mean,Water & Klimaat
BU19491800,0.23642411787078166,Water_En_Klimaatrisico,weighted_mean,Water & Klimaat
BU19491801,0.19616481173944783,Water_En_Klimaatrisico,weighted_mean,Water & Klimaat
BU19491802,0.21629166554103335,Water_En_Klimaatrisico,weighted_mean,Water & Klimaat
BU19491803,0.2389012042623777,Water_En_Klimaatrisico,weighted_mean,Water & Klimaat
BU19491804,0.2504644803666989,Water_En_Klimaatrisico,weighted_mean,Water & Klimaat
WK194919,0.13787637248077028,Water_En_Klimaatrisico,weighted_mean,Water & Klimaat
BU19491900,0.20249520343232047,Water_En_Klimaatrisico,weighted_mean,Water & Klimaat
BU19491901,0.15814602058997773,Water_En_Klimaatrisico,weighted_mean,Water & Klimaat
WK194920,0.11557805886602415,Water_En_Klimaatrisico,weighted_mean,Water & Klimaat
BU19492000,0.23638888814539027,Water_En_Klimaatrisico,weighted_mean,Water & Klimaat
BU19492001,0.1698052335682308,Water_En_Klimaatrisico,weighted_mean,Water & Klimaat
WK194921,0.23243055475394256,Water_En_Klimaatrisico,weighted_mean,Water & Klimaat
BU19492100,0.2757784210990861,Water_En_Klimaatrisico,weighted_mean,Water & Klimaat
WK194922,0.21298070034660366,Water_En_Klimaatrisico,weighted_mean,Water & Klimaat
BU19492200,0.22364659175484014,Water_En_Klimaatrisico,weighted_mean,Water & Klimaat
WK194923,0.12124256925285763,Water_En_Klimaatrisico,weighted_mean,Water & Klimaat
BU19492300,0.17396786181481008,Water_En_Klimaatrisico,weighted_mean,Water & Klimaat
BU19492301,0.11289255809126285,Water_En_Klimaatrisico,weighted_mean,Water & Klimaat
WK194924,0.15079776674982234,Water_En_Klimaatrisico,weighted_mean,Water & Klimaat
BU19492400,0.23436778438555783,Water_En_Klimaatrisico,weighted_mean,Water & Klimaat
BU19492401,0.18977315164879566,Water_En_Klimaatrisico,weighted_mean,Water & Klimaat
WK194925,0.16292837531639387,Water_En_Klimaatrisico,weighted_mean,Water & Klimaat
BU19492500,0.25756215431370433,Water_En_Klimaatrisico,weighted_mean,Water & Klimaat
BU19492501,0.23420277635059628,Water_En_Klimaatrisico,weighted_mean,Water & Klimaat
WK194926,0.12112768365661544,Water_En_Klimaatrisico,weighted_mean,Water & Klimaat
BU19492600,0.2692490652861436,Water_En_Klimaatrisico,weighted_mean,Water & Klimaat
BU19492601,0.2123781049807076,Water_En_Klimaatrisico,weighted_mean,Water & Klimaat
BU19492602,0.24078387817159516,Water_En_Klimaatrisico,weighted_mean,Water & Klimaat
BU19492603,0.24284150316097802,Water_En_Klimaatrisico,weighted_mean,Water & Klimaat
BU19492604,0.23858468906855934,Water_En_Klimaatrisico,weighted_mean,Water & Klimaat
WK194927,0.25383681544098136,Water_En_Klimaatrisico,weighted_mean,Water & Klimaat
BU19492700,0.26898575559997295,Water_En_Klimaatrisico,weighted_mean,Water & Klimaat
WK194928,0.12473178142465241,Water_En_Klimaatrisico,weighted_mean,Water & Klimaat
BU19492800,0.23301102704946014,Water_En_Klimaatrisico,weighted_mean,Water & Klimaat
BU19492801,0.2151265389181245,Water_En_Klimaatrisico,weighted_mean,Water & Klimaat
BU19492802,0.26918739570340383,Water_En_Klimaatrisico,weighted_mean,Water & Klimaat
BU19492803,0.2551750143585377,Water_En_Klimaatrisico,weighted_mean,Water & Klimaat
BU19492804,0.22142564373441592,Water_En_Klimaatrisico,weighted_mean,Water & Klimaat
BU19492805,0.18421975247646244,Water_En_Klimaatrisico,weighted_mean,Water & Klimaat
BU19492806,0.25816169667707833,Water_En_Klimaatrisico,weighted_mean,Water & Klimaat
BU19492807,0.22025730026680446,Water_En_Klimaatrisico,weighted_mean,Water & Klimaat
BU19492808,0.23769752014150297,Water_En_Klimaatrisico,weighted_mean,Water & Klimaat
BU19492809,0.2282916458659928,Water_En_Klimaatrisico,weighted_mean,Water & Klimaat
BU19492810,0.2211071322294143,Water_En_Klimaatrisico,weighted_mean,Water & Klimaat
BU19492811,0.2287523779818694,Water_En_Klimaatrisico,weighted_mean,Water & Klimaat
BU19492812,0.24984867664284588,Water_En_Klimaatrisico,weighted_mean,Water & Klimaat
BU19492813,0.24233051554587037,Water_En_Klimaatrisico,weighted_mean,Water & Klimaat
BU19492814,0.2445350120275399,Water_En_Klimaatrisico,weighted_mean,Water & Klimaat
BU19492815,0.2522764032999521,Water_En_Klimaatrisico,weighted_mean,Water & Klimaat
BU19492816,0.2966433954663446,Water_En_Klimaatrisico,weighted_mean,Water & Klimaat
BU19492817,0.26742708075549143,Water_En_Klimaatrisico,weighted_mean,Water & Klimaat
WK194929,0.1747045500055376,Water_En_Klimaatrisico,weighted_mean,Water & Klimaat
BU19492900,0.13838007682117642,Water_En_Klimaatrisico,weighted_mean,Water & Klimaat
WK194930,0.22770081444187024,Water_En_Klimaatrisico,weighted_mean,Water & Klimaat
BU19493000,0.2273519518937066,Water_En_Klimaatrisico,weighted_mean,Water & Klimaat
WK194931,0.11127789058464861,Water_En_Klimaatrisico,weighted_mean,Water & Klimaat
BU19493100,0.21649965148173284,Water_En_Klimaatrisico,weighted_mean,Water & Klimaat
BU19493101,0.2569569235410779,Water_En_Klimaatrisico,weighted_mean,Water & Klimaat
WK194932,0.15242732253438707,Water_En_Klimaatrisico,weighted_mean,Water & Klimaat
BU19493200,0.24498841681150962,Water_En_Klimaatrisico,weighted_mean,Water & Klimaat
BU19493201,0.26534162237761216,Water_En_Klimaatrisico,weighted_mean,Water & Klimaat
BU19493202,0.23861331718909942,Water_En_Klimaatrisico,weighted_mean,Water & Klimaat
WK194933,0.2230263756470947,Water_En_Klimaatrisico,weighted_mean,Water & Klimaat
BU19493300,0.20368932738070394,Water_En_Klimaatrisico,weighted_mean,Water & Klimaat
WK194934,0.12756133427714422,Water_En_Klimaatrisico,weighted_mean,Water & Klimaat
BU19493400,0.26541587993869564,Water_En_Klimaatrisico,weighted_mean,Water & Klimaat
BU19493401,0.24529993407704748,Water_En_Klimaatrisico,weighted_mean,Water & Klimaat
WK194935,0.13970986286884304,Water_En_Klimaatrisico,weighted_mean,Water & Klimaat
BU19493500,0.2712260059390518,Water_En_Klimaatrisico,weighted_mean,Water & Klimaat
BU19493501,0.24963327788292977,Water_En_Klimaatrisico,weighted_mean,Water & Klimaat
BU19493502,0.23184174453590642,Water_En_Klimaatrisico,weighted_mean,Water & Klimaat
BU19493503,0.23482146980085133,Water_En_Klimaatrisico,weighted_mean,Water & Klimaat
WK194936,0.12523099903606064,Water_En_Klimaatrisico,weighted_mean,Water & Klimaat
BU19493600,0.27349023645501336,Water_En_Klimaatrisico,weighted_mean,Water & Klimaat
BU19493601,0.26251192145896296,Water_En_Klimaatrisico,weighted_mean,Water & Klimaat
BU19493602,0.2664952330447181,Water_En_Klimaatrisico,weighted_mean,Water & Klimaat
BU19493603,0.22526556331959216,Water_En_Klimaatrisico,weighted_mean,Water & Klimaat
WK194937,0.1757974663609465,Water_En_Klimaatrisico,weighted_mean,Water & Klimaat
BU19493700,0.13701028944767804,Water_En_Klimaatrisico,weighted_mean,Water & Klimaat
WK194938,0.12456007078465361,Water_En_Klimaatrisico,weighted_mean,Water & Klimaat
BU19493800,0.18527941148761556,Water_En_Klimaatrisico,weighted_mean,Water & Klimaat
BU19493801,0.2776722215802191,Water_En_Klimaatrisico,weighted_mean,Water & Klimaat
WK194939,0.13824418933674626,Water_En_Klimaatrisico,weighted_mean,Water & Klimaat
BU19493900,0.15266847168488024,Water_En_Klimaatrisico,weighted_mean,Water & Klimaat
BU19493901,0.16635164006472344,Water_En_Klimaatrisico,weighted_mean,Water & Klimaat
WK194940,0.22276358241385297,Water_En_Klimaatrisico,weighted_mean,Water & Klimaat
BU19494000,0.2419447461028125,Water_En_Klimaatrisico,weighted_mean,Water & Klimaat
WK194941,0.22374351777142365,Water_En_Klimaatrisico,weighted_mean,Water & Klimaat
BU19494100,0.17090511780240564,Water_En_Klimaatrisico,weighted_mean,Water & Klimaat
WK194942,0.14220033281146427,Water_En_Klimaatrisico,weighted_mean,Water & Klimaat
BU19494200,0.2741658641234085,Water_En_Klimaatrisico,weighted_mean,Water & Klimaat
BU19494201,0.2758389007449733,Water_En_Klimaatrisico,weighted_mean,Water & Klimaat
WK194943,0.27028560589652934,Water_En_Klimaatrisico,weighted_mean,Water & Klimaat
BU19494300,0.2615832722212291,Water_En_Klimaatrisico,weighted_mean,Water & Klimaat
WK194944,0.12523099903606064,Water_En_Klimaatrisico,weighted_mean,Water & Klimaat
BU19494400,0.21480997825638967,Water_En_Klimaatrisico,weighted_mean,Water & Klimaat
BU19494401,0.24247963629213545,Water_En_Klimaatrisico,weighted_mean,Water & Klimaat
BU19494402,0.1979707557996599,Water_En_Klimaatrisico,weighted_mean,Water & Klimaat
BU19494403,0.22427511831163888,Water_En_Klimaatrisico,weighted_mean,Water & Klimaat
WK194945,0.26787223111201747,Water_En_Klimaatrisico,weighted_mean,Water & Klimaat
BU19494500,0.246141376847131,Water_En_Klimaatrisico,weighted_mean,Water & Klimaat
WK194946,0.2560748945636212,Water_En_Klimaatrisico,weighted_mean,Water & Klimaat
BU19494600,0.24988286356807135,Water_En_Klimaatrisico,weighted_mean,Water & Klimaat
WK194947,0.20653066604193177,Water_En_Klimaatrisico,weighted_mean,Water & Klimaat
BU19494700,0.33820066884026967,Water_En_Klimaatrisico,weighted_mean,Water & Klimaat
BU19494701,0.28623308487306315,Water_En_Klimaatrisico,weighted_mean,Water & Klimaat
WK194948,0.12821943400326133,Water_En_Klimaatrisico,weighted_mean,Water & Klimaat
BU19494800,0.2539060629195251,Water_En_Klimaatrisico,weighted_mean,Water & Klimaat
BU19494801,0.22990815076960244,Water_En_Klimaatrisico,weighted_mean,Water & Klimaat
WK194949,0.10991711942883425,Water_En_Klimaatrisico,weighted_mean,Water & Klimaat
BU19494900,0.2644420431018978,Water_En_Klimaatrisico,weighted_mean,Water & Klimaat
BU19494901,0.272492035755959,Water_En_Klimaatrisico,weighted_mean,Water & Klimaat
BU19494902,0.26171138631100044,Water_En_Klimaatrisico,weighted_mean,Water & Klimaat
WK194950,0.12581039476751948,Water_En_Klimaatrisico,weighted_mean,Water & Klimaat
BU19495000,0.21907030428624608,Water_En_Klimaatrisico,weighted_mean,Water & Klimaat
BU19495001,0.20196289788297928,Water_En_Klimaatrisico,weighted_mean,Water & Klimaat
WK194951,0.22276358241385297,Water_En_Klimaatrisico,weighted_mean,Water & Klimaat
BU19495100,0.25258152386068095,Water_En_Klimaatrisico,weighted_mean,Water & Klimaat
WK194952,0.253468638424868,Water_En_Klimaatrisico,weighted_mean,Water & Klimaat
BU19495200,0.2678441023755008,Water_En_Klimaatrisico,weighted_mean,Water & Klimaat
WK194953,0.12381738557524286,Water_En_Klimaatrisico,weighted_mean,Water & Klimaat
BU19495300,0.2264498171309151,Water_En_Klimaatrisico,weighted_mean,Water & Klimaat
BU19495301,0.2244165500666239,Water_En_Klimaatrisico,weighted_mean,Water & Klimaat
BU19495302,0.24161398660125416,Water_En_Klimaatrisico,weighted_mean,Water & Klimaat
WK194954,0.12217197249544548,Water_En_Klimaatrisico,weighted_mean,Water & Klimaat
BU19495400,0.2766757843122062,Water_En_Klimaatrisico,weighted_mean,Water & Klimaat
BU19495401,0.27120768248393035,Water_En_Klimaatrisico,weighted_mean,Water & Klimaat
WK194955,0.24111114463529257,Water_En_Klimaatrisico,weighted_mean,Water & Klimaat
BU19495500,0.23854210297585016,Water_En_Klimaatrisico,weighted_mean,Water & Klimaat
GM0098,0.12473178142465241,Water_En_Klimaatrisico,weighted_mean,Water & Klimaat
WK009800,0.12473178142465241,Water_En_Klimaatrisico,weighted_mean,Water & Klimaat
BU00980001,0.16845132114091782,Water_En_Klimaatrisico,weighted_mean,Water & Klimaat
BU00980002,0.24436374420374962,Water_En_Klimaatrisico,weighted_mean,Water & Klimaat
BU00980003,0.18967142008935428,Water_En_Klimaatrisico,weighted_mean,Water & Klimaat
BU00980004,0.21315248660219033,Water_En_Klimaatrisico,weighted_mean,Water & Klimaat
BU00980005,0.20329907996680976,Water_En_Klimaatrisico,weighted_mean,Water & Klimaat
BU00980006,0.2681489464378732,Water_En_Klimaatrisico,weighted_mean,Water & Klimaat
BU00980007,0.2899399976116285,Water_En_Klimaatrisico,weighted_mean,Water & Klimaat
BU00980008,0.20635311521221372,Water_En_Klimaatrisico,weighted_mean,Water & Klimaat
BU00980009,0.0925351844645224,Water_En_Klimaatrisico,weighted_mean,Water & Klimaat
BU00980010,0.23791640065522446,Water_En_Klimaatrisico,weighted_mean,Water & Klimaat
BU00980011,0.20319163839831755,Water_En_Klimaatrisico,weighted_mean,Water & Klimaat
BU00980012,0.17134572283629163,Water_En_Klimaatrisico,weighted_mean,Water & Klimaat
BU00980013,0.22665161782741167,Water_En_Klimaatrisico,weighted_mean,Water & Klimaat
BU00980014,0.2385296997677403,Water_En_Klimaatrisico,weighted_mean,Water & Klimaat
BU00980015,0.22546121010186565,Water_En_Klimaatrisico,weighted_mean,Water & Klimaat
BU00980016,0.29206764512417227,Water_En_Klimaatrisico,weighted_mean,Water & Klimaat
BU00980017,0.26188199814549956,Water_En_Klimaatrisico,weighted_mean,Water & Klimaat
BU00980018,0.11920304712604128,Water_En_Klimaatrisico,weighted_mean,Water & Klimaat
BU00980019,0.17314994770464653,Water_En_Klimaatrisico,weighted_mean,Water & Klimaat
BU00980020,0.12294356380959658,Water_En_Klimaatrisico,weighted_mean,Water & Klimaat
BU00980021,0.1250061804719114,Water_En_Klimaatrisico,weighted_mean,Water & Klimaat
WK009801,0.16810456773384547,Water_En_Klimaatrisico,weighted_mean,Water & Klimaat
BU00980101,0.13527473784319136,Water_En_Klimaatrisico,weighted_mean,Water & Klimaat
BU00980102,0.16029354532505563,Water_En_Klimaatrisico,weighted_mean,Water & Klimaat
BU00980103,0.2444694437211924,Water_En_Klimaatrisico,weighted_mean,Water & Klimaat
BU00980104,0.14860341285218584,Water_En_Klimaatrisico,weighted_mean,Water & Klimaat
WK009802,0.16950582573452394,Water_En_Klimaatrisico,weighted_mean,Water & Klimaat
BU00980201,0.16203463496691,Water_En_Klimaatrisico,weighted_mean,Water & Klimaat
BU00980202,0.1910556854739986,Water_En_Klimaatrisico,weighted_mean,Water & Klimaat
WK009803,0.12470913960006405,Water_En_Klimaatrisico,weighted_mean,Water & Klimaat
BU00980301,0.12579799669600505,Water_En_Klimaatrisico,weighted_mean,Water & Klimaat
BU00980302,0.22207510549893272,Water_En_Klimaatrisico,weighted_mean,Water & Klimaat
BU00980303,0.17611232152641482,Water_En_Klimaatrisico,weighted_mean,Water & Klimaat
BU00980304,0.17987540653164794,Water_En_Klimaatrisico,weighted_mean,Water & Klimaat
BU00980305,0.15017153602567435,Water_En_Klimaatrisico,weighted_mean,Water & Klimaat
WK009804,0.1317110138808093,Water_En_Klimaatrisico,weighted_mean,Water & Klimaat
BU00980401,0.0820330998160621,Water_En_Klimaatrisico,weighted_mean,Water & Klimaat
BU00980402,0.1959820750384605,Water_En_Klimaatrisico,weighted_mean,Water & Klimaat
BU00980403,0.1932676645383421,Water_En_Klimaatrisico,weighted_mean,Water & Klimaat
WK009805,0.12237339714460906,Water_En_Klimaatrisico,weighted_mean,Water & Klimaat
BU00980501,0.10977665051777383,Water_En_Klimaatrisico,weighted_mean,Water & Klimaat
BU00980502,0.11925277933555581,Water_En_Klimaatrisico,weighted_mean,Water & Klimaat
WK009806,0.10572645441869837,Water_En_Klimaatrisico,weighted_mean,Water & Klimaat
BU00980601,0.2983298075681588,Water_En_Klimaatrisico,weighted_mean,Water & Klimaat
BU00980602,0.15652826247629972,Water_En_Klimaatrisico,weighted_mean,Water & Klimaat
WK009807,0.11413036653374295,Water_En_Klimaatrisico,weighted_mean,Water & Klimaat
BU00980701,0.16081293744339564,Water_En_Klimaatrisico,weighted_mean,Water & Klimaat
BU00980702,0.11752288878500677,Water_En_Klimaatrisico,weighted_mean,Water & Klimaat
WK009808,0.1343059033858669,Water_En_Klimaatrisico,weighted_mean,Water & Klimaat
BU00980801,0.17640583502624751,Water_En_Klimaatrisico,weighted_mean,Water & Klimaat
BU00980802,0.0999739079898243,Water_En_Klimaatrisico,weighted_mean,Water & Klimaat
WK009809,0.12919523847163006,Water_En_Klimaatrisico,weighted_mean,Water & Klimaat
BU00980901,0.27337674983534954,Water_En_Klimaatrisico,weighted_mean,Water & Klimaat
BU00980902,0.0844823295469942,Water_En_Klimaatrisico,weighted_mean,Water & Klimaat
BU00980903,0.13679323099604462,Water_En_Klimaatrisico,weighted_mean,Water & Klimaat
WK009810,0.12514717487876936,Water_En_Klimaatrisico,weighted_mean,Water & Klimaat
BU00981001,0.1675245181489355,Water_En_Klimaatrisico,weighted_mean,Water & Klimaat
BU00981002,0.13092964329413528,Water_En_Klimaatrisico,weighted_mean,Water & Klimaat
BU00981003,0.12130393912638973,Water_En_Klimaatrisico,weighted_mean,Water & Klimaat
BU00981004,0.15600272187616804,Water_En_Klimaatrisico,weighted_mean,Water & Klimaat
BU00981005,0.15119561658540237,Water_En_Klimaatrisico,weighted_mean,Water & Klimaat
BU00981006,0.20496787103129682,Water_En_Klimaatrisico,weighted_mean,Water & Klimaat
BU00981007,0.18921748998208845,Water_En_Klimaatrisico,weighted_mean,Water & Klimaat
BU00981008,0.2395900138646327,Water_En_Klimaatrisico,weighted_mean,Water & Klimaat
BU00981009,0.1713730767901101,Water_En_Klimaatrisico,weighted_mean,Water & Klimaat
WK009811,0.11098033359789533,Water_En_Klimaatrisico,weighted_mean,Water & Klimaat
BU00981101,0.21847076024669915,Water_En_Klimaatrisico,weighted_mean,Water & Klimaat
BU00981102,0.18143224478146952,Water_En_Klimaatrisico,weighted_mean,Water & Klimaat
WK009812,0.15224242633550286,Water_En_Klimaatrisico,weighted_mean,Water & Klimaat
BU00981201,0.1513036323954882,Water_En_Klimaatrisico,weighted_mean,Water & Klimaat
WK009813,0.13757574221083751,Water_En_Klimaatrisico,weighted_mean,Water & Klimaat
BU00981301,0.10611070066670233,Water_En_Klimaatrisico,weighted_mean,Water & Klimaat
BU00981302,0.15316714479822596,Water_En_Klimaatrisico,weighted_mean,Water & Klimaat
WK009814,0.09089727317815849,Water_En_Klimaatrisico,weighted_mean,Water & Klimaat
BU00981401,0.22753601641087942,Water_En_Klimaatrisico,weighted_mean,Water & Klimaat
BU00981402,0.0915430787884667,Water_En_Klimaatrisico,weighted_mean,Water & Klimaat
WK009815,0.12258114852065913,Water_En_Klimaatrisico,weighted_mean,Water & Klimaat
BU00981501,0.31451033807614864,Water_En_Klimaatrisico,weighted_mean,Water & Klimaat
BU00981502,0.11631310775713502,Water_En_Klimaatrisico,weighted_mean,Water & Klimaat
GM0059,0.1288976815604575,Bereikbaarheid_Voorzieningen,entropy,Voorzieningen
WK005900,0.12512217140538764,Bereikbaarheid_Voorzieningen,entropy,Voorzieningen
BU00590000,0.08837781384026888,Bereikbaarheid_Voorzieningen,entropy,Voorzieningen
BU00590001,0.15009108566973114,Bereikbaarheid_Voorzieningen,entropy,Voorzieningen
BU00590002,0.09174531444072277,Bereikbaarheid_Voorzieningen,entropy,Voorzieningen
BU00590003,0.15061008187601163,Bereikbaarheid_Voorzieningen,entropy,Voorzieningen
BU00590004,0.2415452424744113,Bereikbaarheid_Voorzieningen,entropy,Voorzieningen
BU00590005,0.18389861199057725,Bereikbaarheid_Voorzieningen,entropy,Voorzieningen
BU00590006,0.18894963028013628,Bereikbaarheid_Voorzieningen,entropy,Voorzieningen
BU00590007,0.18499846249264043,Bereikbaarheid_Voorzieningen,entropy,Voorzieningen
BU00590008,0.24372730666179568,Bereikbaarheid_Voorzieningen,entropy,Voorzieningen
BU00590009,0.3123363421143154,Bereikbaarheid_Voorzieningen,entropy,Voorzieningen
WK005901,0.17921630219458357,Bereikbaarheid_Voorzieningen,entropy,Voorzieningen
BU00590100,0.26286037825012176,Bereikbaarheid_Voorzieningen,entropy,Voorzieningen
BU00590102,0.12539816301530027,Bereikbaarheid_Voorzieningen,entropy,Voorzieningen
BU00590103,0.20779598563220542,Bereikbaarheid_Voorzieningen,entropy,Voorzieningen
BU00590107,0.3484536554132467,Bereikbaarheid_Voorzieningen,entropy,Voorzieningen
BU00590108,0.18967928892983638,Bereikbaarheid_Voorzieningen,entropy,Voorzieningen
BU00590109,0.2946216641560119,Bereikbaarheid_Voorzieningen,entropy,Voorzieningen
WK005902,0.12285090683618927,Bereikbaarheid_Voorzieningen,entropy,Voorzieningen
BU00590200,0.09871009451061069,Bereikbaarheid_Voorzieningen,entropy,Voorzieningen
BU00590201,0.08346667093100102,Bereikbaarheid_Voorzieningen,entropy,Voorzieningen
BU00590202,0.22725693910762418,Bereikbaarheid_Voorzieningen,entropy,Voorzieningen
BU00590203,0.1585783561727544,Bereikbaarheid_Voorzieningen,entropy,Voorzieningen
BU00590206,0.18082719306968886,Bereikbaarheid_Voorzieningen,entropy,Voorzieningen
BU00590207,0.18089038565265425,Bereikbaarheid_Voorzieningen,entropy,Voorzieningen
BU00590208,0.28843139727356787,Bereikbaarheid_Voorzieningen,entropy,Voorzieningen
BU00590209,0.23062567682492255,Bereikbaarheid_Voorzieningen,entropy,Voorzieningen
GM0060,0.1038190933816053,Bereikbaarheid_Voorzieningen,entropy,Voorzieningen
WK006000,0.1038190933816053,Bereikbaarheid_Voorzieningen,entropy,Voorzieningen
BU00600000,0.051674695913404525,Bereikbaarheid_Voorzieningen,entropy,Voorzieningen
BU00600001,0.11430165817153996,Bereikbaarheid_Voorzieningen,entropy,Voorzieningen
BU00600002,0.13256870413259353,Bereikbaarheid_Voorzieningen,entropy,Voorzieningen
BU00600003,0.1284383442113162,Bereikbaarheid_Voorzieningen,entropy,Voorzieningen
BU00600007,0.2217163498474485,Bereikbaarheid_Voorzieningen,entropy,Voorzieningen
BU00600008,0.11150506417114978,Bereikbaarheid_Voorzieningen,entropy,Voorzieningen
BU00600009,0.17907701214930916,Bereikbaarheid_Voorzieningen,entropy,Voorzieningen
GM1891,0.11832645090919423,Bereikbaarheid_Voorzieningen,entropy,Voorzieningen
WK189100,0.11826104936185314,Bereikbaarheid_Voorzieningen,entropy,Voorzieningen
BU18910000,0.1075015457633978,Bereikbaarheid_Voorzieningen,entropy,Voorzieningen
BU18910001,0.13296820467464732,Bereikbaarheid_Voorzieningen,entropy,Voorzieningen
BU18910002,0.21055211266447138,Bereikbaarheid_Voorzieningen,entropy,Voorzieningen
BU18910008,0.2280496974959909,Bereikbaarheid_Voorzieningen,entropy,Voorzieningen
BU18910009,0.21470751784039707,Bereikbaarheid_Voorzieningen,entropy,Voorzieningen
WK189101,0.16999709126795468,Bereikbaarheid_Voorzieningen,entropy,Voorzieningen
BU18910100,0.17790993295886684,Bereikbaarheid_Voorzieningen,entropy,Voorzieningen
BU18910101,0.1399389008671605,Bereikbaarheid_Voorzieningen,entropy,Voorzieningen
BU18910108,0.3022044143280829,Bereikbaarheid_Voorzieningen,entropy,Voorzieningen
BU18910109,0.2566520389386169,Bereikbaarheid_Voorzieningen,entropy,Voorzieningen
WK189102,0.10325473327653471,Bereikbaarheid_Voorzieningen,entropy,Voorzieningen
BU18910200,0.10093614037139689,Bereikbaarheid_Voorzieningen,entropy,Voorzieningen
BU18910201,0.08887766811470227,Bereikbaarheid_Voorzieningen,entropy,Voorzieningen
BU18910202,0.24192258748440992,Bereikbaarheid_Voorzieningen,entropy,Voorzieningen
BU18910208,0.23157514899521464,Bereikbaarheid_Voorzieningen,entropy,Voorzieningen
BU18910209,0.2567998473816187,Bereikbaarheid_Voorzieningen,entropy,Voorzieningen
WK189103,0.16400548337649937,Bereikbaarheid_Voorzieningen,entropy,Voorzieningen
BU18910300,0.13735964768522105,Bereikbaarheid_Voorzieningen,entropy,Voorzieningen
BU18910301,0.2484518492712006,Bereikbaarheid_Voorzieningen,entropy,Voorzieningen
BU18910309,0.2595340424431402,Bereikbaarheid_Voorzieningen,entropy,Voorzieningen
GM1940,0.14920913014582513,Bereikbaarheid_Voorzieningen,entropy,Voorzieningen
WK194001,0.3074454534037927,Bereikbaarheid_Voorzieningen,entropy,Voorzieningen
BU19400101,0.3074454534037927,Bereikbaarheid_Voorzieningen,entropy,Voorzieningen
WK194002,0.0596696063461115,Bereikbaarheid_Voorzieningen,entropy,Voorzieningen
BU19400201,0.0596696063461115,Bereikbaarheid_Voorzieningen,entropy,Voorzieningen
WK194003,0.07587695716165076,Bereikbaarheid_Voorzieningen,entropy,Voorzieningen
BU19400301,0.07587695716165076,Bereikbaarheid_Voorzieningen,entropy,Voorzieningen
WK194004,0.37779319642058307,Bereikbaarheid_Voorzieningen,entropy,Voorzieningen
BU19400401,0.37779319642058307,Bereikbaarheid_Voorzieningen,entropy,Voorzieningen
WK194005,0.35341615799285686,Bereikbaarheid_Voorzieningen,entropy,Voorzieningen
BU19400501,0.35341615799285686,Bereikbaarheid_Voorzieningen,entropy,Voorzieningen
WK194006,0.245757414592774,Bereikbaarheid_Voorzieningen,entropy,Voorzieningen
BU19400601,0.245757414592774,Bereikbaarheid_Voorzieningen,entropy,Voorzieningen
WK194007,0.1201140649727304,Bereikbaarheid_Voorzieningen,entropy,Voorzieningen
BU19400701,0.052148909023591705,Bereikbaarheid_Voorzieningen,entropy,Voorzieningen
BU19400702,0.22526191239710316,Bereikbaarheid_Voorzieningen,entropy,Voorzieningen
WK194008,0.23185294325409905,Bereikbaarheid_Voorzieningen,entropy,Voorzieningen
BU19400801,0.23185294325409905,Bereikbaarheid_Voorzieningen,entropy,Voorzieningen
WK194009,0.2773699918066385,Bereikbaarheid_Voorzieningen,entropy,Voorzieningen
BU19400901,0.2773699918066385,Bereikbaarheid_Voorzieningen,entropy,Voorzieningen
WK194010,0.19817298765229,Bereikbaarheid_Voorzieningen,entropy,Voorzieningen
BU19401001,0.19817298765229,Bereikbaarheid_Voorzieningen,entropy,Voorzieningen
WK194011,0.060644377423145705,Bereikbaarheid_Voorzieningen,entropy,Voorzieningen
BU19401101,0.16864795904067056,Bereikbaarheid_Voorzieningen,entropy,Voorzieningen
BU19401102,0.03956996267333651,Bereikbaarheid_Voorzieningen,entropy,Voorzieningen
WK194012,0.23168064950819822,Bereikbaarheid_Voorzieningen,entropy,Voorzieningen
BU19401201,0.23168064950819822,Bereikbaarheid_Voorzieningen,entropy,Voorzieningen
WK194013,0.36858061426547645,Bereikbaarheid_Voorzieningen,entropy,Voorzieningen
BU19401301,0.36858061426547645,Bereikbaarheid_Voorzieningen,entropy,Voorzieningen
WK194014,0.3440420020222053,Bereikbaarheid_Voorzieningen,entropy,Voorzieningen
BU19401401,0.3440420020222053,Bereikbaarheid_Voorzieningen,entropy,Voorzieningen
WK194015,0.32873475829804377,Bereikbaarheid_Voorzieningen,entropy,Voorzieningen
BU19401501,0.32873475829804377,Bereikbaarheid_Voorzieningen,entropy,Voorzieningen
WK194016,0.22833165952802592,Bereikbaarheid_Voorzieningen,entropy,Voorzieningen
BU19401601,0.22833165952802592,Bereikbaarheid_Voorzieningen,entropy,Voorzieningen
WK194017,0.20890729031297214,Bereikbaarheid_Voorzieningen,entropy,Voorzieningen
BU19401701,0.20890729031297214,Bereikbaarheid_Voorzieningen,entropy,Voorzieningen
WK194018,0.27836036135768094,Bereikbaarheid_Voorzieningen,entropy,Voorzieningen
BU19401801,0.27836036135768094,Bereikbaarheid_Voorzieningen,entropy,Voorzieningen
WK194019,0.1420487763167977,Bereikbaarheid_Voorzieningen,entropy,Voorzieningen
BU19401901,0.11754005297356389,Bereikbaarheid_Voorzieningen,entropy,Voorzieningen
BU19401902,0.32390771813778674,Bereikbaarheid_Voorzieningen,entropy,Voorzieningen
BU19401903,0.10672739717530402,Bereikbaarheid_Voorzieningen,entropy,Voorzieningen
BU19401904,0.14564826424009147,Bereikbaarheid_Voorzieningen,entropy,Voorzieningen
BU19401905,0.19314268937607,Bereikbaarheid_Voorzieningen,entropy,Voorzieningen
BU19401906,0.17273507790766368,Bereikbaarheid_Voorzieningen,entropy,Voorzieningen
BU19401907,0.1258522697710448,Bereikbaarheid_Voorzieningen,entropy,Voorzieningen
BU19401908,0.2090391611889022,Bereikbaarheid_Voorzieningen,entropy,Voorzieningen
BU19401909,0.23039801082974448,Bereikbaarheid_Voorzieningen,entropy,Voorzieningen
BU19401910,0.13699096563713994,Bereikbaarheid_Voorzieningen,entropy,Voorzieningen
WK194020,0.2957260030892791,Bereikbaarheid_Voorzieningen,entropy,Voorzieningen
BU19402001,0.2957260030892791,Bereikbaarheid_Voorzieningen,entropy,Voorzieningen
WK194021,0.135281128209629,Bereikbaarheid_Voorzieningen,entropy,Voorzieningen
BU19402101,0.135281128209629,Bereikbaarheid_Voorzieningen,entropy,Voorzieningen
WK194022,0.27232275825586993,Bereikbaarheid_Voorzieningen,entropy,Voorzieningen
BU19402201,0.27232275825586993,Bereikbaarheid_Voorzieningen,entropy,Voorzieningen
WK194023,0.11549468609032265,Bereikbaarheid_Voorzieningen,entropy,Voorzieningen
BU19402301,0.39726077765330375,Bereikbaarheid_Voorzieningen,entropy,Voorzieningen
BU19402302,0.1566228216833993,Bereikbaarheid_Voorzieningen,entropy,Voorzieningen
BU19402303,0.08757906636289017,Bereikbaarheid_Voorzieningen,entropy,Voorzieningen
BU19402304,0.08752812218826364,Bereikbaarheid_Voorzieningen,entropy,Voorzieningen
BU19402305,0.11439342914262984,Bereikbaarheid_Voorzieningen,entropy,Voorzieningen
BU19402306,0.08419817437440842,Bereikbaarheid_Voorzieningen,entropy,Voorzieningen
BU19402307,0.09544889737056819,Bereikbaarheid_Voorzieningen,entropy,Voorzieningen
BU19402308,0.18138090323634037,Bereikbaarheid_Voorzieningen,entropy,Voorzieningen
WK194024,0.13373204190686963,Bereikbaarheid_Voorzieningen,entropy,Voorzieningen
BU19402401,0.13373204190686963,Bereikbaarheid_Voorzieningen,entropy,Voorzieningen
WK194025,0.19675214487299486,Bereikbaarheid_Voorzieningen,entropy,Voorzieningen
BU19402501,0.19675214487299486,Bereikbaarheid_Voorzieningen,entropy,Voorzieningen
WK194026,0.27099472802211927,Bereikbaarheid_Voorzieningen,entropy,Voorzieningen
BU19402601,0.27099472802211927,Bereikbaarheid_Voorzieningen,entropy,Voorzieningen
WK194027,0.3595464969170349,Bereikbaarheid_Voorzieningen,entropy,Voorzieningen
BU19402701,0.3595464969170349,Bereikbaarheid_Voorzieningen,entropy,Voorzieningen
WK194028,0.18412028854308432,Bereikbaarheid_Voorzieningen,entropy,Voorzieningen
BU19402801,0.24578526104643938,Bereikbaarheid_Voorzieningen,entropy,Voorzieningen
BU19402802,0.14974195061669354,Bereikbaarheid_Voorzieningen,entropy,Voorzieningen
WK194029,0.25594583823376493,Bereikbaarheid_Voorzieningen,entropy,Voorzieningen
BU19402901,0.25594583823376493,Bereikbaarheid_Voorzieningen,entropy,Voorzieningen
WK194030,0.06275548400759388,Bereikbaarheid_Voorzieningen,entropy,Voorzieningen
BU19403001,0.06275548400759388,Bereikbaarheid_Voorzieningen,entropy,Voorzieningen
WK194031,0.28064460556917065,Bereikbaarheid_Voorzieningen,entropy,Voorzieningen
BU19403101,0.28064460556917065,Bereikbaarheid_Voorzieningen,entropy,Voorzieningen
WK194032,0.20522757100984365,Bereikbaarheid_Voorzieningen,entropy,Voorzieningen
BU19403201,0.20522757100984365,Bereikbaarheid_Voorzieningen,entropy,Voorzieningen
WK194033,0.27192267621061283,Bereikbaarheid_Voorzieningen,entropy,Voorzieningen
BU19403301,0.27192267621061283,Bereikbaarheid_Voorzieningen,entropy,Voorzieningen
WK194034,0.23865450143501335,Bereikbaarheid_Voorzieningen,entropy,Voorzieningen
BU19403401,0.23865450143501335,Bereikbaarheid_Voorzieningen,entropy,Voorzieningen
WK194035,0.25465647418951093,Bereikbaarheid_Voorzieningen,entropy,Voorzieningen
BU19403501,0.25465647418951093,Bereikbaarheid_Voorzieningen,entropy,Voorzieningen
WK194036,0.43061005026236454,Bereikbaarheid_Voorzieningen,entropy,Voorzieningen
BU19403601,0.43061005026236454,Bereikbaarheid_Voorzieningen,entropy,Voorzieningen
WK194037,0.12171376974922696,Bereikbaarheid_Voorzieningen,entropy,Voorzieningen
BU19403701,0.12171376974922696,Bereikbaarheid_Voorzieningen,entropy,Voorzieningen
WK194038,0.22760025166467612,Bereikbaarheid_Voorzieningen,entropy,Voorzieningen
BU19403801,0.22760025166467612,Bereikbaarheid_Voorzieningen,entropy,Voorzieningen
WK194039,0.21294651577441784,Bereikbaarheid_Voorzieningen,entropy,Voorzieningen
BU19403901,0.21294651577441784,Bereikbaarheid_Voorzieningen,entropy,Voorzieningen
WK194040,0.17318486153918522,Bereikbaarheid_Voorzieningen,entropy,Voorzieningen
BU19404001,0.17318486153918522,Bereikbaarheid_Voorzieningen,entropy,Voorzieningen
WK194041,0.07933911494449956,Bereikbaarheid_Voorzieningen,entropy,Voorzieningen
BU19404101,0.07933911494449956,Bereikbaarheid_Voorzieningen,entropy,Voorzieningen
WK194042,0.09565822711708569,Bereikbaarheid_Voorzieningen,entropy,Voorzieningen
BU19404201,0.09565822711708569,Bereikbaarheid_Voorzieningen,entropy,Voorzieningen
WK194043,0.1476030509388794,Bereikbaarheid_Voorzieningen,entropy,Voorzieningen
BU19404301,0.1476030509388794,Bereikbaarheid_Voorzieningen,entropy,Voorzieningen
WK194044,0.24852200681932468,Bereikbaarheid_Voorzieningen,entropy,Voorzieningen
BU19404401,0.24852200681932468,Bereikbaarheid_Voorzieningen,entropy,Voorzieningen
WK194045,0.31166900345506365,Bereikbaarheid_Voorzieningen,entropy,Voorzieningen
BU19404501,0.31166900345506365,Bereikbaarheid_Voorzieningen,entropy,Voorzieningen
WK194046,0.20619131689950487,Bereikbaarheid_Voorzieningen,entropy,Voorzieningen
BU19404601,0.20619131689950487,Bereikbaarheid_Voorzieningen,entropy,Voorzieningen
WK194047,0.28132176965309685,Bereikbaarheid_Voorzieningen,entropy,Voorzieningen
BU19404701,0.28132176965309685,Bereikbaarheid_Voorzieningen,entropy,Voorzieningen
WK194048,0.36558497953259417,Bereikbaarheid_Voorzieningen,entropy,Voorzieningen
BU19404801,0.36558497953259417,Bereikbaarheid_Voorzieningen,entropy,Voorzieningen
WK194049,0.30737061958564676,Bereikbaarheid_Voorzieningen,entropy,Voorzieningen
BU19404901,0.30737061958564676,Bereikbaarheid_Voorzieningen,entropy,Voorzieningen
WK194050,0.47399499305192494,Bereikbaarheid_Voorzieningen,entropy,Voorzieningen
BU19405001,0.47399499305192494,Bereikbaarheid_Voorzieningen,entropy,Voorzieningen
WK194051,0.1961209285731618,Bereikbaarheid_Voorzieningen,entropy,Voorzieningen
BU19405101,0.1961209285731618,Bereikbaarheid_Voorzieningen,entropy,Voorzieningen
GM0072,0.13199661288478365,Bereikbaarheid_Voorzieningen,entropy,Voorzieningen
WK007200,0.123397049478678,Bereikbaarheid_Voorzieningen,entropy,Voorzieningen
BU00720001,0.140394512894867,Bereikbaarheid_Voorzieningen,entropy,Voorzieningen
BU00720002,0.14216010069364635,Bereikbaarheid_Voorzieningen,entropy,Voorzieningen
BU00720003,0.12385459676229088,Bereikbaarheid_Voorzieningen,entropy,Voorzieningen
BU00720004,0.11958284586439759,Bereikbaarheid_Voorzieningen,entropy,Voorzieningen
BU00720005,0.1918502487027911,Bereikbaarheid_Voorzieningen,entropy,Voorzieningen
BU00720006,0.10489781427481322,Bereikbaarheid_Voorzieningen,entropy,Voorzieningen
BU00720007,0.2735599509667298,Bereikbaarheid_Voorzieningen,entropy,Voorzieningen
BU00720009,0.24604007801014557,Bereikbaarheid_Voorzieningen,entropy,Voorzieningen
WK007201,0.12667682825197077,Bereikbaarheid_Voorzieningen,entropy,Voorzieningen
BU00720100,0.1145280169761025,Bereikbaarheid_Voorzieningen,entropy,Voorzieningen
BU00720109,0.17263607525919972,Bereikbaarheid_Voorzieningen,entropy,Voorzieningen
WK007202,0.3523491974745672,Bereikbaarheid_Voorzieningen,entropy,Voorzieningen
BU00720200,0.3562826575892092,Bereikbaarheid_Voorzieningen,entropy,Voorzieningen
BU00720209,0.3378745639232641,Bereikbaarheid_Voorzieningen,entropy,Voorzieningen
GM0074,0.19164268726549455,Bereikbaarheid_Voorzieningen,entropy,Voorzieningen
WK007401,0.20054442198804845,Bereikbaarheid_Voorzieningen,entropy,Voorzieningen
BU00740100,0.1951153511642639,Bereikbaarheid_Voorzieningen,entropy,Voorzieningen
BU00740101,0.21433129428495565,Bereikbaarheid_Voorzieningen,entropy,Voorzieningen
BU00740102,0.2537603132862372,Bereikbaarheid_Voorzieningen,entropy,Voorzieningen
BU00740103,0.18131254223948262,Bereikbaarheid_Voorzieningen,entropy,Voorzieningen
BU00740104,0.18003024308277416,Bereikbaarheid_Voorzieningen,entropy,Voorzieningen
BU00740105,0.24530886772443788,Bereikbaarheid_Voorzieningen,entropy,Voorzieningen
BU00740106,0.1591423302351773,Bereikbaarheid_Voorzieningen,entropy,Voorzieningen
BU00740107,0.21562484687828506,Bereikbaarheid_Voorzieningen,entropy,Voorzieningen
BU00740108,0.22972531087494674,Bereikbaarheid_Voorzieningen,entropy,Voorzieningen
BU00740109,0.23692576460881437,Bereikbaarheid_Voorzieningen,entropy,Voorzieningen
BU00740110,0.2120244849945948,Bereikbaarheid_Voorzieningen,entropy,Voorzieningen
WK007402,0.28057461539641365,Bereikbaarheid_Voorzieningen,entropy,Voorzieningen
BU00740201,0.350739449068635,Bereikbaarheid_Voorzieningen,entropy,Voorzieningen
BU00740202,0.2895595335165717,Bereikbaarheid_Voorzieningen,entropy,Voorzieningen
BU00740203,0.24644827974590863,Bereikbaarheid_Voorzieningen,entropy,Voorzieningen
BU00740204,0.31020021731305325,Bereikbaarheid_Voorzieningen,entropy,Voorzieningen
BU00740205,0.33128600745000264,Bereikbaarheid_Voorzieningen,entropy,Voorzieningen
WK007403,0.19817703773541648,Bereikbaarheid_Voorzieningen,entropy,Voorzieningen
BU00740301,0.1717296151400212,Bereikbaarheid_Voorzieningen,entropy,Voorzieningen
BU00740302,0.2731951065449999,Bereikbaarheid_Voorzieningen,entropy,Voorzieningen
WK007404,0.15771463986773773,Bereikbaarheid_Voorzieningen,entropy,Voorzieningen
BU00740401,0.1852026006260561,Bereikbaarheid_Voorzieningen,entropy,Voorzieningen
BU00740402,0.28479777568208386,Bereikbaarheid_Voorzieningen,entropy,Voorzieningen
BU00740403,0.25003576124232163,Bereikbaarheid_Voorzieningen,entropy,Voorzieningen
BU00740404,0.05747820206484825,Bereikbaarheid_Voorzieningen,entropy,Voorzieningen
BU00740405,0.1732117379418806,Bereikbaarheid_Voorzieningen,entropy,Voorzieningen
BU00740406,0.12209436709461698,Bereikbaarheid_Voorzieningen,entropy,Voorzieningen
BU00740407,0.24434059451192333,Bereikbaarheid_Voorzieningen,entropy,Voorzieningen
WK007406,0.18615430453125165,Bereikbaarheid_Voorzieningen,entropy,Voorzieningen
BU00740601,0.18615430453125165,Bereikbaarheid_Voorzieningen,entropy,Voorzieningen
WK007407,0.38580591515584894,Bereikbaarheid_Voorzieningen,entropy,Voorzieningen
BU00740701,0.410836180884407,Bereikbaarheid_Voorzieningen,entropy,Voorzieningen
BU00740702,0.3486958545982529,Bereikbaarheid_Voorzieningen,entropy,Voorzieningen
WK007409,0.1262942882257388,Bereikbaarheid_Voorzieningen,entropy,Voorzieningen
BU00740901,0.07663771624011198,Bereikbaarheid_Voorzieningen,entropy,Voorzieningen
BU00740902,0.13649064562994698,Bereikbaarheid_Voorzieningen,entropy,Voorzieningen
BU00740903,0.23183454774493967,Bereikbaarheid_Voorzieningen,entropy,Voorzieningen
GM0080,0.19444854788286103,Bereikbaarheid_Voorzieningen,entropy,Voorzieningen
WK008010,0.2968477943960868,Bereikbaarheid_Voorzieningen,entropy,Voorzieningen
BU00801001,0.2968398622725738,Bereikbaarheid_Voorzieningen,entropy,Voorzieningen
BU00801002,0.29290710491114785,Bereikbaarheid_Voorzieningen,entropy,Voorzieningen
BU00801003,0.28123391319109636,Bereikbaarheid_Voorzieningen,entropy,Voorzieningen
BU00801004,0.2738245402454252,Bereikbaarheid_Voorzieningen,entropy,Voorzieningen
BU00801005,0.29319154074137854,Bereikbaarheid_Voorzieningen,entropy,Voorzieningen
BU00801006,0.3298082727024245,Bereikbaarheid_Voorzieningen,entropy,Voorzieningen
BU00801007,0.31512147006786034,Bereikbaarheid_Voorzieningen,entropy,Voorzieningen
BU00801008,0.3102284003699941,Bereikbaarheid_Voorzieningen,entropy,Voorzieningen
WK008011,0.24791335810348172,Bereikbaarheid_Voorzieningen,entropy,Voorzieningen
BU00801101,0.3360772582609941,Bereikbaarheid_Voorzieningen,entropy,Voorzieningen
BU00801102,0.32297931707233773,Bereikbaarheid_Voorzieningen,entropy,Voorzieningen
BU00801103,0.25481591411663795,Bereikbaarheid_Voorzieningen,entropy,Voorzieningen
BU00801104,0.21830441689555785,Bereikbaarheid_Voorzieningen,entropy,Voorzieningen
BU00801105,0.16662326717460219,Bereikbaarheid_Voorzieningen,entropy,Voorzieningen
BU00801106,0.21946358067595878,Bereikbaarheid_Voorzieningen,entropy,Voorzieningen
BU00801107,0.260610519107819,Bereikbaarheid_Voorzieningen,entropy,Voorzieningen
BU00801108,0.22730415604858292,Bereikbaarheid_Voorzieningen,entropy,Voorzieningen
BU00801109,0.22731754649741315,Bereikbaarheid_Voorzieningen,entropy,Voorzieningen
WK008020,0.2638413932602416,Bereikbaarheid_Voorzieningen,entropy,Voorzieningen
BU00802001,0.26011180456679983,Bereikbaarheid_Voorzieningen,entropy,Voorzieningen
BU00802002,0.2389874879173254,Bereikbaarheid_Voorzieningen,entropy,Voorzieningen
BU00802003,0.28893381160388104,Bereikbaarheid_Voorzieningen,entropy,Voorzieningen
BU00802004,0.24188254645257184,Bereikbaarheid_Voorzieningen,entropy,Voorzieningen
BU00802005,0.2398267012667738,Bereikbaarheid_Voorzieningen,entropy,Voorzieningen
BU00802006,0.3059634418621996,Bereikbaarheid_Voorzieningen,entropy,Voorzieningen
BU00802007,0.24742364440642106,Bereikbaarheid_Voorzieningen,entropy,Voorzieningen
BU00802008,0.2965246651066455,Bereikbaarheid_Voorzieningen,entropy,Voorzieningen
BU00802009,0.2675435697444574,Bereikbaarheid_Voorzieningen,entropy,Voorzieningen
WK008030,0.241925557135806,Bereikbaarheid_Voorzieningen,entropy,Voorzieningen
BU00803001,0.26726442060368166,Bereikbaarheid_Voorzieningen,entropy,Voorzieningen
BU00803002,0.2220420355996473,Bereikbaarheid_Voorzieningen,entropy,Voorzieningen
BU00803003,0.25205175699189014,Bereikbaarheid_Voorzieningen,entropy,Voorzieningen
BU00803004,0.25545795199075216,Bereikbaarheid_Voorzieningen,entropy,Voorzieningen
BU00803005,0.2345426269339294,Bereikbaarheid_Voorzieningen,entropy,Voorzieningen
BU00803006,0.2227914183517707,Bereikbaarheid_Voorzieningen,entropy,Voorzieningen
BU00803007,0.21772513837419,Bereikbaarheid_Voorzieningen,entropy,Voorzieningen
WK008031,0.21409319181894637,Bereikbaarheid_Voorzieningen,entropy,Voorzieningen
BU00803101,0.21409319181894637,Bereikbaarheid_Voorzieningen,entropy,Voorzieningen
BU00803102,0.2361740342695095,Bereikbaarheid_Voorzieningen,entropy,Voorzieningen
WK008032,0.2612796041631274,Bereikbaarheid_Voorzieningen,entropy,Voorzieningen
BU00803201,0.2549162267664989,Bereikbaarheid_Voorzieningen,entropy,Voorzieningen
BU00803202,0.2517544414417549,Bereikbaarheid_Voorzieningen,entropy,Voorzieningen
BU00803203,0.25957041886429183,Bereikbaarheid_Voorzieningen,entropy,Voorzieningen
BU00803204,0.28743720498382275,Bereikbaarheid_Voorzieningen,entropy,Voorzieningen
WK008040,0.23600570526239464,Bereikbaarheid_Voorzieningen,entropy,Voorzieningen
BU00804001,0.2627401363125488,Bereikbaarheid_Voorzieningen,entropy,Voorzieningen
BU00804002,0.22358470887171158,Bereikbaarheid_Voorzieningen,entropy,Voorzieningen
BU00804003,0.22274328749708516,Bereikbaarheid_Voorzieningen,entropy,Voorzieningen
BU00804004,0.2196639364526838,Bereikbaarheid_Voorzieningen,entropy,Voorzieningen
WK008041,0.18449247495303753,Bereikbaarheid_Voorzieningen,entropy,Voorzieningen
BU00804101,0.18340637949915467,Bereikbaarheid_Voorzieningen,entropy,Voorzieningen
BU00804102,0.27331204327154374,Bereikbaarheid_Voorzieningen,entropy,Voorzieningen
BU00804103,0.24456291563397325,Bereikbaarheid_Voorzieningen,entropy,Voorzieningen
BU00804104,0.2615802640984243,Bereikbaarheid_Voorzieningen,entropy,Voorzieningen
BU00804105,0.24106156982011423,Bereikbaarheid_Voorzieningen,entropy,Voorzieningen
BU00804106,0.2735599509667298,Bereikbaarheid_Voorzieningen,entropy,Voorzieningen
BU00804107,0.2735599509667298,Bereikbaarheid_Voorzieningen,entropy,Voorzieningen
BU00804108,0.2735599509667298,Bereikbaarheid_Voorzieningen,entropy,Voorzieningen
BU00804109,0.22478505803151894,Bereikbaarheid_Voorzieningen,entropy,Voorzieningen
BU00804110,0.27547485237836966,Bereikbaarheid_Voorzieningen,entropy,Voorzieningen
WK008050,0.20072697220478494,Bereikbaarheid_Voorzieningen,entropy,Voorzieningen
BU00805001,0.19998207831254738,Bereikbaarheid_Voorzieningen,entropy,Voorzieningen
BU00805002,0.20400042006024346,Bereikbaarheid_Voorzieningen,entropy,Voorzieningen
BU00805003,0.24077068820203074,Bereikbaarheid_Voorzieningen,entropy,Voorzieningen
WK008051,0.12108056577238577,Bereikbaarheid_Voorzieningen,entropy,Voorzieningen
BU00805101,0.13164051654154385,Bereikbaarheid_Voorzieningen,entropy,Voorzieningen
BU00805102,0.1064722169801271,Bereikbaarheid_Voorzieningen,entropy,Voorzieningen
BU00805103,0.1057854952649336,Bereikbaarheid_Voorzieningen,entropy,Voorzieningen
BU00805104,0.26698229520362055,Bereikbaarheid_Voorzieningen,entropy,Voorzieningen
BU00805105,0.4009307868667083,Bereikbaarheid_Voorzieningen,entropy,Voorzieningen
WK008060,0.21612111543447213,Bereikbaarheid_Voorzieningen,entropy,Voorzieningen
BU00806001,0.21555656236591364,Bereikbaarheid_Voorzieningen,entropy,Voorzieningen
BU00806002,0.21916439200823667,Bereikbaarheid_Voorzieningen,entropy,Voorzieningen
BU00806003,0.23748207478467598,Bereikbaarheid_Voorzieningen,entropy,Voorzieningen
WK008061,0.20886360375068802,Bereikbaarheid_Voorzieningen,entropy,Voorzieningen
BU00806101,0.21350908722302447,Bereikbaarheid_Voorzieningen,entropy,Voorzieningen
BU00806102,0.19914973110192524,Bereikbaarheid_Voorzieningen,entropy,Voorzieningen
WK008062,0.18474840246891486,Bereikbaarheid_Voorzieningen,entropy,Voorzieningen
BU00806201,0.1394357772720392,Bereikbaarheid_Voorzieningen,entropy,Voorzieningen
BU00806202,0.1898045422978046,Bereikbaarheid_Voorzieningen,entropy,Voorzieningen
BU00806203,0.25644904147781306,Bereikbaarheid_Voorzieningen,entropy,Voorzieningen
BU00806204,0.2272997845657114,Bereikbaarheid_Voorzieningen,entropy,Voorzieningen
BU00806205,0.2351963951031704,Bereikbaarheid_Voorzieningen,entropy,Voorzieningen
BU00806206,0.266959017537776,Bereikbaarheid_Voorzieningen,entropy,Voorzieningen
BU00806207,0.17772685529973303,Bereikbaarheid_Voorzieningen,entropy,Voorzieningen
BU00806208,0.24495398255626274,Bereikbaarheid_Voorzieningen,entropy,Voorzieningen
BU00806209,0.10986395050263638,Bereikbaarheid_Voorzieningen,entropy,Voorzieningen
BU00806210,0.1999993926334897,Bereikbaarheid_Voorzieningen,entropy,Voorzieningen
WK008063,0.11880250881308868,Bereikbaarheid_Voorzieningen,entropy,Voorzieningen
BU00806301,0.10644259674572314,Bereikbaarheid_Voorzieningen,entropy,Voorzieningen
BU00806302,0.2617200635156931,Bereikbaarheid_Voorzieningen,entropy,Voorzieningen
BU00806303,0.21175428849598585,Bereikbaarheid_Voorzieningen,entropy,Voorzieningen
BU00806304,0.24172284263082242,Bereikbaarheid_Voorzieningen,entropy,Voorzieningen
BU00806305,0.1308921766499203,Bereikbaarheid_Voorzieningen,entropy,Voorzieningen
BU00806306,0.20659124034060342,Bereikbaarheid_Voorzieningen,entropy,Voorzieningen
BU00806307,0.27291280456253786,Bereikbaarheid_Voorzieningen,entropy,Voorzieningen
WK008070,0.1306401033610658,Bereikbaarheid_Voorzieningen,entropy,Voorzieningen
BU00807001,0.09304137095268868,Bereikbaarheid_Voorzieningen,entropy,Voorzieningen
BU00807002,0.14565541986166097,Bereikbaarheid_Voorzieningen,entropy,Voorzieningen
BU00807003,0.19092811772875629,Bereikbaarheid_Voorzieningen,entropy,Voorzieningen
BU00807004,0.23691096771435455,Bereikbaarheid_Voorzieningen,entropy,Voorzieningen
WK008071,0.20204961528304394,Bereikbaarheid_Voorzieningen,entropy,Voorzieningen
BU00807101,0.20204961528304394,Bereikbaarheid_Voorzieningen,entropy,Voorzieningen
WK008072,0.18947469436699205,Bereikbaarheid_Voorzieningen,entropy,Voorzieningen
BU00807201,0.1978251676434853,Bereikbaarheid_Voorzieningen,entropy,Voorzieningen
BU00807202,0.2266515633462405,Bereikbaarheid_Voorzieningen,entropy,Voorzieningen
BU00807203,0.18411393723682198,Bereikbaarheid_Voorzieningen,entropy,Voorzieningen
WK008073,0.16477769807656617,Bereikbaarheid_Voorzieningen,entropy,Voorzieningen
BU00807301,0.14970818846908465,Bereikbaarheid_Voorzieningen,entropy,Voorzieningen
BU00807302,0.20490267759665381,Bereikbaarheid_Voorzieningen,entropy,Voorzieningen
BU00807303,0.23431084370868793,Bereikbaarheid_Voorzieningen,entropy,Voorzieningen
BU00807304,0.27547485237836966,Bereikbaarheid_Voorzieningen,entropy,Voorzieningen
BU00807305,0.14550977124204545,Bereikbaarheid_Voorzieningen,entropy,Voorzieningen
BU00807306,0.12206852820180339,Bereikbaarheid_Voorzieningen,entropy,Voorzieningen
WK008074,0.2354599731546199,Bereikbaarheid_Voorzieningen,entropy,Voorzieningen
BU00807401,0.25831981902039214,Bereikbaarheid_Voorzieningen,entropy,Voorzieningen
BU00807402,0.18924297375636762,Bereikbaarheid_Voorzieningen,entropy,Voorzieningen
BU00807403,0.1827619358752443,Bereikbaarheid_Voorzieningen,entropy,Voorzieningen
BU00807404,0.20555943554885153,Bereikbaarheid_Voorzieningen,entropy,Voorzieningen
BU00807405,0.15267558683291702,Bereikbaarheid_Voorzieningen,entropy,Voorzieningen
WK008080,0.09600127210455879,Bereikbaarheid_Voorzieningen,entropy,Voorzieningen
BU00808001,0.08191965961780331,Bereikbaarheid_Voorzieningen,entropy,Voorzieningen
BU00808002,0.15126752287854642,Bereikbaarheid_Voorzieningen,entropy,Voorzieningen
BU00808003,0.1825849201866056,Bereikbaarheid_Voorzieningen,entropy,Voorzieningen
BU00808004,0.046663072468392644,Bereikbaarheid_Voorzieningen,entropy,Voorzieningen
BU00808005,0.1693238364860777,Bereikbaarheid_Voorzieningen,entropy,Voorzieningen
BU00808006,0.25718379385348034,Bereikbaarheid_Voorzieningen,entropy,Voorzieningen
BU00808007,0.16881702013910138,Bereikbaarheid_Voorzieningen,entropy,Voorzieningen
BU00808008,0.2843773475329804,Bereikbaarheid_Voorzieningen,entropy,Voorzieningen
WK008081,0.2004890121933948,Bereikbaarheid_Voorzieningen,entropy,Voorzieningen
BU00808101,0.06871535930135911,Bereikbaarheid_Voorzieningen,entropy,Voorzieningen
BU00808102,0.17105744673125897,Bereikbaarheid_Voorzieningen,entropy,Voorzieningen
BU00808103,0.15421860318645358,Bereikbaarheid_Voorzieningen,entropy,Voorzieningen
BU00808104,0.2067258118892862,Bereikbaarheid_Voorzieningen,entropy,Voorzieningen
BU00808105,0.15471893248218246,Bereikbaarheid_Voorzieningen,entropy,Voorzieningen
BU00808106,0.1965564464275773,Bereikbaarheid_Voorzieningen,entropy,Voorzieningen
BU00808107,0.29758739096830816,Bereikbaarheid_Voorzieningen,entropy,Voorzieningen
BU00808108,0.29274950755248513,Bereikbaarheid_Voorzieningen,entropy,Voorzieningen
BU00808109,0.3373198662098302,Bereikbaarheid_Voorzieningen,entropy,Voorzieningen
BU00808110,0.3495365528312353,Bereikbaarheid_Voorzieningen,entropy,Voorzieningen
BU00808111,0.4092875919183993,Bereikbaarheid_Voorzieningen,entropy,Voorzieningen
BU00808112,0.4436575593731995,Bereikbaarheid_Voorzieningen,entropy,Voorzieningen
BU00808113,0.27483641649829865,Bereikbaarheid_Voorzieningen,entropy,Voorzieningen
BU00808114,0.21903285655041363,Bereikbaarheid_Voorzieningen,entropy,Voorzieningen
BU00808115,0.1357289162286909,Bereikbaarheid_Voorzieningen,entropy,Voorzieningen
BU00808116,0.2074796254518192,Bereikbaarheid_Voorzieningen,entropy,Voorzieningen
BU00808117,0.27177266256002597,Bereikbaarheid_Voorzieningen,entropy,Voorzieningen
WK008082,0.1222689838199611,Bereikbaarheid_Voorzieningen,entropy,Voorzieningen
BU00808201,0.17268235815573743,Bereikbaarheid_Voorzieningen,entropy,Voorzieningen
BU00808202,0.26824978325664867,Bereikbaarheid_Voorzieningen,entropy,Voorzieningen
BU00808203,0.2948564652274745,Bereikbaarheid_Voorzieningen,entropy,Voorzieningen
BU00808204,0.30231343748179573,Bereikbaarheid_Voorzieningen,entropy,Voorzieningen
BU00808205,0.3694176182218675,Bereikbaarheid_Voorzieningen,entropy,Voorzieningen
BU00808206,0.07759732582333623,Bereikbaarheid_Voorzieningen,entropy,Voorzieningen
BU00808207,0.3273066823984725,Bereikbaarheid_Voorzieningen,entropy,Voorzieningen
BU00808208,0.17957899890363188,Bereikbaarheid_Voorzieningen,entropy,Voorzieningen
BU00808209,0.3028743019021374,Bereikbaarheid_Voorzieningen,entropy,Voorzieningen
GM1970,0.15238069101990998,Bereikbaarheid_Voorzieningen,entropy,Voorzieningen
WK197000,0.1769831312613504,Bereikbaarheid_Voorzieningen,entropy,Voorzieningen
BU19700000,0.18243529570245792,Bereikbaarheid_Voorzieningen,entropy,Voorzieningen
BU19700001,0.17673263425742658,Bereikbaarheid_Voorzieningen,entropy,Voorzieningen
BU19700002,0.15347156985925775,Bereikbaarheid_Voorzieningen,entropy,Voorzieningen
BU19700003,0.19164118898978647,Bereikbaarheid_Voorzieningen,entropy,Voorzieningen
BU19700004,0.20964568446229476,Bereikbaarheid_Voorzieningen,entropy,Voorzieningen
BU19700005,0.14418555051097637,Bereikbaarheid_Voorzieningen,entropy,Voorzieningen
BU19700006,0.17120254615216973,Bereikbaarheid_Voorzieningen,entropy,Voorzieningen
BU19700007,0.1767501702944182,Bereikbaarheid_Voorzieningen,entropy,Voorzieningen
BU19700008,0.18515590871954074,Bereikbaarheid_Voorzieningen,entropy,Voorzieningen
BU19700009,0.16979349398390547,Bereikbaarheid_Voorzieningen,entropy,Voorzieningen
BU19700010,0.2049037723339019,Bereikbaarheid_Voorzieningen,entropy,Voorzieningen
BU19700011,0.174515661621447,Bereikbaarheid_Voorzieningen,entropy,Voorzieningen
WK197001,0.16889044974367215,Bereikbaarheid_Voorzieningen,entropy,Voorzieningen
BU19700100,0.11405901586744517,Bereikbaarheid_Voorzieningen,entropy,Voorzieningen
BU19700101,0.28304781187041084,Bereikbaarheid_Voorzieningen,entropy,Voorzieningen
BU19700102,0.14858499239753667,Bereikbaarheid_Voorzieningen,entropy,Voorzieningen
BU19700103,0.2611072070173892,Bereikbaarheid_Voorzieningen,entropy,Voorzieningen
BU19700104,0.22989973463680297,Bereikbaarheid_Voorzieningen,entropy,Voorzieningen
BU19700105,0.34276824317638843,Bereikbaarheid_Voorzieningen,entropy,Voorzieningen
BU19700107,0.16394422784600138,Bereikbaarheid_Voorzieningen,entropy,Voorzieningen
BU19700108,0.20334740845905377,Bereikbaarheid_Voorzieningen,entropy,Voorzieningen
BU19700109,0.29910107531753416,Bereikbaarheid_Voorzieningen,entropy,Voorzieningen
WK197002,0.27001272757478806,Bereikbaarheid_Voorzieningen,entropy,Voorzieningen
BU19700200,0.23777943411995478,Bereikbaarheid_Voorzieningen,entropy,Voorzieningen
BU19700201,0.2893133566292872,Bereikbaarheid_Voorzieningen,entropy,Voorzieningen
BU19700202,0.32016641410677793,Bereikbaarheid_Voorzieningen,entropy,Voorzieningen
BU19700208,0.2753256209911698,Bereikbaarheid_Voorzieningen,entropy,Voorzieningen
BU19700209,0.3464014251269381,Bereikbaarheid_Voorzieningen,entropy,Voorzieningen
WK197003,0.11937753924500633,Bereikbaarheid_Voorzieningen,entropy,Voorzieningen
BU19700300,0.027810384987466626,Bereikbaarheid_Voorzieningen,entropy,Voorzieningen
BU19700301,0.22404782630430414,Bereikbaarheid_Voorzieningen,entropy,Voorzieningen
BU19700302,0.22479298690875718,Bereikbaarheid_Voorzieningen,entropy,Voorzieningen
BU19700303,0.23428076609729348,Bereikbaarheid_Voorzieningen,entropy,Voorzieningen
BU19700307,0.14529866482217368,Bereikbaarheid_Voorzieningen,entropy,Voorzieningen
BU19700308,0.2324651075737681,Bereikbaarheid_Voorzieningen,entropy,Voorzieningen
BU19700309,0.2514467556627461,Bereikbaarheid_Voorzieningen,entropy,Voorzieningen
WK197004,0.140590160402734,Bereikbaarheid_Voorzieningen,entropy,Voorzieningen
BU19700400,0.0868224324841623,Bereikbaarheid_Voorzieningen,entropy,Voorzieningen
BU19700401,0.3455731273320696,Bereikbaarheid_Voorzieningen,entropy,Voorzieningen
BU19700408,0.16573968263165378,Bereikbaarheid_Voorzieningen,entropy,Voorzieningen
BU19700409,0.2867586974087648,Bereikbaarheid_Voorzieningen,entropy,Voorzieningen
WK197005,0.17351432022172453,Bereikbaarheid_Voorzieningen,entropy,Voorzieningen
BU19700500,0.04359235630072021,Bereikbaarheid_Voorzieningen,entropy,Voorzieningen
BU19700501,0.4164209936425859,Bereikbaarheid_Voorzieningen,entropy,Voorzieningen
BU19700502,0.2649832770853051,Bereikbaarheid_Voorzieningen,entropy,Voorzieningen
BU19700503,0.3716743270207007,Bereikbaarheid_Voorzieningen,entropy,Voorzieningen
BU19700506,0.1384846062807586,Bereikbaarheid_Voorzieningen,entropy,Voorzieningen
BU19700507,0.3214029614843024,Bereikbaarheid_Voorzieningen,entropy,Voorzieningen
BU19700508,0.27143806179287105,Bereikbaarheid_Voorzieningen,entropy,Voorzieningen
BU19700509,0.33566278520746334,Bereikbaarheid_Voorzieningen,entropy,Voorzieningen
WK197006,0.09885683466184869,Bereikbaarheid_Voorzieningen,entropy,Voorzieningen
BU19700600,0.036337317475934175,Bereikbaarheid_Voorzieningen,entropy,Voorzieningen
BU19700601,0.1753907931100772,Bereikbaarheid_Voorzieningen,entropy,Voorzieningen
BU19700602,0.25559299015541226,Bereikbaarheid_Voorzieningen,entropy,Voorzieningen
BU19700603,0.28601266335443126,Bereikbaarheid_Voorzieningen,entropy,Voorzieningen
BU19700604,0.17560243064730274,Bereikbaarheid_Voorzieningen,entropy,Voorzieningen
BU19700605,0.19840638337417757,Bereikbaarheid_Voorzieningen,entropy,Voorzieningen
BU19700608,0.16151940608654314,Bereikbaarheid_Voorzieningen,entropy,Voorzieningen
BU19700609,0.3064563209695949,Bereikbaarheid_Voorzieningen,entropy,Voorzieningen
WK197007,0.2516741581101493,Bereikbaarheid_Voorzieningen,entropy,Voorzieningen
BU19700700,0.21349677943116752,Bereikbaarheid_Voorzieningen,entropy,Voorzieningen
BU19700701,0.3339141257620014,Bereikbaarheid_Voorzieningen,entropy,Voorzieningen
BU19700702,0.3075027525596381,Bereikbaarheid_Voorzieningen,entropy,Voorzieningen
BU19700703,0.30024339838922376,Bereikbaarheid_Voorzieningen,entropy,Voorzieningen
BU19700708,0.20766833486869357,Bereikbaarheid_Voorzieningen,entropy,Voorzieningen
BU19700709,0.25824793260586143,Bereikbaarheid_Voorzieningen,entropy,Voorzieningen
WK197008,0.10737663754554927,Bereikbaarheid_Voorzieningen,entropy,Voorzieningen
BU19700800,0.05909712115404002,Bereikbaarheid_Voorzieningen,entropy,Voorzieningen
BU19700801,0.09609823793502523,Bereikbaarheid_Voorzieningen,entropy,Voorzieningen
BU19700802,0.1447156040259493,Bereikbaarheid_Voorzieningen,entropy,Voorzieningen
BU19700803,0.2359600653887073,Bereikbaarheid_Voorzieningen,entropy,Voorzieningen
BU19700807,0.16945614528140368,Bereikbaarheid_Voorzieningen,entropy,Voorzieningen
BU19700808,0.1720007360667104,Bereikbaarheid_Voorzieningen,entropy,Voorzieningen
BU19700809,0.21681404005992444,Bereikbaarheid_Voorzieningen,entropy,Voorzieningen
WK197009,0.09317401790188048,Bereikbaarheid_Voorzieningen,entropy,Voorzieningen
BU19700900,0.07591380676635169,Bereikbaarheid_Voorzieningen,entropy,Voorzieningen
BU19700909,0.1958677851959824,Bereikbaarheid_Voorzieningen,entropy,Voorzieningen
WK197010,0.23727712123606098,Bereikbaarheid_Voorzieningen,entropy,Voorzieningen
BU19701000,0.18387501982548016,Bereikbaarheid_Voorzieningen,entropy,Voorzieningen
BU19701001,0.261505537113238,Bereikbaarheid_Voorzieningen,entropy,Voorzieningen
BU19701002,0.25309557798334714,Bereikbaarheid_Voorzieningen,entropy,Voorzieningen
BU19701003,0.3189834487561453,Bereikbaarheid_Voorzieningen,entropy,Voorzieningen
BU19701004,0.4032261117010679,Bereikbaarheid_Voorzieningen,entropy,Voorzieningen
BU19701005,0.3476055389501177,Bereikbaarheid_Voorzieningen,entropy,Voorzieningen
BU19701006,0.3735231418865559,Bereikbaarheid_Voorzieningen,entropy,Voorzieningen
BU19701008,0.22162702037005572,Bereikbaarheid_Voorzieningen,entropy,Voorzieningen
BU19701009,0.32794114489480647,Bereikbaarheid_Voorzieningen,entropy,Voorzieningen
WK197011,0.09454023059409106,Bereikbaarheid_Voorzieningen,entropy,Voorzieningen
BU19701100,0.08541912480266106,Bereikbaarheid_Voorzieningen,entropy,Voorzieningen
BU19701109,0.21272791983960582,Bereikbaarheid_Voorzieningen,entropy,Voorzieningen
WK197012,0.29638778690395834,Bereikbaarheid_Voorzieningen,entropy,Voorzieningen
BU19701200,0.24615246946773547,Bereikbaarheid_Voorzieningen,entropy,Voorzieningen
BU19701201,0.36915761664812496,Bereikbaarheid_Voorzieningen,entropy,Voorzieningen
BU19701202,0.42747781525511025,Bereikbaarheid_Voorzieningen,entropy,Voorzieningen
BU19701203,0.21328410259343059,Bereikbaarheid_Voorzieningen,entropy,Voorzieningen
BU19701204,0.269218369974106,Bereikbaarheid_Voorzieningen,entropy,Voorzieningen
BU19701206,0.3117285112216256,Bereikbaarheid_Voorzieningen,entropy,Voorzieningen
BU19701207,0.38147415198319257,Bereikbaarheid_Voorzieningen,entropy,Voorzieningen
BU19701208,0.395789596151002,Bereikbaarheid_Voorzieningen,entropy,Voorzieningen
BU19701209,0.31382251542798295,Bereikbaarheid_Voorzieningen,entropy,Voorzieningen
WK197013,0.18130615901621847,Bereikbaarheid_Voorzieningen,entropy,Voorzieningen
BU19701300,0.169960778408982,Bereikbaarheid_Voorzieningen,entropy,Voorzieningen
BU19701301,0.173791187159913,Bereikbaarheid_Voorzieningen,entropy,Voorzieningen
BU19701302,0.16283520998197606,Bereikbaarheid_Voorzieningen,entropy,Voorzieningen
BU19701308,0.22800571555076424,Bereikbaarheid_Voorzieningen,entropy,Voorzieningen
BU19701309,0.3033532692165464,Bereikbaarheid_Voorzieningen,entropy,Voorzieningen
WK197014,0.09001400362211624,Bereikbaarheid_Voorzieningen,entropy,Voorzieningen
BU19701400,0.07142336110731404,Bereikbaarheid_Voorzieningen,entropy,Voorzieningen
BU19701401,0.13655570902342223,Bereikbaarheid_Voorzieningen,entropy,Voorzieningen
BU19701402,0.1465492368527097,Bereikbaarheid_Voorzieningen,entropy,Voorzieningen
BU19701409,0.22194334372036723,Bereikbaarheid_Voorzieningen,entropy,Voorzieningen
GM0085,0.13175799968984864,Bereikbaarheid_Voorzieningen,entropy,Voorzieningen
WK008501,0.11685577861108186,Bereikbaarheid_Voorzieningen,entropy,Voorzieningen
BU00850101,0.09768833231230517,Bereikbaarheid_Voorzieningen,entropy,Voorzieningen
BU00850102,0.111230065736394,Bereikbaarheid_Voorzieningen,entropy,Voorzieningen
BU00850103,0.06595850897059229,Bereikbaarheid_Voorzieningen,entropy,Voorzieningen
BU00850104,0.03861035309011227,Bereikbaarheid_Voorzieningen,entropy,Voorzieningen
BU00850105,0.06529822999919334,Bereikbaarheid_Voorzieningen,entropy,Voorzieningen
BU00850106,0.16974851323514742,Bereikbaarheid_Voorzieningen,entropy,Voorzieningen
BU00850107,0.08856722652087518,Bereikbaarheid_Voorzieningen,entropy,Voorzieningen
BU00850108,0.12414298427799743,Bereikbaarheid_Voorzieningen,entropy,Voorzieningen
BU00850109,0.09237851935676161,Bereikbaarheid_Voorzieningen,entropy,Voorzieningen
BU00850110,0.048629281388233025,Bereikbaarheid_Voorzieningen,entropy,Voorzieningen
BU00850111,0.22032335727860933,Bereikbaarheid_Voorzieningen,entropy,Voorzieningen
WK008502,0.10002419727797798,Bereikbaarheid_Voorzieningen,entropy,Voorzieningen
BU00850201,0.04672485954492612,Bereikbaarheid_Voorzieningen,entropy,Voorzieningen
BU00850202,0.048612614622461046,Bereikbaarheid_Voorzieningen,entropy,Voorzieningen
BU00850203,0.1916805517604748,Bereikbaarheid_Voorzieningen,entropy,Voorzieningen
WK008503,0.2992038758251378,Bereikbaarheid_Voorzieningen,entropy,Voorzieningen
BU00850301,0.26751495259993396,Bereikbaarheid_Voorzieningen,entropy,Voorzieningen
BU00850302,0.3381261497642366,Bereikbaarheid_Voorzieningen,entropy,Voorzieningen
WK008504,0.28553915342614183,Bereikbaarheid_Voorzieningen,entropy,Voorzieningen
BU00850401,0.2697062393061411,Bereikbaarheid_Voorzieningen,entropy,Voorzieningen
BU00850402,0.29574635467145466,Bereikbaarheid_Voorzieningen,entropy,Voorzieningen
WK008505,0.28516956694356443,Bereikbaarheid_Voorzieningen,entropy,Voorzieningen
BU00850501,0.31507676910367044,Bereikbaarheid_Voorzieningen,entropy,Voorzieningen
BU00850502,0.27130567600254285,Bereikbaarheid_Voorzieningen,entropy,Voorzieningen
WK008506,0.06901476639767073,Bereikbaarheid_Voorzieningen,entropy,Voorzieningen
BU00850601,0.05614847343879081,Bereikbaarheid_Voorzieningen,entropy,Voorzieningen
BU00850602,0.04515477406363585,Bereikbaarheid_Voorzieningen,entropy,Voorzieningen
BU00850603,0.034387775321865766,Bereikbaarheid_Voorzieningen,entropy,Voorzieningen
BU00850604,0.036018506778395895,Bereikbaarheid_Voorzieningen,entropy,Voorzieningen
BU00850605,0.06526957923022081,Bereikbaarheid_Voorzieningen,entropy,Voorzieningen
BU00850606,0.06526957923022081,Bereikbaarheid_Voorzieningen,entropy,Voorzieningen
BU00850607,0.04323669599848099,Bereikbaarheid_Voorzieningen,entropy,Voorzieningen
BU00850608,0.14924728643062568,Bereikbaarheid_Voorzieningen,entropy,Voorzieningen
WK008507,0.29239869832738213,Bereikbaarheid_Voorzieningen,entropy,Voorzieningen
BU00850701,0.287671510712601,Bereikbaarheid_Voorzieningen,entropy,Voorzieningen
BU00850702,0.3111696816658635,Bereikbaarheid_Voorzieningen,entropy,Voorzieningen
WK008508,0.16007776638074098,Bereikbaarheid_Voorzieningen,entropy,Voorzieningen
BU00850801,0.11371897305976279,Bereikbaarheid_Voorzieningen,entropy,Voorzieningen
BU00850802,0.22989788105028067,Bereikbaarheid_Voorzieningen,entropy,Voorzieningen
WK008509,0.32445844104155797,Bereikbaarheid_Voorzieningen,entropy,Voorzieningen
BU00850901,0.3469500126582043,Bereikbaarheid_Voorzieningen,entropy,Voorzieningen
BU00850902,0.3151793852905559,Bereikbaarheid_Voorzieningen,entropy,Voorzieningen
WK008510,0.077848525580476,Bereikbaarheid_Voorzieningen,entropy,Voorzieningen
BU00851001,0.05144481778941026,Bereikbaarheid_Voorzieningen,entropy,Voorzieningen
BU00851002,0.050772554814810744,Bereikbaarheid_Voorzieningen,entropy,Voorzieningen
BU00851003,0.1781806892862059,Bereikbaarheid_Voorzieningen,entropy,Voorzieningen
WK008511,0.12592630619511488,Bereikbaarheid_Voorzieningen,entropy,Voorzieningen
BU00851101,0.1591029066380688,Bereikbaarheid_Voorzieningen,entropy,Voorzieningen
BU00851102,0.1773451182209288,Bereikbaarheid_Voorzieningen,entropy,Voorzieningen
BU00851103,0.1317547507575888,Bereikbaarheid_Voorzieningen,entropy,Voorzieningen
BU00851104,0.08990957046169874,Bereikbaarheid_Voorzieningen,entropy,Voorzieningen
BU00851105,0.08237371164536898,Bereikbaarheid_Voorzieningen,entropy,Voorzieningen
BU00851106,0.09246958851383319,Bereikbaarheid_Voorzieningen,entropy,Voorzieningen
BU00851107,0.09530179168078239,Bereikbaarheid_Voorzieningen,entropy,Voorzieningen
BU00851108,0.11262670067123863,Bereikbaarheid_Voorzieningen,entropy,Voorzieningen
BU00851109,0.14250341051493953,Bereikbaarheid_Voorzieningen,entropy,Voorzieningen
BU00851110,0.10026678954307075,Bereikbaarheid_Voorzieningen,entropy,Voorzieningen
BU00851111,0.12351630597903962,Bereikbaarheid_Voorzieningen,entropy,Voorzieningen
BU00851112,0.10469394148573354,Bereikbaarheid_Voorzieningen,entropy,Voorzieningen
BU00851113,0.09682525157934914,Bereikbaarheid_Voorzieningen,entropy,Voorzieningen
BU00851114,0.09903067625312874,Bereikbaarheid_Voorzieningen,entropy,Voorzieningen
BU00851115,0.10443691786472874,Bereikbaarheid_Voorzieningen,entropy,Voorzieningen
BU00851116,0.11789852522786472,Bereikbaarheid_Voorzieningen,entropy,Voorzieningen
BU00851117,0.13173958926377885,Bereikbaarheid_Voorzieningen,entropy,Voorzieningen
BU00851118,0.25773090502220275,Bereikbaarheid_Voorzieningen,entropy,Voorzieningen
WK008512,0.27637574064389137,Bereikbaarheid_Voorzieningen,entropy,Voorzieningen
BU00851201,0.25484086783207527,Bereikbaarheid_Voorzieningen,entropy,Voorzieningen
BU00851202,0.3139462592634941,Bereikbaarheid_Voorzieningen,entropy,Voorzieningen
WK008513,0.17573182592847592,Bereikbaarheid_Voorzieningen,entropy,Voorzieningen
BU00851301,0.14561298818456242,Bereikbaarheid_Voorzieningen,entropy,Voorzieningen
BU00851302,0.22666012267768082,Bereikbaarheid_Voorzieningen,entropy,Voorzieningen
GM0086,0.12456765965918772,Bereikbaarheid_Voorzieningen,entropy,Voorzieningen
WK008601,0.07892237031894285,Bereikbaarheid_Voorzieningen,entropy,Voorzieningen
BU00860101,0.04265768418932851,Bereikbaarheid_Voorzieningen,entropy,Voorzieningen
BU00860102,0.0473461783448991,Bereikbaarheid_Voorzieningen,entropy,Voorzieningen
BU00860103,0.18466773923355204,Bereikbaarheid_Voorzieningen,entropy,Voorzieningen
WK008602,0.07932535989631924,Bereikbaarheid_Voorzieningen,entropy,Voorzieningen
BU00860201,0.033766456521892786,Bereikbaarheid_Voorzieningen,entropy,Voorzieningen
BU00860202,0.04480246288786824,Bereikbaarheid_Voorzieningen,entropy,Voorzieningen
BU00860203,0.062287797514487715,Bereikbaarheid_Voorzieningen,entropy,Voorzieningen
BU00860204,0.07694320699127283,Bereikbaarheid_Voorzieningen,entropy,Voorzieningen
BU00860205,0.05746920071037383,Bereikbaarheid_Voorzieningen,entropy,Voorzieningen
BU00860206,0.10847233828079017,Bereikbaarheid_Voorzieningen,entropy,Voorzieningen
BU00860207,0.12573977878661594,Bereikbaarheid_Voorzieningen,entropy,Voorzieningen
BU00860208,0.26942682576022703,Bereikbaarheid_Voorzieningen,entropy,Voorzieningen
BU00860209,0.13257516032905595,Bereikbaarheid_Voorzieningen,entropy,Voorzieningen
WK008604,0.1756881124920258,Bereikbaarheid_Voorzieningen,entropy,Voorzieningen
BU00860401,0.17390736319943645,Bereikbaarheid_Voorzieningen,entropy,Voorzieningen
BU00860402,0.2058228158508446,Bereikbaarheid_Voorzieningen,entropy,Voorzieningen
WK008605,0.10968140302165869,Bereikbaarheid_Voorzieningen,entropy,Voorzieningen
BU00860501,0.09311337192664061,Bereikbaarheid_Voorzieningen,entropy,Voorzieningen
BU00860502,0.14124517401230366,Bereikbaarheid_Voorzieningen,entropy,Voorzieningen
BU00860503,0.12096448582343593,Bereikbaarheid_Voorzieningen,entropy,Voorzieningen
BU00860504,0.12272689476372642,Bereikbaarheid_Voorzieningen,entropy,Voorzieningen
BU00860505,0.10968184000185693,Bereikbaarheid_Voorzieningen,entropy,Voorzieningen
BU00860506,0.07845116818136141,Bereikbaarheid_Voorzieningen,entropy,Voorzieningen
BU00860507,0.11411154085932235,Bereikbaarheid_Voorzieningen,entropy,Voorzieningen
BU00860508,0.24886214102840382,Bereikbaarheid_Voorzieningen,entropy,Voorzieningen
WK008606,0.3124982427383316,Bereikbaarheid_Voorzieningen,entropy,Voorzieningen
BU00860601,0.30369162905253677,Bereikbaarheid_Voorzieningen,entropy,Voorzieningen
BU00860602,0.3263316413629481,Bereikbaarheid_Voorzieningen,entropy,Voorzieningen
WK008607,0.27686829137061847,Bereikbaarheid_Voorzieningen,entropy,Voorzieningen
BU00860701,0.26871402453270976,Bereikbaarheid_Voorzieningen,entropy,Voorzieningen
BU00860702,0.28359526119299916,Bereikbaarheid_Voorzieningen,entropy,Voorzieningen
WK008608,0.15318561722849114,Bereikbaarheid_Voorzieningen,entropy,Voorzieningen
BU00860801,0.1242522143729109,Bereikbaarheid_Voorzieningen,entropy,Voorzieningen
BU00860802,0.21874623171555355,Bereikbaarheid_Voorzieningen,entropy,Voorzieningen
WK008609,0.1653821033582981,Bereikbaarheid_Voorzieningen,entropy,Voorzieningen
BU00860901,0.14708101547729857,Bereikbaarheid_Voorzieningen,entropy,Voorzieningen
BU00860902,0.20937557979376423,Bereikbaarheid_Voorzieningen,entropy,Voorzieningen
WK008610,0.3261128946912178,Bereikbaarheid_Voorzieningen,entropy,Voorzieningen
BU00861001,0.3429054183944428,Bereikbaarheid_Voorzieningen,entropy,Voorzieningen
BU00861002,0.2947192515660312,Bereikbaarheid_Voorzieningen,entropy,Voorzieningen
WK008611,0.11308572678132923,Bereikbaarheid_Voorzieningen,entropy,Voorzieningen
BU00861101,0.0692414670310556,Bereikbaarheid_Voorzieningen,entropy,Voorzieningen
BU00861102,0.22137190037457527,Bereikbaarheid_Voorzieningen,entropy,Voorzieningen
WK008613,0.19466886103248657,Bereikbaarheid_Voorzieningen,entropy,Voorzieningen
BU00861301,0.15065651117394982,Bereikbaarheid_Voorzieningen,entropy,Voorzieningen
BU00861302,0.22624505300653033,Bereikbaarheid_Voorzieningen,entropy,Voorzieningen
WK008614,0.1689895234051048,Bereikbaarheid_Voorzieningen,entropy,Voorzieningen
BU00861401,0.13329882773952395,Bereikbaarheid_Voorzieningen,entropy,Voorzieningen
BU00861402,0.2265298507003524,Bereikbaarheid_Voorzieningen,entropy,Voorzieningen
WK008615,0.19060065831883818,Bereikbaarheid_Voorzieningen,entropy,Voorzieningen
BU00861501,0.14579678898534026,Bereikbaarheid_Voorzieningen,entropy,Voorzieningen
BU00861502,0.2800667496213653,Bereikbaarheid_Voorzieningen,entropy,Voorzieningen
WK008616,0.08957663917743235,Bereikbaarheid_Voorzieningen,entropy,Voorzieningen
BU00861601,0.04744411227291753,Bereikbaarheid_Voorzieningen,entropy,Voorzieningen
BU00861602,0.06625017417112003,Bereikbaarheid_Voorzieningen,entropy,Voorzieningen
BU00861603,0.08487298352805178,Bereikbaarheid_Voorzieningen,entropy,Voorzieningen
BU00861604,0.03798471569823628,Bereikbaarheid_Voorzieningen,entropy,Voorzieningen
BU00861605,0.059715090827541395,Bereikbaarheid_Voorzieningen,entropy,Voorzieningen
BU00861606,0.26616250922896784,Bereikbaarheid_Voorzieningen,entropy,Voorzieningen
BU00861607,0.21289336357461333,Bereikbaarheid_Voorzieningen,entropy,Voorzieningen
WK008617,0.11210690288540975,Bereikbaarheid_Voorzieningen,entropy,Voorzieningen
BU00861701,0.030642588154415833,Bereikbaarheid_Voorzieningen,entropy,Voorzieningen
BU00861702,0.04603743507651664,Bereikbaarheid_Voorzieningen,entropy,Voorzieningen
BU00861703,0.2160190744287205,Bereikbaarheid_Voorzieningen,entropy,Voorzieningen
GM0088,0.03504373570136169,Bereikbaarheid_Voorzieningen,entropy,Voorzieningen
WK008800,0.03504373570136169,Bereikbaarheid_Voorzieningen,entropy,Voorzieningen
BU00880000,0.030642588154415833,Bereikbaarheid_Voorzieningen,entropy,Voorzieningen
BU00880009,0.11462029535482068,Bereikbaarheid_Voorzieningen,entropy,Voorzieningen
GM0090,0.19397319273218255,Bereikbaarheid_Voorzieningen,entropy,Voorzieningen
WK009001,0.25388318374689056,Bereikbaarheid_Voorzieningen,entropy,Voorzieningen
BU00900101,0.25388318374689056,Bereikbaarheid_Voorzieningen,entropy,Voorzieningen
WK009002,0.18089298702974374,Bereikbaarheid_Voorzieningen,entropy,Voorzieningen
BU00900201,0.20593295592679464,Bereikbaarheid_Voorzieningen,entropy,Voorzieningen
BU00900202,0.18218040772578303,Bereikbaarheid_Voorzieningen,entropy,Voorzieningen
BU00900203,0.1923041337836714,Bereikbaarheid_Voorzieningen,entropy,Voorzieningen
BU00900204,0.17713263836848384,Bereikbaarheid_Voorzieningen,entropy,Voorzieningen
BU00900205,0.17239028925989278,Bereikbaarheid_Voorzieningen,entropy,Voorzieningen
BU00900206,0.1850733292488202,Bereikbaarheid_Voorzieningen,entropy,Voorzieningen
WK009003,0.25241357837266254,Bereikbaarheid_Voorzieningen,entropy,Voorzieningen
BU00900301,0.27778866056235535,Bereikbaarheid_Voorzieningen,entropy,Voorzieningen
BU00900302,0.2431623718110846,Bereikbaarheid_Voorzieningen,entropy,Voorzieningen
BU00900303,0.24683378832748226,Bereikbaarheid_Voorzieningen,entropy,Voorzieningen
BU00900304,0.22389725829650492,Bereikbaarheid_Voorzieningen,entropy,Voorzieningen
WK009004,0.16301293498152206,Bereikbaarheid_Voorzieningen,entropy,Voorzieningen
BU00900401,0.14403587176798072,Bereikbaarheid_Voorzieningen,entropy,Voorzieningen
BU00900402,0.18505991141530803,Bereikbaarheid_Voorzieningen,entropy,Voorzieningen
BU00900403,0.20202848610287044,Bereikbaarheid_Voorzieningen,entropy,Voorzieningen
BU00900404,0.1658910609779788,Bereikbaarheid_Voorzieningen,entropy,Voorzieningen
BU00900405,0.16315070210216523,Bereikbaarheid_Voorzieningen,entropy,Voorzieningen
BU00900406,0.14321764326569136,Bereikbaarheid_Voorzieningen,entropy,Voorzieningen
WK009005,0.2120596363638458,Bereikbaarheid_Voorzieningen,entropy,Voorzieningen
BU00900501,0.20627420248460604,Bereikbaarheid_Voorzieningen,entropy,Voorzieningen
BU00900502,0.23006396625754816,Bereikbaarheid_Voorzieningen,entropy,Voorzieningen
WK009006,0.18884381942665046,Bereikbaarheid_Voorzieningen,entropy,Voorzieningen
BU00900601,0.19068565304255727,Bereikbaarheid_Voorzieningen,entropy,Voorzieningen
BU00900602,0.1858161139422122,Bereikbaarheid_Voorzieningen,entropy,Voorzieningen
BU00900603,0.19545153274866955,Bereikbaarheid_Voorzieningen,entropy,Voorzieningen
WK009007,0.18275031892544696,Bereikbaarheid_Voorzieningen,entropy,Voorzieningen
BU00900701,0.16948140192773845,Bereikbaarheid_Voorzieningen,entropy,Voorzieningen
BU00900702,0.1379720893883159,Bereikbaarheid_Voorzieningen,entropy,Voorzieningen
BU00900703,0.17485484675352275,Bereikbaarheid_Voorzieningen,entropy,Voorzieningen
BU00900704,0.21994385603834676,Bereikbaarheid_Voorzieningen,entropy,Voorzieningen
BU00900705,0.16554429952892513,Bereikbaarheid_Voorzieningen,entropy,Voorzieningen
BU00900706,0.21811143243323303,Bereikbaarheid_Voorzieningen,entropy,Voorzieningen
WK009008,0.2327567574698887,Bereikbaarheid_Voorzieningen,entropy,Voorzieningen
BU00900801,0.24718476543846832,Bereikbaarheid_Voorzieningen,entropy,Voorzieningen
BU00900802,0.22352362454839408,Bereikbaarheid_Voorzieningen,entropy,Voorzieningen
BU00900803,0.2146580371060069,Bereikbaarheid_Voorzieningen,entropy,Voorzieningen
WK009009,0.2205088725325878,Bereikbaarheid_Voorzieningen,entropy,Voorzieningen
BU00900901,0.2283176205848277,Bereikbaarheid_Voorzieningen,entropy,Voorzieningen
BU00900902,0.23671622334812703,Bereikbaarheid_Voorzieningen,entropy,Voorzieningen
BU00900903,0.21221004618393707,Bereikbaarheid_Voorzieningen,entropy,Voorzieningen
BU00900904,0.22425723719064714,Bereikbaarheid_Voorzieningen,entropy,Voorzieningen
WK009010,0.21276623014878435,Bereikbaarheid_Voorzieningen,entropy,Voorzieningen
BU00901001,0.216803785269978,Bereikbaarheid_Voorzieningen,entropy,Voorzieningen
BU00901002,0.22103111767112812,Bereikbaarheid_Voorzieningen,entropy,Voorzieningen
BU00901003,0.20906987658923595,Bereikbaarheid_Voorzieningen,entropy,Voorzieningen
BU00901004,0.20912011664276708,Bereikbaarheid_Voorzieningen,entropy,Voorzieningen
WK009011,0.2310152777500299,Bereikbaarheid_Voorzieningen,entropy,Voorzieningen
BU00901101,0.2310152777500299,Bereikbaarheid_Voorzieningen,entropy,Voorzieningen
WK009012,0.25318884024868626,Bereikbaarheid_Voorzieningen,entropy,Voorzieningen
BU00901201,0.25221406917165207,Bereikbaarheid_Voorzieningen,entropy,Voorzieningen
BU00901202,0.2564199801741266,Bereikbaarheid_Voorzieningen,entropy,Voorzieningen
WK009013,0.16142504026528676,Bereikbaarheid_Voorzieningen,entropy,Voorzieningen
BU00901301,0.14870735826815465,Bereikbaarheid_Voorzieningen,entropy,Voorzieningen
BU00901302,0.1482942285420873,Bereikbaarheid_Voorzieningen,entropy,Voorzieningen
BU00901303,0.1883740881800952,Bereikbaarheid_Voorzieningen,entropy,Voorzieningen
WK009021,0.12091889977991484,Bereikbaarheid_Voorzieningen,entropy,Voorzieningen
BU00902104,0.11308407221535108,Bereikbaarheid_Voorzieningen,entropy,Voorzieningen
BU00902105,0.12031698458116852,Bereikbaarheid_Voorzieningen,entropy,Voorzieningen
BU00902109,0.2258488544513733,Bereikbaarheid_Voorzieningen,entropy,Voorzieningen
BU00902110,0.06523925624260088,Bereikbaarheid_Voorzieningen,entropy,Voorzieningen
BU00902114,0.3086081574025694,Bereikbaarheid_Voorzieningen,entropy,Voorzieningen
WK009022,0.19120978660309162,Bereikbaarheid_Voorzieningen,entropy,Voorzieningen
BU00902201,0.20171854918091287,Bereikbaarheid_Voorzieningen,entropy,Voorzieningen
BU00902202,0.25406063097497816,Bereikbaarheid_Voorzieningen,entropy,Voorzieningen
BU00902203,0.2516255935215403,Bereikbaarheid_Voorzieningen,entropy,Voorzieningen
BU00902206,0.11597663929973256,Bereikbaarheid_Voorzieningen,entropy,Voorzieningen
BU00902212,0.3000149290179362,Bereikbaarheid_Voorzieningen,entropy,Voorzieningen
BU00902213,0.5403530456005076,Bereikbaarheid_Voorzieningen,entropy,Voorzieningen
BU00902215,0.44130934623365764,Bereikbaarheid_Voorzieningen,entropy,Voorzieningen
BU00902216,0.2055194337880135,Bereikbaarheid_Voorzieningen,entropy,Voorzieningen
WK009023,0.17201106507525107,Bereikbaarheid_Voorzieningen,entropy,Voorzieningen
BU00902307,0.20940211819945062,Bereikbaarheid_Voorzieningen,entropy,Voorzieningen
BU00902308,0.19052810814618143,Bereikbaarheid_Voorzieningen,entropy,Voorzieningen
BU00902311,0.12295977369963204,Bereikbaarheid_Voorzieningen,entropy,Voorzieningen
GM1900,0.16250732922407174,Bereikbaarheid_Voorzieningen,entropy,Voorzieningen
WK190000,0.115390591083771,Bereikbaarheid_Voorzieningen,entropy,Voorzieningen
BU19000000,0.09730632946048318,Bereikbaarheid_Voorzieningen,entropy,Voorzieningen
BU19000001,0.09593262162495786,Bereikbaarheid_Voorzieningen,entropy,Voorzieningen
BU19000002,0.08607799732843038,Bereikbaarheid_Voorzieningen,entropy,Voorzieningen
BU19000003,0.13314202161700422,Bereikbaarheid_Voorzieningen,entropy,Voorzieningen
BU19000004,0.1435017131286926,Bereikbaarheid_Voorzieningen,entropy,Voorzieningen
BU19000009,0.1716413884841337,Bereikbaarheid_Voorzieningen,entropy,Voorzieningen
WK190001,0.17462433962504,Bereikbaarheid_Voorzieningen,entropy,Voorzieningen
BU19000101,0.17774311426654987,Bereikbaarheid_Voorzieningen,entropy,Voorzieningen
BU19000102,0.18054887468970454,Bereikbaarheid_Voorzieningen,entropy,Voorzieningen
BU19000103,0.1892705065482334,Bereikbaarheid_Voorzieningen,entropy,Voorzieningen
BU19000104,0.1667017210169076,Bereikbaarheid_Voorzieningen,entropy,Voorzieningen
BU19000105,0.16699452595084957,Bereikbaarheid_Voorzieningen,entropy,Voorzieningen
BU19000106,0.153753723915583,Bereikbaarheid_Voorzieningen,entropy,Voorzieningen
BU19000107,0.17700578789847513,Bereikbaarheid_Voorzieningen,entropy,Voorzieningen
BU19000108,0.15669002208908386,Bereikbaarheid_Voorzieningen,entropy,Voorzieningen
BU19000109,0.15142542784195245,Bereikbaarheid_Voorzieningen,entropy,Voorzieningen
BU19000110,0.18927429265490323,Bereikbaarheid_Voorzieningen,entropy,Voorzieningen
BU19000111,0.22268110843651961,Bereikbaarheid_Voorzieningen,entropy,Voorzieningen
BU19000112,0.1431778100730666,Bereikbaarheid_Voorzieningen,entropy,Voorzieningen
BU19000113,0.17587985925196753,Bereikbaarheid_Voorzieningen,entropy,Voorzieningen
BU19000114,0.1723195017680825,Bereikbaarheid_Voorzieningen,entropy,Voorzieningen
BU19000115,0.17985861088455152,Bereikbaarheid_Voorzieningen,entropy,Voorzieningen
BU19000116,0.16853285555340602,Bereikbaarheid_Voorzieningen,entropy,Voorzieningen
BU19000117,0.13929262694268568,Bereikbaarheid_Voorzieningen,entropy,Voorzieningen
BU19000118,0.24756169448288448,Bereikbaarheid_Voorzieningen,entropy,Voorzieningen
BU19000119,0.21620817864721992,Bereikbaarheid_Voorzieningen,entropy,Voorzieningen
BU19000120,0.1607887311786843,Bereikbaarheid_Voorzieningen,entropy,Voorzieningen
WK190002,0.11375879133547709,Bereikbaarheid_Voorzieningen,entropy,Voorzieningen
BU19000200,0.09162093776890978,Bereikbaarheid_Voorzieningen,entropy,Voorzieningen
BU19000201,0.30771800261425325,Bereikbaarheid_Voorzieningen,entropy,Voorzieningen
BU19000202,0.15748006609951382,Bereikbaarheid_Voorzieningen,entropy,Voorzieningen
BU19000208,0.25043831383949977,Bereikbaarheid_Voorzieningen,entropy,Voorzieningen
BU19000209,0.20550988143827317,Bereikbaarheid_Voorzieningen,entropy,Voorzieningen
WK190003,0.12328887520775682,Bereikbaarheid_Voorzieningen,entropy,Voorzieningen
BU19000300,0.05360475798175995,Bereikbaarheid_Voorzieningen,entropy,Voorzieningen
BU19000301,0.44401304710037875,Bereikbaarheid_Voorzieningen,entropy,Voorzieningen
BU19000302,0.2829058944724294,Bereikbaarheid_Voorzieningen,entropy,Voorzieningen
BU19000308,0.19258560363746258,Bereikbaarheid_Voorzieningen,entropy,Voorzieningen
BU19000309,0.2381400158449261,Bereikbaarheid_Voorzieningen,entropy,Voorzieningen
WK190004,0.13518595287337273,Bereikbaarheid_Voorzieningen,entropy,Voorzieningen
BU19000400,0.15310687944998275,Bereikbaarheid_Voorzieningen,entropy,Voorzieningen
BU19000401,0.13695878769511832,Bereikbaarheid_Voorzieningen,entropy,Voorzieningen
BU19000402,0.24787601221689873,Bereikbaarheid_Voorzieningen,entropy,Voorzieningen
BU19000403,0.10936732613991419,Bereikbaarheid_Voorzieningen,entropy,Voorzieningen
BU19000408,0.2183355581350127,Bereikbaarheid_Voorzieningen,entropy,Voorzieningen
BU19000409,0.15551484609433522,Bereikbaarheid_Voorzieningen,entropy,Voorzieningen
WK190005,0.09416940879804189,Bereikbaarheid_Voorzieningen,entropy,Voorzieningen
BU19000500,0.06715998068101137,Bereikbaarheid_Voorzieningen,entropy,Voorzieningen
BU19000501,0.08304587442575671,Bereikbaarheid_Voorzieningen,entropy,Voorzieningen
BU19000502,0.1109869697386294,Bereikbaarheid_Voorzieningen,entropy,Voorzieningen
BU19000503,0.19245992028554998,Bereikbaarheid_Voorzieningen,entropy,Voorzieningen
WK190006,0.1049108387564139,Bereikbaarheid_Voorzieningen,entropy,Voorzieningen
BU19000600,0.03880408436262159,Bereikbaarheid_Voorzieningen,entropy,Voorzieningen
BU19000602,0.2160684420465915,Bereikbaarheid_Voorzieningen,entropy,Voorzieningen
BU19000603,0.2514331013192935,Bereikbaarheid_Voorzieningen,entropy,Voorzieningen
BU19000607,0.173190753952085,Bereikbaarheid_Voorzieningen,entropy,Voorzieningen
BU19000608,0.3607956639516549,Bereikbaarheid_Voorzieningen,entropy,Voorzieningen
BU19000609,0.2610359881737553,Bereikbaarheid_Voorzieningen,entropy,Voorzieningen
WK190007,0.14012987354790762,Bereikbaarheid_Voorzieningen,entropy,Voorzieningen
BU19000700,0.10934449829560902,Bereikbaarheid_Voorzieningen,entropy,Voorzieningen
BU19000701,0.1955507251549958,Bereikbaarheid_Voorzieningen,entropy,Voorzieningen
BU19000702,0.2066646510814824,Bereikbaarheid_Voorzieningen,entropy,Voorzieningen
BU19000706,0.17558302567819664,Bereikbaarheid_Voorzieningen,entropy,Voorzieningen
BU19000707,0.2172996095367031,Bereikbaarheid_Voorzieningen,entropy,Voorzieningen
BU19000708,0.20317648753503728,Bereikbaarheid_Voorzieningen,entropy,Voorzieningen
WK190008,0.24066476757354424,Bereikbaarheid_Voorzieningen,entropy,Voorzieningen
BU19000800,0.19226177311954157,Bereikbaarheid_Voorzieningen,entropy,Voorzieningen
BU19000801,0.31503629148594237,Bereikbaarheid_Voorzieningen,entropy,Voorzieningen
BU19000802,0.3284546429381114,Bereikbaarheid_Voorzieningen,entropy,Voorzieningen
BU19000804,0.38783398916144535,Bereikbaarheid_Voorzieningen,entropy,Voorzieningen
BU19000808,0.2517953587410665,Bereikbaarheid_Voorzieningen,entropy,Voorzieningen
BU19000809,0.3889965742923091,Bereikbaarheid_Voorzieningen,entropy,Voorzieningen
WK190009,0.29990336078123414,Bereikbaarheid_Voorzieningen,entropy,Voorzieningen
BU19000900,0.22336578633746174,Bereikbaarheid_Voorzieningen,entropy,Voorzieningen
BU19000901,0.29037883089616345,Bereikbaarheid_Voorzieningen,entropy,Voorzieningen
BU19000902,0.3269371206466524,Bereikbaarheid_Voorzieningen,entropy,Voorzieningen
BU19000903,0.4094998528317388,Bereikbaarheid_Voorzieningen,entropy,Voorzieningen
BU19000904,0.34957148072906097,Bereikbaarheid_Voorzieningen,entropy,Voorzieningen
BU19000905,0.36646722700317735,Bereikbaarheid_Voorzieningen,entropy,Voorzieningen
BU19000906,0.45106334222516115,Bereikbaarheid_Voorzieningen,entropy,Voorzieningen
BU19000907,0.21150211364504018,Bereikbaarheid_Voorzieningen,entropy,Voorzieningen
BU19000908,0.38703683452561205,Bereikbaarheid_Voorzieningen,entropy,Voorzieningen
BU19000909,0.3411048314130442,Bereikbaarheid_Voorzieningen,entropy,Voorzieningen
WK190010,0.21632282066222,Bereikbaarheid_Voorzieningen,entropy,Voorzieningen
BU19001000,0.3193324892433457,Bereikbaarheid_Voorzieningen,entropy,Voorzieningen
BU19001001,0.1418678010171125,Bereikbaarheid_Voorzieningen,entropy,Voorzieningen
BU19001002,0.30436911009253387,Bereikbaarheid_Voorzieningen,entropy,Voorzieningen
BU19001003,0.26964525338047424,Bereikbaarheid_Voorzieningen,entropy,Voorzieningen
BU19001007,0.3635107211849675,Bereikbaarheid_Voorzieningen,entropy,Voorzieningen
BU19001008,0.2432408414683131,Bereikbaarheid_Voorzieningen,entropy,Voorzieningen
WK190011,0.16676867009661808,Bereikbaarheid_Voorzieningen,entropy,Voorzieningen
BU19001100,0.13751759764479315,Bereikbaarheid_Voorzieningen,entropy,Voorzieningen
BU19001101,0.24725821375057783,Bereikbaarheid_Voorzieningen,entropy,Voorzieningen
BU19001108,0.33282116792608296,Bereikbaarheid_Voorzieningen,entropy,Voorzieningen
BU19001109,0.31914598597325394,Bereikbaarheid_Voorzieningen,entropy,Voorzieningen
WK190012,0.1907181878459835,Bereikbaarheid_Voorzieningen,entropy,Voorzieningen
BU19001200,0.16708489614533348,Bereikbaarheid_Voorzieningen,entropy,Voorzieningen
BU19001201,0.24958171715020752,Bereikbaarheid_Voorzieningen,entropy,Voorzieningen
BU19001202,0.2520791659954905,Bereikbaarheid_Voorzieningen,entropy,Voorzieningen
BU19001203,0.42665498141393354,Bereikbaarheid_Voorzieningen,entropy,Voorzieningen
BU19001204,0.3160795693769358,Bereikbaarheid_Voorzieningen,entropy,Voorzieningen
BU19001208,0.26371669690331684,Bereikbaarheid_Voorzieningen,entropy,Voorzieningen
BU19001209,0.3314449686396926,Bereikbaarheid_Voorzieningen,entropy,Voorzieningen
WK190013,0.13050539314839218,Bereikbaarheid_Voorzieningen,entropy,Voorzieningen
BU19001300,0.04770113589392233,Bereikbaarheid_Voorzieningen,entropy,Voorzieningen
BU19001301,0.2690914471232491,Bereikbaarheid_Voorzieningen,entropy,Voorzieningen
BU19001302,0.18389526431381925,Bereikbaarheid_Voorzieningen,entropy,Voorzieningen
BU19001303,0.11489661172642507,Bereikbaarheid_Voorzieningen,entropy,Voorzieningen
BU19001306,0.18274129206468595,Bereikbaarheid_Voorzieningen,entropy,Voorzieningen
BU19001307,0.33320554985340645,Bereikbaarheid_Voorzieningen,entropy,Voorzieningen
BU19001308,0.21892638512909654,Bereikbaarheid_Voorzieningen,entropy,Voorzieningen
BU19001309,0.20366021026469064,Bereikbaarheid_Voorzieningen,entropy,Voorzieningen
WK190014,0.3697395103194416,Bereikbaarheid_Voorzieningen,entropy,Voorzieningen
BU19001400,0.49185342937010373,Bereikbaarheid_Voorzieningen,entropy,Voorzieningen
BU19001401,0.3605819209723744,Bereikbaarheid_Voorzieningen,entropy,Voorzieningen
BU19001402,0.32382310184906865,Bereikbaarheid_Voorzieningen,entropy,Voorzieningen
BU19001403,0.23318754197784133,Bereikbaarheid_Voorzieningen,entropy,Voorzieningen
BU19001404,0.2899876302482248,Bereikbaarheid_Voorzieningen,entropy,Voorzieningen
BU19001405,0.41768311132824476,Bereikbaarheid_Voorzieningen,entropy,Voorzieningen
BU19001406,0.3559063784070405,Bereikbaarheid_Voorzieningen,entropy,Voorzieningen
BU19001407,0.45658563940861285,Bereikbaarheid_Voorzieningen,entropy,Voorzieningen
BU19001408,0.37064342203433337,Bereikbaarheid_Voorzieningen,entropy,Voorzieningen
BU19001409,0.33450636099827596,Bereikbaarheid_Voorzieningen,entropy,Voorzieningen
WK190015,0.4345923449241057,Bereikbaarheid_Voorzieningen,entropy,Voorzieningen
BU19001500,0.5995739097326953,Bereikbaarheid_Voorzieningen,entropy,Voorzieningen
BU19001501,0.3393292731480181,Bereikbaarheid_Voorzieningen,entropy,Voorzieningen
BU19001502,0.3102506093963594,Bereikbaarheid_Voorzieningen,entropy,Voorzieningen
BU19001503,0.27547485237836966,Bereikbaarheid_Voorzieningen,entropy,Voorzieningen
BU19001509,0.6563238577150777,Bereikbaarheid_Voorzieningen,entropy,Voorzieningen
WK190016,0.33699719198193806,Bereikbaarheid_Voorzieningen,entropy,Voorzieningen
BU19001600,0.33211108169587866,Bereikbaarheid_Voorzieningen,entropy,Voorzieningen
BU19001601,0.4899359776487012,Bereikbaarheid_Voorzieningen,entropy,Voorzieningen
BU19001602,0.3595138969265205,Bereikbaarheid_Voorzieningen,entropy,Voorzieningen
BU19001603,0.16624184059315697,Bereikbaarheid_Voorzieningen,entropy,Voorzieningen
BU19001604,0.4308064279081295,Bereikbaarheid_Voorzieningen,entropy,Voorzieningen
BU19001606,0.37197331674290124,Bereikbaarheid_Voorzieningen,entropy,Voorzieningen
BU19001607,0.25980904513839104,Bereikbaarheid_Voorzieningen,entropy,Voorzieningen
BU19001608,0.3780668876715348,Bereikbaarheid_Voorzieningen,entropy,Voorzieningen
WK190017,0.08119108870909733,Bereikbaarheid_Voorzieningen,entropy,Voorzieningen
BU19001700,0.07680510265596144,Bereikbaarheid_Voorzieningen,entropy,Voorzieningen
BU19001709,0.16846145713845823,Bereikbaarheid_Voorzieningen,entropy,Voorzieningen
WK190018,0.2917839061444902,Bereikbaarheid_Voorzieningen,entropy,Voorzieningen
BU19001800,0.2269159095355002,Bereikbaarheid_Voorzieningen,entropy,Voorzieningen
BU19001801,0.3632741461759095,Bereikbaarheid_Voorzieningen,entropy,Voorzieningen
BU19001802,0.27529141623498826,Bereikbaarheid_Voorzieningen,entropy,Voorzieningen
BU19001803,0.4089739951007861,Bereikbaarheid_Voorzieningen,entropy,Voorzieningen
BU19001804,0.22092318332009053,Bereikbaarheid_Voorzieningen,entropy,Voorzieningen
BU19001808,0.25086573118081484,Bereikbaarheid_Voorzieningen,entropy,Voorzieningen
BU19001809,0.4239298039916763,Bereikbaarheid_Voorzieningen,entropy,Voorzieningen
WK190019,0.26679956383097814,Bereikbaarheid_Voorzieningen,entropy,Voorzieningen
BU19001900,0.23948437594349425,Bereikbaarheid_Voorzieningen,entropy,Voorzieningen
BU19001901,0.31467142921016533,Bereikbaarheid_Voorzieningen,entropy,Voorzieningen
BU19001902,0.2213340851362563,Bereikbaarheid_Voorzieningen,entropy,Voorzieningen
BU19001903,0.3357098719906265,Bereikbaarheid_Voorzieningen,entropy,Voorzieningen
BU19001904,0.2930799594101813,Bereikbaarheid_Voorzieningen,entropy,Voorzieningen
WK190020,0.15739080782508047,Bereikbaarheid_Voorzieningen,entropy,Voorzieningen
BU19002001,0.0674317288156279,Bereikbaarheid_Voorzieningen,entropy,Voorzieningen
BU19002002,0.14397160721829502,Bereikbaarheid_Voorzieningen,entropy,Voorzieningen
BU19002003,0.32450674310342403,Bereikbaarheid_Voorzieningen,entropy,Voorzieningen
BU19002004,0.19188682569507726,Bereikbaarheid_Voorzieningen,entropy,Voorzieningen
BU19002005,0.21331204634869208,Bereikbaarheid_Voorzieningen,entropy,Voorzieningen
BU19002006,0.2521717334282702,Bereikbaarheid_Voorzieningen,entropy,Voorzieningen
BU19002007,0.3476499565076633,Bereikbaarheid_Voorzieningen,entropy,Voorzieningen
BU19002008,0.22021494520489096,Bereikbaarheid_Voorzieningen,entropy,Voorzieningen
BU19002009,0.16529351073518103,Bereikbaarheid_Voorzieningen,entropy,Voorzieningen
BU19002010,0.2125497843053459,Bereikbaarheid_Voorzieningen,entropy,Voorzieningen
BU19002011,0.26140195557137086,Bereikbaarheid_Voorzieningen,entropy,Voorzieningen
BU19002012,0.2522686004324043,Bereikbaarheid_Voorzieningen,entropy,Voorzieningen
BU19002013,0.35342445002654316,Bereikbaarheid_Voorzieningen,entropy,Voorzieningen
BU19002014,0.3017895158641129,Bereikbaarheid_Voorzieningen,entropy,Voorzieningen
BU19002015,0.3417955075494724,Bereikbaarheid_Voorzieningen,entropy,Voorzieningen
BU19002016,0.3349609210190086,Bereikbaarheid_Voorzieningen,entropy,Voorzieningen
BU19002017,0.1026949506969879,Bereikbaarheid_Voorzieningen,entropy,Voorzieningen
BU19002018,0.2745028812871486,Bereikbaarheid_Voorzieningen,entropy,Voorzieningen
BU19002019,0.21654080704177392,Bereikbaarheid_Voorzieningen,entropy,Voorzieningen
GM0093,0.10686513691126527,Bereikbaarheid_Voorzieningen,entropy,Voorzieningen
WK009300,0.06691811855381652,Bereikbaarheid_Voorzieningen,entropy,Voorzieningen
BU00930000,0.06691811855381652,Bereikbaarheid_Voorzieningen,entropy,Voorzieningen
BU00930002,0.18550765533621638,Bereikbaarheid_Voorzieningen,entropy,Voorzieningen
WK009301,0.05611815045117088,Bereikbaarheid_Voorzieningen,entropy,Voorzieningen
BU00930110,0.03250002024433083,Bereikbaarheid_Voorzieningen,entropy,Voorzieningen
BU00930111,0.10173884090213081,Bereikbaarheid_Voorzieningen,entropy,Voorzieningen
BU00930112,0.3024697109622254,Bereikbaarheid_Voorzieningen,entropy,Voorzieningen
WK009302,0.1628781263711978,Bereikbaarheid_Voorzieningen,entropy,Voorzieningen
BU00930213,0.1750190055235531,Bereikbaarheid_Voorzieningen,entropy,Voorzieningen
BU00930214,0.13934849132902183,Bereikbaarheid_Voorzieningen,entropy,Voorzieningen
BU00930215,0.27351016412949175,Bereikbaarheid_Voorzieningen,entropy,Voorzieningen
WK009303,0.2089812065012499,Bereikbaarheid_Voorzieningen,entropy,Voorzieningen
BU00930316,0.20755390948572183,Bereikbaarheid_Voorzieningen,entropy,Voorzieningen
BU00930317,0.27547485237836966,Bereikbaarheid_Voorzieningen,entropy,Voorzieningen
WK009304,0.25982478957830646,Bereikbaarheid_Voorzieningen,entropy,Voorzieningen
BU00930418,0.2471113451004335,Bereikbaarheid_Voorzieningen,entropy,Voorzieningen
BU00930419,0.25982478957830646,Bereikbaarheid_Voorzieningen,entropy,Voorzieningen
BU00930420,0.27426434550908607,Bereikbaarheid_Voorzieningen,entropy,Voorzieningen
WK009305,0.4873652668460394,Bereikbaarheid_Voorzieningen,entropy,Voorzieningen
BU00930521,0.4887925638615675,Bereikbaarheid_Voorzieningen,entropy,Voorzieningen
BU00930522,0.25161810600144957,Bereikbaarheid_Voorzieningen,entropy,Voorzieningen
BU00930523,0.35641762016857137,Bereikbaarheid_Voorzieningen,entropy,Voorzieningen
GM0737,0.12592092025064575,Bereikbaarheid_Voorzieningen,entropy,Voorzieningen
WK073700,0.11274418706581815,Bereikbaarheid_Voorzieningen,entropy,Voorzieningen
BU07370000,0.10977033653440035,Bereikbaarheid_Voorzieningen,entropy,Voorzieningen
BU07370009,0.20691463677094185,Bereikbaarheid_Voorzieningen,entropy,Voorzieningen
WK073701,0.17905500490510098,Bereikbaarheid_Voorzieningen,entropy,Voorzieningen
BU07370100,0.19579481244952196,Bereikbaarheid_Voorzieningen,entropy,Voorzieningen
BU07370101,0.1361146572984009,Bereikbaarheid_Voorzieningen,entropy,Voorzieningen
BU07370102,0.4442562405565963,Bereikbaarheid_Voorzieningen,entropy,Voorzieningen
BU07370108,0.28526002799509154,Bereikbaarheid_Voorzieningen,entropy,Voorzieningen
BU07370109,0.1964315617625974,Bereikbaarheid_Voorzieningen,entropy,Voorzieningen
WK073702,0.1307500936731329,Bereikbaarheid_Voorzieningen,entropy,Voorzieningen
BU07370200,0.16925916140167804,Bereikbaarheid_Voorzieningen,entropy,Voorzieningen
BU07370201,0.11704388597946797,Bereikbaarheid_Voorzieningen,entropy,Voorzieningen
BU07370208,0.203665348517493,Bereikbaarheid_Voorzieningen,entropy,Voorzieningen
BU07370209,0.1630343299347133,Bereikbaarheid_Voorzieningen,entropy,Voorzieningen
WK073703,0.16830765745622434,Bereikbaarheid_Voorzieningen,entropy,Voorzieningen
BU07370300,0.16392890077338543,Bereikbaarheid_Voorzieningen,entropy,Voorzieningen
BU07370309,0.2216326363535224,Bereikbaarheid_Voorzieningen,entropy,Voorzieningen
WK073704,0.21002819393940428,Bereikbaarheid_Voorzieningen,entropy,Voorzieningen
BU07370400,0.16866656669072339,Bereikbaarheid_Voorzieningen,entropy,Voorzieningen
BU07370401,0.21674194315225576,Bereikbaarheid_Voorzieningen,entropy,Voorzieningen
BU07370408,0.392262642115575,Bereikbaarheid_Voorzieningen,entropy,Voorzieningen
BU07370409,0.43263945559698375,Bereikbaarheid_Voorzieningen,entropy,Voorzieningen
WK073705,0.08450912532928183,Bereikbaarheid_Voorzieningen,entropy,Voorzieningen
BU07370500,0.12969367044607405,Bereikbaarheid_Voorzieningen,entropy,Voorzieningen
BU07370501,0.05225300403014335,Bereikbaarheid_Voorzieningen,entropy,Voorzieningen
BU07370508,0.17128182712095927,Bereikbaarheid_Voorzieningen,entropy,Voorzieningen
BU07370509,0.15975743412645085,Bereikbaarheid_Voorzieningen,entropy,Voorzieningen
WK073706,0.1759128708732504,Bereikbaarheid_Voorzieningen,entropy,Voorzieningen
BU07370600,0.13702135826984918,Bereikbaarheid_Voorzieningen,entropy,Voorzieningen
BU07370609,0.2562092885494639,Bereikbaarheid_Voorzieningen,entropy,Voorzieningen
WK073707,0.1116558822188779,Bereikbaarheid_Voorzieningen,entropy,Voorzieningen
BU07370700,0.05613331194498084,Bereikbaarheid_Voorzieningen,entropy,Voorzieningen
BU07370701,0.13731840941484602,Bereikbaarheid_Voorzieningen,entropy,Voorzieningen
BU07370708,0.22060779216964246,Bereikbaarheid_Voorzieningen,entropy,Voorzieningen
BU07370709,0.1788129507536159,Bereikbaarheid_Voorzieningen,entropy,Voorzieningen
WK073708,0.097664801714784,Bereikbaarheid_Voorzieningen,entropy,Voorzieningen
BU07370800,0.06306090425630198,Bereikbaarheid_Voorzieningen,entropy,Voorzieningen
BU07370809,0.16310501860019117,Bereikbaarheid_Voorzieningen,entropy,Voorzieningen
WK073709,0.0981711826062984,Bereikbaarheid_Voorzieningen,entropy,Voorzieningen
BU07370900,0.09377003505935254,Bereikbaarheid_Voorzieningen,entropy,Voorzieningen
BU07370909,0.17521804813444056,Bereikbaarheid_Voorzieningen,entropy,Voorzieningen
GM0096,0.061478907581340975,Bereikbaarheid_Voorzieningen,entropy,Voorzieningen
WK009600,0.061478907581340975,Bereikbaarheid_Voorzieningen,entropy,Voorzieningen
BU00960000,0.05235780178991098,Bereikbaarheid_Voorzieningen,entropy,Voorzieningen
BU00960009,0.21149284882462505,Bereikbaarheid_Voorzieningen,entropy,Voorzieningen
GM1949,0.12650856693652718,Bereikbaarheid_Voorzieningen,entropy,Voorzieningen
WK194915,0.1887208970892489,Bereikbaarheid_Voorzieningen,entropy,Voorzieningen
BU19491500,0.27899323101246953,Bereikbaarheid_Voorzieningen,entropy,Voorzieningen
BU19491501,0.177093628198705,Bereikbaarheid_Voorzieningen,entropy,Voorzieningen
WK194916,0.08799976267392273,Bereikbaarheid_Voorzieningen,entropy,Voorzieningen
BU19491600,0.21437997386847918,Bereikbaarheid_Voorzieningen,entropy,Voorzieningen
BU19491601,0.09853547778526656,Bereikbaarheid_Voorzieningen,entropy,Voorzieningen
BU19491602,0.039101572487816684,Bereikbaarheid_Voorzieningen,entropy,Voorzieningen
BU19491603,0.08281934636743171,Bereikbaarheid_Voorzieningen,entropy,Voorzieningen
BU19491604,0.0737600276525352,Bereikbaarheid_Voorzieningen,entropy,Voorzieningen
BU19491605,0.057880924930009216,Bereikbaarheid_Voorzieningen,entropy,Voorzieningen
BU19491606,0.07412114628009164,Bereikbaarheid_Voorzieningen,entropy,Voorzieningen
WK194917,0.20926857400881865,Bereikbaarheid_Voorzieningen,entropy,Voorzieningen
BU19491700,0.20926857400881865,Bereikbaarheid_Voorzieningen,entropy,Voorzieningen
WK194918,0.06504552497009156,Bereikbaarheid_Voorzieningen,entropy,Voorzieningen
BU19491800,0.1672726731236534,Bereikbaarheid_Voorzieningen,entropy,Voorzieningen
BU19491801,0.06944667251703741,Bereikbaarheid_Voorzieningen,entropy,Voorzieningen
BU19491802,0.046788151893421615,Bereikbaarheid_Voorzieningen,entropy,Voorzieningen
BU19491803,0.10817230303735356,Bereikbaarheid_Voorzieningen,entropy,Voorzieningen
BU19491804,0.13142587135301,Bereikbaarheid_Voorzieningen,entropy,Voorzieningen
WK194919,0.16817975908287985,Bereikbaarheid_Voorzieningen,entropy,Voorzieningen
BU19491900,0.20735112451947052,Bereikbaarheid_Voorzieningen,entropy,Voorzieningen
BU19491901,0.1609464083689848,Bereikbaarheid_Voorzieningen,entropy,Voorzieningen
WK194920,0.11527389704724308,Bereikbaarheid_Voorzieningen,entropy,Voorzieningen
BU19492000,0.19882983964485162,Bereikbaarheid_Voorzieningen,entropy,Voorzieningen
BU19492001,0.10804054633334803,Bereikbaarheid_Voorzieningen,entropy,Voorzieningen
WK194921,0.26431999413755436,Bereikbaarheid_Voorzieningen,entropy,Voorzieningen
BU19492100,0.26431999413755436,Bereikbaarheid_Voorzieningen,entropy,Voorzieningen
WK194922,0.24537618413925727,Bereikbaarheid_Voorzieningen,entropy,Voorzieningen
BU19492200,0.24537618413925727,Bereikbaarheid_Voorzieningen,entropy,Voorzieningen
WK194923,0.26058996846391436,Bereikbaarheid_Voorzieningen,entropy,Voorzieningen
BU19492300,0.2533414562562093,Bereikbaarheid_Voorzieningen,entropy,Voorzieningen
BU19492301,0.26058996846391436,Bereikbaarheid_Voorzieningen,entropy,Voorzieningen
WK194924,0.1350241045886242,Bereikbaarheid_Voorzieningen,entropy,Voorzieningen
BU19492400,0.27266148601931944,Bereikbaarheid_Voorzieningen,entropy,Voorzieningen
BU19492401,0.11703891662676903,Bereikbaarheid_Voorzieningen,entropy,Voorzieningen
WK194925,0.19371366886749775,Bereikbaarheid_Voorzieningen,entropy,Voorzieningen
BU19492500,0.21108590713309117,Bereikbaarheid_Voorzieningen,entropy,Voorzieningen
BU19492501,0.19040584614473172,Bereikbaarheid_Voorzieningen,entropy,Voorzieningen
WK194926,0.0863859637561823,Bereikbaarheid_Voorzieningen,entropy,Voorzieningen
BU19492600,0.21196451532708668,Bereikbaarheid_Voorzieningen,entropy,Voorzieningen
BU19492601,0.15954017225642037,Bereikbaarheid_Voorzieningen,entropy,Voorzieningen
BU19492602,0.06295610649653435,Bereikbaarheid_Voorzieningen,entropy,Voorzieningen
BU19492603,0.09031440252570533,Bereikbaarheid_Voorzieningen,entropy,Voorzieningen
BU19492604,0.0840579334555695,Bereikbaarheid_Voorzieningen,entropy,Voorzieningen
WK194927,0.2463012476479935,Bereikbaarheid_Voorzieningen,entropy,Voorzieningen
BU19492700,0.2463012476479935,Bereikbaarheid_Voorzieningen,entropy,Voorzieningen
WK194928,0.1362145088296564,Bereikbaarheid_Voorzieningen,entropy,Voorzieningen
BU19492800,0.2516047079293954,Bereikbaarheid_Voorzieningen,entropy,Voorzieningen
BU19492801,0.24943683561353272,Bereikbaarheid_Voorzieningen,entropy,Voorzieningen
BU19492802,0.09237747844967978,Bereikbaarheid_Voorzieningen,entropy,Voorzieningen
BU19492803,0.14455748696283488,Bereikbaarheid_Voorzieningen,entropy,Voorzieningen
BU19492804,0.12134120429287995,Bereikbaarheid_Voorzieningen,entropy,Voorzieningen
BU19492805,0.2217377012541872,Bereikbaarheid_Voorzieningen,entropy,Voorzieningen
BU19492806,0.23431084370868788,Bereikbaarheid_Voorzieningen,entropy,Voorzieningen
BU19492807,0.2323276015117604,Bereikbaarheid_Voorzieningen,entropy,Voorzieningen
BU19492808,0.11065001302015968,Bereikbaarheid_Voorzieningen,entropy,Voorzieningen
BU19492809,0.12787082794326196,Bereikbaarheid_Voorzieningen,entropy,Voorzieningen
BU19492810,0.17067561782237628,Bereikbaarheid_Voorzieningen,entropy,Voorzieningen
BU19492811,0.096885897554589,Bereikbaarheid_Voorzieningen,entropy,Voorzieningen
BU19492812,0.18954239987322785,Bereikbaarheid_Voorzieningen,entropy,Voorzieningen
BU19492813,0.0992573768865136,Bereikbaarheid_Voorzieningen,entropy,Voorzieningen
BU19492814,0.142036162369911,Bereikbaarheid_Voorzieningen,entropy,Voorzieningen
BU19492815,0.15521898382374197,Bereikbaarheid_Voorzieningen,entropy,Voorzieningen
BU19492816,0.11722740335455882,Bereikbaarheid_Voorzieningen,entropy,Voorzieningen
BU19492817,0.14328197746046634,Bereikbaarheid_Voorzieningen,entropy,Voorzieningen
WK194929,0.29167195088475767,Bereikbaarheid_Voorzieningen,entropy,Voorzieningen
BU19492900,0.29167195088475767,Bereikbaarheid_Voorzieningen,entropy,Voorzieningen
WK194930,0.35697969066027413,Bereikbaarheid_Voorzieningen,entropy,Voorzieningen
BU19493000,0.35697969066027413,Bereikbaarheid_Voorzieningen,entropy,Voorzieningen
WK194931,0.22715999597266284,Bereikbaarheid_Voorzieningen,entropy,Voorzieningen
BU19493100,0.2518798214752733,Bereikbaarheid_Voorzieningen,entropy,Voorzieningen
BU19493101,0.21992664525876776,Bereikbaarheid_Voorzieningen,entropy,Voorzieningen
WK194932,0.12296637449412229,Bereikbaarheid_Voorzieningen,entropy,Voorzieningen
BU19493200,0.2533646620920388,Bereikbaarheid_Voorzieningen,entropy,Voorzieningen
BU19493201,0.07876461058709981,Bereikbaarheid_Voorzieningen,entropy,Voorzieningen
BU19493202,0.08050278617665318,Bereikbaarheid_Voorzieningen,entropy,Voorzieningen
WK194933,0.24596841519005952,Bereikbaarheid_Voorzieningen,entropy,Voorzieningen
BU19493300,0.24596841519005952,Bereikbaarheid_Voorzieningen,entropy,Voorzieningen
WK194934,0.11433604975231906,Bereikbaarheid_Voorzieningen,entropy,Voorzieningen
BU19493400,0.2322447628607997,Bereikbaarheid_Voorzieningen,entropy,Voorzieningen
BU19493401,0.09074824253309893,Bereikbaarheid_Voorzieningen,entropy,Voorzieningen
WK194935,0.06893306225522605,Bereikbaarheid_Voorzieningen,entropy,Voorzieningen
BU19493500,0.17968644014403945,Bereikbaarheid_Voorzieningen,entropy,Voorzieningen
BU19493501,0.07812071069529077,Bereikbaarheid_Voorzieningen,entropy,Voorzieningen
BU19493502,0.04829671470331675,Bereikbaarheid_Voorzieningen,entropy,Voorzieningen
BU19493503,0.06265138900104225,Bereikbaarheid_Voorzieningen,entropy,Voorzieningen
WK194936,0.05457882630557817,Bereikbaarheid_Voorzieningen,entropy,Voorzieningen
BU19493600,0.16009863568809607,Bereikbaarheid_Voorzieningen,entropy,Voorzieningen
BU19493601,0.10660335865735689,Bereikbaarheid_Voorzieningen,entropy,Voorzieningen
BU19493602,0.04544255902033821,Bereikbaarheid_Voorzieningen,entropy,Voorzieningen
BU19493603,0.04358512693042321,Bereikbaarheid_Voorzieningen,entropy,Voorzieningen
WK194937,0.2400286476186163,Bereikbaarheid_Voorzieningen,entropy,Voorzieningen
BU19493700,0.2400286476186163,Bereikbaarheid_Voorzieningen,entropy,Voorzieningen
WK194938,0.24514727684857382,Bereikbaarheid_Voorzieningen,entropy,Voorzieningen
BU19493800,0.27632188569087085,Bereikbaarheid_Voorzieningen,entropy,Voorzieningen
BU19493801,0.23886560359439005,Bereikbaarheid_Voorzieningen,entropy,Voorzieningen
WK194939,0.16625534462837308,Bereikbaarheid_Voorzieningen,entropy,Voorzieningen
BU19493900,0.2607493619710157,Bereikbaarheid_Voorzieningen,entropy,Voorzieningen
BU19493901,0.12096748526746781,Bereikbaarheid_Voorzieningen,entropy,Voorzieningen
WK194940,0.2702713277525485,Bereikbaarheid_Voorzieningen,entropy,Voorzieningen
BU19494000,0.2702713277525485,Bereikbaarheid_Voorzieningen,entropy,Voorzieningen
WK194941,0.1625437144638925,Bereikbaarheid_Voorzieningen,entropy,Voorzieningen
BU19494100,0.1625437144638925,Bereikbaarheid_Voorzieningen,entropy,Voorzieningen
WK194942,0.18107169609862167,Bereikbaarheid_Voorzieningen,entropy,Voorzieningen
BU19494200,0.20062696954176712,Bereikbaarheid_Voorzieningen,entropy,Voorzieningen
BU19494201,0.1775986940459865,Bereikbaarheid_Voorzieningen,entropy,Voorzieningen
WK194943,0.2524521915562226,Bereikbaarheid_Voorzieningen,entropy,Voorzieningen
BU19494300,0.2524521915562226,Bereikbaarheid_Voorzieningen,entropy,Voorzieningen
WK194944,0.05453290347607064,Bereikbaarheid_Voorzieningen,entropy,Voorzieningen
BU19494400,0.16458941950099956,Bereikbaarheid_Voorzieningen,entropy,Voorzieningen
BU19494401,0.045411797684640653,Bereikbaarheid_Voorzieningen,entropy,Voorzieningen
BU19494402,0.07630876308680566,Bereikbaarheid_Voorzieningen,entropy,Voorzieningen
BU19494403,0.27547485237836966,Bereikbaarheid_Voorzieningen,entropy,Voorzieningen
WK194945,0.35601047247439443,Bereikbaarheid_Voorzieningen,entropy,Voorzieningen
BU19494500,0.35601047247439443,Bereikbaarheid_Voorzieningen,entropy,Voorzieningen
WK194946,0.2860844931212027,Bereikbaarheid_Voorzieningen,entropy,Voorzieningen
BU19494600,0.2860844931212027,Bereikbaarheid_Voorzieningen,entropy,Voorzieningen
WK194947,0.22266142933026253,Bereikbaarheid_Voorzieningen,entropy,Voorzieningen
BU19494700,0.25530925801759513,Bereikbaarheid_Voorzieningen,entropy,Voorzieningen
BU19494701,0.21496762055436058,Bereikbaarheid_Voorzieningen,entropy,Voorzieningen
WK194948,0.21935290537901675,Bereikbaarheid_Voorzieningen,entropy,Voorzieningen
BU19494800,0.2937240128565016,Bereikbaarheid_Voorzieningen,entropy,Voorzieningen
BU19494801,0.20138287891097154,Bereikbaarheid_Voorzieningen,entropy,Voorzieningen
WK194949,0.1114723824964563,Bereikbaarheid_Voorzieningen,entropy,Voorzieningen
BU19494900,0.19116140762805758,Bereikbaarheid_Voorzieningen,entropy,Voorzieningen
BU19494901,0.10377857372055439,Bereikbaarheid_Voorzieningen,entropy,Voorzieningen
BU19494902,0.09227056133037208,Bereikbaarheid_Voorzieningen,entropy,Voorzieningen
WK194950,0.15255855530963452,Bereikbaarheid_Voorzieningen,entropy,Voorzieningen
BU19495000,0.2384951446011298,Bereikbaarheid_Voorzieningen,entropy,Voorzieningen
BU19495001,0.1302097721587504,Bereikbaarheid_Voorzieningen,entropy,Voorzieningen
WK194951,0.286553950230607,Bereikbaarheid_Voorzieningen,entropy,Voorzieningen
BU19495100,0.286553950230607,Bereikbaarheid_Voorzieningen,entropy,Voorzieningen
WK194952,0.2451418185232566,Bereikbaarheid_Voorzieningen,entropy,Voorzieningen
BU19495200,0.2451418185232566,Bereikbaarheid_Voorzieningen,entropy,Voorzieningen
WK194953,0.03976369394584582,Bereikbaarheid_Voorzieningen,entropy,Voorzieningen
BU19495300,0.1838136315311908,Bereikbaarheid_Voorzieningen,entropy,Voorzieningen
BU19495301,0.03253034323195077,Bereikbaarheid_Voorzieningen,entropy,Voorzieningen
BU19495302,0.07576703923043175,Bereikbaarheid_Voorzieningen,entropy,Voorzieningen
WK194954,0.15982266599134773,Bereikbaarheid_Voorzieningen,entropy,Voorzieningen
BU19495400,0.20851477673107552,Bereikbaarheid_Voorzieningen,entropy,Voorzieningen
BU19495401,0.13837963747066737,Bereikbaarheid_Voorzieningen,entropy,Voorzieningen
WK194955,0.33309924682167685,Bereikbaarheid_Voorzieningen,entropy,Voorzieningen
BU19495500,0.33309924682167685,Bereikbaarheid_Voorzieningen,entropy,Voorzieningen
GM0098,0.18551719155802376,Bereikbaarheid_Voorzieningen,entropy,Voorzieningen
WK009800,0.15140082758478807,Bereikbaarheid_Voorzieningen,entropy,Voorzieningen
BU00980001,0.2320707120624269,Bereikbaarheid_Voorzieningen,entropy,Voorzieningen
BU00980002,0.186465183105277,Bereikbaarheid_Voorzieningen,entropy,Voorzieningen
BU00980003,0.19519879990620406,Bereikbaarheid_Voorzieningen,entropy,Voorzieningen
BU00980004,0.17107033618317616,Bereikbaarheid_Voorzieningen,entropy,Voorzieningen
BU00980005,0.13994667014762627,Bereikbaarheid_Voorzieningen,entropy,Voorzieningen
BU00980006,0.1279781996954371,Bereikbaarheid_Voorzieningen,entropy,Voorzieningen
BU00980007,0.11983186498104133,Bereikbaarheid_Voorzieningen,entropy,Voorzieningen
BU00980008,0.14348507374760255,Bereikbaarheid_Voorzieningen,entropy,Voorzieningen
BU00980009,0.15666471907870355,Bereikbaarheid_Voorzieningen,entropy,Voorzieningen
BU00980010,0.14586695900123586,Bereikbaarheid_Voorzieningen,entropy,Voorzieningen
BU00980011,0.1735024614903406,Bereikbaarheid_Voorzieningen,entropy,Voorzieningen
BU00980012,0.13645850660118114,Bereikbaarheid_Voorzieningen,entropy,Voorzieningen
BU00980013,0.15310030971513094,Bereikbaarheid_Voorzieningen,entropy,Voorzieningen
BU00980014,0.12679303058012162,Bereikbaarheid_Voorzieningen,entropy,Voorzieningen
BU00980015,0.1270652156949364,Bereikbaarheid_Voorzieningen,entropy,Voorzieningen
BU00980016,0.14021885526244104,Bereikbaarheid_Voorzieningen,entropy,Voorzieningen
BU00980017,0.13967448503281152,Bereikbaarheid_Voorzieningen,entropy,Voorzieningen
BU00980018,0.1525559394855014,Bereikbaarheid_Voorzieningen,entropy,Voorzieningen
BU00980019,0.1377206242868401,Bereikbaarheid_Voorzieningen,entropy,Voorzieningen
BU00980020,0.15850478028175116,Bereikbaarheid_Voorzieningen,entropy,Voorzieningen
BU00980021,0.19704213785487523,Bereikbaarheid_Voorzieningen,entropy,Voorzieningen
WK009801,0.33006440942539456,Bereikbaarheid_Voorzieningen,entropy,Voorzieningen
BU00980101,0.2984296092333061,Bereikbaarheid_Voorzieningen,entropy,Voorzieningen
BU00980102,0.34260245429126124,Bereikbaarheid_Voorzieningen,entropy,Voorzieningen
BU00980103,0.3112761540263783,Bereikbaarheid_Voorzieningen,entropy,Voorzieningen
BU00980104,0.36051333774895156,Bereikbaarheid_Voorzieningen,entropy,Voorzieningen
WK009802,0.387335365000791,Bereikbaarheid_Voorzieningen,entropy,Voorzieningen
BU00980201,0.36313514287761944,Bereikbaarheid_Voorzieningen,entropy,Voorzieningen
BU00980202,0.4074607463570675,Bereikbaarheid_Voorzieningen,entropy,Voorzieningen
WK009803,0.34550139459506934,Bereikbaarheid_Voorzieningen,entropy,Voorzieningen
BU00980301,0.3038574420828828,Bereikbaarheid_Voorzieningen,entropy,Voorzieningen
BU00980302,0.3316008227925933,Bereikbaarheid_Voorzieningen,entropy,Voorzieningen
BU00980303,0.3474594042504995,Bereikbaarheid_Voorzieningen,entropy,Voorzieningen
BU00980304,0.3258182284069539,Bereikbaarheid_Voorzieningen,entropy,Voorzieningen
BU00980305,0.4351666017466956,Bereikbaarheid_Voorzieningen,entropy,Voorzieningen
WK009804,0.3201222609543707,Bereikbaarheid_Voorzieningen,entropy,Voorzieningen
BU00980401,0.29353178412019554,Bereikbaarheid_Voorzieningen,entropy,Voorzieningen
BU00980402,0.32708342655345096,Bereikbaarheid_Voorzieningen,entropy,Voorzieningen
BU00980403,0.3457997537880452,Bereikbaarheid_Voorzieningen,entropy,Voorzieningen
WK009805,0.28964829855789176,Bereikbaarheid_Voorzieningen,entropy,Voorzieningen
BU00980501,0.3240801254700735,Bereikbaarheid_Voorzieningen,entropy,Voorzieningen
BU00980502,0.2537891746301819,Bereikbaarheid_Voorzieningen,entropy,Voorzieningen
WK009806,0.2410234332200147,Bereikbaarheid_Voorzieningen,entropy,Voorzieningen
BU00980601,0.26325252289033896,Bereikbaarheid_Voorzieningen,entropy,Voorzieningen
BU00980602,0.23308026717360322,Bereikbaarheid_Voorzieningen,entropy,Voorzieningen
WK009807,0.23305516001932647,Bereikbaarheid_Voorzieningen,entropy,Voorzieningen
BU00980701,0.23072210837359464,Bereikbaarheid_Voorzieningen,entropy,Voorzieningen
BU00980702,0.28667762567394023,Bereikbaarheid_Voorzieningen,entropy,Voorzieningen
WK009808,0.2944606346747993,Bereikbaarheid_Voorzieningen,entropy,Voorzieningen
BU00980801,0.2779855147948012,Bereikbaarheid_Voorzieningen,entropy,Voorzieningen
BU00980802,0.31568312500850737,Bereikbaarheid_Voorzieningen,entropy,Voorzieningen
WK009809,0.2765620723531435,Bereikbaarheid_Voorzieningen,entropy,Voorzieningen
BU00980901,0.28785121978922135,Bereikbaarheid_Voorzieningen,entropy,Voorzieningen
BU00980902,0.2943171164179867,Bereikbaarheid_Voorzieningen,entropy,Voorzieningen
BU00980903,0.24800548441123993,Bereikbaarheid_Voorzieningen,entropy,Voorzieningen
WK009810,0.0962942704306704,Bereikbaarheid_Voorzieningen,entropy,Voorzieningen
BU00981001,0.07514722570242079,Bereikbaarheid_Voorzieningen,entropy,Voorzieningen
BU00981002,0.0656969023525461,Bereikbaarheid_Voorzieningen,entropy,Voorzieningen
BU00981003,0.05536639272718408,Bereikbaarheid_Voorzieningen,entropy,Voorzieningen
BU00981004,0.06896559463590338,Bereikbaarheid_Voorzieningen,entropy,Voorzieningen
BU00981005,0.06859698086503219,Bereikbaarheid_Voorzieningen,entropy,Voorzieningen
BU00981006,0.13055696632750718,Bereikbaarheid_Voorzieningen,entropy,Voorzieningen
BU00981007,0.11394548620117735,Bereikbaarheid_Voorzieningen,entropy,Voorzieningen
BU00981008,0.16136948613761867,Bereikbaarheid_Voorzieningen,entropy,Voorzieningen
BU00981009,0.19482399673292006,Bereikbaarheid_Voorzieningen,entropy,Voorzieningen
WK009811,0.16985772704527102,Bereikbaarheid_Voorzieningen,entropy,Voorzieningen
BU00981101,0.19362085374305124,Bereikbaarheid_Voorzieningen,entropy,Voorzieningen
BU00981102,0.156182545092442,Bereikbaarheid_Voorzieningen,entropy,Voorzieningen
WK009812,0.23610285385446952,Bereikbaarheid_Voorzieningen,entropy,Voorzieningen
BU00981201,0.23610285385446952,Bereikbaarheid_Voorzieningen,entropy,Voorzieningen
WK009813,0.25543751645796975,Bereikbaarheid_Voorzieningen,entropy,Voorzieningen
BU00981301,0.19635495287085605,Bereikbaarheid_Voorzieningen,entropy,Voorzieningen
BU00981302,0.30003821712348333,Bereikbaarheid_Voorzieningen,entropy,Voorzieningen
WK009814,0.2734317757662362,Bereikbaarheid_Voorzieningen,entropy,Voorzieningen
BU00981401,0.26833818240576185,Bereikbaarheid_Voorzieningen,entropy,Voorzieningen
BU00981402,0.2851251503252166,Bereikbaarheid_Voorzieningen,entropy,Voorzieningen
WK009815,0.19664467624790533,Bereikbaarheid_Voorzieningen,entropy,Voorzieningen
BU00981501,0.177240123394035,Bereikbaarheid_Voorzieningen,entropy,Voorzieningen
BU00981502,0.23419889364028396,Bereikbaarheid_Voorzieningen,entropy,Voorzieningen
GM0059,0.12742389727840253,Bereikbaarheid_Voorzieningen,weighted_mean,Voorzieningen
WK005900,0.12186834172284697,Bereikbaarheid_Voorzieningen,weighted_mean,Voorzieningen
BU00590000,0.07362836568783987,Bereikbaarheid_Voorzieningen,weighted_mean,Voorzieningen
BU00590001,0.1814228087349844,Bereikbaarheid_Voorzieningen,weighted_mean,Voorzieningen
BU00590002,0.058883030617906826,Bereikbaarheid_Voorzieningen,weighted_mean,Voorzieningen
BU00590003,0.1488820639356673,Bereikbaarheid_Voorzieningen,weighted_mean,Voorzieningen
BU00590004,0.33135000369323525,Bereikbaarheid_Voorzieningen,weighted_mean,Voorzieningen
BU00590005,0.19697988417889722,Bereikbaarheid_Voorzieningen,weighted_mean,Voorzieningen
BU00590006,0.21929538786086059,Bereikbaarheid_Voorzieningen,weighted_mean,Voorzieningen
BU00590007,0.18559046364074872,Bereikbaarheid_Voorzieningen,weighted_mean,Voorzieningen
BU00590008,0.2781624352372247,Bereikbaarheid_Voorzieningen,weighted_mean,Voorzieningen
BU00590009,0.40690764844597915,Bereikbaarheid_Voorzieningen,weighted_mean,Voorzieningen
WK005901,0.20426544772243746,Bereikbaarheid_Voorzieningen,weighted_mean,Voorzieningen
BU00590100,0.36171488234578514,Bereikbaarheid_Voorzieningen,weighted_mean,Voorzieningen
BU00590102,0.10684606335929404,Bereikbaarheid_Voorzieningen,weighted_mean,Voorzieningen
BU00590103,0.26529700363827824,Bereikbaarheid_Voorzieningen,weighted_mean,Voorzieningen
BU00590107,0.46510619687468163,Bereikbaarheid_Voorzieningen,weighted_mean,Voorzieningen
BU00590108,0.20203473365644728,Bereikbaarheid_Voorzieningen,weighted_mean,Voorzieningen
BU00590109,0.36048144827179973,Bereikbaarheid_Voorzieningen,weighted_mean,Voorzieningen
WK005902,0.11437833345644116,Bereikbaarheid_Voorzieningen,weighted_mean,Voorzieningen
BU00590200,0.07548047639513648,Bereikbaarheid_Voorzieningen,weighted_mean,Voorzieningen
BU00590201,0.061289882395132125,Bereikbaarheid_Voorzieningen,weighted_mean,Voorzieningen
BU00590202,0.2781383149310488,Bereikbaarheid_Voorzieningen,weighted_mean,Voorzieningen
BU00590203,0.19803873886873977,Bereikbaarheid_Voorzieningen,weighted_mean,Voorzieningen
BU00590206,0.18235126521096062,Bereikbaarheid_Voorzieningen,weighted_mean,Voorzieningen
BU00590207,0.1874497036944923,Bereikbaarheid_Voorzieningen,weighted_mean,Voorzieningen
BU00590208,0.3380312350043483,Bereikbaarheid_Voorzieningen,weighted_mean,Voorzieningen
BU00590209,0.2707608542416677,Bereikbaarheid_Voorzieningen,weighted_mean,Voorzieningen
GM0060,0.11297708313789318,Bereikbaarheid_Voorzieningen,weighted_mean,Voorzieningen
WK006000,0.11297708313789318,Bereikbaarheid_Voorzieningen,weighted_mean,Voorzieningen
BU00600000,0.049520341726586946,Bereikbaarheid_Voorzieningen,weighted_mean,Voorzieningen
BU00600001,0.1348156400355839,Bereikbaarheid_Voorzieningen,weighted_mean,Voorzieningen
BU00600002,0.12656157360700884,Bereikbaarheid_Voorzieningen,weighted_mean,Voorzieningen
BU00600003,0.14592454871107136,Bereikbaarheid_Voorzieningen,weighted_mean,Voorzieningen
BU00600007,0.23691333530098102,Bereikbaarheid_Voorzieningen,weighted_mean,Voorzieningen
BU00600008,0.11953498065129141,Bereikbaarheid_Voorzieningen,weighted_mean,Voorzieningen
BU00600009,0.20061643783672203,Bereikbaarheid_Voorzieningen,weighted_mean,Voorzieningen
GM1891,0.10648795459907519,Bereikbaarheid_Voorzieningen,weighted_mean,Voorzieningen
WK189100,0.09811721362389278,Bereikbaarheid_Voorzieningen,weighted_mean,Voorzieningen
BU18910000,0.07754770376866864,Bereikbaarheid_Voorzieningen,weighted_mean,Voorzieningen
BU18910001,0.14487589067483567,Bereikbaarheid_Voorzieningen,weighted_mean,Voorzieningen
BU18910002,0.2523247980641838,Bereikbaarheid_Voorzieningen,weighted_mean,Voorzieningen
BU18910008,0.245885193160357,Bereikbaarheid_Voorzieningen,weighted_mean,Voorzieningen
BU18910009,0.2517466613101771,Bereikbaarheid_Voorzieningen,weighted_mean,Voorzieningen
WK189101,0.1865347475255584,Bereikbaarheid_Voorzieningen,weighted_mean,Voorzieningen
BU18910100,0.20799251680941466,Bereikbaarheid_Voorzieningen,weighted_mean,Voorzieningen
BU18910101,0.137683341078219,Bereikbaarheid_Voorzieningen,weighted_mean,Voorzieningen
BU18910108,0.36173308880064603,Bereikbaarheid_Voorzieningen,weighted_mean,Voorzieningen
BU18910109,0.28025175189728924,Bereikbaarheid_Voorzieningen,weighted_mean,Voorzieningen
WK189102,0.08432678243790302,Bereikbaarheid_Voorzieningen,weighted_mean,Voorzieningen
BU18910200,0.07555567087176039,Bereikbaarheid_Voorzieningen,weighted_mean,Voorzieningen
BU18910201,0.07526837509182445,Bereikbaarheid_Voorzieningen,weighted_mean,Voorzieningen
BU18910202,0.26758329284280113,Bereikbaarheid_Voorzieningen,weighted_mean,Voorzieningen
BU18910208,0.2367882224131693,Bereikbaarheid_Voorzieningen,weighted_mean,Voorzieningen
BU18910209,0.2982132870863408,Bereikbaarheid_Voorzieningen,weighted_mean,Voorzieningen
WK189103,0.2085113280510201,Bereikbaarheid_Voorzieningen,weighted_mean,Voorzieningen
BU18910300,0.17989246140569212,Bereikbaarheid_Voorzieningen,weighted_mean,Voorzieningen
BU18910301,0.273623592012514,Bereikbaarheid_Voorzieningen,weighted_mean,Voorzieningen
BU18910309,0.3153382265842915,Bereikbaarheid_Voorzieningen,weighted_mean,Voorzieningen
GM1940,0.1476559072492026,Bereikbaarheid_Voorzieningen,weighted_mean,Voorzieningen
WK194001,0.3749065315410079,Bereikbaarheid_Voorzieningen,weighted_mean,Voorzieningen
BU19400101,0.3749065315410079,Bereikbaarheid_Voorzieningen,weighted_mean,Voorzieningen
WK194002,0.04921903398887999,Bereikbaarheid_Voorzieningen,weighted_mean,Voorzieningen
BU19400201,0.04921903398887999,Bereikbaarheid_Voorzieningen,weighted_mean,Voorzieningen
WK194003,0.05459314572945136,Bereikbaarheid_Voorzieningen,weighted_mean,Voorzieningen
BU19400301,0.05459314572945136,Bereikbaarheid_Voorzieningen,weighted_mean,Voorzieningen
WK194004,0.4641651153520464,Bereikbaarheid_Voorzieningen,weighted_mean,Voorzieningen
BU19400401,0.4641651153520464,Bereikbaarheid_Voorzieningen,weighted_mean,Voorzieningen
WK194005,0.4424781473194645,Bereikbaarheid_Voorzieningen,weighted_mean,Voorzieningen
BU19400501,0.4424781473194645,Bereikbaarheid_Voorzieningen,weighted_mean,Voorzieningen
WK194006,0.25187801529799325,Bereikbaarheid_Voorzieningen,weighted_mean,Voorzieningen
BU19400601,0.25187801529799325,Bereikbaarheid_Voorzieningen,weighted_mean,Voorzieningen
WK194007,0.1300110189308692,Bereikbaarheid_Voorzieningen,weighted_mean,Voorzieningen
BU19400701,0.03816897293881894,Bereikbaarheid_Voorzieningen,weighted_mean,Voorzieningen
BU19400702,0.27296084069461085,Bereikbaarheid_Voorzieningen,weighted_mean,Voorzieningen
WK194008,0.293256474563375,Bereikbaarheid_Voorzieningen,weighted_mean,Voorzieningen
BU19400801,0.293256474563375,Bereikbaarheid_Voorzieningen,weighted_mean,Voorzieningen
WK194009,0.32737500736309555,Bereikbaarheid_Voorzieningen,weighted_mean,Voorzieningen
BU19400901,0.32737500736309555,Bereikbaarheid_Voorzieningen,weighted_mean,Voorzieningen
WK194010,0.20965554530176334,Bereikbaarheid_Voorzieningen,weighted_mean,Voorzieningen
BU19401001,0.20965554530176334,Bereikbaarheid_Voorzieningen,weighted_mean,Voorzieningen
WK194011,0.04937033196626492,Bereikbaarheid_Voorzieningen,weighted_mean,Voorzieningen
BU19401101,0.1846674327402652,Bereikbaarheid_Voorzieningen,weighted_mean,Voorzieningen
BU19401102,0.024175691718021336,Bereikbaarheid_Voorzieningen,weighted_mean,Voorzieningen
WK194012,0.24831820924946088,Bereikbaarheid_Voorzieningen,weighted_mean,Voorzieningen
BU19401201,0.24831820924946088,Bereikbaarheid_Voorzieningen,weighted_mean,Voorzieningen
WK194013,0.46840301704591675,Bereikbaarheid_Voorzieningen,weighted_mean,Voorzieningen
BU19401301,0.46840301704591675,Bereikbaarheid_Voorzieningen,weighted_mean,Voorzieningen
WK194014,0.42397165735462344,Bereikbaarheid_Voorzieningen,weighted_mean,Voorzieningen
BU19401401,0.42397165735462344,Bereikbaarheid_Voorzieningen,weighted_mean,Voorzieningen
WK194015,0.409363945941841,Bereikbaarheid_Voorzieningen,weighted_mean,Voorzieningen
BU19401501,0.409363945941841,Bereikbaarheid_Voorzieningen,weighted_mean,Voorzieningen
WK194016,0.25769324268856303,Bereikbaarheid_Voorzieningen,weighted_mean,Voorzieningen
BU19401601,0.25769324268856303,Bereikbaarheid_Voorzieningen,weighted_mean,Voorzieningen
WK194017,0.22300127928265429,Bereikbaarheid_Voorzieningen,weighted_mean,Voorzieningen
BU19401701,0.22300127928265429,Bereikbaarheid_Voorzieningen,weighted_mean,Voorzieningen
WK194018,0.3386668792224822,Bereikbaarheid_Voorzieningen,weighted_mean,Voorzieningen
BU19401801,0.3386668792224822,Bereikbaarheid_Voorzieningen,weighted_mean,Voorzieningen
WK194019,0.10070577413170795,Bereikbaarheid_Voorzieningen,weighted_mean,Voorzieningen
BU19401901,0.06823626046377684,Bereikbaarheid_Voorzieningen,weighted_mean,Voorzieningen
BU19401902,0.3842345320712547,Bereikbaarheid_Voorzieningen,weighted_mean,Voorzieningen
BU19401903,0.0558374101767278,Bereikbaarheid_Voorzieningen,weighted_mean,Voorzieningen
BU19401904,0.10567502210486981,Bereikbaarheid_Voorzieningen,weighted_mean,Voorzieningen
BU19401905,0.16167205432286688,Bereikbaarheid_Voorzieningen,weighted_mean,Voorzieningen
BU19401906,0.1393923454142122,Bereikbaarheid_Voorzieningen,weighted_mean,Voorzieningen
BU19401907,0.08072945447020152,Bereikbaarheid_Voorzieningen,weighted_mean,Voorzieningen
BU19401908,0.1923965221463733,Bereikbaarheid_Voorzieningen,weighted_mean,Voorzieningen
BU19401909,0.2131965813004697,Bereikbaarheid_Voorzieningen,weighted_mean,Voorzieningen
BU19401910,0.09137846186259357,Bereikbaarheid_Voorzieningen,weighted_mean,Voorzieningen
WK194020,0.38215804823479466,Bereikbaarheid_Voorzieningen,weighted_mean,Voorzieningen
BU19402001,0.38215804823479466,Bereikbaarheid_Voorzieningen,weighted_mean,Voorzieningen
WK194021,0.17598512504068534,Bereikbaarheid_Voorzieningen,weighted_mean,Voorzieningen
BU19402101,0.17598512504068534,Bereikbaarheid_Voorzieningen,weighted_mean,Voorzieningen
WK194022,0.32826286682110734,Bereikbaarheid_Voorzieningen,weighted_mean,Voorzieningen
BU19402201,0.32826286682110734,Bereikbaarheid_Voorzieningen,weighted_mean,Voorzieningen
WK194023,0.09723583680658471,Bereikbaarheid_Voorzieningen,weighted_mean,Voorzieningen
BU19402301,0.4881158781375748,Bereikbaarheid_Voorzieningen,weighted_mean,Voorzieningen
BU19402302,0.15376633633248965,Bereikbaarheid_Voorzieningen,weighted_mean,Voorzieningen
BU19402303,0.05656923434299424,Bereikbaarheid_Voorzieningen,weighted_mean,Voorzieningen
BU19402304,0.06193634919492148,Bereikbaarheid_Voorzieningen,weighted_mean,Voorzieningen
BU19402305,0.09497578983029507,Bereikbaarheid_Voorzieningen,weighted_mean,Voorzieningen
BU19402306,0.051294603606779225,Bereikbaarheid_Voorzieningen,weighted_mean,Voorzieningen
BU19402307,0.06780864512082074,Bereikbaarheid_Voorzieningen,weighted_mean,Voorzieningen
BU19402308,0.18568327240793847,Bereikbaarheid_Voorzieningen,weighted_mean,Voorzieningen
WK194024,0.14904777384144358,Bereikbaarheid_Voorzieningen,weighted_mean,Voorzieningen
BU19402401,0.14904777384144358,Bereikbaarheid_Voorzieningen,weighted_mean,Voorzieningen
WK194025,0.16480727857184935,Bereikbaarheid_Voorzieningen,weighted_mean,Voorzieningen
BU19402501,0.16480727857184935,Bereikbaarheid_Voorzieningen,weighted_mean,Voorzieningen
WK194026,0.3663563933537558,Bereikbaarheid_Voorzieningen,weighted_mean,Voorzieningen
BU19402601,0.3663563933537558,Bereikbaarheid_Voorzieningen,weighted_mean,Voorzieningen
WK194027,0.43841831566242356,Bereikbaarheid_Voorzieningen,weighted_mean,Voorzieningen
BU19402701,0.43841831566242356,Bereikbaarheid_Voorzieningen,weighted_mean,Voorzieningen
WK194028,0.23358519535240374,Bereikbaarheid_Voorzieningen,weighted_mean,Voorzieningen
BU19402801,0.2970541306732067,Bereikbaarheid_Voorzieningen,weighted_mean,Voorzieningen
BU19402802,0.19872759995707331,Bereikbaarheid_Voorzieningen,weighted_mean,Voorzieningen
WK194029,0.35345765251321287,Bereikbaarheid_Voorzieningen,weighted_mean,Voorzieningen
BU19402901,0.35345765251321287,Bereikbaarheid_Voorzieningen,weighted_mean,Voorzieningen
WK194030,0.06009136783407183,Bereikbaarheid_Voorzieningen,weighted_mean,Voorzieningen
BU19403001,0.06009136783407183,Bereikbaarheid_Voorzieningen,weighted_mean,Voorzieningen
WK194031,0.3716471397893163,Bereikbaarheid_Voorzieningen,weighted_mean,Voorzieningen
BU19403101,0.3716471397893163,Bereikbaarheid_Voorzieningen,weighted_mean,Voorzieningen
WK194032,0.25166552960733174,Bereikbaarheid_Voorzieningen,weighted_mean,Voorzieningen
BU19403201,0.25166552960733174,Bereikbaarheid_Voorzieningen,weighted_mean,Voorzieningen
WK194033,0.3327072312714277,Bereikbaarheid_Voorzieningen,weighted_mean,Voorzieningen
BU19403301,0.3327072312714277,Bereikbaarheid_Voorzieningen,weighted_mean,Voorzieningen
WK194034,0.28172118162333437,Bereikbaarheid_Voorzieningen,weighted_mean,Voorzieningen
BU19403401,0.28172118162333437,Bereikbaarheid_Voorzieningen,weighted_mean,Voorzieningen
WK194035,0.30040564812537934,Bereikbaarheid_Voorzieningen,weighted_mean,Voorzieningen
BU19403501,0.30040564812537934,Bereikbaarheid_Voorzieningen,weighted_mean,Voorzieningen
WK194036,0.5275142698609049,Bereikbaarheid_Voorzieningen,weighted_mean,Voorzieningen
BU19403601,0.5275142698609049,Bereikbaarheid_Voorzieningen,weighted_mean,Voorzieningen
WK194037,0.12026160779670525,Bereikbaarheid_Voorzieningen,weighted_mean,Voorzieningen
BU19403701,0.12026160779670525,Bereikbaarheid_Voorzieningen,weighted_mean,Voorzieningen
WK194038,0.2527911456270174,Bereikbaarheid_Voorzieningen,weighted_mean,Voorzieningen
BU19403801,0.2527911456270174,Bereikbaarheid_Voorzieningen,weighted_mean,Voorzieningen
WK194039,0.22626025288324284,Bereikbaarheid_Voorzieningen,weighted_mean,Voorzieningen
BU19403901,0.22626025288324284,Bereikbaarheid_Voorzieningen,weighted_mean,Voorzieningen
WK194040,0.19218955553083011,Bereikbaarheid_Voorzieningen,weighted_mean,Voorzieningen
BU19404001,0.19218955553083011,Bereikbaarheid_Voorzieningen,weighted_mean,Voorzieningen
WK194041,0.07205585262464358,Bereikbaarheid_Voorzieningen,weighted_mean,Voorzieningen
BU19404101,0.07205585262464358,Bereikbaarheid_Voorzieningen,weighted_mean,Voorzieningen
WK194042,0.09061823718507118,Bereikbaarheid_Voorzieningen,weighted_mean,Voorzieningen
BU19404201,0.09061823718507118,Bereikbaarheid_Voorzieningen,weighted_mean,Voorzieningen
WK194043,0.18737492477175965,Bereikbaarheid_Voorzieningen,weighted_mean,Voorzieningen
BU19404301,0.18737492477175965,Bereikbaarheid_Voorzieningen,weighted_mean,Voorzieningen
WK194044,0.2666729856830257,Bereikbaarheid_Voorzieningen,weighted_mean,Voorzieningen
BU19404401,0.2666729856830257,Bereikbaarheid_Voorzieningen,weighted_mean,Voorzieningen
WK194045,0.3895525024811165,Bereikbaarheid_Voorzieningen,weighted_mean,Voorzieningen
BU19404501,0.3895525024811165,Bereikbaarheid_Voorzieningen,weighted_mean,Voorzieningen
WK194046,0.2613997626356173,Bereikbaarheid_Voorzieningen,weighted_mean,Voorzieningen
BU19404601,0.2613997626356173,Bereikbaarheid_Voorzieningen,weighted_mean,Voorzieningen
WK194047,0.35434244206685284,Bereikbaarheid_Voorzieningen,weighted_mean,Voorzieningen
BU19404701,0.35434244206685284,Bereikbaarheid_Voorzieningen,weighted_mean,Voorzieningen
WK194048,0.45428168549073855,Bereikbaarheid_Voorzieningen,weighted_mean,Voorzieningen
BU19404801,0.45428168549073855,Bereikbaarheid_Voorzieningen,weighted_mean,Voorzieningen
WK194049,0.3780267257251858,Bereikbaarheid_Voorzieningen,weighted_mean,Voorzieningen
BU19404901,0.3780267257251858,Bereikbaarheid_Voorzieningen,weighted_mean,Voorzieningen
WK194050,0.5777969218261059,Bereikbaarheid_Voorzieningen,weighted_mean,Voorzieningen
BU19405001,0.5777969218261059,Bereikbaarheid_Voorzieningen,weighted_mean,Voorzieningen
WK194051,0.21390934972360995,Bereikbaarheid_Voorzieningen,weighted_mean,Voorzieningen
BU19405101,0.21390934972360995,Bereikbaarheid_Voorzieningen,weighted_mean,Voorzieningen
GM0072,0.10339633753655705,Bereikbaarheid_Voorzieningen,weighted_mean,Voorzieningen
WK007200,0.08823861197935905,Bereikbaarheid_Voorzieningen,weighted_mean,Voorzieningen
BU00720001,0.10497637731960885,Bereikbaarheid_Voorzieningen,weighted_mean,Voorzieningen
BU00720002,0.10278399810008762,Bereikbaarheid_Voorzieningen,weighted_mean,Voorzieningen
BU00720003,0.08952292023848223,Bereikbaarheid_Voorzieningen,weighted_mean,Voorzieningen
BU00720004,0.08709743086923383,Bereikbaarheid_Voorzieningen,weighted_mean,Voorzieningen
BU00720005,0.15879517473365856,Bereikbaarheid_Voorzieningen,weighted_mean,Voorzieningen
BU00720006,0.0633085159355048,Bereikbaarheid_Voorzieningen,weighted_mean,Voorzieningen
BU00720007,0.3272902400831441,Bereikbaarheid_Voorzieningen,weighted_mean,Voorzieningen
BU00720009,0.28496701592932344,Bereikbaarheid_Voorzieningen,weighted_mean,Voorzieningen
WK007201,0.1467073925063375,Bereikbaarheid_Voorzieningen,weighted_mean,Voorzieningen
BU00720100,0.13492063492063494,Bereikbaarheid_Voorzieningen,weighted_mean,Voorzieningen
BU00720109,0.19252863192282918,Bereikbaarheid_Voorzieningen,weighted_mean,Voorzieningen
WK007202,0.4355394492061727,Bereikbaarheid_Voorzieningen,weighted_mean,Voorzieningen
BU00720200,0.440667521876575,Bereikbaarheid_Voorzieningen,weighted_mean,Voorzieningen
BU00720209,0.4168597226156999,Bereikbaarheid_Voorzieningen,weighted_mean,Voorzieningen
GM0074,0.15706027100139244,Bereikbaarheid_Voorzieningen,weighted_mean,Voorzieningen
WK007401,0.1260690409546021,Bereikbaarheid_Voorzieningen,weighted_mean,Voorzieningen
BU00740100,0.1285708987402172,Bereikbaarheid_Voorzieningen,weighted_mean,Voorzieningen
BU00740101,0.09841798893317655,Bereikbaarheid_Voorzieningen,weighted_mean,Voorzieningen
BU00740102,0.13031706398293652,Bereikbaarheid_Voorzieningen,weighted_mean,Voorzieningen
BU00740103,0.11373150564420878,Bereikbaarheid_Voorzieningen,weighted_mean,Voorzieningen
BU00740104,0.09246560798079562,Bereikbaarheid_Voorzieningen,weighted_mean,Voorzieningen
BU00740105,0.2348019709097732,Bereikbaarheid_Voorzieningen,weighted_mean,Voorzieningen
BU00740106,0.08081812847617324,Bereikbaarheid_Voorzieningen,weighted_mean,Voorzieningen
BU00740107,0.19259880079458064,Bereikbaarheid_Voorzieningen,weighted_mean,Voorzieningen
BU00740108,0.2046302910529066,Bereikbaarheid_Voorzieningen,weighted_mean,Voorzieningen
BU00740109,0.2608155172394091,Bereikbaarheid_Voorzieningen,weighted_mean,Voorzieningen
BU00740110,0.1654094551184656,Bereikbaarheid_Voorzieningen,weighted_mean,Voorzieningen
WK007402,0.3679443416468007,Bereikbaarheid_Voorzieningen,weighted_mean,Voorzieningen
BU00740201,0.43736220882268706,Bereikbaarheid_Voorzieningen,weighted_mean,Voorzieningen
BU00740202,0.37150968495093406,Bereikbaarheid_Voorzieningen,weighted_mean,Voorzieningen
BU00740203,0.33476482558631804,Bereikbaarheid_Voorzieningen,weighted_mean,Voorzieningen
BU00740204,0.4013505007995777,Bereikbaarheid_Voorzieningen,weighted_mean,Voorzieningen
BU00740205,0.42086644388822564,Bereikbaarheid_Voorzieningen,weighted_mean,Voorzieningen
WK007403,0.24910565790128464,Bereikbaarheid_Voorzieningen,weighted_mean,Voorzieningen
BU00740301,0.219225481307503,Bereikbaarheid_Voorzieningen,weighted_mean,Voorzieningen
BU00740302,0.3307840270849716,Bereikbaarheid_Voorzieningen,weighted_mean,Voorzieningen
WK007404,0.17820221153625393,Bereikbaarheid_Voorzieningen,weighted_mean,Voorzieningen
BU00740401,0.1951172132083389,Bereikbaarheid_Voorzieningen,weighted_mean,Voorzieningen
BU00740402,0.34992382118009624,Bereikbaarheid_Voorzieningen,weighted_mean,Voorzieningen
BU00740403,0.2926541084202958,Bereikbaarheid_Voorzieningen,weighted_mean,Voorzieningen
BU00740404,0.04634348157491186,Bereikbaarheid_Voorzieningen,weighted_mean,Voorzieningen
BU00740405,0.20039711368733748,Bereikbaarheid_Voorzieningen,weighted_mean,Voorzieningen
BU00740406,0.1414847137981657,Bereikbaarheid_Voorzieningen,weighted_mean,Voorzieningen
BU00740407,0.2993169462772969,Bereikbaarheid_Voorzieningen,weighted_mean,Voorzieningen
WK007406,0.13441638624570645,Bereikbaarheid_Voorzieningen,weighted_mean,Voorzieningen
BU00740601,0.13441638624570645,Bereikbaarheid_Voorzieningen,weighted_mean,Voorzieningen
WK007407,0.4795692280057975,Bereikbaarheid_Voorzieningen,weighted_mean,Voorzieningen
BU00740701,0.508044323393596,Bereikbaarheid_Voorzieningen,weighted_mean,Voorzieningen
BU00740702,0.4349540506479161,Bereikbaarheid_Voorzieningen,weighted_mean,Voorzieningen
WK007409,0.14453458068067107,Bereikbaarheid_Voorzieningen,weighted_mean,Voorzieningen
BU00740901,0.06843516793104133,Bereikbaarheid_Voorzieningen,weighted_mean,Voorzieningen
BU00740902,0.1489596296666832,Bereikbaarheid_Voorzieningen,weighted_mean,Voorzieningen
BU00740903,0.30750386958589127,Bereikbaarheid_Voorzieningen,weighted_mean,Voorzieningen
GM0080,0.12565596740062834,Bereikbaarheid_Voorzieningen,weighted_mean,Voorzieningen
WK008010,0.13741127015397414,Bereikbaarheid_Voorzieningen,weighted_mean,Voorzieningen
BU00801001,0.13550260256207675,Bereikbaarheid_Voorzieningen,weighted_mean,Voorzieningen
BU00801002,0.13416134004494423,Bereikbaarheid_Voorzieningen,weighted_mean,Voorzieningen
BU00801003,0.12467268118591185,Bereikbaarheid_Voorzieningen,weighted_mean,Voorzieningen
BU00801004,0.11570084410423048,Bereikbaarheid_Voorzieningen,weighted_mean,Voorzieningen
BU00801005,0.13584260615869567,Bereikbaarheid_Voorzieningen,weighted_mean,Voorzieningen
BU00801006,0.16707697419005174,Bereikbaarheid_Voorzieningen,weighted_mean,Voorzieningen
BU00801007,0.15720165282404713,Bereikbaarheid_Voorzieningen,weighted_mean,Voorzieningen
BU00801008,0.15195280720678495,Bereikbaarheid_Voorzieningen,weighted_mean,Voorzieningen
WK008011,0.1296596577269597,Bereikbaarheid_Voorzieningen,weighted_mean,Voorzieningen
BU00801101,0.16709308988939725,Bereikbaarheid_Voorzieningen,weighted_mean,Voorzieningen
BU00801102,0.16814641251806234,Bereikbaarheid_Voorzieningen,weighted_mean,Voorzieningen
BU00801103,0.1376222364757207,Bereikbaarheid_Voorzieningen,weighted_mean,Voorzieningen
BU00801104,0.12524109397886307,Bereikbaarheid_Voorzieningen,weighted_mean,Voorzieningen
BU00801105,0.09648882674280446,Bereikbaarheid_Voorzieningen,weighted_mean,Voorzieningen
BU00801106,0.1215032750321613,Bereikbaarheid_Voorzieningen,weighted_mean,Voorzieningen
BU00801107,0.10642730191143362,Bereikbaarheid_Voorzieningen,weighted_mean,Voorzieningen
BU00801108,0.1089053848200449,Bereikbaarheid_Voorzieningen,weighted_mean,Voorzieningen
BU00801109,0.12284950341829437,Bereikbaarheid_Voorzieningen,weighted_mean,Voorzieningen
WK008020,0.1140380831246993,Bereikbaarheid_Voorzieningen,weighted_mean,Voorzieningen
BU00802001,0.11968415151219541,Bereikbaarheid_Voorzieningen,weighted_mean,Voorzieningen
BU00802002,0.11749916655472686,Bereikbaarheid_Voorzieningen,weighted_mean,Voorzieningen
BU00802003,0.11855078281522594,Bereikbaarheid_Voorzieningen,weighted_mean,Voorzieningen
BU00802004,0.10019160670483739,Bereikbaarheid_Voorzieningen,weighted_mean,Voorzieningen
BU00802005,0.09873618893656332,Bereikbaarheid_Voorzieningen,weighted_mean,Voorzieningen
BU00802006,0.13653912642468757,Bereikbaarheid_Voorzieningen,weighted_mean,Voorzieningen
BU00802007,0.10355478304087172,Bereikbaarheid_Voorzieningen,weighted_mean,Voorzieningen
BU00802008,0.14014437848565306,Bereikbaarheid_Voorzieningen,weighted_mean,Voorzieningen
BU00802009,0.10931423011317509,Bereikbaarheid_Voorzieningen,weighted_mean,Voorzieningen
WK008030,0.11040996521086713,Bereikbaarheid_Voorzieningen,weighted_mean,Voorzieningen
BU00803001,0.12480511561384532,Bereikbaarheid_Voorzieningen,weighted_mean,Voorzieningen
BU00803002,0.09518802359140997,Bereikbaarheid_Voorzieningen,weighted_mean,Voorzieningen
BU00803003,0.12178562052636757,Bereikbaarheid_Voorzieningen,weighted_mean,Voorzieningen
BU00803004,0.1087017582189028,Bereikbaarheid_Voorzieningen,weighted_mean,Voorzieningen
BU00803005,0.09797649409025229,Bereikbaarheid_Voorzieningen,weighted_mean,Voorzieningen
BU00803006,0.10863289574469699,Bereikbaarheid_Voorzieningen,weighted_mean,Voorzieningen
BU00803007,0.12402083036601885,Bereikbaarheid_Voorzieningen,weighted_mean,Voorzieningen
WK008031,0.16046718698169393,Bereikbaarheid_Voorzieningen,weighted_mean,Voorzieningen
BU00803101,0.16046718698169393,Bereikbaarheid_Voorzieningen,weighted_mean,Voorzieningen
BU00803102,0.1844205210069245,Bereikbaarheid_Voorzieningen,weighted_mean,Voorzieningen
WK008032,0.12771765751855943,Bereikbaarheid_Voorzieningen,weighted_mean,Voorzieningen
BU00803201,0.11174024931363484,Bereikbaarheid_Voorzieningen,weighted_mean,Voorzieningen
BU00803202,0.13844925364962804,Bereikbaarheid_Voorzieningen,weighted_mean,Voorzieningen
BU00803203,0.13657837289250546,Bereikbaarheid_Voorzieningen,weighted_mean,Voorzieningen
BU00803204,0.18255422692587672,Bereikbaarheid_Voorzieningen,weighted_mean,Voorzieningen
WK008040,0.11058319923928706,Bereikbaarheid_Voorzieningen,weighted_mean,Voorzieningen
BU00804001,0.11177803614840967,Bereikbaarheid_Voorzieningen,weighted_mean,Voorzieningen
BU00804002,0.09616243513333618,Bereikbaarheid_Voorzieningen,weighted_mean,Voorzieningen
BU00804003,0.11772895746774757,Bereikbaarheid_Voorzieningen,weighted_mean,Voorzieningen
BU00804004,0.10119167090791359,Bereikbaarheid_Voorzieningen,weighted_mean,Voorzieningen
WK008041,0.09172111980969297,Bereikbaarheid_Voorzieningen,weighted_mean,Voorzieningen
BU00804101,0.08949159786392835,Bereikbaarheid_Voorzieningen,weighted_mean,Voorzieningen
BU00804102,0.1954137212986018,Bereikbaarheid_Voorzieningen,weighted_mean,Voorzieningen
BU00804103,0.2528602610696544,Bereikbaarheid_Voorzieningen,weighted_mean,Voorzieningen
BU00804104,0.3051969694278041,Bereikbaarheid_Voorzieningen,weighted_mean,Voorzieningen
BU00804105,0.24305245474436324,Bereikbaarheid_Voorzieningen,weighted_mean,Voorzieningen
BU00804106,0.3272902400831441,Bereikbaarheid_Voorzieningen,weighted_mean,Voorzieningen
BU00804107,0.3272902400831441,Bereikbaarheid_Voorzieningen,weighted_mean,Voorzieningen
BU00804108,0.3272902400831441,Bereikbaarheid_Voorzieningen,weighted_mean,Voorzieningen
BU00804109,0.2518765738454329,Bereikbaarheid_Voorzieningen,weighted_mean,Voorzieningen
BU00804110,0.3305398741100265,Bereikbaarheid_Voorzieningen,weighted_mean,Voorzieningen
WK008050,0.10349625487249925,Bereikbaarheid_Voorzieningen,weighted_mean,Voorzieningen
BU00805001,0.09954741506260269,Bereikbaarheid_Voorzieningen,weighted_mean,Voorzieningen
BU00805002,0.1102153457403181,Bereikbaarheid_Voorzieningen,weighted_mean,Voorzieningen
BU00805003,0.19987874501062625,Bereikbaarheid_Voorzieningen,weighted_mean,Voorzieningen
WK008051,0.09690377808092436,Bereikbaarheid_Voorzieningen,weighted_mean,Voorzieningen
BU00805101,0.10383773887985581,Bereikbaarheid_Voorzieningen,weighted_mean,Voorzieningen
BU00805102,0.07799344505291925,Bereikbaarheid_Voorzieningen,weighted_mean,Voorzieningen
BU00805103,0.08429348877957746,Bereikbaarheid_Voorzieningen,weighted_mean,Voorzieningen
BU00805104,0.3170814611331927,Bereikbaarheid_Voorzieningen,weighted_mean,Voorzieningen
BU00805105,0.5057114350145917,Bereikbaarheid_Voorzieningen,weighted_mean,Voorzieningen
WK008060,0.11306166134082411,Bereikbaarheid_Voorzieningen,weighted_mean,Voorzieningen
BU00806001,0.10683772111492694,Bereikbaarheid_Voorzieningen,weighted_mean,Voorzieningen
BU00806002,0.17766277064115918,Bereikbaarheid_Voorzieningen,weighted_mean,Voorzieningen
BU00806003,0.18094383352828008,Bereikbaarheid_Voorzieningen,weighted_mean,Voorzieningen
WK008061,0.12651319014800683,Bereikbaarheid_Voorzieningen,weighted_mean,Voorzieningen
BU00806101,0.12447686699792548,Bereikbaarheid_Voorzieningen,weighted_mean,Voorzieningen
BU00806102,0.12650117025170204,Bereikbaarheid_Voorzieningen,weighted_mean,Voorzieningen
WK008062,0.18843207828785982,Bereikbaarheid_Voorzieningen,weighted_mean,Voorzieningen
BU00806201,0.1270757020757021,Bereikbaarheid_Voorzieningen,weighted_mean,Voorzieningen
BU00806202,0.1739390207908884,Bereikbaarheid_Voorzieningen,weighted_mean,Voorzieningen
BU00806203,0.291697708542344,Bereikbaarheid_Voorzieningen,weighted_mean,Voorzieningen
BU00806204,0.2295926574536292,Bereikbaarheid_Voorzieningen,weighted_mean,Voorzieningen
BU00806205,0.286214446377809,Bereikbaarheid_Voorzieningen,weighted_mean,Voorzieningen
BU00806206,0.3065382028561643,Bereikbaarheid_Voorzieningen,weighted_mean,Voorzieningen
BU00806207,0.19272935743836794,Bereikbaarheid_Voorzieningen,weighted_mean,Voorzieningen
BU00806208,0.28273749398355885,Bereikbaarheid_Voorzieningen,weighted_mean,Voorzieningen
BU00806209,0.10365414976790799,Bereikbaarheid_Voorzieningen,weighted_mean,Voorzieningen
BU00806210,0.2260185537540256,Bereikbaarheid_Voorzieningen,weighted_mean,Voorzieningen
WK008063,0.10240196122736753,Bereikbaarheid_Voorzieningen,weighted_mean,Voorzieningen
BU00806301,0.08171920514513896,Bereikbaarheid_Voorzieningen,weighted_mean,Voorzieningen
BU00806302,0.30986315602583797,Bereikbaarheid_Voorzieningen,weighted_mean,Voorzieningen
BU00806303,0.24131119667365736,Bereikbaarheid_Voorzieningen,weighted_mean,Voorzieningen
BU00806304,0.2824499514685,Bereikbaarheid_Voorzieningen,weighted_mean,Voorzieningen
BU00806305,0.14246454572116105,Bereikbaarheid_Voorzieningen,weighted_mean,Voorzieningen
BU00806306,0.24811894076975338,Bereikbaarheid_Voorzieningen,weighted_mean,Voorzieningen
BU00806307,0.32869023542894055,Bereikbaarheid_Voorzieningen,weighted_mean,Voorzieningen
WK008070,0.0846192155028197,Bereikbaarheid_Voorzieningen,weighted_mean,Voorzieningen
BU00807001,0.0551116920554511,Bereikbaarheid_Voorzieningen,weighted_mean,Voorzieningen
BU00807002,0.08261791055971267,Bereikbaarheid_Voorzieningen,weighted_mean,Voorzieningen
BU00807003,0.13567834030269155,Bereikbaarheid_Voorzieningen,weighted_mean,Voorzieningen
BU00807004,0.23322193112672143,Bereikbaarheid_Voorzieningen,weighted_mean,Voorzieningen
WK008071,0.1675336549304898,Bereikbaarheid_Voorzieningen,weighted_mean,Voorzieningen
BU00807101,0.1675336549304898,Bereikbaarheid_Voorzieningen,weighted_mean,Voorzieningen
WK008072,0.21083928951920106,Bereikbaarheid_Voorzieningen,weighted_mean,Voorzieningen
BU00807201,0.2078080602287188,Bereikbaarheid_Voorzieningen,weighted_mean,Voorzieningen
BU00807202,0.25390468720895,Bereikbaarheid_Voorzieningen,weighted_mean,Voorzieningen
BU00807203,0.2052010127671661,Bereikbaarheid_Voorzieningen,weighted_mean,Voorzieningen
WK008073,0.17873620867537315,Bereikbaarheid_Voorzieningen,weighted_mean,Voorzieningen
BU00807301,0.15377149179795313,Bereikbaarheid_Voorzieningen,weighted_mean,Voorzieningen
BU00807302,0.23405735028086772,Bereikbaarheid_Voorzieningen,weighted_mean,Voorzieningen
BU00807303,0.25721962864649844,Bereikbaarheid_Voorzieningen,weighted_mean,Voorzieningen
BU00807304,0.3305398741100265,Bereikbaarheid_Voorzieningen,weighted_mean,Voorzieningen
BU00807305,0.16162541099578454,Bereikbaarheid_Voorzieningen,weighted_mean,Voorzieningen
BU00807306,0.11755989975593482,Bereikbaarheid_Voorzieningen,weighted_mean,Voorzieningen
WK008074,0.20674590188544076,Bereikbaarheid_Voorzieningen,weighted_mean,Voorzieningen
BU00807401,0.21684835981398567,Bereikbaarheid_Voorzieningen,weighted_mean,Voorzieningen
BU00807402,0.189877314985798,Bereikbaarheid_Voorzieningen,weighted_mean,Voorzieningen
BU00807403,0.2237377945329107,Bereikbaarheid_Voorzieningen,weighted_mean,Voorzieningen
BU00807404,0.15289681267048752,Bereikbaarheid_Voorzieningen,weighted_mean,Voorzieningen
BU00807405,0.12440310722111116,Bereikbaarheid_Voorzieningen,weighted_mean,Voorzieningen
WK008080,0.11365843568685398,Bereikbaarheid_Voorzieningen,weighted_mean,Voorzieningen
BU00808001,0.09261823313342077,Bereikbaarheid_Voorzieningen,weighted_mean,Voorzieningen
BU00808002,0.16016351058680678,Bereikbaarheid_Voorzieningen,weighted_mean,Voorzieningen
BU00808003,0.2108474811252826,Bereikbaarheid_Voorzieningen,weighted_mean,Voorzieningen
BU00808004,0.04407141470231746,Bereikbaarheid_Voorzieningen,weighted_mean,Voorzieningen
BU00808005,0.19296959693454208,Bereikbaarheid_Voorzieningen,weighted_mean,Voorzieningen
BU00808006,0.3140355664264454,Bereikbaarheid_Voorzieningen,weighted_mean,Voorzieningen
BU00808007,0.22638947715736626,Bereikbaarheid_Voorzieningen,weighted_mean,Voorzieningen
BU00808008,0.36001576040076855,Bereikbaarheid_Voorzieningen,weighted_mean,Voorzieningen
WK008081,0.2543099665302508,Bereikbaarheid_Voorzieningen,weighted_mean,Voorzieningen
BU00808101,0.08296253979058371,Bereikbaarheid_Voorzieningen,weighted_mean,Voorzieningen
BU00808102,0.1960127136635263,Bereikbaarheid_Voorzieningen,weighted_mean,Voorzieningen
BU00808103,0.205969558911361,Bereikbaarheid_Voorzieningen,weighted_mean,Voorzieningen
BU00808104,0.258946870084452,Bereikbaarheid_Voorzieningen,weighted_mean,Voorzieningen
BU00808105,0.20697688491868707,Bereikbaarheid_Voorzieningen,weighted_mean,Voorzieningen
BU00808106,0.2480364844888797,Bereikbaarheid_Voorzieningen,weighted_mean,Voorzieningen
BU00808107,0.36851229992768325,Bereikbaarheid_Voorzieningen,weighted_mean,Voorzieningen
BU00808108,0.36884424437602353,Bereikbaarheid_Voorzieningen,weighted_mean,Voorzieningen
BU00808109,0.4229355100877266,Bereikbaarheid_Voorzieningen,weighted_mean,Voorzieningen
BU00808110,0.43296622523415695,Bereikbaarheid_Voorzieningen,weighted_mean,Voorzieningen
BU00808111,0.5072899190677631,Bereikbaarheid_Voorzieningen,weighted_mean,Voorzieningen
BU00808112,0.546622938969574,Bereikbaarheid_Voorzieningen,weighted_mean,Voorzieningen
BU00808113,0.3236793541502978,Bereikbaarheid_Voorzieningen,weighted_mean,Voorzieningen
BU00808114,0.27460568091258136,Bereikbaarheid_Voorzieningen,weighted_mean,Voorzieningen
BU00808115,0.1797181651176376,Bereikbaarheid_Voorzieningen,weighted_mean,Voorzieningen
BU00808116,0.2553965828172414,Bereikbaarheid_Voorzieningen,weighted_mean,Voorzieningen
BU00808117,0.3357767824223198,Bereikbaarheid_Voorzieningen,weighted_mean,Voorzieningen
WK008082,0.1344974010740198,Bereikbaarheid_Voorzieningen,weighted_mean,Voorzieningen
BU00808201,0.23472546484118004,Bereikbaarheid_Voorzieningen,weighted_mean,Voorzieningen
BU00808202,0.33807713552885005,Bereikbaarheid_Voorzieningen,weighted_mean,Voorzieningen
BU00808203,0.360354990028265,Bereikbaarheid_Voorzieningen,weighted_mean,Voorzieningen
BU00808204,0.3748772427833094,Bereikbaarheid_Voorzieningen,weighted_mean,Voorzieningen
BU00808205,0.46993772509385545,Bereikbaarheid_Voorzieningen,weighted_mean,Voorzieningen
BU00808206,0.06855594087790123,Bereikbaarheid_Voorzieningen,weighted_mean,Voorzieningen
BU00808207,0.3905229532750167,Bereikbaarheid_Voorzieningen,weighted_mean,Voorzieningen
BU00808208,0.21933806264828137,Bereikbaarheid_Voorzieningen,weighted_mean,Voorzieningen
BU00808209,0.3726462793849845,Bereikbaarheid_Voorzieningen,weighted_mean,Voorzieningen
GM1970,0.14761508687102154,Bereikbaarheid_Voorzieningen,weighted_mean,Voorzieningen
WK197000,0.11585200962381258,Bereikbaarheid_Voorzieningen,weighted_mean,Voorzieningen
BU19700000,0.11528934446061989,Bereikbaarheid_Voorzieningen,weighted_mean,Voorzieningen
BU19700001,0.10758357541944713,Bereikbaarheid_Voorzieningen,weighted_mean,Voorzieningen
BU19700002,0.08168617640241907,Bereikbaarheid_Voorzieningen,weighted_mean,Voorzieningen
BU19700003,0.13417904783513565,Bereikbaarheid_Voorzieningen,weighted_mean,Voorzieningen
BU19700004,0.15013215133184504,Bereikbaarheid_Voorzieningen,weighted_mean,Voorzieningen
BU19700005,0.06550525587367245,Bereikbaarheid_Voorzieningen,weighted_mean,Voorzieningen
BU19700006,0.12002891579808113,Bereikbaarheid_Voorzieningen,weighted_mean,Voorzieningen
BU19700007,0.1412971275772263,Bereikbaarheid_Voorzieningen,weighted_mean,Voorzieningen
BU19700008,0.12340238488455968,Bereikbaarheid_Voorzieningen,weighted_mean,Voorzieningen
BU19700009,0.12147164878382441,Bereikbaarheid_Voorzieningen,weighted_mean,Voorzieningen
BU19700010,0.15744401424227855,Bereikbaarheid_Voorzieningen,weighted_mean,Voorzieningen
BU19700011,0.10681976658961259,Bereikbaarheid_Voorzieningen,weighted_mean,Voorzieningen
WK197001,0.1934182185267015,Bereikbaarheid_Voorzieningen,weighted_mean,Voorzieningen
BU19700100,0.13618933913114126,Bereikbaarheid_Voorzieningen,weighted_mean,Voorzieningen
BU19700101,0.34670051508943706,Bereikbaarheid_Voorzieningen,weighted_mean,Voorzieningen
BU19700102,0.15308104121598554,Bereikbaarheid_Voorzieningen,weighted_mean,Voorzieningen
BU19700103,0.31179613092316244,Bereikbaarheid_Voorzieningen,weighted_mean,Voorzieningen
BU19700104,0.22006933880285373,Bereikbaarheid_Voorzieningen,weighted_mean,Voorzieningen
BU19700105,0.4341577636842676,Bereikbaarheid_Voorzieningen,weighted_mean,Voorzieningen
BU19700107,0.1963400324776144,Bereikbaarheid_Voorzieningen,weighted_mean,Voorzieningen
BU19700108,0.23215738594578045,Bereikbaarheid_Voorzieningen,weighted_mean,Voorzieningen
BU19700109,0.34440201898935846,Bereikbaarheid_Voorzieningen,weighted_mean,Voorzieningen
WK197002,0.3680832379377432,Bereikbaarheid_Voorzieningen,weighted_mean,Voorzieningen
BU19700200,0.33128366311170704,Bereikbaarheid_Voorzieningen,weighted_mean,Voorzieningen
BU19700201,0.4008848285118175,Bereikbaarheid_Voorzieningen,weighted_mean,Voorzieningen
BU19700202,0.4052735554905214,Bereikbaarheid_Voorzieningen,weighted_mean,Voorzieningen
BU19700208,0.3580001967647676,Bereikbaarheid_Voorzieningen,weighted_mean,Voorzieningen
BU19700209,0.4509267137468448,Bereikbaarheid_Voorzieningen,weighted_mean,Voorzieningen
WK197003,0.13300504835644802,Bereikbaarheid_Voorzieningen,weighted_mean,Voorzieningen
BU19700300,0.021813376929092063,Bereikbaarheid_Voorzieningen,weighted_mean,Voorzieningen
BU19700301,0.2564262396517991,Bereikbaarheid_Voorzieningen,weighted_mean,Voorzieningen
BU19700302,0.2591276879713875,Bereikbaarheid_Voorzieningen,weighted_mean,Voorzieningen
BU19700303,0.27528146244218743,Bereikbaarheid_Voorzieningen,weighted_mean,Voorzieningen
BU19700307,0.16470684958517856,Bereikbaarheid_Voorzieningen,weighted_mean,Voorzieningen
BU19700308,0.27541521885093745,Bereikbaarheid_Voorzieningen,weighted_mean,Voorzieningen
BU19700309,0.29573106941651145,Bereikbaarheid_Voorzieningen,weighted_mean,Voorzieningen
WK197004,0.1565080336436586,Bereikbaarheid_Voorzieningen,weighted_mean,Voorzieningen
BU19700400,0.08586215277485593,Bereikbaarheid_Voorzieningen,weighted_mean,Voorzieningen
BU19700401,0.4296856194563164,Bereikbaarheid_Voorzieningen,weighted_mean,Voorzieningen
BU19700408,0.18897002059173423,Bereikbaarheid_Voorzieningen,weighted_mean,Voorzieningen
BU19700409,0.3452811206491118,Bereikbaarheid_Voorzieningen,weighted_mean,Voorzieningen
WK197005,0.20070115109466768,Bereikbaarheid_Voorzieningen,weighted_mean,Voorzieningen
BU19700500,0.03322960588765065,Bereikbaarheid_Voorzieningen,weighted_mean,Voorzieningen
BU19700501,0.5079185274390755,Bereikbaarheid_Voorzieningen,weighted_mean,Voorzieningen
BU19700502,0.3196636621081444,Bereikbaarheid_Voorzieningen,weighted_mean,Voorzieningen
BU19700503,0.4603597117593545,Bereikbaarheid_Voorzieningen,weighted_mean,Voorzieningen
BU19700506,0.15563591069206661,Bereikbaarheid_Voorzieningen,weighted_mean,Voorzieningen
BU19700507,0.39326613099692315,Bereikbaarheid_Voorzieningen,weighted_mean,Voorzieningen
BU19700508,0.32944012839784137,Bereikbaarheid_Voorzieningen,weighted_mean,Voorzieningen
BU19700509,0.4179604625405698,Bereikbaarheid_Voorzieningen,weighted_mean,Voorzieningen
WK197006,0.11114241530518229,Bereikbaarheid_Voorzieningen,weighted_mean,Voorzieningen
BU19700600,0.03047850407248008,Bereikbaarheid_Voorzieningen,weighted_mean,Voorzieningen
BU19700601,0.20089524073400536,Bereikbaarheid_Voorzieningen,weighted_mean,Voorzieningen
BU19700602,0.29858722844981683,Bereikbaarheid_Voorzieningen,weighted_mean,Voorzieningen
BU19700603,0.35000540999222196,Bereikbaarheid_Voorzieningen,weighted_mean,Voorzieningen
BU19700604,0.20673731290595077,Bereikbaarheid_Voorzieningen,weighted_mean,Voorzieningen
BU19700605,0.25995459346518657,Bereikbaarheid_Voorzieningen,weighted_mean,Voorzieningen
BU19700608,0.18402507992399936,Bereikbaarheid_Voorzieningen,weighted_mean,Voorzieningen
BU19700609,0.3709825340621734,Bereikbaarheid_Voorzieningen,weighted_mean,Voorzieningen
WK197007,0.29598446379055593,Bereikbaarheid_Voorzieningen,weighted_mean,Voorzieningen
BU19700700,0.2425220713657709,Bereikbaarheid_Voorzieningen,weighted_mean,Voorzieningen
BU19700701,0.40553637254905023,Bereikbaarheid_Voorzieningen,weighted_mean,Voorzieningen
BU19700702,0.36901116458250816,Bereikbaarheid_Voorzieningen,weighted_mean,Voorzieningen
BU19700703,0.36377902423167463,Bereikbaarheid_Voorzieningen,weighted_mean,Voorzieningen
BU19700708,0.2364943634789632,Bereikbaarheid_Voorzieningen,weighted_mean,Voorzieningen
BU19700709,0.3109952131308381,Bereikbaarheid_Voorzieningen,weighted_mean,Voorzieningen
WK197008,0.10752170983388547,Bereikbaarheid_Voorzieningen,weighted_mean,Voorzieningen
BU19700800,0.04108642617108541,Bereikbaarheid_Voorzieningen,weighted_mean,Voorzieningen
BU19700801,0.08175898144416822,Bereikbaarheid_Voorzieningen,weighted_mean,Voorzieningen
BU19700802,0.18686405580390097,Bereikbaarheid_Voorzieningen,weighted_mean,Voorzieningen
BU19700803,0.27746974585866785,Bereikbaarheid_Voorzieningen,weighted_mean,Voorzieningen
BU19700807,0.17955073585763628,Bereikbaarheid_Voorzieningen,weighted_mean,Voorzieningen
BU19700808,0.18707746869918238,Bereikbaarheid_Voorzieningen,weighted_mean,Voorzieningen
BU19700809,0.2726523438745851,Bereikbaarheid_Voorzieningen,weighted_mean,Voorzieningen
WK197009,0.07304270221397766,Bereikbaarheid_Voorzieningen,weighted_mean,Voorzieningen
BU19700900,0.048989243075859265,Bereikbaarheid_Voorzieningen,weighted_mean,Voorzieningen
BU19700909,0.21482855233387016,Bereikbaarheid_Voorzieningen,weighted_mean,Voorzieningen
WK197010,0.3048123789764222,Bereikbaarheid_Voorzieningen,weighted_mean,Voorzieningen
BU19701000,0.24435101234641782,Bereikbaarheid_Voorzieningen,weighted_mean,Voorzieningen
BU19701001,0.32017729710659176,Bereikbaarheid_Voorzieningen,weighted_mean,Voorzieningen
BU19701002,0.31461777820579834,Bereikbaarheid_Voorzieningen,weighted_mean,Voorzieningen
BU19701003,0.39169282058969807,Bereikbaarheid_Voorzieningen,weighted_mean,Voorzieningen
BU19701004,0.4994525129426857,Bereikbaarheid_Voorzieningen,weighted_mean,Voorzieningen
BU19701005,0.43891610247434293,Bereikbaarheid_Voorzieningen,weighted_mean,Voorzieningen
BU19701006,0.46900373655670186,Bereikbaarheid_Voorzieningen,weighted_mean,Voorzieningen
BU19701008,0.28636138103933567,Bereikbaarheid_Voorzieningen,weighted_mean,Voorzieningen
BU19701009,0.40874230069541906,Bereikbaarheid_Voorzieningen,weighted_mean,Voorzieningen
WK197011,0.07981489827188798,Bereikbaarheid_Voorzieningen,weighted_mean,Voorzieningen
BU19701100,0.06865159099482251,Bereikbaarheid_Voorzieningen,weighted_mean,Voorzieningen
BU19701109,0.22656563564629595,Bereikbaarheid_Voorzieningen,weighted_mean,Voorzieningen
WK197012,0.3962992718353052,Bereikbaarheid_Voorzieningen,weighted_mean,Voorzieningen
BU19701200,0.3448381038400608,Bereikbaarheid_Voorzieningen,weighted_mean,Voorzieningen
BU19701201,0.4877029396386157,Bereikbaarheid_Voorzieningen,weighted_mean,Voorzieningen
BU19701202,0.558405237142581,Bereikbaarheid_Voorzieningen,weighted_mean,Voorzieningen
BU19701203,0.295264127092171,Bereikbaarheid_Voorzieningen,weighted_mean,Voorzieningen
BU19701204,0.32276083460674637,Bereikbaarheid_Voorzieningen,weighted_mean,Voorzieningen
BU19701206,0.41528272936211336,Bereikbaarheid_Voorzieningen,weighted_mean,Voorzieningen
BU19701207,0.4900087157234269,Bereikbaarheid_Voorzieningen,weighted_mean,Voorzieningen
BU19701208,0.5131663445604568,Bereikbaarheid_Voorzieningen,weighted_mean,Voorzieningen
BU19701209,0.4039594052675819,Bereikbaarheid_Voorzieningen,weighted_mean,Voorzieningen
WK197013,0.2142368191759837,Bereikbaarheid_Voorzieningen,weighted_mean,Voorzieningen
BU19701300,0.18908472385456987,Bereikbaarheid_Voorzieningen,weighted_mean,Voorzieningen
BU19701301,0.19040482948421353,Bereikbaarheid_Voorzieningen,weighted_mean,Voorzieningen
BU19701302,0.21060460545911075,Bereikbaarheid_Voorzieningen,weighted_mean,Voorzieningen
BU19701308,0.2741915450989731,Bereikbaarheid_Voorzieningen,weighted_mean,Voorzieningen
BU19701309,0.3870376924001532,Bereikbaarheid_Voorzieningen,weighted_mean,Voorzieningen
WK197014,0.0858381129822464,Bereikbaarheid_Voorzieningen,weighted_mean,Voorzieningen
BU19701400,0.06710895885361981,Bereikbaarheid_Voorzieningen,weighted_mean,Voorzieningen
BU19701401,0.12598049940643322,Bereikbaarheid_Voorzieningen,weighted_mean,Voorzieningen
BU19701402,0.16084393593114774,Bereikbaarheid_Voorzieningen,weighted_mean,Voorzieningen
BU19701409,0.23251126644515568,Bereikbaarheid_Voorzieningen,weighted_mean,Voorzieningen
GM0085,0.1331565177498131,Bereikbaarheid_Voorzieningen,weighted_mean,Voorzieningen
WK008501,0.12332245309357535,Bereikbaarheid_Voorzieningen,weighted_mean,Voorzieningen
BU00850101,0.0993220991455485,Bereikbaarheid_Voorzieningen,weighted_mean,Voorzieningen
BU00850102,0.11317202725991973,Bereikbaarheid_Voorzieningen,weighted_mean,Voorzieningen
BU00850103,0.0575143155718328,Bereikbaarheid_Voorzieningen,weighted_mean,Voorzieningen
BU00850104,0.024054918771161435,Bereikbaarheid_Voorzieningen,weighted_mean,Voorzieningen
BU00850105,0.060352725259557566,Bereikbaarheid_Voorzieningen,weighted_mean,Voorzieningen
BU00850106,0.18314066956328512,Bereikbaarheid_Voorzieningen,weighted_mean,Voorzieningen
BU00850107,0.08815879186848302,Bereikbaarheid_Voorzieningen,weighted_mean,Voorzieningen
BU00850108,0.12732413317795777,Bereikbaarheid_Voorzieningen,weighted_mean,Voorzieningen
BU00850109,0.08831670754158631,Bereikbaarheid_Voorzieningen,weighted_mean,Voorzieningen
BU00850110,0.03781418081809472,Bereikbaarheid_Voorzieningen,weighted_mean,Voorzieningen
BU00850111,0.26154457277787496,Bereikbaarheid_Voorzieningen,weighted_mean,Voorzieningen
WK008502,0.1080658724600697,Bereikbaarheid_Voorzieningen,weighted_mean,Voorzieningen
BU00850201,0.041596232879309546,Bereikbaarheid_Voorzieningen,weighted_mean,Voorzieningen
BU00850202,0.04437401065708732,Bereikbaarheid_Voorzieningen,weighted_mean,Voorzieningen
BU00850203,0.2219359938963445,Bereikbaarheid_Voorzieningen,weighted_mean,Voorzieningen
WK008503,0.4021442814538196,Bereikbaarheid_Voorzieningen,weighted_mean,Voorzieningen
BU00850301,0.3706127196682801,Bereikbaarheid_Voorzieningen,weighted_mean,Voorzieningen
BU00850302,0.4420613727386467,Bereikbaarheid_Voorzieningen,weighted_mean,Voorzieningen
WK008504,0.3415736007755067,Bereikbaarheid_Voorzieningen,weighted_mean,Voorzieningen
BU00850401,0.31803034571902106,Bereikbaarheid_Voorzieningen,weighted_mean,Voorzieningen
BU00850402,0.3549664299983368,Bereikbaarheid_Voorzieningen,weighted_mean,Voorzieningen
WK008505,0.34701816188670614,Bereikbaarheid_Voorzieningen,weighted_mean,Voorzieningen
BU00850501,0.3895904529402361,Bereikbaarheid_Voorzieningen,weighted_mean,Voorzieningen
BU00850502,0.32702246702501964,Bereikbaarheid_Voorzieningen,weighted_mean,Voorzieningen
WK008506,0.07211240950924439,Bereikbaarheid_Voorzieningen,weighted_mean,Voorzieningen
BU00850601,0.0554545967376734,Bereikbaarheid_Voorzieningen,weighted_mean,Voorzieningen
BU00850602,0.04154403671335519,Bereikbaarheid_Voorzieningen,weighted_mean,Voorzieningen
BU00850603,0.030175908117710218,Bereikbaarheid_Voorzieningen,weighted_mean,Voorzieningen
BU00850604,0.03035020440576469,Bereikbaarheid_Voorzieningen,weighted_mean,Voorzieningen
BU00850605,0.06661790401473888,Bereikbaarheid_Voorzieningen,weighted_mean,Voorzieningen
BU00850606,0.06661790401473888,Bereikbaarheid_Voorzieningen,weighted_mean,Voorzieningen
BU00850607,0.03870520887452735,Bereikbaarheid_Voorzieningen,weighted_mean,Voorzieningen
BU00850608,0.16986544728610586,Bereikbaarheid_Voorzieningen,weighted_mean,Voorzieningen
WK008507,0.36288780917599095,Bereikbaarheid_Voorzieningen,weighted_mean,Voorzieningen
BU00850701,0.3591201482654729,Bereikbaarheid_Voorzieningen,weighted_mean,Voorzieningen
BU00850702,0.379341862888617,Bereikbaarheid_Voorzieningen,weighted_mean,Voorzieningen
WK008508,0.20222410156469553,Bereikbaarheid_Voorzieningen,weighted_mean,Voorzieningen
BU00850801,0.14693414987595202,Bereikbaarheid_Voorzieningen,weighted_mean,Voorzieningen
BU00850802,0.28333967053017517,Bereikbaarheid_Voorzieningen,weighted_mean,Voorzieningen
WK008509,0.40039258674713457,Bereikbaarheid_Voorzieningen,weighted_mean,Voorzieningen
BU00850901,0.42699230820136125,Bereikbaarheid_Voorzieningen,weighted_mean,Voorzieningen
BU00850902,0.3896567623552224,Bereikbaarheid_Voorzieningen,weighted_mean,Voorzieningen
WK008510,0.08061118523553648,Bereikbaarheid_Voorzieningen,weighted_mean,Voorzieningen
BU00851001,0.04724203635119998,Bereikbaarheid_Voorzieningen,weighted_mean,Voorzieningen
BU00851002,0.04978579495511343,Bereikbaarheid_Voorzieningen,weighted_mean,Voorzieningen
BU00851003,0.20340756528325662,Bereikbaarheid_Voorzieningen,weighted_mean,Voorzieningen
WK008511,0.09479567319055111,Bereikbaarheid_Voorzieningen,weighted_mean,Voorzieningen
BU00851101,0.13428277787803017,Bereikbaarheid_Voorzieningen,weighted_mean,Voorzieningen
BU00851102,0.1566093924321611,Bereikbaarheid_Voorzieningen,weighted_mean,Voorzieningen
BU00851103,0.1008233810773588,Bereikbaarheid_Voorzieningen,weighted_mean,Voorzieningen
BU00851104,0.050531875217061976,Bereikbaarheid_Voorzieningen,weighted_mean,Voorzieningen
BU00851105,0.0394512891364759,Bereikbaarheid_Voorzieningen,weighted_mean,Voorzieningen
BU00851106,0.0507658943909263,Bereikbaarheid_Voorzieningen,weighted_mean,Voorzieningen
BU00851107,0.05363392008503895,Bereikbaarheid_Voorzieningen,weighted_mean,Voorzieningen
BU00851108,0.07619546283717134,Bereikbaarheid_Voorzieningen,weighted_mean,Voorzieningen
BU00851109,0.11242511069576501,Bereikbaarheid_Voorzieningen,weighted_mean,Voorzieningen
BU00851110,0.06158855396284139,Bereikbaarheid_Voorzieningen,weighted_mean,Voorzieningen
BU00851111,0.0922255035396361,Bereikbaarheid_Voorzieningen,weighted_mean,Voorzieningen
BU00851112,0.07002851582746078,Bereikbaarheid_Voorzieningen,weighted_mean,Voorzieningen
BU00851113,0.05619182310452625,Bereikbaarheid_Voorzieningen,weighted_mean,Voorzieningen
BU00851114,0.061695182494127455,Bereikbaarheid_Voorzieningen,weighted_mean,Voorzieningen
BU00851115,0.06742503433773749,Bereikbaarheid_Voorzieningen,weighted_mean,Voorzieningen
BU00851116,0.08398374529787786,Bereikbaarheid_Voorzieningen,weighted_mean,Voorzieningen
BU00851117,0.10079285604683377,Bereikbaarheid_Voorzieningen,weighted_mean,Voorzieningen
BU00851118,0.2843594164044262,Bereikbaarheid_Voorzieningen,weighted_mean,Voorzieningen
WK008512,0.3300545923535799,Bereikbaarheid_Voorzieningen,weighted_mean,Voorzieningen
BU00851201,0.3025923784091912,Bereikbaarheid_Voorzieningen,weighted_mean,Voorzieningen
BU00851202,0.3769373434076063,Bereikbaarheid_Voorzieningen,weighted_mean,Voorzieningen
WK008513,0.22732346829173178,Bereikbaarheid_Voorzieningen,weighted_mean,Voorzieningen
BU00851301,0.1958441026721466,Bereikbaarheid_Voorzieningen,weighted_mean,Voorzieningen
BU00851302,0.2794853250779398,Bereikbaarheid_Voorzieningen,weighted_mean,Voorzieningen
GM0086,0.13498934675655516,Bereikbaarheid_Voorzieningen,weighted_mean,Voorzieningen
WK008601,0.08379344758779797,Bereikbaarheid_Voorzieningen,weighted_mean,Voorzieningen
BU00860101,0.036237553771374935,Bereikbaarheid_Voorzieningen,weighted_mean,Voorzieningen
BU00860102,0.04441958912732332,Bereikbaarheid_Voorzieningen,weighted_mean,Voorzieningen
BU00860103,0.2177647756159626,Bereikbaarheid_Voorzieningen,weighted_mean,Voorzieningen
WK008602,0.0856747951085567,Bereikbaarheid_Voorzieningen,weighted_mean,Voorzieningen
BU00860201,0.02735255186969643,Bereikbaarheid_Voorzieningen,weighted_mean,Voorzieningen
BU00860202,0.041618813038876004,Bereikbaarheid_Voorzieningen,weighted_mean,Voorzieningen
BU00860203,0.06577778390719768,Bereikbaarheid_Voorzieningen,weighted_mean,Voorzieningen
BU00860204,0.08114076451734922,Bereikbaarheid_Voorzieningen,weighted_mean,Voorzieningen
BU00860205,0.05605937049611006,Bereikbaarheid_Voorzieningen,weighted_mean,Voorzieningen
BU00860206,0.12406197539567745,Bereikbaarheid_Voorzieningen,weighted_mean,Voorzieningen
BU00860207,0.14623729197242347,Bereikbaarheid_Voorzieningen,weighted_mean,Voorzieningen
BU00860208,0.3233503289680436,Bereikbaarheid_Voorzieningen,weighted_mean,Voorzieningen
BU00860209,0.1475910288979293,Bereikbaarheid_Voorzieningen,weighted_mean,Voorzieningen
WK008604,0.21331829963243223,Bereikbaarheid_Voorzieningen,weighted_mean,Voorzieningen
BU00860401,0.21548015382142843,Bereikbaarheid_Voorzieningen,weighted_mean,Voorzieningen
BU00860402,0.23112085948595779,Bereikbaarheid_Voorzieningen,weighted_mean,Voorzieningen
WK008605,0.09123865395030205,Bereikbaarheid_Voorzieningen,weighted_mean,Voorzieningen
BU00860501,0.07292060209187753,Bereikbaarheid_Voorzieningen,weighted_mean,Voorzieningen
BU00860502,0.11920781247548884,Bereikbaarheid_Voorzieningen,weighted_mean,Voorzieningen
BU00860503,0.08657691325946243,Bereikbaarheid_Voorzieningen,weighted_mean,Voorzieningen
BU00860504,0.10214280104308184,Bereikbaarheid_Voorzieningen,weighted_mean,Voorzieningen
BU00860505,0.10234870280177863,Bereikbaarheid_Voorzieningen,weighted_mean,Voorzieningen
BU00860506,0.05839411847877773,Bereikbaarheid_Voorzieningen,weighted_mean,Voorzieningen
BU00860507,0.10434670928587376,Bereikbaarheid_Voorzieningen,weighted_mean,Voorzieningen
BU00860508,0.28872991874778653,Bereikbaarheid_Voorzieningen,weighted_mean,Voorzieningen
WK008606,0.3833084416552468,Bereikbaarheid_Voorzieningen,weighted_mean,Voorzieningen
BU00860601,0.375134842043291,Bereikbaarheid_Voorzieningen,weighted_mean,Voorzieningen
BU00860602,0.3969614933219971,Bereikbaarheid_Voorzieningen,weighted_mean,Voorzieningen
WK008607,0.335963763492905,Bereikbaarheid_Voorzieningen,weighted_mean,Voorzieningen
BU00860701,0.32304308660132713,Bereikbaarheid_Voorzieningen,weighted_mean,Voorzieningen
BU00860702,0.3483742363028503,Bereikbaarheid_Voorzieningen,weighted_mean,Voorzieningen
WK008608,0.19211925420127587,Bereikbaarheid_Voorzieningen,weighted_mean,Voorzieningen
BU00860801,0.1585771362041251,Bereikbaarheid_Voorzieningen,weighted_mean,Voorzieningen
BU00860802,0.2698565933910102,Bereikbaarheid_Voorzieningen,weighted_mean,Voorzieningen
WK008609,0.1895712673365188,Bereikbaarheid_Voorzieningen,weighted_mean,Voorzieningen
BU00860901,0.17070310004241773,Bereikbaarheid_Voorzieningen,weighted_mean,Voorzieningen
BU00860902,0.23526564853885543,Bereikbaarheid_Voorzieningen,weighted_mean,Voorzieningen
WK008610,0.40868390498484947,Bereikbaarheid_Voorzieningen,weighted_mean,Voorzieningen
BU00861001,0.4323479329881951,Bereikbaarheid_Voorzieningen,weighted_mean,Voorzieningen
BU00861002,0.3642314013921264,Bereikbaarheid_Voorzieningen,weighted_mean,Voorzieningen
WK008611,0.12980234854437186,Bereikbaarheid_Voorzieningen,weighted_mean,Voorzieningen
BU00861101,0.0746548409379176,Bereikbaarheid_Voorzieningen,weighted_mean,Voorzieningen
BU00861102,0.2655911872239619,Bereikbaarheid_Voorzieningen,weighted_mean,Voorzieningen
WK008613,0.22318700849714213,Bereikbaarheid_Voorzieningen,weighted_mean,Voorzieningen
BU00861301,0.16936186090019156,Bereikbaarheid_Voorzieningen,weighted_mean,Voorzieningen
BU00861302,0.26256086695761677,Bereikbaarheid_Voorzieningen,weighted_mean,Voorzieningen
WK008614,0.1964491829015781,Bereikbaarheid_Voorzieningen,weighted_mean,Voorzieningen
BU00861401,0.15043554203343198,Bereikbaarheid_Voorzieningen,weighted_mean,Voorzieningen
BU00861402,0.2716673538889144,Bereikbaarheid_Voorzieningen,weighted_mean,Voorzieningen
WK008615,0.24679684567585533,Bereikbaarheid_Voorzieningen,weighted_mean,Voorzieningen
BU00861501,0.19152856512254116,Bereikbaarheid_Voorzieningen,weighted_mean,Voorzieningen
BU00861502,0.35519413275305395,Bereikbaarheid_Voorzieningen,weighted_mean,Voorzieningen
WK008616,0.08550973190852373,Bereikbaarheid_Voorzieningen,weighted_mean,Voorzieningen
BU00861601,0.032553694497453545,Bereikbaarheid_Voorzieningen,weighted_mean,Voorzieningen
BU00861602,0.05731743912421186,Bereikbaarheid_Voorzieningen,weighted_mean,Voorzieningen
BU00861603,0.07729717152205028,Bereikbaarheid_Voorzieningen,weighted_mean,Voorzieningen
BU00861604,0.02409297052154195,Bereikbaarheid_Voorzieningen,weighted_mean,Voorzieningen
BU00861605,0.04931060908045508,Bereikbaarheid_Voorzieningen,weighted_mean,Voorzieningen
BU00861606,0.31186487600339385,Bereikbaarheid_Voorzieningen,weighted_mean,Voorzieningen
BU00861607,0.2344309124514179,Bereikbaarheid_Voorzieningen,weighted_mean,Voorzieningen
WK008617,0.12518921986717443,Bereikbaarheid_Voorzieningen,weighted_mean,Voorzieningen
BU00861701,0.024681402623204722,Bereikbaarheid_Voorzieningen,weighted_mean,Voorzieningen
BU00861702,0.04410946645269797,Bereikbaarheid_Voorzieningen,weighted_mean,Voorzieningen
BU00861703,0.2557857308559257,Bereikbaarheid_Voorzieningen,weighted_mean,Voorzieningen
GM0088,0.03019890642837976,Bereikbaarheid_Voorzieningen,weighted_mean,Voorzieningen
WK008800,0.03019890642837976,Bereikbaarheid_Voorzieningen,weighted_mean,Voorzieningen
BU00880000,0.024681402623204722,Bereikbaarheid_Voorzieningen,weighted_mean,Voorzieningen
BU00880009,0.1279289458945717,Bereikbaarheid_Voorzieningen,weighted_mean,Voorzieningen
GM0090,0.1335287709256058,Bereikbaarheid_Voorzieningen,weighted_mean,Voorzieningen
WK009001,0.11550404297575234,Bereikbaarheid_Voorzieningen,weighted_mean,Voorzieningen
BU00900101,0.11550404297575234,Bereikbaarheid_Voorzieningen,weighted_mean,Voorzieningen
WK009002,0.08675187183653107,Bereikbaarheid_Voorzieningen,weighted_mean,Voorzieningen
BU00900201,0.1032220412485026,Bereikbaarheid_Voorzieningen,weighted_mean,Voorzieningen
BU00900202,0.07120920832100956,Bereikbaarheid_Voorzieningen,weighted_mean,Voorzieningen
BU00900203,0.09271164705096469,Bereikbaarheid_Voorzieningen,weighted_mean,Voorzieningen
BU00900204,0.08122684131150056,Bereikbaarheid_Voorzieningen,weighted_mean,Voorzieningen
BU00900205,0.07742865537045748,Bereikbaarheid_Voorzieningen,weighted_mean,Voorzieningen
BU00900206,0.11287244407086151,Bereikbaarheid_Voorzieningen,weighted_mean,Voorzieningen
WK009003,0.1321322786991127,Bereikbaarheid_Voorzieningen,weighted_mean,Voorzieningen
BU00900301,0.14616399086321663,Bereikbaarheid_Voorzieningen,weighted_mean,Voorzieningen
BU00900302,0.13158428778270523,Bereikbaarheid_Voorzieningen,weighted_mean,Voorzieningen
BU00900303,0.11568933585865435,Bereikbaarheid_Voorzieningen,weighted_mean,Voorzieningen
BU00900304,0.11820243697423993,Bereikbaarheid_Voorzieningen,weighted_mean,Voorzieningen
WK009004,0.10612178669057765,Bereikbaarheid_Voorzieningen,weighted_mean,Voorzieningen
BU00900401,0.10526712479405412,Bereikbaarheid_Voorzieningen,weighted_mean,Voorzieningen
BU00900402,0.1517654105823084,Bereikbaarheid_Voorzieningen,weighted_mean,Voorzieningen
BU00900403,0.105684520108497,Bereikbaarheid_Voorzieningen,weighted_mean,Voorzieningen
BU00900404,0.1026972953778876,Bereikbaarheid_Voorzieningen,weighted_mean,Voorzieningen
BU00900405,0.10473837662002387,Bereikbaarheid_Voorzieningen,weighted_mean,Voorzieningen
BU00900406,0.08496302920917914,Bereikbaarheid_Voorzieningen,weighted_mean,Voorzieningen
WK009005,0.18882226780848413,Bereikbaarheid_Voorzieningen,weighted_mean,Voorzieningen
BU00900501,0.19301291842770615,Bereikbaarheid_Voorzieningen,weighted_mean,Voorzieningen
BU00900502,0.17436464666959012,Bereikbaarheid_Voorzieningen,weighted_mean,Voorzieningen
WK009006,0.10000845652168722,Bereikbaarheid_Voorzieningen,weighted_mean,Voorzieningen
BU00900601,0.09158461035641333,Bereikbaarheid_Voorzieningen,weighted_mean,Voorzieningen
BU00900602,0.09938500621305014,Bereikbaarheid_Voorzieningen,weighted_mean,Voorzieningen
BU00900603,0.10843203777135542,Bereikbaarheid_Voorzieningen,weighted_mean,Voorzieningen
WK009007,0.127202562887069,Bereikbaarheid_Voorzieningen,weighted_mean,Voorzieningen
BU00900701,0.08717618872047529,Bereikbaarheid_Voorzieningen,weighted_mean,Voorzieningen
BU00900702,0.10241980147536178,Bereikbaarheid_Voorzieningen,weighted_mean,Voorzieningen
BU00900703,0.10297177391748992,Bereikbaarheid_Voorzieningen,weighted_mean,Voorzieningen
BU00900704,0.14621398978797093,Bereikbaarheid_Voorzieningen,weighted_mean,Voorzieningen
BU00900705,0.14760926651933207,Bereikbaarheid_Voorzieningen,weighted_mean,Voorzieningen
BU00900706,0.20279323378532094,Bereikbaarheid_Voorzieningen,weighted_mean,Voorzieningen
WK009008,0.1194527685083288,Bereikbaarheid_Voorzieningen,weighted_mean,Voorzieningen
BU00900801,0.14063820195233454,Bereikbaarheid_Voorzieningen,weighted_mean,Voorzieningen
BU00900802,0.10242442710961387,Bereikbaarheid_Voorzieningen,weighted_mean,Voorzieningen
BU00900803,0.10045495619178935,Bereikbaarheid_Voorzieningen,weighted_mean,Voorzieningen
WK009009,0.1046350465477497,Bereikbaarheid_Voorzieningen,weighted_mean,Voorzieningen
BU00900901,0.1046423083519995,Bereikbaarheid_Voorzieningen,weighted_mean,Voorzieningen
BU00900902,0.11000915828832106,Bereikbaarheid_Voorzieningen,weighted_mean,Voorzieningen
BU00900903,0.10608597113957449,Bereikbaarheid_Voorzieningen,weighted_mean,Voorzieningen
BU00900904,0.10986542598896894,Bereikbaarheid_Voorzieningen,weighted_mean,Voorzieningen
WK009010,0.09929119492209768,Bereikbaarheid_Voorzieningen,weighted_mean,Voorzieningen
BU00901001,0.10837563412225201,Bereikbaarheid_Voorzieningen,weighted_mean,Voorzieningen
BU00901002,0.10442743842088692,Bereikbaarheid_Voorzieningen,weighted_mean,Voorzieningen
BU00901003,0.08848743785781138,Bereikbaarheid_Voorzieningen,weighted_mean,Voorzieningen
BU00901004,0.09682765380246874,Bereikbaarheid_Voorzieningen,weighted_mean,Voorzieningen
WK009011,0.2176339540565696,Bereikbaarheid_Voorzieningen,weighted_mean,Voorzieningen
BU00901101,0.2176339540565696,Bereikbaarheid_Voorzieningen,weighted_mean,Voorzieningen
WK009012,0.2276523636133949,Bereikbaarheid_Voorzieningen,weighted_mean,Voorzieningen
BU00901201,0.22750106563600994,Bereikbaarheid_Voorzieningen,weighted_mean,Voorzieningen
BU00901202,0.22793990612845377,Bereikbaarheid_Voorzieningen,weighted_mean,Voorzieningen
WK009013,0.13272084325857833,Bereikbaarheid_Voorzieningen,weighted_mean,Voorzieningen
BU00901301,0.12364740065327151,Bereikbaarheid_Voorzieningen,weighted_mean,Voorzieningen
BU00901302,0.12266093025686325,Bereikbaarheid_Voorzieningen,weighted_mean,Voorzieningen
BU00901303,0.15032743568862011,Bereikbaarheid_Voorzieningen,weighted_mean,Voorzieningen
WK009021,0.14171344245155193,Bereikbaarheid_Voorzieningen,weighted_mean,Voorzieningen
BU00902104,0.13509889455392732,Bereikbaarheid_Voorzieningen,weighted_mean,Voorzieningen
BU00902105,0.14986851615159286,Bereikbaarheid_Voorzieningen,weighted_mean,Voorzieningen
BU00902109,0.2651854689738635,Bereikbaarheid_Voorzieningen,weighted_mean,Voorzieningen
BU00902110,0.06655685395368882,Bereikbaarheid_Voorzieningen,weighted_mean,Voorzieningen
BU00902114,0.3796223513763717,Bereikbaarheid_Voorzieningen,weighted_mean,Voorzieningen
WK009022,0.20764671363880077,Bereikbaarheid_Voorzieningen,weighted_mean,Voorzieningen
BU00902201,0.18641137996408993,Bereikbaarheid_Voorzieningen,weighted_mean,Voorzieningen
BU00902202,0.28016294543351467,Bereikbaarheid_Voorzieningen,weighted_mean,Voorzieningen
BU00902203,0.2886280301280727,Bereikbaarheid_Voorzieningen,weighted_mean,Voorzieningen
BU00902206,0.11629534329270567,Bereikbaarheid_Voorzieningen,weighted_mean,Voorzieningen
BU00902212,0.3637318926287701,Bereikbaarheid_Voorzieningen,weighted_mean,Voorzieningen
BU00902213,0.6797682315698993,Bereikbaarheid_Voorzieningen,weighted_mean,Voorzieningen
BU00902215,0.5415775874956511,Bereikbaarheid_Voorzieningen,weighted_mean,Voorzieningen
BU00902216,0.20620570520170628,Bereikbaarheid_Voorzieningen,weighted_mean,Voorzieningen
WK009023,0.21623865395030212,Bereikbaarheid_Voorzieningen,weighted_mean,Voorzieningen
BU00902307,0.27012246217342795,Bereikbaarheid_Voorzieningen,weighted_mean,Voorzieningen
BU00902308,0.2320116382100557,Bereikbaarheid_Voorzieningen,weighted_mean,Voorzieningen
BU00902311,0.15570025661491677,Bereikbaarheid_Voorzieningen,weighted_mean,Voorzieningen
GM1900,0.15260665008814422,Bereikbaarheid_Voorzieningen,weighted_mean,Voorzieningen
WK190000,0.09327947027683266,Bereikbaarheid_Voorzieningen,weighted_mean,Voorzieningen
BU19000000,0.07052537283754846,Bereikbaarheid_Voorzieningen,weighted_mean,Voorzieningen
BU19000001,0.0729545580392173,Bereikbaarheid_Voorzieningen,weighted_mean,Voorzieningen
BU19000002,0.052163713792659605,Bereikbaarheid_Voorzieningen,weighted_mean,Voorzieningen
BU19000003,0.11327746107376842,Bereikbaarheid_Voorzieningen,weighted_mean,Voorzieningen
BU19000004,0.13170149735494757,Bereikbaarheid_Voorzieningen,weighted_mean,Voorzieningen
BU19000009,0.16660402711198255,Bereikbaarheid_Voorzieningen,weighted_mean,Voorzieningen
WK190001,0.11808562737261794,Bereikbaarheid_Voorzieningen,weighted_mean,Voorzieningen
BU19000101,0.08115826453059502,Bereikbaarheid_Voorzieningen,weighted_mean,Voorzieningen
BU19000102,0.0874879242636411,Bereikbaarheid_Voorzieningen,weighted_mean,Voorzieningen
BU19000103,0.12785562920209395,Bereikbaarheid_Voorzieningen,weighted_mean,Voorzieningen
BU19000104,0.08745381508080394,Bereikbaarheid_Voorzieningen,weighted_mean,Voorzieningen
BU19000105,0.10215379763792935,Bereikbaarheid_Voorzieningen,weighted_mean,Voorzieningen
BU19000106,0.06499201824863358,Bereikbaarheid_Voorzieningen,weighted_mean,Voorzieningen
BU19000107,0.10668115339475845,Bereikbaarheid_Voorzieningen,weighted_mean,Voorzieningen
BU19000108,0.07181641047249829,Bereikbaarheid_Voorzieningen,weighted_mean,Voorzieningen
BU19000109,0.06822583265831798,Bereikbaarheid_Voorzieningen,weighted_mean,Voorzieningen
BU19000110,0.13356485139221463,Bereikbaarheid_Voorzieningen,weighted_mean,Voorzieningen
BU19000111,0.20060428548261447,Bereikbaarheid_Voorzieningen,weighted_mean,Voorzieningen
BU19000112,0.07448054464986313,Bereikbaarheid_Voorzieningen,weighted_mean,Voorzieningen
BU19000113,0.09396914688967782,Bereikbaarheid_Voorzieningen,weighted_mean,Voorzieningen
BU19000114,0.0956955733225622,Bereikbaarheid_Voorzieningen,weighted_mean,Voorzieningen
BU19000115,0.12161515512574818,Bereikbaarheid_Voorzieningen,weighted_mean,Voorzieningen
BU19000116,0.14740840854599047,Bereikbaarheid_Voorzieningen,weighted_mean,Voorzieningen
BU19000117,0.12010848917383422,Bereikbaarheid_Voorzieningen,weighted_mean,Voorzieningen
BU19000118,0.26276540258289605,Bereikbaarheid_Voorzieningen,weighted_mean,Voorzieningen
BU19000119,0.17471090694948435,Bereikbaarheid_Voorzieningen,weighted_mean,Voorzieningen
BU19000120,0.1483002495297229,Bereikbaarheid_Voorzieningen,weighted_mean,Voorzieningen
WK190002,0.1108055777097724,Bereikbaarheid_Voorzieningen,weighted_mean,Voorzieningen
BU19000200,0.07421055928671007,Bereikbaarheid_Voorzieningen,weighted_mean,Voorzieningen
BU19000201,0.36876416194675365,Bereikbaarheid_Voorzieningen,weighted_mean,Voorzieningen
BU19000202,0.20631815148747001,Bereikbaarheid_Voorzieningen,weighted_mean,Voorzieningen
BU19000208,0.283425407089578,Bereikbaarheid_Voorzieningen,weighted_mean,Voorzieningen
BU19000209,0.2600094258011386,Bereikbaarheid_Voorzieningen,weighted_mean,Voorzieningen
WK190003,0.13873334706738946,Bereikbaarheid_Voorzieningen,weighted_mean,Voorzieningen
BU19000300,0.05265382064922608,Bereikbaarheid_Voorzieningen,weighted_mean,Voorzieningen
BU19000301,0.5402081893828683,Bereikbaarheid_Voorzieningen,weighted_mean,Voorzieningen
BU19000302,0.3463677758942798,Bereikbaarheid_Voorzieningen,weighted_mean,Voorzieningen
BU19000308,0.22265380610483992,Bereikbaarheid_Voorzieningen,weighted_mean,Voorzieningen
BU19000309,0.28289831074226546,Bereikbaarheid_Voorzieningen,weighted_mean,Voorzieningen
WK190004,0.16452963143382612,Bereikbaarheid_Voorzieningen,weighted_mean,Voorzieningen
BU19000400,0.16720889437004474,Bereikbaarheid_Voorzieningen,weighted_mean,Voorzieningen
BU19000401,0.17208188447871942,Bereikbaarheid_Voorzieningen,weighted_mean,Voorzieningen
BU19000402,0.30588009275578415,Bereikbaarheid_Voorzieningen,weighted_mean,Voorzieningen
BU19000403,0.14021864316044527,Bereikbaarheid_Voorzieningen,weighted_mean,Voorzieningen
BU19000408,0.24712056475436045,Bereikbaarheid_Voorzieningen,weighted_mean,Voorzieningen
BU19000409,0.18567344975283379,Bereikbaarheid_Voorzieningen,weighted_mean,Voorzieningen
WK190005,0.08525997622823966,Bereikbaarheid_Voorzieningen,weighted_mean,Voorzieningen
BU19000500,0.06020804497789098,Bereikbaarheid_Voorzieningen,weighted_mean,Voorzieningen
BU19000501,0.07464149386637262,Bereikbaarheid_Voorzieningen,weighted_mean,Voorzieningen
BU19000502,0.09788874988611226,Bereikbaarheid_Voorzieningen,weighted_mean,Voorzieningen
BU19000503,0.2101678920831478,Bereikbaarheid_Voorzieningen,weighted_mean,Voorzieningen
WK190006,0.12230983656577125,Bereikbaarheid_Voorzieningen,weighted_mean,Voorzieningen
BU19000600,0.03572393695341028,Bereikbaarheid_Voorzieningen,weighted_mean,Voorzieningen
BU19000602,0.28241083486127316,Bereikbaarheid_Voorzieningen,weighted_mean,Voorzieningen
BU19000603,0.30126188393226605,Bereikbaarheid_Voorzieningen,weighted_mean,Voorzieningen
BU19000607,0.19232421057486998,Bereikbaarheid_Voorzieningen,weighted_mean,Voorzieningen
BU19000608,0.4566276170675048,Bereikbaarheid_Voorzieningen,weighted_mean,Voorzieningen
BU19000609,0.3069755629378705,Bereikbaarheid_Voorzieningen,weighted_mean,Voorzieningen
WK190007,0.17267374749719686,Bereikbaarheid_Voorzieningen,weighted_mean,Voorzieningen
BU19000700,0.13095621183981604,Bereikbaarheid_Voorzieningen,weighted_mean,Voorzieningen
BU19000701,0.22415216617335232,Bereikbaarheid_Voorzieningen,weighted_mean,Voorzieningen
BU19000702,0.2790181749766537,Bereikbaarheid_Voorzieningen,weighted_mean,Voorzieningen
BU19000706,0.21325302390775042,Bereikbaarheid_Voorzieningen,weighted_mean,Voorzieningen
BU19000707,0.26149364405128894,Bereikbaarheid_Voorzieningen,weighted_mean,Voorzieningen
BU19000708,0.27612715097187157,Bereikbaarheid_Voorzieningen,weighted_mean,Voorzieningen
WK190008,0.30884155054792345,Bereikbaarheid_Voorzieningen,weighted_mean,Voorzieningen
BU19000800,0.2621050900468922,Bereikbaarheid_Voorzieningen,weighted_mean,Voorzieningen
BU19000801,0.36867575545359943,Bereikbaarheid_Voorzieningen,weighted_mean,Voorzieningen
BU19000802,0.41697296624549246,Bereikbaarheid_Voorzieningen,weighted_mean,Voorzieningen
BU19000804,0.49753248514628595,Bereikbaarheid_Voorzieningen,weighted_mean,Voorzieningen
BU19000808,0.31664274374858914,Bereikbaarheid_Voorzieningen,weighted_mean,Voorzieningen
BU19000809,0.46906782275836995,Bereikbaarheid_Voorzieningen,weighted_mean,Voorzieningen
WK190009,0.3861163860483184,Bereikbaarheid_Voorzieningen,weighted_mean,Voorzieningen
BU19000900,0.2450126520576619,Bereikbaarheid_Voorzieningen,weighted_mean,Voorzieningen
BU19000901,0.40854251537055936,Bereikbaarheid_Voorzieningen,weighted_mean,Voorzieningen
BU19000902,0.431334534699633,Bereikbaarheid_Voorzieningen,weighted_mean,Voorzieningen
BU19000903,0.5077172694951135,Bereikbaarheid_Voorzieningen,weighted_mean,Voorzieningen
BU19000904,0.4574762482381815,Bereikbaarheid_Voorzieningen,weighted_mean,Voorzieningen
BU19000905,0.5033815308319691,Bereikbaarheid_Voorzieningen,weighted_mean,Voorzieningen
BU19000906,0.6084691649143279,Bereikbaarheid_Voorzieningen,weighted_mean,Voorzieningen
BU19000907,0.23869397073898058,Bereikbaarheid_Voorzieningen,weighted_mean,Voorzieningen
BU19000908,0.4775980507198069,Bereikbaarheid_Voorzieningen,weighted_mean,Voorzieningen
BU19000909,0.4354321531914488,Bereikbaarheid_Voorzieningen,weighted_mean,Voorzieningen
WK190010,0.2767078122157677,Bereikbaarheid_Voorzieningen,weighted_mean,Voorzieningen
BU19001000,0.40014455561549933,Bereikbaarheid_Voorzieningen,weighted_mean,Voorzieningen
BU19001001,0.1903495971776411,Bereikbaarheid_Voorzieningen,weighted_mean,Voorzieningen
BU19001002,0.3753935139517545,Bereikbaarheid_Voorzieningen,weighted_mean,Voorzieningen
BU19001003,0.3276225034690959,Bereikbaarheid_Voorzieningen,weighted_mean,Voorzieningen
BU19001007,0.45545088791919397,Bereikbaarheid_Voorzieningen,weighted_mean,Voorzieningen
BU19001008,0.307960685381344,Bereikbaarheid_Voorzieningen,weighted_mean,Voorzieningen
WK190011,0.21573267812951302,Bereikbaarheid_Voorzieningen,weighted_mean,Voorzieningen
BU19001100,0.17946497852053886,Bereikbaarheid_Voorzieningen,weighted_mean,Voorzieningen
BU19001101,0.31608919739609787,Bereikbaarheid_Voorzieningen,weighted_mean,Voorzieningen
BU19001108,0.41941946186394413,Bereikbaarheid_Voorzieningen,weighted_mean,Voorzieningen
BU19001109,0.4040915358217324,Bereikbaarheid_Voorzieningen,weighted_mean,Voorzieningen
WK190012,0.250653313050148,Bereikbaarheid_Voorzieningen,weighted_mean,Voorzieningen
BU19001200,0.22262737168293203,Bereikbaarheid_Voorzieningen,weighted_mean,Voorzieningen
BU19001201,0.3224253215893649,Bereikbaarheid_Voorzieningen,weighted_mean,Voorzieningen
BU19001202,0.31214618053510257,Bereikbaarheid_Voorzieningen,weighted_mean,Voorzieningen
BU19001203,0.5372221567724845,Bereikbaarheid_Voorzieningen,weighted_mean,Voorzieningen
BU19001204,0.3962596851327389,Bereikbaarheid_Voorzieningen,weighted_mean,Voorzieningen
BU19001208,0.3005501003718481,Bereikbaarheid_Voorzieningen,weighted_mean,Voorzieningen
BU19001209,0.42035265565428087,Bereikbaarheid_Voorzieningen,weighted_mean,Voorzieningen
WK190013,0.14683796992781933,Bereikbaarheid_Voorzieningen,weighted_mean,Voorzieningen
BU19001300,0.03515717598717684,Bereikbaarheid_Voorzieningen,weighted_mean,Voorzieningen
BU19001301,0.30954203675636505,Bereikbaarheid_Voorzieningen,weighted_mean,Voorzieningen
BU19001302,0.23810239341380332,Bereikbaarheid_Voorzieningen,weighted_mean,Voorzieningen
BU19001303,0.1381504678045987,Bereikbaarheid_Voorzieningen,weighted_mean,Voorzieningen
BU19001306,0.20190723133376082,Bereikbaarheid_Voorzieningen,weighted_mean,Voorzieningen
BU19001307,0.40584680429188225,Bereikbaarheid_Voorzieningen,weighted_mean,Voorzieningen
BU19001308,0.27324711317308964,Bereikbaarheid_Voorzieningen,weighted_mean,Voorzieningen
BU19001309,0.24076807812662493,Bereikbaarheid_Voorzieningen,weighted_mean,Voorzieningen
WK190014,0.4550534391915317,Bereikbaarheid_Voorzieningen,weighted_mean,Voorzieningen
BU19001400,0.6027345445898157,Bereikbaarheid_Voorzieningen,weighted_mean,Voorzieningen
BU19001401,0.45765265605944594,Bereikbaarheid_Voorzieningen,weighted_mean,Voorzieningen
BU19001402,0.39494142352348777,Bereikbaarheid_Voorzieningen,weighted_mean,Voorzieningen
BU19001403,0.26684195508963654,Bereikbaarheid_Voorzieningen,weighted_mean,Voorzieningen
BU19001404,0.35444805508831717,Bereikbaarheid_Voorzieningen,weighted_mean,Voorzieningen
BU19001405,0.5107343569672338,Bereikbaarheid_Voorzieningen,weighted_mean,Voorzieningen
BU19001406,0.44015299603447317,Bereikbaarheid_Voorzieningen,weighted_mean,Voorzieningen
BU19001407,0.560805569918137,Bereikbaarheid_Voorzieningen,weighted_mean,Voorzieningen
BU19001408,0.46444438055303366,Bereikbaarheid_Voorzieningen,weighted_mean,Voorzieningen
BU19001409,0.4042482593746102,Bereikbaarheid_Voorzieningen,weighted_mean,Voorzieningen
WK190015,0.5334089381694249,Bereikbaarheid_Voorzieningen,weighted_mean,Voorzieningen
BU19001500,0.7409725721965151,Bereikbaarheid_Voorzieningen,weighted_mean,Voorzieningen
BU19001501,0.41644771132136066,Bereikbaarheid_Voorzieningen,weighted_mean,Voorzieningen
BU19001502,0.3759962437044885,Bereikbaarheid_Voorzieningen,weighted_mean,Voorzieningen
BU19001503,0.3305398741100265,Bereikbaarheid_Voorzieningen,weighted_mean,Voorzieningen
BU19001509,0.8060744810744811,Bereikbaarheid_Voorzieningen,weighted_mean,Voorzieningen
WK190016,0.4248314539389159,Bereikbaarheid_Voorzieningen,weighted_mean,Voorzieningen
BU19001600,0.4242943037846467,Bereikbaarheid_Voorzieningen,weighted_mean,Voorzieningen
BU19001601,0.6222751430102745,Bereikbaarheid_Voorzieningen,weighted_mean,Voorzieningen
BU19001602,0.45514438056342255,Bereikbaarheid_Voorzieningen,weighted_mean,Voorzieningen
BU19001603,0.22612493295297692,Bereikbaarheid_Voorzieningen,weighted_mean,Voorzieningen
BU19001604,0.529995651228528,Bereikbaarheid_Voorzieningen,weighted_mean,Voorzieningen
BU19001606,0.46695730505821553,Bereikbaarheid_Voorzieningen,weighted_mean,Voorzieningen
BU19001607,0.3272178838395975,Bereikbaarheid_Voorzieningen,weighted_mean,Voorzieningen
BU19001608,0.4615013110205828,Bereikbaarheid_Voorzieningen,weighted_mean,Voorzieningen
WK190017,0.06273712933501924,Bereikbaarheid_Voorzieningen,weighted_mean,Voorzieningen
BU19001700,0.05725015056036924,Bereikbaarheid_Voorzieningen,weighted_mean,Voorzieningen
BU19001709,0.17112027199664404,Bereikbaarheid_Voorzieningen,weighted_mean,Voorzieningen
WK190018,0.35439950021333505,Bereikbaarheid_Voorzieningen,weighted_mean,Voorzieningen
BU19001800,0.24636764083926516,Bereikbaarheid_Voorzieningen,weighted_mean,Voorzieningen
BU19001801,0.4464800949166644,Bereikbaarheid_Voorzieningen,weighted_mean,Voorzieningen
BU19001802,0.31391147684009085,Bereikbaarheid_Voorzieningen,weighted_mean,Voorzieningen
BU19001803,0.5092306492395832,Bereikbaarheid_Voorzieningen,weighted_mean,Voorzieningen
BU19001804,0.28937352601736166,Bereikbaarheid_Voorzieningen,weighted_mean,Voorzieningen
BU19001808,0.3154381283369627,Bereikbaarheid_Voorzieningen,weighted_mean,Voorzieningen
BU19001809,0.5394982441289768,Bereikbaarheid_Voorzieningen,weighted_mean,Voorzieningen
WK190019,0.35406102637447834,Bereikbaarheid_Voorzieningen,weighted_mean,Voorzieningen
BU19001900,0.3289691837700857,Bereikbaarheid_Voorzieningen,weighted_mean,Voorzieningen
BU19001901,0.4081797835733002,Bereikbaarheid_Voorzieningen,weighted_mean,Voorzieningen
BU19001902,0.2977423632362798,Bereikbaarheid_Voorzieningen,weighted_mean,Voorzieningen
BU19001903,0.43228598948627883,Bereikbaarheid_Voorzieningen,weighted_mean,Voorzieningen
BU19001904,0.3559706081849365,Bereikbaarheid_Voorzieningen,weighted_mean,Voorzieningen
WK190020,0.17714850971466306,Bereikbaarheid_Voorzieningen,weighted_mean,Voorzieningen
BU19002001,0.051732002646662736,Bereikbaarheid_Voorzieningen,weighted_mean,Voorzieningen
BU19002002,0.14678152472332687,Bereikbaarheid_Voorzieningen,weighted_mean,Voorzieningen
BU19002003,0.4097298125737674,Bereikbaarheid_Voorzieningen,weighted_mean,Voorzieningen
BU19002004,0.2479852155275452,Bereikbaarheid_Voorzieningen,weighted_mean,Voorzieningen
BU19002005,0.2796954343197856,Bereikbaarheid_Voorzieningen,weighted_mean,Voorzieningen
BU19002006,0.2974765905506993,Bereikbaarheid_Voorzieningen,weighted_mean,Voorzieningen
BU19002007,0.43921394033705796,Bereikbaarheid_Voorzieningen,weighted_mean,Voorzieningen
BU19002008,0.30095460001016033,Bereikbaarheid_Voorzieningen,weighted_mean,Voorzieningen
BU19002009,0.18200701517301537,Bereikbaarheid_Voorzieningen,weighted_mean,Voorzieningen
BU19002010,0.2610254732457575,Bereikbaarheid_Voorzieningen,weighted_mean,Voorzieningen
BU19002011,0.3135216665123924,Bereikbaarheid_Voorzieningen,weighted_mean,Voorzieningen
BU19002012,0.2858169586919694,Bereikbaarheid_Voorzieningen,weighted_mean,Voorzieningen
BU19002013,0.434877038123018,Bereikbaarheid_Voorzieningen,weighted_mean,Voorzieningen
BU19002014,0.3632419182300064,Bereikbaarheid_Voorzieningen,weighted_mean,Voorzieningen
BU19002015,0.4302637743908058,Bereikbaarheid_Voorzieningen,weighted_mean,Voorzieningen
BU19002016,0.4183586151126354,Bereikbaarheid_Voorzieningen,weighted_mean,Voorzieningen
BU19002017,0.13296253979058373,Bereikbaarheid_Voorzieningen,weighted_mean,Voorzieningen
BU19002018,0.3346305783045339,Bereikbaarheid_Voorzieningen,weighted_mean,Voorzieningen
BU19002019,0.264353234001409,Bereikbaarheid_Voorzieningen,weighted_mean,Voorzieningen
GM0093,0.1072910852158704,Bereikbaarheid_Voorzieningen,weighted_mean,Voorzieningen
WK009300,0.0576350885186927,Bereikbaarheid_Voorzieningen,weighted_mean,Voorzieningen
BU00930000,0.0576350885186927,Bereikbaarheid_Voorzieningen,weighted_mean,Voorzieningen
BU00930002,0.20278860815106883,Bereikbaarheid_Voorzieningen,weighted_mean,Voorzieningen
WK009301,0.05539354667662334,Bereikbaarheid_Voorzieningen,weighted_mean,Voorzieningen
BU00930110,0.027398130339932436,Bereikbaarheid_Voorzieningen,weighted_mean,Voorzieningen
BU00930111,0.11124060809247573,Bereikbaarheid_Voorzieningen,weighted_mean,Voorzieningen
BU00930112,0.36260682721799037,Bereikbaarheid_Voorzieningen,weighted_mean,Voorzieningen
WK009302,0.16501037534178012,Bereikbaarheid_Voorzieningen,weighted_mean,Voorzieningen
BU00930213,0.17488846533558527,Bereikbaarheid_Voorzieningen,weighted_mean,Voorzieningen
BU00930214,0.14732489260269405,Bereikbaarheid_Voorzieningen,weighted_mean,Voorzieningen
BU00930215,0.3333740576146771,Bereikbaarheid_Voorzieningen,weighted_mean,Voorzieningen
WK009303,0.22138115672957845,Bereikbaarheid_Voorzieningen,weighted_mean,Voorzieningen
BU00930316,0.22087095264794582,Bereikbaarheid_Voorzieningen,weighted_mean,Voorzieningen
BU00930317,0.3305398741100265,Bereikbaarheid_Voorzieningen,weighted_mean,Voorzieningen
WK009304,0.2917788895922139,Bereikbaarheid_Voorzieningen,weighted_mean,Voorzieningen
BU00930418,0.28961157658341363,Bereikbaarheid_Voorzieningen,weighted_mean,Voorzieningen
BU00930419,0.2917788895922139,Bereikbaarheid_Voorzieningen,weighted_mean,Voorzieningen
BU00930420,0.30822477247645297,Bereikbaarheid_Voorzieningen,weighted_mean,Voorzieningen
WK009305,0.573303023351947,Bereikbaarheid_Voorzieningen,weighted_mean,Voorzieningen
BU00930521,0.5738132274335798,Bereikbaarheid_Voorzieningen,weighted_mean,Voorzieningen
BU00930522,0.2964375255760434,Bereikbaarheid_Voorzieningen,weighted_mean,Voorzieningen
BU00930523,0.4313557050926234,Bereikbaarheid_Voorzieningen,weighted_mean,Voorzieningen
GM0737,0.12143333211783822,Bereikbaarheid_Voorzieningen,weighted_mean,Voorzieningen
WK073700,0.10017179517307145,Bereikbaarheid_Voorzieningen,weighted_mean,Voorzieningen
BU07370000,0.09516449544952907,Bereikbaarheid_Voorzieningen,weighted_mean,Voorzieningen
BU07370009,0.22056845279001328,Bereikbaarheid_Voorzieningen,weighted_mean,Voorzieningen
WK073701,0.16902962816133923,Bereikbaarheid_Voorzieningen,weighted_mean,Voorzieningen
BU07370100,0.20589851737643794,Bereikbaarheid_Voorzieningen,weighted_mean,Voorzieningen
BU07370101,0.09970307375863405,Bereikbaarheid_Voorzieningen,weighted_mean,Voorzieningen
BU07370102,0.5527457853225742,Bereikbaarheid_Voorzieningen,weighted_mean,Voorzieningen
BU07370108,0.3331398358582907,Bereikbaarheid_Voorzieningen,weighted_mean,Voorzieningen
BU07370109,0.1960867134227128,Bereikbaarheid_Voorzieningen,weighted_mean,Voorzieningen
WK073702,0.11172108189040036,Bereikbaarheid_Voorzieningen,weighted_mean,Voorzieningen
BU07370200,0.1644610156947433,Bereikbaarheid_Voorzieningen,weighted_mean,Voorzieningen
BU07370201,0.09254529563386878,Bereikbaarheid_Voorzieningen,weighted_mean,Voorzieningen
BU07370208,0.20950644456557843,Bereikbaarheid_Voorzieningen,weighted_mean,Voorzieningen
BU07370209,0.1606476828143637,Bereikbaarheid_Voorzieningen,weighted_mean,Voorzieningen
WK073703,0.17326390414750836,Bereikbaarheid_Voorzieningen,weighted_mean,Voorzieningen
BU07370300,0.16589878281148596,Bereikbaarheid_Voorzieningen,weighted_mean,Voorzieningen
BU07370309,0.2527249219200211,Bereikbaarheid_Voorzieningen,weighted_mean,Voorzieningen
WK073704,0.2637003183246696,Bereikbaarheid_Voorzieningen,weighted_mean,Voorzieningen
BU07370400,0.20012143783308597,Bereikbaarheid_Voorzieningen,weighted_mean,Voorzieningen
BU07370401,0.2980941010359031,Bereikbaarheid_Voorzieningen,weighted_mean,Voorzieningen
BU07370408,0.4938653882774533,Bereikbaarheid_Voorzieningen,weighted_mean,Voorzieningen
BU07370409,0.5554421664819011,Bereikbaarheid_Voorzieningen,weighted_mean,Voorzieningen
WK073705,0.08818734561523636,Bereikbaarheid_Voorzieningen,weighted_mean,Voorzieningen
BU07370500,0.16780441685997718,Bereikbaarheid_Voorzieningen,weighted_mean,Voorzieningen
BU07370501,0.04212533946857099,Bereikbaarheid_Voorzieningen,weighted_mean,Voorzieningen
BU07370508,0.2154924412305507,Bereikbaarheid_Voorzieningen,weighted_mean,Voorzieningen
BU07370509,0.17956924099185653,Bereikbaarheid_Voorzieningen,weighted_mean,Voorzieningen
WK073706,0.21134103707914653,Bereikbaarheid_Voorzieningen,weighted_mean,Voorzieningen
BU07370600,0.16510090375699163,Bereikbaarheid_Voorzieningen,weighted_mean,Voorzieningen
BU07370609,0.30656102975085364,Bereikbaarheid_Voorzieningen,weighted_mean,Voorzieningen
WK073707,0.11823995889340909,Bereikbaarheid_Voorzieningen,weighted_mean,Voorzieningen
BU07370700,0.05542407170714837,Bereikbaarheid_Voorzieningen,weighted_mean,Voorzieningen
BU07370701,0.13826636838208356,Bereikbaarheid_Voorzieningen,weighted_mean,Voorzieningen
BU07370708,0.2571499916837278,Bereikbaarheid_Voorzieningen,weighted_mean,Voorzieningen
BU07370709,0.19495887938413256,Bereikbaarheid_Voorzieningen,weighted_mean,Voorzieningen
WK073708,0.08627285767164948,Bereikbaarheid_Voorzieningen,weighted_mean,Voorzieningen
BU07370800,0.04627554890253776,Bereikbaarheid_Voorzieningen,weighted_mean,Voorzieningen
BU07370809,0.16262058724621475,Bereikbaarheid_Voorzieningen,weighted_mean,Voorzieningen
WK073709,0.08224791436099188,Bereikbaarheid_Voorzieningen,weighted_mean,Voorzieningen
BU07370900,0.07673041055581685,Bereikbaarheid_Voorzieningen,weighted_mean,Voorzieningen
BU07370909,0.18588083192226817,Bereikbaarheid_Voorzieningen,weighted_mean,Voorzieningen
GM0096,0.06103182342865828,Bereikbaarheid_Voorzieningen,weighted_mean,Voorzieningen
WK009600,0.06103182342865828,Bereikbaarheid_Voorzieningen,weighted_mean,Voorzieningen
BU00960000,0.049868516151592816,Bereikbaarheid_Voorzieningen,weighted_mean,Voorzieningen
BU00960009,0.24431480461642976,Bereikbaarheid_Voorzieningen,weighted_mean,Voorzieningen
GM1949,0.12959646496615784,Bereikbaarheid_Voorzieningen,weighted_mean,Voorzieningen
WK194915,0.24350649256205287,Bereikbaarheid_Voorzieningen,weighted_mean,Voorzieningen
BU19491500,0.3597615297245179,Bereikbaarheid_Voorzieningen,weighted_mean,Voorzieningen
BU19491501,0.22772531669621776,Bereikbaarheid_Voorzieningen,weighted_mean,Voorzieningen
WK194916,0.08095158620556395,Bereikbaarheid_Voorzieningen,weighted_mean,Voorzieningen
BU19491600,0.2425927181244973,Bereikbaarheid_Voorzieningen,weighted_mean,Voorzieningen
BU19491601,0.08246778911928236,Bereikbaarheid_Voorzieningen,weighted_mean,Voorzieningen
BU19491602,0.019999450429978808,Bereikbaarheid_Voorzieningen,weighted_mean,Voorzieningen
BU19491603,0.07303820903752836,Bereikbaarheid_Voorzieningen,weighted_mean,Voorzieningen
BU19491604,0.059399719937455,Bereikbaarheid_Voorzieningen,weighted_mean,Voorzieningen
BU19491605,0.04947222058597879,Bereikbaarheid_Voorzieningen,weighted_mean,Voorzieningen
BU19491606,0.06595956795693035,Bereikbaarheid_Voorzieningen,weighted_mean,Voorzieningen
WK194917,0.23032601657208146,Bereikbaarheid_Voorzieningen,weighted_mean,Voorzieningen
BU19491700,0.23032601657208146,Bereikbaarheid_Voorzieningen,weighted_mean,Voorzieningen
WK194918,0.05488783577143996,Bereikbaarheid_Voorzieningen,weighted_mean,Voorzieningen
BU19491800,0.17858385103556554,Bereikbaarheid_Voorzieningen,weighted_mean,Voorzieningen
BU19491801,0.06040533957661501,Bereikbaarheid_Voorzieningen,weighted_mean,Voorzieningen
BU19491802,0.032530696186784,Bereikbaarheid_Voorzieningen,weighted_mean,Voorzieningen
BU19491803,0.10516428819202582,Bereikbaarheid_Voorzieningen,weighted_mean,Voorzieningen
BU19491804,0.13418722126073443,Bereikbaarheid_Voorzieningen,weighted_mean,Voorzieningen
WK194919,0.1930531128778385,Bereikbaarheid_Voorzieningen,weighted_mean,Voorzieningen
BU19491900,0.23366501806049156,Bereikbaarheid_Voorzieningen,weighted_mean,Voorzieningen
BU19491901,0.18466758337855083,Bereikbaarheid_Voorzieningen,weighted_mean,Voorzieningen
WK194920,0.14695582101138133,Bereikbaarheid_Voorzieningen,weighted_mean,Voorzieningen
BU19492000,0.24352141614117281,Bereikbaarheid_Voorzieningen,weighted_mean,Voorzieningen
BU19492001,0.13857029151209366,Bereikbaarheid_Voorzieningen,weighted_mean,Voorzieningen
WK194921,0.329781191656883,Bereikbaarheid_Voorzieningen,weighted_mean,Voorzieningen
BU19492100,0.329781191656883,Bereikbaarheid_Voorzieningen,weighted_mean,Voorzieningen
WK194922,0.30052949097661097,Bereikbaarheid_Voorzieningen,weighted_mean,Voorzieningen
BU19492200,0.30052949097661097,Bereikbaarheid_Voorzieningen,weighted_mean,Voorzieningen
WK194923,0.3243172111929026,Bereikbaarheid_Voorzieningen,weighted_mean,Voorzieningen
BU19492300,0.3159011566630899,Bereikbaarheid_Voorzieningen,weighted_mean,Voorzieningen
BU19492301,0.3243172111929026,Bereikbaarheid_Voorzieningen,weighted_mean,Voorzieningen
WK194924,0.17338164355096206,Bereikbaarheid_Voorzieningen,weighted_mean,Voorzieningen
BU19492400,0.33667033237142996,Bereikbaarheid_Voorzieningen,weighted_mean,Voorzieningen
BU19492401,0.1536585104865544,Bereikbaarheid_Voorzieningen,weighted_mean,Voorzieningen
WK194925,0.19996500516793211,Bereikbaarheid_Voorzieningen,weighted_mean,Voorzieningen
BU19492500,0.22988349842769995,Bereikbaarheid_Voorzieningen,weighted_mean,Voorzieningen
BU19492501,0.19479888074714932,Bereikbaarheid_Voorzieningen,weighted_mean,Voorzieningen
WK194926,0.06689422138031006,Bereikbaarheid_Voorzieningen,weighted_mean,Voorzieningen
BU19492600,0.22798709746723025,Bereikbaarheid_Voorzieningen,weighted_mean,Voorzieningen
BU19492601,0.15485098133570865,Bereikbaarheid_Voorzieningen,weighted_mean,Voorzieningen
BU19492602,0.03853237221951593,Bereikbaarheid_Voorzieningen,weighted_mean,Voorzieningen
BU19492603,0.07109689189583686,Bereikbaarheid_Voorzieningen,weighted_mean,Voorzieningen
BU19492604,0.06280479709178764,Bereikbaarheid_Voorzieningen,weighted_mean,Voorzieningen
WK194927,0.2837699428208235,Bereikbaarheid_Voorzieningen,weighted_mean,Voorzieningen
BU19492700,0.2837699428208235,Bereikbaarheid_Voorzieningen,weighted_mean,Voorzieningen
WK194928,0.1102056763207108,Bereikbaarheid_Voorzieningen,weighted_mean,Voorzieningen
BU19492800,0.28388529278940244,Bereikbaarheid_Voorzieningen,weighted_mean,Voorzieningen
BU19492801,0.27656484089947886,Bereikbaarheid_Voorzieningen,weighted_mean,Voorzieningen
BU19492802,0.053180026152884155,Bereikbaarheid_Voorzieningen,weighted_mean,Voorzieningen
BU19492803,0.11637582828980772,Bereikbaarheid_Voorzieningen,weighted_mean,Voorzieningen
BU19492804,0.08678319421108496,Bereikbaarheid_Voorzieningen,weighted_mean,Voorzieningen
BU19492805,0.23565071895498174,Bereikbaarheid_Voorzieningen,weighted_mean,Voorzieningen
BU19492806,0.2572196286464984,Bereikbaarheid_Voorzieningen,weighted_mean,Voorzieningen
BU19492807,0.23846291082826437,Bereikbaarheid_Voorzieningen,weighted_mean,Voorzieningen
BU19492808,0.07556769076806516,Bereikbaarheid_Voorzieningen,weighted_mean,Voorzieningen
BU19492809,0.10024871419834411,Bereikbaarheid_Voorzieningen,weighted_mean,Voorzieningen
BU19492810,0.15066099300550082,Bereikbaarheid_Voorzieningen,weighted_mean,Voorzieningen
BU19492811,0.05631392322662637,Bereikbaarheid_Voorzieningen,weighted_mean,Voorzieningen
BU19492812,0.17315581858039103,Bereikbaarheid_Voorzieningen,weighted_mean,Voorzieningen
BU19492813,0.0642376139228007,Bereikbaarheid_Voorzieningen,weighted_mean,Voorzieningen
BU19492814,0.11172743467051305,Bereikbaarheid_Voorzieningen,weighted_mean,Voorzieningen
BU19492815,0.13370811099901547,Bereikbaarheid_Voorzieningen,weighted_mean,Voorzieningen
BU19492816,0.0839302219566833,Bereikbaarheid_Voorzieningen,weighted_mean,Voorzieningen
BU19492817,0.11711002111325435,Bereikbaarheid_Voorzieningen,weighted_mean,Voorzieningen
WK194929,0.3575617406596731,Bereikbaarheid_Voorzieningen,weighted_mean,Voorzieningen
BU19492900,0.3575617406596731,Bereikbaarheid_Voorzieningen,weighted_mean,Voorzieningen
WK194930,0.4519058885752496,Bereikbaarheid_Voorzieningen,weighted_mean,Voorzieningen
BU19493000,0.4519058885752496,Bereikbaarheid_Voorzieningen,weighted_mean,Voorzieningen
WK194931,0.2752539683578567,Bereikbaarheid_Voorzieningen,weighted_mean,Voorzieningen
BU19493100,0.29912533957245946,Bereikbaarheid_Voorzieningen,weighted_mean,Voorzieningen
BU19493101,0.26686843885856903,Bereikbaarheid_Voorzieningen,weighted_mean,Voorzieningen
WK194932,0.1476442847263064,Bereikbaarheid_Voorzieningen,weighted_mean,Voorzieningen
BU19493200,0.303706597863409,Bereikbaarheid_Voorzieningen,weighted_mean,Voorzieningen
BU19493201,0.09678285189856707,Bereikbaarheid_Voorzieningen,weighted_mean,Voorzieningen
BU19493202,0.09551268805501768,Bereikbaarheid_Voorzieningen,weighted_mean,Voorzieningen
WK194933,0.2985079771283294,Bereikbaarheid_Voorzieningen,weighted_mean,Voorzieningen
BU19493300,0.2985079771283294,Bereikbaarheid_Voorzieningen,weighted_mean,Voorzieningen
WK194934,0.1388096012064361,Bereikbaarheid_Voorzieningen,weighted_mean,Voorzieningen
BU19493400,0.2784203825235903,Bereikbaarheid_Voorzieningen,weighted_mean,Voorzieningen
BU19493401,0.11087523493079524,Bereikbaarheid_Voorzieningen,weighted_mean,Voorzieningen
WK194935,0.06630842544864497,Bereikbaarheid_Voorzieningen,weighted_mean,Voorzieningen
BU19493500,0.19488275770288874,Bereikbaarheid_Voorzieningen,weighted_mean,Voorzieningen
BU19493501,0.0832451917557848,Bereikbaarheid_Voorzieningen,weighted_mean,Voorzieningen
BU19493502,0.04522897642739386,Bereikbaarheid_Voorzieningen,weighted_mean,Voorzieningen
BU19493503,0.05613500130431978,Bereikbaarheid_Voorzieningen,weighted_mean,Voorzieningen
WK194936,0.04901830847334124,Bereikbaarheid_Voorzieningen,weighted_mean,Voorzieningen
BU19493600,0.17784992312772455,Bereikbaarheid_Voorzieningen,weighted_mean,Voorzieningen
BU19493601,0.10251481008096341,Bereikbaarheid_Voorzieningen,weighted_mean,Voorzieningen
BU19493602,0.037824476165750735,Bereikbaarheid_Voorzieningen,weighted_mean,Voorzieningen
BU19493603,0.03510774844902302,Bereikbaarheid_Voorzieningen,weighted_mean,Voorzieningen
WK194937,0.27290790432328765,Bereikbaarheid_Voorzieningen,weighted_mean,Voorzieningen
BU19493700,0.27290790432328765,Bereikbaarheid_Voorzieningen,weighted_mean,Voorzieningen
WK194938,0.2832964633143311,Bereikbaarheid_Voorzieningen,weighted_mean,Voorzieningen
BU19493800,0.33443844176848525,Bereikbaarheid_Voorzieningen,weighted_mean,Voorzieningen
BU19493801,0.2731230391700059,Bereikbaarheid_Voorzieningen,weighted_mean,Voorzieningen
WK194939,0.20844115917926861,Bereikbaarheid_Voorzieningen,weighted_mean,Voorzieningen
BU19493900,0.3197206163661538,Bereikbaarheid_Voorzieningen,weighted_mean,Voorzieningen
BU19493901,0.15535020440576472,Bereikbaarheid_Voorzieningen,weighted_mean,Voorzieningen
WK194940,0.33869450057019196,Bereikbaarheid_Voorzieningen,weighted_mean,Voorzieningen
BU19494000,0.33869450057019196,Bereikbaarheid_Voorzieningen,weighted_mean,Voorzieningen
WK194941,0.18872978369277188,Bereikbaarheid_Voorzieningen,weighted_mean,Voorzieningen
BU19494100,0.18872978369277188,Bereikbaarheid_Voorzieningen,weighted_mean,Voorzieningen
WK194942,0.24571314865495084,Bereikbaarheid_Voorzieningen,weighted_mean,Voorzieningen
BU19494200,0.2654884778853128,Bereikbaarheid_Voorzieningen,weighted_mean,Voorzieningen
BU19494201,0.24285264968069364,Bereikbaarheid_Voorzieningen,weighted_mean,Voorzieningen
WK194943,0.2983808539985686,Bereikbaarheid_Voorzieningen,weighted_mean,Voorzieningen
BU19494300,0.2983808539985686,Bereikbaarheid_Voorzieningen,weighted_mean,Voorzieningen
WK194944,0.05531082548014395,Bereikbaarheid_Voorzieningen,weighted_mean,Voorzieningen
BU19494400,0.19108007858539638,Bereikbaarheid_Voorzieningen,weighted_mean,Voorzieningen
BU19494401,0.04414751820307849,Bereikbaarheid_Voorzieningen,weighted_mean,Voorzieningen
BU19494402,0.08062003913063218,Bereikbaarheid_Voorzieningen,weighted_mean,Voorzieningen
BU19494403,0.3305398741100265,Bereikbaarheid_Voorzieningen,weighted_mean,Voorzieningen
WK194945,0.4380335153563266,Bereikbaarheid_Voorzieningen,weighted_mean,Voorzieningen
BU19494500,0.4380335153563266,Bereikbaarheid_Voorzieningen,weighted_mean,Voorzieningen
WK194946,0.34938103247896496,Bereikbaarheid_Voorzieningen,weighted_mean,Voorzieningen
BU19494600,0.34938103247896496,Bereikbaarheid_Voorzieningen,weighted_mean,Voorzieningen
WK194947,0.2614089541682497,Bereikbaarheid_Voorzieningen,weighted_mean,Voorzieningen
BU19494700,0.3067686196972337,Bereikbaarheid_Voorzieningen,weighted_mean,Voorzieningen
BU19494701,0.2507558509728169,Bereikbaarheid_Voorzieningen,weighted_mean,Voorzieningen
WK194948,0.29296100535784025,Bereikbaarheid_Voorzieningen,weighted_mean,Voorzieningen
BU19494800,0.3763187810516153,Bereikbaarheid_Voorzieningen,weighted_mean,Voorzieningen
BU19494801,0.2732683973239577,Bereikbaarheid_Voorzieningen,weighted_mean,Voorzieningen
WK194949,0.1384778073963814,Bereikbaarheid_Voorzieningen,weighted_mean,Voorzieningen
BU19494900,0.235688788885845,Bereikbaarheid_Voorzieningen,weighted_mean,Voorzieningen
BU19494901,0.1278247042009486,Bereikbaarheid_Voorzieningen,weighted_mean,Voorzieningen
BU19494902,0.11603041989539058,Bereikbaarheid_Voorzieningen,weighted_mean,Voorzieningen
WK194950,0.1904550517691844,Bereikbaarheid_Voorzieningen,weighted_mean,Voorzieningen
BU19495000,0.29206918515180247,Bereikbaarheid_Voorzieningen,weighted_mean,Voorzieningen
BU19495001,0.16339732239927934,Bereikbaarheid_Voorzieningen,weighted_mean,Voorzieningen
WK194951,0.35335101099586774,Bereikbaarheid_Voorzieningen,weighted_mean,Voorzieningen
BU19495100,0.35335101099586774,Bereikbaarheid_Voorzieningen,weighted_mean,Voorzieningen
WK194952,0.27126101230797905,Bereikbaarheid_Voorzieningen,weighted_mean,Voorzieningen
BU19495200,0.27126101230797905,Bereikbaarheid_Voorzieningen,weighted_mean,Voorzieningen
WK194953,0.03584470990027019,Bereikbaarheid_Voorzieningen,weighted_mean,Voorzieningen
BU19495300,0.21167984855553992,Bereikbaarheid_Voorzieningen,weighted_mean,Voorzieningen
BU19495301,0.027459180400982497,Bereikbaarheid_Voorzieningen,weighted_mean,Voorzieningen
BU19495302,0.06616438927550986,Bereikbaarheid_Voorzieningen,weighted_mean,Voorzieningen
WK194954,0.2100116801809987,Bereikbaarheid_Voorzieningen,weighted_mean,Voorzieningen
BU19495400,0.26299321961493327,Bereikbaarheid_Voorzieningen,weighted_mean,Voorzieningen
BU19495401,0.1874585731728589,Bereikbaarheid_Voorzieningen,weighted_mean,Voorzieningen
WK194955,0.404693982478378,Bereikbaarheid_Voorzieningen,weighted_mean,Voorzieningen
BU19495500,0.404693982478378,Bereikbaarheid_Voorzieningen,weighted_mean,Voorzieningen
GM0098,0.1778670984894928,Bereikbaarheid_Voorzieningen,weighted_mean,Voorzieningen
WK009800,0.09037113585526757,Bereikbaarheid_Voorzieningen,weighted_mean,Voorzieningen
BU00980001,0.18845255470585176,Bereikbaarheid_Voorzieningen,weighted_mean,Voorzieningen
BU00980002,0.13263601832052443,Bereikbaarheid_Voorzieningen,weighted_mean,Voorzieningen
BU00980003,0.17937422155068716,Bereikbaarheid_Voorzieningen,weighted_mean,Voorzieningen
BU00980004,0.11320795449103116,Bereikbaarheid_Voorzieningen,weighted_mean,Voorzieningen
BU00980005,0.07419300213480423,Bereikbaarheid_Voorzieningen,weighted_mean,Voorzieningen
BU00980006,0.06013114413310108,Bereikbaarheid_Voorzieningen,weighted_mean,Voorzieningen
BU00980007,0.04911913483342055,Bereikbaarheid_Voorzieningen,weighted_mean,Voorzieningen
BU00980008,0.08542424208424382,Bereikbaarheid_Voorzieningen,weighted_mean,Voorzieningen
BU00980009,0.0901749035161781,Bereikbaarheid_Voorzieningen,weighted_mean,Voorzieningen
BU00980010,0.08512981695786087,Bereikbaarheid_Voorzieningen,weighted_mean,Voorzieningen
BU00980011,0.12125374530930562,Bereikbaarheid_Voorzieningen,weighted_mean,Voorzieningen
BU00980012,0.07130197813002204,Bereikbaarheid_Voorzieningen,weighted_mean,Voorzieningen
BU00980013,0.09351534645714857,Bereikbaarheid_Voorzieningen,weighted_mean,Voorzieningen
BU00980014,0.05487065781245991,Bereikbaarheid_Voorzieningen,weighted_mean,Voorzieningen
BU00980015,0.05750466433270825,Bereikbaarheid_Voorzieningen,weighted_mean,Voorzieningen
BU00980016,0.07682700865505257,Bereikbaarheid_Voorzieningen,weighted_mean,Voorzieningen
BU00980017,0.0715589956145559,Bereikbaarheid_Voorzieningen,weighted_mean,Voorzieningen
BU00980018,0.08824733341665189,Bereikbaarheid_Voorzieningen,weighted_mean,Voorzieningen
BU00980019,0.07411780765818035,Bereikbaarheid_Voorzieningen,weighted_mean,Voorzieningen
BU00980020,0.11315879186848303,Bereikbaarheid_Voorzieningen,weighted_mean,Voorzieningen
BU00980021,0.15828417330799707,Bereikbaarheid_Voorzieningen,weighted_mean,Voorzieningen
WK009801,0.4032029932970119,Bereikbaarheid_Voorzieningen,weighted_mean,Voorzieningen
BU00980101,0.34854604965640446,Bereikbaarheid_Voorzieningen,weighted_mean,Voorzieningen
BU00980102,0.42441419367948774,Bereikbaarheid_Voorzieningen,weighted_mean,Voorzieningen
BU00980103,0.3867762778360073,Bereikbaarheid_Voorzieningen,weighted_mean,Voorzieningen
BU00980104,0.44881264046370833,Bereikbaarheid_Voorzieningen,weighted_mean,Voorzieningen
WK009802,0.48429940782531616,Bereikbaarheid_Voorzieningen,weighted_mean,Voorzieningen
BU00980201,0.44657147781456474,Bereikbaarheid_Voorzieningen,weighted_mean,Voorzieningen
BU00980202,0.5135125996459274,Bereikbaarheid_Voorzieningen,weighted_mean,Voorzieningen
WK009803,0.4511343036932249,Bereikbaarheid_Voorzieningen,weighted_mean,Voorzieningen
BU00980301,0.3858162938057434,Bereikbaarheid_Voorzieningen,weighted_mean,Voorzieningen
BU00980302,0.4085949660632721,Bereikbaarheid_Voorzieningen,weighted_mean,Voorzieningen
BU00980303,0.4677857818651659,Bereikbaarheid_Voorzieningen,weighted_mean,Voorzieningen
BU00980304,0.4391707461072731,Bereikbaarheid_Voorzieningen,weighted_mean,Voorzieningen
BU00980305,0.5620570909752397,Bereikbaarheid_Voorzieningen,weighted_mean,Voorzieningen
WK009804,0.4151466198794541,Bereikbaarheid_Voorzieningen,weighted_mean,Voorzieningen
BU00980401,0.3930476898995576,Bereikbaarheid_Voorzieningen,weighted_mean,Voorzieningen
BU00980402,0.4208981428584934,Bereikbaarheid_Voorzieningen,weighted_mean,Voorzieningen
BU00980403,0.4346190700589578,Bereikbaarheid_Voorzieningen,weighted_mean,Voorzieningen
WK009805,0.3220139570007689,Bereikbaarheid_Voorzieningen,weighted_mean,Voorzieningen
BU00980501,0.39754490501321105,Bereikbaarheid_Voorzieningen,weighted_mean,Voorzieningen
BU00980502,0.24597280490669418,Bereikbaarheid_Voorzieningen,weighted_mean,Voorzieningen
WK009806,0.2785926867501785,Bereikbaarheid_Voorzieningen,weighted_mean,Voorzieningen
BU00980601,0.29055347570832984,Bereikbaarheid_Voorzieningen,weighted_mean,Voorzieningen
BU00980602,0.2745680083551266,Bereikbaarheid_Voorzieningen,weighted_mean,Voorzieningen
WK009807,0.29351098573850215,Bereikbaarheid_Voorzieningen,weighted_mean,Voorzieningen
BU00980701,0.2884961592951043,Bereikbaarheid_Voorzieningen,weighted_mean,Voorzieningen
BU00980702,0.3747416579374378,Bereikbaarheid_Voorzieningen,weighted_mean,Voorzieningen
WK009808,0.38807321114178944,Bereikbaarheid_Voorzieningen,weighted_mean,Voorzieningen
BU00980801,0.37445800344847396,Bereikbaarheid_Voorzieningen,weighted_mean,Voorzieningen
BU00980802,0.4064120069310234,Bereikbaarheid_Voorzieningen,weighted_mean,Voorzieningen
WK009809,0.33602761594550934,Bereikbaarheid_Voorzieningen,weighted_mean,Voorzieningen
BU00980901,0.36079296824638446,Bereikbaarheid_Voorzieningen,weighted_mean,Voorzieningen
BU00980902,0.3607956823327368,Bereikbaarheid_Voorzieningen,weighted_mean,Voorzieningen
BU00980903,0.2890869470678881,Bereikbaarheid_Voorzieningen,weighted_mean,Voorzieningen
WK009810,0.08236206961213344,Bereikbaarheid_Voorzieningen,weighted_mean,Voorzieningen
BU00981001,0.056750678157978435,Bereikbaarheid_Voorzieningen,weighted_mean,Voorzieningen
BU00981002,0.04760133982885621,Bereikbaarheid_Voorzieningen,weighted_mean,Voorzieningen
BU00981003,0.031835635553835166,Bereikbaarheid_Voorzieningen,weighted_mean,Voorzieningen
BU00981004,0.046071789843592795,Bereikbaarheid_Voorzieningen,weighted_mean,Voorzieningen
BU00981005,0.048713323083696615,Bereikbaarheid_Voorzieningen,weighted_mean,Voorzieningen
BU00981006,0.12407869624537711,Bereikbaarheid_Voorzieningen,weighted_mean,Voorzieningen
BU00981007,0.10192637797930065,Bereikbaarheid_Voorzieningen,weighted_mean,Voorzieningen
BU00981008,0.16004556080919566,Bereikbaarheid_Voorzieningen,weighted_mean,Voorzieningen
BU00981009,0.2129547315329669,Bereikbaarheid_Voorzieningen,weighted_mean,Voorzieningen
WK009811,0.18527675681381123,Bereikbaarheid_Voorzieningen,weighted_mean,Voorzieningen
BU00981101,0.21001062051857597,Bereikbaarheid_Voorzieningen,weighted_mean,Voorzieningen
BU00981102,0.16994883077159947,Bereikbaarheid_Voorzieningen,weighted_mean,Voorzieningen
WK009812,0.2770117379429896,Bereikbaarheid_Voorzieningen,weighted_mean,Voorzieningen
BU00981201,0.2770117379429896,Bereikbaarheid_Voorzieningen,weighted_mean,Voorzieningen
WK009813,0.3354687608920571,Bereikbaarheid_Voorzieningen,weighted_mean,Voorzieningen
BU00981301,0.27038622721427114,Bereikbaarheid_Voorzieningen,weighted_mean,Voorzieningen
BU00981302,0.3837497105407427,Bereikbaarheid_Voorzieningen,weighted_mean,Voorzieningen
WK009814,0.34235158518745695,Bereikbaarheid_Voorzieningen,weighted_mean,Voorzieningen
BU00981401,0.33842191280079487,Bereikbaarheid_Voorzieningen,weighted_mean,Voorzieningen
BU00981402,0.3527961712318899,Bereikbaarheid_Voorzieningen,weighted_mean,Voorzieningen
WK009815,0.24209966862693832,Bereikbaarheid_Voorzieningen,weighted_mean,Voorzieningen
BU00981501,0.2237749990727954,Bereikbaarheid_Voorzieningen,weighted_mean,Voorzieningen
BU00981502,0.2740550356456934,Bereikbaarheid_Voorzieningen,weighted_mean,Voorzieningen
