Buurtcode,score,thema,methode,thema_kort
GM0059,0.23052948568305454,Woningmarkt_Eigendom,entropy,Woningmarkt
WK005900,0.22570641453915372,Woningmarkt_Eigendom,entropy,Woningmarkt
BU00590000,0.2612805701188173,Woningmarkt_Eigendom,entropy,Woningmarkt
BU00590001,0.20182210439202533,Woningmarkt_Eigendom,entropy,Woningmarkt
BU00590002,0.21546739621764904,Woningmarkt_Eigendom,entropy,Woningmarkt
BU00590003,0.2246498455387559,Woningmarkt_Eigendom,entropy,Woningmarkt
BU00590004,0.17105669123007822,Woningmarkt_Eigendom,entropy,Woningmarkt
BU00590005,0.16999570330745706,Woningmarkt_Eigendom,entropy,Woningmarkt
BU00590006,0.12592705378897395,Woningmarkt_Eigendom,entropy,Woningmarkt
BU00590007,0.11218839812403972,Woningmarkt_Eigendom,entropy,Woningmarkt
BU00590008,0.1398352616668001,Woningmarkt_Eigendom,entropy,Woningmarkt
BU00590009,0.11217132654474993,Woningmarkt_Eigendom,entropy,Woningmarkt
WK005901,0.17901273522221786,Woningmarkt_Eigendom,entropy,Woningmarkt
BU00590100,0.12433019584440005,Woningmarkt_Eigendom,entropy,Woningmarkt
BU00590102,0.20409194482809592,Woningmarkt_Eigendom,entropy,Woningmarkt
BU00590103,0.17155178450224734,Woningmarkt_Eigendom,entropy,Woningmarkt
BU00590107,0.12404334035414807,Woningmarkt_Eigendom,entropy,Woningmarkt
BU00590108,0.12741897596541024,Woningmarkt_Eigendom,entropy,Woningmarkt
BU00590109,0.12940492757708866,Woningmarkt_Eigendom,entropy,Woningmarkt
WK005902,0.24773525653924505,Woningmarkt_Eigendom,entropy,Woningmarkt
BU00590200,0.29987401360756627,Woningmarkt_Eigendom,entropy,Woningmarkt
BU00590201,0.22228629228409402,Woningmarkt_Eigendom,entropy,Woningmarkt
BU00590202,0.16672857130050772,Woningmarkt_Eigendom,entropy,Woningmarkt
BU00590203,0.19866157442144006,Woningmarkt_Eigendom,entropy,Woningmarkt
BU00590206,0.2110842108593408,Woningmarkt_Eigendom,entropy,Woningmarkt
BU00590207,0.1408687400220458,Woningmarkt_Eigendom,entropy,Woningmarkt
BU00590208,0.12178963865640338,Woningmarkt_Eigendom,entropy,Woningmarkt
BU00590209,0.14772224942142265,Woningmarkt_Eigendom,entropy,Woningmarkt
GM0060,0.21533161563521247,Woningmarkt_Eigendom,entropy,Woningmarkt
WK006000,0.21533161563521247,Woningmarkt_Eigendom,entropy,Woningmarkt
BU00600000,0.23163792523702903,Woningmarkt_Eigendom,entropy,Woningmarkt
BU00600001,0.1927959579768621,Woningmarkt_Eigendom,entropy,Woningmarkt
BU00600002,0.1749065587354998,Woningmarkt_Eigendom,entropy,Woningmarkt
BU00600003,0.21882405471021799,Woningmarkt_Eigendom,entropy,Woningmarkt
BU00600007,0.2701598821291133,Woningmarkt_Eigendom,entropy,Woningmarkt
BU00600008,0.3747952131156084,Woningmarkt_Eigendom,entropy,Woningmarkt
BU00600009,0.20171477601881954,Woningmarkt_Eigendom,entropy,Woningmarkt
GM1891,0.22866665051755078,Woningmarkt_Eigendom,entropy,Woningmarkt
WK189100,0.20676959237973414,Woningmarkt_Eigendom,entropy,Woningmarkt
BU18910000,0.22113824370370216,Woningmarkt_Eigendom,entropy,Woningmarkt
BU18910001,0.1652520051940874,Woningmarkt_Eigendom,entropy,Woningmarkt
BU18910002,0.11796617576297047,Woningmarkt_Eigendom,entropy,Woningmarkt
BU18910008,0.12891089814184647,Woningmarkt_Eigendom,entropy,Woningmarkt
BU18910009,0.1234181217230517,Woningmarkt_Eigendom,entropy,Woningmarkt
WK189101,0.1461272588448528,Woningmarkt_Eigendom,entropy,Woningmarkt
BU18910100,0.1314903002653393,Woningmarkt_Eigendom,entropy,Woningmarkt
BU18910101,0.16210899966851194,Woningmarkt_Eigendom,entropy,Woningmarkt
BU18910108,0.11521844462998362,Woningmarkt_Eigendom,entropy,Woningmarkt
BU18910109,0.10882732779966836,Woningmarkt_Eigendom,entropy,Woningmarkt
WK189102,0.2703238685591827,Woningmarkt_Eigendom,entropy,Woningmarkt
BU18910200,0.2884735873135445,Woningmarkt_Eigendom,entropy,Woningmarkt
BU18910201,0.24766503090005768,Woningmarkt_Eigendom,entropy,Woningmarkt
BU18910202,0.11842856833203205,Woningmarkt_Eigendom,entropy,Woningmarkt
BU18910208,0.11430822477875127,Woningmarkt_Eigendom,entropy,Woningmarkt
BU18910209,0.1377819960190823,Woningmarkt_Eigendom,entropy,Woningmarkt
WK189103,0.15434262206766508,Woningmarkt_Eigendom,entropy,Woningmarkt
BU18910300,0.1652017627373378,Woningmarkt_Eigendom,entropy,Woningmarkt
BU18910301,0.13810414791209744,Woningmarkt_Eigendom,entropy,Woningmarkt
BU18910309,0.11049932717220914,Woningmarkt_Eigendom,entropy,Woningmarkt
GM1940,0.19182749103502175,Woningmarkt_Eigendom,entropy,Woningmarkt
WK194001,0.0935917373734999,Woningmarkt_Eigendom,entropy,Woningmarkt
BU19400101,0.0935917373734999,Woningmarkt_Eigendom,entropy,Woningmarkt
WK194002,0.14777022214647967,Woningmarkt_Eigendom,entropy,Woningmarkt
BU19400201,0.14777022214647967,Woningmarkt_Eigendom,entropy,Woningmarkt
WK194003,0.26290766773592,Woningmarkt_Eigendom,entropy,Woningmarkt
BU19400301,0.26290766773592,Woningmarkt_Eigendom,entropy,Woningmarkt
WK194004,0.14509248009197379,Woningmarkt_Eigendom,entropy,Woningmarkt
BU19400401,0.14509248009197379,Woningmarkt_Eigendom,entropy,Woningmarkt
WK194005,0.15209109199659132,Woningmarkt_Eigendom,entropy,Woningmarkt
BU19400501,0.15209109199659132,Woningmarkt_Eigendom,entropy,Woningmarkt
WK194006,0.13182163489164805,Woningmarkt_Eigendom,entropy,Woningmarkt
BU19400601,0.13182163489164805,Woningmarkt_Eigendom,entropy,Woningmarkt
WK194007,0.1391273119921803,Woningmarkt_Eigendom,entropy,Woningmarkt
BU19400701,0.14134746844998383,Woningmarkt_Eigendom,entropy,Woningmarkt
BU19400702,0.13315886731032917,Woningmarkt_Eigendom,entropy,Woningmarkt
WK194008,0.16785136044343374,Woningmarkt_Eigendom,entropy,Woningmarkt
BU19400801,0.16785136044343374,Woningmarkt_Eigendom,entropy,Woningmarkt
WK194009,0.11947266322629754,Woningmarkt_Eigendom,entropy,Woningmarkt
BU19400901,0.11947266322629754,Woningmarkt_Eigendom,entropy,Woningmarkt
WK194010,0.11724637659306061,Woningmarkt_Eigendom,entropy,Woningmarkt
BU19401001,0.11724637659306061,Woningmarkt_Eigendom,entropy,Woningmarkt
WK194011,0.15262451504492058,Woningmarkt_Eigendom,entropy,Woningmarkt
BU19401101,0.12099622226891438,Woningmarkt_Eigendom,entropy,Woningmarkt
BU19401102,0.15559174367930298,Woningmarkt_Eigendom,entropy,Woningmarkt
WK194012,0.13803105828297263,Woningmarkt_Eigendom,entropy,Woningmarkt
BU19401201,0.1429965701679839,Woningmarkt_Eigendom,entropy,Woningmarkt
WK194013,0.10765719505518877,Woningmarkt_Eigendom,entropy,Woningmarkt
BU19401301,0.10765719505518877,Woningmarkt_Eigendom,entropy,Woningmarkt
WK194014,0.12099622226891438,Woningmarkt_Eigendom,entropy,Woningmarkt
BU19401401,0.12099622226891438,Woningmarkt_Eigendom,entropy,Woningmarkt
WK194015,0.11021158410281362,Woningmarkt_Eigendom,entropy,Woningmarkt
BU19401501,0.11021158410281362,Woningmarkt_Eigendom,entropy,Woningmarkt
WK194016,0.12820572781342748,Woningmarkt_Eigendom,entropy,Woningmarkt
BU19401601,0.12820572781342748,Woningmarkt_Eigendom,entropy,Woningmarkt
WK194017,0.12348623599317163,Woningmarkt_Eigendom,entropy,Woningmarkt
BU19401701,0.12348623599317163,Woningmarkt_Eigendom,entropy,Woningmarkt
WK194018,0.13459410604670108,Woningmarkt_Eigendom,entropy,Woningmarkt
BU19401801,0.13459410604670108,Woningmarkt_Eigendom,entropy,Woningmarkt
WK194019,0.23226183738391704,Woningmarkt_Eigendom,entropy,Woningmarkt
BU19401901,0.3261352839564527,Woningmarkt_Eigendom,entropy,Woningmarkt
BU19401902,0.13621223482339412,Woningmarkt_Eigendom,entropy,Woningmarkt
BU19401903,0.299445612338354,Woningmarkt_Eigendom,entropy,Woningmarkt
BU19401904,0.43485217260267134,Woningmarkt_Eigendom,entropy,Woningmarkt
BU19401905,0.2614578001580572,Woningmarkt_Eigendom,entropy,Woningmarkt
BU19401906,0.14749657418962264,Woningmarkt_Eigendom,entropy,Woningmarkt
BU19401907,0.17785514144747386,Woningmarkt_Eigendom,entropy,Woningmarkt
BU19401908,0.19217931551121598,Woningmarkt_Eigendom,entropy,Woningmarkt
BU19401909,0.0745316202169716,Woningmarkt_Eigendom,entropy,Woningmarkt
BU19401910,0.21050808579615482,Woningmarkt_Eigendom,entropy,Woningmarkt
WK194020,0.09983441387389123,Woningmarkt_Eigendom,entropy,Woningmarkt
BU19402001,0.09983441387389123,Woningmarkt_Eigendom,entropy,Woningmarkt
WK194021,0.14949156888888573,Woningmarkt_Eigendom,entropy,Woningmarkt
BU19402101,0.14949156888888573,Woningmarkt_Eigendom,entropy,Woningmarkt
WK194022,0.13644088771169113,Woningmarkt_Eigendom,entropy,Woningmarkt
BU19402201,0.14254720536036522,Woningmarkt_Eigendom,entropy,Woningmarkt
WK194023,0.19750718810908677,Woningmarkt_Eigendom,entropy,Woningmarkt
BU19402301,0.16415193872232417,Woningmarkt_Eigendom,entropy,Woningmarkt
BU19402302,0.06370347816158642,Woningmarkt_Eigendom,entropy,Woningmarkt
BU19402303,0.3250717590777739,Woningmarkt_Eigendom,entropy,Woningmarkt
BU19402304,0.2298559535298194,Woningmarkt_Eigendom,entropy,Woningmarkt
BU19402305,0.1078453558057102,Woningmarkt_Eigendom,entropy,Woningmarkt
BU19402306,0.3334783168737214,Woningmarkt_Eigendom,entropy,Woningmarkt
BU19402307,0.31357637860169424,Woningmarkt_Eigendom,entropy,Woningmarkt
BU19402308,0.1766893669974388,Woningmarkt_Eigendom,entropy,Woningmarkt
WK194024,0.11369488558736676,Woningmarkt_Eigendom,entropy,Woningmarkt
BU19402401,0.11369488558736676,Woningmarkt_Eigendom,entropy,Woningmarkt
WK194025,0.09602551626734912,Woningmarkt_Eigendom,entropy,Woningmarkt
BU19402501,0.09602551626734912,Woningmarkt_Eigendom,entropy,Woningmarkt
WK194026,0.13501126874381106,Woningmarkt_Eigendom,entropy,Woningmarkt
BU19402601,0.13501126874381106,Woningmarkt_Eigendom,entropy,Woningmarkt
WK194027,0.12175800179022281,Woningmarkt_Eigendom,entropy,Woningmarkt
BU19402701,0.12175800179022281,Woningmarkt_Eigendom,entropy,Woningmarkt
WK194028,0.1712041042161706,Woningmarkt_Eigendom,entropy,Woningmarkt
BU19402801,0.1240724709279297,Woningmarkt_Eigendom,entropy,Woningmarkt
BU19402802,0.19795884683082,Woningmarkt_Eigendom,entropy,Woningmarkt
WK194029,0.11611628487795131,Woningmarkt_Eigendom,entropy,Woningmarkt
BU19402901,0.11611628487795131,Woningmarkt_Eigendom,entropy,Woningmarkt
WK194030,0.1427059306950275,Woningmarkt_Eigendom,entropy,Woningmarkt
BU19403001,0.1427059306950275,Woningmarkt_Eigendom,entropy,Woningmarkt
WK194031,0.15701186545611356,Woningmarkt_Eigendom,entropy,Woningmarkt
BU19403101,0.15701186545611356,Woningmarkt_Eigendom,entropy,Woningmarkt
WK194032,0.12889245191774845,Woningmarkt_Eigendom,entropy,Woningmarkt
BU19403201,0.12889245191774845,Woningmarkt_Eigendom,entropy,Woningmarkt
WK194033,0.1065419892357431,Woningmarkt_Eigendom,entropy,Woningmarkt
BU19403301,0.1065419892357431,Woningmarkt_Eigendom,entropy,Woningmarkt
WK194034,0.13837575733877805,Woningmarkt_Eigendom,entropy,Woningmarkt
BU19403401,0.13837575733877805,Woningmarkt_Eigendom,entropy,Woningmarkt
WK194035,0.09786553384150257,Woningmarkt_Eigendom,entropy,Woningmarkt
BU19403501,0.09786553384150257,Woningmarkt_Eigendom,entropy,Woningmarkt
WK194036,0.12102785913509496,Woningmarkt_Eigendom,entropy,Woningmarkt
BU19403601,0.12102785913509496,Woningmarkt_Eigendom,entropy,Woningmarkt
WK194037,0.18002721956745796,Woningmarkt_Eigendom,entropy,Woningmarkt
BU19403701,0.18002721956745796,Woningmarkt_Eigendom,entropy,Woningmarkt
WK194038,0.12925000551469082,Woningmarkt_Eigendom,entropy,Woningmarkt
BU19403801,0.12925000551469082,Woningmarkt_Eigendom,entropy,Woningmarkt
WK194039,0.10501843019312625,Woningmarkt_Eigendom,entropy,Woningmarkt
BU19403901,0.10501843019312625,Woningmarkt_Eigendom,entropy,Woningmarkt
WK194040,0.13839549457693778,Woningmarkt_Eigendom,entropy,Woningmarkt
BU19404001,0.13839549457693778,Woningmarkt_Eigendom,entropy,Woningmarkt
WK194041,0.21337686888676172,Woningmarkt_Eigendom,entropy,Woningmarkt
BU19404101,0.21337686888676172,Woningmarkt_Eigendom,entropy,Woningmarkt
WK194042,0.13217739873214168,Woningmarkt_Eigendom,entropy,Woningmarkt
BU19404201,0.13217739873214168,Woningmarkt_Eigendom,entropy,Woningmarkt
WK194043,0.132009380530529,Woningmarkt_Eigendom,entropy,Woningmarkt
BU19404301,0.132009380530529,Woningmarkt_Eigendom,entropy,Woningmarkt
WK194044,0.1211908647519097,Woningmarkt_Eigendom,entropy,Woningmarkt
BU19404401,0.1211908647519097,Woningmarkt_Eigendom,entropy,Woningmarkt
WK194045,0.1167910402345844,Woningmarkt_Eigendom,entropy,Woningmarkt
BU19404501,0.1167910402345844,Woningmarkt_Eigendom,entropy,Woningmarkt
WK194046,0.15513293424411678,Woningmarkt_Eigendom,entropy,Woningmarkt
BU19404601,0.15513293424411678,Woningmarkt_Eigendom,entropy,Woningmarkt
WK194047,0.1075654424213929,Woningmarkt_Eigendom,entropy,Woningmarkt
BU19404701,0.1075654424213929,Woningmarkt_Eigendom,entropy,Woningmarkt
WK194048,0.11493558973876952,Woningmarkt_Eigendom,entropy,Woningmarkt
BU19404801,0.14219339411745469,Woningmarkt_Eigendom,entropy,Woningmarkt
WK194049,0.15034040906796486,Woningmarkt_Eigendom,entropy,Woningmarkt
BU19404901,0.15034040906796486,Woningmarkt_Eigendom,entropy,Woningmarkt
WK194050,0.11895591070257275,Woningmarkt_Eigendom,entropy,Woningmarkt
BU19405001,0.11895591070257275,Woningmarkt_Eigendom,entropy,Woningmarkt
WK194051,0.1429557874704112,Woningmarkt_Eigendom,entropy,Woningmarkt
BU19405101,0.1429557874704112,Woningmarkt_Eigendom,entropy,Woningmarkt
GM0072,0.2667988499761413,Woningmarkt_Eigendom,entropy,Woningmarkt
WK007200,0.2725043107951262,Woningmarkt_Eigendom,entropy,Woningmarkt
BU00720001,0.35337478344847406,Woningmarkt_Eigendom,entropy,Woningmarkt
BU00720002,0.20644942166103292,Woningmarkt_Eigendom,entropy,Woningmarkt
BU00720003,0.4939242734987556,Woningmarkt_Eigendom,entropy,Woningmarkt
BU00720004,0.1936102272504725,Woningmarkt_Eigendom,entropy,Woningmarkt
BU00720005,0.12529177249134044,Woningmarkt_Eigendom,entropy,Woningmarkt
BU00720006,0.30005296535481757,Woningmarkt_Eigendom,entropy,Woningmarkt
BU00720007,0.11638414861184306,Woningmarkt_Eigendom,entropy,Woningmarkt
BU00720009,0.14812794449346467,Woningmarkt_Eigendom,entropy,Woningmarkt
WK007201,0.15718401846427216,Woningmarkt_Eigendom,entropy,Woningmarkt
BU00720100,0.17134281329306758,Woningmarkt_Eigendom,entropy,Woningmarkt
BU00720109,0.10453395345997696,Woningmarkt_Eigendom,entropy,Woningmarkt
WK007202,0.15483242970123443,Woningmarkt_Eigendom,entropy,Woningmarkt
BU00720200,0.16430583511919444,Woningmarkt_Eigendom,entropy,Woningmarkt
BU00720209,0.1318020570199593,Woningmarkt_Eigendom,entropy,Woningmarkt
GM0074,0.2691423551847621,Woningmarkt_Eigendom,entropy,Woningmarkt
WK007401,0.32041523698780977,Woningmarkt_Eigendom,entropy,Woningmarkt
BU00740100,0.313403582697686,Woningmarkt_Eigendom,entropy,Woningmarkt
BU00740101,0.5505479359555945,Woningmarkt_Eigendom,entropy,Woningmarkt
BU00740102,0.41048949051462635,Woningmarkt_Eigendom,entropy,Woningmarkt
BU00740103,0.25366512933940183,Woningmarkt_Eigendom,entropy,Woningmarkt
BU00740104,0.2564612958640572,Woningmarkt_Eigendom,entropy,Woningmarkt
BU00740105,0.14075350020884608,Woningmarkt_Eigendom,entropy,Woningmarkt
BU00740106,0.41801201634899665,Woningmarkt_Eigendom,entropy,Woningmarkt
BU00740107,0.1535541609091115,Woningmarkt_Eigendom,entropy,Woningmarkt
BU00740108,0.09100701185732779,Woningmarkt_Eigendom,entropy,Woningmarkt
BU00740109,0.22541733290072546,Woningmarkt_Eigendom,entropy,Woningmarkt
BU00740110,0.16220852392069657,Woningmarkt_Eigendom,entropy,Woningmarkt
WK007402,0.14089536430342844,Woningmarkt_Eigendom,entropy,Woningmarkt
BU00740201,0.1436141069204724,Woningmarkt_Eigendom,entropy,Woningmarkt
BU00740202,0.12610671587343797,Woningmarkt_Eigendom,entropy,Woningmarkt
BU00740203,0.14603577926485875,Woningmarkt_Eigendom,entropy,Woningmarkt
BU00740204,0.14160675931014857,Woningmarkt_Eigendom,entropy,Woningmarkt
BU00740205,0.12741897596541024,Woningmarkt_Eigendom,entropy,Woningmarkt
WK007403,0.12799210537738176,Woningmarkt_Eigendom,entropy,Woningmarkt
BU00740301,0.12365925697869076,Woningmarkt_Eigendom,entropy,Woningmarkt
BU00740302,0.12970019703142185,Woningmarkt_Eigendom,entropy,Woningmarkt
WK007404,0.1846479704020155,Woningmarkt_Eigendom,entropy,Woningmarkt
BU00740401,0.2421280584570377,Woningmarkt_Eigendom,entropy,Woningmarkt
BU00740402,0.11904423526488139,Woningmarkt_Eigendom,entropy,Woningmarkt
BU00740403,0.13846909448588468,Woningmarkt_Eigendom,entropy,Woningmarkt
BU00740404,0.21095163621394097,Woningmarkt_Eigendom,entropy,Woningmarkt
BU00740405,0.14114645792184544,Woningmarkt_Eigendom,entropy,Woningmarkt
BU00740406,0.1896252376887923,Woningmarkt_Eigendom,entropy,Woningmarkt
BU00740407,0.12760114434227318,Woningmarkt_Eigendom,entropy,Woningmarkt
WK007406,0.13157643914402184,Woningmarkt_Eigendom,entropy,Woningmarkt
BU00740601,0.13157643914402184,Woningmarkt_Eigendom,entropy,Woningmarkt
WK007407,0.12492201784206755,Woningmarkt_Eigendom,entropy,Woningmarkt
BU00740701,0.11362094776101479,Woningmarkt_Eigendom,entropy,Woningmarkt
BU00740702,0.14066439917696497,Woningmarkt_Eigendom,entropy,Woningmarkt
WK007409,0.20378443782833677,Woningmarkt_Eigendom,entropy,Woningmarkt
BU00740901,0.2533429247958046,Woningmarkt_Eigendom,entropy,Woningmarkt
BU00740902,0.07668414757479067,Woningmarkt_Eigendom,entropy,Woningmarkt
BU00740903,0.1601806099770788,Woningmarkt_Eigendom,entropy,Woningmarkt
GM0080,0.31944846169739655,Woningmarkt_Eigendom,entropy,Woningmarkt
WK008010,0.5892088693208464,Woningmarkt_Eigendom,entropy,Woningmarkt
BU00801001,0.5449363429328972,Woningmarkt_Eigendom,entropy,Woningmarkt
BU00801002,0.5391038169198665,Woningmarkt_Eigendom,entropy,Woningmarkt
BU00801003,0.5492729811303081,Woningmarkt_Eigendom,entropy,Woningmarkt
BU00801004,0.5389860845866141,Woningmarkt_Eigendom,entropy,Woningmarkt
BU00801005,0.6452360488849711,Woningmarkt_Eigendom,entropy,Woningmarkt
BU00801006,0.6590325981407992,Woningmarkt_Eigendom,entropy,Woningmarkt
BU00801007,0.5789675360058288,Woningmarkt_Eigendom,entropy,Woningmarkt
BU00801008,0.6167808223388151,Woningmarkt_Eigendom,entropy,Woningmarkt
WK008011,0.39093094189194505,Woningmarkt_Eigendom,entropy,Woningmarkt
BU00801101,0.5235434339027862,Woningmarkt_Eigendom,entropy,Woningmarkt
BU00801102,0.29953105908013944,Woningmarkt_Eigendom,entropy,Woningmarkt
BU00801103,0.27089831526010005,Woningmarkt_Eigendom,entropy,Woningmarkt
BU00801104,0.7207872791044803,Woningmarkt_Eigendom,entropy,Woningmarkt
BU00801105,0.30011962319807645,Woningmarkt_Eigendom,entropy,Woningmarkt
BU00801106,0.21146547611012353,Woningmarkt_Eigendom,entropy,Woningmarkt
BU00801107,0.5805248174378537,Woningmarkt_Eigendom,entropy,Woningmarkt
BU00801108,0.3360575667211642,Woningmarkt_Eigendom,entropy,Woningmarkt
BU00801109,0.5285052408157881,Woningmarkt_Eigendom,entropy,Woningmarkt
WK008020,0.3590035635880016,Woningmarkt_Eigendom,entropy,Woningmarkt
BU00802001,0.4321000283691256,Woningmarkt_Eigendom,entropy,Woningmarkt
BU00802002,0.34979329389163805,Woningmarkt_Eigendom,entropy,Woningmarkt
BU00802003,0.3093115394949057,Woningmarkt_Eigendom,entropy,Woningmarkt
BU00802004,0.1988438541924831,Woningmarkt_Eigendom,entropy,Woningmarkt
BU00802005,0.30677086008744325,Woningmarkt_Eigendom,entropy,Woningmarkt
BU00802006,0.40335417950016106,Woningmarkt_Eigendom,entropy,Woningmarkt
BU00802007,0.4126110101297683,Woningmarkt_Eigendom,entropy,Woningmarkt
BU00802008,0.35507877449591285,Woningmarkt_Eigendom,entropy,Woningmarkt
BU00802009,0.3972079853636703,Woningmarkt_Eigendom,entropy,Woningmarkt
WK008030,0.38389921286357626,Woningmarkt_Eigendom,entropy,Woningmarkt
BU00803001,0.2489208091929496,Woningmarkt_Eigendom,entropy,Woningmarkt
BU00803002,0.10383748149592562,Woningmarkt_Eigendom,entropy,Woningmarkt
BU00803003,0.6466163124394091,Woningmarkt_Eigendom,entropy,Woningmarkt
BU00803004,0.24126117568630553,Woningmarkt_Eigendom,entropy,Woningmarkt
BU00803005,0.30949494340579875,Woningmarkt_Eigendom,entropy,Woningmarkt
BU00803006,0.5868473734643183,Woningmarkt_Eigendom,entropy,Woningmarkt
BU00803007,0.11736740185847679,Woningmarkt_Eigendom,entropy,Woningmarkt
WK008031,0.20717538195464383,Woningmarkt_Eigendom,entropy,Woningmarkt
BU00803101,0.2064136024333354,Woningmarkt_Eigendom,entropy,Woningmarkt
BU00803102,0.1336734258319095,Woningmarkt_Eigendom,entropy,Woningmarkt
WK008032,0.2502334745956709,Woningmarkt_Eigendom,entropy,Woningmarkt
BU00803201,0.1929205478267764,Woningmarkt_Eigendom,entropy,Woningmarkt
BU00803202,0.16929401183716578,Woningmarkt_Eigendom,entropy,Woningmarkt
BU00803203,0.44652335923213543,Woningmarkt_Eigendom,entropy,Woningmarkt
BU00803204,0.6202903329931104,Woningmarkt_Eigendom,entropy,Woningmarkt
WK008040,0.2696056330398165,Woningmarkt_Eigendom,entropy,Woningmarkt
BU00804001,0.3205693021347227,Woningmarkt_Eigendom,entropy,Woningmarkt
BU00804002,0.10423660033262605,Woningmarkt_Eigendom,entropy,Woningmarkt
BU00804003,0.07895695467672106,Woningmarkt_Eigendom,entropy,Woningmarkt
BU00804004,0.4530124417636931,Woningmarkt_Eigendom,entropy,Woningmarkt
WK008041,0.5119958507851615,Woningmarkt_Eigendom,entropy,Woningmarkt
BU00804101,0.5112340712638531,Woningmarkt_Eigendom,entropy,Woningmarkt
BU00804102,0.1219664891477607,Woningmarkt_Eigendom,entropy,Woningmarkt
BU00804103,0.1174715321431716,Woningmarkt_Eigendom,entropy,Woningmarkt
BU00804104,0.12310829383587474,Woningmarkt_Eigendom,entropy,Woningmarkt
BU00804105,0.13913506836883457,Woningmarkt_Eigendom,entropy,Woningmarkt
BU00804106,0.11959295706682314,Woningmarkt_Eigendom,entropy,Woningmarkt
BU00804107,0.11638414861184306,Woningmarkt_Eigendom,entropy,Woningmarkt
BU00804108,0.11638414861184306,Woningmarkt_Eigendom,entropy,Woningmarkt
BU00804109,0.11599816549426359,Woningmarkt_Eigendom,entropy,Woningmarkt
BU00804110,0.14219339411745469,Woningmarkt_Eigendom,entropy,Woningmarkt
WK008050,0.5832269572170703,Woningmarkt_Eigendom,entropy,Woningmarkt
BU00805001,0.6270923362766139,Woningmarkt_Eigendom,entropy,Woningmarkt
BU00805002,0.540647308470984,Woningmarkt_Eigendom,entropy,Woningmarkt
BU00805003,0.23501898019806833,Woningmarkt_Eigendom,entropy,Woningmarkt
WK008051,0.19805465960666693,Woningmarkt_Eigendom,entropy,Woningmarkt
BU00805101,0.2120370418715515,Woningmarkt_Eigendom,entropy,Woningmarkt
BU00805102,0.257955845527964,Woningmarkt_Eigendom,entropy,Woningmarkt
BU00805103,0.0856816016178627,Woningmarkt_Eigendom,entropy,Woningmarkt
BU00805104,0.15018397818338908,Woningmarkt_Eigendom,entropy,Woningmarkt
BU00805105,0.13161668607043991,Woningmarkt_Eigendom,entropy,Woningmarkt
WK008060,0.4943719476131929,Woningmarkt_Eigendom,entropy,Woningmarkt
BU00806001,0.518205404380384,Woningmarkt_Eigendom,entropy,Woningmarkt
BU00806002,0.0466778655839143,Woningmarkt_Eigendom,entropy,Woningmarkt
BU00806003,0.42810705684631706,Woningmarkt_Eigendom,entropy,Woningmarkt
WK008061,0.5113240648048588,Woningmarkt_Eigendom,entropy,Woningmarkt
BU00806101,0.46794994563524817,Woningmarkt_Eigendom,entropy,Woningmarkt
BU00806102,0.5589416439739251,Woningmarkt_Eigendom,entropy,Woningmarkt
WK008062,0.12228738778655093,Woningmarkt_Eigendom,entropy,Woningmarkt
BU00806201,0.1286940972475885,Woningmarkt_Eigendom,entropy,Woningmarkt
BU00806202,0.1011438470646917,Woningmarkt_Eigendom,entropy,Woningmarkt
BU00806203,0.12351756158527856,Woningmarkt_Eigendom,entropy,Woningmarkt
BU00806204,0.09329235042125306,Woningmarkt_Eigendom,entropy,Woningmarkt
BU00806205,0.1877948203717027,Woningmarkt_Eigendom,entropy,Woningmarkt
BU00806206,0.10987846910362772,Woningmarkt_Eigendom,entropy,Woningmarkt
BU00806207,0.18044779115159196,Woningmarkt_Eigendom,entropy,Woningmarkt
BU00806208,0.09877575369273493,Woningmarkt_Eigendom,entropy,Woningmarkt
BU00806209,0.12580029001923798,Woningmarkt_Eigendom,entropy,Woningmarkt
BU00806210,0.13102821850415908,Woningmarkt_Eigendom,entropy,Woningmarkt
WK008063,0.1686314376944903,Woningmarkt_Eigendom,entropy,Woningmarkt
BU00806301,0.17128978042824156,Woningmarkt_Eigendom,entropy,Woningmarkt
BU00806302,0.12496812549227124,Woningmarkt_Eigendom,entropy,Woningmarkt
BU00806303,0.10799411674440694,Woningmarkt_Eigendom,entropy,Woningmarkt
BU00806304,0.14069419828454607,Woningmarkt_Eigendom,entropy,Woningmarkt
BU00806305,0.16223610886339376,Woningmarkt_Eigendom,entropy,Woningmarkt
BU00806306,0.13810414791209744,Woningmarkt_Eigendom,entropy,Woningmarkt
BU00806307,0.11986938007435818,Woningmarkt_Eigendom,entropy,Woningmarkt
WK008070,0.2791853732697756,Woningmarkt_Eigendom,entropy,Woningmarkt
BU00807001,0.13679710262108463,Woningmarkt_Eigendom,entropy,Woningmarkt
BU00807002,0.31721627719336887,Woningmarkt_Eigendom,entropy,Woningmarkt
BU00807003,0.5194022120801834,Woningmarkt_Eigendom,entropy,Woningmarkt
BU00807004,0.21240881989091906,Woningmarkt_Eigendom,entropy,Woningmarkt
WK008071,0.08097088832327798,Woningmarkt_Eigendom,entropy,Woningmarkt
BU00807101,0.08097088832327798,Woningmarkt_Eigendom,entropy,Woningmarkt
WK008072,0.10821101964927335,Woningmarkt_Eigendom,entropy,Woningmarkt
BU00807201,0.12482145573433293,Woningmarkt_Eigendom,entropy,Woningmarkt
BU00807202,0.09452153509642101,Woningmarkt_Eigendom,entropy,Woningmarkt
BU00807203,0.10668746060665651,Woningmarkt_Eigendom,entropy,Woningmarkt
WK008073,0.11768677950090214,Woningmarkt_Eigendom,entropy,Woningmarkt
BU00807301,0.16583526136894344,Woningmarkt_Eigendom,entropy,Woningmarkt
BU00807302,0.09666627672197887,Woningmarkt_Eigendom,entropy,Woningmarkt
BU00807303,0.12029326138737237,Woningmarkt_Eigendom,entropy,Woningmarkt
BU00807304,0.14219339411745469,Woningmarkt_Eigendom,entropy,Woningmarkt
BU00807305,0.03906007037083007,Woningmarkt_Eigendom,entropy,Woningmarkt
BU00807306,0.12414331839532071,Woningmarkt_Eigendom,entropy,Woningmarkt
WK008074,0.09283199167708742,Woningmarkt_Eigendom,entropy,Woningmarkt
BU00807401,0.05273294601100418,Woningmarkt_Eigendom,entropy,Woningmarkt
BU00807402,0.11989948538089462,Woningmarkt_Eigendom,entropy,Woningmarkt
BU00807403,0.09988567291568129,Woningmarkt_Eigendom,entropy,Woningmarkt
BU00807404,0.14508963375325856,Woningmarkt_Eigendom,entropy,Woningmarkt
BU00807405,0.14222145062312108,Woningmarkt_Eigendom,entropy,Woningmarkt
WK008080,0.171294377901399,Woningmarkt_Eigendom,entropy,Woningmarkt
BU00808001,0.16427535659280845,Woningmarkt_Eigendom,entropy,Woningmarkt
BU00808002,0.11839446343322972,Woningmarkt_Eigendom,entropy,Woningmarkt
BU00808003,0.12387532215253541,Woningmarkt_Eigendom,entropy,Woningmarkt
BU00808004,0.1812858362407172,Woningmarkt_Eigendom,entropy,Woningmarkt
BU00808005,0.13712245467462644,Woningmarkt_Eigendom,entropy,Woningmarkt
BU00808006,0.14219339411745469,Woningmarkt_Eigendom,entropy,Woningmarkt
BU00808007,0.1685125671644327,Woningmarkt_Eigendom,entropy,Woningmarkt
BU00808008,0.1980809756299164,Woningmarkt_Eigendom,entropy,Woningmarkt
WK008081,0.13770069117426365,Woningmarkt_Eigendom,entropy,Woningmarkt
BU00808101,0.12227751447568525,Woningmarkt_Eigendom,entropy,Woningmarkt
BU00808102,0.10655404823023493,Woningmarkt_Eigendom,entropy,Woningmarkt
BU00808103,0.11743453734358203,Woningmarkt_Eigendom,entropy,Woningmarkt
BU00808104,0.15819676973446778,Woningmarkt_Eigendom,entropy,Woningmarkt
BU00808105,0.24211167504319023,Woningmarkt_Eigendom,entropy,Woningmarkt
BU00808106,0.1327122768711917,Woningmarkt_Eigendom,entropy,Woningmarkt
BU00808107,0.1187425205711697,Woningmarkt_Eigendom,entropy,Woningmarkt
BU00808108,0.1203828830775299,Woningmarkt_Eigendom,entropy,Woningmarkt
BU00808109,0.13220142221825765,Woningmarkt_Eigendom,entropy,Woningmarkt
BU00808110,0.15483301356291754,Woningmarkt_Eigendom,entropy,Woningmarkt
BU00808111,0.09695369298386405,Woningmarkt_Eigendom,entropy,Woningmarkt
BU00808112,0.11718732466237226,Woningmarkt_Eigendom,entropy,Woningmarkt
BU00808113,0.09299797605380417,Woningmarkt_Eigendom,entropy,Woningmarkt
BU00808114,0.14219339411745469,Woningmarkt_Eigendom,entropy,Woningmarkt
BU00808115,0.11611628487795131,Woningmarkt_Eigendom,entropy,Woningmarkt
BU00808116,0.13003474468518827,Woningmarkt_Eigendom,entropy,Woningmarkt
BU00808117,0.125921652413143,Woningmarkt_Eigendom,entropy,Woningmarkt
WK008082,0.18966276262487214,Woningmarkt_Eigendom,entropy,Woningmarkt
BU00808201,0.1413786902045239,Woningmarkt_Eigendom,entropy,Woningmarkt
BU00808202,0.1194530853546088,Woningmarkt_Eigendom,entropy,Woningmarkt
BU00808203,0.11839446343322972,Woningmarkt_Eigendom,entropy,Woningmarkt
BU00808204,0.08049304518133278,Woningmarkt_Eigendom,entropy,Woningmarkt
BU00808205,0.1210399181295868,Woningmarkt_Eigendom,entropy,Woningmarkt
BU00808206,0.21126043381044193,Woningmarkt_Eigendom,entropy,Woningmarkt
BU00808207,0.14115763163034448,Woningmarkt_Eigendom,entropy,Woningmarkt
BU00808208,0.14437500866352876,Woningmarkt_Eigendom,entropy,Woningmarkt
BU00808209,0.12286537041684945,Woningmarkt_Eigendom,entropy,Woningmarkt
GM1970,0.2062094072482472,Woningmarkt_Eigendom,entropy,Woningmarkt
WK197000,0.27724259101294896,Woningmarkt_Eigendom,entropy,Woningmarkt
BU19700000,0.3909260980571897,Woningmarkt_Eigendom,entropy,Woningmarkt
BU19700001,0.33234394829422753,Woningmarkt_Eigendom,entropy,Woningmarkt
BU19700002,0.30601898327190263,Woningmarkt_Eigendom,entropy,Woningmarkt
BU19700003,0.29991452481128883,Woningmarkt_Eigendom,entropy,Woningmarkt
BU19700004,0.138090935673422,Woningmarkt_Eigendom,entropy,Woningmarkt
BU19700005,0.37836287225453025,Woningmarkt_Eigendom,entropy,Woningmarkt
BU19700006,0.13056554476648055,Woningmarkt_Eigendom,entropy,Woningmarkt
BU19700007,0.17828350454528674,Woningmarkt_Eigendom,entropy,Woningmarkt
BU19700008,0.15159117874751363,Woningmarkt_Eigendom,entropy,Woningmarkt
BU19700009,0.1896404152078741,Woningmarkt_Eigendom,entropy,Woningmarkt
BU19700010,0.08492984726615019,Woningmarkt_Eigendom,entropy,Woningmarkt
BU19700011,0.13624136539717568,Woningmarkt_Eigendom,entropy,Woningmarkt
WK197001,0.18582175797779718,Woningmarkt_Eigendom,entropy,Woningmarkt
BU19700100,0.23599502659212152,Woningmarkt_Eigendom,entropy,Woningmarkt
BU19700101,0.14219339411745469,Woningmarkt_Eigendom,entropy,Woningmarkt
BU19700102,0.1138758480694641,Woningmarkt_Eigendom,entropy,Woningmarkt
BU19700103,0.11187444588490206,Woningmarkt_Eigendom,entropy,Woningmarkt
BU19700104,0.1435135715049417,Woningmarkt_Eigendom,entropy,Woningmarkt
BU19700105,0.12451779191770149,Woningmarkt_Eigendom,entropy,Woningmarkt
BU19700107,0.13810414791209744,Woningmarkt_Eigendom,entropy,Woningmarkt
BU19700108,0.11599816549426359,Woningmarkt_Eigendom,entropy,Woningmarkt
BU19700109,0.19312849980693972,Woningmarkt_Eigendom,entropy,Woningmarkt
WK197002,0.12776503524508076,Woningmarkt_Eigendom,entropy,Woningmarkt
BU19700200,0.1239873593930787,Woningmarkt_Eigendom,entropy,Woningmarkt
BU19700201,0.12494498729214808,Woningmarkt_Eigendom,entropy,Woningmarkt
BU19700202,0.09212643947844626,Woningmarkt_Eigendom,entropy,Woningmarkt
BU19700208,0.1333306286473741,Woningmarkt_Eigendom,entropy,Woningmarkt
BU19700209,0.1386460137172433,Woningmarkt_Eigendom,entropy,Woningmarkt
WK197003,0.13856851556245692,Woningmarkt_Eigendom,entropy,Woningmarkt
BU19700300,0.14663883003373704,Woningmarkt_Eigendom,entropy,Woningmarkt
BU19700301,0.14328526878567113,Woningmarkt_Eigendom,entropy,Woningmarkt
BU19700302,0.1051715624990753,Woningmarkt_Eigendom,entropy,Woningmarkt
BU19700303,0.08370149217917731,Woningmarkt_Eigendom,entropy,Woningmarkt
BU19700307,0.13697150805230354,Woningmarkt_Eigendom,entropy,Woningmarkt
BU19700308,0.13943775340052839,Woningmarkt_Eigendom,entropy,Woningmarkt
BU19700309,0.1264771192479973,Woningmarkt_Eigendom,entropy,Woningmarkt
WK197004,0.1473767548189721,Woningmarkt_Eigendom,entropy,Woningmarkt
BU19700400,0.1446157587967278,Woningmarkt_Eigendom,entropy,Woningmarkt
BU19700401,0.15061679987792728,Woningmarkt_Eigendom,entropy,Woningmarkt
BU19700408,0.12373396083863776,Woningmarkt_Eigendom,entropy,Woningmarkt
BU19700409,0.13810414791209744,Woningmarkt_Eigendom,entropy,Woningmarkt
WK197005,0.17157822597663208,Woningmarkt_Eigendom,entropy,Woningmarkt
BU19700500,0.2187421584959754,Woningmarkt_Eigendom,entropy,Woningmarkt
BU19700501,0.13727028639333716,Woningmarkt_Eigendom,entropy,Woningmarkt
BU19700502,0.14995160702427854,Woningmarkt_Eigendom,entropy,Woningmarkt
BU19700503,0.12441880262631605,Woningmarkt_Eigendom,entropy,Woningmarkt
BU19700506,0.11509288544601007,Woningmarkt_Eigendom,entropy,Woningmarkt
BU19700507,0.11599816549426359,Woningmarkt_Eigendom,entropy,Woningmarkt
BU19700508,0.10546375118289808,Woningmarkt_Eigendom,entropy,Woningmarkt
BU19700509,0.14219339411745469,Woningmarkt_Eigendom,entropy,Woningmarkt
WK197006,0.16327235676394874,Woningmarkt_Eigendom,entropy,Woningmarkt
BU19700600,0.18511124825706984,Woningmarkt_Eigendom,entropy,Woningmarkt
BU19700601,0.09981483600220248,Woningmarkt_Eigendom,entropy,Woningmarkt
BU19700602,0.11129112255329199,Woningmarkt_Eigendom,entropy,Woningmarkt
BU19700603,0.13385629494879686,Woningmarkt_Eigendom,entropy,Woningmarkt
BU19700604,0.11489635608656634,Woningmarkt_Eigendom,entropy,Woningmarkt
BU19700605,0.11702650472918369,Woningmarkt_Eigendom,entropy,Woningmarkt
BU19700608,0.15771461973893752,Woningmarkt_Eigendom,entropy,Woningmarkt
BU19700609,0.13810414791209744,Woningmarkt_Eigendom,entropy,Woningmarkt
WK197007,0.14122216632018306,Woningmarkt_Eigendom,entropy,Woningmarkt
BU19700700,0.13877851411546815,Woningmarkt_Eigendom,entropy,Woningmarkt
BU19700701,0.1640871958422871,Woningmarkt_Eigendom,entropy,Woningmarkt
BU19700702,0.1410797926110925,Woningmarkt_Eigendom,entropy,Woningmarkt
BU19700703,0.13393314568730005,Woningmarkt_Eigendom,entropy,Woningmarkt
BU19700708,0.12484881573612891,Woningmarkt_Eigendom,entropy,Woningmarkt
BU19700709,0.14690377240309466,Woningmarkt_Eigendom,entropy,Woningmarkt
WK197008,0.18690783322346122,Woningmarkt_Eigendom,entropy,Woningmarkt
BU19700800,0.2254506191438201,Woningmarkt_Eigendom,entropy,Woningmarkt
BU19700801,0.1736798634614184,Woningmarkt_Eigendom,entropy,Woningmarkt
BU19700802,0.15954918292444864,Woningmarkt_Eigendom,entropy,Woningmarkt
BU19700803,0.14143744071090256,Woningmarkt_Eigendom,entropy,Woningmarkt
BU19700807,0.13625857903430422,Woningmarkt_Eigendom,entropy,Woningmarkt
BU19700808,0.12084527564659148,Woningmarkt_Eigendom,entropy,Woningmarkt
BU19700809,0.12906765433083,Woningmarkt_Eigendom,entropy,Woningmarkt
WK197009,0.17386008271536163,Woningmarkt_Eigendom,entropy,Woningmarkt
BU19700900,0.17225289108646125,Woningmarkt_Eigendom,entropy,Woningmarkt
BU19700909,0.1598490116805399,Woningmarkt_Eigendom,entropy,Woningmarkt
WK197010,0.13922294981924715,Woningmarkt_Eigendom,entropy,Woningmarkt
BU19701000,0.1438451698014806,Woningmarkt_Eigendom,entropy,Woningmarkt
BU19701001,0.10582688204185836,Woningmarkt_Eigendom,entropy,Woningmarkt
BU19701002,0.15081490818648932,Woningmarkt_Eigendom,entropy,Woningmarkt
BU19701003,0.11917578256644967,Woningmarkt_Eigendom,entropy,Woningmarkt
BU19701004,0.13731709715762175,Woningmarkt_Eigendom,entropy,Woningmarkt
BU19701005,0.13847799551563061,Woningmarkt_Eigendom,entropy,Woningmarkt
BU19701006,0.13676654841406483,Woningmarkt_Eigendom,entropy,Woningmarkt
BU19701008,0.15848845825473779,Woningmarkt_Eigendom,entropy,Woningmarkt
BU19701009,0.1286006890381411,Woningmarkt_Eigendom,entropy,Woningmarkt
WK197011,0.24078395457744284,Woningmarkt_Eigendom,entropy,Woningmarkt
BU19701100,0.24742760748164716,Woningmarkt_Eigendom,entropy,Woningmarkt
BU19701109,0.12074554376213789,Woningmarkt_Eigendom,entropy,Woningmarkt
WK197012,0.14665946194146126,Woningmarkt_Eigendom,entropy,Woningmarkt
BU19701200,0.15351297134083808,Woningmarkt_Eigendom,entropy,Woningmarkt
BU19701201,0.08936948375988014,Woningmarkt_Eigendom,entropy,Woningmarkt
BU19701202,0.15337042888170488,Woningmarkt_Eigendom,entropy,Woningmarkt
BU19701203,0.16226157480498177,Woningmarkt_Eigendom,entropy,Woningmarkt
BU19701204,0.15568246597418772,Woningmarkt_Eigendom,entropy,Woningmarkt
BU19701206,0.1618666001583989,Woningmarkt_Eigendom,entropy,Woningmarkt
BU19701207,0.15144281266476461,Woningmarkt_Eigendom,entropy,Woningmarkt
BU19701208,0.161331475657751,Woningmarkt_Eigendom,entropy,Woningmarkt
BU19701209,0.13440385411542122,Woningmarkt_Eigendom,entropy,Woningmarkt
WK197013,0.14088419059492946,Woningmarkt_Eigendom,entropy,Woningmarkt
BU19701300,0.15710700966830118,Woningmarkt_Eigendom,entropy,Woningmarkt
BU19701301,0.12671138764872242,Woningmarkt_Eigendom,entropy,Woningmarkt
BU19701302,0.13381817635014237,Woningmarkt_Eigendom,entropy,Woningmarkt
BU19701308,0.13894258356920983,Woningmarkt_Eigendom,entropy,Woningmarkt
BU19701309,0.13468867578077726,Woningmarkt_Eigendom,entropy,Woningmarkt
WK197014,0.1941876527112918,Woningmarkt_Eigendom,entropy,Woningmarkt
BU19701400,0.19708382417420262,Woningmarkt_Eigendom,entropy,Woningmarkt
BU19701401,0.1973639271713296,Woningmarkt_Eigendom,entropy,Woningmarkt
BU19701402,0.21378393860361197,Woningmarkt_Eigendom,entropy,Woningmarkt
BU19701409,0.1211762994650189,Woningmarkt_Eigendom,entropy,Woningmarkt
GM0085,0.2078986202579165,Woningmarkt_Eigendom,entropy,Woningmarkt
WK008501,0.2226871266300683,Woningmarkt_Eigendom,entropy,Woningmarkt
BU00850101,0.11344467725494259,Woningmarkt_Eigendom,entropy,Woningmarkt
BU00850102,0.10944066699105286,Woningmarkt_Eigendom,entropy,Woningmarkt
BU00850103,0.12093198900338548,Woningmarkt_Eigendom,entropy,Woningmarkt
BU00850104,0.3331290462448972,Woningmarkt_Eigendom,entropy,Woningmarkt
BU00850105,0.350234254993353,Woningmarkt_Eigendom,entropy,Woningmarkt
BU00850106,0.11809684823334718,Woningmarkt_Eigendom,entropy,Woningmarkt
BU00850107,0.1860533287872372,Woningmarkt_Eigendom,entropy,Woningmarkt
BU00850108,0.15600354223457452,Woningmarkt_Eigendom,entropy,Woningmarkt
BU00850109,0.31477191825359535,Woningmarkt_Eigendom,entropy,Woningmarkt
BU00850110,0.20154766565204313,Woningmarkt_Eigendom,entropy,Woningmarkt
BU00850111,0.1318128254177093,Woningmarkt_Eigendom,entropy,Woningmarkt
WK008502,0.15024760239813362,Woningmarkt_Eigendom,entropy,Woningmarkt
BU00850201,0.1269733343668656,Woningmarkt_Eigendom,entropy,Woningmarkt
BU00850202,0.2013776686882463,Woningmarkt_Eigendom,entropy,Woningmarkt
BU00850203,0.11236481068795062,Woningmarkt_Eigendom,entropy,Woningmarkt
WK008503,0.13393409452789293,Woningmarkt_Eigendom,entropy,Woningmarkt
BU00850301,0.13570268056809337,Woningmarkt_Eigendom,entropy,Woningmarkt
BU00850302,0.13636067515331804,Woningmarkt_Eigendom,entropy,Woningmarkt
WK008504,0.15050397185425884,Woningmarkt_Eigendom,entropy,Woningmarkt
BU00850401,0.08538018084071994,Woningmarkt_Eigendom,entropy,Woningmarkt
BU00850402,0.18417775753144727,Woningmarkt_Eigendom,entropy,Woningmarkt
WK008505,0.12077295882664565,Woningmarkt_Eigendom,entropy,Woningmarkt
BU00850501,0.11154221617170898,Woningmarkt_Eigendom,entropy,Woningmarkt
BU00850502,0.12192351369943653,Woningmarkt_Eigendom,entropy,Woningmarkt
WK008506,0.1969836771781085,Woningmarkt_Eigendom,entropy,Woningmarkt
BU00850601,0.23846144005671843,Woningmarkt_Eigendom,entropy,Woningmarkt
BU00850602,0.25354597144198965,Woningmarkt_Eigendom,entropy,Woningmarkt
BU00850603,0.19005492955474637,Woningmarkt_Eigendom,entropy,Woningmarkt
BU00850604,0.20399261825439138,Woningmarkt_Eigendom,entropy,Woningmarkt
BU00850605,0.08171972356410176,Woningmarkt_Eigendom,entropy,Woningmarkt
BU00850606,0.311131219077904,Woningmarkt_Eigendom,entropy,Woningmarkt
BU00850607,0.12029326138737237,Woningmarkt_Eigendom,entropy,Woningmarkt
BU00850608,0.12406366145399093,Woningmarkt_Eigendom,entropy,Woningmarkt
WK008507,0.11434074693092466,Woningmarkt_Eigendom,entropy,Woningmarkt
BU00850701,0.11919503982936559,Woningmarkt_Eigendom,entropy,Woningmarkt
BU00850702,0.10944066699105286,Woningmarkt_Eigendom,entropy,Woningmarkt
WK008508,0.14548594741948134,Woningmarkt_Eigendom,entropy,Woningmarkt
BU00850801,0.15352267590166113,Woningmarkt_Eigendom,entropy,Woningmarkt
BU00850802,0.12989724150305695,Woningmarkt_Eigendom,entropy,Woningmarkt
WK008509,0.13448838178858907,Woningmarkt_Eigendom,entropy,Woningmarkt
BU00850901,0.16563753102501674,Woningmarkt_Eigendom,entropy,Woningmarkt
BU00850902,0.12213351225244778,Woningmarkt_Eigendom,entropy,Woningmarkt
WK008510,0.16749785989812158,Woningmarkt_Eigendom,entropy,Woningmarkt
BU00851001,0.19208448252422952,Woningmarkt_Eigendom,entropy,Woningmarkt
BU00851002,0.11779315477745134,Woningmarkt_Eigendom,entropy,Woningmarkt
BU00851003,0.12008600241768203,Woningmarkt_Eigendom,entropy,Woningmarkt
WK008511,0.2489292342189065,Woningmarkt_Eigendom,entropy,Woningmarkt
BU00851101,0.1255567054771264,Woningmarkt_Eigendom,entropy,Woningmarkt
BU00851102,0.10239024537698813,Woningmarkt_Eigendom,entropy,Woningmarkt
BU00851103,0.2884333775341317,Woningmarkt_Eigendom,entropy,Woningmarkt
BU00851104,0.2955459696034746,Woningmarkt_Eigendom,entropy,Woningmarkt
BU00851105,0.559921204178352,Woningmarkt_Eigendom,entropy,Woningmarkt
BU00851106,0.2514746068711506,Woningmarkt_Eigendom,entropy,Woningmarkt
BU00851107,0.2716811249094607,Woningmarkt_Eigendom,entropy,Woningmarkt
BU00851108,0.3436432198423342,Woningmarkt_Eigendom,entropy,Woningmarkt
BU00851109,0.16054388289387783,Woningmarkt_Eigendom,entropy,Woningmarkt
BU00851110,0.19277143893319315,Woningmarkt_Eigendom,entropy,Woningmarkt
BU00851111,0.07958031903770145,Woningmarkt_Eigendom,entropy,Woningmarkt
BU00851112,0.23878285381719047,Woningmarkt_Eigendom,entropy,Woningmarkt
BU00851113,0.32195011179676436,Woningmarkt_Eigendom,entropy,Woningmarkt
BU00851114,0.1730636423061503,Woningmarkt_Eigendom,entropy,Woningmarkt
BU00851115,0.3824318602808595,Woningmarkt_Eigendom,entropy,Woningmarkt
BU00851116,0.39791229890931523,Woningmarkt_Eigendom,entropy,Woningmarkt
BU00851117,0.12021353165490274,Woningmarkt_Eigendom,entropy,Woningmarkt
BU00851118,0.13364458088651177,Woningmarkt_Eigendom,entropy,Woningmarkt
WK008512,0.13746406833986974,Woningmarkt_Eigendom,entropy,Woningmarkt
BU00851201,0.14635196474259357,Woningmarkt_Eigendom,entropy,Woningmarkt
BU00851202,0.12160956146029887,Woningmarkt_Eigendom,entropy,Woningmarkt
WK008513,0.12972566297300986,Woningmarkt_Eigendom,entropy,Woningmarkt
BU00851301,0.13095322664177167,Woningmarkt_Eigendom,entropy,Woningmarkt
BU00851302,0.12467124483242337,Woningmarkt_Eigendom,entropy,Woningmarkt
GM0086,0.2144213788926677,Woningmarkt_Eigendom,entropy,Woningmarkt
WK008601,0.15580211659479562,Woningmarkt_Eigendom,entropy,Woningmarkt
BU00860101,0.1289545940025189,Woningmarkt_Eigendom,entropy,Woningmarkt
BU00860102,0.176193572555278,Woningmarkt_Eigendom,entropy,Woningmarkt
BU00860103,0.12635414485966137,Woningmarkt_Eigendom,entropy,Woningmarkt
WK008602,0.3041623922537722,Woningmarkt_Eigendom,entropy,Woningmarkt
BU00860201,0.33886880389115487,Woningmarkt_Eigendom,entropy,Woningmarkt
BU00860202,0.3330023481902012,Woningmarkt_Eigendom,entropy,Woningmarkt
BU00860203,0.29347950519885924,Woningmarkt_Eigendom,entropy,Woningmarkt
BU00860204,0.6202903329931104,Woningmarkt_Eigendom,entropy,Woningmarkt
BU00860205,0.0750301050675325,Woningmarkt_Eigendom,entropy,Woningmarkt
BU00860206,0.21689092945924338,Woningmarkt_Eigendom,entropy,Woningmarkt
BU00860207,0.08629040069195229,Woningmarkt_Eigendom,entropy,Woningmarkt
BU00860208,0.20836714494508535,Woningmarkt_Eigendom,entropy,Woningmarkt
BU00860209,0.17030427734780107,Woningmarkt_Eigendom,entropy,Woningmarkt
WK008604,0.13690768989841515,Woningmarkt_Eigendom,entropy,Woningmarkt
BU00860401,0.13883222534484496,Woningmarkt_Eigendom,entropy,Woningmarkt
BU00860402,0.11035088684228521,Woningmarkt_Eigendom,entropy,Woningmarkt
WK008605,0.2460753161611961,Woningmarkt_Eigendom,entropy,Woningmarkt
BU00860501,0.3042395529084733,Woningmarkt_Eigendom,entropy,Woningmarkt
BU00860502,0.13306287856130786,Woningmarkt_Eigendom,entropy,Woningmarkt
BU00860503,0.2639547785370926,Woningmarkt_Eigendom,entropy,Woningmarkt
BU00860504,0.10718608751505611,Woningmarkt_Eigendom,entropy,Woningmarkt
BU00860505,0.12911978530295976,Woningmarkt_Eigendom,entropy,Woningmarkt
BU00860506,0.28368262321017657,Woningmarkt_Eigendom,entropy,Woningmarkt
BU00860507,0.3225914330230273,Woningmarkt_Eigendom,entropy,Woningmarkt
BU00860508,0.10076421159681234,Woningmarkt_Eigendom,entropy,Woningmarkt
WK008606,0.1634610068732856,Woningmarkt_Eigendom,entropy,Woningmarkt
BU00860601,0.17962212566573132,Woningmarkt_Eigendom,entropy,Woningmarkt
BU00860602,0.13448838178858907,Woningmarkt_Eigendom,entropy,Woningmarkt
WK008607,0.10029931273535178,Woningmarkt_Eigendom,entropy,Woningmarkt
BU00860701,0.08690373988333679,Woningmarkt_Eigendom,entropy,Woningmarkt
BU00860702,0.11521844462998362,Woningmarkt_Eigendom,entropy,Woningmarkt
WK008608,0.1465338490037791,Woningmarkt_Eigendom,entropy,Woningmarkt
BU00860801,0.1531807514285365,Woningmarkt_Eigendom,entropy,Woningmarkt
BU00860802,0.13162384719185888,Woningmarkt_Eigendom,entropy,Woningmarkt
WK008609,0.15191960177067437,Woningmarkt_Eigendom,entropy,Woningmarkt
BU00860901,0.16842278709408345,Woningmarkt_Eigendom,entropy,Woningmarkt
BU00860902,0.11126110669351758,Woningmarkt_Eigendom,entropy,Woningmarkt
WK008610,0.1291706324841596,Woningmarkt_Eigendom,entropy,Woningmarkt
BU00861001,0.13570268056809337,Woningmarkt_Eigendom,entropy,Woningmarkt
BU00861002,0.11187444588490206,Woningmarkt_Eigendom,entropy,Woningmarkt
WK008611,0.1613470780893648,Woningmarkt_Eigendom,entropy,Woningmarkt
BU00861101,0.16080986240795847,Woningmarkt_Eigendom,entropy,Woningmarkt
BU00861102,0.16623040705871966,Woningmarkt_Eigendom,entropy,Woningmarkt
WK008613,0.12903531498565446,Woningmarkt_Eigendom,entropy,Woningmarkt
BU00861301,0.11563974213363945,Woningmarkt_Eigendom,entropy,Woningmarkt
BU00861302,0.13847354990120336,Woningmarkt_Eigendom,entropy,Woningmarkt
WK008614,0.14164597011623786,Woningmarkt_Eigendom,entropy,Woningmarkt
BU00861401,0.1558695726886737,Woningmarkt_Eigendom,entropy,Woningmarkt
BU00861402,0.11293310606605836,Woningmarkt_Eigendom,entropy,Woningmarkt
WK008615,0.16232717202274408,Woningmarkt_Eigendom,entropy,Woningmarkt
BU00861501,0.17450375837529336,Woningmarkt_Eigendom,entropy,Woningmarkt
BU00861502,0.1416388354024138,Woningmarkt_Eigendom,entropy,Woningmarkt
WK008616,0.2227961466547012,Woningmarkt_Eigendom,entropy,Woningmarkt
BU00861601,0.2977083999114238,Woningmarkt_Eigendom,entropy,Woningmarkt
BU00861602,0.27336504121865457,Woningmarkt_Eigendom,entropy,Woningmarkt
BU00861603,0.1454622347412467,Woningmarkt_Eigendom,entropy,Woningmarkt
BU00861604,0.27583937887119747,Woningmarkt_Eigendom,entropy,Woningmarkt
BU00861605,0.10969288245616907,Woningmarkt_Eigendom,entropy,Woningmarkt
BU00861606,0.12310829383587474,Woningmarkt_Eigendom,entropy,Woningmarkt
BU00861607,0.1659471965988783,Woningmarkt_Eigendom,entropy,Woningmarkt
WK008617,0.18038785393491077,Woningmarkt_Eigendom,entropy,Woningmarkt
BU00861701,0.2671057558055851,Woningmarkt_Eigendom,entropy,Woningmarkt
BU00861702,0.16892229928847582,Woningmarkt_Eigendom,entropy,Woningmarkt
BU00861703,0.13094305190659628,Woningmarkt_Eigendom,entropy,Woningmarkt
GM0088,0.2866690301869164,Woningmarkt_Eigendom,entropy,Woningmarkt
WK008800,0.2866690301869164,Woningmarkt_Eigendom,entropy,Woningmarkt
BU00880000,0.28300482977486596,Woningmarkt_Eigendom,entropy,Woningmarkt
BU00880009,0.30044329815810616,Woningmarkt_Eigendom,entropy,Woningmarkt
GM0090,0.2550910476783235,Woningmarkt_Eigendom,entropy,Woningmarkt
WK009001,0.4717995964183362,Woningmarkt_Eigendom,entropy,Woningmarkt
BU00900101,0.4717995964183362,Woningmarkt_Eigendom,entropy,Woningmarkt
WK009002,0.3327907117394714,Woningmarkt_Eigendom,entropy,Woningmarkt
BU00900201,0.10479443103044418,Woningmarkt_Eigendom,entropy,Woningmarkt
BU00900202,0.3181949339517341,Woningmarkt_Eigendom,entropy,Woningmarkt
BU00900203,0.26564933224807347,Woningmarkt_Eigendom,entropy,Woningmarkt
BU00900204,0.4864483987117221,Woningmarkt_Eigendom,entropy,Woningmarkt
BU00900205,0.2529493535818577,Woningmarkt_Eigendom,entropy,Woningmarkt
BU00900206,0.26039452458803686,Woningmarkt_Eigendom,entropy,Woningmarkt
WK009003,0.18579298515979356,Woningmarkt_Eigendom,entropy,Woningmarkt
BU00900301,0.08051674805867592,Woningmarkt_Eigendom,entropy,Woningmarkt
BU00900302,0.12995822206319868,Woningmarkt_Eigendom,entropy,Woningmarkt
BU00900303,0.2948777441959686,Woningmarkt_Eigendom,entropy,Woningmarkt
BU00900304,0.32235702965488444,Woningmarkt_Eigendom,entropy,Woningmarkt
WK009004,0.18190519449796402,Woningmarkt_Eigendom,entropy,Woningmarkt
BU00900401,0.2581976496971985,Woningmarkt_Eigendom,entropy,Woningmarkt
BU00900402,0.2748557499925845,Woningmarkt_Eigendom,entropy,Woningmarkt
BU00900403,0.10670909316600834,Woningmarkt_Eigendom,entropy,Woningmarkt
BU00900404,0.1157475100175389,Woningmarkt_Eigendom,entropy,Woningmarkt
BU00900405,0.04454096734991296,Woningmarkt_Eigendom,entropy,Woningmarkt
BU00900406,0.2408185679103747,Woningmarkt_Eigendom,entropy,Woningmarkt
WK009005,0.08984407738127227,Woningmarkt_Eigendom,entropy,Woningmarkt
BU00900501,0.09912060707763981,Woningmarkt_Eigendom,entropy,Woningmarkt
BU00900502,0.06614809673470792,Woningmarkt_Eigendom,entropy,Woningmarkt
WK009006,0.1779643035299455,Woningmarkt_Eigendom,entropy,Woningmarkt
BU00900601,0.05380867777145025,Woningmarkt_Eigendom,entropy,Woningmarkt
BU00900602,0.2833554060817814,Woningmarkt_Eigendom,entropy,Woningmarkt
BU00900603,0.05109759608944192,Woningmarkt_Eigendom,entropy,Woningmarkt
WK009007,0.1593973034611619,Woningmarkt_Eigendom,entropy,Woningmarkt
BU00900701,0.21570825774502816,Woningmarkt_Eigendom,entropy,Woningmarkt
BU00900702,0.0803250269797201,Woningmarkt_Eigendom,entropy,Woningmarkt
BU00900703,0.14930672546958118,Woningmarkt_Eigendom,entropy,Woningmarkt
BU00900704,0.12741405788347995,Woningmarkt_Eigendom,entropy,Woningmarkt
BU00900705,0.19807513256524,Woningmarkt_Eigendom,entropy,Woningmarkt
BU00900706,0.20651469207128484,Woningmarkt_Eigendom,entropy,Woningmarkt
WK009008,0.32560868481406613,Woningmarkt_Eigendom,entropy,Woningmarkt
BU00900801,0.29808396543636057,Woningmarkt_Eigendom,entropy,Woningmarkt
BU00900802,0.40083244757212744,Woningmarkt_Eigendom,entropy,Woningmarkt
BU00900803,0.2330362597614004,Woningmarkt_Eigendom,entropy,Woningmarkt
WK009009,0.4634214176088388,Woningmarkt_Eigendom,entropy,Woningmarkt
BU00900901,0.23750726006750916,Woningmarkt_Eigendom,entropy,Woningmarkt
BU00900902,0.5895012705836422,Woningmarkt_Eigendom,entropy,Woningmarkt
BU00900903,0.33828272609558496,Woningmarkt_Eigendom,entropy,Woningmarkt
BU00900904,0.597397854623874,Woningmarkt_Eigendom,entropy,Woningmarkt
WK009010,0.37013884161561794,Woningmarkt_Eigendom,entropy,Woningmarkt
BU00901001,0.3730906734308253,Woningmarkt_Eigendom,entropy,Woningmarkt
BU00901002,0.35803179531457346,Woningmarkt_Eigendom,entropy,Woningmarkt
BU00901003,0.33279530921262873,Woningmarkt_Eigendom,entropy,Woningmarkt
BU00901004,0.3889025215944468,Woningmarkt_Eigendom,entropy,Woningmarkt
WK009011,0.22950854588022468,Woningmarkt_Eigendom,entropy,Woningmarkt
BU00901101,0.22950854588022468,Woningmarkt_Eigendom,entropy,Woningmarkt
WK009012,0.13643851417256997,Woningmarkt_Eigendom,entropy,Woningmarkt
BU00901201,0.12476976999343922,Woningmarkt_Eigendom,entropy,Woningmarkt
BU00901202,0.10869345275663524,Woningmarkt_Eigendom,entropy,Woningmarkt
WK009013,0.20614664313039427,Woningmarkt_Eigendom,entropy,Woningmarkt
BU00901301,0.4697338877454645,Woningmarkt_Eigendom,entropy,Woningmarkt
BU00901302,0.14892531713656543,Woningmarkt_Eigendom,entropy,Woningmarkt
BU00901303,0.1327460994209984,Woningmarkt_Eigendom,entropy,Woningmarkt
WK009021,0.16231634987128551,Woningmarkt_Eigendom,entropy,Woningmarkt
BU00902104,0.16677320000214396,Woningmarkt_Eigendom,entropy,Woningmarkt
BU00902105,0.11564299165419252,Woningmarkt_Eigendom,entropy,Woningmarkt
BU00902109,0.13727809327297447,Woningmarkt_Eigendom,entropy,Woningmarkt
BU00902110,0.18265612091954625,Woningmarkt_Eigendom,entropy,Woningmarkt
BU00902114,0.13134111670726129,Woningmarkt_Eigendom,entropy,Woningmarkt
WK009022,0.15525284191889743,Woningmarkt_Eigendom,entropy,Woningmarkt
BU00902201,0.12346163802894417,Woningmarkt_Eigendom,entropy,Woningmarkt
BU00902202,0.12817824919431967,Woningmarkt_Eigendom,entropy,Woningmarkt
BU00902203,0.09635654008577654,Woningmarkt_Eigendom,entropy,Woningmarkt
BU00902206,0.1807834124431768,Woningmarkt_Eigendom,entropy,Woningmarkt
BU00902212,0.11430822477875127,Woningmarkt_Eigendom,entropy,Woningmarkt
BU00902213,0.1313446770356957,Woningmarkt_Eigendom,entropy,Woningmarkt
BU00902215,0.13707891687142176,Woningmarkt_Eigendom,entropy,Woningmarkt
BU00902216,0.13306037226890888,Woningmarkt_Eigendom,entropy,Woningmarkt
WK009023,0.18363365480681795,Woningmarkt_Eigendom,entropy,Woningmarkt
BU00902307,0.17599214691549914,Woningmarkt_Eigendom,entropy,Woningmarkt
BU00902308,0.17748640663429174,Woningmarkt_Eigendom,entropy,Woningmarkt
BU00902311,0.19928228063129128,Woningmarkt_Eigendom,entropy,Woningmarkt
GM1900,0.23105959759890454,Woningmarkt_Eigendom,entropy,Woningmarkt
WK190000,0.25822274719043364,Woningmarkt_Eigendom,entropy,Woningmarkt
BU19000000,0.3385616179174884,Woningmarkt_Eigendom,entropy,Woningmarkt
BU19000001,0.38485897991569495,Woningmarkt_Eigendom,entropy,Woningmarkt
BU19000002,0.24093369530500008,Woningmarkt_Eigendom,entropy,Woningmarkt
BU19000003,0.05991998552120742,Woningmarkt_Eigendom,entropy,Woningmarkt
BU19000004,0.16644254374038603,Woningmarkt_Eigendom,entropy,Woningmarkt
BU19000009,0.21546317568473275,Woningmarkt_Eigendom,entropy,Woningmarkt
WK190001,0.29411315568919505,Woningmarkt_Eigendom,entropy,Woningmarkt
BU19000101,0.5043694050472898,Woningmarkt_Eigendom,entropy,Woningmarkt
BU19000102,0.29605149233159445,Woningmarkt_Eigendom,entropy,Woningmarkt
BU19000103,0.13855932061614207,Woningmarkt_Eigendom,entropy,Woningmarkt
BU19000104,0.2734756737578054,Woningmarkt_Eigendom,entropy,Woningmarkt
BU19000105,0.4246249105825923,Woningmarkt_Eigendom,entropy,Woningmarkt
BU19000106,0.19661901981560975,Woningmarkt_Eigendom,entropy,Woningmarkt
BU19000107,0.08581886823928764,Woningmarkt_Eigendom,entropy,Woningmarkt
BU19000108,0.23040745291217982,Woningmarkt_Eigendom,entropy,Woningmarkt
BU19000109,0.3651395562971132,Woningmarkt_Eigendom,entropy,Woningmarkt
BU19000110,0.3256622539856042,Woningmarkt_Eigendom,entropy,Woningmarkt
BU19000111,0.08744679607967139,Woningmarkt_Eigendom,entropy,Woningmarkt
BU19000112,0.603726342303754,Woningmarkt_Eigendom,entropy,Woningmarkt
BU19000113,0.32068705701681866,Woningmarkt_Eigendom,entropy,Woningmarkt
BU19000114,0.34957648548963927,Woningmarkt_Eigendom,entropy,Woningmarkt
BU19000115,0.4453813409121923,Woningmarkt_Eigendom,entropy,Woningmarkt
BU19000116,0.21188645402940076,Woningmarkt_Eigendom,entropy,Woningmarkt
BU19000117,0.13947098292284646,Woningmarkt_Eigendom,entropy,Woningmarkt
BU19000118,0.19548917109771802,Woningmarkt_Eigendom,entropy,Woningmarkt
BU19000119,0.05763965954208009,Woningmarkt_Eigendom,entropy,Woningmarkt
BU19000120,0.1259288243609596,Woningmarkt_Eigendom,entropy,Woningmarkt
WK190002,0.2111118514226793,Woningmarkt_Eigendom,entropy,Woningmarkt
BU19000200,0.22485064914545227,Woningmarkt_Eigendom,entropy,Woningmarkt
BU19000201,0.11599816549426359,Woningmarkt_Eigendom,entropy,Woningmarkt
BU19000202,0.169673880634082,Woningmarkt_Eigendom,entropy,Woningmarkt
BU19000208,0.1618520348715081,Woningmarkt_Eigendom,entropy,Woningmarkt
BU19000209,0.18553028246554426,Woningmarkt_Eigendom,entropy,Woningmarkt
WK190003,0.19515943078561152,Woningmarkt_Eigendom,entropy,Woningmarkt
BU19000300,0.20779466657179008,Woningmarkt_Eigendom,entropy,Woningmarkt
BU19000301,0.15665359532322098,Woningmarkt_Eigendom,entropy,Woningmarkt
BU19000302,0.15702124515210003,Woningmarkt_Eigendom,entropy,Woningmarkt
BU19000308,0.1435135715049417,Woningmarkt_Eigendom,entropy,Woningmarkt
BU19000309,0.132763491609061,Woningmarkt_Eigendom,entropy,Woningmarkt
WK190004,0.16307512948531577,Woningmarkt_Eigendom,entropy,Woningmarkt
BU19000400,0.14000519249823715,Woningmarkt_Eigendom,entropy,Woningmarkt
BU19000401,0.15050041089073848,Woningmarkt_Eigendom,entropy,Woningmarkt
BU19000402,0.12844599928038594,Woningmarkt_Eigendom,entropy,Woningmarkt
BU19000403,0.19407264262497503,Woningmarkt_Eigendom,entropy,Woningmarkt
BU19000408,0.15513240051516441,Woningmarkt_Eigendom,entropy,Woningmarkt
BU19000409,0.14770529582294337,Woningmarkt_Eigendom,entropy,Woningmarkt
WK190005,0.17800074736848523,Woningmarkt_Eigendom,entropy,Woningmarkt
BU19000500,0.12167486901755595,Woningmarkt_Eigendom,entropy,Woningmarkt
BU19000501,0.2608586887534783,Woningmarkt_Eigendom,entropy,Woningmarkt
BU19000502,0.09131197607159257,Woningmarkt_Eigendom,entropy,Woningmarkt
BU19000503,0.13629131068567935,Woningmarkt_Eigendom,entropy,Woningmarkt
WK190006,0.19225241242171204,Woningmarkt_Eigendom,entropy,Woningmarkt
BU19000600,0.20576989582513605,Woningmarkt_Eigendom,entropy,Woningmarkt
BU19000602,0.1721084261966122,Woningmarkt_Eigendom,entropy,Woningmarkt
BU19000603,0.14955077267830427,Woningmarkt_Eigendom,entropy,Woningmarkt
BU19000607,0.17313984006330338,Woningmarkt_Eigendom,entropy,Woningmarkt
BU19000608,0.13020384619117287,Woningmarkt_Eigendom,entropy,Woningmarkt
BU19000609,0.12117435066482313,Woningmarkt_Eigendom,entropy,Woningmarkt
WK190007,0.13737347404586853,Woningmarkt_Eigendom,entropy,Woningmarkt
BU19000700,0.1418859845290235,Woningmarkt_Eigendom,entropy,Woningmarkt
BU19000701,0.09178335666552702,Woningmarkt_Eigendom,entropy,Woningmarkt
BU19000702,0.13320850179095148,Woningmarkt_Eigendom,entropy,Woningmarkt
BU19000706,0.14905272963158783,Woningmarkt_Eigendom,entropy,Woningmarkt
BU19000707,0.16557325958808844,Woningmarkt_Eigendom,entropy,Woningmarkt
BU19000708,0.11839446343322972,Woningmarkt_Eigendom,entropy,Woningmarkt
WK190008,0.155679000148621,Woningmarkt_Eigendom,entropy,Woningmarkt
BU19000800,0.15585365944917856,Woningmarkt_Eigendom,entropy,Woningmarkt
BU19000801,0.1334342617247277,Woningmarkt_Eigendom,entropy,Woningmarkt
BU19000802,0.11599816549426359,Woningmarkt_Eigendom,entropy,Woningmarkt
BU19000804,0.13792210394185098,Woningmarkt_Eigendom,entropy,Woningmarkt
BU19000808,0.1470859160304275,Woningmarkt_Eigendom,entropy,Woningmarkt
BU19000809,0.20900878512205634,Woningmarkt_Eigendom,entropy,Woningmarkt
WK190009,0.17487322890888884,Woningmarkt_Eigendom,entropy,Woningmarkt
BU19000900,0.14848370833395824,Woningmarkt_Eigendom,entropy,Woningmarkt
BU19000901,0.24422379676203,Woningmarkt_Eigendom,entropy,Woningmarkt
BU19000902,0.1391350305676875,Woningmarkt_Eigendom,entropy,Woningmarkt
BU19000903,0.09206817833088306,Woningmarkt_Eigendom,entropy,Woningmarkt
BU19000904,0.09788349070678518,Woningmarkt_Eigendom,entropy,Woningmarkt
BU19000905,0.1084778991809367,Woningmarkt_Eigendom,entropy,Woningmarkt
BU19000906,0.11599816549426359,Woningmarkt_Eigendom,entropy,Woningmarkt
BU19000907,0.1358226686887865,Woningmarkt_Eigendom,entropy,Woningmarkt
BU19000908,0.15711584583444385,Woningmarkt_Eigendom,entropy,Woningmarkt
BU19000909,0.11384332591729071,Woningmarkt_Eigendom,entropy,Woningmarkt
WK190010,0.13044384113651358,Woningmarkt_Eigendom,entropy,Woningmarkt
BU19001000,0.11128729111372958,Woningmarkt_Eigendom,entropy,Woningmarkt
BU19001001,0.1450872987571332,Woningmarkt_Eigendom,entropy,Woningmarkt
BU19001002,0.10690836961525649,Woningmarkt_Eigendom,entropy,Woningmarkt
BU19001003,0.11839446343322972,Woningmarkt_Eigendom,entropy,Woningmarkt
BU19001007,0.12686891050638688,Woningmarkt_Eigendom,entropy,Woningmarkt
BU19001008,0.1260438572527173,Woningmarkt_Eigendom,entropy,Woningmarkt
WK190011,0.1600767983487911,Woningmarkt_Eigendom,entropy,Woningmarkt
BU19001100,0.17233853635026458,Woningmarkt_Eigendom,entropy,Woningmarkt
BU19001101,0.11686215115976459,Woningmarkt_Eigendom,entropy,Woningmarkt
BU19001108,0.15210131323248366,Woningmarkt_Eigendom,entropy,Woningmarkt
BU19001109,0.11599816549426359,Woningmarkt_Eigendom,entropy,Woningmarkt
WK190012,0.1474573874979775,Woningmarkt_Eigendom,entropy,Woningmarkt
BU19001200,0.15192915447276722,Woningmarkt_Eigendom,entropy,Woningmarkt
BU19001201,0.13224322761946067,Woningmarkt_Eigendom,entropy,Woningmarkt
BU19001202,0.12598253232055193,Woningmarkt_Eigendom,entropy,Woningmarkt
BU19001203,0.11839446343322972,Woningmarkt_Eigendom,entropy,Woningmarkt
BU19001204,0.1313446770356957,Woningmarkt_Eigendom,entropy,Woningmarkt
BU19001208,0.11677792461832076,Woningmarkt_Eigendom,entropy,Woningmarkt
BU19001209,0.16326901404811583,Woningmarkt_Eigendom,entropy,Woningmarkt
WK190013,0.16361413917923467,Woningmarkt_Eigendom,entropy,Woningmarkt
BU19001300,0.20830521041684286,Woningmarkt_Eigendom,entropy,Woningmarkt
BU19001301,0.1218338046914281,Woningmarkt_Eigendom,entropy,Woningmarkt
BU19001302,0.1296371598597671,Woningmarkt_Eigendom,entropy,Woningmarkt
BU19001303,0.13944250107435124,Woningmarkt_Eigendom,entropy,Woningmarkt
BU19001306,0.10715532842712759,Woningmarkt_Eigendom,entropy,Woningmarkt
BU19001307,0.112022886214826,Woningmarkt_Eigendom,entropy,Woningmarkt
BU19001308,0.10669042956566704,Woningmarkt_Eigendom,entropy,Woningmarkt
BU19001309,0.15252235111524298,Woningmarkt_Eigendom,entropy,Woningmarkt
WK190014,0.11221460729378183,Woningmarkt_Eigendom,entropy,Woningmarkt
BU19001400,0.12440145862831042,Woningmarkt_Eigendom,entropy,Woningmarkt
BU19001401,0.1209032637403529,Woningmarkt_Eigendom,entropy,Woningmarkt
BU19001402,0.09329485671365204,Woningmarkt_Eigendom,entropy,Woningmarkt
BU19001403,0.12315723849189938,Woningmarkt_Eigendom,entropy,Woningmarkt
BU19001404,0.09596525844189512,Woningmarkt_Eigendom,entropy,Woningmarkt
BU19001405,0.10104151438497144,Woningmarkt_Eigendom,entropy,Woningmarkt
BU19001406,0.09802853945831733,Woningmarkt_Eigendom,entropy,Woningmarkt
BU19001407,0.10486998986320233,Woningmarkt_Eigendom,entropy,Woningmarkt
BU19001408,0.14791623043117955,Woningmarkt_Eigendom,entropy,Woningmarkt
BU19001409,0.12160956146029887,Woningmarkt_Eigendom,entropy,Woningmarkt
WK190015,0.11836789539493756,Woningmarkt_Eigendom,entropy,Woningmarkt
BU19001500,0.12619657444702587,Woningmarkt_Eigendom,entropy,Woningmarkt
BU19001501,0.11958881796475448,Woningmarkt_Eigendom,entropy,Woningmarkt
BU19001502,0.12006642454599328,Woningmarkt_Eigendom,entropy,Woningmarkt
BU19001503,0.14219339411745469,Woningmarkt_Eigendom,entropy,Woningmarkt
BU19001509,0.07073835173424722,Woningmarkt_Eigendom,entropy,Woningmarkt
WK190016,0.11556957024816066,Woningmarkt_Eigendom,entropy,Woningmarkt
BU19001600,0.10408958131079801,Woningmarkt_Eigendom,entropy,Woningmarkt
BU19001601,0.1155153252898315,Woningmarkt_Eigendom,entropy,Woningmarkt
BU19001602,0.12239796526298993,Woningmarkt_Eigendom,entropy,Woningmarkt
BU19001603,0.09575735106964234,Woningmarkt_Eigendom,entropy,Woningmarkt
BU19001604,0.13009630290827562,Woningmarkt_Eigendom,entropy,Woningmarkt
BU19001606,0.1199666926615397,Woningmarkt_Eigendom,entropy,Woningmarkt
BU19001607,0.14430448160003173,Woningmarkt_Eigendom,entropy,Woningmarkt
BU19001608,0.11917578256644967,Woningmarkt_Eigendom,entropy,Woningmarkt
WK190017,0.20235316514846813,Woningmarkt_Eigendom,entropy,Woningmarkt
BU19001700,0.20470380507091296,Woningmarkt_Eigendom,entropy,Woningmarkt
BU19001709,0.14689377983983118,Woningmarkt_Eigendom,entropy,Woningmarkt
WK190018,0.11991554147827042,Woningmarkt_Eigendom,entropy,Woningmarkt
BU19001800,0.13731084772979055,Woningmarkt_Eigendom,entropy,Woningmarkt
BU19001801,0.12208651931625127,Woningmarkt_Eigendom,entropy,Woningmarkt
BU19001802,0.11885932403491306,Woningmarkt_Eigendom,entropy,Woningmarkt
BU19001803,0.11180752351997633,Woningmarkt_Eigendom,entropy,Woningmarkt
BU19001804,0.10434822475467956,Woningmarkt_Eigendom,entropy,Woningmarkt
BU19001808,0.15662432269160065,Woningmarkt_Eigendom,entropy,Woningmarkt
BU19001809,0.12117435066482313,Woningmarkt_Eigendom,entropy,Woningmarkt
WK190019,0.1314992517971168,Woningmarkt_Eigendom,entropy,Woningmarkt
BU19001900,0.11759874885516242,Woningmarkt_Eigendom,entropy,Woningmarkt
BU19001901,0.14424171748217876,Woningmarkt_Eigendom,entropy,Woningmarkt
BU19001902,0.13017818223120578,Woningmarkt_Eigendom,entropy,Woningmarkt
BU19001903,0.14593521715712415,Woningmarkt_Eigendom,entropy,Woningmarkt
BU19001904,0.10910463058782749,Woningmarkt_Eigendom,entropy,Woningmarkt
WK190020,0.1765764500359697,Woningmarkt_Eigendom,entropy,Woningmarkt
BU19002001,0.24081768262438188,Woningmarkt_Eigendom,entropy,Woningmarkt
BU19002002,0.13580501324781363,Woningmarkt_Eigendom,entropy,Woningmarkt
BU19002003,0.12859443961030986,Woningmarkt_Eigendom,entropy,Woningmarkt
BU19002004,0.14184872284585398,Woningmarkt_Eigendom,entropy,Woningmarkt
BU19002005,0.08397472565947978,Woningmarkt_Eigendom,entropy,Woningmarkt
BU19002006,0.1745805475018703,Woningmarkt_Eigendom,entropy,Woningmarkt
BU19002007,0.10408863247020514,Woningmarkt_Eigendom,entropy,Woningmarkt
BU19002008,0.11327577376733708,Woningmarkt_Eigendom,entropy,Woningmarkt
BU19002009,0.1571936848536958,Woningmarkt_Eigendom,entropy,Woningmarkt
BU19002010,0.14142287542401177,Woningmarkt_Eigendom,entropy,Woningmarkt
BU19002011,0.14076333407955588,Woningmarkt_Eigendom,entropy,Woningmarkt
BU19002012,0.10944986813610526,Woningmarkt_Eigendom,entropy,Woningmarkt
BU19002013,0.114901986098447,Woningmarkt_Eigendom,entropy,Woningmarkt
BU19002014,0.12404334035414807,Woningmarkt_Eigendom,entropy,Woningmarkt
BU19002015,0.11138996915175275,Woningmarkt_Eigendom,entropy,Woningmarkt
BU19002016,0.13055725302186513,Woningmarkt_Eigendom,entropy,Woningmarkt
BU19002017,0.1324152274613012,Woningmarkt_Eigendom,entropy,Woningmarkt
BU19002018,0.13432830508355456,Woningmarkt_Eigendom,entropy,Woningmarkt
BU19002019,0.1041082103418939,Woningmarkt_Eigendom,entropy,Woningmarkt
GM0093,0.24813505374049624,Woningmarkt_Eigendom,entropy,Woningmarkt
WK009300,0.2559915629687328,Woningmarkt_Eigendom,entropy,Woningmarkt
BU00930000,0.25376778262789484,Woningmarkt_Eigendom,entropy,Woningmarkt
BU00930002,0.3528133640517136,Woningmarkt_Eigendom,entropy,Woningmarkt
WK009301,0.25173985066481785,Woningmarkt_Eigendom,entropy,Woningmarkt
BU00930110,0.2568100399870608,Woningmarkt_Eigendom,entropy,Woningmarkt
BU00930111,0.22836221280910657,Woningmarkt_Eigendom,entropy,Woningmarkt
BU00930112,0.13362992110612035,Woningmarkt_Eigendom,entropy,Woningmarkt
WK009302,0.23772734012158458,Woningmarkt_Eigendom,entropy,Woningmarkt
BU00930213,0.23057444376996092,Woningmarkt_Eigendom,entropy,Woningmarkt
BU00930214,0.24761340231930432,Woningmarkt_Eigendom,entropy,Woningmarkt
BU00930215,0.14219339411745469,Woningmarkt_Eigendom,entropy,Woningmarkt
WK009303,0.16720860950965072,Woningmarkt_Eigendom,entropy,Woningmarkt
BU00930316,0.16387917605145996,Woningmarkt_Eigendom,entropy,Woningmarkt
BU00930317,0.14219339411745469,Woningmarkt_Eigendom,entropy,Woningmarkt
WK009304,0.2152885812477785,Woningmarkt_Eigendom,entropy,Woningmarkt
BU00930418,0.12425889347121648,Woningmarkt_Eigendom,entropy,Woningmarkt
BU00930419,0.21633648283207627,Woningmarkt_Eigendom,entropy,Woningmarkt
BU00930420,0.19085290524399345,Woningmarkt_Eigendom,entropy,Woningmarkt
WK009305,0.2869260780075924,Woningmarkt_Eigendom,entropy,Woningmarkt
BU00930521,0.28262315096580815,Woningmarkt_Eigendom,entropy,Woningmarkt
BU00930522,0.14219339411745469,Woningmarkt_Eigendom,entropy,Woningmarkt
BU00930523,0.1631564054425665,Woningmarkt_Eigendom,entropy,Woningmarkt
GM0737,0.19386910299899676,Woningmarkt_Eigendom,entropy,Woningmarkt
WK073700,0.24013688733911934,Woningmarkt_Eigendom,entropy,Woningmarkt
BU07370000,0.24584234815810427,Woningmarkt_Eigendom,entropy,Woningmarkt
BU07370009,0.12084778193899046,Woningmarkt_Eigendom,entropy,Woningmarkt
WK073701,0.23212813109092653,Woningmarkt_Eigendom,entropy,Woningmarkt
BU07370100,0.17298256356723676,Woningmarkt_Eigendom,entropy,Woningmarkt
BU07370101,0.2526646358029411,Woningmarkt_Eigendom,entropy,Woningmarkt
BU07370102,0.15268285043965873,Woningmarkt_Eigendom,entropy,Woningmarkt
BU07370108,0.13650911548324196,Woningmarkt_Eigendom,entropy,Woningmarkt
BU07370109,0.43188682387907756,Woningmarkt_Eigendom,entropy,Woningmarkt
WK073702,0.16398964964145962,Woningmarkt_Eigendom,entropy,Woningmarkt
BU07370200,0.16605307271572053,Woningmarkt_Eigendom,entropy,Woningmarkt
BU07370201,0.16679643270513483,Woningmarkt_Eigendom,entropy,Woningmarkt
BU07370208,0.11701736713873134,Woningmarkt_Eigendom,entropy,Woningmarkt
BU07370209,0.12467124483242337,Woningmarkt_Eigendom,entropy,Woningmarkt
WK073703,0.1415623375299543,Woningmarkt_Eigendom,entropy,Woningmarkt
BU07370300,0.145010432019001,Woningmarkt_Eigendom,entropy,Woningmarkt
BU07370309,0.11674200367260046,Woningmarkt_Eigendom,entropy,Woningmarkt
WK073704,0.1074651533674601,Woningmarkt_Eigendom,entropy,Woningmarkt
BU07370400,0.08438971018070433,Woningmarkt_Eigendom,entropy,Woningmarkt
BU07370401,0.12320262022258123,Woningmarkt_Eigendom,entropy,Woningmarkt
BU07370408,0.20163211571365575,Woningmarkt_Eigendom,entropy,Woningmarkt
BU07370409,0.1410797926110925,Woningmarkt_Eigendom,entropy,Woningmarkt
WK073705,0.1540202656653377,Woningmarkt_Eigendom,entropy,Woningmarkt
BU07370500,0.16022879900714945,Woningmarkt_Eigendom,entropy,Woningmarkt
BU07370501,0.15796433871254628,Woningmarkt_Eigendom,entropy,Woningmarkt
BU07370508,0.1386460137172433,Woningmarkt_Eigendom,entropy,Woningmarkt
BU07370509,0.13125700414573394,Woningmarkt_Eigendom,entropy,Woningmarkt
WK073706,0.16435059481679382,Woningmarkt_Eigendom,entropy,Woningmarkt
BU07370600,0.18073641950698027,Woningmarkt_Eigendom,entropy,Woningmarkt
BU07370609,0.12478109638934053,Woningmarkt_Eigendom,entropy,Woningmarkt
WK073707,0.16964932341901373,Woningmarkt_Eigendom,entropy,Woningmarkt
BU07370700,0.17816156730167385,Woningmarkt_Eigendom,entropy,Woningmarkt
BU07370701,0.17800445955564986,Woningmarkt_Eigendom,entropy,Woningmarkt
BU07370708,0.12131017450805204,Woningmarkt_Eigendom,entropy,Woningmarkt
BU07370709,0.17302026705425072,Woningmarkt_Eigendom,entropy,Woningmarkt
WK073708,0.17229310086587415,Woningmarkt_Eigendom,entropy,Woningmarkt
BU07370800,0.1749293692364292,Woningmarkt_Eigendom,entropy,Woningmarkt
BU07370809,0.16003498674743516,Woningmarkt_Eigendom,entropy,Woningmarkt
WK073709,0.1724599033718297,Woningmarkt_Eigendom,entropy,Woningmarkt
BU07370900,0.1703565911269287,Woningmarkt_Eigendom,entropy,Woningmarkt
BU07370909,0.1216241267471897,Woningmarkt_Eigendom,entropy,Woningmarkt
GM0096,0.33517344464549387,Woningmarkt_Eigendom,entropy,Woningmarkt
WK009600,0.33517344464549387,Woningmarkt_Eigendom,entropy,Woningmarkt
BU00960000,0.3347535895973101,Woningmarkt_Eigendom,entropy,Woningmarkt
BU00960009,0.2334409977425427,Woningmarkt_Eigendom,entropy,Woningmarkt
GM1949,0.19569544057225222,Woningmarkt_Eigendom,entropy,Woningmarkt
WK194915,0.1390138365522287,Woningmarkt_Eigendom,entropy,Woningmarkt
BU19491500,0.17301579889098,Woningmarkt_Eigendom,entropy,Woningmarkt
BU19491501,0.1380903518117389,Woningmarkt_Eigendom,entropy,Woningmarkt
WK194916,0.2569053262570872,Woningmarkt_Eigendom,entropy,Woningmarkt
BU19491600,0.11672242580091172,Woningmarkt_Eigendom,entropy,Woningmarkt
BU19491601,0.1539544305778658,Woningmarkt_Eigendom,entropy,Woningmarkt
BU19491602,0.3951464505201806,Woningmarkt_Eigendom,entropy,Woningmarkt
BU19491603,0.11949156893217298,Woningmarkt_Eigendom,entropy,Woningmarkt
BU19491604,0.23528911434455166,Woningmarkt_Eigendom,entropy,Woningmarkt
BU19491605,0.28902077080868427,Woningmarkt_Eigendom,entropy,Woningmarkt
BU19491606,0.12310829383587474,Woningmarkt_Eigendom,entropy,Woningmarkt
WK194917,0.09405663623496047,Woningmarkt_Eigendom,entropy,Woningmarkt
BU19491700,0.09405663623496047,Woningmarkt_Eigendom,entropy,Woningmarkt
WK194918,0.1698602072580178,Woningmarkt_Eigendom,entropy,Woningmarkt
BU19491800,0.09938909288411943,Woningmarkt_Eigendom,entropy,Woningmarkt
BU19491801,0.1693195999982196,Woningmarkt_Eigendom,entropy,Woningmarkt
BU19491802,0.17584061643149307,Woningmarkt_Eigendom,entropy,Woningmarkt
BU19491803,0.12310829383587474,Woningmarkt_Eigendom,entropy,Woningmarkt
BU19491804,0.11989948538089462,Woningmarkt_Eigendom,entropy,Woningmarkt
WK194919,0.13864227483787478,Woningmarkt_Eigendom,entropy,Woningmarkt
BU19491900,0.11430822477875127,Woningmarkt_Eigendom,entropy,Woningmarkt
BU19491901,0.14025847180028028,Woningmarkt_Eigendom,entropy,Woningmarkt
WK194920,0.13262522601431243,Woningmarkt_Eigendom,entropy,Woningmarkt
BU19492000,0.11947266322629754,Woningmarkt_Eigendom,entropy,Woningmarkt
BU19492001,0.1403446106789628,Woningmarkt_Eigendom,entropy,Woningmarkt
WK194921,0.22949398059333384,Woningmarkt_Eigendom,entropy,Woningmarkt
BU19492100,0.22949398059333384,Woningmarkt_Eigendom,entropy,Woningmarkt
WK194922,0.1125236677622296,Woningmarkt_Eigendom,entropy,Woningmarkt
BU19492200,0.14219339411745469,Woningmarkt_Eigendom,entropy,Woningmarkt
WK194923,0.153073548221857,Woningmarkt_Eigendom,entropy,Woningmarkt
BU19492300,0.14219339411745469,Woningmarkt_Eigendom,entropy,Woningmarkt
BU19492301,0.15655522870000402,Woningmarkt_Eigendom,entropy,Woningmarkt
WK194924,0.11733058365745563,Woningmarkt_Eigendom,entropy,Woningmarkt
BU19492400,0.12771585662525808,Woningmarkt_Eigendom,entropy,Woningmarkt
BU19492401,0.11800297477952847,Woningmarkt_Eigendom,entropy,Woningmarkt
WK194925,0.1720112556672694,Woningmarkt_Eigendom,entropy,Woningmarkt
BU19492500,0.1739453154452842,Woningmarkt_Eigendom,entropy,Woningmarkt
BU19492501,0.17344556836848934,Woningmarkt_Eigendom,entropy,Woningmarkt
WK194926,0.16837314580764923,Woningmarkt_Eigendom,entropy,Woningmarkt
BU19492600,0.17567585713400513,Woningmarkt_Eigendom,entropy,Woningmarkt
BU19492601,0.1451074506896136,Woningmarkt_Eigendom,entropy,Woningmarkt
BU19492602,0.2586525540527218,Woningmarkt_Eigendom,entropy,Woningmarkt
BU19492603,0.08555238760258707,Woningmarkt_Eigendom,entropy,Woningmarkt
BU19492604,0.1208155136561557,Woningmarkt_Eigendom,entropy,Woningmarkt
WK194927,0.14963192566439276,Woningmarkt_Eigendom,entropy,Woningmarkt
BU19492700,0.14963192566439276,Woningmarkt_Eigendom,entropy,Woningmarkt
WK194928,0.23477660051381208,Woningmarkt_Eigendom,entropy,Woningmarkt
BU19492800,0.11947266322629754,Woningmarkt_Eigendom,entropy,Woningmarkt
BU19492801,0.1119809133711682,Woningmarkt_Eigendom,entropy,Woningmarkt
BU19492802,0.42587760810497377,Woningmarkt_Eigendom,entropy,Woningmarkt
BU19492803,0.1743454238717366,Woningmarkt_Eigendom,entropy,Woningmarkt
BU19492804,0.29121760625936677,Woningmarkt_Eigendom,entropy,Woningmarkt
BU19492805,0.09585749806573643,Woningmarkt_Eigendom,entropy,Woningmarkt
BU19492806,0.12021353165490274,Woningmarkt_Eigendom,entropy,Woningmarkt
BU19492807,0.11675979428834801,Woningmarkt_Eigendom,entropy,Woningmarkt
BU19492808,0.2021059567233221,Woningmarkt_Eigendom,entropy,Woningmarkt
BU19492809,0.2354913307674557,Woningmarkt_Eigendom,entropy,Woningmarkt
BU19492810,0.338660832964302,Woningmarkt_Eigendom,entropy,Woningmarkt
BU19492811,0.33332250952533077,Woningmarkt_Eigendom,entropy,Woningmarkt
BU19492812,0.09320603299163643,Woningmarkt_Eigendom,entropy,Woningmarkt
BU19492813,0.20936856257402425,Woningmarkt_Eigendom,entropy,Woningmarkt
BU19492814,0.17751621557262415,Woningmarkt_Eigendom,entropy,Woningmarkt
BU19492815,0.06938281089324305,Woningmarkt_Eigendom,entropy,Woningmarkt
BU19492816,0.10562262950090766,Woningmarkt_Eigendom,entropy,Woningmarkt
BU19492817,0.07486370787232595,Woningmarkt_Eigendom,entropy,Woningmarkt
WK194929,0.1689948891622235,Woningmarkt_Eigendom,entropy,Woningmarkt
BU19492900,0.1689948891622235,Woningmarkt_Eigendom,entropy,Woningmarkt
WK194930,0.17067148600792167,Woningmarkt_Eigendom,entropy,Woningmarkt
BU19493000,0.17067148600792167,Woningmarkt_Eigendom,entropy,Woningmarkt
WK194931,0.07227661812159358,Woningmarkt_Eigendom,entropy,Woningmarkt
BU19493100,0.14219339411745469,Woningmarkt_Eigendom,entropy,Woningmarkt
BU19493101,0.06545418841891809,Woningmarkt_Eigendom,entropy,Woningmarkt
WK194932,0.17255083558323603,Woningmarkt_Eigendom,entropy,Woningmarkt
BU19493200,0.11778108598206802,Woningmarkt_Eigendom,entropy,Woningmarkt
BU19493201,0.22626367826660113,Woningmarkt_Eigendom,entropy,Woningmarkt
BU19493202,0.16335057145468532,Woningmarkt_Eigendom,entropy,Woningmarkt
WK194933,0.11402536988753717,Woningmarkt_Eigendom,entropy,Woningmarkt
BU19493300,0.14219339411745469,Woningmarkt_Eigendom,entropy,Woningmarkt
WK194934,0.16425814295568,Woningmarkt_Eigendom,entropy,Woningmarkt
BU19493400,0.13133271254407153,Woningmarkt_Eigendom,entropy,Woningmarkt
BU19493401,0.16861645729595903,Woningmarkt_Eigendom,entropy,Woningmarkt
WK194935,0.21109547907070744,Woningmarkt_Eigendom,entropy,Woningmarkt
BU19493500,0.11672242580091172,Woningmarkt_Eigendom,entropy,Woningmarkt
BU19493501,0.12763826376272516,Woningmarkt_Eigendom,entropy,Woningmarkt
BU19493502,0.2635393789042276,Woningmarkt_Eigendom,entropy,Woningmarkt
BU19493503,0.13541874418873015,Woningmarkt_Eigendom,entropy,Woningmarkt
WK194936,0.16995535147020538,Woningmarkt_Eigendom,entropy,Woningmarkt
BU19493600,0.11523300991687443,Woningmarkt_Eigendom,entropy,Woningmarkt
BU19493601,0.11989948538089462,Woningmarkt_Eigendom,entropy,Woningmarkt
BU19493602,0.13598379004628483,Woningmarkt_Eigendom,entropy,Woningmarkt
BU19493603,0.20362191218676584,Woningmarkt_Eigendom,entropy,Woningmarkt
WK194937,0.12133296540719846,Woningmarkt_Eigendom,entropy,Woningmarkt
BU19493700,0.12133296540719846,Woningmarkt_Eigendom,entropy,Woningmarkt
WK194938,0.15425031226438998,Woningmarkt_Eigendom,entropy,Woningmarkt
BU19493800,0.12432064314230719,Woningmarkt_Eigendom,entropy,Woningmarkt
BU19493801,0.1610253974738285,Woningmarkt_Eigendom,entropy,Woningmarkt
WK194939,0.12818503235110323,Woningmarkt_Eigendom,entropy,Woningmarkt
BU19493900,0.10683886989559097,Woningmarkt_Eigendom,entropy,Woningmarkt
BU19493901,0.13711727333978588,Woningmarkt_Eigendom,entropy,Woningmarkt
WK194940,0.1298159366582383,Woningmarkt_Eigendom,entropy,Woningmarkt
BU19494000,0.1298159366582383,Woningmarkt_Eigendom,entropy,Woningmarkt
WK194941,0.13743139432896614,Woningmarkt_Eigendom,entropy,Woningmarkt
BU19494100,0.13743139432896614,Woningmarkt_Eigendom,entropy,Woningmarkt
WK194942,0.15415252950285616,Woningmarkt_Eigendom,entropy,Woningmarkt
BU19494200,0.14069419828454607,Woningmarkt_Eigendom,entropy,Woningmarkt
BU19494201,0.15334015596775769,Woningmarkt_Eigendom,entropy,Woningmarkt
WK194943,0.13591017282870566,Woningmarkt_Eigendom,entropy,Woningmarkt
BU19494300,0.13591017282870566,Woningmarkt_Eigendom,entropy,Woningmarkt
WK194944,0.21520910433080798,Woningmarkt_Eigendom,entropy,Woningmarkt
BU19494400,0.14580846277095985,Woningmarkt_Eigendom,entropy,Woningmarkt
BU19494401,0.2266201680266166,Woningmarkt_Eigendom,entropy,Woningmarkt
BU19494402,0.11996168007674174,Woningmarkt_Eigendom,entropy,Woningmarkt
BU19494403,0.11839446343322972,Woningmarkt_Eigendom,entropy,Woningmarkt
WK194945,0.11049932717220914,Woningmarkt_Eigendom,entropy,Woningmarkt
BU19494500,0.11049932717220914,Woningmarkt_Eigendom,entropy,Woningmarkt
WK194946,0.1041082103418939,Woningmarkt_Eigendom,entropy,Woningmarkt
BU19494600,0.1041082103418939,Woningmarkt_Eigendom,entropy,Woningmarkt
WK194947,0.13623163414414874,Woningmarkt_Eigendom,entropy,Woningmarkt
BU19494700,0.13810414791209744,Woningmarkt_Eigendom,entropy,Woningmarkt
BU19494701,0.13690402526622156,Woningmarkt_Eigendom,entropy,Woningmarkt
WK194948,0.21681996059190195,Woningmarkt_Eigendom,entropy,Woningmarkt
BU19494800,0.11460510543859914,Woningmarkt_Eigendom,entropy,Woningmarkt
BU19494801,0.23238495383009167,Woningmarkt_Eigendom,entropy,Woningmarkt
WK194949,0.1815983460243828,Woningmarkt_Eigendom,entropy,Woningmarkt
BU19494900,0.13877487617547848,Woningmarkt_Eigendom,entropy,Woningmarkt
BU19494901,0.15107182542852216,Woningmarkt_Eigendom,entropy,Woningmarkt
BU19494902,0.22279447189458645,Woningmarkt_Eigendom,entropy,Woningmarkt
WK194950,0.17344454102465784,Woningmarkt_Eigendom,entropy,Woningmarkt
BU19495000,0.1179491041836807,Woningmarkt_Eigendom,entropy,Woningmarkt
BU19495001,0.18497607281640338,Woningmarkt_Eigendom,entropy,Woningmarkt
WK194951,0.11079620783205701,Woningmarkt_Eigendom,entropy,Woningmarkt
BU19495100,0.11079620783205701,Woningmarkt_Eigendom,entropy,Woningmarkt
WK194952,0.14366564977485533,Woningmarkt_Eigendom,entropy,Woningmarkt
BU19495200,0.14366564977485533,Woningmarkt_Eigendom,entropy,Woningmarkt
WK194953,0.1620794064281188,Woningmarkt_Eigendom,entropy,Woningmarkt
BU19495300,0.12404334035414807,Woningmarkt_Eigendom,entropy,Woningmarkt
BU19495301,0.16126182449667512,Woningmarkt_Eigendom,entropy,Woningmarkt
BU19495302,0.11989948538089462,Woningmarkt_Eigendom,entropy,Woningmarkt
WK194954,0.12212113264918312,Woningmarkt_Eigendom,entropy,Woningmarkt
BU19495400,0.11718732466237226,Woningmarkt_Eigendom,entropy,Woningmarkt
BU19495401,0.12103213599947957,Woningmarkt_Eigendom,entropy,Woningmarkt
WK194955,0.11010067850986104,Woningmarkt_Eigendom,entropy,Woningmarkt
BU19495500,0.11010067850986104,Woningmarkt_Eigendom,entropy,Woningmarkt
GM0098,0.21795330182756428,Woningmarkt_Eigendom,entropy,Woningmarkt
WK009800,0.26148806237942956,Woningmarkt_Eigendom,entropy,Woningmarkt
BU00980001,0.12021353165490274,Woningmarkt_Eigendom,entropy,Woningmarkt
BU00980002,0.2196395552617947,Woningmarkt_Eigendom,entropy,Woningmarkt
BU00980003,0.13958787043465623,Woningmarkt_Eigendom,entropy,Woningmarkt
BU00980004,0.21426327217332009,Woningmarkt_Eigendom,entropy,Woningmarkt
BU00980005,0.23024398565314771,Woningmarkt_Eigendom,entropy,Woningmarkt
BU00980006,0.2419453316016923,Woningmarkt_Eigendom,entropy,Woningmarkt
BU00980007,0.19185573632281056,Woningmarkt_Eigendom,entropy,Woningmarkt
BU00980008,0.28093849184578,Woningmarkt_Eigendom,entropy,Woningmarkt
BU00980009,0.1988714309166126,Woningmarkt_Eigendom,entropy,Woningmarkt
BU00980010,0.25773017132055825,Woningmarkt_Eigendom,entropy,Woningmarkt
BU00980011,0.180443815711517,Woningmarkt_Eigendom,entropy,Woningmarkt
BU00980012,0.3360787868793461,Woningmarkt_Eigendom,entropy,Woningmarkt
BU00980013,0.28587476668483397,Woningmarkt_Eigendom,entropy,Woningmarkt
BU00980014,0.5006638857570791,Woningmarkt_Eigendom,entropy,Woningmarkt
BU00980015,0.4035878861707268,Woningmarkt_Eigendom,entropy,Woningmarkt
BU00980016,0.39599074828881403,Woningmarkt_Eigendom,entropy,Woningmarkt
BU00980017,0.0896755890053073,Woningmarkt_Eigendom,entropy,Woningmarkt
BU00980018,0.5905432517483058,Woningmarkt_Eigendom,entropy,Woningmarkt
BU00980019,0.10924301905595162,Woningmarkt_Eigendom,entropy,Woningmarkt
BU00980020,0.09118458276103333,Woningmarkt_Eigendom,entropy,Woningmarkt
BU00980021,0.2270042555454343,Woningmarkt_Eigendom,entropy,Woningmarkt
WK009801,0.12214807753933857,Woningmarkt_Eigendom,entropy,Woningmarkt
BU00980101,0.10715532842712759,Woningmarkt_Eigendom,entropy,Woningmarkt
BU00980102,0.13776492443979255,Woningmarkt_Eigendom,entropy,Woningmarkt
BU00980103,0.12403137586252393,Woningmarkt_Eigendom,entropy,Woningmarkt
BU00980104,0.11674200367260046,Woningmarkt_Eigendom,entropy,Woningmarkt
WK009802,0.13628835833337222,Woningmarkt_Eigendom,entropy,Woningmarkt
BU00980201,0.11736990815087575,Woningmarkt_Eigendom,entropy,Woningmarkt
BU00980202,0.15141498248861635,Woningmarkt_Eigendom,entropy,Woningmarkt
WK009803,0.1270746872577253,Woningmarkt_Eigendom,entropy,Woningmarkt
BU00980301,0.1280935527711092,Woningmarkt_Eigendom,entropy,Woningmarkt
BU00980302,0.12023444274760596,Woningmarkt_Eigendom,entropy,Woningmarkt
BU00980303,0.1103941675913171,Woningmarkt_Eigendom,entropy,Woningmarkt
BU00980304,0.13392689625946885,Woningmarkt_Eigendom,entropy,Woningmarkt
BU00980305,0.1418877742854723,Woningmarkt_Eigendom,entropy,Woningmarkt
WK009804,0.1320736137960579,Woningmarkt_Eigendom,entropy,Woningmarkt
BU00980401,0.13659437658367243,Woningmarkt_Eigendom,entropy,Woningmarkt
BU00980402,0.13240958664468322,Woningmarkt_Eigendom,entropy,Woningmarkt
BU00980403,0.11932422289637361,Woningmarkt_Eigendom,entropy,Woningmarkt
WK009805,0.11735283657158599,Woningmarkt_Eigendom,entropy,Woningmarkt
BU00980501,0.12205488245007068,Woningmarkt_Eigendom,entropy,Woningmarkt
BU00980502,0.11188901117179287,Woningmarkt_Eigendom,entropy,Woningmarkt
WK009806,0.1204760781667978,Woningmarkt_Eigendom,entropy,Woningmarkt
BU00980601,0.1252580542452929,Woningmarkt_Eigendom,entropy,Woningmarkt
BU00980602,0.12039995465681969,Woningmarkt_Eigendom,entropy,Woningmarkt
WK009807,0.151189044003906,Woningmarkt_Eigendom,entropy,Woningmarkt
BU00980701,0.1545052125728393,Woningmarkt_Eigendom,entropy,Woningmarkt
BU00980702,0.11768386039001341,Woningmarkt_Eigendom,entropy,Woningmarkt
WK009808,0.13343885919788512,Woningmarkt_Eigendom,entropy,Woningmarkt
BU00980801,0.15083519279323676,Woningmarkt_Eigendom,entropy,Woningmarkt
BU00980802,0.1065419892357431,Woningmarkt_Eigendom,entropy,Woningmarkt
WK009809,0.12991770466073851,Woningmarkt_Eigendom,entropy,Woningmarkt
BU00980901,0.15335967028484637,Woningmarkt_Eigendom,entropy,Woningmarkt
BU00980902,0.1264771192479973,Woningmarkt_Eigendom,entropy,Woningmarkt
BU00980903,0.11430822477875127,Woningmarkt_Eigendom,entropy,Woningmarkt
WK009810,0.253281103319807,Woningmarkt_Eigendom,entropy,Woningmarkt
BU00981001,0.31183671621383324,Woningmarkt_Eigendom,entropy,Woningmarkt
BU00981002,0.16766144937661945,Woningmarkt_Eigendom,entropy,Woningmarkt
BU00981003,0.34407084848849023,Woningmarkt_Eigendom,entropy,Woningmarkt
BU00981004,0.30120499465574235,Woningmarkt_Eigendom,entropy,Woningmarkt
BU00981005,0.2975968710166323,Woningmarkt_Eigendom,entropy,Woningmarkt
BU00981006,0.12029326138737237,Woningmarkt_Eigendom,entropy,Woningmarkt
BU00981007,0.16745697302291435,Woningmarkt_Eigendom,entropy,Woningmarkt
BU00981008,0.1183014764457825,Woningmarkt_Eigendom,entropy,Woningmarkt
BU00981009,0.10990305956011442,Woningmarkt_Eigendom,entropy,Woningmarkt
WK009811,0.11241635354233356,Woningmarkt_Eigendom,entropy,Woningmarkt
BU00981101,0.12260398837592626,Woningmarkt_Eigendom,entropy,Woningmarkt
BU00981102,0.10213933030950524,Woningmarkt_Eigendom,entropy,Woningmarkt
WK009812,0.185424220707347,Woningmarkt_Eigendom,entropy,Woningmarkt
BU00981201,0.185424220707347,Woningmarkt_Eigendom,entropy,Woningmarkt
WK009813,0.14910325620401482,Woningmarkt_Eigendom,entropy,Woningmarkt
BU00981301,0.1720173222881028,Woningmarkt_Eigendom,entropy,Woningmarkt
BU00981302,0.11841400304514127,Woningmarkt_Eigendom,entropy,Woningmarkt
WK009814,0.13388960788409537,Woningmarkt_Eigendom,entropy,Woningmarkt
BU00981401,0.15245681745208073,Woningmarkt_Eigendom,entropy,Woningmarkt
BU00981402,0.11675656895949127,Woningmarkt_Eigendom,entropy,Woningmarkt
WK009815,0.14163626555541478,Woningmarkt_Eigendom,entropy,Woningmarkt
BU00981501,0.1373517104905536,Woningmarkt_Eigendom,entropy,Woningmarkt
BU00981502,0.1435135715049417,Woningmarkt_Eigendom,entropy,Woningmarkt
GM0059,0.13225795933763848,Woningmarkt_Eigendom,weighted_mean,Woningmarkt
WK005900,0.146676886840132,Woningmarkt_Eigendom,weighted_mean,Woningmarkt
BU00590000,0.15625417700938316,Woningmarkt_Eigendom,weighted_mean,Woningmarkt
BU00590001,0.1445981534469699,Woningmarkt_Eigendom,weighted_mean,Woningmarkt
BU00590002,0.19343163536222713,Woningmarkt_Eigendom,weighted_mean,Woningmarkt
BU00590003,0.2082259158866004,Woningmarkt_Eigendom,weighted_mean,Woningmarkt
BU00590004,0.10488039413887033,Woningmarkt_Eigendom,weighted_mean,Woningmarkt
BU00590005,0.06351019277430503,Woningmarkt_Eigendom,weighted_mean,Woningmarkt
BU00590006,-0.15311867713073826,Woningmarkt_Eigendom,weighted_mean,Woningmarkt
BU00590007,-0.1308956477139015,Woningmarkt_Eigendom,weighted_mean,Woningmarkt
BU00590008,-0.08098429541554371,Woningmarkt_Eigendom,weighted_mean,Woningmarkt
BU00590009,-0.10902662901085886,Woningmarkt_Eigendom,weighted_mean,Woningmarkt
WK005901,0.024786025320237284,Woningmarkt_Eigendom,weighted_mean,Woningmarkt
BU00590100,-0.07403611608142424,Woningmarkt_Eigendom,weighted_mean,Woningmarkt
BU00590102,0.03701532682100749,Woningmarkt_Eigendom,weighted_mean,Woningmarkt
BU00590103,0.05510078154282245,Woningmarkt_Eigendom,weighted_mean,Woningmarkt
BU00590107,-0.07211348554345055,Woningmarkt_Eigendom,weighted_mean,Woningmarkt
BU00590108,-0.10355982195591383,Woningmarkt_Eigendom,weighted_mean,Woningmarkt
BU00590109,-0.10962848872659225,Woningmarkt_Eigendom,weighted_mean,Woningmarkt
WK005902,0.14622418203216486,Woningmarkt_Eigendom,weighted_mean,Woningmarkt
BU00590200,0.18689579313813848,Woningmarkt_Eigendom,weighted_mean,Woningmarkt
BU00590201,0.14559177698774056,Woningmarkt_Eigendom,weighted_mean,Woningmarkt
BU00590202,0.03847957541659426,Woningmarkt_Eigendom,weighted_mean,Woningmarkt
BU00590203,0.12483299616649055,Woningmarkt_Eigendom,weighted_mean,Woningmarkt
BU00590206,0.2138791768529318,Woningmarkt_Eigendom,weighted_mean,Woningmarkt
BU00590207,-0.022811169056639408,Woningmarkt_Eigendom,weighted_mean,Woningmarkt
BU00590208,-0.12329640160558612,Woningmarkt_Eigendom,weighted_mean,Woningmarkt
BU00590209,-0.010767317064956691,Woningmarkt_Eigendom,weighted_mean,Woningmarkt
GM0060,-0.0151948584916447,Woningmarkt_Eigendom,weighted_mean,Woningmarkt
WK006000,-0.0151948584916447,Woningmarkt_Eigendom,weighted_mean,Woningmarkt
BU00600000,0.0002641628891060649,Woningmarkt_Eigendom,weighted_mean,Woningmarkt
BU00600001,-0.0734038927611037,Woningmarkt_Eigendom,weighted_mean,Woningmarkt
BU00600002,0.0042148612518573755,Woningmarkt_Eigendom,weighted_mean,Woningmarkt
BU00600003,0.003853615215341579,Woningmarkt_Eigendom,weighted_mean,Woningmarkt
BU00600007,-0.12499467959304755,Woningmarkt_Eigendom,weighted_mean,Woningmarkt
BU00600008,-0.16588567223083117,Woningmarkt_Eigendom,weighted_mean,Woningmarkt
BU00600009,0.06266837303287581,Woningmarkt_Eigendom,weighted_mean,Woningmarkt
GM1891,0.15965148123194112,Woningmarkt_Eigendom,weighted_mean,Woningmarkt
WK189100,0.11718873408404101,Woningmarkt_Eigendom,weighted_mean,Woningmarkt
BU18910000,0.13950521751038253,Woningmarkt_Eigendom,weighted_mean,Woningmarkt
BU18910001,0.07033559590094385,Woningmarkt_Eigendom,weighted_mean,Woningmarkt
BU18910002,-0.10697499134498183,Woningmarkt_Eigendom,weighted_mean,Woningmarkt
BU18910008,-0.0540009667810893,Woningmarkt_Eigendom,weighted_mean,Woningmarkt
BU18910009,-0.11158599156199929,Woningmarkt_Eigendom,weighted_mean,Woningmarkt
WK189101,0.002674397699923732,Woningmarkt_Eigendom,weighted_mean,Woningmarkt
BU18910100,-0.03896525480979632,Woningmarkt_Eigendom,weighted_mean,Woningmarkt
BU18910101,0.055373481681161345,Woningmarkt_Eigendom,weighted_mean,Woningmarkt
BU18910108,-0.10253038546161448,Woningmarkt_Eigendom,weighted_mean,Woningmarkt
BU18910109,-0.1238910259985979,Woningmarkt_Eigendom,weighted_mean,Woningmarkt
WK189102,0.2438888695850553,Woningmarkt_Eigendom,weighted_mean,Woningmarkt
BU18910200,0.288893739858212,Woningmarkt_Eigendom,weighted_mean,Woningmarkt
BU18910201,0.19980206154984415,Woningmarkt_Eigendom,weighted_mean,Woningmarkt
BU18910202,-0.11629177989028244,Woningmarkt_Eigendom,weighted_mean,Woningmarkt
BU18910208,-0.10833852306817295,Woningmarkt_Eigendom,weighted_mean,Woningmarkt
BU18910209,-0.09433651496028733,Woningmarkt_Eigendom,weighted_mean,Woningmarkt
WK189103,0.003908662460081445,Woningmarkt_Eigendom,weighted_mean,Woningmarkt
BU18910300,0.029045690882479165,Woningmarkt_Eigendom,weighted_mean,Woningmarkt
BU18910301,-0.08178682083498151,Woningmarkt_Eigendom,weighted_mean,Woningmarkt
BU18910309,-0.11645882750472841,Woningmarkt_Eigendom,weighted_mean,Woningmarkt
GM1940,0.05584977338809925,Woningmarkt_Eigendom,weighted_mean,Woningmarkt
WK194001,-0.15637224374481973,Woningmarkt_Eigendom,weighted_mean,Woningmarkt
BU19400101,-0.15637224374481973,Woningmarkt_Eigendom,weighted_mean,Woningmarkt
WK194002,-0.01221336437412364,Woningmarkt_Eigendom,weighted_mean,Woningmarkt
BU19400201,-0.01221336437412364,Woningmarkt_Eigendom,weighted_mean,Woningmarkt
WK194003,0.20012347661655505,Woningmarkt_Eigendom,weighted_mean,Woningmarkt
BU19400301,0.20012347661655505,Woningmarkt_Eigendom,weighted_mean,Woningmarkt
WK194004,-0.02118338167492096,Woningmarkt_Eigendom,weighted_mean,Woningmarkt
BU19400401,-0.02118338167492096,Woningmarkt_Eigendom,weighted_mean,Woningmarkt
WK194005,-0.08423134515913888,Woningmarkt_Eigendom,weighted_mean,Woningmarkt
BU19400501,-0.08423134515913888,Woningmarkt_Eigendom,weighted_mean,Woningmarkt
WK194006,-0.07870321064236906,Woningmarkt_Eigendom,weighted_mean,Woningmarkt
BU19400601,-0.07870321064236906,Woningmarkt_Eigendom,weighted_mean,Woningmarkt
WK194007,-0.015102417074387245,Woningmarkt_Eigendom,weighted_mean,Woningmarkt
BU19400701,0.012736728489095253,Woningmarkt_Eigendom,weighted_mean,Woningmarkt
BU19400702,-0.03960555854883861,Woningmarkt_Eigendom,weighted_mean,Woningmarkt
WK194008,0.0908991833178002,Woningmarkt_Eigendom,weighted_mean,Woningmarkt
BU19400801,0.0908991833178002,Woningmarkt_Eigendom,weighted_mean,Woningmarkt
WK194009,-0.08185785086731712,Woningmarkt_Eigendom,weighted_mean,Woningmarkt
BU19400901,-0.08185785086731712,Woningmarkt_Eigendom,weighted_mean,Woningmarkt
WK194010,-0.07864030196155536,Woningmarkt_Eigendom,weighted_mean,Woningmarkt
BU19401001,-0.07864030196155536,Woningmarkt_Eigendom,weighted_mean,Woningmarkt
WK194011,-0.003974477898662343,Woningmarkt_Eigendom,weighted_mean,Woningmarkt
BU19401101,-0.07860972909269494,Woningmarkt_Eigendom,weighted_mean,Woningmarkt
BU19401102,0.01889030962056925,Woningmarkt_Eigendom,weighted_mean,Woningmarkt
WK194012,-0.11517094209959179,Woningmarkt_Eigendom,weighted_mean,Woningmarkt
BU19401201,-0.052031722452260204,Woningmarkt_Eigendom,weighted_mean,Woningmarkt
WK194013,-0.11325395876114752,Woningmarkt_Eigendom,weighted_mean,Woningmarkt
BU19401301,-0.11325395876114752,Woningmarkt_Eigendom,weighted_mean,Woningmarkt
WK194014,-0.07860972909269494,Woningmarkt_Eigendom,weighted_mean,Woningmarkt
BU19401401,-0.07860972909269494,Woningmarkt_Eigendom,weighted_mean,Woningmarkt
WK194015,-0.0854455402504598,Woningmarkt_Eigendom,weighted_mean,Woningmarkt
BU19401501,-0.0854455402504598,Woningmarkt_Eigendom,weighted_mean,Woningmarkt
WK194016,-0.08555507345269449,Woningmarkt_Eigendom,weighted_mean,Woningmarkt
BU19401601,-0.08555507345269449,Woningmarkt_Eigendom,weighted_mean,Woningmarkt
WK194017,-0.0596683622729542,Woningmarkt_Eigendom,weighted_mean,Woningmarkt
BU19401701,-0.0596683622729542,Woningmarkt_Eigendom,weighted_mean,Woningmarkt
WK194018,0.004088157941747616,Woningmarkt_Eigendom,weighted_mean,Woningmarkt
BU19401801,0.004088157941747616,Woningmarkt_Eigendom,weighted_mean,Woningmarkt
WK194019,0.11346454241514341,Woningmarkt_Eigendom,weighted_mean,Woningmarkt
BU19401901,0.2925224313457819,Woningmarkt_Eigendom,weighted_mean,Woningmarkt
BU19401902,-0.026832188637547577,Woningmarkt_Eigendom,weighted_mean,Woningmarkt
BU19401903,0.11483149619957098,Woningmarkt_Eigendom,weighted_mean,Woningmarkt
BU19401904,0.047314899224232536,Woningmarkt_Eigendom,weighted_mean,Woningmarkt
BU19401905,0.21631855618100054,Woningmarkt_Eigendom,weighted_mean,Woningmarkt
BU19401906,-0.10926353958926927,Woningmarkt_Eigendom,weighted_mean,Woningmarkt
BU19401907,0.11863334408772684,Woningmarkt_Eigendom,weighted_mean,Woningmarkt
BU19401908,-0.034979643881727016,Woningmarkt_Eigendom,weighted_mean,Woningmarkt
BU19401909,-0.17837996057989236,Woningmarkt_Eigendom,weighted_mean,Woningmarkt
BU19401910,0.20769220908291822,Woningmarkt_Eigendom,weighted_mean,Woningmarkt
WK194020,-0.1391956799270837,Woningmarkt_Eigendom,weighted_mean,Woningmarkt
BU19402001,-0.1391956799270837,Woningmarkt_Eigendom,weighted_mean,Woningmarkt
WK194021,-0.004747375704948306,Woningmarkt_Eigendom,weighted_mean,Woningmarkt
BU19402101,-0.004747375704948306,Woningmarkt_Eigendom,weighted_mean,Woningmarkt
WK194022,-0.10388404814714684,Woningmarkt_Eigendom,weighted_mean,Woningmarkt
BU19402201,-0.06161862510184874,Woningmarkt_Eigendom,weighted_mean,Woningmarkt
WK194023,0.03937918089143082,Woningmarkt_Eigendom,weighted_mean,Woningmarkt
BU19402301,-0.08059503601652176,Woningmarkt_Eigendom,weighted_mean,Woningmarkt
BU19402302,-0.29340802867449817,Woningmarkt_Eigendom,weighted_mean,Woningmarkt
BU19402303,0.07328475682465484,Woningmarkt_Eigendom,weighted_mean,Woningmarkt
BU19402304,0.269033410223176,Woningmarkt_Eigendom,weighted_mean,Woningmarkt
BU19402305,-0.11524416964973289,Woningmarkt_Eigendom,weighted_mean,Woningmarkt
BU19402306,0.287569692502618,Woningmarkt_Eigendom,weighted_mean,Woningmarkt
BU19402307,0.4537144964392474,Woningmarkt_Eigendom,weighted_mean,Woningmarkt
BU19402308,-0.185732974889607,Woningmarkt_Eigendom,weighted_mean,Woningmarkt
WK194024,-0.10577850723623668,Woningmarkt_Eigendom,weighted_mean,Woningmarkt
BU19402401,-0.10577850723623668,Woningmarkt_Eigendom,weighted_mean,Woningmarkt
WK194025,-0.14731598436363916,Woningmarkt_Eigendom,weighted_mean,Woningmarkt
BU19402501,-0.14731598436363916,Woningmarkt_Eigendom,weighted_mean,Woningmarkt
WK194026,-0.041373143633783506,Woningmarkt_Eigendom,weighted_mean,Woningmarkt
BU19402601,-0.041373143633783506,Woningmarkt_Eigendom,weighted_mean,Woningmarkt
WK194027,-0.07698566820538384,Woningmarkt_Eigendom,weighted_mean,Woningmarkt
BU19402701,-0.07698566820538384,Woningmarkt_Eigendom,weighted_mean,Woningmarkt
WK194028,0.04337113683529851,Woningmarkt_Eigendom,weighted_mean,Woningmarkt
BU19402801,-0.1209969149377699,Woningmarkt_Eigendom,weighted_mean,Woningmarkt
BU19402802,0.13129866684687447,Woningmarkt_Eigendom,weighted_mean,Woningmarkt
WK194029,-0.07194267974785849,Woningmarkt_Eigendom,weighted_mean,Woningmarkt
BU19402901,-0.07194267974785849,Woningmarkt_Eigendom,weighted_mean,Woningmarkt
WK194030,-0.035298755130644344,Woningmarkt_Eigendom,weighted_mean,Woningmarkt
BU19403001,-0.035298755130644344,Woningmarkt_Eigendom,weighted_mean,Woningmarkt
WK194031,0.04171078134666625,Woningmarkt_Eigendom,weighted_mean,Woningmarkt
BU19403101,0.04171078134666625,Woningmarkt_Eigendom,weighted_mean,Woningmarkt
WK194032,-0.03361178556251955,Woningmarkt_Eigendom,weighted_mean,Woningmarkt
BU19403201,-0.03361178556251955,Woningmarkt_Eigendom,weighted_mean,Woningmarkt
WK194033,-0.12876320866053118,Woningmarkt_Eigendom,weighted_mean,Woningmarkt
BU19403301,-0.12876320866053118,Woningmarkt_Eigendom,weighted_mean,Woningmarkt
WK194034,-0.07760020808329804,Woningmarkt_Eigendom,weighted_mean,Woningmarkt
BU19403401,-0.07760020808329804,Woningmarkt_Eigendom,weighted_mean,Woningmarkt
WK194035,-0.15499603185944777,Woningmarkt_Eigendom,weighted_mean,Woningmarkt
BU19403501,-0.15499603185944777,Woningmarkt_Eigendom,weighted_mean,Woningmarkt
WK194036,-0.1249204624928972,Woningmarkt_Eigendom,weighted_mean,Woningmarkt
BU19403601,-0.1249204624928972,Woningmarkt_Eigendom,weighted_mean,Woningmarkt
WK194037,-0.0021212784837938564,Woningmarkt_Eigendom,weighted_mean,Woningmarkt
BU19403701,-0.0021212784837938564,Woningmarkt_Eigendom,weighted_mean,Woningmarkt
WK194038,-0.049234404956310304,Woningmarkt_Eigendom,weighted_mean,Woningmarkt
BU19403801,-0.049234404956310304,Woningmarkt_Eigendom,weighted_mean,Woningmarkt
WK194039,-0.13201133043515334,Woningmarkt_Eigendom,weighted_mean,Woningmarkt
BU19403901,-0.13201133043515334,Woningmarkt_Eigendom,weighted_mean,Woningmarkt
WK194040,0.011093288845013184,Woningmarkt_Eigendom,weighted_mean,Woningmarkt
BU19404001,0.011093288845013184,Woningmarkt_Eigendom,weighted_mean,Woningmarkt
WK194041,0.0865828758284754,Woningmarkt_Eigendom,weighted_mean,Woningmarkt
BU19404101,0.0865828758284754,Woningmarkt_Eigendom,weighted_mean,Woningmarkt
WK194042,-0.026837120142475558,Woningmarkt_Eigendom,weighted_mean,Woningmarkt
BU19404201,-0.026837120142475558,Woningmarkt_Eigendom,weighted_mean,Woningmarkt
WK194043,-0.011724874152797382,Woningmarkt_Eigendom,weighted_mean,Woningmarkt
BU19404301,-0.011724874152797382,Woningmarkt_Eigendom,weighted_mean,Woningmarkt
WK194044,-0.14517810047080956,Woningmarkt_Eigendom,weighted_mean,Woningmarkt
BU19404401,-0.14517810047080956,Woningmarkt_Eigendom,weighted_mean,Woningmarkt
WK194045,-0.0948804016467043,Woningmarkt_Eigendom,weighted_mean,Woningmarkt
BU19404501,-0.0948804016467043,Woningmarkt_Eigendom,weighted_mean,Woningmarkt
WK194046,0.023731101857811403,Woningmarkt_Eigendom,weighted_mean,Woningmarkt
BU19404601,0.023731101857811403,Woningmarkt_Eigendom,weighted_mean,Woningmarkt
WK194047,-0.08088086627809525,Woningmarkt_Eigendom,weighted_mean,Woningmarkt
BU19404701,-0.08088086627809525,Woningmarkt_Eigendom,weighted_mean,Woningmarkt
WK194048,-0.09462466538911934,Woningmarkt_Eigendom,weighted_mean,Woningmarkt
BU19404801,-0.08414493246503846,Woningmarkt_Eigendom,weighted_mean,Woningmarkt
WK194049,-0.03840695670484449,Woningmarkt_Eigendom,weighted_mean,Woningmarkt
BU19404901,-0.03840695670484449,Woningmarkt_Eigendom,weighted_mean,Woningmarkt
WK194050,-0.07772024448555648,Woningmarkt_Eigendom,weighted_mean,Woningmarkt
BU19405001,-0.07772024448555648,Woningmarkt_Eigendom,weighted_mean,Woningmarkt
WK194051,-0.026278435346757292,Woningmarkt_Eigendom,weighted_mean,Woningmarkt
BU19405101,-0.026278435346757292,Woningmarkt_Eigendom,weighted_mean,Woningmarkt
GM0072,0.12765149084415453,Woningmarkt_Eigendom,weighted_mean,Woningmarkt
WK007200,0.13360878335847923,Woningmarkt_Eigendom,weighted_mean,Woningmarkt
BU00720001,0.174746697069822,Woningmarkt_Eigendom,weighted_mean,Woningmarkt
BU00720002,0.08865616438217816,Woningmarkt_Eigendom,weighted_mean,Woningmarkt
BU00720003,0.6151470479933814,Woningmarkt_Eigendom,weighted_mean,Woningmarkt
BU00720004,0.10938639511279055,Woningmarkt_Eigendom,weighted_mean,Woningmarkt
BU00720005,-0.10279490095527193,Woningmarkt_Eigendom,weighted_mean,Woningmarkt
BU00720006,-0.0006172414503519963,Woningmarkt_Eigendom,weighted_mean,Woningmarkt
BU00720007,-0.1188432435420286,Woningmarkt_Eigendom,weighted_mean,Woningmarkt
BU00720009,-0.06324418926161825,Woningmarkt_Eigendom,weighted_mean,Woningmarkt
WK007201,0.06743749851057845,Woningmarkt_Eigendom,weighted_mean,Woningmarkt
BU00720100,0.10594761128458219,Woningmarkt_Eigendom,weighted_mean,Woningmarkt
BU00720109,-0.10597091517504426,Woningmarkt_Eigendom,weighted_mean,Woningmarkt
WK007202,0.048992338882678094,Woningmarkt_Eigendom,weighted_mean,Woningmarkt
BU00720200,0.0988045195856398,Woningmarkt_Eigendom,weighted_mean,Woningmarkt
BU00720209,-0.059406887933443585,Woningmarkt_Eigendom,weighted_mean,Woningmarkt
GM0074,0.10596020467968525,Woningmarkt_Eigendom,weighted_mean,Woningmarkt
WK007401,0.14231499081523352,Woningmarkt_Eigendom,weighted_mean,Woningmarkt
BU00740100,0.1180311207119143,Woningmarkt_Eigendom,weighted_mean,Woningmarkt
BU00740101,0.3544414314820451,Woningmarkt_Eigendom,weighted_mean,Woningmarkt
BU00740102,0.3213085167017057,Woningmarkt_Eigendom,weighted_mean,Woningmarkt
BU00740103,0.10494321605260634,Woningmarkt_Eigendom,weighted_mean,Woningmarkt
BU00740104,0.1323275390728728,Woningmarkt_Eigendom,weighted_mean,Woningmarkt
BU00740105,-0.21423292161608865,Woningmarkt_Eigendom,weighted_mean,Woningmarkt
BU00740106,0.22860493446944585,Woningmarkt_Eigendom,weighted_mean,Woningmarkt
BU00740107,-0.05510571107881245,Woningmarkt_Eigendom,weighted_mean,Woningmarkt
BU00740108,-0.17218527583936472,Woningmarkt_Eigendom,weighted_mean,Woningmarkt
BU00740109,-0.03363602764343834,Woningmarkt_Eigendom,weighted_mean,Woningmarkt
BU00740110,-0.10084446806551477,Woningmarkt_Eigendom,weighted_mean,Woningmarkt
WK007402,-0.07426729444507585,Woningmarkt_Eigendom,weighted_mean,Woningmarkt
BU00740201,0.001211662694597819,Woningmarkt_Eigendom,weighted_mean,Woningmarkt
BU00740202,-0.12627678643353613,Woningmarkt_Eigendom,weighted_mean,Woningmarkt
BU00740203,-0.06496119082390271,Woningmarkt_Eigendom,weighted_mean,Woningmarkt
BU00740204,-0.1449732722049511,Woningmarkt_Eigendom,weighted_mean,Woningmarkt
BU00740205,-0.10355982195591383,Woningmarkt_Eigendom,weighted_mean,Woningmarkt
WK007403,-0.06677218727039262,Woningmarkt_Eigendom,weighted_mean,Woningmarkt
BU00740301,-0.07623813072345956,Woningmarkt_Eigendom,weighted_mean,Woningmarkt
BU00740302,-0.06257691643905583,Woningmarkt_Eigendom,weighted_mean,Woningmarkt
WK007404,0.08432119735224122,Woningmarkt_Eigendom,weighted_mean,Woningmarkt
BU00740401,0.2823542708180958,Woningmarkt_Eigendom,weighted_mean,Woningmarkt
BU00740402,-0.08747380868345911,Woningmarkt_Eigendom,weighted_mean,Woningmarkt
BU00740403,-0.08220838029296657,Woningmarkt_Eigendom,weighted_mean,Woningmarkt
BU00740404,0.15093803845246523,Woningmarkt_Eigendom,weighted_mean,Woningmarkt
BU00740405,-0.06411524028737633,Woningmarkt_Eigendom,weighted_mean,Woningmarkt
BU00740406,0.08284480532260506,Woningmarkt_Eigendom,weighted_mean,Woningmarkt
BU00740407,-0.07414523526459457,Woningmarkt_Eigendom,weighted_mean,Woningmarkt
WK007406,-0.04905667241773691,Woningmarkt_Eigendom,weighted_mean,Woningmarkt
BU00740601,-0.04905667241773691,Woningmarkt_Eigendom,weighted_mean,Woningmarkt
WK007407,-0.09119800449892608,Woningmarkt_Eigendom,weighted_mean,Woningmarkt
BU00740701,-0.09166136669085118,Woningmarkt_Eigendom,weighted_mean,Woningmarkt
BU00740702,-0.10859225846880526,Woningmarkt_Eigendom,weighted_mean,Woningmarkt
WK007409,0.04578345626939035,Woningmarkt_Eigendom,weighted_mean,Woningmarkt
BU00740901,0.11371584101848853,Woningmarkt_Eigendom,weighted_mean,Woningmarkt
BU00740902,-0.19628565998491107,Woningmarkt_Eigendom,weighted_mean,Woningmarkt
BU00740903,-0.029436430216085177,Woningmarkt_Eigendom,weighted_mean,Woningmarkt
GM0080,0.12438690318603582,Woningmarkt_Eigendom,weighted_mean,Woningmarkt
WK008010,0.2894415604119705,Woningmarkt_Eigendom,weighted_mean,Woningmarkt
BU00801001,0.23494686826490735,Woningmarkt_Eigendom,weighted_mean,Woningmarkt
BU00801002,0.20836723798817908,Woningmarkt_Eigendom,weighted_mean,Woningmarkt
BU00801003,0.2857214142995186,Woningmarkt_Eigendom,weighted_mean,Woningmarkt
BU00801004,0.2627188201685445,Woningmarkt_Eigendom,weighted_mean,Woningmarkt
BU00801005,0.36828299965642797,Woningmarkt_Eigendom,weighted_mean,Woningmarkt
BU00801006,0.41950518242006746,Woningmarkt_Eigendom,weighted_mean,Woningmarkt
BU00801007,0.127472975905084,Woningmarkt_Eigendom,weighted_mean,Woningmarkt
BU00801008,0.31036607480330414,Woningmarkt_Eigendom,weighted_mean,Woningmarkt
WK008011,0.17895783782961544,Woningmarkt_Eigendom,weighted_mean,Woningmarkt
BU00801101,0.07594399318573637,Woningmarkt_Eigendom,weighted_mean,Woningmarkt
BU00801102,0.03197419069179583,Woningmarkt_Eigendom,weighted_mean,Woningmarkt
BU00801103,0.17330990371503002,Woningmarkt_Eigendom,weighted_mean,Woningmarkt
BU00801104,0.6270798801579535,Woningmarkt_Eigendom,weighted_mean,Woningmarkt
BU00801105,0.5777159413698956,Woningmarkt_Eigendom,weighted_mean,Woningmarkt
BU00801106,-0.20589217882034797,Woningmarkt_Eigendom,weighted_mean,Woningmarkt
BU00801107,0.25364278562145176,Woningmarkt_Eigendom,weighted_mean,Woningmarkt
BU00801108,0.11496141681612615,Woningmarkt_Eigendom,weighted_mean,Woningmarkt
BU00801109,0.05765320101010091,Woningmarkt_Eigendom,weighted_mean,Woningmarkt
WK008020,0.23241169046892962,Woningmarkt_Eigendom,weighted_mean,Woningmarkt
BU00802001,0.35862134051056416,Woningmarkt_Eigendom,weighted_mean,Woningmarkt
BU00802002,0.23878840680387747,Woningmarkt_Eigendom,weighted_mean,Woningmarkt
BU00802003,0.21503804289601863,Woningmarkt_Eigendom,weighted_mean,Woningmarkt
BU00802004,0.009992939324086653,Woningmarkt_Eigendom,weighted_mean,Woningmarkt
BU00802005,-0.12226189026763536,Woningmarkt_Eigendom,weighted_mean,Woningmarkt
BU00802006,0.24057695165271098,Woningmarkt_Eigendom,weighted_mean,Woningmarkt
BU00802007,0.41132417852637876,Woningmarkt_Eigendom,weighted_mean,Woningmarkt
BU00802008,0.14200143718459646,Woningmarkt_Eigendom,weighted_mean,Woningmarkt
BU00802009,0.289578453897974,Woningmarkt_Eigendom,weighted_mean,Woningmarkt
WK008030,0.13679688178539282,Woningmarkt_Eigendom,weighted_mean,Woningmarkt
BU00803001,-0.02949617667079242,Woningmarkt_Eigendom,weighted_mean,Woningmarkt
BU00803002,-0.237521637530505,Woningmarkt_Eigendom,weighted_mean,Woningmarkt
BU00803003,0.39692965587969714,Woningmarkt_Eigendom,weighted_mean,Woningmarkt
BU00803004,-0.04465540218591928,Woningmarkt_Eigendom,weighted_mean,Woningmarkt
BU00803005,0.030944073003805334,Woningmarkt_Eigendom,weighted_mean,Woningmarkt
BU00803006,0.4444511720283583,Woningmarkt_Eigendom,weighted_mean,Woningmarkt
BU00803007,-0.1288566902102053,Woningmarkt_Eigendom,weighted_mean,Woningmarkt
WK008031,-0.006491528074856784,Woningmarkt_Eigendom,weighted_mean,Woningmarkt
BU00803101,-0.00811558896216788,Woningmarkt_Eigendom,weighted_mean,Woningmarkt
BU00803102,-0.07239388829724414,Woningmarkt_Eigendom,weighted_mean,Woningmarkt
WK008032,-0.08235067402038851,Woningmarkt_Eigendom,weighted_mean,Woningmarkt
BU00803201,-0.0911105595971816,Woningmarkt_Eigendom,weighted_mean,Woningmarkt
BU00803202,-0.2834192647975844,Woningmarkt_Eigendom,weighted_mean,Woningmarkt
BU00803203,-0.037339528039629075,Woningmarkt_Eigendom,weighted_mean,Woningmarkt
BU00803204,0.30754552980724775,Woningmarkt_Eigendom,weighted_mean,Woningmarkt
WK008040,0.13129661652848212,Woningmarkt_Eigendom,weighted_mean,Woningmarkt
BU00804001,0.2863063409236912,Woningmarkt_Eigendom,weighted_mean,Woningmarkt
BU00804002,-0.1542169592754011,Woningmarkt_Eigendom,weighted_mean,Woningmarkt
BU00804003,-0.2042769572935632,Woningmarkt_Eigendom,weighted_mean,Woningmarkt
BU00804004,0.3788225963965237,Woningmarkt_Eigendom,weighted_mean,Woningmarkt
WK008041,0.21249376977398987,Woningmarkt_Eigendom,weighted_mean,Woningmarkt
BU00804101,0.21086970888667877,Woningmarkt_Eigendom,weighted_mean,Woningmarkt
BU00804102,-0.10685178401495225,Woningmarkt_Eigendom,weighted_mean,Woningmarkt
BU00804103,-0.13752464825491473,Woningmarkt_Eigendom,weighted_mean,Woningmarkt
BU00804104,-0.11804555875526361,Woningmarkt_Eigendom,weighted_mean,Woningmarkt
BU00804105,-0.10703019917499848,Woningmarkt_Eigendom,weighted_mean,Woningmarkt
BU00804106,-0.10544832788034343,Woningmarkt_Eigendom,weighted_mean,Woningmarkt
BU00804107,-0.1188432435420286,Woningmarkt_Eigendom,weighted_mean,Woningmarkt
BU00804108,-0.1188432435420286,Woningmarkt_Eigendom,weighted_mean,Woningmarkt
BU00804109,-0.08849171560509869,Woningmarkt_Eigendom,weighted_mean,Woningmarkt
BU00804110,-0.08414493246503846,Woningmarkt_Eigendom,weighted_mean,Woningmarkt
WK008050,0.436575499287297,Woningmarkt_Eigendom,weighted_mean,Woningmarkt
BU00805001,0.5402193625372982,Woningmarkt_Eigendom,weighted_mean,Woningmarkt
BU00805002,0.33590133594111815,Woningmarkt_Eigendom,weighted_mean,Woningmarkt
BU00805003,-0.03349782046867202,Woningmarkt_Eigendom,weighted_mean,Woningmarkt
WK008051,-0.046031586531121736,Woningmarkt_Eigendom,weighted_mean,Woningmarkt
BU00805101,-0.028177601694827206,Woningmarkt_Eigendom,weighted_mean,Woningmarkt
BU00805102,0.046807361157152616,Woningmarkt_Eigendom,weighted_mean,Woningmarkt
BU00805103,-0.2157135047300533,Woningmarkt_Eigendom,weighted_mean,Woningmarkt
BU00805104,-0.039015969960627,Woningmarkt_Eigendom,weighted_mean,Woningmarkt
BU00805105,-0.26845415093744973,Woningmarkt_Eigendom,weighted_mean,Woningmarkt
WK008060,0.3779886351101123,Woningmarkt_Eigendom,weighted_mean,Woningmarkt
BU00806001,0.41875587304117845,Woningmarkt_Eigendom,weighted_mean,Woningmarkt
BU00806002,-0.26799218802853825,Woningmarkt_Eigendom,weighted_mean,Woningmarkt
BU00806003,0.1410857469452247,Woningmarkt_Eigendom,weighted_mean,Woningmarkt
WK008061,0.42128010345975553,Woningmarkt_Eigendom,weighted_mean,Woningmarkt
BU00806101,0.3660476177260742,Woningmarkt_Eigendom,weighted_mean,Woningmarkt
BU00806102,0.4898841874949514,Woningmarkt_Eigendom,weighted_mean,Woningmarkt
WK008062,-0.06911641301934153,Woningmarkt_Eigendom,weighted_mean,Woningmarkt
BU00806201,-0.0065041531566986804,Woningmarkt_Eigendom,weighted_mean,Woningmarkt
BU00806202,-0.12128625402765758,Woningmarkt_Eigendom,weighted_mean,Woningmarkt
BU00806203,-0.06858664127643606,Woningmarkt_Eigendom,weighted_mean,Woningmarkt
BU00806204,-0.16731309317743143,Woningmarkt_Eigendom,weighted_mean,Woningmarkt
BU00806205,0.16318126972397776,Woningmarkt_Eigendom,weighted_mean,Woningmarkt
BU00806206,-0.1216168996551434,Woningmarkt_Eigendom,weighted_mean,Woningmarkt
BU00806207,0.06659300233740464,Woningmarkt_Eigendom,weighted_mean,Woningmarkt
BU00806208,-0.14918789425288942,Woningmarkt_Eigendom,weighted_mean,Woningmarkt
BU00806209,-0.034711061627183216,Woningmarkt_Eigendom,weighted_mean,Woningmarkt
BU00806210,-0.03401653812947791,Woningmarkt_Eigendom,weighted_mean,Woningmarkt
WK008063,0.0005436940494767395,Woningmarkt_Eigendom,weighted_mean,Woningmarkt
BU00806301,4.7430145570723226e-06,Woningmarkt_Eigendom,weighted_mean,Woningmarkt
BU00806302,-0.09074706263405179,Woningmarkt_Eigendom,weighted_mean,Woningmarkt
BU00806303,-0.1088252503464064,Woningmarkt_Eigendom,weighted_mean,Woningmarkt
BU00806304,-0.07626501381812378,Woningmarkt_Eigendom,weighted_mean,Woningmarkt
BU00806305,0.08649716632965428,Woningmarkt_Eigendom,weighted_mean,Woningmarkt
BU00806306,-0.08178682083498151,Woningmarkt_Eigendom,weighted_mean,Woningmarkt
BU00806307,-0.06572634411950515,Woningmarkt_Eigendom,weighted_mean,Woningmarkt
WK008070,0.051242736479745116,Woningmarkt_Eigendom,weighted_mean,Woningmarkt
BU00807001,-0.019293807227382345,Woningmarkt_Eigendom,weighted_mean,Woningmarkt
BU00807002,0.08780585970946586,Woningmarkt_Eigendom,weighted_mean,Woningmarkt
BU00807003,0.137508919700831,Woningmarkt_Eigendom,weighted_mean,Woningmarkt
BU00807004,0.03652179606091177,Woningmarkt_Eigendom,weighted_mean,Woningmarkt
WK008071,-0.18727065839671841,Woningmarkt_Eigendom,weighted_mean,Woningmarkt
BU00807101,-0.18727065839671841,Woningmarkt_Eigendom,weighted_mean,Woningmarkt
WK008072,-0.15717868237357954,Woningmarkt_Eigendom,weighted_mean,Woningmarkt
BU00807201,-0.025624738565104152,Woningmarkt_Eigendom,weighted_mean,Woningmarkt
BU00807202,-0.16986042884718683,Woningmarkt_Eigendom,weighted_mean,Woningmarkt
BU00807203,-0.16042680414820173,Woningmarkt_Eigendom,weighted_mean,Woningmarkt
WK008073,-0.14243685375428378,Woningmarkt_Eigendom,weighted_mean,Woningmarkt
BU00807301,-0.033443543419851104,Woningmarkt_Eigendom,weighted_mean,Woningmarkt
BU00807302,-0.23976905462556936,Woningmarkt_Eigendom,weighted_mean,Woningmarkt
BU00807303,-0.12828040403047591,Woningmarkt_Eigendom,weighted_mean,Woningmarkt
BU00807304,-0.08414493246503846,Woningmarkt_Eigendom,weighted_mean,Woningmarkt
BU00807305,-0.28423279690164915,Woningmarkt_Eigendom,weighted_mean,Woningmarkt
BU00807306,-0.11844827395024238,Woningmarkt_Eigendom,weighted_mean,Woningmarkt
WK008074,-0.1953014992998759,Woningmarkt_Eigendom,weighted_mean,Woningmarkt
BU00807401,-0.21640705551219852,Woningmarkt_Eigendom,weighted_mean,Woningmarkt
BU00807402,-0.13144047441694867,Woningmarkt_Eigendom,weighted_mean,Woningmarkt
BU00807403,-0.1646175466827915,Woningmarkt_Eigendom,weighted_mean,Woningmarkt
BU00807404,-0.10535820799849625,Woningmarkt_Eigendom,weighted_mean,Woningmarkt
BU00807405,-0.09849444317336933,Woningmarkt_Eigendom,weighted_mean,Woningmarkt
WK008080,0.07411868238094829,Woningmarkt_Eigendom,weighted_mean,Woningmarkt
BU00808001,0.0797597723730608,Woningmarkt_Eigendom,weighted_mean,Woningmarkt
BU00808002,-0.11378386989117031,Woningmarkt_Eigendom,weighted_mean,Woningmarkt
BU00808003,-0.05700123955377235,Woningmarkt_Eigendom,weighted_mean,Woningmarkt
BU00808004,0.0854779097180898,Woningmarkt_Eigendom,weighted_mean,Woningmarkt
BU00808005,-0.02102405103098917,Woningmarkt_Eigendom,weighted_mean,Woningmarkt
BU00808006,-0.08414493246503846,Woningmarkt_Eigendom,weighted_mean,Woningmarkt
BU00808007,0.0868542443125288,Woningmarkt_Eigendom,weighted_mean,Woningmarkt
BU00808008,0.007585247173623383,Woningmarkt_Eigendom,weighted_mean,Woningmarkt
WK008081,-0.050294414319470036,Woningmarkt_Eigendom,weighted_mean,Woningmarkt
BU00808101,-0.04176414891802684,Woningmarkt_Eigendom,weighted_mean,Woningmarkt
BU00808102,-0.15577761935180795,Woningmarkt_Eigendom,weighted_mean,Woningmarkt
BU00808103,-0.08063051285014072,Woningmarkt_Eigendom,weighted_mean,Woningmarkt
BU00808104,-0.12886327225213104,Woningmarkt_Eigendom,weighted_mean,Woningmarkt
BU00808105,0.1352460611361026,Woningmarkt_Eigendom,weighted_mean,Woningmarkt
BU00808106,-0.05359875032688517,Woningmarkt_Eigendom,weighted_mean,Woningmarkt
BU00808107,-0.12979264515483047,Woningmarkt_Eigendom,weighted_mean,Woningmarkt
BU00808108,-0.0760497132607587,Woningmarkt_Eigendom,weighted_mean,Woningmarkt
BU00808109,-0.00966255156279285,Woningmarkt_Eigendom,weighted_mean,Woningmarkt
BU00808110,-0.055384413989182826,Woningmarkt_Eigendom,weighted_mean,Woningmarkt
BU00808111,-0.12872366506602584,Woningmarkt_Eigendom,weighted_mean,Woningmarkt
BU00808112,-0.08673003352925039,Woningmarkt_Eigendom,weighted_mean,Woningmarkt
BU00808113,-0.17310855062180902,Woningmarkt_Eigendom,weighted_mean,Woningmarkt
BU00808114,-0.08414493246503846,Woningmarkt_Eigendom,weighted_mean,Woningmarkt
BU00808115,-0.07194267974785849,Woningmarkt_Eigendom,weighted_mean,Woningmarkt
BU00808116,-0.03628368483877151,Woningmarkt_Eigendom,weighted_mean,Woningmarkt
BU00808117,-0.06036719723910495,Woningmarkt_Eigendom,weighted_mean,Woningmarkt
WK008082,0.06972974985567307,Woningmarkt_Eigendom,weighted_mean,Woningmarkt
BU00808201,0.03539454246705005,Woningmarkt_Eigendom,weighted_mean,Woningmarkt
BU00808202,-0.06256152815839161,Woningmarkt_Eigendom,weighted_mean,Woningmarkt
BU00808203,-0.11378386989117031,Woningmarkt_Eigendom,weighted_mean,Woningmarkt
BU00808204,-0.18816535554835562,Woningmarkt_Eigendom,weighted_mean,Woningmarkt
BU00808205,-0.15193487318417387,Woningmarkt_Eigendom,weighted_mean,Woningmarkt
BU00808206,0.10125164757096147,Woningmarkt_Eigendom,weighted_mean,Woningmarkt
BU00808207,-0.12578285137275058,Woningmarkt_Eigendom,weighted_mean,Woningmarkt
BU00808208,0.03852929474726512,Woningmarkt_Eigendom,weighted_mean,Woningmarkt
BU00808209,-0.13517320598282295,Woningmarkt_Eigendom,weighted_mean,Woningmarkt
GM1970,0.0880398891013406,Woningmarkt_Eigendom,weighted_mean,Woningmarkt
WK197000,0.19720945007082463,Woningmarkt_Eigendom,weighted_mean,Woningmarkt
BU19700000,0.13840424034767745,Woningmarkt_Eigendom,weighted_mean,Woningmarkt
BU19700001,0.22238821793400276,Woningmarkt_Eigendom,weighted_mean,Woningmarkt
BU19700002,0.5134917957407298,Woningmarkt_Eigendom,weighted_mean,Woningmarkt
BU19700003,0.28657809588663957,Woningmarkt_Eigendom,weighted_mean,Woningmarkt
BU19700004,-0.11298277221306942,Woningmarkt_Eigendom,weighted_mean,Woningmarkt
BU19700005,0.3672168013527432,Woningmarkt_Eigendom,weighted_mean,Woningmarkt
BU19700006,-0.27072827728090415,Woningmarkt_Eigendom,weighted_mean,Woningmarkt
BU19700007,-0.05494390769560411,Woningmarkt_Eigendom,weighted_mean,Woningmarkt
BU19700008,-0.031107470628844936,Woningmarkt_Eigendom,weighted_mean,Woningmarkt
BU19700009,0.1930649720264216,Woningmarkt_Eigendom,weighted_mean,Woningmarkt
BU19700010,-0.20704678164089602,Woningmarkt_Eigendom,weighted_mean,Woningmarkt
BU19700011,-0.07571561803186691,Woningmarkt_Eigendom,weighted_mean,Woningmarkt
WK197001,0.004298431047065358,Woningmarkt_Eigendom,weighted_mean,Woningmarkt
BU19700100,0.06639558660888942,Woningmarkt_Eigendom,weighted_mean,Woningmarkt
BU19700101,-0.08414493246503846,Woningmarkt_Eigendom,weighted_mean,Woningmarkt
BU19700102,-0.11325196352309413,Woningmarkt_Eigendom,weighted_mean,Woningmarkt
BU19700103,-0.11739478244935352,Woningmarkt_Eigendom,weighted_mean,Woningmarkt
BU19700104,0.0003365895059942031,Woningmarkt_Eigendom,weighted_mean,Woningmarkt
BU19700105,-0.10844468478002796,Woningmarkt_Eigendom,weighted_mean,Woningmarkt
BU19700107,-0.08178682083498151,Woningmarkt_Eigendom,weighted_mean,Woningmarkt
BU19700108,-0.08849171560509869,Woningmarkt_Eigendom,weighted_mean,Woningmarkt
BU19700109,0.13838648534184517,Woningmarkt_Eigendom,weighted_mean,Woningmarkt
WK197002,-0.05974967284840947,Woningmarkt_Eigendom,weighted_mean,Woningmarkt
BU19700200,-0.04521216330701013,Woningmarkt_Eigendom,weighted_mean,Woningmarkt
BU19700201,-0.07326843081963699,Woningmarkt_Eigendom,weighted_mean,Woningmarkt
BU19700202,-0.25738722430808064,Woningmarkt_Eigendom,weighted_mean,Woningmarkt
BU19700208,-0.0510133741705872,Woningmarkt_Eigendom,weighted_mean,Woningmarkt
BU19700209,-0.01777592925636698,Woningmarkt_Eigendom,weighted_mean,Woningmarkt
WK197003,-0.005476479605492177,Woningmarkt_Eigendom,weighted_mean,Woningmarkt
BU19700300,0.02879960482363279,Woningmarkt_Eigendom,weighted_mean,Woningmarkt
BU19700301,0.03691940007222626,Woningmarkt_Eigendom,weighted_mean,Woningmarkt
BU19700302,-0.124916704311751,Woningmarkt_Eigendom,weighted_mean,Woningmarkt
BU19700303,-0.2426271477662061,Woningmarkt_Eigendom,weighted_mean,Woningmarkt
BU19700307,-0.02778082374435359,Woningmarkt_Eigendom,weighted_mean,Woningmarkt
BU19700308,-0.10316299955844062,Woningmarkt_Eigendom,weighted_mean,Woningmarkt
BU19700309,-0.06305722616226996,Woningmarkt_Eigendom,weighted_mean,Woningmarkt
WK197004,-0.02215910836244267,Woningmarkt_Eigendom,weighted_mean,Woningmarkt
BU19700400,-0.027588134765975197,Woningmarkt_Eigendom,weighted_mean,Woningmarkt
BU19700401,0.021052658170903696,Woningmarkt_Eigendom,weighted_mean,Woningmarkt
BU19700408,-0.09303589170603845,Woningmarkt_Eigendom,weighted_mean,Woningmarkt
BU19700409,-0.08178682083498151,Woningmarkt_Eigendom,weighted_mean,Woningmarkt
WK197005,0.0017579166809671646,Woningmarkt_Eigendom,weighted_mean,Woningmarkt
BU19700500,0.08192569716856607,Woningmarkt_Eigendom,weighted_mean,Woningmarkt
BU19700501,-0.021000432233408008,Woningmarkt_Eigendom,weighted_mean,Woningmarkt
BU19700502,0.021006187833417005,Woningmarkt_Eigendom,weighted_mean,Woningmarkt
BU19700503,-0.07738605387589557,Woningmarkt_Eigendom,weighted_mean,Woningmarkt
BU19700506,-0.1618750179372278,Woningmarkt_Eigendom,weighted_mean,Woningmarkt
BU19700507,-0.08849171560509869,Woningmarkt_Eigendom,weighted_mean,Woningmarkt
BU19700508,-0.11945910027741141,Woningmarkt_Eigendom,weighted_mean,Woningmarkt
BU19700509,-0.08414493246503846,Woningmarkt_Eigendom,weighted_mean,Woningmarkt
WK197006,0.04063139322673552,Woningmarkt_Eigendom,weighted_mean,Woningmarkt
BU19700600,0.10965760920103806,Woningmarkt_Eigendom,weighted_mean,Woningmarkt
BU19700601,-0.11989935721815818,Woningmarkt_Eigendom,weighted_mean,Woningmarkt
BU19700602,-0.12906499561763915,Woningmarkt_Eigendom,weighted_mean,Woningmarkt
BU19700603,-0.15295162951629232,Woningmarkt_Eigendom,weighted_mean,Woningmarkt
BU19700604,-0.127357611679622,Woningmarkt_Eigendom,weighted_mean,Woningmarkt
BU19700605,-0.06613454214130009,Woningmarkt_Eigendom,weighted_mean,Woningmarkt
BU19700608,-0.031203228456143206,Woningmarkt_Eigendom,weighted_mean,Woningmarkt
BU19700609,-0.08178682083498151,Woningmarkt_Eigendom,weighted_mean,Woningmarkt
WK197007,-0.008925980044566843,Woningmarkt_Eigendom,weighted_mean,Woningmarkt
BU19700700,0.009370024675567225,Woningmarkt_Eigendom,weighted_mean,Woningmarkt
BU19700701,0.08174998326164619,Woningmarkt_Eigendom,weighted_mean,Woningmarkt
BU19700702,-0.008719669875186395,Woningmarkt_Eigendom,weighted_mean,Woningmarkt
BU19700703,-0.0254272449374342,Woningmarkt_Eigendom,weighted_mean,Woningmarkt
BU19700708,-0.14381456874761842,Woningmarkt_Eigendom,weighted_mean,Woningmarkt
BU19700709,-0.05555146160362873,Woningmarkt_Eigendom,weighted_mean,Woningmarkt
WK197008,0.06869111034076834,Woningmarkt_Eigendom,weighted_mean,Woningmarkt
BU19700800,0.1270113688292161,Woningmarkt_Eigendom,weighted_mean,Woningmarkt
BU19700801,0.0823861464872167,Woningmarkt_Eigendom,weighted_mean,Woningmarkt
BU19700802,0.09138821856039654,Woningmarkt_Eigendom,weighted_mean,Woningmarkt
BU19700803,-0.09554567923121332,Woningmarkt_Eigendom,weighted_mean,Woningmarkt
BU19700807,-0.06654450310618786,Woningmarkt_Eigendom,weighted_mean,Woningmarkt
BU19700808,-0.08536650180605934,Woningmarkt_Eigendom,weighted_mean,Woningmarkt
BU19700809,-0.08053573112104831,Woningmarkt_Eigendom,weighted_mean,Woningmarkt
WK197009,0.0712996234349834,Woningmarkt_Eigendom,weighted_mean,Woningmarkt
BU19700900,0.08071561526241891,Woningmarkt_Eigendom,weighted_mean,Woningmarkt
BU19700909,-0.033087818507574314,Woningmarkt_Eigendom,weighted_mean,Woningmarkt
WK197010,-0.012730945560788295,Woningmarkt_Eigendom,weighted_mean,Woningmarkt
BU19701000,0.003987977797483357,Woningmarkt_Eigendom,weighted_mean,Woningmarkt
BU19701001,-0.09751796987294964,Woningmarkt_Eigendom,weighted_mean,Woningmarkt
BU19701002,0.027505367649536025,Woningmarkt_Eigendom,weighted_mean,Woningmarkt
BU19701003,-0.09022600430581175,Woningmarkt_Eigendom,weighted_mean,Woningmarkt
BU19701004,-0.08759242240910373,Woningmarkt_Eigendom,weighted_mean,Woningmarkt
BU19701005,-0.002663683266688789,Woningmarkt_Eigendom,weighted_mean,Woningmarkt
BU19701006,-0.08773257963007709,Woningmarkt_Eigendom,weighted_mean,Woningmarkt
BU19701008,-0.05659357826010886,Woningmarkt_Eigendom,weighted_mean,Woningmarkt
BU19701009,-0.03679567114861186,Woningmarkt_Eigendom,weighted_mean,Woningmarkt
WK197011,0.09571469651248107,Woningmarkt_Eigendom,weighted_mean,Woningmarkt
BU19701100,0.12395217785182612,Woningmarkt_Eigendom,weighted_mean,Woningmarkt
BU19701109,-0.15773033062855146,Woningmarkt_Eigendom,weighted_mean,Woningmarkt
WK197012,0.008748277015100914,Woningmarkt_Eigendom,weighted_mean,Woningmarkt
BU19701200,0.020792129006783653,Woningmarkt_Eigendom,weighted_mean,Woningmarkt
BU19701201,-0.15077389759578655,Woningmarkt_Eigendom,weighted_mean,Woningmarkt
BU19701202,0.05640664466986798,Woningmarkt_Eigendom,weighted_mean,Woningmarkt
BU19701203,0.10039652155399906,Woningmarkt_Eigendom,weighted_mean,Woningmarkt
BU19701204,0.04561788641189719,Woningmarkt_Eigendom,weighted_mean,Woningmarkt
BU19701206,-0.08546721867845503,Woningmarkt_Eigendom,weighted_mean,Woningmarkt
BU19701207,0.0005036371204401036,Woningmarkt_Eigendom,weighted_mean,Woningmarkt
BU19701208,-0.02514524660959222,Woningmarkt_Eigendom,weighted_mean,Woningmarkt
BU19701209,-0.06546287454194114,Woningmarkt_Eigendom,weighted_mean,Woningmarkt
WK197013,-0.012599683359701595,Woningmarkt_Eigendom,weighted_mean,Woningmarkt
BU19701300,0.04656358525182855,Woningmarkt_Eigendom,weighted_mean,Woningmarkt
BU19701301,-0.06459649518598101,Woningmarkt_Eigendom,weighted_mean,Woningmarkt
BU19701302,-0.04206273562656084,Woningmarkt_Eigendom,weighted_mean,Woningmarkt
BU19701308,-0.005039703952890131,Woningmarkt_Eigendom,weighted_mean,Woningmarkt
BU19701309,-0.03008031041216977,Woningmarkt_Eigendom,weighted_mean,Woningmarkt
WK197014,0.08125801589874451,Woningmarkt_Eigendom,weighted_mean,Woningmarkt
BU19701400,0.0809974867346245,Woningmarkt_Eigendom,weighted_mean,Woningmarkt
BU19701401,0.1799178405826664,Woningmarkt_Eigendom,weighted_mean,Woningmarkt
BU19701402,0.03558584111628663,Woningmarkt_Eigendom,weighted_mean,Woningmarkt
BU19701409,-0.12073638577364983,Woningmarkt_Eigendom,weighted_mean,Woningmarkt
GM0085,0.10464320252088918,Woningmarkt_Eigendom,weighted_mean,Woningmarkt
WK008501,0.12561256088062783,Woningmarkt_Eigendom,weighted_mean,Woningmarkt
BU00850101,-0.08127736099983872,Woningmarkt_Eigendom,weighted_mean,Woningmarkt
BU00850102,-0.12645104183053413,Woningmarkt_Eigendom,weighted_mean,Woningmarkt
BU00850103,-0.056436647154920236,Woningmarkt_Eigendom,weighted_mean,Woningmarkt
BU00850104,0.4832153293575194,Woningmarkt_Eigendom,weighted_mean,Woningmarkt
BU00850105,0.5627548179858676,Woningmarkt_Eigendom,weighted_mean,Woningmarkt
BU00850106,-0.2579818762412618,Woningmarkt_Eigendom,weighted_mean,Woningmarkt
BU00850107,0.20633710306410188,Woningmarkt_Eigendom,weighted_mean,Woningmarkt
BU00850108,0.0018050820770889875,Woningmarkt_Eigendom,weighted_mean,Woningmarkt
BU00850109,0.042643372990860004,Woningmarkt_Eigendom,weighted_mean,Woningmarkt
BU00850110,-0.05830861212450945,Woningmarkt_Eigendom,weighted_mean,Woningmarkt
BU00850111,-0.0455030371915994,Woningmarkt_Eigendom,weighted_mean,Woningmarkt
WK008502,-0.005278859122185842,Woningmarkt_Eigendom,weighted_mean,Woningmarkt
BU00850201,-0.11834689469773488,Woningmarkt_Eigendom,weighted_mean,Woningmarkt
BU00850202,0.16669912368332546,Woningmarkt_Eigendom,weighted_mean,Woningmarkt
BU00850203,-0.11023951977619224,Woningmarkt_Eigendom,weighted_mean,Woningmarkt
WK008503,-0.026221125901208744,Woningmarkt_Eigendom,weighted_mean,Woningmarkt
BU00850301,-0.017211336857514855,Woningmarkt_Eigendom,weighted_mean,Woningmarkt
BU00850302,-0.022648111918300268,Woningmarkt_Eigendom,weighted_mean,Woningmarkt
WK008504,-0.0965930084321922,Woningmarkt_Eigendom,weighted_mean,Woningmarkt
BU00850401,-0.18934915949491993,Woningmarkt_Eigendom,weighted_mean,Woningmarkt
BU00850402,-0.053110055350767786,Woningmarkt_Eigendom,weighted_mean,Woningmarkt
WK008505,-0.10332986566065419,Woningmarkt_Eigendom,weighted_mean,Woningmarkt
BU00850501,-0.1189129414599396,Woningmarkt_Eigendom,weighted_mean,Woningmarkt
BU00850502,-0.09467061018917909,Woningmarkt_Eigendom,weighted_mean,Woningmarkt
WK008506,0.07760220529028936,Woningmarkt_Eigendom,weighted_mean,Woningmarkt
BU00850601,0.34523104617439615,Woningmarkt_Eigendom,weighted_mean,Woningmarkt
BU00850602,0.08951875801682271,Woningmarkt_Eigendom,weighted_mean,Woningmarkt
BU00850603,0.11399084082805164,Woningmarkt_Eigendom,weighted_mean,Woningmarkt
BU00850604,-0.11091996382870309,Woningmarkt_Eigendom,weighted_mean,Woningmarkt
BU00850605,-0.19328538721222802,Woningmarkt_Eigendom,weighted_mean,Woningmarkt
BU00850606,0.29609250491524647,Woningmarkt_Eigendom,weighted_mean,Woningmarkt
BU00850607,-0.12828040403047591,Woningmarkt_Eigendom,weighted_mean,Woningmarkt
BU00850608,-0.0877967414870002,Woningmarkt_Eigendom,weighted_mean,Woningmarkt
WK008507,-0.11999605607427768,Woningmarkt_Eigendom,weighted_mean,Woningmarkt
BU00850701,-0.11175716959881637,Woningmarkt_Eigendom,weighted_mean,Woningmarkt
BU00850702,-0.12645104183053413,Woningmarkt_Eigendom,weighted_mean,Woningmarkt
WK008508,-0.011237637686601916,Woningmarkt_Eigendom,weighted_mean,Woningmarkt
BU00850801,0.02884807039917283,Woningmarkt_Eigendom,weighted_mean,Woningmarkt
BU00850802,-0.061972116309878506,Woningmarkt_Eigendom,weighted_mean,Woningmarkt
WK008509,-0.036870873300839976,Woningmarkt_Eigendom,weighted_mean,Woningmarkt
BU00850901,0.07118502772561495,Woningmarkt_Eigendom,weighted_mean,Woningmarkt
BU00850902,-0.07982410590811968,Woningmarkt_Eigendom,weighted_mean,Woningmarkt
WK008510,0.04121880983719525,Woningmarkt_Eigendom,weighted_mean,Woningmarkt
BU00851001,0.10580041992813044,Woningmarkt_Eigendom,weighted_mean,Woningmarkt
BU00851002,-0.09040522289447647,Woningmarkt_Eigendom,weighted_mean,Woningmarkt
BU00851003,-0.08441786669925334,Woningmarkt_Eigendom,weighted_mean,Woningmarkt
WK008511,0.18156697441903966,Woningmarkt_Eigendom,weighted_mean,Woningmarkt
BU00851101,-0.043747942251592835,Woningmarkt_Eigendom,weighted_mean,Woningmarkt
BU00851102,-0.11466247477173387,Woningmarkt_Eigendom,weighted_mean,Woningmarkt
BU00851103,0.32824139037566924,Woningmarkt_Eigendom,weighted_mean,Woningmarkt
BU00851104,0.4617771322796573,Woningmarkt_Eigendom,weighted_mean,Woningmarkt
BU00851105,0.40746124518973326,Woningmarkt_Eigendom,weighted_mean,Woningmarkt
BU00851106,0.03234222315230245,Woningmarkt_Eigendom,weighted_mean,Woningmarkt
BU00851107,0.15896534298713905,Woningmarkt_Eigendom,weighted_mean,Woningmarkt
BU00851108,0.7094287522947047,Woningmarkt_Eigendom,weighted_mean,Woningmarkt
BU00851109,0.023544833817098265,Woningmarkt_Eigendom,weighted_mean,Woningmarkt
BU00851110,0.08688842096672951,Woningmarkt_Eigendom,weighted_mean,Woningmarkt
BU00851111,-0.1965461891490311,Woningmarkt_Eigendom,weighted_mean,Woningmarkt
BU00851112,0.2306018308521801,Woningmarkt_Eigendom,weighted_mean,Woningmarkt
BU00851113,0.11493563513320315,Woningmarkt_Eigendom,weighted_mean,Woningmarkt
BU00851114,-0.09245167140945491,Woningmarkt_Eigendom,weighted_mean,Woningmarkt
BU00851115,-0.09560476682350641,Woningmarkt_Eigendom,weighted_mean,Woningmarkt
BU00851116,0.8865700197951296,Woningmarkt_Eigendom,weighted_mean,Woningmarkt
BU00851117,-0.12421699012704576,Woningmarkt_Eigendom,weighted_mean,Woningmarkt
BU00851118,-0.06451423943513514,Woningmarkt_Eigendom,weighted_mean,Woningmarkt
WK008512,-0.013684793212093038,Woningmarkt_Eigendom,weighted_mean,Woningmarkt
BU00851201,0.024119320912545136,Woningmarkt_Eigendom,weighted_mean,Woningmarkt
BU00851202,-0.08116974492463115,Woningmarkt_Eigendom,weighted_mean,Woningmarkt
WK008513,-0.048677561214711056,Woningmarkt_Eigendom,weighted_mean,Woningmarkt
BU00851301,-0.01914439248448602,Woningmarkt_Eigendom,weighted_mean,Woningmarkt
BU00851302,-0.09911521607254643,Woningmarkt_Eigendom,weighted_mean,Woningmarkt
GM0086,0.052048257473283746,Woningmarkt_Eigendom,weighted_mean,Woningmarkt
WK008601,-0.0060783393212255525,Woningmarkt_Eigendom,weighted_mean,Woningmarkt
BU00860101,-0.12732611087256837,Woningmarkt_Eigendom,weighted_mean,Woningmarkt
BU00860102,0.04592046774310723,Woningmarkt_Eigendom,weighted_mean,Woningmarkt
BU00860103,-0.05334194765717244,Woningmarkt_Eigendom,weighted_mean,Woningmarkt
WK008602,0.09077903675486383,Woningmarkt_Eigendom,weighted_mean,Woningmarkt
BU00860201,-0.05295994271922174,Woningmarkt_Eigendom,weighted_mean,Woningmarkt
BU00860202,0.14137998104599897,Woningmarkt_Eigendom,weighted_mean,Woningmarkt
BU00860203,0.1283092562129406,Woningmarkt_Eigendom,weighted_mean,Woningmarkt
BU00860204,0.30754552980724775,Woningmarkt_Eigendom,weighted_mean,Woningmarkt
BU00860205,-0.19093367678772571,Woningmarkt_Eigendom,weighted_mean,Woningmarkt
BU00860206,0.05563274660785249,Woningmarkt_Eigendom,weighted_mean,Woningmarkt
BU00860207,-0.18354102188836147,Woningmarkt_Eigendom,weighted_mean,Woningmarkt
BU00860208,-0.11071583040960829,Woningmarkt_Eigendom,weighted_mean,Woningmarkt
BU00860209,0.0410904565746852,Woningmarkt_Eigendom,weighted_mean,Woningmarkt
WK008604,-0.07457628918473594,Woningmarkt_Eigendom,weighted_mean,Woningmarkt
BU00860401,-0.060267249888504806,Woningmarkt_Eigendom,weighted_mean,Woningmarkt
BU00860402,-0.12064290422397571,Woningmarkt_Eigendom,weighted_mean,Woningmarkt
WK008605,0.11177757284701863,Woningmarkt_Eigendom,weighted_mean,Woningmarkt
BU00860501,0.14929599809139688,Woningmarkt_Eigendom,weighted_mean,Woningmarkt
BU00860502,-0.1082649570034012,Woningmarkt_Eigendom,weighted_mean,Woningmarkt
BU00860503,0.09695816429324426,Woningmarkt_Eigendom,weighted_mean,Woningmarkt
BU00860504,-0.14194038672731343,Woningmarkt_Eigendom,weighted_mean,Woningmarkt
BU00860505,-0.14724589544044278,Woningmarkt_Eigendom,weighted_mean,Woningmarkt
BU00860506,0.36062368173275766,Woningmarkt_Eigendom,weighted_mean,Woningmarkt
BU00860507,0.13545058496879023,Woningmarkt_Eigendom,weighted_mean,Woningmarkt
BU00860508,-0.15268386502945072,Woningmarkt_Eigendom,weighted_mean,Woningmarkt
WK008606,0.005467819428525492,Woningmarkt_Eigendom,weighted_mean,Woningmarkt
BU00860601,0.022928526849521874,Woningmarkt_Eigendom,weighted_mean,Woningmarkt
BU00860602,-0.036870873300839976,Woningmarkt_Eigendom,weighted_mean,Woningmarkt
WK008607,-0.14593977247826723,Woningmarkt_Eigendom,weighted_mean,Woningmarkt
BU00860701,-0.18610103772029776,Woningmarkt_Eigendom,weighted_mean,Woningmarkt
BU00860702,-0.10253038546161448,Woningmarkt_Eigendom,weighted_mean,Woningmarkt
WK008608,-0.008546359653578993,Woningmarkt_Eigendom,weighted_mean,Woningmarkt
BU00860801,0.02587688444525891,Woningmarkt_Eigendom,weighted_mean,Woningmarkt
BU00860802,-0.0829210775369222,Woningmarkt_Eigendom,weighted_mean,Woningmarkt
WK008609,0.0021533393716836532,Woningmarkt_Eigendom,weighted_mean,Woningmarkt
BU00860901,0.05362536637531566,Woningmarkt_Eigendom,weighted_mean,Woningmarkt
BU00860902,-0.11483476661741733,Woningmarkt_Eigendom,weighted_mean,Woningmarkt
WK008610,-0.041640880580455626,Woningmarkt_Eigendom,weighted_mean,Woningmarkt
BU00861001,-0.017211336857514855,Woningmarkt_Eigendom,weighted_mean,Woningmarkt
BU00861002,-0.11739478244935352,Woningmarkt_Eigendom,weighted_mean,Woningmarkt
WK008611,0.022709287165128586,Woningmarkt_Eigendom,weighted_mean,Woningmarkt
BU00861101,0.011490015861717249,Woningmarkt_Eigendom,weighted_mean,Woningmarkt
BU00861102,0.05326813420850676,Woningmarkt_Eigendom,weighted_mean,Woningmarkt
WK008613,-0.06699145864152474,Woningmarkt_Eigendom,weighted_mean,Woningmarkt
BU00861301,-0.10715272388355526,Woningmarkt_Eigendom,weighted_mean,Woningmarkt
BU00861302,-0.039134574555296994,Woningmarkt_Eigendom,weighted_mean,Woningmarkt
WK008614,-0.010975622472390503,Woningmarkt_Eigendom,weighted_mean,Woningmarkt
BU00861401,0.044382680622918204,Woningmarkt_Eigendom,weighted_mean,Woningmarkt
BU00861402,-0.10740256812354776,Woningmarkt_Eigendom,weighted_mean,Woningmarkt
WK008615,0.00846101127429279,Woningmarkt_Eigendom,weighted_mean,Woningmarkt
BU00861501,0.0567442211869045,Woningmarkt_Eigendom,weighted_mean,Woningmarkt
BU00861502,-0.051905949228534615,Woningmarkt_Eigendom,weighted_mean,Woningmarkt
WK008616,0.060360587516321215,Woningmarkt_Eigendom,weighted_mean,Woningmarkt
BU00861601,0.16612256921161483,Woningmarkt_Eigendom,weighted_mean,Woningmarkt
BU00861602,0.1083429971610101,Woningmarkt_Eigendom,weighted_mean,Woningmarkt
BU00861603,-0.03278027813126683,Woningmarkt_Eigendom,weighted_mean,Woningmarkt
BU00861604,0.3193250828816496,Woningmarkt_Eigendom,weighted_mean,Woningmarkt
BU00861605,-0.12180904361225164,Woningmarkt_Eigendom,weighted_mean,Woningmarkt
BU00861606,-0.11804555875526361,Woningmarkt_Eigendom,weighted_mean,Woningmarkt
BU00861607,-0.02079784877030641,Woningmarkt_Eigendom,weighted_mean,Woningmarkt
WK008617,0.023850070375612153,Woningmarkt_Eigendom,weighted_mean,Woningmarkt
BU00861701,0.14631042825911747,Woningmarkt_Eigendom,weighted_mean,Woningmarkt
BU00861702,0.10676498419030145,Woningmarkt_Eigendom,weighted_mean,Woningmarkt
BU00861703,-0.13082208164912967,Woningmarkt_Eigendom,weighted_mean,Woningmarkt
GM0088,0.14546914939238897,Woningmarkt_Eigendom,weighted_mean,Woningmarkt
WK008800,0.14546914939238897,Woningmarkt_Eigendom,weighted_mean,Woningmarkt
BU00880000,0.13782849130715136,Woningmarkt_Eigendom,weighted_mean,Woningmarkt
BU00880009,0.009784530091703686,Woningmarkt_Eigendom,weighted_mean,Woningmarkt
GM0090,0.10736875237701048,Woningmarkt_Eigendom,weighted_mean,Woningmarkt
WK009001,0.048545827161805305,Woningmarkt_Eigendom,weighted_mean,Woningmarkt
BU00900101,0.048545827161805305,Woningmarkt_Eigendom,weighted_mean,Woningmarkt
WK009002,0.23166523473640693,Woningmarkt_Eigendom,weighted_mean,Woningmarkt
BU00900201,-0.08999776220903476,Woningmarkt_Eigendom,weighted_mean,Woningmarkt
BU00900202,0.5332162044161832,Woningmarkt_Eigendom,weighted_mean,Woningmarkt
BU00900203,0.19128848384455993,Woningmarkt_Eigendom,weighted_mean,Woningmarkt
BU00900204,0.4220271276071484,Woningmarkt_Eigendom,weighted_mean,Woningmarkt
BU00900205,0.3183715121233463,Woningmarkt_Eigendom,weighted_mean,Woningmarkt
BU00900206,-0.22042772066386346,Woningmarkt_Eigendom,weighted_mean,Woningmarkt
WK009003,-0.12463312497679158,Woningmarkt_Eigendom,weighted_mean,Woningmarkt
BU00900301,-0.17322562955275206,Woningmarkt_Eigendom,weighted_mean,Woningmarkt
BU00900302,-0.09122645527409678,Woningmarkt_Eigendom,weighted_mean,Woningmarkt
BU00900303,-0.2427454536987664,Woningmarkt_Eigendom,weighted_mean,Woningmarkt
BU00900304,0.02629555234323138,Woningmarkt_Eigendom,weighted_mean,Woningmarkt
WK009004,-0.014935242816176482,Woningmarkt_Eigendom,weighted_mean,Woningmarkt
BU00900401,-0.020065073455694013,Woningmarkt_Eigendom,weighted_mean,Woningmarkt
BU00900402,0.05066703779820421,Woningmarkt_Eigendom,weighted_mean,Woningmarkt
BU00900403,-0.04833645881148897,Woningmarkt_Eigendom,weighted_mean,Woningmarkt
BU00900404,-0.09689597285965139,Woningmarkt_Eigendom,weighted_mean,Woningmarkt
BU00900405,-0.26868029397122417,Woningmarkt_Eigendom,weighted_mean,Woningmarkt
BU00900406,0.15559840687865045,Woningmarkt_Eigendom,weighted_mean,Woningmarkt
WK009005,-0.15606496320364222,Woningmarkt_Eigendom,weighted_mean,Woningmarkt
BU00900501,-0.14226578812356172,Woningmarkt_Eigendom,weighted_mean,Woningmarkt
BU00900502,-0.19554211297909355,Woningmarkt_Eigendom,weighted_mean,Woningmarkt
WK009006,0.08442150435214192,Woningmarkt_Eigendom,weighted_mean,Woningmarkt
BU00900601,-0.22828385988943545,Woningmarkt_Eigendom,weighted_mean,Woningmarkt
BU00900602,0.36425091471040577,Woningmarkt_Eigendom,weighted_mean,Woningmarkt
BU00900603,-0.2650045954180361,Woningmarkt_Eigendom,weighted_mean,Woningmarkt
WK009007,-0.05226527813802324,Woningmarkt_Eigendom,weighted_mean,Woningmarkt
BU00900701,-0.01694043768473627,Woningmarkt_Eigendom,weighted_mean,Woningmarkt
BU00900702,-0.17305310955867745,Woningmarkt_Eigendom,weighted_mean,Woningmarkt
BU00900703,-0.0013264528966807354,Woningmarkt_Eigendom,weighted_mean,Woningmarkt
BU00900704,-0.17990860390638416,Woningmarkt_Eigendom,weighted_mean,Woningmarkt
BU00900705,-0.02407179439688841,Woningmarkt_Eigendom,weighted_mean,Woningmarkt
BU00900706,0.13877933091628394,Woningmarkt_Eigendom,weighted_mean,Woningmarkt
WK009008,0.2575639627064319,Woningmarkt_Eigendom,weighted_mean,Woningmarkt
BU00900801,0.3358744266592907,Woningmarkt_Eigendom,weighted_mean,Woningmarkt
BU00900802,0.3118053017851884,Woningmarkt_Eigendom,weighted_mean,Woningmarkt
BU00900803,-0.016302560260683163,Woningmarkt_Eigendom,weighted_mean,Woningmarkt
WK009009,0.3508537971792414,Woningmarkt_Eigendom,weighted_mean,Woningmarkt
BU00900901,0.09366827139110279,Woningmarkt_Eigendom,weighted_mean,Woningmarkt
BU00900902,0.4074413297048307,Woningmarkt_Eigendom,weighted_mean,Woningmarkt
BU00900903,0.5023950652655922,Woningmarkt_Eigendom,weighted_mean,Woningmarkt
BU00900904,0.30857160867611155,Woningmarkt_Eigendom,weighted_mean,Woningmarkt
WK009010,0.43022284367207686,Woningmarkt_Eigendom,weighted_mean,Woningmarkt
BU00901001,0.4008261496874373,Woningmarkt_Eigendom,weighted_mean,Woningmarkt
BU00901002,0.22254403974962042,Woningmarkt_Eigendom,weighted_mean,Woningmarkt
BU00901003,0.30577917410279815,Woningmarkt_Eigendom,weighted_mean,Woningmarkt
BU00901004,0.6139324939633348,Woningmarkt_Eigendom,weighted_mean,Woningmarkt
WK009011,0.0072941449287714025,Woningmarkt_Eigendom,weighted_mean,Woningmarkt
BU00901101,0.0072941449287714025,Woningmarkt_Eigendom,weighted_mean,Woningmarkt
WK009012,-0.13971129341586438,Woningmarkt_Eigendom,weighted_mean,Woningmarkt
BU00901201,-0.08449824871197797,Woningmarkt_Eigendom,weighted_mean,Woningmarkt
BU00901202,-0.15251681741500484,Woningmarkt_Eigendom,weighted_mean,Woningmarkt
WK009013,0.04048941856135184,Woningmarkt_Eigendom,weighted_mean,Woningmarkt
BU00901301,0.45647228242894217,Woningmarkt_Eigendom,weighted_mean,Woningmarkt
BU00901302,-0.03828660757627651,Woningmarkt_Eigendom,weighted_mean,Woningmarkt
BU00901303,-0.09957163031704949,Woningmarkt_Eigendom,weighted_mean,Woningmarkt
WK009021,0.03660715633938201,Woningmarkt_Eigendom,weighted_mean,Woningmarkt
BU00902104,0.10205115531017062,Woningmarkt_Eigendom,weighted_mean,Woningmarkt
BU00902105,-0.10096696112406237,Woningmarkt_Eigendom,weighted_mean,Woningmarkt
BU00902109,-0.011356728913469734,Woningmarkt_Eigendom,weighted_mean,Woningmarkt
BU00902110,0.05059127174058802,Woningmarkt_Eigendom,weighted_mean,Woningmarkt
BU00902114,-0.04676239829441943,Woningmarkt_Eigendom,weighted_mean,Woningmarkt
WK009022,0.009716800066639851,Woningmarkt_Eigendom,weighted_mean,Woningmarkt
BU00902201,-0.11586420311171655,Woningmarkt_Eigendom,weighted_mean,Woningmarkt
BU00902202,-0.1045084570627198,Woningmarkt_Eigendom,weighted_mean,Woningmarkt
BU00902203,-0.18268586833122963,Woningmarkt_Eigendom,weighted_mean,Woningmarkt
BU00902206,0.10533705773620533,Woningmarkt_Eigendom,weighted_mean,Woningmarkt
BU00902212,-0.10833852306817295,Woningmarkt_Eigendom,weighted_mean,Woningmarkt
BU00902213,-0.044944707399908745,Woningmarkt_Eigendom,weighted_mean,Woningmarkt
BU00902215,-0.05434937825961837,Woningmarkt_Eigendom,weighted_mean,Woningmarkt
BU00902216,-0.1108376529975183,Woningmarkt_Eigendom,weighted_mean,Woningmarkt
WK009023,0.07582029566256851,Woningmarkt_Eigendom,weighted_mean,Woningmarkt
BU00902307,0.03803704634479271,Woningmarkt_Eigendom,weighted_mean,Woningmarkt
BU00902308,0.12557680300743806,Woningmarkt_Eigendom,weighted_mean,Woningmarkt
BU00902311,0.09234802023912252,Woningmarkt_Eigendom,weighted_mean,Woningmarkt
GM1900,0.06679059528054153,Woningmarkt_Eigendom,weighted_mean,Woningmarkt
WK190000,0.10040700136042259,Woningmarkt_Eigendom,weighted_mean,Woningmarkt
BU19000000,0.10804396889324233,Woningmarkt_Eigendom,weighted_mean,Woningmarkt
BU19000001,0.4325263208159999,Woningmarkt_Eigendom,weighted_mean,Woningmarkt
BU19000002,0.06558342624766884,Woningmarkt_Eigendom,weighted_mean,Woningmarkt
BU19000003,-0.23716039149398926,Woningmarkt_Eigendom,weighted_mean,Woningmarkt
BU19000004,-0.03379103169135377,Woningmarkt_Eigendom,weighted_mean,Woningmarkt
BU19000009,-0.19529240010421958,Woningmarkt_Eigendom,weighted_mean,Woningmarkt
WK190001,0.10346306998839333,Woningmarkt_Eigendom,weighted_mean,Woningmarkt
BU19000101,0.1874422144088833,Woningmarkt_Eigendom,weighted_mean,Woningmarkt
BU19000102,-0.07897453489129445,Woningmarkt_Eigendom,weighted_mean,Woningmarkt
BU19000103,-0.15370435833827462,Woningmarkt_Eigendom,weighted_mean,Woningmarkt
BU19000104,0.21904789590500673,Woningmarkt_Eigendom,weighted_mean,Woningmarkt
BU19000105,0.41746051762363856,Woningmarkt_Eigendom,weighted_mean,Woningmarkt
BU19000106,0.01653818932357179,Woningmarkt_Eigendom,weighted_mean,Woningmarkt
BU19000107,-0.1498618169254317,Woningmarkt_Eigendom,weighted_mean,Woningmarkt
BU19000108,-0.14021850044730128,Woningmarkt_Eigendom,weighted_mean,Woningmarkt
BU19000109,0.13818083818144816,Woningmarkt_Eigendom,weighted_mean,Woningmarkt
BU19000110,0.1568865545136381,Woningmarkt_Eigendom,weighted_mean,Woningmarkt
BU19000111,-0.2439296120745739,Woningmarkt_Eigendom,weighted_mean,Woningmarkt
BU19000112,0.3930760803223762,Woningmarkt_Eigendom,weighted_mean,Woningmarkt
BU19000113,0.06121232720216499,Woningmarkt_Eigendom,weighted_mean,Woningmarkt
BU19000114,0.21593844886881453,Woningmarkt_Eigendom,weighted_mean,Woningmarkt
BU19000115,0.3818617493918155,Woningmarkt_Eigendom,weighted_mean,Woningmarkt
BU19000116,0.21294201689778602,Woningmarkt_Eigendom,weighted_mean,Woningmarkt
BU19000117,-0.15117143408705408,Woningmarkt_Eigendom,weighted_mean,Woningmarkt
BU19000118,0.023622790512097185,Woningmarkt_Eigendom,weighted_mean,Woningmarkt
BU19000119,-0.23688718216768836,Woningmarkt_Eigendom,weighted_mean,Woningmarkt
BU19000120,-0.08381227634254326,Woningmarkt_Eigendom,weighted_mean,Woningmarkt
WK190002,0.06602743722299245,Woningmarkt_Eigendom,weighted_mean,Woningmarkt
BU19000200,0.07484454143487729,Woningmarkt_Eigendom,weighted_mean,Woningmarkt
BU19000201,-0.08849171560509869,Woningmarkt_Eigendom,weighted_mean,Woningmarkt
BU19000202,0.10281443607678674,Woningmarkt_Eigendom,weighted_mean,Woningmarkt
BU19000208,-0.06102550398129536,Woningmarkt_Eigendom,weighted_mean,Woningmarkt
BU19000209,0.10284955375980877,Woningmarkt_Eigendom,weighted_mean,Woningmarkt
WK190003,0.09772858106711503,Woningmarkt_Eigendom,weighted_mean,Woningmarkt
BU19000300,0.13299057206649656,Woningmarkt_Eigendom,weighted_mean,Woningmarkt
BU19000301,-0.012728005147344325,Woningmarkt_Eigendom,weighted_mean,Woningmarkt
BU19000302,0.016839849636914928,Woningmarkt_Eigendom,weighted_mean,Woningmarkt
BU19000308,0.0003365895059942031,Woningmarkt_Eigendom,weighted_mean,Woningmarkt
BU19000309,-0.11920580643601292,Woningmarkt_Eigendom,weighted_mean,Woningmarkt
WK190004,0.03813985362413938,Woningmarkt_Eigendom,weighted_mean,Woningmarkt
BU19000400,0.004249993011694778,Woningmarkt_Eigendom,weighted_mean,Woningmarkt
BU19000401,0.0013986936345457557,Woningmarkt_Eigendom,weighted_mean,Woningmarkt
BU19000402,-0.04725687422990581,Woningmarkt_Eigendom,weighted_mean,Woningmarkt
BU19000403,0.09377591936492072,Woningmarkt_Eigendom,weighted_mean,Woningmarkt
BU19000408,-0.0444435645565711,Woningmarkt_Eigendom,weighted_mean,Woningmarkt
BU19000409,-0.041762139520174685,Woningmarkt_Eigendom,weighted_mean,Woningmarkt
WK190005,0.047663110669324146,Woningmarkt_Eigendom,weighted_mean,Woningmarkt
BU19000500,-0.21109640639278077,Woningmarkt_Eigendom,weighted_mean,Woningmarkt
BU19000501,0.26525326830318485,Woningmarkt_Eigendom,weighted_mean,Woningmarkt
BU19000502,-0.12368067660850049,Woningmarkt_Eigendom,weighted_mean,Woningmarkt
BU19000503,-0.14276363576129933,Woningmarkt_Eigendom,weighted_mean,Woningmarkt
WK190006,0.017598044502797196,Woningmarkt_Eigendom,weighted_mean,Woningmarkt
BU19000600,0.042196121890275246,Woningmarkt_Eigendom,weighted_mean,Woningmarkt
BU19000602,0.009380682059525264,Woningmarkt_Eigendom,weighted_mean,Woningmarkt
BU19000603,0.04098540394052971,Woningmarkt_Eigendom,weighted_mean,Woningmarkt
BU19000607,-0.07043577407627015,Woningmarkt_Eigendom,weighted_mean,Woningmarkt
BU19000608,-0.08185793917916387,Woningmarkt_Eigendom,weighted_mean,Woningmarkt
BU19000609,-0.07358883702959822,Woningmarkt_Eigendom,weighted_mean,Woningmarkt
WK190007,-0.04666718134182199,Woningmarkt_Eigendom,weighted_mean,Woningmarkt
BU19000700,-0.010359347191552973,Woningmarkt_Eigendom,weighted_mean,Woningmarkt
BU19000701,-0.19500292964921334,Woningmarkt_Eigendom,weighted_mean,Woningmarkt
BU19000702,-0.10228550441328872,Woningmarkt_Eigendom,weighted_mean,Woningmarkt
BU19000706,-0.08187776635221952,Woningmarkt_Eigendom,weighted_mean,Woningmarkt
BU19000707,-0.15228343905850883,Woningmarkt_Eigendom,weighted_mean,Woningmarkt
BU19000708,-0.11378386989117031,Woningmarkt_Eigendom,weighted_mean,Woningmarkt
WK190008,-0.027403194444849732,Woningmarkt_Eigendom,weighted_mean,Woningmarkt
BU19000800,0.0008962187131795474,Woningmarkt_Eigendom,weighted_mean,Woningmarkt
BU19000801,-0.08159558630027372,Woningmarkt_Eigendom,weighted_mean,Woningmarkt
BU19000802,-0.08849171560509869,Woningmarkt_Eigendom,weighted_mean,Woningmarkt
BU19000804,-0.08294844835629328,Woningmarkt_Eigendom,weighted_mean,Woningmarkt
BU19000808,-0.1346740857058366,Woningmarkt_Eigendom,weighted_mean,Woningmarkt
BU19000809,-0.12403157384079841,Woningmarkt_Eigendom,weighted_mean,Woningmarkt
WK190009,-0.016932942526884685,Woningmarkt_Eigendom,weighted_mean,Woningmarkt
BU19000900,-0.011378098761724745,Woningmarkt_Eigendom,weighted_mean,Woningmarkt
BU19000901,0.10854361728466867,Woningmarkt_Eigendom,weighted_mean,Woningmarkt
BU19000902,-0.07854884319010402,Woningmarkt_Eigendom,weighted_mean,Woningmarkt
BU19000903,-0.15962036551944192,Woningmarkt_Eigendom,weighted_mean,Woningmarkt
BU19000904,-0.14221185016839294,Woningmarkt_Eigendom,weighted_mean,Woningmarkt
BU19000905,-0.12993164618393002,Woningmarkt_Eigendom,weighted_mean,Woningmarkt
BU19000906,-0.08849171560509869,Woningmarkt_Eigendom,weighted_mean,Woningmarkt
BU19000907,-0.1397239735780453,Woningmarkt_Eigendom,weighted_mean,Woningmarkt
BU19000908,-0.05308492732136666,Woningmarkt_Eigendom,weighted_mean,Woningmarkt
BU19000909,-0.10159443051698941,Woningmarkt_Eigendom,weighted_mean,Woningmarkt
WK190010,-0.04493174619815714,Woningmarkt_Eigendom,weighted_mean,Woningmarkt
BU19001000,-0.20585955542122375,Woningmarkt_Eigendom,weighted_mean,Woningmarkt
BU19001001,0.009079431830548726,Woningmarkt_Eigendom,weighted_mean,Woningmarkt
BU19001002,-0.1006363154965765,Woningmarkt_Eigendom,weighted_mean,Woningmarkt
BU19001003,-0.11378386989117031,Woningmarkt_Eigendom,weighted_mean,Woningmarkt
BU19001007,-0.19362127292438214,Woningmarkt_Eigendom,weighted_mean,Woningmarkt
BU19001008,-0.10262386701128866,Woningmarkt_Eigendom,weighted_mean,Woningmarkt
WK190011,0.02995107295824386,Woningmarkt_Eigendom,weighted_mean,Woningmarkt
BU19001100,0.07310553004604167,Woningmarkt_Eigendom,weighted_mean,Woningmarkt
BU19001101,-0.11380508077028606,Woningmarkt_Eigendom,weighted_mean,Woningmarkt
BU19001108,-0.032607777799531855,Woningmarkt_Eigendom,weighted_mean,Woningmarkt
BU19001109,-0.08849171560509869,Woningmarkt_Eigendom,weighted_mean,Woningmarkt
WK190012,-0.03491458556705408,Woningmarkt_Eigendom,weighted_mean,Woningmarkt
BU19001200,-0.02743376731371018,Woningmarkt_Eigendom,weighted_mean,Woningmarkt
BU19001201,-0.08981852431250904,Woningmarkt_Eigendom,weighted_mean,Woningmarkt
BU19001202,-0.057149948954935824,Woningmarkt_Eigendom,weighted_mean,Woningmarkt
BU19001203,-0.11378386989117031,Woningmarkt_Eigendom,weighted_mean,Woningmarkt
BU19001204,-0.044944707399908745,Woningmarkt_Eigendom,weighted_mean,Woningmarkt
BU19001208,-0.11568317315555574,Woningmarkt_Eigendom,weighted_mean,Woningmarkt
BU19001209,0.030472863474774972,Woningmarkt_Eigendom,weighted_mean,Woningmarkt
WK190013,0.012562445551927804,Woningmarkt_Eigendom,weighted_mean,Woningmarkt
BU19001300,0.09342244516738646,Woningmarkt_Eigendom,weighted_mean,Woningmarkt
BU19001301,-0.09299979792481057,Woningmarkt_Eigendom,weighted_mean,Woningmarkt
BU19001302,-0.010118705972165881,Woningmarkt_Eigendom,weighted_mean,Woningmarkt
BU19001303,-0.027471547965122734,Woningmarkt_Eigendom,weighted_mean,Woningmarkt
BU19001306,-0.13132322449246742,Woningmarkt_Eigendom,weighted_mean,Woningmarkt
BU19001307,-0.11321070573010623,Woningmarkt_Eigendom,weighted_mean,Woningmarkt
BU19001308,-0.12457913194128388,Woningmarkt_Eigendom,weighted_mean,Woningmarkt
BU19001309,-0.043115818246739226,Woningmarkt_Eigendom,weighted_mean,Woningmarkt
WK190014,-0.11338322572418086,Woningmarkt_Eigendom,weighted_mean,Woningmarkt
BU19001400,-0.05531774712722297,Woningmarkt_Eigendom,weighted_mean,Woningmarkt
BU19001401,-0.0831246795878193,Woningmarkt_Eigendom,weighted_mean,Woningmarkt
BU19001402,-0.16474039718331432,Woningmarkt_Eigendom,weighted_mean,Woningmarkt
BU19001403,-0.1319504445325625,Woningmarkt_Eigendom,weighted_mean,Woningmarkt
BU19001404,-0.19229375890951078,Woningmarkt_Eigendom,weighted_mean,Woningmarkt
BU19001405,-0.12501938888203065,Woningmarkt_Eigendom,weighted_mean,Woningmarkt
BU19001406,-0.17525366983736013,Woningmarkt_Eigendom,weighted_mean,Woningmarkt
BU19001407,-0.13619540715440068,Woningmarkt_Eigendom,weighted_mean,Woningmarkt
BU19001408,0.025193200819538936,Woningmarkt_Eigendom,weighted_mean,Woningmarkt
BU19001409,-0.08116974492463115,Woningmarkt_Eigendom,weighted_mean,Woningmarkt
WK190015,-0.0923010070579971,Woningmarkt_Eigendom,weighted_mean,Woningmarkt
BU19001500,-0.026560693509729276,Woningmarkt_Eigendom,weighted_mean,Woningmarkt
BU19001501,-0.10617949747547953,Woningmarkt_Eigendom,weighted_mean,Woningmarkt
BU19001502,-0.06512154399032781,Woningmarkt_Eigendom,weighted_mean,Woningmarkt
BU19001503,-0.08414493246503846,Woningmarkt_Eigendom,weighted_mean,Woningmarkt
BU19001509,-0.2050940703641525,Woningmarkt_Eigendom,weighted_mean,Woningmarkt
WK190016,-0.09562484017280938,Woningmarkt_Eigendom,weighted_mean,Woningmarkt
BU19001600,-0.11931702629656078,Woningmarkt_Eigendom,weighted_mean,Woningmarkt
BU19001601,-0.0941622320231199,Woningmarkt_Eigendom,weighted_mean,Woningmarkt
BU19001602,-0.1310018094257565,Woningmarkt_Eigendom,weighted_mean,Woningmarkt
BU19001603,-0.13559901981829606,Woningmarkt_Eigendom,weighted_mean,Woningmarkt
BU19001604,-0.025621257276959408,Woningmarkt_Eigendom,weighted_mean,Woningmarkt
BU19001606,-0.13748537281282,Woningmarkt_Eigendom,weighted_mean,Woningmarkt
BU19001607,-0.04692277900101405,Woningmarkt_Eigendom,weighted_mean,Woningmarkt
BU19001608,-0.09022600430581175,Woningmarkt_Eigendom,weighted_mean,Woningmarkt
WK190017,0.07833690842609839,Woningmarkt_Eigendom,weighted_mean,Woningmarkt
BU19001700,0.09757594901777335,Woningmarkt_Eigendom,weighted_mean,Woningmarkt
BU19001709,-0.06553301833360493,Woningmarkt_Eigendom,weighted_mean,Woningmarkt
WK190018,-0.10732539806156426,Woningmarkt_Eigendom,weighted_mean,Woningmarkt
BU19001800,-0.0938695487711504,Woningmarkt_Eigendom,weighted_mean,Woningmarkt
BU19001801,-0.11492824816709148,Woningmarkt_Eigendom,weighted_mean,Woningmarkt
BU19001802,-0.07929783503538089,Woningmarkt_Eigendom,weighted_mean,Woningmarkt
BU19001803,-0.09968113597911474,Woningmarkt_Eigendom,weighted_mean,Woningmarkt
BU19001804,-0.13720319276087417,Woningmarkt_Eigendom,weighted_mean,Woningmarkt
BU19001808,0.005115290618253332,Woningmarkt_Eigendom,weighted_mean,Woningmarkt
BU19001809,-0.07358883702959822,Woningmarkt_Eigendom,weighted_mean,Woningmarkt
WK190019,-0.04112529463184432,Woningmarkt_Eigendom,weighted_mean,Woningmarkt
BU19001900,-0.06400010784987643,Woningmarkt_Eigendom,weighted_mean,Woningmarkt
BU19001901,-0.09447324954100281,Woningmarkt_Eigendom,weighted_mean,Woningmarkt
BU19001902,-0.030642085658696985,Woningmarkt_Eigendom,weighted_mean,Woningmarkt
BU19001903,0.0006120751099192231,Woningmarkt_Eigendom,weighted_mean,Woningmarkt
BU19001904,-0.0962265498511777,Woningmarkt_Eigendom,weighted_mean,Woningmarkt
WK190020,0.013157069944939603,Woningmarkt_Eigendom,weighted_mean,Woningmarkt
BU19002001,0.12094520648455298,Woningmarkt_Eigendom,weighted_mean,Woningmarkt
BU19002002,-0.013478202003141801,Woningmarkt_Eigendom,weighted_mean,Woningmarkt
BU19002003,-0.04307279751065851,Woningmarkt_Eigendom,weighted_mean,Woningmarkt
BU19002004,-0.10385588718056107,Woningmarkt_Eigendom,weighted_mean,Woningmarkt
BU19002005,-0.17641781813415205,Woningmarkt_Eigendom,weighted_mean,Woningmarkt
BU19002006,0.04473013720768209,Woningmarkt_Eigendom,weighted_mean,Woningmarkt
BU19002007,-0.11852314533278627,Woningmarkt_Eigendom,weighted_mean,Woningmarkt
BU19002008,-0.10081831540425804,Woningmarkt_Eigendom,weighted_mean,Woningmarkt
BU19002009,-0.17014810881893086,Woningmarkt_Eigendom,weighted_mean,Woningmarkt
BU19002010,-0.07110396453405365,Woningmarkt_Eigendom,weighted_mean,Woningmarkt
BU19002011,0.0022084993952444787,Woningmarkt_Eigendom,weighted_mean,Woningmarkt
BU19002012,-0.12251668249564296,Woningmarkt_Eigendom,weighted_mean,Woningmarkt
BU19002013,-0.09160221619118367,Woningmarkt_Eigendom,weighted_mean,Woningmarkt
BU19002014,-0.07211348554345055,Woningmarkt_Eigendom,weighted_mean,Woningmarkt
BU19002015,-0.09135436718924442,Woningmarkt_Eigendom,weighted_mean,Woningmarkt
BU19002016,-0.031662832466922135,Woningmarkt_Eigendom,weighted_mean,Woningmarkt
BU19002017,-0.026558698271675923,Woningmarkt_Eigendom,weighted_mean,Woningmarkt
BU19002018,-0.01266231514751389,Woningmarkt_Eigendom,weighted_mean,Woningmarkt
BU19002019,-0.13781946804171177,Woningmarkt_Eigendom,weighted_mean,Woningmarkt
GM0093,0.05394871745317167,Woningmarkt_Eigendom,weighted_mean,Woningmarkt
WK009300,0.10512094859117968,Woningmarkt_Eigendom,weighted_mean,Woningmarkt
BU00930000,0.11091119349105846,Woningmarkt_Eigendom,weighted_mean,Woningmarkt
BU00930002,-0.13032882516389224,Woningmarkt_Eigendom,weighted_mean,Woningmarkt
WK009301,0.08702110999099935,Woningmarkt_Eigendom,weighted_mean,Woningmarkt
BU00930110,0.14990509312985173,Woningmarkt_Eigendom,weighted_mean,Woningmarkt
BU00930111,-0.10207630891080326,Woningmarkt_Eigendom,weighted_mean,Woningmarkt
BU00930112,-0.048048102870347914,Woningmarkt_Eigendom,weighted_mean,Woningmarkt
WK009302,-0.19803937903550417,Woningmarkt_Eigendom,weighted_mean,Woningmarkt
BU00930213,-0.22102408045979857,Woningmarkt_Eigendom,weighted_mean,Woningmarkt
BU00930214,-0.15505756879741733,Woningmarkt_Eigendom,weighted_mean,Woningmarkt
BU00930215,-0.08414493246503846,Woningmarkt_Eigendom,weighted_mean,Woningmarkt
WK009303,-0.10368589915267125,Woningmarkt_Eigendom,weighted_mean,Woningmarkt
BU00930316,-0.1429920108375699,Woningmarkt_Eigendom,weighted_mean,Woningmarkt
BU00930317,-0.08414493246503846,Woningmarkt_Eigendom,weighted_mean,Woningmarkt
WK009304,-0.04439860366277595,Woningmarkt_Eigendom,weighted_mean,Woningmarkt
BU00930418,-0.08194988535244682,Woningmarkt_Eigendom,weighted_mean,Woningmarkt
BU00930419,-0.04170732562975303,Woningmarkt_Eigendom,weighted_mean,Woningmarkt
BU00930420,-0.10222344104034675,Woningmarkt_Eigendom,weighted_mean,Woningmarkt
WK009305,-0.12142514275171443,Woningmarkt_Eigendom,weighted_mean,Woningmarkt
BU00930521,-0.073917925242767,Woningmarkt_Eigendom,weighted_mean,Woningmarkt
BU00930522,-0.08414493246503846,Woningmarkt_Eigendom,weighted_mean,Woningmarkt
BU00930523,-0.09404416912472911,Woningmarkt_Eigendom,weighted_mean,Woningmarkt
GM0737,0.020644941796901246,Woningmarkt_Eigendom,weighted_mean,Woningmarkt
WK073700,0.07304420237234543,Woningmarkt_Eigendom,weighted_mean,Woningmarkt
BU07370000,0.0790014948866701,Woningmarkt_Eigendom,weighted_mean,Woningmarkt
BU07370009,-0.08279380581194225,Woningmarkt_Eigendom,weighted_mean,Woningmarkt
WK073701,0.04943054550503254,Woningmarkt_Eigendom,weighted_mean,Woningmarkt
BU07370100,0.025028661777677735,Woningmarkt_Eigendom,weighted_mean,Woningmarkt
BU07370101,0.0683875329003981,Woningmarkt_Eigendom,weighted_mean,Woningmarkt
BU07370102,-0.06594615221876869,Woningmarkt_Eigendom,weighted_mean,Woningmarkt
BU07370108,-0.01846403519905296,Woningmarkt_Eigendom,weighted_mean,Woningmarkt
BU07370109,0.19808948077609959,Woningmarkt_Eigendom,weighted_mean,Woningmarkt
WK073702,0.009724007849191961,Woningmarkt_Eigendom,weighted_mean,Woningmarkt
BU07370200,0.057804230550064235,Woningmarkt_Eigendom,weighted_mean,Woningmarkt
BU07370201,0.013369133533519609,Woningmarkt_Eigendom,weighted_mean,Woningmarkt
BU07370208,-0.10551598283406328,Woningmarkt_Eigendom,weighted_mean,Woningmarkt
BU07370209,-0.09911521607254643,Woningmarkt_Eigendom,weighted_mean,Woningmarkt
WK073703,0.0016884911296671766,Woningmarkt_Eigendom,weighted_mean,Woningmarkt
BU07370300,0.019245652200520477,Woningmarkt_Eigendom,weighted_mean,Woningmarkt
BU07370309,-0.09928226368699229,Woningmarkt_Eigendom,weighted_mean,Woningmarkt
WK073704,-0.11531628135115202,Woningmarkt_Eigendom,weighted_mean,Woningmarkt
BU07370400,-0.15187020156026745,Woningmarkt_Eigendom,weighted_mean,Woningmarkt
BU07370401,-0.058162883424548964,Woningmarkt_Eigendom,weighted_mean,Woningmarkt
BU07370408,-0.03156447449265895,Woningmarkt_Eigendom,weighted_mean,Woningmarkt
BU07370409,-0.008719669875186395,Woningmarkt_Eigendom,weighted_mean,Woningmarkt
WK073705,-0.024961760651819327,Woningmarkt_Eigendom,weighted_mean,Woningmarkt
BU07370500,0.03595284057200189,Woningmarkt_Eigendom,weighted_mean,Woningmarkt
BU07370501,-0.022531011782916457,Woningmarkt_Eigendom,weighted_mean,Woningmarkt
BU07370508,-0.01777592925636698,Woningmarkt_Eigendom,weighted_mean,Woningmarkt
BU07370509,-0.1443229469136777,Woningmarkt_Eigendom,weighted_mean,Woningmarkt
WK073706,0.03132728484361577,Woningmarkt_Eigendom,weighted_mean,Woningmarkt
BU07370600,0.07023291547723359,Woningmarkt_Eigendom,weighted_mean,Woningmarkt
BU07370609,-0.08766399323582218,Woningmarkt_Eigendom,weighted_mean,Woningmarkt
WK073707,0.01746520108272154,Woningmarkt_Eigendom,weighted_mean,Woningmarkt
BU07370700,0.027067619281373897,Woningmarkt_Eigendom,weighted_mean,Woningmarkt
BU07370701,0.08712384964161787,Woningmarkt_Eigendom,weighted_mean,Woningmarkt
BU07370708,-0.09211059435724286,Woningmarkt_Eigendom,weighted_mean,Woningmarkt
BU07370709,-0.016891684733896725,Woningmarkt_Eigendom,weighted_mean,Woningmarkt
WK073708,0.04136796474496153,Woningmarkt_Eigendom,weighted_mean,Woningmarkt
BU07370800,0.06415555487391164,Woningmarkt_Eigendom,weighted_mean,Woningmarkt
BU07370809,-0.035415882806197604,Woningmarkt_Eigendom,weighted_mean,Woningmarkt
WK073709,-0.01723523867195465,Woningmarkt_Eigendom,weighted_mean,Woningmarkt
BU07370900,-0.023732968271290386,Woningmarkt_Eigendom,weighted_mean,Woningmarkt
BU07370909,-0.1056114596217908,Woningmarkt_Eigendom,weighted_mean,Woningmarkt
GM0096,0.2709203447330113,Woningmarkt_Eigendom,weighted_mean,Woningmarkt
WK009600,0.2709203447330113,Woningmarkt_Eigendom,weighted_mean,Woningmarkt
BU00960000,0.27226746979961425,Woningmarkt_Eigendom,weighted_mean,Woningmarkt
BU00960009,0.030017410999102163,Woningmarkt_Eigendom,weighted_mean,Woningmarkt
GM1949,0.07205980939234971,Woningmarkt_Eigendom,weighted_mean,Woningmarkt
WK194915,0.007075750552249783,Woningmarkt_Eigendom,weighted_mean,Woningmarkt
BU19491500,0.117379855518656,Woningmarkt_Eigendom,weighted_mean,Woningmarkt
BU19491501,-0.008606019341208526,Woningmarkt_Eigendom,weighted_mean,Woningmarkt
WK194916,0.18579803066373568,Woningmarkt_Eigendom,weighted_mean,Woningmarkt
BU19491600,-0.07998594097806677,Woningmarkt_Eigendom,weighted_mean,Woningmarkt
BU19491601,-0.10750328499594354,Woningmarkt_Eigendom,weighted_mean,Woningmarkt
BU19491602,0.3445492476260515,Woningmarkt_Eigendom,weighted_mean,Woningmarkt
BU19491603,-0.06986755014003673,Woningmarkt_Eigendom,weighted_mean,Woningmarkt
BU19491604,0.24586870412925335,Woningmarkt_Eigendom,weighted_mean,Woningmarkt
BU19491605,0.20155735709807243,Woningmarkt_Eigendom,weighted_mean,Woningmarkt
BU19491606,-0.11804555875526361,Woningmarkt_Eigendom,weighted_mean,Woningmarkt
WK194917,-0.16311633629600322,Woningmarkt_Eigendom,weighted_mean,Woningmarkt
BU19491700,-0.16311633629600322,Woningmarkt_Eigendom,weighted_mean,Woningmarkt
WK194918,0.06696490575787843,Woningmarkt_Eigendom,weighted_mean,Woningmarkt
BU19491800,-0.15174791008482558,Woningmarkt_Eigendom,weighted_mean,Woningmarkt
BU19491801,0.018519738066252518,Woningmarkt_Eigendom,weighted_mean,Woningmarkt
BU19491802,0.13565702650328923,Woningmarkt_Eigendom,weighted_mean,Woningmarkt
BU19491803,-0.11804555875526361,Woningmarkt_Eigendom,weighted_mean,Woningmarkt
BU19491804,-0.13144047441694867,Woningmarkt_Eigendom,weighted_mean,Woningmarkt
WK194919,0.009211670893764803,Woningmarkt_Eigendom,weighted_mean,Woningmarkt
BU19491900,-0.10833852306817295,Woningmarkt_Eigendom,weighted_mean,Woningmarkt
BU19491901,0.014739900579432204,Woningmarkt_Eigendom,weighted_mean,Woningmarkt
WK194920,-0.011712193990616508,Woningmarkt_Eigendom,weighted_mean,Woningmarkt
BU19492000,-0.08185785086731712,Woningmarkt_Eigendom,weighted_mean,Woningmarkt
BU19492001,0.0046484829714916395,Woningmarkt_Eigendom,weighted_mean,Woningmarkt
WK194921,0.031735859625931076,Woningmarkt_Eigendom,weighted_mean,Woningmarkt
BU19492100,0.031735859625931076,Woningmarkt_Eigendom,weighted_mean,Woningmarkt
WK194922,-0.0951255803428803,Woningmarkt_Eigendom,weighted_mean,Woningmarkt
BU19492200,-0.08414493246503846,Woningmarkt_Eigendom,weighted_mean,Woningmarkt
WK194923,0.048038491231373354,Woningmarkt_Eigendom,weighted_mean,Woningmarkt
BU19492300,-0.08414493246503846,Woningmarkt_Eigendom,weighted_mean,Woningmarkt
BU19492301,0.05978602864557687,Woningmarkt_Eigendom,weighted_mean,Woningmarkt
WK194924,-0.05228314330453336,Woningmarkt_Eigendom,weighted_mean,Woningmarkt
BU19492400,-0.09519166851741916,Woningmarkt_Eigendom,weighted_mean,Woningmarkt
BU19492401,-0.04675342756877458,Woningmarkt_Eigendom,weighted_mean,Woningmarkt
WK194925,0.11217984438156176,Woningmarkt_Eigendom,weighted_mean,Woningmarkt
BU19492500,-0.1421368572804381,Woningmarkt_Eigendom,weighted_mean,Woningmarkt
BU19492501,0.15037375463335334,Woningmarkt_Eigendom,weighted_mean,Woningmarkt
WK194926,-0.015091605506494864,Woningmarkt_Eigendom,weighted_mean,Woningmarkt
BU19492600,0.013557010121519698,Woningmarkt_Eigendom,weighted_mean,Woningmarkt
BU19492601,-0.12119655819929906,Woningmarkt_Eigendom,weighted_mean,Woningmarkt
BU19492602,0.13819482717909876,Woningmarkt_Eigendom,weighted_mean,Woningmarkt
BU19492603,-0.20567243813794106,Woningmarkt_Eigendom,weighted_mean,Woningmarkt
BU19492604,-0.03434984313083694,Woningmarkt_Eigendom,weighted_mean,Woningmarkt
WK194927,-0.040699744778070555,Woningmarkt_Eigendom,weighted_mean,Woningmarkt
BU19492700,-0.040699744778070555,Woningmarkt_Eigendom,weighted_mean,Woningmarkt
WK194928,0.07624385857142758,Woningmarkt_Eigendom,weighted_mean,Woningmarkt
BU19492800,-0.08185785086731712,Woningmarkt_Eigendom,weighted_mean,Woningmarkt
BU19492801,-0.07282268444139006,Woningmarkt_Eigendom,weighted_mean,Woningmarkt
BU19492802,0.1465683111498055,Woningmarkt_Eigendom,weighted_mean,Woningmarkt
BU19492803,-0.08877945414441155,Woningmarkt_Eigendom,weighted_mean,Woningmarkt
BU19492804,0.24498839500255087,Woningmarkt_Eigendom,weighted_mean,Woningmarkt
BU19492805,-0.13220373837396096,Woningmarkt_Eigendom,weighted_mean,Woningmarkt
BU19492806,-0.12421699012704576,Woningmarkt_Eigendom,weighted_mean,Woningmarkt
BU19492807,-0.1440489383895054,Woningmarkt_Eigendom,weighted_mean,Woningmarkt
BU19492808,0.10292941826505012,Woningmarkt_Eigendom,weighted_mean,Woningmarkt
BU19492809,0.35960871588390153,Woningmarkt_Eigendom,weighted_mean,Woningmarkt
BU19492810,0.039181877729865054,Woningmarkt_Eigendom,weighted_mean,Woningmarkt
BU19492811,0.3133105758788025,Woningmarkt_Eigendom,weighted_mean,Woningmarkt
BU19492812,-0.12841638452484835,Woningmarkt_Eigendom,weighted_mean,Woningmarkt
BU19492813,0.1063252088973472,Woningmarkt_Eigendom,weighted_mean,Woningmarkt
BU19492814,-0.09888676922097836,Woningmarkt_Eigendom,weighted_mean,Woningmarkt
BU19492815,-0.22345443812845286,Woningmarkt_Eigendom,weighted_mean,Woningmarkt
BU19492816,-0.11020892984946043,Woningmarkt_Eigendom,weighted_mean,Woningmarkt
BU19492817,-0.20790193519802785,Woningmarkt_Eigendom,weighted_mean,Woningmarkt
WK194929,0.024719667038017666,Woningmarkt_Eigendom,weighted_mean,Woningmarkt
BU19492900,0.024719667038017666,Woningmarkt_Eigendom,weighted_mean,Woningmarkt
WK194930,0.10626580489827837,Woningmarkt_Eigendom,weighted_mean,Woningmarkt
BU19493000,0.10626580489827837,Woningmarkt_Eigendom,weighted_mean,Woningmarkt
WK194931,-0.19524752965796827,Woningmarkt_Eigendom,weighted_mean,Woningmarkt
BU19493100,-0.08414493246503846,Woningmarkt_Eigendom,weighted_mean,Woningmarkt
BU19493101,-0.21567370130041788,Woningmarkt_Eigendom,weighted_mean,Woningmarkt
WK194932,0.09493167805036855,Woningmarkt_Eigendom,weighted_mean,Woningmarkt
BU19493200,-0.06999372665226108,Woningmarkt_Eigendom,weighted_mean,Woningmarkt
BU19493201,0.24222158320687232,Woningmarkt_Eigendom,weighted_mean,Woningmarkt
BU19493202,0.09839334946366207,Woningmarkt_Eigendom,weighted_mean,Woningmarkt
WK194933,-0.10043280299567775,Woningmarkt_Eigendom,weighted_mean,Woningmarkt
BU19493300,-0.08414493246503846,Woningmarkt_Eigendom,weighted_mean,Woningmarkt
WK194934,0.07058865744738177,Woningmarkt_Eigendom,weighted_mean,Woningmarkt
BU19493400,-0.0891336866708682,Woningmarkt_Eigendom,weighted_mean,Woningmarkt
BU19493401,0.09395395612479344,Woningmarkt_Eigendom,weighted_mean,Woningmarkt
WK194935,0.08100817580532133,Woningmarkt_Eigendom,weighted_mean,Woningmarkt
BU19493500,-0.07998594097806677,Woningmarkt_Eigendom,weighted_mean,Woningmarkt
BU19493501,-0.09682710424913896,Woningmarkt_Eigendom,weighted_mean,Woningmarkt
BU19493502,0.14137909509751662,Woningmarkt_Eigendom,weighted_mean,Woningmarkt
BU19493503,-0.017940700593188752,Woningmarkt_Eigendom,weighted_mean,Woningmarkt
WK194936,0.07181770966304071,Woningmarkt_Eigendom,weighted_mean,Woningmarkt
BU19493600,-0.1269721001587742,Woningmarkt_Eigendom,weighted_mean,Woningmarkt
BU19493601,-0.13144047441694867,Woningmarkt_Eigendom,weighted_mean,Woningmarkt
BU19493602,-0.02128951170003717,Woningmarkt_Eigendom,weighted_mean,Woningmarkt
BU19493603,0.17626575646861858,Woningmarkt_Eigendom,weighted_mean,Woningmarkt
WK194937,-0.04537572963331128,Woningmarkt_Eigendom,weighted_mean,Woningmarkt
BU19493700,-0.04537572963331128,Woningmarkt_Eigendom,weighted_mean,Woningmarkt
WK194938,0.07421016869256908,Woningmarkt_Eigendom,weighted_mean,Woningmarkt
BU19493800,-0.04444900939603043,Woningmarkt_Eigendom,weighted_mean,Woningmarkt
BU19493801,0.09305366409633195,Woningmarkt_Eigendom,weighted_mean,Woningmarkt
WK194939,-0.030056664286290644,Woningmarkt_Eigendom,weighted_mean,Woningmarkt
BU19493900,-0.1203950552220365,Woningmarkt_Eigendom,weighted_mean,Woningmarkt
BU19493901,0.009238762474480524,Woningmarkt_Eigendom,weighted_mean,Woningmarkt
WK194940,-0.017930015669061244,Woningmarkt_Eigendom,weighted_mean,Woningmarkt
BU19494000,-0.017930015669061244,Woningmarkt_Eigendom,weighted_mean,Woningmarkt
WK194941,-0.039670308283771286,Woningmarkt_Eigendom,weighted_mean,Woningmarkt
BU19494100,-0.039670308283771286,Woningmarkt_Eigendom,weighted_mean,Woningmarkt
WK194942,0.04234744961362939,Woningmarkt_Eigendom,weighted_mean,Woningmarkt
BU19494200,-0.07626501381812378,Woningmarkt_Eigendom,weighted_mean,Woningmarkt
BU19494201,0.03295494972813867,Woningmarkt_Eigendom,weighted_mean,Woningmarkt
WK194943,-0.004937528570572508,Woningmarkt_Eigendom,weighted_mean,Woningmarkt
BU19494300,-0.004937528570572508,Woningmarkt_Eigendom,weighted_mean,Woningmarkt
WK194944,0.17779633580625556,Woningmarkt_Eigendom,weighted_mean,Woningmarkt
BU19494400,-0.024378334517466328,Woningmarkt_Eigendom,weighted_mean,Woningmarkt
BU19494401,0.22075105446362664,Woningmarkt_Eigendom,weighted_mean,Woningmarkt
BU19494402,-0.14263076480105416,Woningmarkt_Eigendom,weighted_mean,Woningmarkt
BU19494403,-0.11378386989117031,Woningmarkt_Eigendom,weighted_mean,Woningmarkt
WK194945,-0.11645882750472841,Woningmarkt_Eigendom,weighted_mean,Woningmarkt
BU19494500,-0.11645882750472841,Woningmarkt_Eigendom,weighted_mean,Woningmarkt
WK194946,-0.13781946804171177,Woningmarkt_Eigendom,weighted_mean,Woningmarkt
BU19494600,-0.13781946804171177,Woningmarkt_Eigendom,weighted_mean,Woningmarkt
WK194947,-0.017323220301830554,Woningmarkt_Eigendom,weighted_mean,Woningmarkt
BU19494700,-0.08178682083498151,Woningmarkt_Eigendom,weighted_mean,Woningmarkt
BU19494701,-0.01179350456607178,Woningmarkt_Eigendom,weighted_mean,Woningmarkt
WK194948,0.10559755936015594,Woningmarkt_Eigendom,weighted_mean,Woningmarkt
BU19494800,-0.09997036962967831,Woningmarkt_Eigendom,weighted_mean,Woningmarkt
BU19494801,0.13478939753876756,Woningmarkt_Eigendom,weighted_mean,Woningmarkt
WK194949,0.07525225780887977,Woningmarkt_Eigendom,weighted_mean,Woningmarkt
BU19494900,0.005704470171805837,Woningmarkt_Eigendom,weighted_mean,Woningmarkt
BU19494901,0.041660829721034826,Woningmarkt_Eigendom,weighted_mean,Woningmarkt
BU19494902,0.13449108772323504,Woningmarkt_Eigendom,weighted_mean,Woningmarkt
WK194950,0.08468042061053416,Woningmarkt_Eigendom,weighted_mean,Woningmarkt
BU19495000,-0.0851059726419393,Woningmarkt_Eigendom,weighted_mean,Woningmarkt
BU19495001,0.11534716476869064,Woningmarkt_Eigendom,weighted_mean,Woningmarkt
WK194951,-0.10809067406623377,Woningmarkt_Eigendom,weighted_mean,Woningmarkt
BU19495100,-0.10809067406623377,Woningmarkt_Eigendom,weighted_mean,Woningmarkt
WK194952,0.008186220729002915,Woningmarkt_Eigendom,weighted_mean,Woningmarkt
BU19495200,0.008186220729002915,Woningmarkt_Eigendom,weighted_mean,Woningmarkt
WK194953,0.07098193486267987,Woningmarkt_Eigendom,weighted_mean,Woningmarkt
BU19495300,-0.07211348554345055,Woningmarkt_Eigendom,weighted_mean,Woningmarkt
BU19495301,0.06745390516716665,Woningmarkt_Eigendom,weighted_mean,Woningmarkt
BU19495302,-0.13144047441694867,Woningmarkt_Eigendom,weighted_mean,Woningmarkt
WK194954,-0.0550445378009221,Woningmarkt_Eigendom,weighted_mean,Woningmarkt
BU19495400,-0.08673003352925039,Woningmarkt_Eigendom,weighted_mean,Woningmarkt
BU19495401,-0.053041365710585105,Woningmarkt_Eigendom,weighted_mean,Woningmarkt
WK194955,-0.09614175798757776,Woningmarkt_Eigendom,weighted_mean,Woningmarkt
BU19495500,-0.09614175798757776,Woningmarkt_Eigendom,weighted_mean,Woningmarkt
GM0098,0.10508569990595196,Woningmarkt_Eigendom,weighted_mean,Woningmarkt
WK009800,0.16852798529632548,Woningmarkt_Eigendom,weighted_mean,Woningmarkt
BU00980001,-0.12421699012704576,Woningmarkt_Eigendom,weighted_mean,Woningmarkt
BU00980002,-0.057556684012357966,Woningmarkt_Eigendom,weighted_mean,Woningmarkt
BU00980003,-0.05827852505001081,Woningmarkt_Eigendom,weighted_mean,Woningmarkt
BU00980004,0.28544978808354576,Woningmarkt_Eigendom,weighted_mean,Woningmarkt
BU00980005,0.2724555380419642,Woningmarkt_Eigendom,weighted_mean,Woningmarkt
BU00980006,0.07622780691886702,Woningmarkt_Eigendom,weighted_mean,Woningmarkt
BU00980007,-0.02768685640031758,Woningmarkt_Eigendom,weighted_mean,Woningmarkt
BU00980008,0.12309229339798797,Woningmarkt_Eigendom,weighted_mean,Woningmarkt
BU00980009,0.10863936681882824,Woningmarkt_Eigendom,weighted_mean,Woningmarkt
BU00980010,0.374002515356994,Woningmarkt_Eigendom,weighted_mean,Woningmarkt
BU00980011,0.133743858821051,Woningmarkt_Eigendom,weighted_mean,Woningmarkt
BU00980012,0.3822773920006054,Woningmarkt_Eigendom,weighted_mean,Woningmarkt
BU00980013,0.40114417023308135,Woningmarkt_Eigendom,weighted_mean,Woningmarkt
BU00980014,0.047313916790297936,Woningmarkt_Eigendom,weighted_mean,Woningmarkt
BU00980015,0.02267106437969786,Woningmarkt_Eigendom,weighted_mean,Woningmarkt
BU00980016,0.4093660224101757,Woningmarkt_Eigendom,weighted_mean,Woningmarkt
BU00980017,-0.24457446498621857,Woningmarkt_Eigendom,weighted_mean,Woningmarkt
BU00980018,0.5410764468966831,Woningmarkt_Eigendom,weighted_mean,Woningmarkt
BU00980019,-0.03588491798597325,Woningmarkt_Eigendom,weighted_mean,Woningmarkt
BU00980020,-0.2168846285144368,Woningmarkt_Eigendom,weighted_mean,Woningmarkt
BU00980021,0.32916979206237107,Woningmarkt_Eigendom,weighted_mean,Woningmarkt
WK009801,-0.10426582060527934,Woningmarkt_Eigendom,weighted_mean,Woningmarkt
BU00980101,-0.13132322449246742,Woningmarkt_Eigendom,weighted_mean,Woningmarkt
BU00980102,-0.07246749625724473,Woningmarkt_Eigendom,weighted_mean,Woningmarkt
BU00980103,-0.11630246481440999,Woningmarkt_Eigendom,weighted_mean,Woningmarkt
BU00980104,-0.09928226368699229,Woningmarkt_Eigendom,weighted_mean,Woningmarkt
WK009802,-0.04061147577289513,Woningmarkt_Eigendom,weighted_mean,Woningmarkt
BU00980201,-0.1262839942160882,Woningmarkt_Eigendom,weighted_mean,Woningmarkt
BU00980202,0.015071719530699884,Woningmarkt_Eigendom,weighted_mean,Woningmarkt
WK009803,-0.07806357027522311,Woningmarkt_Eigendom,weighted_mean,Woningmarkt
BU00980301,-0.09769225281011708,Woningmarkt_Eigendom,weighted_mean,Woningmarkt
BU00980302,-0.08023378998000602,Woningmarkt_Eigendom,weighted_mean,Woningmarkt
BU00980303,-0.12499950093729763,Woningmarkt_Eigendom,weighted_mean,Woningmarkt
BU00980304,-0.031704371299480866,Woningmarkt_Eigendom,weighted_mean,Woningmarkt
BU00980305,-0.07784805708523718,Woningmarkt_Eigendom,weighted_mean,Woningmarkt
WK009804,-0.033897956090572064,Woningmarkt_Eigendom,weighted_mean,Woningmarkt
BU00980401,0.007138118358362706,Woningmarkt_Eigendom,weighted_mean,Woningmarkt
BU00980402,-0.028675366712056394,Woningmarkt_Eigendom,weighted_mean,Woningmarkt
BU00980403,-0.08604192758656444,Woningmarkt_Eigendom,weighted_mean,Woningmarkt
WK009805,-0.10441497551304565,Woningmarkt_Eigendom,weighted_mean,Woningmarkt
BU00980501,-0.06861751476688914,Woningmarkt_Eigendom,weighted_mean,Woningmarkt
BU00980502,-0.1418364971465132,Woningmarkt_Eigendom,weighted_mean,Woningmarkt
WK009806,-0.11169801909914878,Woningmarkt_Eigendom,weighted_mean,Woningmarkt
BU00980601,-0.12142249647828243,Woningmarkt_Eigendom,weighted_mean,Woningmarkt
BU00980602,-0.09791873196380128,Woningmarkt_Eigendom,weighted_mean,Woningmarkt
WK009807,0.02318709246232736,Woningmarkt_Eigendom,weighted_mean,Woningmarkt
BU00980701,0.05261957186032615,Woningmarkt_Eigendom,weighted_mean,Woningmarkt
BU00980702,-0.13978485948063624,Woningmarkt_Eigendom,weighted_mean,Woningmarkt
WK009808,-0.007481646933882501,Woningmarkt_Eigendom,weighted_mean,Woningmarkt
BU00980801,0.0716675363793505,Woningmarkt_Eigendom,weighted_mean,Woningmarkt
BU00980802,-0.12876320866053118,Woningmarkt_Eigendom,weighted_mean,Woningmarkt
WK009809,-0.046615238624706526,Woningmarkt_Eigendom,weighted_mean,Woningmarkt
BU00980901,0.049105708377085173,Woningmarkt_Eigendom,weighted_mean,Woningmarkt
BU00980902,-0.06305722616226996,Woningmarkt_Eigendom,weighted_mean,Woningmarkt
BU00980903,-0.10833852306817295,Woningmarkt_Eigendom,weighted_mean,Woningmarkt
WK009810,0.20966500891261647,Woningmarkt_Eigendom,weighted_mean,Woningmarkt
BU00981001,0.18558793477303956,Woningmarkt_Eigendom,weighted_mean,Woningmarkt
BU00981002,-0.08341558101257804,Woningmarkt_Eigendom,weighted_mean,Woningmarkt
BU00981003,0.11314997147090548,Woningmarkt_Eigendom,weighted_mean,Woningmarkt
BU00981004,0.394701868785575,Woningmarkt_Eigendom,weighted_mean,Woningmarkt
BU00981005,0.5035967894590058,Woningmarkt_Eigendom,weighted_mean,Woningmarkt
BU00981006,-0.12828040403047591,Woningmarkt_Eigendom,weighted_mean,Woningmarkt
BU00981007,-0.23328863064579652,Woningmarkt_Eigendom,weighted_mean,Woningmarkt
BU00981008,-0.07046577853026034,Woningmarkt_Eigendom,weighted_mean,Woningmarkt
BU00981009,-0.13576783037583479,Woningmarkt_Eigendom,weighted_mean,Woningmarkt
WK009811,-0.10326496174178718,Woningmarkt_Eigendom,weighted_mean,Woningmarkt
BU00981101,-0.04900444866105073,Woningmarkt_Eigendom,weighted_mean,Woningmarkt
BU00981102,-0.15361981997407592,Woningmarkt_Eigendom,weighted_mean,Woningmarkt
WK009812,0.13270693350462887,Woningmarkt_Eigendom,weighted_mean,Woningmarkt
BU00981201,0.13270693350462887,Woningmarkt_Eigendom,weighted_mean,Woningmarkt
WK009813,0.0214924059236885,Woningmarkt_Eigendom,weighted_mean,Woningmarkt
BU00981301,0.11657023127018958,Woningmarkt_Eigendom,weighted_mean,Woningmarkt
BU00981302,-0.09185006519312285,Woningmarkt_Eigendom,weighted_mean,Woningmarkt
WK009814,-0.05875257216606341,Woningmarkt_Eigendom,weighted_mean,Woningmarkt
BU00981401,0.013372610675095018,Woningmarkt_Eigendom,weighted_mean,Woningmarkt
BU00981402,-0.123723978384152,Woningmarkt_Eigendom,weighted_mean,Woningmarkt
WK009815,-0.01903156386477968,Woningmarkt_Eigendom,weighted_mean,Woningmarkt
BU00981501,-0.027708712042934406,Woningmarkt_Eigendom,weighted_mean,Woningmarkt
BU00981502,0.0003365895059942031,Woningmarkt_Eigendom,weighted_mean,Woningmarkt
GM0059,0.26694634078886825,Welvaart_Kwetsbaarheid,entropy,Welvaart
WK005900,0.26501222857042755,Welvaart_Kwetsbaarheid,entropy,Welvaart
BU00590000,0.22545719076630946,Welvaart_Kwetsbaarheid,entropy,Welvaart
BU00590001,0.2684650261133896,Welvaart_Kwetsbaarheid,entropy,Welvaart
BU00590002,0.2616880108061924,Welvaart_Kwetsbaarheid,entropy,Welvaart
BU00590003,0.3106822342043213,Welvaart_Kwetsbaarheid,entropy,Welvaart
BU00590004,0.26355033542652817,Welvaart_Kwetsbaarheid,entropy,Welvaart
BU00590005,0.26132308791567477,Welvaart_Kwetsbaarheid,entropy,Welvaart
BU00590006,0.2694183454119191,Welvaart_Kwetsbaarheid,entropy,Welvaart
BU00590007,0.23442966440875776,Welvaart_Kwetsbaarheid,entropy,Welvaart
BU00590008,0.2418228524035667,Welvaart_Kwetsbaarheid,entropy,Welvaart
BU00590009,0.2473817590869811,Welvaart_Kwetsbaarheid,entropy,Welvaart
WK005901,0.25776366252350574,Welvaart_Kwetsbaarheid,entropy,Welvaart
BU00590100,0.22472981528468833,Welvaart_Kwetsbaarheid,entropy,Welvaart
BU00590102,0.22130288950402593,Welvaart_Kwetsbaarheid,entropy,Welvaart
BU00590103,0.2618195273293518,Welvaart_Kwetsbaarheid,entropy,Welvaart
BU00590107,0.24019722912967306,Welvaart_Kwetsbaarheid,entropy,Welvaart
BU00590108,0.2761422045453767,Welvaart_Kwetsbaarheid,entropy,Welvaart
BU00590109,0.2682945510077002,Welvaart_Kwetsbaarheid,entropy,Welvaart
WK005902,0.2681771394733305,Welvaart_Kwetsbaarheid,entropy,Welvaart
BU00590200,0.27624240007845485,Welvaart_Kwetsbaarheid,entropy,Welvaart
BU00590201,0.27457429915651893,Welvaart_Kwetsbaarheid,entropy,Welvaart
BU00590202,0.23487730683048175,Welvaart_Kwetsbaarheid,entropy,Welvaart
BU00590203,0.2604979080531386,Welvaart_Kwetsbaarheid,entropy,Welvaart
BU00590206,0.2980441925268131,Welvaart_Kwetsbaarheid,entropy,Welvaart
BU00590207,0.2423266312315457,Welvaart_Kwetsbaarheid,entropy,Welvaart
BU00590208,0.26649188954306413,Welvaart_Kwetsbaarheid,entropy,Welvaart
BU00590209,0.30246750729434563,Welvaart_Kwetsbaarheid,entropy,Welvaart
GM0060,0.2512757002481397,Welvaart_Kwetsbaarheid,entropy,Welvaart
WK006000,0.2520652281204284,Welvaart_Kwetsbaarheid,entropy,Welvaart
BU00600000,0.2399505717043311,Welvaart_Kwetsbaarheid,entropy,Welvaart
BU00600001,0.2398539380840426,Welvaart_Kwetsbaarheid,entropy,Welvaart
BU00600002,0.24985907135267266,Welvaart_Kwetsbaarheid,entropy,Welvaart
BU00600003,0.20660591110918028,Welvaart_Kwetsbaarheid,entropy,Welvaart
BU00600007,0.286202892033472,Welvaart_Kwetsbaarheid,entropy,Welvaart
BU00600008,0.2805020834626764,Welvaart_Kwetsbaarheid,entropy,Welvaart
BU00600009,0.30277971444315965,Welvaart_Kwetsbaarheid,entropy,Welvaart
GM1891,0.2713420503762334,Welvaart_Kwetsbaarheid,entropy,Welvaart
WK189100,0.2657519820810901,Welvaart_Kwetsbaarheid,entropy,Welvaart
BU18910000,0.25005698444395347,Welvaart_Kwetsbaarheid,entropy,Welvaart
BU18910001,0.22786093056232398,Welvaart_Kwetsbaarheid,entropy,Welvaart
BU18910002,0.2850296919423329,Welvaart_Kwetsbaarheid,entropy,Welvaart
BU18910008,0.28130490508851896,Welvaart_Kwetsbaarheid,entropy,Welvaart
BU18910009,0.2899355736295163,Welvaart_Kwetsbaarheid,entropy,Welvaart
WK189101,0.2617174853247372,Welvaart_Kwetsbaarheid,entropy,Welvaart
BU18910100,0.2688830387187953,Welvaart_Kwetsbaarheid,entropy,Welvaart
BU18910101,0.25105821535769274,Welvaart_Kwetsbaarheid,entropy,Welvaart
BU18910108,0.26302573613471597,Welvaart_Kwetsbaarheid,entropy,Welvaart
BU18910109,0.24927277035261722,Welvaart_Kwetsbaarheid,entropy,Welvaart
WK189102,0.2573811026028163,Welvaart_Kwetsbaarheid,entropy,Welvaart
BU18910200,0.27383700991976484,Welvaart_Kwetsbaarheid,entropy,Welvaart
BU18910201,0.2836045557344292,Welvaart_Kwetsbaarheid,entropy,Welvaart
BU18910202,0.2505973637255534,Welvaart_Kwetsbaarheid,entropy,Welvaart
BU18910208,0.31811396555370297,Welvaart_Kwetsbaarheid,entropy,Welvaart
BU18910209,0.3126024299517436,Welvaart_Kwetsbaarheid,entropy,Welvaart
WK189103,0.252379964763631,Welvaart_Kwetsbaarheid,entropy,Welvaart
BU18910300,0.23420964278877737,Welvaart_Kwetsbaarheid,entropy,Welvaart
BU18910301,0.23839105626942433,Welvaart_Kwetsbaarheid,entropy,Welvaart
BU18910309,0.2696764306102657,Welvaart_Kwetsbaarheid,entropy,Welvaart
GM1940,0.279078499249996,Welvaart_Kwetsbaarheid,entropy,Welvaart
WK194001,0.29847944007812327,Welvaart_Kwetsbaarheid,entropy,Welvaart
BU19400101,0.29242242290201476,Welvaart_Kwetsbaarheid,entropy,Welvaart
WK194002,0.2458891234091739,Welvaart_Kwetsbaarheid,entropy,Welvaart
BU19400201,0.221992183273045,Welvaart_Kwetsbaarheid,entropy,Welvaart
WK194003,0.2561156454333632,Welvaart_Kwetsbaarheid,entropy,Welvaart
BU19400301,0.2654564267643258,Welvaart_Kwetsbaarheid,entropy,Welvaart
WK194004,0.2803438781507953,Welvaart_Kwetsbaarheid,entropy,Welvaart
BU19400401,0.28707512145953945,Welvaart_Kwetsbaarheid,entropy,Welvaart
WK194005,0.31895415042770286,Welvaart_Kwetsbaarheid,entropy,Welvaart
BU19400501,0.30615401650581436,Welvaart_Kwetsbaarheid,entropy,Welvaart
WK194006,0.36195788856685557,Welvaart_Kwetsbaarheid,entropy,Welvaart
BU19400601,0.3990388512861053,Welvaart_Kwetsbaarheid,entropy,Welvaart
WK194007,0.2526781536715999,Welvaart_Kwetsbaarheid,entropy,Welvaart
BU19400701,0.26487037725314694,Welvaart_Kwetsbaarheid,entropy,Welvaart
BU19400702,0.2987917779329224,Welvaart_Kwetsbaarheid,entropy,Welvaart
WK194008,0.33967124637885276,Welvaart_Kwetsbaarheid,entropy,Welvaart
BU19400801,0.4056639528767353,Welvaart_Kwetsbaarheid,entropy,Welvaart
WK194009,0.26573709955642166,Welvaart_Kwetsbaarheid,entropy,Welvaart
BU19400901,0.2691378194801565,Welvaart_Kwetsbaarheid,entropy,Welvaart
WK194010,0.24161876400218996,Welvaart_Kwetsbaarheid,entropy,Welvaart
BU19401001,0.2600467683263374,Welvaart_Kwetsbaarheid,entropy,Welvaart
WK194011,0.22925413025523234,Welvaart_Kwetsbaarheid,entropy,Welvaart
BU19401101,0.29666031357791045,Welvaart_Kwetsbaarheid,entropy,Welvaart
BU19401102,0.23775456161665787,Welvaart_Kwetsbaarheid,entropy,Welvaart
WK194012,0.23023842884820012,Welvaart_Kwetsbaarheid,entropy,Welvaart
BU19401201,0.26480678935667507,Welvaart_Kwetsbaarheid,entropy,Welvaart
WK194013,0.2561026761148799,Welvaart_Kwetsbaarheid,entropy,Welvaart
BU19401301,0.23925616042482675,Welvaart_Kwetsbaarheid,entropy,Welvaart
WK194014,0.30335260547180887,Welvaart_Kwetsbaarheid,entropy,Welvaart
BU19401401,0.3186436927032349,Welvaart_Kwetsbaarheid,entropy,Welvaart
WK194015,0.27841402944087,Welvaart_Kwetsbaarheid,entropy,Welvaart
BU19401501,0.2742119084205046,Welvaart_Kwetsbaarheid,entropy,Welvaart
WK194016,0.29469822187809314,Welvaart_Kwetsbaarheid,entropy,Welvaart
BU19401601,0.287730077860582,Welvaart_Kwetsbaarheid,entropy,Welvaart
WK194017,0.2698256238467581,Welvaart_Kwetsbaarheid,entropy,Welvaart
BU19401701,0.2754659836385886,Welvaart_Kwetsbaarheid,entropy,Welvaart
WK194018,0.24128352725143543,Welvaart_Kwetsbaarheid,entropy,Welvaart
BU19401801,0.24180712802397797,Welvaart_Kwetsbaarheid,entropy,Welvaart
WK194019,0.2687697257354694,Welvaart_Kwetsbaarheid,entropy,Welvaart
BU19401901,0.2635500629693567,Welvaart_Kwetsbaarheid,entropy,Welvaart
BU19401902,0.2789360316326828,Welvaart_Kwetsbaarheid,entropy,Welvaart
BU19401903,0.2404258891852611,Welvaart_Kwetsbaarheid,entropy,Welvaart
BU19401904,0.209051556889077,Welvaart_Kwetsbaarheid,entropy,Welvaart
BU19401905,0.24969624829390807,Welvaart_Kwetsbaarheid,entropy,Welvaart
BU19401906,0.21719279459910026,Welvaart_Kwetsbaarheid,entropy,Welvaart
BU19401907,0.2535483571459031,Welvaart_Kwetsbaarheid,entropy,Welvaart
BU19401908,0.3077937249445196,Welvaart_Kwetsbaarheid,entropy,Welvaart
BU19401909,0.24614772029947302,Welvaart_Kwetsbaarheid,entropy,Welvaart
BU19401910,0.29340346947699814,Welvaart_Kwetsbaarheid,entropy,Welvaart
WK194020,0.23226718772592708,Welvaart_Kwetsbaarheid,entropy,Welvaart
BU19402001,0.23271432931590308,Welvaart_Kwetsbaarheid,entropy,Welvaart
WK194021,0.25751156335836556,Welvaart_Kwetsbaarheid,entropy,Welvaart
BU19402101,0.2627961107723496,Welvaart_Kwetsbaarheid,entropy,Welvaart
WK194022,0.23750456294838357,Welvaart_Kwetsbaarheid,entropy,Welvaart
BU19402201,0.21048705776834975,Welvaart_Kwetsbaarheid,entropy,Welvaart
WK194023,0.2790133981383409,Welvaart_Kwetsbaarheid,entropy,Welvaart
BU19402301,0.31367066967215,Welvaart_Kwetsbaarheid,entropy,Welvaart
BU19402302,0.22490278972645425,Welvaart_Kwetsbaarheid,entropy,Welvaart
BU19402303,0.3531430353343249,Welvaart_Kwetsbaarheid,entropy,Welvaart
BU19402304,0.3327764456022128,Welvaart_Kwetsbaarheid,entropy,Welvaart
BU19402305,0.25818514929174574,Welvaart_Kwetsbaarheid,entropy,Welvaart
BU19402306,0.29662991798470456,Welvaart_Kwetsbaarheid,entropy,Welvaart
BU19402307,0.34681835200620886,Welvaart_Kwetsbaarheid,entropy,Welvaart
BU19402308,0.2611429963694183,Welvaart_Kwetsbaarheid,entropy,Welvaart
WK194024,0.3035836510552674,Welvaart_Kwetsbaarheid,entropy,Welvaart
BU19402401,0.2948431583278579,Welvaart_Kwetsbaarheid,entropy,Welvaart
WK194025,0.30734575753365745,Welvaart_Kwetsbaarheid,entropy,Welvaart
BU19402501,0.24669708061334883,Welvaart_Kwetsbaarheid,entropy,Welvaart
WK194026,0.2783224486350511,Welvaart_Kwetsbaarheid,entropy,Welvaart
BU19402601,0.28716111707782366,Welvaart_Kwetsbaarheid,entropy,Welvaart
WK194027,0.288866256990452,Welvaart_Kwetsbaarheid,entropy,Welvaart
BU19402701,0.28903964862872356,Welvaart_Kwetsbaarheid,entropy,Welvaart
WK194028,0.23881066421380337,Welvaart_Kwetsbaarheid,entropy,Welvaart
BU19402801,0.26745890844312104,Welvaart_Kwetsbaarheid,entropy,Welvaart
BU19402802,0.2607719890508796,Welvaart_Kwetsbaarheid,entropy,Welvaart
WK194029,0.2533450956089017,Welvaart_Kwetsbaarheid,entropy,Welvaart
BU19402901,0.23980604191116636,Welvaart_Kwetsbaarheid,entropy,Welvaart
WK194030,0.25966172421711087,Welvaart_Kwetsbaarheid,entropy,Welvaart
BU19403001,0.23900578908928016,Welvaart_Kwetsbaarheid,entropy,Welvaart
WK194031,0.2566155399943369,Welvaart_Kwetsbaarheid,entropy,Welvaart
BU19403101,0.26954546686410447,Welvaart_Kwetsbaarheid,entropy,Welvaart
WK194032,0.2593919356003501,Welvaart_Kwetsbaarheid,entropy,Welvaart
BU19403201,0.270581193994629,Welvaart_Kwetsbaarheid,entropy,Welvaart
WK194033,0.29682211036328937,Welvaart_Kwetsbaarheid,entropy,Welvaart
BU19403301,0.3007131302307826,Welvaart_Kwetsbaarheid,entropy,Welvaart
WK194034,0.2964128053729251,Welvaart_Kwetsbaarheid,entropy,Welvaart
BU19403401,0.3022663756024915,Welvaart_Kwetsbaarheid,entropy,Welvaart
WK194035,0.26174136982191926,Welvaart_Kwetsbaarheid,entropy,Welvaart
BU19403501,0.31305950920087333,Welvaart_Kwetsbaarheid,entropy,Welvaart
WK194036,0.2878678833011059,Welvaart_Kwetsbaarheid,entropy,Welvaart
BU19403601,0.2682588790242109,Welvaart_Kwetsbaarheid,entropy,Welvaart
WK194037,0.26137645707425705,Welvaart_Kwetsbaarheid,entropy,Welvaart
BU19403701,0.2505056380904938,Welvaart_Kwetsbaarheid,entropy,Welvaart
WK194038,0.24677872185992544,Welvaart_Kwetsbaarheid,entropy,Welvaart
BU19403801,0.22773420764391372,Welvaart_Kwetsbaarheid,entropy,Welvaart
WK194039,0.29093390923653556,Welvaart_Kwetsbaarheid,entropy,Welvaart
BU19403901,0.2843237326680069,Welvaart_Kwetsbaarheid,entropy,Welvaart
WK194040,0.23640484723374372,Welvaart_Kwetsbaarheid,entropy,Welvaart
BU19404001,0.2474673706815968,Welvaart_Kwetsbaarheid,entropy,Welvaart
WK194041,0.2635454906229603,Welvaart_Kwetsbaarheid,entropy,Welvaart
BU19404101,0.24880919275042335,Welvaart_Kwetsbaarheid,entropy,Welvaart
WK194042,0.24572927422219168,Welvaart_Kwetsbaarheid,entropy,Welvaart
BU19404201,0.2422631161510689,Welvaart_Kwetsbaarheid,entropy,Welvaart
WK194043,0.2452892715219463,Welvaart_Kwetsbaarheid,entropy,Welvaart
BU19404301,0.25233815087595696,Welvaart_Kwetsbaarheid,entropy,Welvaart
WK194044,0.2903406959628927,Welvaart_Kwetsbaarheid,entropy,Welvaart
BU19404401,0.3245181736285748,Welvaart_Kwetsbaarheid,entropy,Welvaart
WK194045,0.2549591328079493,Welvaart_Kwetsbaarheid,entropy,Welvaart
BU19404501,0.25909938722470377,Welvaart_Kwetsbaarheid,entropy,Welvaart
WK194046,0.2721064183075877,Welvaart_Kwetsbaarheid,entropy,Welvaart
BU19404601,0.3237551976863725,Welvaart_Kwetsbaarheid,entropy,Welvaart
WK194047,0.24308199573569314,Welvaart_Kwetsbaarheid,entropy,Welvaart
BU19404701,0.25642074914595964,Welvaart_Kwetsbaarheid,entropy,Welvaart
WK194048,0.2783463349411212,Welvaart_Kwetsbaarheid,entropy,Welvaart
BU19404801,0.2746485410572563,Welvaart_Kwetsbaarheid,entropy,Welvaart
WK194049,0.29548792416582326,Welvaart_Kwetsbaarheid,entropy,Welvaart
BU19404901,0.25468265064454076,Welvaart_Kwetsbaarheid,entropy,Welvaart
WK194050,0.26998962744847094,Welvaart_Kwetsbaarheid,entropy,Welvaart
BU19405001,0.27193526631956394,Welvaart_Kwetsbaarheid,entropy,Welvaart
WK194051,0.2643868406314096,Welvaart_Kwetsbaarheid,entropy,Welvaart
BU19405101,0.2652692287145097,Welvaart_Kwetsbaarheid,entropy,Welvaart
GM0072,0.2432797725688362,Welvaart_Kwetsbaarheid,entropy,Welvaart
WK007200,0.25026211930835146,Welvaart_Kwetsbaarheid,entropy,Welvaart
BU00720001,0.26382029425069586,Welvaart_Kwetsbaarheid,entropy,Welvaart
BU00720002,0.28499433379688793,Welvaart_Kwetsbaarheid,entropy,Welvaart
BU00720003,0.446951620694073,Welvaart_Kwetsbaarheid,entropy,Welvaart
BU00720004,0.2786543480414625,Welvaart_Kwetsbaarheid,entropy,Welvaart
BU00720005,0.25170655202700243,Welvaart_Kwetsbaarheid,entropy,Welvaart
BU00720006,0.26916745587409585,Welvaart_Kwetsbaarheid,entropy,Welvaart
BU00720007,0.2399613031353572,Welvaart_Kwetsbaarheid,entropy,Welvaart
BU00720009,0.2469474976311169,Welvaart_Kwetsbaarheid,entropy,Welvaart
WK007201,0.2238703371585672,Welvaart_Kwetsbaarheid,entropy,Welvaart
BU00720100,0.2906170058761618,Welvaart_Kwetsbaarheid,entropy,Welvaart
BU00720109,0.21228038713477104,Welvaart_Kwetsbaarheid,entropy,Welvaart
WK007202,0.23936418781264146,Welvaart_Kwetsbaarheid,entropy,Welvaart
BU00720200,0.216597236542562,Welvaart_Kwetsbaarheid,entropy,Welvaart
BU00720209,0.25612432233260624,Welvaart_Kwetsbaarheid,entropy,Welvaart
GM0074,0.27000052441993166,Welvaart_Kwetsbaarheid,entropy,Welvaart
WK007401,0.26145003474035106,Welvaart_Kwetsbaarheid,entropy,Welvaart
BU00740100,0.26832306460185523,Welvaart_Kwetsbaarheid,entropy,Welvaart
BU00740101,0.3622013651096625,Welvaart_Kwetsbaarheid,entropy,Welvaart
BU00740102,0.3304015544433943,Welvaart_Kwetsbaarheid,entropy,Welvaart
BU00740103,0.2761121222347768,Welvaart_Kwetsbaarheid,entropy,Welvaart
BU00740104,0.2833088944956316,Welvaart_Kwetsbaarheid,entropy,Welvaart
BU00740105,0.25652060685144606,Welvaart_Kwetsbaarheid,entropy,Welvaart
BU00740106,0.30450626331342795,Welvaart_Kwetsbaarheid,entropy,Welvaart
BU00740107,0.24823032242735468,Welvaart_Kwetsbaarheid,entropy,Welvaart
BU00740108,0.22788222130040445,Welvaart_Kwetsbaarheid,entropy,Welvaart
BU00740109,0.24943395860772388,Welvaart_Kwetsbaarheid,entropy,Welvaart
BU00740110,0.2953279131353773,Welvaart_Kwetsbaarheid,entropy,Welvaart
WK007402,0.27465797751824556,Welvaart_Kwetsbaarheid,entropy,Welvaart
BU00740201,0.2979303745984657,Welvaart_Kwetsbaarheid,entropy,Welvaart
BU00740202,0.25060369864548365,Welvaart_Kwetsbaarheid,entropy,Welvaart
BU00740203,0.24389783378938584,Welvaart_Kwetsbaarheid,entropy,Welvaart
BU00740204,0.279840547118908,Welvaart_Kwetsbaarheid,entropy,Welvaart
BU00740205,0.3035350727573271,Welvaart_Kwetsbaarheid,entropy,Welvaart
WK007403,0.2656398892559274,Welvaart_Kwetsbaarheid,entropy,Welvaart
BU00740301,0.21307996063517565,Welvaart_Kwetsbaarheid,entropy,Welvaart
BU00740302,0.28963594417634353,Welvaart_Kwetsbaarheid,entropy,Welvaart
WK007404,0.2736680411561595,Welvaart_Kwetsbaarheid,entropy,Welvaart
BU00740401,0.34517331806164897,Welvaart_Kwetsbaarheid,entropy,Welvaart
BU00740402,0.24624465480983357,Welvaart_Kwetsbaarheid,entropy,Welvaart
BU00740403,0.30157823081452617,Welvaart_Kwetsbaarheid,entropy,Welvaart
BU00740404,0.25450319822673406,Welvaart_Kwetsbaarheid,entropy,Welvaart
BU00740405,0.2870904839572485,Welvaart_Kwetsbaarheid,entropy,Welvaart
BU00740406,0.268504542159001,Welvaart_Kwetsbaarheid,entropy,Welvaart
BU00740407,0.2882717372890622,Welvaart_Kwetsbaarheid,entropy,Welvaart
WK007406,0.2995251150189993,Welvaart_Kwetsbaarheid,entropy,Welvaart
BU00740601,0.27313979179947306,Welvaart_Kwetsbaarheid,entropy,Welvaart
WK007407,0.2521434944458256,Welvaart_Kwetsbaarheid,entropy,Welvaart
BU00740701,0.2513362669620393,Welvaart_Kwetsbaarheid,entropy,Welvaart
BU00740702,0.23271762736001866,Welvaart_Kwetsbaarheid,entropy,Welvaart
WK007409,0.272178921449936,Welvaart_Kwetsbaarheid,entropy,Welvaart
BU00740901,0.24550180180342085,Welvaart_Kwetsbaarheid,entropy,Welvaart
BU00740902,0.25203292697234747,Welvaart_Kwetsbaarheid,entropy,Welvaart
BU00740903,0.24629962454262766,Welvaart_Kwetsbaarheid,entropy,Welvaart
GM0080,0.29292515321389656,Welvaart_Kwetsbaarheid,entropy,Welvaart
WK008010,0.29005510657701683,Welvaart_Kwetsbaarheid,entropy,Welvaart
BU00801001,0.3627532993888382,Welvaart_Kwetsbaarheid,entropy,Welvaart
BU00801002,0.31734475032308607,Welvaart_Kwetsbaarheid,entropy,Welvaart
BU00801003,0.30152395668396215,Welvaart_Kwetsbaarheid,entropy,Welvaart
BU00801004,0.40802972419083666,Welvaart_Kwetsbaarheid,entropy,Welvaart
BU00801005,0.5235872993579351,Welvaart_Kwetsbaarheid,entropy,Welvaart
BU00801006,0.4357213189621513,Welvaart_Kwetsbaarheid,entropy,Welvaart
BU00801007,0.32954333546545084,Welvaart_Kwetsbaarheid,entropy,Welvaart
BU00801008,0.27577609679162535,Welvaart_Kwetsbaarheid,entropy,Welvaart
WK008011,0.23129212884240474,Welvaart_Kwetsbaarheid,entropy,Welvaart
BU00801101,0.29535202214781364,Welvaart_Kwetsbaarheid,entropy,Welvaart
BU00801102,0.2976959541261046,Welvaart_Kwetsbaarheid,entropy,Welvaart
BU00801103,0.36320610789906027,Welvaart_Kwetsbaarheid,entropy,Welvaart
BU00801104,0.5856184820873,Welvaart_Kwetsbaarheid,entropy,Welvaart
BU00801105,0.5272737348037081,Welvaart_Kwetsbaarheid,entropy,Welvaart
BU00801106,0.22507284145620648,Welvaart_Kwetsbaarheid,entropy,Welvaart
BU00801107,0.366376169777478,Welvaart_Kwetsbaarheid,entropy,Welvaart
BU00801108,0.2924888911798652,Welvaart_Kwetsbaarheid,entropy,Welvaart
BU00801109,0.2826699757686354,Welvaart_Kwetsbaarheid,entropy,Welvaart
WK008020,0.270790251845047,Welvaart_Kwetsbaarheid,entropy,Welvaart
BU00802001,0.44831843029461116,Welvaart_Kwetsbaarheid,entropy,Welvaart
BU00802002,0.3772083308270522,Welvaart_Kwetsbaarheid,entropy,Welvaart
BU00802003,0.3681921631231458,Welvaart_Kwetsbaarheid,entropy,Welvaart
BU00802004,0.2810940444279417,Welvaart_Kwetsbaarheid,entropy,Welvaart
BU00802005,0.26822397294218536,Welvaart_Kwetsbaarheid,entropy,Welvaart
BU00802006,0.41735379027818614,Welvaart_Kwetsbaarheid,entropy,Welvaart
BU00802007,0.47927426894548286,Welvaart_Kwetsbaarheid,entropy,Welvaart
BU00802008,0.3481441143254979,Welvaart_Kwetsbaarheid,entropy,Welvaart
BU00802009,0.4033037945501676,Welvaart_Kwetsbaarheid,entropy,Welvaart
WK008030,0.281802338893552,Welvaart_Kwetsbaarheid,entropy,Welvaart
BU00803001,0.2663848872594973,Welvaart_Kwetsbaarheid,entropy,Welvaart
BU00803002,0.25447173004959783,Welvaart_Kwetsbaarheid,entropy,Welvaart
BU00803003,0.36456737291095076,Welvaart_Kwetsbaarheid,entropy,Welvaart
BU00803004,0.27021629263366753,Welvaart_Kwetsbaarheid,entropy,Welvaart
BU00803005,0.27638353208052235,Welvaart_Kwetsbaarheid,entropy,Welvaart
BU00803006,0.48337558233617195,Welvaart_Kwetsbaarheid,entropy,Welvaart
BU00803007,0.24597815316599592,Welvaart_Kwetsbaarheid,entropy,Welvaart
WK008031,0.24292488429018927,Welvaart_Kwetsbaarheid,entropy,Welvaart
BU00803101,0.222103527398798,Welvaart_Kwetsbaarheid,entropy,Welvaart
BU00803102,0.2970282324330698,Welvaart_Kwetsbaarheid,entropy,Welvaart
WK008032,0.35431743114711206,Welvaart_Kwetsbaarheid,entropy,Welvaart
BU00803201,0.23290382058855508,Welvaart_Kwetsbaarheid,entropy,Welvaart
BU00803202,0.18864276083388368,Welvaart_Kwetsbaarheid,entropy,Welvaart
BU00803203,0.3101084701220052,Welvaart_Kwetsbaarheid,entropy,Welvaart
BU00803204,0.35695929101216495,Welvaart_Kwetsbaarheid,entropy,Welvaart
WK008040,0.29689605900643556,Welvaart_Kwetsbaarheid,entropy,Welvaart
BU00804001,0.3687134358395645,Welvaart_Kwetsbaarheid,entropy,Welvaart
BU00804002,0.21072407398156603,Welvaart_Kwetsbaarheid,entropy,Welvaart
BU00804003,0.191682279641704,Welvaart_Kwetsbaarheid,entropy,Welvaart
BU00804004,0.4089650202567797,Welvaart_Kwetsbaarheid,entropy,Welvaart
WK008041,0.2397859833172134,Welvaart_Kwetsbaarheid,entropy,Welvaart
BU00804101,0.3306221242594283,Welvaart_Kwetsbaarheid,entropy,Welvaart
BU00804102,0.37177964560339366,Welvaart_Kwetsbaarheid,entropy,Welvaart
BU00804103,0.2741158262414809,Welvaart_Kwetsbaarheid,entropy,Welvaart
BU00804104,0.2914254594181246,Welvaart_Kwetsbaarheid,entropy,Welvaart
BU00804105,0.36987304147813577,Welvaart_Kwetsbaarheid,entropy,Welvaart
BU00804106,0.3128556299125989,Welvaart_Kwetsbaarheid,entropy,Welvaart
BU00804107,0.26907311889380664,Welvaart_Kwetsbaarheid,entropy,Welvaart
BU00804108,0.24762085440940085,Welvaart_Kwetsbaarheid,entropy,Welvaart
BU00804109,0.3541383886406271,Welvaart_Kwetsbaarheid,entropy,Welvaart
BU00804110,0.25874614270047763,Welvaart_Kwetsbaarheid,entropy,Welvaart
WK008050,0.3266654245838647,Welvaart_Kwetsbaarheid,entropy,Welvaart
BU00805001,0.6465733613905604,Welvaart_Kwetsbaarheid,entropy,Welvaart
BU00805002,0.4754241578303788,Welvaart_Kwetsbaarheid,entropy,Welvaart
BU00805003,0.21147581073742852,Welvaart_Kwetsbaarheid,entropy,Welvaart
WK008051,0.2555369708131896,Welvaart_Kwetsbaarheid,entropy,Welvaart
BU00805101,0.2884194393922518,Welvaart_Kwetsbaarheid,entropy,Welvaart
BU00805102,0.24958215157843638,Welvaart_Kwetsbaarheid,entropy,Welvaart
BU00805103,0.1891039193046939,Welvaart_Kwetsbaarheid,entropy,Welvaart
BU00805104,0.28015099765468515,Welvaart_Kwetsbaarheid,entropy,Welvaart
BU00805105,0.321279236365512,Welvaart_Kwetsbaarheid,entropy,Welvaart
WK008060,0.238663577595919,Welvaart_Kwetsbaarheid,entropy,Welvaart
BU00806001,0.4709848620674074,Welvaart_Kwetsbaarheid,entropy,Welvaart
BU00806002,0.2085560555124775,Welvaart_Kwetsbaarheid,entropy,Welvaart
BU00806003,0.39935377741437067,Welvaart_Kwetsbaarheid,entropy,Welvaart
WK008061,0.280379429567296,Welvaart_Kwetsbaarheid,entropy,Welvaart
BU00806101,0.47062937768944857,Welvaart_Kwetsbaarheid,entropy,Welvaart
BU00806102,0.45062816988200594,Welvaart_Kwetsbaarheid,entropy,Welvaart
WK008062,0.2772601045355395,Welvaart_Kwetsbaarheid,entropy,Welvaart
BU00806201,0.23087071575763524,Welvaart_Kwetsbaarheid,entropy,Welvaart
BU00806202,0.28933877831221644,Welvaart_Kwetsbaarheid,entropy,Welvaart
BU00806203,0.2669390456753005,Welvaart_Kwetsbaarheid,entropy,Welvaart
BU00806204,0.30721267336560387,Welvaart_Kwetsbaarheid,entropy,Welvaart
BU00806205,0.24277179006949284,Welvaart_Kwetsbaarheid,entropy,Welvaart
BU00806206,0.2862347321626221,Welvaart_Kwetsbaarheid,entropy,Welvaart
BU00806207,0.27723085664656993,Welvaart_Kwetsbaarheid,entropy,Welvaart
BU00806208,0.24151958391308123,Welvaart_Kwetsbaarheid,entropy,Welvaart
BU00806209,0.1838255525963591,Welvaart_Kwetsbaarheid,entropy,Welvaart
BU00806210,0.24190464506811238,Welvaart_Kwetsbaarheid,entropy,Welvaart
WK008063,0.2572052742193217,Welvaart_Kwetsbaarheid,entropy,Welvaart
BU00806301,0.21381331541158904,Welvaart_Kwetsbaarheid,entropy,Welvaart
BU00806302,0.2419039022358206,Welvaart_Kwetsbaarheid,entropy,Welvaart
BU00806303,0.24045267827307165,Welvaart_Kwetsbaarheid,entropy,Welvaart
BU00806304,0.2490968082632871,Welvaart_Kwetsbaarheid,entropy,Welvaart
BU00806305,0.2749359959685429,Welvaart_Kwetsbaarheid,entropy,Welvaart
BU00806306,0.26784508587345857,Welvaart_Kwetsbaarheid,entropy,Welvaart
BU00806307,0.20479165662257462,Welvaart_Kwetsbaarheid,entropy,Welvaart
WK008070,0.26786732704871347,Welvaart_Kwetsbaarheid,entropy,Welvaart
BU00807001,0.2367958881473101,Welvaart_Kwetsbaarheid,entropy,Welvaart
BU00807002,0.24603745064071725,Welvaart_Kwetsbaarheid,entropy,Welvaart
BU00807003,0.2553233566687728,Welvaart_Kwetsbaarheid,entropy,Welvaart
BU00807004,0.33914546450046357,Welvaart_Kwetsbaarheid,entropy,Welvaart
WK008071,0.29381108718581506,Welvaart_Kwetsbaarheid,entropy,Welvaart
BU00807101,0.22076526858915485,Welvaart_Kwetsbaarheid,entropy,Welvaart
WK008072,0.3146019502357008,Welvaart_Kwetsbaarheid,entropy,Welvaart
BU00807201,0.2361943912056902,Welvaart_Kwetsbaarheid,entropy,Welvaart
BU00807202,0.38809020406345823,Welvaart_Kwetsbaarheid,entropy,Welvaart
BU00807203,0.26661313448782925,Welvaart_Kwetsbaarheid,entropy,Welvaart
WK008073,0.29036216918796554,Welvaart_Kwetsbaarheid,entropy,Welvaart
BU00807301,0.22842589057180013,Welvaart_Kwetsbaarheid,entropy,Welvaart
BU00807302,0.2437691046285804,Welvaart_Kwetsbaarheid,entropy,Welvaart
BU00807303,0.2790753350436386,Welvaart_Kwetsbaarheid,entropy,Welvaart
BU00807304,0.25986519647183143,Welvaart_Kwetsbaarheid,entropy,Welvaart
BU00807305,0.24339555432607696,Welvaart_Kwetsbaarheid,entropy,Welvaart
BU00807306,0.2301791622566141,Welvaart_Kwetsbaarheid,entropy,Welvaart
WK008074,0.30221658926121764,Welvaart_Kwetsbaarheid,entropy,Welvaart
BU00807401,0.24434760608015424,Welvaart_Kwetsbaarheid,entropy,Welvaart
BU00807402,0.22511656456124368,Welvaart_Kwetsbaarheid,entropy,Welvaart
BU00807403,0.2506266484091274,Welvaart_Kwetsbaarheid,entropy,Welvaart
BU00807404,0.29444724787096643,Welvaart_Kwetsbaarheid,entropy,Welvaart
BU00807405,0.25640705176069667,Welvaart_Kwetsbaarheid,entropy,Welvaart
WK008080,0.2500068202207868,Welvaart_Kwetsbaarheid,entropy,Welvaart
BU00808001,0.2483701428368597,Welvaart_Kwetsbaarheid,entropy,Welvaart
BU00808002,0.2431516758241917,Welvaart_Kwetsbaarheid,entropy,Welvaart
BU00808003,0.2779277796513041,Welvaart_Kwetsbaarheid,entropy,Welvaart
BU00808004,0.25050089374347245,Welvaart_Kwetsbaarheid,entropy,Welvaart
BU00808005,0.31583644957178664,Welvaart_Kwetsbaarheid,entropy,Welvaart
BU00808006,0.2381177913930574,Welvaart_Kwetsbaarheid,entropy,Welvaart
BU00808007,0.2530290751563348,Welvaart_Kwetsbaarheid,entropy,Welvaart
BU00808008,0.295591253117905,Welvaart_Kwetsbaarheid,entropy,Welvaart
WK008081,0.25720987740195633,Welvaart_Kwetsbaarheid,entropy,Welvaart
BU00808101,0.26577203941106065,Welvaart_Kwetsbaarheid,entropy,Welvaart
BU00808102,0.24995644210276513,Welvaart_Kwetsbaarheid,entropy,Welvaart
BU00808103,0.22340742677917333,Welvaart_Kwetsbaarheid,entropy,Welvaart
BU00808104,0.28189572534372925,Welvaart_Kwetsbaarheid,entropy,Welvaart
BU00808105,0.24249948477686992,Welvaart_Kwetsbaarheid,entropy,Welvaart
BU00808106,0.2975968612594558,Welvaart_Kwetsbaarheid,entropy,Welvaart
BU00808107,0.2782625446889094,Welvaart_Kwetsbaarheid,entropy,Welvaart
BU00808108,0.23705913883612195,Welvaart_Kwetsbaarheid,entropy,Welvaart
BU00808109,0.22502049126335266,Welvaart_Kwetsbaarheid,entropy,Welvaart
BU00808110,0.28085062135937844,Welvaart_Kwetsbaarheid,entropy,Welvaart
BU00808111,0.22296412619375933,Welvaart_Kwetsbaarheid,entropy,Welvaart
BU00808112,0.2860869931141141,Welvaart_Kwetsbaarheid,entropy,Welvaart
BU00808113,0.2357307288354395,Welvaart_Kwetsbaarheid,entropy,Welvaart
BU00808114,0.24566112601443263,Welvaart_Kwetsbaarheid,entropy,Welvaart
BU00808115,0.22964052338319604,Welvaart_Kwetsbaarheid,entropy,Welvaart
BU00808116,0.20991206815424857,Welvaart_Kwetsbaarheid,entropy,Welvaart
BU00808117,0.28380719783689135,Welvaart_Kwetsbaarheid,entropy,Welvaart
WK008082,0.2570945469474822,Welvaart_Kwetsbaarheid,entropy,Welvaart
BU00808201,0.2357644390247865,Welvaart_Kwetsbaarheid,entropy,Welvaart
BU00808202,0.2667865893523312,Welvaart_Kwetsbaarheid,entropy,Welvaart
BU00808203,0.2667025746401007,Welvaart_Kwetsbaarheid,entropy,Welvaart
BU00808204,0.2172336047143858,Welvaart_Kwetsbaarheid,entropy,Welvaart
BU00808205,0.2583839432201089,Welvaart_Kwetsbaarheid,entropy,Welvaart
BU00808206,0.26319636121171175,Welvaart_Kwetsbaarheid,entropy,Welvaart
BU00808207,0.3327007011364301,Welvaart_Kwetsbaarheid,entropy,Welvaart
BU00808208,0.24997258917035137,Welvaart_Kwetsbaarheid,entropy,Welvaart
BU00808209,0.28296982604660204,Welvaart_Kwetsbaarheid,entropy,Welvaart
GM1970,0.26694634078886825,Welvaart_Kwetsbaarheid,entropy,Welvaart
WK197000,0.26057089282287804,Welvaart_Kwetsbaarheid,entropy,Welvaart
BU19700000,0.28017109486919484,Welvaart_Kwetsbaarheid,entropy,Welvaart
BU19700001,0.2657381772975098,Welvaart_Kwetsbaarheid,entropy,Welvaart
BU19700002,0.3319511356078354,Welvaart_Kwetsbaarheid,entropy,Welvaart
BU19700003,0.2898868080691978,Welvaart_Kwetsbaarheid,entropy,Welvaart
BU19700004,0.22918713601402224,Welvaart_Kwetsbaarheid,entropy,Welvaart
BU19700005,0.2854846977925477,Welvaart_Kwetsbaarheid,entropy,Welvaart
BU19700006,0.2081445624948641,Welvaart_Kwetsbaarheid,entropy,Welvaart
BU19700007,0.2571544846476355,Welvaart_Kwetsbaarheid,entropy,Welvaart
BU19700008,0.1983248248044196,Welvaart_Kwetsbaarheid,entropy,Welvaart
BU19700009,0.25165937120435733,Welvaart_Kwetsbaarheid,entropy,Welvaart
BU19700010,0.21438251728280133,Welvaart_Kwetsbaarheid,entropy,Welvaart
BU19700011,0.30865667709215394,Welvaart_Kwetsbaarheid,entropy,Welvaart
WK197001,0.24681786500529596,Welvaart_Kwetsbaarheid,entropy,Welvaart
BU19700100,0.22997350024015611,Welvaart_Kwetsbaarheid,entropy,Welvaart
BU19700101,0.24295143702521205,Welvaart_Kwetsbaarheid,entropy,Welvaart
BU19700102,0.21177158262509674,Welvaart_Kwetsbaarheid,entropy,Welvaart
BU19700103,0.27520890898990874,Welvaart_Kwetsbaarheid,entropy,Welvaart
BU19700104,0.21787464822838704,Welvaart_Kwetsbaarheid,entropy,Welvaart
BU19700105,0.23206319288229632,Welvaart_Kwetsbaarheid,entropy,Welvaart
BU19700107,0.2758354848564019,Welvaart_Kwetsbaarheid,entropy,Welvaart
BU19700108,0.23171335313891747,Welvaart_Kwetsbaarheid,entropy,Welvaart
BU19700109,0.21453119344349933,Welvaart_Kwetsbaarheid,entropy,Welvaart
WK197002,0.24006005490979282,Welvaart_Kwetsbaarheid,entropy,Welvaart
BU19700200,0.22676354128272183,Welvaart_Kwetsbaarheid,entropy,Welvaart
BU19700201,0.24417936788211764,Welvaart_Kwetsbaarheid,entropy,Welvaart
BU19700202,0.256784575497575,Welvaart_Kwetsbaarheid,entropy,Welvaart
BU19700208,0.22779409010849458,Welvaart_Kwetsbaarheid,entropy,Welvaart
BU19700209,0.28547911890872113,Welvaart_Kwetsbaarheid,entropy,Welvaart
WK197003,0.24542483969795664,Welvaart_Kwetsbaarheid,entropy,Welvaart
BU19700300,0.2449678774630597,Welvaart_Kwetsbaarheid,entropy,Welvaart
BU19700301,0.2025852510327845,Welvaart_Kwetsbaarheid,entropy,Welvaart
BU19700302,0.2402493542685631,Welvaart_Kwetsbaarheid,entropy,Welvaart
BU19700303,0.2624403805475275,Welvaart_Kwetsbaarheid,entropy,Welvaart
BU19700307,0.2506828434320332,Welvaart_Kwetsbaarheid,entropy,Welvaart
BU19700308,0.27655181038377724,Welvaart_Kwetsbaarheid,entropy,Welvaart
BU19700309,0.2546733859233168,Welvaart_Kwetsbaarheid,entropy,Welvaart
WK197004,0.22237546364248348,Welvaart_Kwetsbaarheid,entropy,Welvaart
BU19700400,0.22013240763389597,Welvaart_Kwetsbaarheid,entropy,Welvaart
BU19700401,0.30605181261057224,Welvaart_Kwetsbaarheid,entropy,Welvaart
BU19700408,0.2533298088818504,Welvaart_Kwetsbaarheid,entropy,Welvaart
BU19700409,0.2931025500160529,Welvaart_Kwetsbaarheid,entropy,Welvaart
WK197005,0.24043716610320734,Welvaart_Kwetsbaarheid,entropy,Welvaart
BU19700500,0.263033304800376,Welvaart_Kwetsbaarheid,entropy,Welvaart
BU19700501,0.24286452960966592,Welvaart_Kwetsbaarheid,entropy,Welvaart
BU19700502,0.24180615649238565,Welvaart_Kwetsbaarheid,entropy,Welvaart
BU19700503,0.220362899067718,Welvaart_Kwetsbaarheid,entropy,Welvaart
BU19700506,0.25621044997271214,Welvaart_Kwetsbaarheid,entropy,Welvaart
BU19700507,0.28683060286755174,Welvaart_Kwetsbaarheid,entropy,Welvaart
BU19700508,0.31219457038256465,Welvaart_Kwetsbaarheid,entropy,Welvaart
BU19700509,0.27085143761015706,Welvaart_Kwetsbaarheid,entropy,Welvaart
WK197006,0.23792932031934372,Welvaart_Kwetsbaarheid,entropy,Welvaart
BU19700600,0.30346419863976204,Welvaart_Kwetsbaarheid,entropy,Welvaart
BU19700601,0.2722173175580688,Welvaart_Kwetsbaarheid,entropy,Welvaart
BU19700602,0.2587400736417134,Welvaart_Kwetsbaarheid,entropy,Welvaart
BU19700603,0.2709742230084879,Welvaart_Kwetsbaarheid,entropy,Welvaart
BU19700604,0.23371167801729262,Welvaart_Kwetsbaarheid,entropy,Welvaart
BU19700605,0.23114393404274786,Welvaart_Kwetsbaarheid,entropy,Welvaart
BU19700608,0.247097294442099,Welvaart_Kwetsbaarheid,entropy,Welvaart
BU19700609,0.26535250847031777,Welvaart_Kwetsbaarheid,entropy,Welvaart
WK197007,0.25506949346034236,Welvaart_Kwetsbaarheid,entropy,Welvaart
BU19700700,0.24329515967419363,Welvaart_Kwetsbaarheid,entropy,Welvaart
BU19700701,0.2660690220958759,Welvaart_Kwetsbaarheid,entropy,Welvaart
BU19700702,0.2663130698642182,Welvaart_Kwetsbaarheid,entropy,Welvaart
BU19700703,0.2665250269512728,Welvaart_Kwetsbaarheid,entropy,Welvaart
BU19700708,0.22159228798511788,Welvaart_Kwetsbaarheid,entropy,Welvaart
BU19700709,0.2939854421183284,Welvaart_Kwetsbaarheid,entropy,Welvaart
WK197008,0.2405120875120781,Welvaart_Kwetsbaarheid,entropy,Welvaart
BU19700800,0.24223169563759844,Welvaart_Kwetsbaarheid,entropy,Welvaart
BU19700801,0.24552554087202627,Welvaart_Kwetsbaarheid,entropy,Welvaart
BU19700802,0.23087401452067963,Welvaart_Kwetsbaarheid,entropy,Welvaart
BU19700803,0.22324730340706286,Welvaart_Kwetsbaarheid,entropy,Welvaart
BU19700807,0.2739446254212643,Welvaart_Kwetsbaarheid,entropy,Welvaart
BU19700808,0.24097117550463076,Welvaart_Kwetsbaarheid,entropy,Welvaart
BU19700809,0.2570504718912739,Welvaart_Kwetsbaarheid,entropy,Welvaart
WK197009,0.24262202811401337,Welvaart_Kwetsbaarheid,entropy,Welvaart
BU19700900,0.23111517675122972,Welvaart_Kwetsbaarheid,entropy,Welvaart
BU19700909,0.2583388105184165,Welvaart_Kwetsbaarheid,entropy,Welvaart
WK197010,0.257626536155796,Welvaart_Kwetsbaarheid,entropy,Welvaart
BU19701000,0.23115860340772143,Welvaart_Kwetsbaarheid,entropy,Welvaart
BU19701001,0.30320847873163126,Welvaart_Kwetsbaarheid,entropy,Welvaart
BU19701002,0.2829389101241378,Welvaart_Kwetsbaarheid,entropy,Welvaart
BU19701003,0.24343764260679832,Welvaart_Kwetsbaarheid,entropy,Welvaart
BU19701004,0.24485946039694373,Welvaart_Kwetsbaarheid,entropy,Welvaart
BU19701005,0.23940274629400154,Welvaart_Kwetsbaarheid,entropy,Welvaart
BU19701006,0.3065094675774421,Welvaart_Kwetsbaarheid,entropy,Welvaart
BU19701008,0.29044121904394415,Welvaart_Kwetsbaarheid,entropy,Welvaart
BU19701009,0.2770995399066984,Welvaart_Kwetsbaarheid,entropy,Welvaart
WK197011,0.2619383230892792,Welvaart_Kwetsbaarheid,entropy,Welvaart
BU19701100,0.25104112503521037,Welvaart_Kwetsbaarheid,entropy,Welvaart
BU19701109,0.28154225728808174,Welvaart_Kwetsbaarheid,entropy,Welvaart
WK197012,0.24544428964074388,Welvaart_Kwetsbaarheid,entropy,Welvaart
BU19701200,0.20100050927369298,Welvaart_Kwetsbaarheid,entropy,Welvaart
BU19701201,0.23436466684718268,Welvaart_Kwetsbaarheid,entropy,Welvaart
BU19701202,0.29062497410355365,Welvaart_Kwetsbaarheid,entropy,Welvaart
BU19701203,0.25459106687540234,Welvaart_Kwetsbaarheid,entropy,Welvaart
BU19701204,0.24329454196860387,Welvaart_Kwetsbaarheid,entropy,Welvaart
BU19701206,0.2560407659516041,Welvaart_Kwetsbaarheid,entropy,Welvaart
BU19701207,0.2395385134379459,Welvaart_Kwetsbaarheid,entropy,Welvaart
BU19701208,0.27839691213498724,Welvaart_Kwetsbaarheid,entropy,Welvaart
BU19701209,0.27281919335504684,Welvaart_Kwetsbaarheid,entropy,Welvaart
WK197013,0.26592005522985696,Welvaart_Kwetsbaarheid,entropy,Welvaart
BU19701300,0.2554984941696574,Welvaart_Kwetsbaarheid,entropy,Welvaart
BU19701301,0.2640075014579718,Welvaart_Kwetsbaarheid,entropy,Welvaart
BU19701302,0.21375528467636642,Welvaart_Kwetsbaarheid,entropy,Welvaart
BU19701308,0.2498271853565499,Welvaart_Kwetsbaarheid,entropy,Welvaart
BU19701309,0.27069281393976163,Welvaart_Kwetsbaarheid,entropy,Welvaart
WK197014,0.2609080648705412,Welvaart_Kwetsbaarheid,entropy,Welvaart
BU19701400,0.25829606028892615,Welvaart_Kwetsbaarheid,entropy,Welvaart
BU19701401,0.29426333207776323,Welvaart_Kwetsbaarheid,entropy,Welvaart
BU19701402,0.23889654670262084,Welvaart_Kwetsbaarheid,entropy,Welvaart
BU19701409,0.27784346221179806,Welvaart_Kwetsbaarheid,entropy,Welvaart
GM0085,0.27011125169177114,Welvaart_Kwetsbaarheid,entropy,Welvaart
WK008501,0.2583486906172504,Welvaart_Kwetsbaarheid,entropy,Welvaart
BU00850101,0.247566503710288,Welvaart_Kwetsbaarheid,entropy,Welvaart
BU00850102,0.2847795953696622,Welvaart_Kwetsbaarheid,entropy,Welvaart
BU00850103,0.1974183243139081,Welvaart_Kwetsbaarheid,entropy,Welvaart
BU00850104,0.31129177495579796,Welvaart_Kwetsbaarheid,entropy,Welvaart
BU00850105,0.4165914400649041,Welvaart_Kwetsbaarheid,entropy,Welvaart
BU00850106,0.21713964483492587,Welvaart_Kwetsbaarheid,entropy,Welvaart
BU00850107,0.28098322414403626,Welvaart_Kwetsbaarheid,entropy,Welvaart
BU00850108,0.26313179372552903,Welvaart_Kwetsbaarheid,entropy,Welvaart
BU00850109,0.3000813445926401,Welvaart_Kwetsbaarheid,entropy,Welvaart
BU00850110,0.2254213082909668,Welvaart_Kwetsbaarheid,entropy,Welvaart
BU00850111,0.2851330586669003,Welvaart_Kwetsbaarheid,entropy,Welvaart
WK008502,0.2613485172589972,Welvaart_Kwetsbaarheid,entropy,Welvaart
BU00850201,0.20949796157628311,Welvaart_Kwetsbaarheid,entropy,Welvaart
BU00850202,0.28923201331306686,Welvaart_Kwetsbaarheid,entropy,Welvaart
BU00850203,0.27429473515991754,Welvaart_Kwetsbaarheid,entropy,Welvaart
WK008503,0.26717666271929447,Welvaart_Kwetsbaarheid,entropy,Welvaart
BU00850301,0.26697180522251074,Welvaart_Kwetsbaarheid,entropy,Welvaart
BU00850302,0.323623118857172,Welvaart_Kwetsbaarheid,entropy,Welvaart
WK008504,0.30692238512959624,Welvaart_Kwetsbaarheid,entropy,Welvaart
BU00850401,0.2842449592767751,Welvaart_Kwetsbaarheid,entropy,Welvaart
BU00850402,0.3289603673053291,Welvaart_Kwetsbaarheid,entropy,Welvaart
WK008505,0.27773646304630395,Welvaart_Kwetsbaarheid,entropy,Welvaart
BU00850501,0.2356504646398607,Welvaart_Kwetsbaarheid,entropy,Welvaart
BU00850502,0.33770681427442617,Welvaart_Kwetsbaarheid,entropy,Welvaart
WK008506,0.26365621789479976,Welvaart_Kwetsbaarheid,entropy,Welvaart
BU00850601,0.3054068244451469,Welvaart_Kwetsbaarheid,entropy,Welvaart
BU00850602,0.26938878651318987,Welvaart_Kwetsbaarheid,entropy,Welvaart
BU00850603,0.2666590041749727,Welvaart_Kwetsbaarheid,entropy,Welvaart
BU00850604,0.22705948831868414,Welvaart_Kwetsbaarheid,entropy,Welvaart
BU00850605,0.2848930287981957,Welvaart_Kwetsbaarheid,entropy,Welvaart
BU00850606,0.29079621244710524,Welvaart_Kwetsbaarheid,entropy,Welvaart
BU00850607,0.3530131787854171,Welvaart_Kwetsbaarheid,entropy,Welvaart
BU00850608,0.2555313332647756,Welvaart_Kwetsbaarheid,entropy,Welvaart
WK008507,0.25470536988867976,Welvaart_Kwetsbaarheid,entropy,Welvaart
BU00850701,0.2687544741387186,Welvaart_Kwetsbaarheid,entropy,Welvaart
BU00850702,0.3037795740196601,Welvaart_Kwetsbaarheid,entropy,Welvaart
WK008508,0.25844463698281955,Welvaart_Kwetsbaarheid,entropy,Welvaart
BU00850801,0.24066499731183633,Welvaart_Kwetsbaarheid,entropy,Welvaart
BU00850802,0.28130555479029135,Welvaart_Kwetsbaarheid,entropy,Welvaart
WK008509,0.25634959473187674,Welvaart_Kwetsbaarheid,entropy,Welvaart
BU00850901,0.25884338490287695,Welvaart_Kwetsbaarheid,entropy,Welvaart
BU00850902,0.2920553614983009,Welvaart_Kwetsbaarheid,entropy,Welvaart
WK008510,0.25172341971484313,Welvaart_Kwetsbaarheid,entropy,Welvaart
BU00851001,0.25017521762488,Welvaart_Kwetsbaarheid,entropy,Welvaart
BU00851002,0.26693755325852686,Welvaart_Kwetsbaarheid,entropy,Welvaart
BU00851003,0.312355532647275,Welvaart_Kwetsbaarheid,entropy,Welvaart
WK008511,0.2585716794927823,Welvaart_Kwetsbaarheid,entropy,Welvaart
BU00851101,0.229218486330017,Welvaart_Kwetsbaarheid,entropy,Welvaart
BU00851102,0.2395958572627514,Welvaart_Kwetsbaarheid,entropy,Welvaart
BU00851103,0.2889546981314469,Welvaart_Kwetsbaarheid,entropy,Welvaart
BU00851104,0.3506396589642975,Welvaart_Kwetsbaarheid,entropy,Welvaart
BU00851105,0.3002556228971141,Welvaart_Kwetsbaarheid,entropy,Welvaart
BU00851106,0.2737854394277772,Welvaart_Kwetsbaarheid,entropy,Welvaart
BU00851107,0.29023146714430514,Welvaart_Kwetsbaarheid,entropy,Welvaart
BU00851108,0.3973546219235865,Welvaart_Kwetsbaarheid,entropy,Welvaart
BU00851109,0.2305581955011844,Welvaart_Kwetsbaarheid,entropy,Welvaart
BU00851110,0.24605333644853872,Welvaart_Kwetsbaarheid,entropy,Welvaart
BU00851111,0.2209765659230679,Welvaart_Kwetsbaarheid,entropy,Welvaart
BU00851112,0.3109354218974742,Welvaart_Kwetsbaarheid,entropy,Welvaart
BU00851113,0.26825664538631433,Welvaart_Kwetsbaarheid,entropy,Welvaart
BU00851114,0.19351767526120547,Welvaart_Kwetsbaarheid,entropy,Welvaart
BU00851115,0.30538387183639915,Welvaart_Kwetsbaarheid,entropy,Welvaart
BU00851116,0.5043671258318935,Welvaart_Kwetsbaarheid,entropy,Welvaart
BU00851117,0.32504214608942084,Welvaart_Kwetsbaarheid,entropy,Welvaart
BU00851118,0.26552660823226754,Welvaart_Kwetsbaarheid,entropy,Welvaart
WK008512,0.27449772158554686,Welvaart_Kwetsbaarheid,entropy,Welvaart
BU00851201,0.27213362925700313,Welvaart_Kwetsbaarheid,entropy,Welvaart
BU00851202,0.31350315038590615,Welvaart_Kwetsbaarheid,entropy,Welvaart
WK008513,0.26387477503844814,Welvaart_Kwetsbaarheid,entropy,Welvaart
BU00851301,0.22866394947615487,Welvaart_Kwetsbaarheid,entropy,Welvaart
BU00851302,0.27154992537888384,Welvaart_Kwetsbaarheid,entropy,Welvaart
GM0086,0.27989254005581393,Welvaart_Kwetsbaarheid,entropy,Welvaart
WK008601,0.26169577838431574,Welvaart_Kwetsbaarheid,entropy,Welvaart
BU00860101,0.17326914682442257,Welvaart_Kwetsbaarheid,entropy,Welvaart
BU00860102,0.2348653221635153,Welvaart_Kwetsbaarheid,entropy,Welvaart
BU00860103,0.2931024456317571,Welvaart_Kwetsbaarheid,entropy,Welvaart
WK008602,0.2661953423801714,Welvaart_Kwetsbaarheid,entropy,Welvaart
BU00860201,0.2679173849753749,Welvaart_Kwetsbaarheid,entropy,Welvaart
BU00860202,0.2718857532900058,Welvaart_Kwetsbaarheid,entropy,Welvaart
BU00860203,0.24701265140066392,Welvaart_Kwetsbaarheid,entropy,Welvaart
BU00860204,0.28350960667111125,Welvaart_Kwetsbaarheid,entropy,Welvaart
BU00860205,0.230064693185351,Welvaart_Kwetsbaarheid,entropy,Welvaart
BU00860206,0.2589116797862581,Welvaart_Kwetsbaarheid,entropy,Welvaart
BU00860207,0.22463556239788757,Welvaart_Kwetsbaarheid,entropy,Welvaart
BU00860208,0.29088107066647695,Welvaart_Kwetsbaarheid,entropy,Welvaart
BU00860209,0.352792328965958,Welvaart_Kwetsbaarheid,entropy,Welvaart
WK008604,0.257530549828818,Welvaart_Kwetsbaarheid,entropy,Welvaart
BU00860401,0.21924741296611422,Welvaart_Kwetsbaarheid,entropy,Welvaart
BU00860402,0.23642280799477722,Welvaart_Kwetsbaarheid,entropy,Welvaart
WK008605,0.2559706937170473,Welvaart_Kwetsbaarheid,entropy,Welvaart
BU00860501,0.2662799493608421,Welvaart_Kwetsbaarheid,entropy,Welvaart
BU00860502,0.2914893528871556,Welvaart_Kwetsbaarheid,entropy,Welvaart
BU00860503,0.27151848048421773,Welvaart_Kwetsbaarheid,entropy,Welvaart
BU00860504,0.20692212528839102,Welvaart_Kwetsbaarheid,entropy,Welvaart
BU00860505,0.24975253668484165,Welvaart_Kwetsbaarheid,entropy,Welvaart
BU00860506,0.3368277137569638,Welvaart_Kwetsbaarheid,entropy,Welvaart
BU00860507,0.22564851032964525,Welvaart_Kwetsbaarheid,entropy,Welvaart
BU00860508,0.25115710366923544,Welvaart_Kwetsbaarheid,entropy,Welvaart
WK008606,0.25626851488386254,Welvaart_Kwetsbaarheid,entropy,Welvaart
BU00860601,0.2616882320241919,Welvaart_Kwetsbaarheid,entropy,Welvaart
BU00860602,0.34418750223118455,Welvaart_Kwetsbaarheid,entropy,Welvaart
WK008607,0.265403291110534,Welvaart_Kwetsbaarheid,entropy,Welvaart
BU00860701,0.32422228786754875,Welvaart_Kwetsbaarheid,entropy,Welvaart
BU00860702,0.30063814497392194,Welvaart_Kwetsbaarheid,entropy,Welvaart
WK008608,0.25705754433959255,Welvaart_Kwetsbaarheid,entropy,Welvaart
BU00860801,0.26270813093853834,Welvaart_Kwetsbaarheid,entropy,Welvaart
BU00860802,0.24774418042297658,Welvaart_Kwetsbaarheid,entropy,Welvaart
WK008609,0.25465495531689974,Welvaart_Kwetsbaarheid,entropy,Welvaart
BU00860901,0.26448332358060067,Welvaart_Kwetsbaarheid,entropy,Welvaart
BU00860902,0.2969770235817923,Welvaart_Kwetsbaarheid,entropy,Welvaart
WK008610,0.2754384353070828,Welvaart_Kwetsbaarheid,entropy,Welvaart
BU00861001,0.23608868242319667,Welvaart_Kwetsbaarheid,entropy,Welvaart
BU00861002,0.3117094935744759,Welvaart_Kwetsbaarheid,entropy,Welvaart
WK008611,0.26027390939442374,Welvaart_Kwetsbaarheid,entropy,Welvaart
BU00861101,0.25747472567870155,Welvaart_Kwetsbaarheid,entropy,Welvaart
BU00861102,0.3108832158525429,Welvaart_Kwetsbaarheid,entropy,Welvaart
WK008613,0.27391484759326445,Welvaart_Kwetsbaarheid,entropy,Welvaart
BU00861301,0.23394250443970951,Welvaart_Kwetsbaarheid,entropy,Welvaart
BU00861302,0.2995602076902282,Welvaart_Kwetsbaarheid,entropy,Welvaart
WK008614,0.2642902573571163,Welvaart_Kwetsbaarheid,entropy,Welvaart
BU00861401,0.26065060010254465,Welvaart_Kwetsbaarheid,entropy,Welvaart
BU00861402,0.2931003348156945,Welvaart_Kwetsbaarheid,entropy,Welvaart
WK008615,0.2539796705373268,Welvaart_Kwetsbaarheid,entropy,Welvaart
BU00861501,0.24851171925637044,Welvaart_Kwetsbaarheid,entropy,Welvaart
BU00861502,0.28512074209785043,Welvaart_Kwetsbaarheid,entropy,Welvaart
WK008616,0.266994379878046,Welvaart_Kwetsbaarheid,entropy,Welvaart
BU00861601,0.2713293974945956,Welvaart_Kwetsbaarheid,entropy,Welvaart
BU00861602,0.2586407793484825,Welvaart_Kwetsbaarheid,entropy,Welvaart
BU00861603,0.27473263984539853,Welvaart_Kwetsbaarheid,entropy,Welvaart
BU00861604,0.3166361191695171,Welvaart_Kwetsbaarheid,entropy,Welvaart
BU00861605,0.22551036968922672,Welvaart_Kwetsbaarheid,entropy,Welvaart
BU00861606,0.2498346400188589,Welvaart_Kwetsbaarheid,entropy,Welvaart
BU00861607,0.2666328235062869,Welvaart_Kwetsbaarheid,entropy,Welvaart
WK008617,0.26428410289206383,Welvaart_Kwetsbaarheid,entropy,Welvaart
BU00861701,0.3088742959573808,Welvaart_Kwetsbaarheid,entropy,Welvaart
BU00861702,0.2622910910667659,Welvaart_Kwetsbaarheid,entropy,Welvaart
BU00861703,0.28033892598833565,Welvaart_Kwetsbaarheid,entropy,Welvaart
GM0088,0.24819568447225593,Welvaart_Kwetsbaarheid,entropy,Welvaart
WK008800,0.2638514814182734,Welvaart_Kwetsbaarheid,entropy,Welvaart
BU00880000,0.2865783570031252,Welvaart_Kwetsbaarheid,entropy,Welvaart
BU00880009,0.28468029044455456,Welvaart_Kwetsbaarheid,entropy,Welvaart
GM0090,0.27004615058011605,Welvaart_Kwetsbaarheid,entropy,Welvaart
WK009001,0.31300869175591867,Welvaart_Kwetsbaarheid,entropy,Welvaart
BU00900101,0.25087559786505137,Welvaart_Kwetsbaarheid,entropy,Welvaart
WK009002,0.22518279753497078,Welvaart_Kwetsbaarheid,entropy,Welvaart
BU00900201,0.37601365450434565,Welvaart_Kwetsbaarheid,entropy,Welvaart
BU00900202,0.3479656892083346,Welvaart_Kwetsbaarheid,entropy,Welvaart
BU00900203,0.3493723162762914,Welvaart_Kwetsbaarheid,entropy,Welvaart
BU00900204,0.33871188599477564,Welvaart_Kwetsbaarheid,entropy,Welvaart
BU00900205,0.35458206666947445,Welvaart_Kwetsbaarheid,entropy,Welvaart
BU00900206,0.21402852282464724,Welvaart_Kwetsbaarheid,entropy,Welvaart
WK009003,0.24802097185728972,Welvaart_Kwetsbaarheid,entropy,Welvaart
BU00900301,0.2045940884789089,Welvaart_Kwetsbaarheid,entropy,Welvaart
BU00900302,0.19000033264885663,Welvaart_Kwetsbaarheid,entropy,Welvaart
BU00900303,0.19406386042070328,Welvaart_Kwetsbaarheid,entropy,Welvaart
BU00900304,0.20657382685753392,Welvaart_Kwetsbaarheid,entropy,Welvaart
WK009004,0.26002272604984894,Welvaart_Kwetsbaarheid,entropy,Welvaart
BU00900401,0.24180855113550476,Welvaart_Kwetsbaarheid,entropy,Welvaart
BU00900402,0.26220464362087903,Welvaart_Kwetsbaarheid,entropy,Welvaart
BU00900403,0.22888516172933904,Welvaart_Kwetsbaarheid,entropy,Welvaart
BU00900404,0.23205007263224192,Welvaart_Kwetsbaarheid,entropy,Welvaart
BU00900405,0.2516126493603275,Welvaart_Kwetsbaarheid,entropy,Welvaart
BU00900406,0.22578535193809127,Welvaart_Kwetsbaarheid,entropy,Welvaart
WK009005,0.32746372586572753,Welvaart_Kwetsbaarheid,entropy,Welvaart
BU00900501,0.26635942371309446,Welvaart_Kwetsbaarheid,entropy,Welvaart
BU00900502,0.28787892252040065,Welvaart_Kwetsbaarheid,entropy,Welvaart
WK009006,0.24385396482485283,Welvaart_Kwetsbaarheid,entropy,Welvaart
BU00900601,0.2873273280851434,Welvaart_Kwetsbaarheid,entropy,Welvaart
BU00900602,0.2673023673182291,Welvaart_Kwetsbaarheid,entropy,Welvaart
BU00900603,0.3072415615802182,Welvaart_Kwetsbaarheid,entropy,Welvaart
WK009007,0.2581543628766895,Welvaart_Kwetsbaarheid,entropy,Welvaart
BU00900701,0.22359854617786729,Welvaart_Kwetsbaarheid,entropy,Welvaart
BU00900702,0.2601513749932745,Welvaart_Kwetsbaarheid,entropy,Welvaart
BU00900703,0.21704726982838252,Welvaart_Kwetsbaarheid,entropy,Welvaart
BU00900704,0.21138078789786,Welvaart_Kwetsbaarheid,entropy,Welvaart
BU00900705,0.261991093523595,Welvaart_Kwetsbaarheid,entropy,Welvaart
BU00900706,0.24698882259229404,Welvaart_Kwetsbaarheid,entropy,Welvaart
WK009008,0.26179258901230856,Welvaart_Kwetsbaarheid,entropy,Welvaart
BU00900801,0.28337547853956946,Welvaart_Kwetsbaarheid,entropy,Welvaart
BU00900802,0.28847583691236167,Welvaart_Kwetsbaarheid,entropy,Welvaart
BU00900803,0.29814506275311636,Welvaart_Kwetsbaarheid,entropy,Welvaart
WK009009,0.2762025859325872,Welvaart_Kwetsbaarheid,entropy,Welvaart
BU00900901,0.32769716511196434,Welvaart_Kwetsbaarheid,entropy,Welvaart
BU00900902,0.3081996894955338,Welvaart_Kwetsbaarheid,entropy,Welvaart
BU00900903,0.32899306490808167,Welvaart_Kwetsbaarheid,entropy,Welvaart
BU00900904,0.2916261952868565,Welvaart_Kwetsbaarheid,entropy,Welvaart
WK009010,0.27864425853212926,Welvaart_Kwetsbaarheid,entropy,Welvaart
BU00901001,0.3983013543608136,Welvaart_Kwetsbaarheid,entropy,Welvaart
BU00901002,0.3936190891181144,Welvaart_Kwetsbaarheid,entropy,Welvaart
BU00901003,0.39654307052586757,Welvaart_Kwetsbaarheid,entropy,Welvaart
BU00901004,0.39590485810354425,Welvaart_Kwetsbaarheid,entropy,Welvaart
WK009011,0.26515380725705656,Welvaart_Kwetsbaarheid,entropy,Welvaart
BU00901101,0.2842531966535766,Welvaart_Kwetsbaarheid,entropy,Welvaart
WK009012,0.269035899164982,Welvaart_Kwetsbaarheid,entropy,Welvaart
BU00901201,0.23331862676809675,Welvaart_Kwetsbaarheid,entropy,Welvaart
BU00901202,0.2572358227228457,Welvaart_Kwetsbaarheid,entropy,Welvaart
WK009013,0.23984958543500387,Welvaart_Kwetsbaarheid,entropy,Welvaart
BU00901301,0.27539863760016625,Welvaart_Kwetsbaarheid,entropy,Welvaart
BU00901302,0.30760138298839274,Welvaart_Kwetsbaarheid,entropy,Welvaart
BU00901303,0.24486521290493435,Welvaart_Kwetsbaarheid,entropy,Welvaart
WK009021,0.2710254003210651,Welvaart_Kwetsbaarheid,entropy,Welvaart
BU00902104,0.23202849096061398,Welvaart_Kwetsbaarheid,entropy,Welvaart
BU00902105,0.2507119257712266,Welvaart_Kwetsbaarheid,entropy,Welvaart
BU00902109,0.2605681347806643,Welvaart_Kwetsbaarheid,entropy,Welvaart
BU00902110,0.24971035902319133,Welvaart_Kwetsbaarheid,entropy,Welvaart
BU00902114,0.2618137623373632,Welvaart_Kwetsbaarheid,entropy,Welvaart
WK009022,0.2873280636818275,Welvaart_Kwetsbaarheid,entropy,Welvaart
BU00902201,0.3048463647469423,Welvaart_Kwetsbaarheid,entropy,Welvaart
BU00902202,0.28176210688450065,Welvaart_Kwetsbaarheid,entropy,Welvaart
BU00902203,0.32367436326787186,Welvaart_Kwetsbaarheid,entropy,Welvaart
BU00902206,0.27489929286852194,Welvaart_Kwetsbaarheid,entropy,Welvaart
BU00902212,0.3193732420743229,Welvaart_Kwetsbaarheid,entropy,Welvaart
BU00902213,0.31111012739009325,Welvaart_Kwetsbaarheid,entropy,Welvaart
BU00902215,0.288287892442896,Welvaart_Kwetsbaarheid,entropy,Welvaart
BU00902216,0.31725121454671673,Welvaart_Kwetsbaarheid,entropy,Welvaart
WK009023,0.2719201519190462,Welvaart_Kwetsbaarheid,entropy,Welvaart
BU00902307,0.24291106652631392,Welvaart_Kwetsbaarheid,entropy,Welvaart
BU00902308,0.29524635115426995,Welvaart_Kwetsbaarheid,entropy,Welvaart
BU00902311,0.26227633010153273,Welvaart_Kwetsbaarheid,entropy,Welvaart
GM1900,0.26736309866751257,Welvaart_Kwetsbaarheid,entropy,Welvaart
WK190000,0.2568784967694913,Welvaart_Kwetsbaarheid,entropy,Welvaart
BU19000000,0.27695999574773456,Welvaart_Kwetsbaarheid,entropy,Welvaart
BU19000001,0.35263608252795753,Welvaart_Kwetsbaarheid,entropy,Welvaart
BU19000002,0.2534153491088771,Welvaart_Kwetsbaarheid,entropy,Welvaart
BU19000003,0.19068368017732693,Welvaart_Kwetsbaarheid,entropy,Welvaart
BU19000004,0.22894507144391724,Welvaart_Kwetsbaarheid,entropy,Welvaart
BU19000009,0.27410666400161554,Welvaart_Kwetsbaarheid,entropy,Welvaart
WK190001,0.2581743965656087,Welvaart_Kwetsbaarheid,entropy,Welvaart
BU19000101,0.3651709812591839,Welvaart_Kwetsbaarheid,entropy,Welvaart
BU19000102,0.28879093228057606,Welvaart_Kwetsbaarheid,entropy,Welvaart
BU19000103,0.22798454576901261,Welvaart_Kwetsbaarheid,entropy,Welvaart
BU19000104,0.3038829419359743,Welvaart_Kwetsbaarheid,entropy,Welvaart
BU19000105,0.41640495858649795,Welvaart_Kwetsbaarheid,entropy,Welvaart
BU19000106,0.2482212386766522,Welvaart_Kwetsbaarheid,entropy,Welvaart
BU19000107,0.208426777012741,Welvaart_Kwetsbaarheid,entropy,Welvaart
BU19000108,0.24140167783448552,Welvaart_Kwetsbaarheid,entropy,Welvaart
BU19000109,0.27899154091011613,Welvaart_Kwetsbaarheid,entropy,Welvaart
BU19000110,0.25779552278855233,Welvaart_Kwetsbaarheid,entropy,Welvaart
BU19000111,0.2419588604512136,Welvaart_Kwetsbaarheid,entropy,Welvaart
BU19000112,0.3246955729907389,Welvaart_Kwetsbaarheid,entropy,Welvaart
BU19000113,0.3221108191460729,Welvaart_Kwetsbaarheid,entropy,Welvaart
BU19000114,0.39152171117976053,Welvaart_Kwetsbaarheid,entropy,Welvaart
BU19000115,0.3888680673607303,Welvaart_Kwetsbaarheid,entropy,Welvaart
BU19000116,0.306007055613865,Welvaart_Kwetsbaarheid,entropy,Welvaart
BU19000117,0.24310742322135787,Welvaart_Kwetsbaarheid,entropy,Welvaart
BU19000118,0.2636398222399965,Welvaart_Kwetsbaarheid,entropy,Welvaart
BU19000119,0.2789105713172978,Welvaart_Kwetsbaarheid,entropy,Welvaart
BU19000120,0.23864189517764542,Welvaart_Kwetsbaarheid,entropy,Welvaart
WK190002,0.2613001106669559,Welvaart_Kwetsbaarheid,entropy,Welvaart
BU19000200,0.269340311013482,Welvaart_Kwetsbaarheid,entropy,Welvaart
BU19000201,0.27170124427335146,Welvaart_Kwetsbaarheid,entropy,Welvaart
BU19000202,0.24493898790205165,Welvaart_Kwetsbaarheid,entropy,Welvaart
BU19000208,0.252922039106882,Welvaart_Kwetsbaarheid,entropy,Welvaart
BU19000209,0.3316817028376442,Welvaart_Kwetsbaarheid,entropy,Welvaart
WK190003,0.25428589599420315,Welvaart_Kwetsbaarheid,entropy,Welvaart
BU19000300,0.25280025292165753,Welvaart_Kwetsbaarheid,entropy,Welvaart
BU19000301,0.26730009292001095,Welvaart_Kwetsbaarheid,entropy,Welvaart
BU19000302,0.28665871093259204,Welvaart_Kwetsbaarheid,entropy,Welvaart
BU19000308,0.2757243095499114,Welvaart_Kwetsbaarheid,entropy,Welvaart
BU19000309,0.25690121298106156,Welvaart_Kwetsbaarheid,entropy,Welvaart
WK190004,0.245706280298705,Welvaart_Kwetsbaarheid,entropy,Welvaart
BU19000400,0.26325232710496194,Welvaart_Kwetsbaarheid,entropy,Welvaart
BU19000401,0.27413779171281877,Welvaart_Kwetsbaarheid,entropy,Welvaart
BU19000402,0.2625925763079153,Welvaart_Kwetsbaarheid,entropy,Welvaart
BU19000403,0.2630704446044758,Welvaart_Kwetsbaarheid,entropy,Welvaart
BU19000408,0.294406882016087,Welvaart_Kwetsbaarheid,entropy,Welvaart
BU19000409,0.2898749100581393,Welvaart_Kwetsbaarheid,entropy,Welvaart
WK190005,0.2610766756230652,Welvaart_Kwetsbaarheid,entropy,Welvaart
BU19000500,0.20950951058241926,Welvaart_Kwetsbaarheid,entropy,Welvaart
BU19000501,0.2879774064509548,Welvaart_Kwetsbaarheid,entropy,Welvaart
BU19000502,0.21184450060360274,Welvaart_Kwetsbaarheid,entropy,Welvaart
BU19000503,0.31050366212863334,Welvaart_Kwetsbaarheid,entropy,Welvaart
WK190006,0.2556333284926142,Welvaart_Kwetsbaarheid,entropy,Welvaart
BU19000600,0.25580605218892555,Welvaart_Kwetsbaarheid,entropy,Welvaart
BU19000602,0.21782191653086738,Welvaart_Kwetsbaarheid,entropy,Welvaart
BU19000603,0.25714368142521327,Welvaart_Kwetsbaarheid,entropy,Welvaart
BU19000607,0.2982537131702461,Welvaart_Kwetsbaarheid,entropy,Welvaart
BU19000608,0.26659030991799826,Welvaart_Kwetsbaarheid,entropy,Welvaart
BU19000609,0.25915740644159513,Welvaart_Kwetsbaarheid,entropy,Welvaart
WK190007,0.2559816364493197,Welvaart_Kwetsbaarheid,entropy,Welvaart
BU19000700,0.23257706267698347,Welvaart_Kwetsbaarheid,entropy,Welvaart
BU19000701,0.25723122382416524,Welvaart_Kwetsbaarheid,entropy,Welvaart
BU19000702,0.24610026997461137,Welvaart_Kwetsbaarheid,entropy,Welvaart
BU19000706,0.26365816975379675,Welvaart_Kwetsbaarheid,entropy,Welvaart
BU19000707,0.30467937717418425,Welvaart_Kwetsbaarheid,entropy,Welvaart
BU19000708,0.3758091097543962,Welvaart_Kwetsbaarheid,entropy,Welvaart
WK190008,0.24353982305423336,Welvaart_Kwetsbaarheid,entropy,Welvaart
BU19000800,0.22090931123760982,Welvaart_Kwetsbaarheid,entropy,Welvaart
BU19000801,0.21880581054448073,Welvaart_Kwetsbaarheid,entropy,Welvaart
BU19000802,0.282581244017932,Welvaart_Kwetsbaarheid,entropy,Welvaart
BU19000804,0.2731941021659963,Welvaart_Kwetsbaarheid,entropy,Welvaart
BU19000808,0.27315018863731677,Welvaart_Kwetsbaarheid,entropy,Welvaart
BU19000809,0.22670208552648072,Welvaart_Kwetsbaarheid,entropy,Welvaart
WK190009,0.2565671289697719,Welvaart_Kwetsbaarheid,entropy,Welvaart
BU19000900,0.23085475385324744,Welvaart_Kwetsbaarheid,entropy,Welvaart
BU19000901,0.23550144902807696,Welvaart_Kwetsbaarheid,entropy,Welvaart
BU19000902,0.23585184050527658,Welvaart_Kwetsbaarheid,entropy,Welvaart
BU19000903,0.2817909348393989,Welvaart_Kwetsbaarheid,entropy,Welvaart
BU19000904,0.21726359949519586,Welvaart_Kwetsbaarheid,entropy,Welvaart
BU19000905,0.261214373459855,Welvaart_Kwetsbaarheid,entropy,Welvaart
BU19000906,0.26391994375095373,Welvaart_Kwetsbaarheid,entropy,Welvaart
BU19000907,0.2455285458768733,Welvaart_Kwetsbaarheid,entropy,Welvaart
BU19000908,0.2809804567704383,Welvaart_Kwetsbaarheid,entropy,Welvaart
BU19000909,0.2945117030365204,Welvaart_Kwetsbaarheid,entropy,Welvaart
WK190010,0.25411991597211253,Welvaart_Kwetsbaarheid,entropy,Welvaart
BU19001000,0.2621616571384609,Welvaart_Kwetsbaarheid,entropy,Welvaart
BU19001001,0.23591873141887465,Welvaart_Kwetsbaarheid,entropy,Welvaart
BU19001002,0.21648702279721013,Welvaart_Kwetsbaarheid,entropy,Welvaart
BU19001003,0.2266865274777409,Welvaart_Kwetsbaarheid,entropy,Welvaart
BU19001007,0.29175258243270324,Welvaart_Kwetsbaarheid,entropy,Welvaart
BU19001008,0.27833435285725977,Welvaart_Kwetsbaarheid,entropy,Welvaart
WK190011,0.2446542908912716,Welvaart_Kwetsbaarheid,entropy,Welvaart
BU19001100,0.25223556719194523,Welvaart_Kwetsbaarheid,entropy,Welvaart
BU19001101,0.3199871467021402,Welvaart_Kwetsbaarheid,entropy,Welvaart
BU19001108,0.25199674704053665,Welvaart_Kwetsbaarheid,entropy,Welvaart
BU19001109,0.281841174344523,Welvaart_Kwetsbaarheid,entropy,Welvaart
WK190012,0.2632530444276234,Welvaart_Kwetsbaarheid,entropy,Welvaart
BU19001200,0.2498387255644233,Welvaart_Kwetsbaarheid,entropy,Welvaart
BU19001201,0.29343533988525,Welvaart_Kwetsbaarheid,entropy,Welvaart
BU19001202,0.33904275700863845,Welvaart_Kwetsbaarheid,entropy,Welvaart
BU19001203,0.2599236043801418,Welvaart_Kwetsbaarheid,entropy,Welvaart
BU19001204,0.2776979091643841,Welvaart_Kwetsbaarheid,entropy,Welvaart
BU19001208,0.2432878722641768,Welvaart_Kwetsbaarheid,entropy,Welvaart
BU19001209,0.368543396563706,Welvaart_Kwetsbaarheid,entropy,Welvaart
WK190013,0.24613859578390548,Welvaart_Kwetsbaarheid,entropy,Welvaart
BU19001300,0.24204012323987745,Welvaart_Kwetsbaarheid,entropy,Welvaart
BU19001301,0.21955504034209491,Welvaart_Kwetsbaarheid,entropy,Welvaart
BU19001302,0.24069450372675794,Welvaart_Kwetsbaarheid,entropy,Welvaart
BU19001303,0.23951959151114144,Welvaart_Kwetsbaarheid,entropy,Welvaart
BU19001306,0.284855620051956,Welvaart_Kwetsbaarheid,entropy,Welvaart
BU19001307,0.28173633435486484,Welvaart_Kwetsbaarheid,entropy,Welvaart
BU19001308,0.28663158827241075,Welvaart_Kwetsbaarheid,entropy,Welvaart
BU19001309,0.3011712333800188,Welvaart_Kwetsbaarheid,entropy,Welvaart
WK190014,0.26045717305138205,Welvaart_Kwetsbaarheid,entropy,Welvaart
BU19001400,0.22789268453662503,Welvaart_Kwetsbaarheid,entropy,Welvaart
BU19001401,0.21100338346554265,Welvaart_Kwetsbaarheid,entropy,Welvaart
BU19001402,0.2458964639566856,Welvaart_Kwetsbaarheid,entropy,Welvaart
BU19001403,0.26863149434281697,Welvaart_Kwetsbaarheid,entropy,Welvaart
BU19001404,0.24380208662360492,Welvaart_Kwetsbaarheid,entropy,Welvaart
BU19001405,0.2563105203706175,Welvaart_Kwetsbaarheid,entropy,Welvaart
BU19001406,0.23921816845198907,Welvaart_Kwetsbaarheid,entropy,Welvaart
BU19001407,0.2413191750493786,Welvaart_Kwetsbaarheid,entropy,Welvaart
BU19001408,0.2566408036742735,Welvaart_Kwetsbaarheid,entropy,Welvaart
BU19001409,0.28130624644632796,Welvaart_Kwetsbaarheid,entropy,Welvaart
WK190015,0.2560047054088614,Welvaart_Kwetsbaarheid,entropy,Welvaart
BU19001500,0.2342916175466459,Welvaart_Kwetsbaarheid,entropy,Welvaart
BU19001501,0.24775974294097475,Welvaart_Kwetsbaarheid,entropy,Welvaart
BU19001502,0.2596858786176278,Welvaart_Kwetsbaarheid,entropy,Welvaart
BU19001503,0.25103383136522844,Welvaart_Kwetsbaarheid,entropy,Welvaart
BU19001509,0.21986561862135007,Welvaart_Kwetsbaarheid,entropy,Welvaart
WK190016,0.2608326363338268,Welvaart_Kwetsbaarheid,entropy,Welvaart
BU19001600,0.22349525547754004,Welvaart_Kwetsbaarheid,entropy,Welvaart
BU19001601,0.29014934307358436,Welvaart_Kwetsbaarheid,entropy,Welvaart
BU19001602,0.23172418034094155,Welvaart_Kwetsbaarheid,entropy,Welvaart
BU19001603,0.21868976940846427,Welvaart_Kwetsbaarheid,entropy,Welvaart
BU19001604,0.19355113243141597,Welvaart_Kwetsbaarheid,entropy,Welvaart
BU19001606,0.26923707574801164,Welvaart_Kwetsbaarheid,entropy,Welvaart
BU19001607,0.2713863300814164,Welvaart_Kwetsbaarheid,entropy,Welvaart
BU19001608,0.3159079487009005,Welvaart_Kwetsbaarheid,entropy,Welvaart
WK190017,0.2528127415988188,Welvaart_Kwetsbaarheid,entropy,Welvaart
BU19001700,0.24373824357148727,Welvaart_Kwetsbaarheid,entropy,Welvaart
BU19001709,0.27816155680784926,Welvaart_Kwetsbaarheid,entropy,Welvaart
WK190018,0.25866225104999085,Welvaart_Kwetsbaarheid,entropy,Welvaart
BU19001800,0.3092992755857418,Welvaart_Kwetsbaarheid,entropy,Welvaart
BU19001801,0.27625174566532157,Welvaart_Kwetsbaarheid,entropy,Welvaart
BU19001802,0.2890555033365472,Welvaart_Kwetsbaarheid,entropy,Welvaart
BU19001803,0.24747196291966309,Welvaart_Kwetsbaarheid,entropy,Welvaart
BU19001804,0.25288797970440463,Welvaart_Kwetsbaarheid,entropy,Welvaart
BU19001808,0.29179149285529266,Welvaart_Kwetsbaarheid,entropy,Welvaart
BU19001809,0.2941550369860623,Welvaart_Kwetsbaarheid,entropy,Welvaart
WK190019,0.2528304257932439,Welvaart_Kwetsbaarheid,entropy,Welvaart
BU19001900,0.2319246138015803,Welvaart_Kwetsbaarheid,entropy,Welvaart
BU19001901,0.24698945073507816,Welvaart_Kwetsbaarheid,entropy,Welvaart
BU19001902,0.25595738165426524,Welvaart_Kwetsbaarheid,entropy,Welvaart
BU19001903,0.2577359421684163,Welvaart_Kwetsbaarheid,entropy,Welvaart
BU19001904,0.25142849080708685,Welvaart_Kwetsbaarheid,entropy,Welvaart
WK190020,0.26081028798617484,Welvaart_Kwetsbaarheid,entropy,Welvaart
BU19002001,0.24696014789681414,Welvaart_Kwetsbaarheid,entropy,Welvaart
BU19002002,0.22461372774752159,Welvaart_Kwetsbaarheid,entropy,Welvaart
BU19002003,0.30739646980114826,Welvaart_Kwetsbaarheid,entropy,Welvaart
BU19002004,0.22762034715635565,Welvaart_Kwetsbaarheid,entropy,Welvaart
BU19002005,0.2090916683338142,Welvaart_Kwetsbaarheid,entropy,Welvaart
BU19002006,0.25015632667005483,Welvaart_Kwetsbaarheid,entropy,Welvaart
BU19002007,0.21953790961812653,Welvaart_Kwetsbaarheid,entropy,Welvaart
BU19002008,0.23558355340368536,Welvaart_Kwetsbaarheid,entropy,Welvaart
BU19002009,0.2568112455920336,Welvaart_Kwetsbaarheid,entropy,Welvaart
BU19002010,0.25971342710042267,Welvaart_Kwetsbaarheid,entropy,Welvaart
BU19002011,0.2359224696395142,Welvaart_Kwetsbaarheid,entropy,Welvaart
BU19002012,0.24734453828693348,Welvaart_Kwetsbaarheid,entropy,Welvaart
BU19002013,0.26523750586370043,Welvaart_Kwetsbaarheid,entropy,Welvaart
BU19002014,0.2716192646750107,Welvaart_Kwetsbaarheid,entropy,Welvaart
BU19002015,0.26044828292665934,Welvaart_Kwetsbaarheid,entropy,Welvaart
BU19002016,0.24573481490833038,Welvaart_Kwetsbaarheid,entropy,Welvaart
BU19002017,0.2266564380451944,Welvaart_Kwetsbaarheid,entropy,Welvaart
BU19002018,0.21933110265397213,Welvaart_Kwetsbaarheid,entropy,Welvaart
BU19002019,0.2739109801486575,Welvaart_Kwetsbaarheid,entropy,Welvaart
GM0093,0.257926052933137,Welvaart_Kwetsbaarheid,entropy,Welvaart
WK009300,0.2506839825460515,Welvaart_Kwetsbaarheid,entropy,Welvaart
BU00930000,0.26810810804173796,Welvaart_Kwetsbaarheid,entropy,Welvaart
BU00930002,0.41350557043282954,Welvaart_Kwetsbaarheid,entropy,Welvaart
WK009301,0.24617139909136299,Welvaart_Kwetsbaarheid,entropy,Welvaart
BU00930110,0.29871157455625147,Welvaart_Kwetsbaarheid,entropy,Welvaart
BU00930111,0.3336221070670052,Welvaart_Kwetsbaarheid,entropy,Welvaart
BU00930112,0.3273019129626654,Welvaart_Kwetsbaarheid,entropy,Welvaart
WK009302,0.28249272407566284,Welvaart_Kwetsbaarheid,entropy,Welvaart
BU00930213,0.340281723412529,Welvaart_Kwetsbaarheid,entropy,Welvaart
BU00930214,0.32396809693989187,Welvaart_Kwetsbaarheid,entropy,Welvaart
BU00930215,0.2695886629435075,Welvaart_Kwetsbaarheid,entropy,Welvaart
WK009303,0.3059047371953824,Welvaart_Kwetsbaarheid,entropy,Welvaart
BU00930316,0.3304493716512752,Welvaart_Kwetsbaarheid,entropy,Welvaart
BU00930317,0.27708640198981876,Welvaart_Kwetsbaarheid,entropy,Welvaart
WK009304,0.26065650283196035,Welvaart_Kwetsbaarheid,entropy,Welvaart
BU00930418,0.30578073558010355,Welvaart_Kwetsbaarheid,entropy,Welvaart
BU00930419,0.29561294918067976,Welvaart_Kwetsbaarheid,entropy,Welvaart
BU00930420,0.3354354129657293,Welvaart_Kwetsbaarheid,entropy,Welvaart
WK009305,0.2886968481187669,Welvaart_Kwetsbaarheid,entropy,Welvaart
BU00930521,0.3074705544935138,Welvaart_Kwetsbaarheid,entropy,Welvaart
BU00930522,0.28006056529442613,Welvaart_Kwetsbaarheid,entropy,Welvaart
BU00930523,0.3118186840854778,Welvaart_Kwetsbaarheid,entropy,Welvaart
GM0737,0.27116622199273877,Welvaart_Kwetsbaarheid,entropy,Welvaart
WK073700,0.26402235938111507,Welvaart_Kwetsbaarheid,entropy,Welvaart
BU07370000,0.2392764589367928,Welvaart_Kwetsbaarheid,entropy,Welvaart
BU07370009,0.2614698581057277,Welvaart_Kwetsbaarheid,entropy,Welvaart
WK073701,0.2522673564749886,Welvaart_Kwetsbaarheid,entropy,Welvaart
BU07370100,0.20970334943646368,Welvaart_Kwetsbaarheid,entropy,Welvaart
BU07370101,0.22780409598870882,Welvaart_Kwetsbaarheid,entropy,Welvaart
BU07370102,0.2467563096064907,Welvaart_Kwetsbaarheid,entropy,Welvaart
BU07370108,0.2577875843783576,Welvaart_Kwetsbaarheid,entropy,Welvaart
BU07370109,0.16821961483570147,Welvaart_Kwetsbaarheid,entropy,Welvaart
WK073702,0.2580045920186555,Welvaart_Kwetsbaarheid,entropy,Welvaart
BU07370200,0.2503408328010272,Welvaart_Kwetsbaarheid,entropy,Welvaart
BU07370201,0.23628895093116184,Welvaart_Kwetsbaarheid,entropy,Welvaart
BU07370208,0.2569894241315533,Welvaart_Kwetsbaarheid,entropy,Welvaart
BU07370209,0.23405803327135544,Welvaart_Kwetsbaarheid,entropy,Welvaart
WK073703,0.23631628339921887,Welvaart_Kwetsbaarheid,entropy,Welvaart
BU07370300,0.2604205439659332,Welvaart_Kwetsbaarheid,entropy,Welvaart
BU07370309,0.3084179990302508,Welvaart_Kwetsbaarheid,entropy,Welvaart
WK073704,0.2608080463277704,Welvaart_Kwetsbaarheid,entropy,Welvaart
BU07370400,0.19850453005661156,Welvaart_Kwetsbaarheid,entropy,Welvaart
BU07370401,0.23879531889136862,Welvaart_Kwetsbaarheid,entropy,Welvaart
BU07370408,0.23857226759727881,Welvaart_Kwetsbaarheid,entropy,Welvaart
BU07370409,0.26764031502094543,Welvaart_Kwetsbaarheid,entropy,Welvaart
WK073705,0.26492293756914187,Welvaart_Kwetsbaarheid,entropy,Welvaart
BU07370500,0.2498641876802548,Welvaart_Kwetsbaarheid,entropy,Welvaart
BU07370501,0.20971120722712663,Welvaart_Kwetsbaarheid,entropy,Welvaart
BU07370508,0.2821185140827259,Welvaart_Kwetsbaarheid,entropy,Welvaart
BU07370509,0.31139666669603305,Welvaart_Kwetsbaarheid,entropy,Welvaart
WK073706,0.25712355019335,Welvaart_Kwetsbaarheid,entropy,Welvaart
BU07370600,0.2510796484958719,Welvaart_Kwetsbaarheid,entropy,Welvaart
BU07370609,0.27762575158630054,Welvaart_Kwetsbaarheid,entropy,Welvaart
WK073707,0.2644703738275288,Welvaart_Kwetsbaarheid,entropy,Welvaart
BU07370700,0.25224829348188266,Welvaart_Kwetsbaarheid,entropy,Welvaart
BU07370701,0.2617820646083118,Welvaart_Kwetsbaarheid,entropy,Welvaart
BU07370708,0.26978558146649595,Welvaart_Kwetsbaarheid,entropy,Welvaart
BU07370709,0.256208064389351,Welvaart_Kwetsbaarheid,entropy,Welvaart
WK073708,0.25762150254221927,Welvaart_Kwetsbaarheid,entropy,Welvaart
BU07370800,0.24410062611793865,Welvaart_Kwetsbaarheid,entropy,Welvaart
BU07370809,0.2620111068589476,Welvaart_Kwetsbaarheid,entropy,Welvaart
WK073709,0.2451482596869337,Welvaart_Kwetsbaarheid,entropy,Welvaart
BU07370900,0.21972510571504522,Welvaart_Kwetsbaarheid,entropy,Welvaart
BU07370909,0.22058495202086217,Welvaart_Kwetsbaarheid,entropy,Welvaart
GM0096,0.249074826389729,Welvaart_Kwetsbaarheid,entropy,Welvaart
WK009600,0.24777033711741608,Welvaart_Kwetsbaarheid,entropy,Welvaart
BU00960000,0.295440306199535,Welvaart_Kwetsbaarheid,entropy,Welvaart
BU00960009,0.34990413041083596,Welvaart_Kwetsbaarheid,entropy,Welvaart
GM1949,0.2589233362597715,Welvaart_Kwetsbaarheid,entropy,Welvaart
WK194915,0.22765772297989106,Welvaart_Kwetsbaarheid,entropy,Welvaart
BU19491500,0.2701588255352748,Welvaart_Kwetsbaarheid,entropy,Welvaart
BU19491501,0.22329079036742266,Welvaart_Kwetsbaarheid,entropy,Welvaart
WK194916,0.2472483100638515,Welvaart_Kwetsbaarheid,entropy,Welvaart
BU19491600,0.2181617855767319,Welvaart_Kwetsbaarheid,entropy,Welvaart
BU19491601,0.3324080697221232,Welvaart_Kwetsbaarheid,entropy,Welvaart
BU19491602,0.25069017052612724,Welvaart_Kwetsbaarheid,entropy,Welvaart
BU19491603,0.20444716950773895,Welvaart_Kwetsbaarheid,entropy,Welvaart
BU19491604,0.30271514631074703,Welvaart_Kwetsbaarheid,entropy,Welvaart
BU19491605,0.2857884925514811,Welvaart_Kwetsbaarheid,entropy,Welvaart
BU19491606,0.2038886920637903,Welvaart_Kwetsbaarheid,entropy,Welvaart
WK194917,0.2229587538259971,Welvaart_Kwetsbaarheid,entropy,Welvaart
BU19491700,0.22241014117531238,Welvaart_Kwetsbaarheid,entropy,Welvaart
WK194918,0.23983305296827317,Welvaart_Kwetsbaarheid,entropy,Welvaart
BU19491800,0.25577033953620587,Welvaart_Kwetsbaarheid,entropy,Welvaart
BU19491801,0.2633197901446248,Welvaart_Kwetsbaarheid,entropy,Welvaart
BU19491802,0.249251285264808,Welvaart_Kwetsbaarheid,entropy,Welvaart
BU19491803,0.2433351388436812,Welvaart_Kwetsbaarheid,entropy,Welvaart
BU19491804,0.23954007473314934,Welvaart_Kwetsbaarheid,entropy,Welvaart
WK194919,0.23627959627380196,Welvaart_Kwetsbaarheid,entropy,Welvaart
BU19491900,0.24650238261489604,Welvaart_Kwetsbaarheid,entropy,Welvaart
BU19491901,0.238584543273506,Welvaart_Kwetsbaarheid,entropy,Welvaart
WK194920,0.23897803689483887,Welvaart_Kwetsbaarheid,entropy,Welvaart
BU19492000,0.24391842658525592,Welvaart_Kwetsbaarheid,entropy,Welvaart
BU19492001,0.20906623009599004,Welvaart_Kwetsbaarheid,entropy,Welvaart
WK194921,0.2625786014590081,Welvaart_Kwetsbaarheid,entropy,Welvaart
BU19492100,0.23637636465120515,Welvaart_Kwetsbaarheid,entropy,Welvaart
WK194922,0.2665315788465942,Welvaart_Kwetsbaarheid,entropy,Welvaart
BU19492200,0.297491629089069,Welvaart_Kwetsbaarheid,entropy,Welvaart
WK194923,0.23114155891355664,Welvaart_Kwetsbaarheid,entropy,Welvaart
BU19492300,0.2720233002012828,Welvaart_Kwetsbaarheid,entropy,Welvaart
BU19492301,0.24268540126108604,Welvaart_Kwetsbaarheid,entropy,Welvaart
WK194924,0.24060539885315152,Welvaart_Kwetsbaarheid,entropy,Welvaart
BU19492400,0.238914146587817,Welvaart_Kwetsbaarheid,entropy,Welvaart
BU19492401,0.19310064016698023,Welvaart_Kwetsbaarheid,entropy,Welvaart
WK194925,0.22451188930426347,Welvaart_Kwetsbaarheid,entropy,Welvaart
BU19492500,0.25548861105490417,Welvaart_Kwetsbaarheid,entropy,Welvaart
BU19492501,0.26348264085350587,Welvaart_Kwetsbaarheid,entropy,Welvaart
WK194926,0.26435953142877816,Welvaart_Kwetsbaarheid,entropy,Welvaart
BU19492600,0.23229578761490396,Welvaart_Kwetsbaarheid,entropy,Welvaart
BU19492601,0.26355153475374093,Welvaart_Kwetsbaarheid,entropy,Welvaart
BU19492602,0.24287139837174748,Welvaart_Kwetsbaarheid,entropy,Welvaart
BU19492603,0.18661702822384107,Welvaart_Kwetsbaarheid,entropy,Welvaart
BU19492604,0.2019512756946501,Welvaart_Kwetsbaarheid,entropy,Welvaart
WK194927,0.2619196549251362,Welvaart_Kwetsbaarheid,entropy,Welvaart
BU19492700,0.266474662175987,Welvaart_Kwetsbaarheid,entropy,Welvaart
WK194928,0.2533619290995992,Welvaart_Kwetsbaarheid,entropy,Welvaart
BU19492800,0.2810470884057159,Welvaart_Kwetsbaarheid,entropy,Welvaart
BU19492801,0.29403662751829235,Welvaart_Kwetsbaarheid,entropy,Welvaart
BU19492802,0.28260380865669943,Welvaart_Kwetsbaarheid,entropy,Welvaart
BU19492803,0.17983845729981054,Welvaart_Kwetsbaarheid,entropy,Welvaart
BU19492804,0.31564391942091446,Welvaart_Kwetsbaarheid,entropy,Welvaart
BU19492805,0.26663079113331495,Welvaart_Kwetsbaarheid,entropy,Welvaart
BU19492806,0.2526317821683712,Welvaart_Kwetsbaarheid,entropy,Welvaart
BU19492807,0.2671236958748438,Welvaart_Kwetsbaarheid,entropy,Welvaart
BU19492808,0.2319056272695592,Welvaart_Kwetsbaarheid,entropy,Welvaart
BU19492809,0.33833257358785035,Welvaart_Kwetsbaarheid,entropy,Welvaart
BU19492810,0.17207879830177303,Welvaart_Kwetsbaarheid,entropy,Welvaart
BU19492811,0.30503965186945264,Welvaart_Kwetsbaarheid,entropy,Welvaart
BU19492812,0.19895599052480153,Welvaart_Kwetsbaarheid,entropy,Welvaart
BU19492813,0.2609760994833182,Welvaart_Kwetsbaarheid,entropy,Welvaart
BU19492814,0.24699379545989314,Welvaart_Kwetsbaarheid,entropy,Welvaart
BU19492815,0.19444313765487425,Welvaart_Kwetsbaarheid,entropy,Welvaart
BU19492816,0.2022654757201875,Welvaart_Kwetsbaarheid,entropy,Welvaart
BU19492817,0.21597261764083198,Welvaart_Kwetsbaarheid,entropy,Welvaart
WK194929,0.2260283502896575,Welvaart_Kwetsbaarheid,entropy,Welvaart
BU19492900,0.24775558528119024,Welvaart_Kwetsbaarheid,entropy,Welvaart
WK194930,0.2502300919927317,Welvaart_Kwetsbaarheid,entropy,Welvaart
BU19493000,0.25577327188749166,Welvaart_Kwetsbaarheid,entropy,Welvaart
WK194931,0.2490229122539943,Welvaart_Kwetsbaarheid,entropy,Welvaart
BU19493100,0.24382988275676937,Welvaart_Kwetsbaarheid,entropy,Welvaart
BU19493101,0.18853283053136904,Welvaart_Kwetsbaarheid,entropy,Welvaart
WK194932,0.23235431139855395,Welvaart_Kwetsbaarheid,entropy,Welvaart
BU19493200,0.230069949180731,Welvaart_Kwetsbaarheid,entropy,Welvaart
BU19493201,0.31583589122416295,Welvaart_Kwetsbaarheid,entropy,Welvaart
BU19493202,0.2620815890726086,Welvaart_Kwetsbaarheid,entropy,Welvaart
WK194933,0.2804523728488163,Welvaart_Kwetsbaarheid,entropy,Welvaart
BU19493300,0.21483501269147845,Welvaart_Kwetsbaarheid,entropy,Welvaart
WK194934,0.21123347969917824,Welvaart_Kwetsbaarheid,entropy,Welvaart
BU19493400,0.2902948607124273,Welvaart_Kwetsbaarheid,entropy,Welvaart
BU19493401,0.22356789386699982,Welvaart_Kwetsbaarheid,entropy,Welvaart
WK194935,0.24727906062548455,Welvaart_Kwetsbaarheid,entropy,Welvaart
BU19493500,0.28410829531189774,Welvaart_Kwetsbaarheid,entropy,Welvaart
BU19493501,0.2153425814093954,Welvaart_Kwetsbaarheid,entropy,Welvaart
BU19493502,0.21313804260957037,Welvaart_Kwetsbaarheid,entropy,Welvaart
BU19493503,0.22776941923006794,Welvaart_Kwetsbaarheid,entropy,Welvaart
WK194936,0.23888017304757833,Welvaart_Kwetsbaarheid,entropy,Welvaart
BU19493600,0.2584375464664225,Welvaart_Kwetsbaarheid,entropy,Welvaart
BU19493601,0.24798217014597201,Welvaart_Kwetsbaarheid,entropy,Welvaart
BU19493602,0.2898483386438112,Welvaart_Kwetsbaarheid,entropy,Welvaart
BU19493603,0.2526850188157443,Welvaart_Kwetsbaarheid,entropy,Welvaart
WK194937,0.22575337085456684,Welvaart_Kwetsbaarheid,entropy,Welvaart
BU19493700,0.23478917368567448,Welvaart_Kwetsbaarheid,entropy,Welvaart
WK194938,0.23698614729099576,Welvaart_Kwetsbaarheid,entropy,Welvaart
BU19493800,0.24841501609461814,Welvaart_Kwetsbaarheid,entropy,Welvaart
BU19493801,0.26559703642979143,Welvaart_Kwetsbaarheid,entropy,Welvaart
WK194939,0.2390360712455482,Welvaart_Kwetsbaarheid,entropy,Welvaart
BU19493900,0.21146770844175883,Welvaart_Kwetsbaarheid,entropy,Welvaart
BU19493901,0.23762223044840847,Welvaart_Kwetsbaarheid,entropy,Welvaart
WK194940,0.24247347581945417,Welvaart_Kwetsbaarheid,entropy,Welvaart
BU19494000,0.27429164499874603,Welvaart_Kwetsbaarheid,entropy,Welvaart
WK194941,0.24047571458365957,Welvaart_Kwetsbaarheid,entropy,Welvaart
BU19494100,0.22657207579484645,Welvaart_Kwetsbaarheid,entropy,Welvaart
WK194942,0.23289170548664295,Welvaart_Kwetsbaarheid,entropy,Welvaart
BU19494200,0.24692740999142793,Welvaart_Kwetsbaarheid,entropy,Welvaart
BU19494201,0.23480255577189313,Welvaart_Kwetsbaarheid,entropy,Welvaart
WK194943,0.23217528997204395,Welvaart_Kwetsbaarheid,entropy,Welvaart
BU19494300,0.25190640263636865,Welvaart_Kwetsbaarheid,entropy,Welvaart
WK194944,0.22846067226121222,Welvaart_Kwetsbaarheid,entropy,Welvaart
BU19494400,0.228585297136684,Welvaart_Kwetsbaarheid,entropy,Welvaart
BU19494401,0.2717159536879343,Welvaart_Kwetsbaarheid,entropy,Welvaart
BU19494402,0.2584135652567651,Welvaart_Kwetsbaarheid,entropy,Welvaart
BU19494403,0.24616661251082528,Welvaart_Kwetsbaarheid,entropy,Welvaart
WK194945,0.2502861648849441,Welvaart_Kwetsbaarheid,entropy,Welvaart
BU19494500,0.24880029959985916,Welvaart_Kwetsbaarheid,entropy,Welvaart
WK194946,0.26089520424076207,Welvaart_Kwetsbaarheid,entropy,Welvaart
BU19494600,0.22081205195916978,Welvaart_Kwetsbaarheid,entropy,Welvaart
WK194947,0.23954205186443728,Welvaart_Kwetsbaarheid,entropy,Welvaart
BU19494700,0.2984925856352221,Welvaart_Kwetsbaarheid,entropy,Welvaart
BU19494701,0.218115635642088,Welvaart_Kwetsbaarheid,entropy,Welvaart
WK194948,0.2280410741592009,Welvaart_Kwetsbaarheid,entropy,Welvaart
BU19494800,0.2841661112612046,Welvaart_Kwetsbaarheid,entropy,Welvaart
BU19494801,0.2747954025980255,Welvaart_Kwetsbaarheid,entropy,Welvaart
WK194949,0.23580268963031836,Welvaart_Kwetsbaarheid,entropy,Welvaart
BU19494900,0.2544291575314369,Welvaart_Kwetsbaarheid,entropy,Welvaart
BU19494901,0.22643814620288472,Welvaart_Kwetsbaarheid,entropy,Welvaart
BU19494902,0.25095626602458365,Welvaart_Kwetsbaarheid,entropy,Welvaart
WK194950,0.23720001077517766,Welvaart_Kwetsbaarheid,entropy,Welvaart
BU19495000,0.26945197584620034,Welvaart_Kwetsbaarheid,entropy,Welvaart
BU19495001,0.2731433116361642,Welvaart_Kwetsbaarheid,entropy,Welvaart
WK194951,0.23781279464061322,Welvaart_Kwetsbaarheid,entropy,Welvaart
BU19495100,0.2367510835853144,Welvaart_Kwetsbaarheid,entropy,Welvaart
WK194952,0.23009470715175287,Welvaart_Kwetsbaarheid,entropy,Welvaart
BU19495200,0.24479346789702955,Welvaart_Kwetsbaarheid,entropy,Welvaart
WK194953,0.22606318369479014,Welvaart_Kwetsbaarheid,entropy,Welvaart
BU19495300,0.2714383979696185,Welvaart_Kwetsbaarheid,entropy,Welvaart
BU19495301,0.22306849750416252,Welvaart_Kwetsbaarheid,entropy,Welvaart
BU19495302,0.28037297562398167,Welvaart_Kwetsbaarheid,entropy,Welvaart
WK194954,0.23954001619613607,Welvaart_Kwetsbaarheid,entropy,Welvaart
BU19495400,0.23751122194121083,Welvaart_Kwetsbaarheid,entropy,Welvaart
BU19495401,0.17551312799863525,Welvaart_Kwetsbaarheid,entropy,Welvaart
WK194955,0.24511720596827408,Welvaart_Kwetsbaarheid,entropy,Welvaart
BU19495500,0.2585905316061624,Welvaart_Kwetsbaarheid,entropy,Welvaart
GM0098,0.270638736842255,Welvaart_Kwetsbaarheid,entropy,Welvaart
WK009800,0.26015413494423373,Welvaart_Kwetsbaarheid,entropy,Welvaart
BU00980001,0.2485636940712302,Welvaart_Kwetsbaarheid,entropy,Welvaart
BU00980002,0.2819561005409598,Welvaart_Kwetsbaarheid,entropy,Welvaart
BU00980003,0.3147801067183766,Welvaart_Kwetsbaarheid,entropy,Welvaart
BU00980004,0.2876335823140295,Welvaart_Kwetsbaarheid,entropy,Welvaart
BU00980005,0.2730776522701728,Welvaart_Kwetsbaarheid,entropy,Welvaart
BU00980006,0.24155643594704262,Welvaart_Kwetsbaarheid,entropy,Welvaart
BU00980007,0.22310329262957548,Welvaart_Kwetsbaarheid,entropy,Welvaart
BU00980008,0.23054416975663683,Welvaart_Kwetsbaarheid,entropy,Welvaart
BU00980009,0.24576746772967306,Welvaart_Kwetsbaarheid,entropy,Welvaart
BU00980010,0.3422039444311528,Welvaart_Kwetsbaarheid,entropy,Welvaart
BU00980011,0.2833705643580736,Welvaart_Kwetsbaarheid,entropy,Welvaart
BU00980012,0.3260827932618967,Welvaart_Kwetsbaarheid,entropy,Welvaart
BU00980013,0.28072711389507404,Welvaart_Kwetsbaarheid,entropy,Welvaart
BU00980014,0.24460251689495255,Welvaart_Kwetsbaarheid,entropy,Welvaart
BU00980015,0.21359636032244086,Welvaart_Kwetsbaarheid,entropy,Welvaart
BU00980016,0.30121961495956295,Welvaart_Kwetsbaarheid,entropy,Welvaart
BU00980017,0.17845215018919824,Welvaart_Kwetsbaarheid,entropy,Welvaart
BU00980018,0.2672570230497874,Welvaart_Kwetsbaarheid,entropy,Welvaart
BU00980019,0.23028219168359637,Welvaart_Kwetsbaarheid,entropy,Welvaart
BU00980020,0.24255213364982098,Welvaart_Kwetsbaarheid,entropy,Welvaart
BU00980021,0.21381711500007133,Welvaart_Kwetsbaarheid,entropy,Welvaart
WK009801,0.2577718630980503,Welvaart_Kwetsbaarheid,entropy,Welvaart
BU00980101,0.258077634914611,Welvaart_Kwetsbaarheid,entropy,Welvaart
BU00980102,0.3028828804312269,Welvaart_Kwetsbaarheid,entropy,Welvaart
BU00980103,0.2894027675979015,Welvaart_Kwetsbaarheid,entropy,Welvaart
BU00980104,0.2772822723864352,Welvaart_Kwetsbaarheid,entropy,Welvaart
WK009802,0.2532029260203055,Welvaart_Kwetsbaarheid,entropy,Welvaart
BU00980201,0.265122283220854,Welvaart_Kwetsbaarheid,entropy,Welvaart
BU00980202,0.28013168686314394,Welvaart_Kwetsbaarheid,entropy,Welvaart
WK009803,0.2652579665444386,Welvaart_Kwetsbaarheid,entropy,Welvaart
BU00980301,0.29960178580084695,Welvaart_Kwetsbaarheid,entropy,Welvaart
BU00980302,0.2578785783800893,Welvaart_Kwetsbaarheid,entropy,Welvaart
BU00980303,0.24443361036135516,Welvaart_Kwetsbaarheid,entropy,Welvaart
BU00980304,0.25590278312262854,Welvaart_Kwetsbaarheid,entropy,Welvaart
BU00980305,0.2867308094279862,Welvaart_Kwetsbaarheid,entropy,Welvaart
WK009804,0.26841678220096643,Welvaart_Kwetsbaarheid,entropy,Welvaart
BU00980401,0.27734501016154495,Welvaart_Kwetsbaarheid,entropy,Welvaart
BU00980402,0.2722312636624714,Welvaart_Kwetsbaarheid,entropy,Welvaart
BU00980403,0.28693726208511017,Welvaart_Kwetsbaarheid,entropy,Welvaart
WK009805,0.27171024230339,Welvaart_Kwetsbaarheid,entropy,Welvaart
BU00980501,0.29806267844970236,Welvaart_Kwetsbaarheid,entropy,Welvaart
BU00980502,0.2725604893626792,Welvaart_Kwetsbaarheid,entropy,Welvaart
WK009806,0.2816455358264986,Welvaart_Kwetsbaarheid,entropy,Welvaart
BU00980601,0.2421958427853457,Welvaart_Kwetsbaarheid,entropy,Welvaart
BU00980602,0.25986700803093665,Welvaart_Kwetsbaarheid,entropy,Welvaart
WK009807,0.2397873169188781,Welvaart_Kwetsbaarheid,entropy,Welvaart
BU00980701,0.26320928529282567,Welvaart_Kwetsbaarheid,entropy,Welvaart
BU00980702,0.29993829691445184,Welvaart_Kwetsbaarheid,entropy,Welvaart
WK009808,0.2488904354008431,Welvaart_Kwetsbaarheid,entropy,Welvaart
BU00980801,0.24411543156335236,Welvaart_Kwetsbaarheid,entropy,Welvaart
BU00980802,0.2711177346914451,Welvaart_Kwetsbaarheid,entropy,Welvaart
WK009809,0.2870075899006865,Welvaart_Kwetsbaarheid,entropy,Welvaart
BU00980901,0.27248680747600523,Welvaart_Kwetsbaarheid,entropy,Welvaart
BU00980902,0.2542706817512748,Welvaart_Kwetsbaarheid,entropy,Welvaart
BU00980903,0.29583961045015955,Welvaart_Kwetsbaarheid,entropy,Welvaart
WK009810,0.2576852486190325,Welvaart_Kwetsbaarheid,entropy,Welvaart
BU00981001,0.28957082542334656,Welvaart_Kwetsbaarheid,entropy,Welvaart
BU00981002,0.2548267425826511,Welvaart_Kwetsbaarheid,entropy,Welvaart
BU00981003,0.24763890414159084,Welvaart_Kwetsbaarheid,entropy,Welvaart
BU00981004,0.31586909632025384,Welvaart_Kwetsbaarheid,entropy,Welvaart
BU00981005,0.36634885164513936,Welvaart_Kwetsbaarheid,entropy,Welvaart
BU00981006,0.27203818925900014,Welvaart_Kwetsbaarheid,entropy,Welvaart
BU00981007,0.35941624595747196,Welvaart_Kwetsbaarheid,entropy,Welvaart
BU00981008,0.2408701039047311,Welvaart_Kwetsbaarheid,entropy,Welvaart
BU00981009,0.24826540986125575,Welvaart_Kwetsbaarheid,entropy,Welvaart
WK009811,0.2740958244313417,Welvaart_Kwetsbaarheid,entropy,Welvaart
BU00981101,0.25038790407392797,Welvaart_Kwetsbaarheid,entropy,Welvaart
BU00981102,0.22764254753054075,Welvaart_Kwetsbaarheid,entropy,Welvaart
WK009812,0.2553289117881628,Welvaart_Kwetsbaarheid,entropy,Welvaart
BU00981201,0.3199795625706896,Welvaart_Kwetsbaarheid,entropy,Welvaart
WK009813,0.25868639656518383,Welvaart_Kwetsbaarheid,entropy,Welvaart
BU00981301,0.2367972904531475,Welvaart_Kwetsbaarheid,entropy,Welvaart
BU00981302,0.282785036707298,Welvaart_Kwetsbaarheid,entropy,Welvaart
WK009814,0.27121346305419647,Welvaart_Kwetsbaarheid,entropy,Welvaart
BU00981401,0.240280856572617,Welvaart_Kwetsbaarheid,entropy,Welvaart
BU00981402,0.2600800216722221,Welvaart_Kwetsbaarheid,entropy,Welvaart
WK009815,0.2449732759952558,Welvaart_Kwetsbaarheid,entropy,Welvaart
BU00981501,0.2024199154456835,Welvaart_Kwetsbaarheid,entropy,Welvaart
BU00981502,0.29174748359598435,Welvaart_Kwetsbaarheid,entropy,Welvaart
GM0059,-0.12537441601669033,Welvaart_Kwetsbaarheid,weighted_mean,Welvaart
WK005900,-0.14049847489093373,Welvaart_Kwetsbaarheid,weighted_mean,Welvaart
BU00590000,-0.4756035360900018,Welvaart_Kwetsbaarheid,weighted_mean,Welvaart
BU00590001,-0.11796912680810001,Welvaart_Kwetsbaarheid,weighted_mean,Welvaart
BU00590002,-0.1949748756694758,Welvaart_Kwetsbaarheid,weighted_mean,Welvaart
BU00590003,0.16145158633527518,Welvaart_Kwetsbaarheid,weighted_mean,Welvaart
BU00590004,-0.17345234790285746,Welvaart_Kwetsbaarheid,weighted_mean,Welvaart
BU00590005,0.07502325284584326,Welvaart_Kwetsbaarheid,weighted_mean,Welvaart
BU00590006,0.17013932361449674,Welvaart_Kwetsbaarheid,weighted_mean,Welvaart
BU00590007,-0.08260712523597674,Welvaart_Kwetsbaarheid,weighted_mean,Welvaart
BU00590008,-0.16152097712097097,Welvaart_Kwetsbaarheid,weighted_mean,Welvaart
BU00590009,-0.04820202730737625,Welvaart_Kwetsbaarheid,weighted_mean,Welvaart
WK005901,-0.11611206484410302,Welvaart_Kwetsbaarheid,weighted_mean,Welvaart
BU00590100,-0.4402440244531864,Welvaart_Kwetsbaarheid,weighted_mean,Welvaart
BU00590102,-0.42123676103425023,Welvaart_Kwetsbaarheid,weighted_mean,Welvaart
BU00590103,-0.05605958021521851,Welvaart_Kwetsbaarheid,weighted_mean,Welvaart
BU00590107,-0.1579044285238878,Welvaart_Kwetsbaarheid,weighted_mean,Welvaart
BU00590108,0.26117827446193886,Welvaart_Kwetsbaarheid,weighted_mean,Welvaart
BU00590109,0.18281803424571658,Welvaart_Kwetsbaarheid,weighted_mean,Welvaart
WK005902,-0.11575001491489942,Welvaart_Kwetsbaarheid,weighted_mean,Welvaart
BU00590200,-0.11612152523350633,Welvaart_Kwetsbaarheid,weighted_mean,Welvaart
BU00590201,-0.06483146376397814,Welvaart_Kwetsbaarheid,weighted_mean,Welvaart
BU00590202,-0.2575736188078518,Welvaart_Kwetsbaarheid,weighted_mean,Welvaart
BU00590203,-0.1258784609463977,Welvaart_Kwetsbaarheid,weighted_mean,Welvaart
BU00590206,0.4378592025754585,Welvaart_Kwetsbaarheid,weighted_mean,Welvaart
BU00590207,-0.021425936235806603,Welvaart_Kwetsbaarheid,weighted_mean,Welvaart
BU00590208,0.23804192840362717,Welvaart_Kwetsbaarheid,weighted_mean,Welvaart
BU00590209,0.346084259827968,Welvaart_Kwetsbaarheid,weighted_mean,Welvaart
GM0060,-0.10970379290286969,Welvaart_Kwetsbaarheid,weighted_mean,Welvaart
WK006000,-0.18830010375168804,Welvaart_Kwetsbaarheid,weighted_mean,Welvaart
BU00600000,-0.25408001083940257,Welvaart_Kwetsbaarheid,weighted_mean,Welvaart
BU00600001,-0.1461871280049703,Welvaart_Kwetsbaarheid,weighted_mean,Welvaart
BU00600002,-0.11399394469852522,Welvaart_Kwetsbaarheid,weighted_mean,Welvaart
BU00600003,-0.4792258755247294,Welvaart_Kwetsbaarheid,weighted_mean,Welvaart
BU00600007,0.29480095278367124,Welvaart_Kwetsbaarheid,weighted_mean,Welvaart
BU00600008,0.2338134501266834,Welvaart_Kwetsbaarheid,weighted_mean,Welvaart
BU00600009,0.42728333294324733,Welvaart_Kwetsbaarheid,weighted_mean,Welvaart
GM1891,-0.09100155493886505,Welvaart_Kwetsbaarheid,weighted_mean,Welvaart
WK189100,-0.11612481100307515,Welvaart_Kwetsbaarheid,weighted_mean,Welvaart
BU18910000,-0.20903297050281405,Welvaart_Kwetsbaarheid,weighted_mean,Welvaart
BU18910001,-0.29575236860467274,Welvaart_Kwetsbaarheid,weighted_mean,Welvaart
BU18910002,0.31846062060302993,Welvaart_Kwetsbaarheid,weighted_mean,Welvaart
BU18910008,0.3907539171620313,Welvaart_Kwetsbaarheid,weighted_mean,Welvaart
BU18910009,0.37256633282824103,Welvaart_Kwetsbaarheid,weighted_mean,Welvaart
WK189101,0.0551764052949406,Welvaart_Kwetsbaarheid,weighted_mean,Welvaart
BU18910100,0.05723081721268736,Welvaart_Kwetsbaarheid,weighted_mean,Welvaart
BU18910101,-0.03237716257495335,Welvaart_Kwetsbaarheid,weighted_mean,Welvaart
BU18910108,0.05702255914121826,Welvaart_Kwetsbaarheid,weighted_mean,Welvaart
BU18910109,-0.047922055044781836,Welvaart_Kwetsbaarheid,weighted_mean,Welvaart
WK189102,-0.18062857273835,Welvaart_Kwetsbaarheid,weighted_mean,Welvaart
BU18910200,-0.12169168389968338,Welvaart_Kwetsbaarheid,weighted_mean,Welvaart
BU18910201,0.007924337101101409,Welvaart_Kwetsbaarheid,weighted_mean,Welvaart
BU18910202,0.05575384588383531,Welvaart_Kwetsbaarheid,weighted_mean,Welvaart
BU18910208,0.6823911724622551,Welvaart_Kwetsbaarheid,weighted_mean,Welvaart
BU18910209,0.6273969188264517,Welvaart_Kwetsbaarheid,weighted_mean,Welvaart
WK189103,0.013073314544163453,Welvaart_Kwetsbaarheid,weighted_mean,Welvaart
BU18910300,-0.27303714178410293,Welvaart_Kwetsbaarheid,weighted_mean,Welvaart
BU18910301,-0.1113833969394625,Welvaart_Kwetsbaarheid,weighted_mean,Welvaart
BU18910309,0.12996777010142813,Welvaart_Kwetsbaarheid,weighted_mean,Welvaart
GM1940,-0.03050531944189222,Welvaart_Kwetsbaarheid,weighted_mean,Welvaart
WK194001,0.4519021028072293,Welvaart_Kwetsbaarheid,weighted_mean,Welvaart
BU19400101,0.34615938474050606,Welvaart_Kwetsbaarheid,weighted_mean,Welvaart
WK194002,-0.22633137344097035,Welvaart_Kwetsbaarheid,weighted_mean,Welvaart
BU19400201,-0.40902264195086635,Welvaart_Kwetsbaarheid,weighted_mean,Welvaart
WK194003,-0.18926199089934342,Welvaart_Kwetsbaarheid,weighted_mean,Welvaart
BU19400301,-0.12670383376632904,Welvaart_Kwetsbaarheid,weighted_mean,Welvaart
WK194004,0.31228148129789735,Welvaart_Kwetsbaarheid,weighted_mean,Welvaart
BU19400401,0.30884930647118636,Welvaart_Kwetsbaarheid,weighted_mean,Welvaart
WK194005,0.6502324884060359,Welvaart_Kwetsbaarheid,weighted_mean,Welvaart
BU19400501,0.6139495876582723,Welvaart_Kwetsbaarheid,weighted_mean,Welvaart
WK194006,1.0082413415055493,Welvaart_Kwetsbaarheid,weighted_mean,Welvaart
BU19400601,1.5354886572052344,Welvaart_Kwetsbaarheid,weighted_mean,Welvaart
WK194007,0.0002649820925750279,Welvaart_Kwetsbaarheid,weighted_mean,Welvaart
BU19400701,-0.010346545400334597,Welvaart_Kwetsbaarheid,weighted_mean,Welvaart
BU19400702,0.44296512273681277,Welvaart_Kwetsbaarheid,weighted_mean,Welvaart
WK194008,0.7754578382945793,Welvaart_Kwetsbaarheid,weighted_mean,Welvaart
BU19400801,1.4544151571560415,Welvaart_Kwetsbaarheid,weighted_mean,Welvaart
WK194009,0.12200457161347246,Welvaart_Kwetsbaarheid,weighted_mean,Welvaart
BU19400901,0.23543149486905748,Welvaart_Kwetsbaarheid,weighted_mean,Welvaart
WK194010,-0.19656616486825151,Welvaart_Kwetsbaarheid,weighted_mean,Welvaart
BU19401001,-0.06124625365466638,Welvaart_Kwetsbaarheid,weighted_mean,Welvaart
WK194011,-0.23840759324727884,Welvaart_Kwetsbaarheid,weighted_mean,Welvaart
BU19401101,0.4111147277065376,Welvaart_Kwetsbaarheid,weighted_mean,Welvaart
BU19401102,-0.28780921511540614,Welvaart_Kwetsbaarheid,weighted_mean,Welvaart
WK194012,-0.2794432907500154,Welvaart_Kwetsbaarheid,weighted_mean,Welvaart
BU19401201,0.058323070919451755,Welvaart_Kwetsbaarheid,weighted_mean,Welvaart
WK194013,0.08411958669252556,Welvaart_Kwetsbaarheid,weighted_mean,Welvaart
BU19401301,-0.0410988530444758,Welvaart_Kwetsbaarheid,weighted_mean,Welvaart
WK194014,0.5543071808451692,Welvaart_Kwetsbaarheid,weighted_mean,Welvaart
BU19401401,0.6860556218817473,Welvaart_Kwetsbaarheid,weighted_mean,Welvaart
WK194015,0.3084035702075989,Welvaart_Kwetsbaarheid,weighted_mean,Welvaart
BU19401501,0.3374556408039342,Welvaart_Kwetsbaarheid,weighted_mean,Welvaart
WK194016,0.38408662696763524,Welvaart_Kwetsbaarheid,weighted_mean,Welvaart
BU19401601,0.3630913022195388,Welvaart_Kwetsbaarheid,weighted_mean,Welvaart
WK194017,0.12299907995762516,Welvaart_Kwetsbaarheid,weighted_mean,Welvaart
BU19401701,0.14317343638596874,Welvaart_Kwetsbaarheid,weighted_mean,Welvaart
WK194018,-0.23050012451560606,Welvaart_Kwetsbaarheid,weighted_mean,Welvaart
BU19401801,-0.2184157699542968,Welvaart_Kwetsbaarheid,weighted_mean,Welvaart
WK194019,-0.1353691214664455,Welvaart_Kwetsbaarheid,weighted_mean,Welvaart
BU19401901,-0.23561986785207184,Welvaart_Kwetsbaarheid,weighted_mean,Welvaart
BU19401902,0.3867977863068214,Welvaart_Kwetsbaarheid,weighted_mean,Welvaart
BU19401903,-0.35555104457481973,Welvaart_Kwetsbaarheid,weighted_mean,Welvaart
BU19401904,-0.4012675515202476,Welvaart_Kwetsbaarheid,weighted_mean,Welvaart
BU19401905,-0.1540098403094829,Welvaart_Kwetsbaarheid,weighted_mean,Welvaart
BU19401906,-0.27429253608257853,Welvaart_Kwetsbaarheid,weighted_mean,Welvaart
BU19401907,-0.22235596097389354,Welvaart_Kwetsbaarheid,weighted_mean,Welvaart
BU19401908,0.49368991072762286,Welvaart_Kwetsbaarheid,weighted_mean,Welvaart
BU19401909,0.08604587359482413,Welvaart_Kwetsbaarheid,weighted_mean,Welvaart
BU19401910,-0.011370553571636022,Welvaart_Kwetsbaarheid,weighted_mean,Welvaart
WK194020,-0.2123268037299251,Welvaart_Kwetsbaarheid,weighted_mean,Welvaart
BU19402001,-0.26266385022236294,Welvaart_Kwetsbaarheid,weighted_mean,Welvaart
WK194021,-0.06069916080220132,Welvaart_Kwetsbaarheid,weighted_mean,Welvaart
BU19402101,0.009765985568297594,Welvaart_Kwetsbaarheid,weighted_mean,Welvaart
WK194022,-0.34541301739880825,Welvaart_Kwetsbaarheid,weighted_mean,Welvaart
BU19402201,-0.6468883318366005,Welvaart_Kwetsbaarheid,weighted_mean,Welvaart
WK194023,-0.006761469561007177,Welvaart_Kwetsbaarheid,weighted_mean,Welvaart
BU19402301,0.7156455775210169,Welvaart_Kwetsbaarheid,weighted_mean,Welvaart
BU19402302,-0.17251705831567074,Welvaart_Kwetsbaarheid,weighted_mean,Welvaart
BU19402303,0.7349430151837271,Welvaart_Kwetsbaarheid,weighted_mean,Welvaart
BU19402304,0.22219022371152647,Welvaart_Kwetsbaarheid,weighted_mean,Welvaart
BU19402305,0.023732763927441294,Welvaart_Kwetsbaarheid,weighted_mean,Welvaart
BU19402306,-0.12618023718787402,Welvaart_Kwetsbaarheid,weighted_mean,Welvaart
BU19402307,0.2718954748602282,Welvaart_Kwetsbaarheid,weighted_mean,Welvaart
BU19402308,0.10523216428665787,Welvaart_Kwetsbaarheid,weighted_mean,Welvaart
WK194024,0.518867564956094,Welvaart_Kwetsbaarheid,weighted_mean,Welvaart
BU19402401,0.41743603086549674,Welvaart_Kwetsbaarheid,weighted_mean,Welvaart
WK194025,0.36414199389330904,Welvaart_Kwetsbaarheid,weighted_mean,Welvaart
BU19402501,-0.10180409563629167,Welvaart_Kwetsbaarheid,weighted_mean,Welvaart
WK194026,0.22127320425913144,Welvaart_Kwetsbaarheid,weighted_mean,Welvaart
BU19402601,0.3211194965267252,Welvaart_Kwetsbaarheid,weighted_mean,Welvaart
WK194027,0.37769889250593713,Welvaart_Kwetsbaarheid,weighted_mean,Welvaart
BU19402701,0.3284592329266975,Welvaart_Kwetsbaarheid,weighted_mean,Welvaart
WK194028,-0.13675055923863896,Welvaart_Kwetsbaarheid,weighted_mean,Welvaart
BU19402801,0.1784221029675014,Welvaart_Kwetsbaarheid,weighted_mean,Welvaart
BU19402802,-0.18916883849367183,Welvaart_Kwetsbaarheid,weighted_mean,Welvaart
WK194029,-0.007392227709862267,Welvaart_Kwetsbaarheid,weighted_mean,Welvaart
BU19402901,-0.16222948953423882,Welvaart_Kwetsbaarheid,weighted_mean,Welvaart
WK194030,0.0035272938691547767,Welvaart_Kwetsbaarheid,weighted_mean,Welvaart
BU19403001,-0.13738105561744657,Welvaart_Kwetsbaarheid,weighted_mean,Welvaart
WK194031,-0.0763732941278957,Welvaart_Kwetsbaarheid,weighted_mean,Welvaart
BU19403101,0.025007750663736655,Welvaart_Kwetsbaarheid,weighted_mean,Welvaart
WK194032,0.0052775853981997245,Welvaart_Kwetsbaarheid,weighted_mean,Welvaart
BU19403201,0.043682384084008895,Welvaart_Kwetsbaarheid,weighted_mean,Welvaart
WK194033,0.351425700127608,Welvaart_Kwetsbaarheid,weighted_mean,Welvaart
BU19403301,0.3472743834615255,Welvaart_Kwetsbaarheid,weighted_mean,Welvaart
WK194034,0.535524748384695,Welvaart_Kwetsbaarheid,weighted_mean,Welvaart
BU19403401,0.5668113697388911,Welvaart_Kwetsbaarheid,weighted_mean,Welvaart
WK194035,0.12552686579051417,Welvaart_Kwetsbaarheid,weighted_mean,Welvaart
BU19403501,0.4495480522907733,Welvaart_Kwetsbaarheid,weighted_mean,Welvaart
WK194036,0.32480390666062653,Welvaart_Kwetsbaarheid,weighted_mean,Welvaart
BU19403601,0.18898545915762113,Welvaart_Kwetsbaarheid,weighted_mean,Welvaart
WK194037,0.05922092254009907,Welvaart_Kwetsbaarheid,weighted_mean,Welvaart
BU19403701,-0.022343252906842304,Welvaart_Kwetsbaarheid,weighted_mean,Welvaart
WK194038,-0.06234243428482407,Welvaart_Kwetsbaarheid,weighted_mean,Welvaart
BU19403801,-0.16923477482188384,Welvaart_Kwetsbaarheid,weighted_mean,Welvaart
WK194039,0.4164701113840616,Welvaart_Kwetsbaarheid,weighted_mean,Welvaart
BU19403901,0.2756575818761248,Welvaart_Kwetsbaarheid,weighted_mean,Welvaart
WK194040,-0.1434623864284922,Welvaart_Kwetsbaarheid,weighted_mean,Welvaart
BU19404001,-0.11563265774435563,Welvaart_Kwetsbaarheid,weighted_mean,Welvaart
WK194041,-0.10630983297172854,Welvaart_Kwetsbaarheid,weighted_mean,Welvaart
BU19404101,-0.19286679839673493,Welvaart_Kwetsbaarheid,weighted_mean,Welvaart
WK194042,-0.08623093110097163,Welvaart_Kwetsbaarheid,weighted_mean,Welvaart
BU19404201,-0.12216710642007925,Welvaart_Kwetsbaarheid,weighted_mean,Welvaart
WK194043,-0.12609606897425665,Welvaart_Kwetsbaarheid,weighted_mean,Welvaart
BU19404301,-0.11236885291045766,Welvaart_Kwetsbaarheid,weighted_mean,Welvaart
WK194044,0.3087650299635713,Welvaart_Kwetsbaarheid,weighted_mean,Welvaart
BU19404401,0.6499456523352185,Welvaart_Kwetsbaarheid,weighted_mean,Welvaart
WK194045,0.03718972131347156,Welvaart_Kwetsbaarheid,weighted_mean,Welvaart
BU19404501,0.06227259690084627,Welvaart_Kwetsbaarheid,weighted_mean,Welvaart
WK194046,0.06862395930528482,Welvaart_Kwetsbaarheid,weighted_mean,Welvaart
BU19404601,0.4492713635523532,Welvaart_Kwetsbaarheid,weighted_mean,Welvaart
WK194047,-0.11043576241439082,Welvaart_Kwetsbaarheid,weighted_mean,Welvaart
BU19404701,-0.009030219700392805,Welvaart_Kwetsbaarheid,weighted_mean,Welvaart
WK194048,0.13853500776729355,Welvaart_Kwetsbaarheid,weighted_mean,Welvaart
BU19404801,0.08984211953741064,Welvaart_Kwetsbaarheid,weighted_mean,Welvaart
WK194049,0.4031628668104328,Welvaart_Kwetsbaarheid,weighted_mean,Welvaart
BU19404901,0.0826707527338239,Welvaart_Kwetsbaarheid,weighted_mean,Welvaart
WK194050,0.20336448626905718,Welvaart_Kwetsbaarheid,weighted_mean,Welvaart
BU19405001,0.15359673053868778,Welvaart_Kwetsbaarheid,weighted_mean,Welvaart
WK194051,0.11011484539078921,Welvaart_Kwetsbaarheid,weighted_mean,Welvaart
BU19405101,0.057723961317557596,Welvaart_Kwetsbaarheid,weighted_mean,Welvaart
GM0072,-0.3656779556593641,Welvaart_Kwetsbaarheid,weighted_mean,Welvaart
WK007200,-0.32859775219819565,Welvaart_Kwetsbaarheid,weighted_mean,Welvaart
BU00720001,-0.27870545083248116,Welvaart_Kwetsbaarheid,weighted_mean,Welvaart
BU00720002,-0.21539375153465773,Welvaart_Kwetsbaarheid,weighted_mean,Welvaart
BU00720003,0.7280682723371225,Welvaart_Kwetsbaarheid,weighted_mean,Welvaart
BU00720004,-0.12838007563708415,Welvaart_Kwetsbaarheid,weighted_mean,Welvaart
BU00720005,-0.04327289252747665,Welvaart_Kwetsbaarheid,weighted_mean,Welvaart
BU00720006,-0.19496050370898438,Welvaart_Kwetsbaarheid,weighted_mean,Welvaart
BU00720007,-0.2759169962372835,Welvaart_Kwetsbaarheid,weighted_mean,Welvaart
BU00720009,-0.07351341445773704,Welvaart_Kwetsbaarheid,weighted_mean,Welvaart
WK007201,-0.30770138713981016,Welvaart_Kwetsbaarheid,weighted_mean,Welvaart
BU00720100,-0.062276895736159465,Welvaart_Kwetsbaarheid,weighted_mean,Welvaart
BU00720109,-0.25201706928903767,Welvaart_Kwetsbaarheid,weighted_mean,Welvaart
WK007202,-0.1372443915267179,Welvaart_Kwetsbaarheid,weighted_mean,Welvaart
BU00720200,-0.4543138691096358,Welvaart_Kwetsbaarheid,weighted_mean,Welvaart
BU00720209,-0.010594339140899786,Welvaart_Kwetsbaarheid,weighted_mean,Welvaart
GM0074,-0.1257447203646543,Welvaart_Kwetsbaarheid,weighted_mean,Welvaart
WK007401,-0.21685937795807728,Welvaart_Kwetsbaarheid,weighted_mean,Welvaart
BU00740100,-0.1513432480681156,Welvaart_Kwetsbaarheid,weighted_mean,Welvaart
BU00740101,0.2354443500639507,Welvaart_Kwetsbaarheid,weighted_mean,Welvaart
BU00740102,0.12937279824440456,Welvaart_Kwetsbaarheid,weighted_mean,Welvaart
BU00740103,-0.13661632345591831,Welvaart_Kwetsbaarheid,weighted_mean,Welvaart
BU00740104,-0.11948654975866535,Welvaart_Kwetsbaarheid,weighted_mean,Welvaart
BU00740105,0.24841141020990737,Welvaart_Kwetsbaarheid,weighted_mean,Welvaart
BU00740106,-0.0020307819261468074,Welvaart_Kwetsbaarheid,weighted_mean,Welvaart
BU00740107,-0.024621073442137792,Welvaart_Kwetsbaarheid,weighted_mean,Welvaart
BU00740108,-0.11256888845505444,Welvaart_Kwetsbaarheid,weighted_mean,Welvaart
BU00740109,-0.06238806000233246,Welvaart_Kwetsbaarheid,weighted_mean,Welvaart
BU00740110,0.23428591175455346,Welvaart_Kwetsbaarheid,weighted_mean,Welvaart
WK007402,0.1953843932579694,Welvaart_Kwetsbaarheid,weighted_mean,Welvaart
BU00740201,0.3796548792620571,Welvaart_Kwetsbaarheid,weighted_mean,Welvaart
BU00740202,0.013567481749416715,Welvaart_Kwetsbaarheid,weighted_mean,Welvaart
BU00740203,-0.07035440845593106,Welvaart_Kwetsbaarheid,weighted_mean,Welvaart
BU00740204,0.21262972462322288,Welvaart_Kwetsbaarheid,weighted_mean,Welvaart
BU00740205,0.6250125308361828,Welvaart_Kwetsbaarheid,weighted_mean,Welvaart
WK007403,0.05027438493499735,Welvaart_Kwetsbaarheid,weighted_mean,Welvaart
BU00740301,-0.30321594008276764,Welvaart_Kwetsbaarheid,weighted_mean,Welvaart
BU00740302,0.3427032320935106,Welvaart_Kwetsbaarheid,weighted_mean,Welvaart
WK007404,-0.029017679647954153,Welvaart_Kwetsbaarheid,weighted_mean,Welvaart
BU00740401,0.36079804114858655,Welvaart_Kwetsbaarheid,weighted_mean,Welvaart
BU00740402,-0.03906326670609864,Welvaart_Kwetsbaarheid,weighted_mean,Welvaart
BU00740403,0.4822906339972571,Welvaart_Kwetsbaarheid,weighted_mean,Welvaart
BU00740404,-0.1106816135721738,Welvaart_Kwetsbaarheid,weighted_mean,Welvaart
BU00740405,0.4091540629605772,Welvaart_Kwetsbaarheid,weighted_mean,Welvaart
BU00740406,-0.009762039578398479,Welvaart_Kwetsbaarheid,weighted_mean,Welvaart
BU00740407,0.37586983202368573,Welvaart_Kwetsbaarheid,weighted_mean,Welvaart
WK007406,0.2689797947166768,Welvaart_Kwetsbaarheid,weighted_mean,Welvaart
BU00740601,0.273247267805074,Welvaart_Kwetsbaarheid,weighted_mean,Welvaart
WK007407,-0.05619551185047669,Welvaart_Kwetsbaarheid,weighted_mean,Welvaart
BU00740701,0.011102132879750537,Welvaart_Kwetsbaarheid,weighted_mean,Welvaart
BU00740702,-0.31156251568405324,Welvaart_Kwetsbaarheid,weighted_mean,Welvaart
WK007409,-0.0638595163391994,Welvaart_Kwetsbaarheid,weighted_mean,Welvaart
BU00740901,-0.2657265929603524,Welvaart_Kwetsbaarheid,weighted_mean,Welvaart
BU00740902,0.16696902057289556,Welvaart_Kwetsbaarheid,weighted_mean,Welvaart
BU00740903,-0.21018633216285118,Welvaart_Kwetsbaarheid,weighted_mean,Welvaart
GM0080,-0.09998817906971702,Welvaart_Kwetsbaarheid,weighted_mean,Welvaart
WK008010,-0.29944607462935885,Welvaart_Kwetsbaarheid,weighted_mean,Welvaart
BU00801001,0.1408565167782993,Welvaart_Kwetsbaarheid,weighted_mean,Welvaart
BU00801002,-0.16141217253230472,Welvaart_Kwetsbaarheid,weighted_mean,Welvaart
BU00801003,-0.18051755545892462,Welvaart_Kwetsbaarheid,weighted_mean,Welvaart
BU00801004,0.4450286562845147,Welvaart_Kwetsbaarheid,weighted_mean,Welvaart
BU00801005,1.0403601754853797,Welvaart_Kwetsbaarheid,weighted_mean,Welvaart
BU00801006,0.5265224407784531,Welvaart_Kwetsbaarheid,weighted_mean,Welvaart
BU00801007,0.07912848854955884,Welvaart_Kwetsbaarheid,weighted_mean,Welvaart
BU00801008,-0.5721104845473746,Welvaart_Kwetsbaarheid,weighted_mean,Welvaart
WK008011,-0.54969497614017,Welvaart_Kwetsbaarheid,weighted_mean,Welvaart
BU00801101,-0.2355440336793519,Welvaart_Kwetsbaarheid,weighted_mean,Welvaart
BU00801102,-0.14839238034221253,Welvaart_Kwetsbaarheid,weighted_mean,Welvaart
BU00801103,0.2072402405873205,Welvaart_Kwetsbaarheid,weighted_mean,Welvaart
BU00801104,1.5063054776392697,Welvaart_Kwetsbaarheid,weighted_mean,Welvaart
BU00801105,1.3362864582691159,Welvaart_Kwetsbaarheid,weighted_mean,Welvaart
BU00801106,-0.4129037397397394,Welvaart_Kwetsbaarheid,weighted_mean,Welvaart
BU00801107,0.18370922481013918,Welvaart_Kwetsbaarheid,weighted_mean,Welvaart
BU00801108,-0.2234241781142518,Welvaart_Kwetsbaarheid,weighted_mean,Welvaart
BU00801109,-0.31441326834877725,Welvaart_Kwetsbaarheid,weighted_mean,Welvaart
WK008020,-0.34583386298772567,Welvaart_Kwetsbaarheid,weighted_mean,Welvaart
BU00802001,0.6534391568416825,Welvaart_Kwetsbaarheid,weighted_mean,Welvaart
BU00802002,0.2958898006427537,Welvaart_Kwetsbaarheid,weighted_mean,Welvaart
BU00802003,0.2613845983244265,Welvaart_Kwetsbaarheid,weighted_mean,Welvaart
BU00802004,-0.23443060125216136,Welvaart_Kwetsbaarheid,weighted_mean,Welvaart
BU00802005,-0.32311464009639757,Welvaart_Kwetsbaarheid,weighted_mean,Welvaart
BU00802006,0.5781949425385734,Welvaart_Kwetsbaarheid,weighted_mean,Welvaart
BU00802007,0.9240275056728655,Welvaart_Kwetsbaarheid,weighted_mean,Welvaart
BU00802008,0.10899227378914739,Welvaart_Kwetsbaarheid,weighted_mean,Welvaart
BU00802009,0.4192784611233257,Welvaart_Kwetsbaarheid,weighted_mean,Welvaart
WK008030,-0.23547040319072043,Welvaart_Kwetsbaarheid,weighted_mean,Welvaart
BU00803001,-0.20707967085571166,Welvaart_Kwetsbaarheid,weighted_mean,Welvaart
BU00803002,-0.07632856937262099,Welvaart_Kwetsbaarheid,weighted_mean,Welvaart
BU00803003,-0.024358847109113513,Welvaart_Kwetsbaarheid,weighted_mean,Welvaart
BU00803004,-0.2403231252775877,Welvaart_Kwetsbaarheid,weighted_mean,Welvaart
BU00803005,-0.26442805833505706,Welvaart_Kwetsbaarheid,weighted_mean,Welvaart
BU00803006,0.9242417361273771,Welvaart_Kwetsbaarheid,weighted_mean,Welvaart
BU00803007,-0.04726303807991285,Welvaart_Kwetsbaarheid,weighted_mean,Welvaart
WK008031,-0.3751639986883314,Welvaart_Kwetsbaarheid,weighted_mean,Welvaart
BU00803101,-0.5612831202934182,Welvaart_Kwetsbaarheid,weighted_mean,Welvaart
BU00803102,0.3885938787709874,Welvaart_Kwetsbaarheid,weighted_mean,Welvaart
WK008032,0.27290606846285564,Welvaart_Kwetsbaarheid,weighted_mean,Welvaart
BU00803201,-0.4169337921019211,Welvaart_Kwetsbaarheid,weighted_mean,Welvaart
BU00803202,-0.6655075732017239,Welvaart_Kwetsbaarheid,weighted_mean,Welvaart
BU00803203,0.12148961523963892,Welvaart_Kwetsbaarheid,weighted_mean,Welvaart
BU00803204,0.056561680272710246,Welvaart_Kwetsbaarheid,weighted_mean,Welvaart
WK008040,-0.14743359348854562,Welvaart_Kwetsbaarheid,weighted_mean,Welvaart
BU00804001,0.2645114836249265,Welvaart_Kwetsbaarheid,weighted_mean,Welvaart
BU00804002,-0.6841309878822668,Welvaart_Kwetsbaarheid,weighted_mean,Welvaart
BU00804003,-0.6895018034359841,Welvaart_Kwetsbaarheid,weighted_mean,Welvaart
BU00804004,0.49839027996340224,Welvaart_Kwetsbaarheid,weighted_mean,Welvaart
WK008041,-0.4501591761256867,Welvaart_Kwetsbaarheid,weighted_mean,Welvaart
BU00804101,0.011165164268147787,Welvaart_Kwetsbaarheid,weighted_mean,Welvaart
BU00804102,0.5376380133354873,Welvaart_Kwetsbaarheid,weighted_mean,Welvaart
BU00804103,0.13994925083374213,Welvaart_Kwetsbaarheid,weighted_mean,Welvaart
BU00804104,0.11536274625244092,Welvaart_Kwetsbaarheid,weighted_mean,Welvaart
BU00804105,0.6757973899047884,Welvaart_Kwetsbaarheid,weighted_mean,Welvaart
BU00804106,0.25809206923140937,Welvaart_Kwetsbaarheid,weighted_mean,Welvaart
BU00804107,-0.03844477269904552,Welvaart_Kwetsbaarheid,weighted_mean,Welvaart
BU00804108,-0.16498795043164477,Welvaart_Kwetsbaarheid,weighted_mean,Welvaart
BU00804109,0.6862594653483519,Welvaart_Kwetsbaarheid,weighted_mean,Welvaart
BU00804110,-0.04383106149220951,Welvaart_Kwetsbaarheid,weighted_mean,Welvaart
WK008050,-0.04547584312498554,Welvaart_Kwetsbaarheid,weighted_mean,Welvaart
BU00805001,1.8856123026656264,Welvaart_Kwetsbaarheid,weighted_mean,Welvaart
BU00805002,0.8482935131110959,Welvaart_Kwetsbaarheid,weighted_mean,Welvaart
BU00805003,-0.4438880191620111,Welvaart_Kwetsbaarheid,weighted_mean,Welvaart
WK008051,-0.2873503189048051,Welvaart_Kwetsbaarheid,weighted_mean,Welvaart
BU00805101,-0.11728606912502265,Welvaart_Kwetsbaarheid,weighted_mean,Welvaart
BU00805102,-0.3464914622999488,Welvaart_Kwetsbaarheid,weighted_mean,Welvaart
BU00805103,-0.5401611871922514,Welvaart_Kwetsbaarheid,weighted_mean,Welvaart
BU00805104,0.12382085945747046,Welvaart_Kwetsbaarheid,weighted_mean,Welvaart
BU00805105,0.4123883910052729,Welvaart_Kwetsbaarheid,weighted_mean,Welvaart
WK008060,-0.5321601903500474,Welvaart_Kwetsbaarheid,weighted_mean,Welvaart
BU00806001,0.8574415595580204,Welvaart_Kwetsbaarheid,weighted_mean,Welvaart
BU00806002,-0.2868833034740794,Welvaart_Kwetsbaarheid,weighted_mean,Welvaart
BU00806003,0.41598611027423693,Welvaart_Kwetsbaarheid,weighted_mean,Welvaart
WK008061,-0.2500576039064375,Welvaart_Kwetsbaarheid,weighted_mean,Welvaart
BU00806101,0.9326132259968622,Welvaart_Kwetsbaarheid,weighted_mean,Welvaart
BU00806102,0.7432309049724276,Welvaart_Kwetsbaarheid,weighted_mean,Welvaart
WK008062,0.0009334935910869507,Welvaart_Kwetsbaarheid,weighted_mean,Welvaart
BU00806201,-0.4228901637681639,Welvaart_Kwetsbaarheid,weighted_mean,Welvaart
BU00806202,0.05772176617918272,Welvaart_Kwetsbaarheid,weighted_mean,Welvaart
BU00806203,0.1337861812420467,Welvaart_Kwetsbaarheid,weighted_mean,Welvaart
BU00806204,0.6254932773805476,Welvaart_Kwetsbaarheid,weighted_mean,Welvaart
BU00806205,-0.3339818618189615,Welvaart_Kwetsbaarheid,weighted_mean,Welvaart
BU00806206,0.24172763545083603,Welvaart_Kwetsbaarheid,weighted_mean,Welvaart
BU00806207,-0.07841472791585319,Welvaart_Kwetsbaarheid,weighted_mean,Welvaart
BU00806208,-0.005079991043090981,Welvaart_Kwetsbaarheid,weighted_mean,Welvaart
BU00806209,-0.6900263031683709,Welvaart_Kwetsbaarheid,weighted_mean,Welvaart
BU00806210,-0.12450327425870354,Welvaart_Kwetsbaarheid,weighted_mean,Welvaart
WK008063,-0.182003487181463,Welvaart_Kwetsbaarheid,weighted_mean,Welvaart
BU00806301,-0.4758729440005596,Welvaart_Kwetsbaarheid,weighted_mean,Welvaart
BU00806302,-0.00885506093705793,Welvaart_Kwetsbaarheid,weighted_mean,Welvaart
BU00806303,-0.19044614458544584,Welvaart_Kwetsbaarheid,weighted_mean,Welvaart
BU00806304,-0.09985391578740654,Welvaart_Kwetsbaarheid,weighted_mean,Welvaart
BU00806305,-0.13900527217398084,Welvaart_Kwetsbaarheid,weighted_mean,Welvaart
BU00806306,0.07060526050593316,Welvaart_Kwetsbaarheid,weighted_mean,Welvaart
BU00806307,-0.47407393220576066,Welvaart_Kwetsbaarheid,weighted_mean,Welvaart
WK008070,-0.09487321101127752,Welvaart_Kwetsbaarheid,weighted_mean,Welvaart
BU00807001,-0.41632311580373643,Welvaart_Kwetsbaarheid,weighted_mean,Welvaart
BU00807002,-0.4521012578878169,Welvaart_Kwetsbaarheid,weighted_mean,Welvaart
BU00807003,-0.28154065630333763,Welvaart_Kwetsbaarheid,weighted_mean,Welvaart
BU00807004,0.6073894405362604,Welvaart_Kwetsbaarheid,weighted_mean,Welvaart
WK008071,0.15947801387694804,Welvaart_Kwetsbaarheid,weighted_mean,Welvaart
BU00807101,-0.2158993462164225,Welvaart_Kwetsbaarheid,weighted_mean,Welvaart
WK008072,0.5137338951436795,Welvaart_Kwetsbaarheid,weighted_mean,Welvaart
BU00807201,-0.15915676655391056,Welvaart_Kwetsbaarheid,weighted_mean,Welvaart
BU00807202,1.3400674531537942,Welvaart_Kwetsbaarheid,weighted_mean,Welvaart
BU00807203,0.36372683876505824,Welvaart_Kwetsbaarheid,weighted_mean,Welvaart
WK008073,0.1307970239110808,Welvaart_Kwetsbaarheid,weighted_mean,Welvaart
BU00807301,-0.20942284801295258,Welvaart_Kwetsbaarheid,weighted_mean,Welvaart
BU00807302,-0.026205463929669243,Welvaart_Kwetsbaarheid,weighted_mean,Welvaart
BU00807303,0.18092714370491042,Welvaart_Kwetsbaarheid,weighted_mean,Welvaart
BU00807304,-0.11394690021591228,Welvaart_Kwetsbaarheid,weighted_mean,Welvaart
BU00807305,-0.022077041547851006,Welvaart_Kwetsbaarheid,weighted_mean,Welvaart
BU00807306,-0.255558685148808,Welvaart_Kwetsbaarheid,weighted_mean,Welvaart
WK008074,0.12224579308814093,Welvaart_Kwetsbaarheid,weighted_mean,Welvaart
BU00807401,-0.3267782526434113,Welvaart_Kwetsbaarheid,weighted_mean,Welvaart
BU00807402,-0.3346213536360554,Welvaart_Kwetsbaarheid,weighted_mean,Welvaart
BU00807403,-0.10363496385484229,Welvaart_Kwetsbaarheid,weighted_mean,Welvaart
BU00807404,0.1936202204426158,Welvaart_Kwetsbaarheid,weighted_mean,Welvaart
BU00807405,0.028687725283720614,Welvaart_Kwetsbaarheid,weighted_mean,Welvaart
WK008080,-0.17244098868940888,Welvaart_Kwetsbaarheid,weighted_mean,Welvaart
BU00808001,-0.21035401672772547,Welvaart_Kwetsbaarheid,weighted_mean,Welvaart
BU00808002,-0.20251674513446996,Welvaart_Kwetsbaarheid,weighted_mean,Welvaart
BU00808003,0.2954945205998764,Welvaart_Kwetsbaarheid,weighted_mean,Welvaart
BU00808004,-0.1946254031643136,Welvaart_Kwetsbaarheid,weighted_mean,Welvaart
BU00808005,0.6653567829664367,Welvaart_Kwetsbaarheid,weighted_mean,Welvaart
BU00808006,-0.14425171856330649,Welvaart_Kwetsbaarheid,weighted_mean,Welvaart
BU00808007,-0.22625006352433502,Welvaart_Kwetsbaarheid,weighted_mean,Welvaart
BU00808008,0.3747688453975911,Welvaart_Kwetsbaarheid,weighted_mean,Welvaart
WK008081,-0.09956497069652731,Welvaart_Kwetsbaarheid,weighted_mean,Welvaart
BU00808101,-0.18831431155728484,Welvaart_Kwetsbaarheid,weighted_mean,Welvaart
BU00808102,0.06873006511512719,Welvaart_Kwetsbaarheid,weighted_mean,Welvaart
BU00808103,-0.30527298110566214,Welvaart_Kwetsbaarheid,weighted_mean,Welvaart
BU00808104,0.3575370682964502,Welvaart_Kwetsbaarheid,weighted_mean,Welvaart
BU00808105,-0.38619612046815505,Welvaart_Kwetsbaarheid,weighted_mean,Welvaart
BU00808106,0.39717119168580817,Welvaart_Kwetsbaarheid,weighted_mean,Welvaart
BU00808107,0.2669000573423372,Welvaart_Kwetsbaarheid,weighted_mean,Welvaart
BU00808108,-0.1065390541011641,Welvaart_Kwetsbaarheid,weighted_mean,Welvaart
BU00808109,-0.3631674605007467,Welvaart_Kwetsbaarheid,weighted_mean,Welvaart
BU00808110,0.3081360323999145,Welvaart_Kwetsbaarheid,weighted_mean,Welvaart
BU00808111,-0.23977909857686114,Welvaart_Kwetsbaarheid,weighted_mean,Welvaart
BU00808112,0.2739446818901908,Welvaart_Kwetsbaarheid,weighted_mean,Welvaart
BU00808113,-0.2715500411116995,Welvaart_Kwetsbaarheid,weighted_mean,Welvaart
BU00808114,-0.16344491921261617,Welvaart_Kwetsbaarheid,weighted_mean,Welvaart
BU00808115,-0.2198506914780285,Welvaart_Kwetsbaarheid,weighted_mean,Welvaart
BU00808116,-0.43002552958127904,Welvaart_Kwetsbaarheid,weighted_mean,Welvaart
BU00808117,0.2858964380676987,Welvaart_Kwetsbaarheid,weighted_mean,Welvaart
WK008082,-0.20712225150546118,Welvaart_Kwetsbaarheid,weighted_mean,Welvaart
BU00808201,-0.3224268955620225,Welvaart_Kwetsbaarheid,weighted_mean,Welvaart
BU00808202,0.2052213492645223,Welvaart_Kwetsbaarheid,weighted_mean,Welvaart
BU00808203,-0.032628014271714786,Welvaart_Kwetsbaarheid,weighted_mean,Welvaart
BU00808204,-0.3991627131905943,Welvaart_Kwetsbaarheid,weighted_mean,Welvaart
BU00808205,-0.008662485531561404,Welvaart_Kwetsbaarheid,weighted_mean,Welvaart
BU00808206,-0.13841285980012646,Welvaart_Kwetsbaarheid,weighted_mean,Welvaart
BU00808207,0.8160921943305977,Welvaart_Kwetsbaarheid,weighted_mean,Welvaart
BU00808208,-0.19627110235472983,Welvaart_Kwetsbaarheid,weighted_mean,Welvaart
BU00808209,0.4042093194125429,Welvaart_Kwetsbaarheid,weighted_mean,Welvaart
GM1970,-0.12537441601669055,Welvaart_Kwetsbaarheid,weighted_mean,Welvaart
WK197000,-0.22373395017364237,Welvaart_Kwetsbaarheid,weighted_mean,Welvaart
BU19700000,-0.238544657397796,Welvaart_Kwetsbaarheid,weighted_mean,Welvaart
BU19700001,-0.19632012369495772,Welvaart_Kwetsbaarheid,weighted_mean,Welvaart
BU19700002,0.20483097133656264,Welvaart_Kwetsbaarheid,weighted_mean,Welvaart
BU19700003,-0.13040927178136774,Welvaart_Kwetsbaarheid,weighted_mean,Welvaart
BU19700004,-0.2863888546415818,Welvaart_Kwetsbaarheid,weighted_mean,Welvaart
BU19700005,-0.19116311114687795,Welvaart_Kwetsbaarheid,weighted_mean,Welvaart
BU19700006,-0.30294886909279073,Welvaart_Kwetsbaarheid,weighted_mean,Welvaart
BU19700007,0.17151627931943872,Welvaart_Kwetsbaarheid,weighted_mean,Welvaart
BU19700008,-0.49341950997433515,Welvaart_Kwetsbaarheid,weighted_mean,Welvaart
BU19700009,-0.18515908633039926,Welvaart_Kwetsbaarheid,weighted_mean,Welvaart
BU19700010,-0.15422501869533445,Welvaart_Kwetsbaarheid,weighted_mean,Welvaart
BU19700011,0.4770550181336592,Welvaart_Kwetsbaarheid,weighted_mean,Welvaart
WK197001,-0.05843293719321667,Welvaart_Kwetsbaarheid,weighted_mean,Welvaart
BU19700100,-0.34588415184797355,Welvaart_Kwetsbaarheid,weighted_mean,Welvaart
BU19700101,-0.14667336504078393,Welvaart_Kwetsbaarheid,weighted_mean,Welvaart
BU19700102,-0.40525674042579624,Welvaart_Kwetsbaarheid,weighted_mean,Welvaart
BU19700103,0.10947012347698343,Welvaart_Kwetsbaarheid,weighted_mean,Welvaart
BU19700104,-0.20837741142667815,Welvaart_Kwetsbaarheid,weighted_mean,Welvaart
BU19700105,-0.27917304245321656,Welvaart_Kwetsbaarheid,weighted_mean,Welvaart
BU19700107,0.09326147615038866,Welvaart_Kwetsbaarheid,weighted_mean,Welvaart
BU19700108,-0.16290688409834797,Welvaart_Kwetsbaarheid,weighted_mean,Welvaart
BU19700109,-0.3036603670392588,Welvaart_Kwetsbaarheid,weighted_mean,Welvaart
WK197002,-0.1411698293284668,Welvaart_Kwetsbaarheid,weighted_mean,Welvaart
BU19700200,-0.41454898250074257,Welvaart_Kwetsbaarheid,weighted_mean,Welvaart
BU19700201,-0.23830538094093018,Welvaart_Kwetsbaarheid,weighted_mean,Welvaart
BU19700202,-0.24098686880343484,Welvaart_Kwetsbaarheid,weighted_mean,Welvaart
BU19700208,-0.22927295820668203,Welvaart_Kwetsbaarheid,weighted_mean,Welvaart
BU19700209,0.2966702677937153,Welvaart_Kwetsbaarheid,weighted_mean,Welvaart
WK197003,-0.08171401850367513,Welvaart_Kwetsbaarheid,weighted_mean,Welvaart
BU19700300,-0.2662421680959071,Welvaart_Kwetsbaarheid,weighted_mean,Welvaart
BU19700301,-0.5962126305874308,Welvaart_Kwetsbaarheid,weighted_mean,Welvaart
BU19700302,-0.23550776267522477,Welvaart_Kwetsbaarheid,weighted_mean,Welvaart
BU19700303,-0.15473344865069666,Welvaart_Kwetsbaarheid,weighted_mean,Welvaart
BU19700307,-0.029497125540661764,Welvaart_Kwetsbaarheid,weighted_mean,Welvaart
BU19700308,0.11906624235945609,Welvaart_Kwetsbaarheid,weighted_mean,Welvaart
BU19700309,0.00014178231633181493,Welvaart_Kwetsbaarheid,weighted_mean,Welvaart
WK197004,-0.22380453609611983,Welvaart_Kwetsbaarheid,weighted_mean,Welvaart
BU19700400,-0.37818046431738683,Welvaart_Kwetsbaarheid,weighted_mean,Welvaart
BU19700401,0.0783056386837504,Welvaart_Kwetsbaarheid,weighted_mean,Welvaart
BU19700408,0.020018137463731406,Welvaart_Kwetsbaarheid,weighted_mean,Welvaart
BU19700409,0.15103153963673863,Welvaart_Kwetsbaarheid,weighted_mean,Welvaart
WK197005,-0.22498247648550268,Welvaart_Kwetsbaarheid,weighted_mean,Welvaart
BU19700500,-0.22836223576933545,Welvaart_Kwetsbaarheid,weighted_mean,Welvaart
BU19700501,-0.3569361897722247,Welvaart_Kwetsbaarheid,weighted_mean,Welvaart
BU19700502,-0.3640673971257387,Welvaart_Kwetsbaarheid,weighted_mean,Welvaart
BU19700503,-0.49454813040298556,Welvaart_Kwetsbaarheid,weighted_mean,Welvaart
BU19700506,0.013247658408484506,Welvaart_Kwetsbaarheid,weighted_mean,Welvaart
BU19700507,0.20615509653974473,Welvaart_Kwetsbaarheid,weighted_mean,Welvaart
BU19700508,0.5272334855697605,Welvaart_Kwetsbaarheid,weighted_mean,Welvaart
BU19700509,0.0019552311898848977,Welvaart_Kwetsbaarheid,weighted_mean,Welvaart
WK197006,-0.16457918943841987,Welvaart_Kwetsbaarheid,weighted_mean,Welvaart
BU19700600,0.014177758548092168,Welvaart_Kwetsbaarheid,weighted_mean,Welvaart
BU19700601,-0.02248382157880028,Welvaart_Kwetsbaarheid,weighted_mean,Welvaart
BU19700602,-0.16985545190764414,Welvaart_Kwetsbaarheid,weighted_mean,Welvaart
BU19700603,0.05936568213723942,Welvaart_Kwetsbaarheid,weighted_mean,Welvaart
BU19700604,-0.12666246607615508,Welvaart_Kwetsbaarheid,weighted_mean,Welvaart
BU19700605,-0.21139251665508468,Welvaart_Kwetsbaarheid,weighted_mean,Welvaart
BU19700608,-0.024878525612124378,Welvaart_Kwetsbaarheid,weighted_mean,Welvaart
BU19700609,0.0004256017549160579,Welvaart_Kwetsbaarheid,weighted_mean,Welvaart
WK197007,0.05463251305565438,Welvaart_Kwetsbaarheid,weighted_mean,Welvaart
BU19700700,-0.28567895506327273,Welvaart_Kwetsbaarheid,weighted_mean,Welvaart
BU19700701,-0.04876579936285533,Welvaart_Kwetsbaarheid,weighted_mean,Welvaart
BU19700702,0.12894219538228618,Welvaart_Kwetsbaarheid,weighted_mean,Welvaart
BU19700703,0.07287794298604791,Welvaart_Kwetsbaarheid,weighted_mean,Welvaart
BU19700708,-0.3525457333257097,Welvaart_Kwetsbaarheid,weighted_mean,Welvaart
BU19700709,0.28808412196980576,Welvaart_Kwetsbaarheid,weighted_mean,Welvaart
WK197008,-0.2466863686175119,Welvaart_Kwetsbaarheid,weighted_mean,Welvaart
BU19700800,-0.3798845338133518,Welvaart_Kwetsbaarheid,weighted_mean,Welvaart
BU19700801,-0.2839627549791316,Welvaart_Kwetsbaarheid,weighted_mean,Welvaart
BU19700802,-0.41260716364180555,Welvaart_Kwetsbaarheid,weighted_mean,Welvaart
BU19700803,-0.32713030094392015,Welvaart_Kwetsbaarheid,weighted_mean,Welvaart
BU19700807,0.20178781634326026,Welvaart_Kwetsbaarheid,weighted_mean,Welvaart
BU19700808,-0.04883446812184626,Welvaart_Kwetsbaarheid,weighted_mean,Welvaart
BU19700809,-0.030163421114827046,Welvaart_Kwetsbaarheid,weighted_mean,Welvaart
WK197009,-0.23018739530015556,Welvaart_Kwetsbaarheid,weighted_mean,Welvaart
BU19700900,-0.4112032884528352,Welvaart_Kwetsbaarheid,weighted_mean,Welvaart
BU19700909,0.1477596760086615,Welvaart_Kwetsbaarheid,weighted_mean,Welvaart
WK197010,-0.0058875066198747356,Welvaart_Kwetsbaarheid,weighted_mean,Welvaart
BU19701000,-0.27775208509552035,Welvaart_Kwetsbaarheid,weighted_mean,Welvaart
BU19701001,0.2644538157656551,Welvaart_Kwetsbaarheid,weighted_mean,Welvaart
BU19701002,0.16550409611134204,Welvaart_Kwetsbaarheid,weighted_mean,Welvaart
BU19701003,-0.1748765550399601,Welvaart_Kwetsbaarheid,weighted_mean,Welvaart
BU19701004,-0.07426947047176988,Welvaart_Kwetsbaarheid,weighted_mean,Welvaart
BU19701005,-0.18116971626271433,Welvaart_Kwetsbaarheid,weighted_mean,Welvaart
BU19701006,0.29966340288144677,Welvaart_Kwetsbaarheid,weighted_mean,Welvaart
BU19701008,0.3867365720784672,Welvaart_Kwetsbaarheid,weighted_mean,Welvaart
BU19701009,0.2489164718890431,Welvaart_Kwetsbaarheid,weighted_mean,Welvaart
WK197011,-0.18107897167392242,Welvaart_Kwetsbaarheid,weighted_mean,Welvaart
BU19701100,-0.25926927908854525,Welvaart_Kwetsbaarheid,weighted_mean,Welvaart
BU19701109,0.38536321284995756,Welvaart_Kwetsbaarheid,weighted_mean,Welvaart
WK197012,-0.08027568240340152,Welvaart_Kwetsbaarheid,weighted_mean,Welvaart
BU19701200,-0.5012047359702053,Welvaart_Kwetsbaarheid,weighted_mean,Welvaart
BU19701201,-0.24251203073768,Welvaart_Kwetsbaarheid,weighted_mean,Welvaart
BU19701202,0.08828140924224781,Welvaart_Kwetsbaarheid,weighted_mean,Welvaart
BU19701203,-0.29831325264328007,Welvaart_Kwetsbaarheid,weighted_mean,Welvaart
BU19701204,0.00181144124407423,Welvaart_Kwetsbaarheid,weighted_mean,Welvaart
BU19701206,0.11008667895327207,Welvaart_Kwetsbaarheid,weighted_mean,Welvaart
BU19701207,-0.22073205988428996,Welvaart_Kwetsbaarheid,weighted_mean,Welvaart
BU19701208,0.22136111448385526,Welvaart_Kwetsbaarheid,weighted_mean,Welvaart
BU19701209,0.1762494164993022,Welvaart_Kwetsbaarheid,weighted_mean,Welvaart
WK197013,0.060056302903922665,Welvaart_Kwetsbaarheid,weighted_mean,Welvaart
BU19701300,-0.0651965023917424,Welvaart_Kwetsbaarheid,weighted_mean,Welvaart
BU19701301,0.11738899442493697,Welvaart_Kwetsbaarheid,weighted_mean,Welvaart
BU19701302,-0.34883435914497396,Welvaart_Kwetsbaarheid,weighted_mean,Welvaart
BU19701308,-0.08217711069364288,Welvaart_Kwetsbaarheid,weighted_mean,Welvaart
BU19701309,0.2030935560162262,Welvaart_Kwetsbaarheid,weighted_mean,Welvaart
WK197014,-0.1269335496184238,Welvaart_Kwetsbaarheid,weighted_mean,Welvaart
BU19701400,-0.17286173981462205,Welvaart_Kwetsbaarheid,weighted_mean,Welvaart
BU19701401,0.12867671645704182,Welvaart_Kwetsbaarheid,weighted_mean,Welvaart
BU19701402,-0.23609850814863936,Welvaart_Kwetsbaarheid,weighted_mean,Welvaart
BU19701409,0.16137095515351438,Welvaart_Kwetsbaarheid,weighted_mean,Welvaart
GM0085,-0.10062595604065619,Welvaart_Kwetsbaarheid,weighted_mean,Welvaart
WK008501,-0.14709274332136407,Welvaart_Kwetsbaarheid,weighted_mean,Welvaart
BU00850101,-0.20897070006324048,Welvaart_Kwetsbaarheid,weighted_mean,Welvaart
BU00850102,0.256902863921829,Welvaart_Kwetsbaarheid,weighted_mean,Welvaart
BU00850103,-0.4269389837090982,Welvaart_Kwetsbaarheid,weighted_mean,Welvaart
BU00850104,0.011265985491074326,Welvaart_Kwetsbaarheid,weighted_mean,Welvaart
BU00850105,0.6050861830166041,Welvaart_Kwetsbaarheid,weighted_mean,Welvaart
BU00850106,-0.27026289182655383,Welvaart_Kwetsbaarheid,weighted_mean,Welvaart
BU00850107,0.021965740306768566,Welvaart_Kwetsbaarheid,weighted_mean,Welvaart
BU00850108,-0.10811245675898945,Welvaart_Kwetsbaarheid,weighted_mean,Welvaart
BU00850109,0.17376859951228252,Welvaart_Kwetsbaarheid,weighted_mean,Welvaart
BU00850110,-0.33707714179971604,Welvaart_Kwetsbaarheid,weighted_mean,Welvaart
BU00850111,0.269081738322897,Welvaart_Kwetsbaarheid,weighted_mean,Welvaart
WK008502,0.02430852738298417,Welvaart_Kwetsbaarheid,weighted_mean,Welvaart
BU00850201,-0.2963244721328646,Welvaart_Kwetsbaarheid,weighted_mean,Welvaart
BU00850202,0.018235433437747278,Welvaart_Kwetsbaarheid,weighted_mean,Welvaart
BU00850203,0.30823570902906694,Welvaart_Kwetsbaarheid,weighted_mean,Welvaart
WK008503,0.17002237491036315,Welvaart_Kwetsbaarheid,weighted_mean,Welvaart
BU00850301,0.054336142898428405,Welvaart_Kwetsbaarheid,weighted_mean,Welvaart
BU00850302,0.5355186320667777,Welvaart_Kwetsbaarheid,weighted_mean,Welvaart
WK008504,0.5488097641441974,Welvaart_Kwetsbaarheid,weighted_mean,Welvaart
BU00850401,0.05696184227726647,Welvaart_Kwetsbaarheid,weighted_mean,Welvaart
BU00850402,0.851541520904712,Welvaart_Kwetsbaarheid,weighted_mean,Welvaart
WK008505,0.2936223502515893,Welvaart_Kwetsbaarheid,weighted_mean,Welvaart
BU00850501,-0.06036046190578989,Welvaart_Kwetsbaarheid,weighted_mean,Welvaart
BU00850502,0.6572519630883276,Welvaart_Kwetsbaarheid,weighted_mean,Welvaart
WK008506,-0.08119106864773053,Welvaart_Kwetsbaarheid,weighted_mean,Welvaart
BU00850601,0.06707223039184529,Welvaart_Kwetsbaarheid,weighted_mean,Welvaart
BU00850602,-0.08513601650757474,Welvaart_Kwetsbaarheid,weighted_mean,Welvaart
BU00850603,-0.10601619217502206,Welvaart_Kwetsbaarheid,weighted_mean,Welvaart
BU00850604,-0.29617369294015095,Welvaart_Kwetsbaarheid,weighted_mean,Welvaart
BU00850605,0.07329724226433987,Welvaart_Kwetsbaarheid,weighted_mean,Welvaart
BU00850606,-0.10859563008799777,Welvaart_Kwetsbaarheid,weighted_mean,Welvaart
BU00850607,0.543306552177059,Welvaart_Kwetsbaarheid,weighted_mean,Welvaart
BU00850608,0.08042123350655211,Welvaart_Kwetsbaarheid,weighted_mean,Welvaart
WK008507,0.04962468881960519,Welvaart_Kwetsbaarheid,weighted_mean,Welvaart
BU00850701,0.16614164045892427,Welvaart_Kwetsbaarheid,weighted_mean,Welvaart
BU00850702,0.47099217942319765,Welvaart_Kwetsbaarheid,weighted_mean,Welvaart
WK008508,0.04585684914415615,Welvaart_Kwetsbaarheid,weighted_mean,Welvaart
BU00850801,-0.21762983543099718,Welvaart_Kwetsbaarheid,weighted_mean,Welvaart
BU00850802,0.3641298058890674,Welvaart_Kwetsbaarheid,weighted_mean,Welvaart
WK008509,0.06738471360867568,Welvaart_Kwetsbaarheid,weighted_mean,Welvaart
BU00850901,-0.0783674431486873,Welvaart_Kwetsbaarheid,weighted_mean,Welvaart
BU00850902,0.35353602990796584,Welvaart_Kwetsbaarheid,weighted_mean,Welvaart
WK008510,-0.06095871297494463,Welvaart_Kwetsbaarheid,weighted_mean,Welvaart
BU00851001,-0.16904786932922888,Welvaart_Kwetsbaarheid,weighted_mean,Welvaart
BU00851002,0.06676720749145292,Welvaart_Kwetsbaarheid,weighted_mean,Welvaart
BU00851003,0.657009955354106,Welvaart_Kwetsbaarheid,weighted_mean,Welvaart
WK008511,-0.21511415916700036,Welvaart_Kwetsbaarheid,weighted_mean,Welvaart
BU00851101,-0.3113141621387801,Welvaart_Kwetsbaarheid,weighted_mean,Welvaart
BU00851102,0.012563279760424456,Welvaart_Kwetsbaarheid,weighted_mean,Welvaart
BU00851103,-0.13088851760856052,Welvaart_Kwetsbaarheid,weighted_mean,Welvaart
BU00851104,0.25898541577168727,Welvaart_Kwetsbaarheid,weighted_mean,Welvaart
BU00851105,-0.2015369509842324,Welvaart_Kwetsbaarheid,weighted_mean,Welvaart
BU00851106,-0.1128291581220855,Welvaart_Kwetsbaarheid,weighted_mean,Welvaart
BU00851107,-0.02484685763816752,Welvaart_Kwetsbaarheid,weighted_mean,Welvaart
BU00851108,0.4865585419666396,Welvaart_Kwetsbaarheid,weighted_mean,Welvaart
BU00851109,-0.39993773747298456,Welvaart_Kwetsbaarheid,weighted_mean,Welvaart
BU00851110,-0.24229823945918022,Welvaart_Kwetsbaarheid,weighted_mean,Welvaart
BU00851111,-0.29323519087176875,Welvaart_Kwetsbaarheid,weighted_mean,Welvaart
BU00851112,-0.004234042910735536,Welvaart_Kwetsbaarheid,weighted_mean,Welvaart
BU00851113,-0.1880432464977661,Welvaart_Kwetsbaarheid,weighted_mean,Welvaart
BU00851114,-0.5766663445967892,Welvaart_Kwetsbaarheid,weighted_mean,Welvaart
BU00851115,-0.08488326263750107,Welvaart_Kwetsbaarheid,weighted_mean,Welvaart
BU00851116,1.368537659152107,Welvaart_Kwetsbaarheid,weighted_mean,Welvaart
BU00851117,0.40953280852837187,Welvaart_Kwetsbaarheid,weighted_mean,Welvaart
BU00851118,0.19190373624157356,Welvaart_Kwetsbaarheid,weighted_mean,Welvaart
WK008512,0.22611508066129982,Welvaart_Kwetsbaarheid,weighted_mean,Welvaart
BU00851201,0.11964638487806652,Welvaart_Kwetsbaarheid,weighted_mean,Welvaart
BU00851202,0.5843404236940506,Welvaart_Kwetsbaarheid,weighted_mean,Welvaart
WK008513,0.04728612924097683,Welvaart_Kwetsbaarheid,weighted_mean,Welvaart
BU00851301,-0.23092022760444184,Welvaart_Kwetsbaarheid,weighted_mean,Welvaart
BU00851302,0.2711659185526286,Welvaart_Kwetsbaarheid,weighted_mean,Welvaart
GM0086,0.00011310265455791169,Welvaart_Kwetsbaarheid,weighted_mean,Welvaart
WK008601,0.01036814163959833,Welvaart_Kwetsbaarheid,weighted_mean,Welvaart
BU00860101,-0.5805386112477802,Welvaart_Kwetsbaarheid,weighted_mean,Welvaart
BU00860102,-0.3461193363762233,Welvaart_Kwetsbaarheid,weighted_mean,Welvaart
BU00860103,0.5125533634172936,Welvaart_Kwetsbaarheid,weighted_mean,Welvaart
WK008602,-0.0827050806841018,Welvaart_Kwetsbaarheid,weighted_mean,Welvaart
BU00860201,-0.058889742271084455,Welvaart_Kwetsbaarheid,weighted_mean,Welvaart
BU00860202,-0.020866373212275302,Welvaart_Kwetsbaarheid,weighted_mean,Welvaart
BU00860203,-0.24458821194761243,Welvaart_Kwetsbaarheid,weighted_mean,Welvaart
BU00860204,0.0774382522104428,Welvaart_Kwetsbaarheid,weighted_mean,Welvaart
BU00860205,-0.16518346525734243,Welvaart_Kwetsbaarheid,weighted_mean,Welvaart
BU00860206,-0.16488321402044415,Welvaart_Kwetsbaarheid,weighted_mean,Welvaart
BU00860207,-0.08669735620309077,Welvaart_Kwetsbaarheid,weighted_mean,Welvaart
BU00860208,0.49270935459031867,Welvaart_Kwetsbaarheid,weighted_mean,Welvaart
BU00860209,1.0745250408110383,Welvaart_Kwetsbaarheid,weighted_mean,Welvaart
WK008604,-0.036945270782353115,Welvaart_Kwetsbaarheid,weighted_mean,Welvaart
BU00860401,-0.2553623833916036,Welvaart_Kwetsbaarheid,weighted_mean,Welvaart
BU00860402,-0.16456867408957432,Welvaart_Kwetsbaarheid,weighted_mean,Welvaart
WK008605,-0.21686386969828927,Welvaart_Kwetsbaarheid,weighted_mean,Welvaart
BU00860501,-0.22614097161614705,Welvaart_Kwetsbaarheid,weighted_mean,Welvaart
BU00860502,0.27228893563616346,Welvaart_Kwetsbaarheid,weighted_mean,Welvaart
BU00860503,-0.18546221804366048,Welvaart_Kwetsbaarheid,weighted_mean,Welvaart
BU00860504,-0.42293352853543664,Welvaart_Kwetsbaarheid,weighted_mean,Welvaart
BU00860505,0.0030549567114071113,Welvaart_Kwetsbaarheid,weighted_mean,Welvaart
BU00860506,0.18295414144020966,Welvaart_Kwetsbaarheid,weighted_mean,Welvaart
BU00860507,-0.33874977509923293,Welvaart_Kwetsbaarheid,weighted_mean,Welvaart
BU00860508,0.12219176936179801,Welvaart_Kwetsbaarheid,weighted_mean,Welvaart
WK008606,0.07435534235375794,Welvaart_Kwetsbaarheid,weighted_mean,Welvaart
BU00860601,-0.0018791445014271352,Welvaart_Kwetsbaarheid,weighted_mean,Welvaart
BU00860602,0.6910753287769118,Welvaart_Kwetsbaarheid,weighted_mean,Welvaart
WK008607,0.15376642143266483,Welvaart_Kwetsbaarheid,weighted_mean,Welvaart
BU00860701,0.4893053118402402,Welvaart_Kwetsbaarheid,weighted_mean,Welvaart
BU00860702,0.4861769113844355,Welvaart_Kwetsbaarheid,weighted_mean,Welvaart
WK008608,0.07444092471372063,Welvaart_Kwetsbaarheid,weighted_mean,Welvaart
BU00860801,0.02128045088919847,Welvaart_Kwetsbaarheid,weighted_mean,Welvaart
BU00860802,0.0998863024392248,Welvaart_Kwetsbaarheid,weighted_mean,Welvaart
WK008609,-0.019795823324295747,Welvaart_Kwetsbaarheid,weighted_mean,Welvaart
BU00860901,-0.027545377577910025,Welvaart_Kwetsbaarheid,weighted_mean,Welvaart
BU00860902,0.42836937235934686,Welvaart_Kwetsbaarheid,weighted_mean,Welvaart
WK008610,0.18928484566332393,Welvaart_Kwetsbaarheid,weighted_mean,Welvaart
BU00861001,-0.14176994978389715,Welvaart_Kwetsbaarheid,weighted_mean,Welvaart
BU00861002,0.6783020474395631,Welvaart_Kwetsbaarheid,weighted_mean,Welvaart
WK008611,0.030155944618478467,Welvaart_Kwetsbaarheid,weighted_mean,Welvaart
BU00861101,0.011309729424070505,Welvaart_Kwetsbaarheid,weighted_mean,Welvaart
BU00861102,0.3893320209876653,Welvaart_Kwetsbaarheid,weighted_mean,Welvaart
WK008613,0.24185934670437198,Welvaart_Kwetsbaarheid,weighted_mean,Welvaart
BU00861301,-0.055671991369476426,Welvaart_Kwetsbaarheid,weighted_mean,Welvaart
BU00861302,0.3933342574517753,Welvaart_Kwetsbaarheid,weighted_mean,Welvaart
WK008614,0.11168162681235523,Welvaart_Kwetsbaarheid,weighted_mean,Welvaart
BU00861401,-0.054745771466569476,Welvaart_Kwetsbaarheid,weighted_mean,Welvaart
BU00861402,0.4535015806209251,Welvaart_Kwetsbaarheid,weighted_mean,Welvaart
WK008615,-0.06048483058692677,Welvaart_Kwetsbaarheid,weighted_mean,Welvaart
BU00861501,-0.1965480376915879,Welvaart_Kwetsbaarheid,weighted_mean,Welvaart
BU00861502,0.35580819016824217,Welvaart_Kwetsbaarheid,weighted_mean,Welvaart
WK008616,-0.06321457755866337,Welvaart_Kwetsbaarheid,weighted_mean,Welvaart
BU00861601,-0.08341209562653479,Welvaart_Kwetsbaarheid,weighted_mean,Welvaart
BU00861602,-0.18188853449673506,Welvaart_Kwetsbaarheid,weighted_mean,Welvaart
BU00861603,0.1765738588967743,Welvaart_Kwetsbaarheid,weighted_mean,Welvaart
BU00861604,0.18469517279114644,Welvaart_Kwetsbaarheid,weighted_mean,Welvaart
BU00861605,-0.18596142253133183,Welvaart_Kwetsbaarheid,weighted_mean,Welvaart
BU00861606,-0.13071433615970157,Welvaart_Kwetsbaarheid,weighted_mean,Welvaart
BU00861607,0.16193158509935693,Welvaart_Kwetsbaarheid,weighted_mean,Welvaart
WK008617,0.11426444111430133,Welvaart_Kwetsbaarheid,weighted_mean,Welvaart
BU00861701,0.30853544796478954,Welvaart_Kwetsbaarheid,weighted_mean,Welvaart
BU00861702,-0.07464907772245974,Welvaart_Kwetsbaarheid,weighted_mean,Welvaart
BU00861703,0.25097741488126657,Welvaart_Kwetsbaarheid,weighted_mean,Welvaart
GM0088,-0.21428129698452275,Welvaart_Kwetsbaarheid,weighted_mean,Welvaart
WK008800,-0.08877024688408398,Welvaart_Kwetsbaarheid,weighted_mean,Welvaart
BU00880000,-0.028863719483761104,Welvaart_Kwetsbaarheid,weighted_mean,Welvaart
BU00880009,0.17175685535181523,Welvaart_Kwetsbaarheid,weighted_mean,Welvaart
GM0090,-0.07688210615977095,Welvaart_Kwetsbaarheid,weighted_mean,Welvaart
WK009001,-0.024129567807148422,Welvaart_Kwetsbaarheid,weighted_mean,Welvaart
BU00900101,-0.3931787976168493,Welvaart_Kwetsbaarheid,weighted_mean,Welvaart
WK009002,-0.4675298365044907,Welvaart_Kwetsbaarheid,weighted_mean,Welvaart
BU00900201,0.493796336625401,Welvaart_Kwetsbaarheid,weighted_mean,Welvaart
BU00900202,0.17745971176066455,Welvaart_Kwetsbaarheid,weighted_mean,Welvaart
BU00900203,0.18845902730556874,Welvaart_Kwetsbaarheid,weighted_mean,Welvaart
BU00900204,0.08084539639478949,Welvaart_Kwetsbaarheid,weighted_mean,Welvaart
BU00900205,0.25345031047984445,Welvaart_Kwetsbaarheid,weighted_mean,Welvaart
BU00900206,-0.5226022738054251,Welvaart_Kwetsbaarheid,weighted_mean,Welvaart
WK009003,-0.2354551570986927,Welvaart_Kwetsbaarheid,weighted_mean,Welvaart
BU00900301,-0.4891780001738497,Welvaart_Kwetsbaarheid,weighted_mean,Welvaart
BU00900302,-0.6032958989522302,Welvaart_Kwetsbaarheid,weighted_mean,Welvaart
BU00900303,-0.6442793308463991,Welvaart_Kwetsbaarheid,weighted_mean,Welvaart
BU00900304,-0.4251913270947233,Welvaart_Kwetsbaarheid,weighted_mean,Welvaart
WK009004,-0.19191424369077212,Welvaart_Kwetsbaarheid,weighted_mean,Welvaart
BU00900401,-0.08341907312436732,Welvaart_Kwetsbaarheid,weighted_mean,Welvaart
BU00900402,0.07607100227674295,Welvaart_Kwetsbaarheid,weighted_mean,Welvaart
BU00900403,-0.3939776068065444,Welvaart_Kwetsbaarheid,weighted_mean,Welvaart
BU00900404,-0.36922914683051006,Welvaart_Kwetsbaarheid,weighted_mean,Welvaart
BU00900405,-0.16775102944008177,Welvaart_Kwetsbaarheid,weighted_mean,Welvaart
BU00900406,-0.4424699166634639,Welvaart_Kwetsbaarheid,weighted_mean,Welvaart
WK009005,0.38780529715883877,Welvaart_Kwetsbaarheid,weighted_mean,Welvaart
BU00900501,0.13281279879234054,Welvaart_Kwetsbaarheid,weighted_mean,Welvaart
BU00900502,0.16434396004608334,Welvaart_Kwetsbaarheid,weighted_mean,Welvaart
WK009006,-0.33122290412356176,Welvaart_Kwetsbaarheid,weighted_mean,Welvaart
BU00900601,-0.057243979603369355,Welvaart_Kwetsbaarheid,weighted_mean,Welvaart
BU00900602,-0.28659069020402184,Welvaart_Kwetsbaarheid,weighted_mean,Welvaart
BU00900603,0.146983966673285,Welvaart_Kwetsbaarheid,weighted_mean,Welvaart
WK009007,-0.12168918347201929,Welvaart_Kwetsbaarheid,weighted_mean,Welvaart
BU00900701,-0.4760818421671454,Welvaart_Kwetsbaarheid,weighted_mean,Welvaart
BU00900702,-0.1174931739138692,Welvaart_Kwetsbaarheid,weighted_mean,Welvaart
BU00900703,-0.5758162907672104,Welvaart_Kwetsbaarheid,weighted_mean,Welvaart
BU00900704,-0.21499227301788582,Welvaart_Kwetsbaarheid,weighted_mean,Welvaart
BU00900705,0.19761935562899227,Welvaart_Kwetsbaarheid,weighted_mean,Welvaart
BU00900706,-0.0654336922285296,Welvaart_Kwetsbaarheid,weighted_mean,Welvaart
WK009008,-0.04545161048973248,Welvaart_Kwetsbaarheid,weighted_mean,Welvaart
BU00900801,-0.17036001232226916,Welvaart_Kwetsbaarheid,weighted_mean,Welvaart
BU00900802,-0.09167238499670771,Welvaart_Kwetsbaarheid,weighted_mean,Welvaart
BU00900803,-0.05486719910077564,Welvaart_Kwetsbaarheid,weighted_mean,Welvaart
WK009009,-0.25336969247967245,Welvaart_Kwetsbaarheid,weighted_mean,Welvaart
BU00900901,0.07711771211301677,Welvaart_Kwetsbaarheid,weighted_mean,Welvaart
BU00900902,-0.14810425515829662,Welvaart_Kwetsbaarheid,weighted_mean,Welvaart
BU00900903,0.06299826333392278,Welvaart_Kwetsbaarheid,weighted_mean,Welvaart
BU00900904,-0.32620882701580367,Welvaart_Kwetsbaarheid,weighted_mean,Welvaart
WK009010,-0.21451939696346878,Welvaart_Kwetsbaarheid,weighted_mean,Welvaart
BU00901001,0.5318449395008366,Welvaart_Kwetsbaarheid,weighted_mean,Welvaart
BU00901002,0.47097839965590005,Welvaart_Kwetsbaarheid,weighted_mean,Welvaart
BU00901003,0.5180957950697064,Welvaart_Kwetsbaarheid,weighted_mean,Welvaart
BU00901004,0.4888522874163693,Welvaart_Kwetsbaarheid,weighted_mean,Welvaart
WK009011,0.10190345602608088,Welvaart_Kwetsbaarheid,weighted_mean,Welvaart
BU00901101,0.25402042041909545,Welvaart_Kwetsbaarheid,weighted_mean,Welvaart
WK009012,0.16724087128058684,Welvaart_Kwetsbaarheid,weighted_mean,Welvaart
BU00901201,-0.19036268106244597,Welvaart_Kwetsbaarheid,weighted_mean,Welvaart
BU00901202,-0.0112892163353049,Welvaart_Kwetsbaarheid,weighted_mean,Welvaart
WK009013,-0.27755413684819075,Welvaart_Kwetsbaarheid,weighted_mean,Welvaart
BU00901301,-0.32788990612670993,Welvaart_Kwetsbaarheid,weighted_mean,Welvaart
BU00901302,0.04518851525362394,Welvaart_Kwetsbaarheid,weighted_mean,Welvaart
BU00901303,-0.004646121444737056,Welvaart_Kwetsbaarheid,weighted_mean,Welvaart
WK009021,-0.011608339078540642,Welvaart_Kwetsbaarheid,weighted_mean,Welvaart
BU00902104,-0.20644779219575568,Welvaart_Kwetsbaarheid,weighted_mean,Welvaart
BU00902105,-0.011844247020892373,Welvaart_Kwetsbaarheid,weighted_mean,Welvaart
BU00902109,0.03342106099330504,Welvaart_Kwetsbaarheid,weighted_mean,Welvaart
BU00902110,-0.11491745819305624,Welvaart_Kwetsbaarheid,weighted_mean,Welvaart
BU00902114,0.13679366542423524,Welvaart_Kwetsbaarheid,weighted_mean,Welvaart
WK009022,0.16790348745543435,Welvaart_Kwetsbaarheid,weighted_mean,Welvaart
BU00902201,0.50652552591986,Welvaart_Kwetsbaarheid,weighted_mean,Welvaart
BU00902202,0.5594595010696655,Welvaart_Kwetsbaarheid,weighted_mean,Welvaart
BU00902203,0.8629452886496789,Welvaart_Kwetsbaarheid,weighted_mean,Welvaart
BU00902206,0.06838137801754034,Welvaart_Kwetsbaarheid,weighted_mean,Welvaart
BU00902212,0.6358918387371822,Welvaart_Kwetsbaarheid,weighted_mean,Welvaart
BU00902213,0.670536887481661,Welvaart_Kwetsbaarheid,weighted_mean,Welvaart
BU00902215,0.3843412456864736,Welvaart_Kwetsbaarheid,weighted_mean,Welvaart
BU00902216,0.6011590707431037,Welvaart_Kwetsbaarheid,weighted_mean,Welvaart
WK009023,-0.016570089821418596,Welvaart_Kwetsbaarheid,weighted_mean,Welvaart
BU00902307,-0.08624976683416796,Welvaart_Kwetsbaarheid,weighted_mean,Welvaart
BU00902308,0.1645169212390367,Welvaart_Kwetsbaarheid,weighted_mean,Welvaart
BU00902311,-0.057051009431602275,Welvaart_Kwetsbaarheid,weighted_mean,Welvaart
GM1900,-0.14636843701134963,Welvaart_Kwetsbaarheid,weighted_mean,Welvaart
WK190000,-0.25260715347901586,Welvaart_Kwetsbaarheid,weighted_mean,Welvaart
BU19000000,-0.2393285073232609,Welvaart_Kwetsbaarheid,weighted_mean,Welvaart
BU19000001,0.20006380830915177,Welvaart_Kwetsbaarheid,weighted_mean,Welvaart
BU19000002,-0.3029435454516184,Welvaart_Kwetsbaarheid,weighted_mean,Welvaart
BU19000003,-0.7052648957881986,Welvaart_Kwetsbaarheid,weighted_mean,Welvaart
BU19000004,-0.3322522882784812,Welvaart_Kwetsbaarheid,weighted_mean,Welvaart
BU19000009,0.18791641680393445,Welvaart_Kwetsbaarheid,weighted_mean,Welvaart
WK190001,-0.26672660225810985,Welvaart_Kwetsbaarheid,weighted_mean,Welvaart
BU19000101,0.3002262613888267,Welvaart_Kwetsbaarheid,weighted_mean,Welvaart
BU19000102,0.02413953607367153,Welvaart_Kwetsbaarheid,weighted_mean,Welvaart
BU19000103,-0.08832984344488673,Welvaart_Kwetsbaarheid,weighted_mean,Welvaart
BU19000104,-0.09698212958531932,Welvaart_Kwetsbaarheid,weighted_mean,Welvaart
BU19000105,0.732055001630778,Welvaart_Kwetsbaarheid,weighted_mean,Welvaart
BU19000106,-0.3978029108550935,Welvaart_Kwetsbaarheid,weighted_mean,Welvaart
BU19000107,-0.4056112669959839,Welvaart_Kwetsbaarheid,weighted_mean,Welvaart
BU19000108,-0.24067106516259318,Welvaart_Kwetsbaarheid,weighted_mean,Welvaart
BU19000109,-0.1340553565872527,Welvaart_Kwetsbaarheid,weighted_mean,Welvaart
BU19000110,-0.25010388157611607,Welvaart_Kwetsbaarheid,weighted_mean,Welvaart
BU19000111,-0.010655205852504263,Welvaart_Kwetsbaarheid,weighted_mean,Welvaart
BU19000112,0.020326449554916415,Welvaart_Kwetsbaarheid,weighted_mean,Welvaart
BU19000113,0.10528471259801747,Welvaart_Kwetsbaarheid,weighted_mean,Welvaart
BU19000114,0.45508873543780526,Welvaart_Kwetsbaarheid,weighted_mean,Welvaart
BU19000115,0.459386857492161,Welvaart_Kwetsbaarheid,weighted_mean,Welvaart
BU19000116,-0.005448158030842587,Welvaart_Kwetsbaarheid,weighted_mean,Welvaart
BU19000117,-0.20256876175131633,Welvaart_Kwetsbaarheid,weighted_mean,Welvaart
BU19000118,0.06536117040085271,Welvaart_Kwetsbaarheid,weighted_mean,Welvaart
BU19000119,0.3561931078915635,Welvaart_Kwetsbaarheid,weighted_mean,Welvaart
BU19000120,-0.1113810815796373,Welvaart_Kwetsbaarheid,weighted_mean,Welvaart
WK190002,-0.21032247932725953,Welvaart_Kwetsbaarheid,weighted_mean,Welvaart
BU19000200,-0.17450947736893285,Welvaart_Kwetsbaarheid,weighted_mean,Welvaart
BU19000201,0.1766150412725522,Welvaart_Kwetsbaarheid,weighted_mean,Welvaart
BU19000202,-0.32528940767427356,Welvaart_Kwetsbaarheid,weighted_mean,Welvaart
BU19000208,-0.007226769953500897,Welvaart_Kwetsbaarheid,weighted_mean,Welvaart
BU19000209,0.7547319062084368,Welvaart_Kwetsbaarheid,weighted_mean,Welvaart
WK190003,-0.14668236611033375,Welvaart_Kwetsbaarheid,weighted_mean,Welvaart
BU19000300,-0.20142380930655066,Welvaart_Kwetsbaarheid,weighted_mean,Welvaart
BU19000301,0.10307093619462719,Welvaart_Kwetsbaarheid,weighted_mean,Welvaart
BU19000302,0.08693781016884233,Welvaart_Kwetsbaarheid,weighted_mean,Welvaart
BU19000308,0.05335240913339662,Welvaart_Kwetsbaarheid,weighted_mean,Welvaart
BU19000309,0.01331610159559829,Welvaart_Kwetsbaarheid,weighted_mean,Welvaart
WK190004,-0.1763946216686169,Welvaart_Kwetsbaarheid,weighted_mean,Welvaart
BU19000400,-0.11730892859564981,Welvaart_Kwetsbaarheid,weighted_mean,Welvaart
BU19000401,-0.05297141482136906,Welvaart_Kwetsbaarheid,weighted_mean,Welvaart
BU19000402,0.05779380750668761,Welvaart_Kwetsbaarheid,weighted_mean,Welvaart
BU19000403,-0.23027260018735424,Welvaart_Kwetsbaarheid,weighted_mean,Welvaart
BU19000408,0.38022362210263494,Welvaart_Kwetsbaarheid,weighted_mean,Welvaart
BU19000409,0.3158454091481239,Welvaart_Kwetsbaarheid,weighted_mean,Welvaart
WK190005,-0.15393880485068323,Welvaart_Kwetsbaarheid,weighted_mean,Welvaart
BU19000500,-0.3469990760028915,Welvaart_Kwetsbaarheid,weighted_mean,Welvaart
BU19000501,-0.018117865502948333,Welvaart_Kwetsbaarheid,weighted_mean,Welvaart
BU19000502,-0.38195687998934913,Welvaart_Kwetsbaarheid,weighted_mean,Welvaart
BU19000503,0.49338575637656484,Welvaart_Kwetsbaarheid,weighted_mean,Welvaart
WK190006,-0.12844372650979216,Welvaart_Kwetsbaarheid,weighted_mean,Welvaart
BU19000600,-0.14004921002522178,Welvaart_Kwetsbaarheid,weighted_mean,Welvaart
BU19000602,-0.35414689668921245,Welvaart_Kwetsbaarheid,weighted_mean,Welvaart
BU19000603,-0.07234960913204866,Welvaart_Kwetsbaarheid,weighted_mean,Welvaart
BU19000607,0.5923876812510496,Welvaart_Kwetsbaarheid,weighted_mean,Welvaart
BU19000608,0.1841291229310386,Welvaart_Kwetsbaarheid,weighted_mean,Welvaart
BU19000609,0.05630372565522214,Welvaart_Kwetsbaarheid,weighted_mean,Welvaart
WK190007,-0.05149615402252084,Welvaart_Kwetsbaarheid,weighted_mean,Welvaart
BU19000700,-0.2668850355766385,Welvaart_Kwetsbaarheid,weighted_mean,Welvaart
BU19000701,-0.011442143162861088,Welvaart_Kwetsbaarheid,weighted_mean,Welvaart
BU19000702,-0.12136659483855171,Welvaart_Kwetsbaarheid,weighted_mean,Welvaart
BU19000706,0.13880542438112037,Welvaart_Kwetsbaarheid,weighted_mean,Welvaart
BU19000707,0.5201743200827644,Welvaart_Kwetsbaarheid,weighted_mean,Welvaart
BU19000708,0.7752020916493225,Welvaart_Kwetsbaarheid,weighted_mean,Welvaart
WK190008,-0.0632593037385846,Welvaart_Kwetsbaarheid,weighted_mean,Welvaart
BU19000800,-0.40522961294609716,Welvaart_Kwetsbaarheid,weighted_mean,Welvaart
BU19000801,-0.3661560888691888,Welvaart_Kwetsbaarheid,weighted_mean,Welvaart
BU19000802,0.22364562686557385,Welvaart_Kwetsbaarheid,weighted_mean,Welvaart
BU19000804,0.10035577790230289,Welvaart_Kwetsbaarheid,weighted_mean,Welvaart
BU19000808,0.2890270166547557,Welvaart_Kwetsbaarheid,weighted_mean,Welvaart
BU19000809,-0.1679195580529784,Welvaart_Kwetsbaarheid,weighted_mean,Welvaart
WK190009,-0.018838258468439797,Welvaart_Kwetsbaarheid,weighted_mean,Welvaart
BU19000900,-0.26123893318827074,Welvaart_Kwetsbaarheid,weighted_mean,Welvaart
BU19000901,-0.24838517706084504,Welvaart_Kwetsbaarheid,weighted_mean,Welvaart
BU19000902,-0.18655226469784253,Welvaart_Kwetsbaarheid,weighted_mean,Welvaart
BU19000903,0.1502620457991034,Welvaart_Kwetsbaarheid,weighted_mean,Welvaart
BU19000904,-0.3516301150503256,Welvaart_Kwetsbaarheid,weighted_mean,Welvaart
BU19000905,-0.08420553276596682,Welvaart_Kwetsbaarheid,weighted_mean,Welvaart
BU19000906,0.05651764471193915,Welvaart_Kwetsbaarheid,weighted_mean,Welvaart
BU19000907,-0.06894504420455475,Welvaart_Kwetsbaarheid,weighted_mean,Welvaart
BU19000908,0.0807797136099499,Welvaart_Kwetsbaarheid,weighted_mean,Welvaart
BU19000909,0.3170569128424083,Welvaart_Kwetsbaarheid,weighted_mean,Welvaart
WK190010,-0.0179660608904771,Welvaart_Kwetsbaarheid,weighted_mean,Welvaart
BU19001000,-0.020095076688881996,Welvaart_Kwetsbaarheid,weighted_mean,Welvaart
BU19001001,-0.22626214787857105,Welvaart_Kwetsbaarheid,weighted_mean,Welvaart
BU19001002,-0.27235506143826177,Welvaart_Kwetsbaarheid,weighted_mean,Welvaart
BU19001003,-0.3686036723299747,Welvaart_Kwetsbaarheid,weighted_mean,Welvaart
BU19001007,0.3265390097147598,Welvaart_Kwetsbaarheid,weighted_mean,Welvaart
BU19001008,0.27149757491612003,Welvaart_Kwetsbaarheid,weighted_mean,Welvaart
WK190011,-0.14724270716102617,Welvaart_Kwetsbaarheid,weighted_mean,Welvaart
BU19001100,-0.12746600665613916,Welvaart_Kwetsbaarheid,weighted_mean,Welvaart
BU19001101,0.4663234151419507,Welvaart_Kwetsbaarheid,weighted_mean,Welvaart
BU19001108,-0.029996690951903396,Welvaart_Kwetsbaarheid,weighted_mean,Welvaart
BU19001109,0.29429292467530677,Welvaart_Kwetsbaarheid,weighted_mean,Welvaart
WK190012,0.038109755559741734,Welvaart_Kwetsbaarheid,weighted_mean,Welvaart
BU19001200,-0.15163209164201263,Welvaart_Kwetsbaarheid,weighted_mean,Welvaart
BU19001201,0.42763603259279814,Welvaart_Kwetsbaarheid,weighted_mean,Welvaart
BU19001202,0.6899555021041368,Welvaart_Kwetsbaarheid,weighted_mean,Welvaart
BU19001203,-0.14121717492999353,Welvaart_Kwetsbaarheid,weighted_mean,Welvaart
BU19001204,0.20608885728088935,Welvaart_Kwetsbaarheid,weighted_mean,Welvaart
BU19001208,-0.198528697974847,Welvaart_Kwetsbaarheid,weighted_mean,Welvaart
BU19001209,1.2093255426741527,Welvaart_Kwetsbaarheid,weighted_mean,Welvaart
WK190013,-0.2026891064378953,Welvaart_Kwetsbaarheid,weighted_mean,Welvaart
BU19001300,-0.3399900865957429,Welvaart_Kwetsbaarheid,weighted_mean,Welvaart
BU19001301,-0.4375853708806284,Welvaart_Kwetsbaarheid,weighted_mean,Welvaart
BU19001302,-0.3359618385191803,Welvaart_Kwetsbaarheid,weighted_mean,Welvaart
BU19001303,-0.2665056594951851,Welvaart_Kwetsbaarheid,weighted_mean,Welvaart
BU19001306,0.3910617511312807,Welvaart_Kwetsbaarheid,weighted_mean,Welvaart
BU19001307,0.3292217774092129,Welvaart_Kwetsbaarheid,weighted_mean,Welvaart
BU19001308,0.3443218448795727,Welvaart_Kwetsbaarheid,weighted_mean,Welvaart
BU19001309,0.5137549272163846,Welvaart_Kwetsbaarheid,weighted_mean,Welvaart
WK190014,0.09186449953102173,Welvaart_Kwetsbaarheid,weighted_mean,Welvaart
BU19001400,-0.33914101010340036,Welvaart_Kwetsbaarheid,weighted_mean,Welvaart
BU19001401,-0.3746319937119095,Welvaart_Kwetsbaarheid,weighted_mean,Welvaart
BU19001402,0.012923377461041774,Welvaart_Kwetsbaarheid,weighted_mean,Welvaart
BU19001403,0.05568433864736792,Welvaart_Kwetsbaarheid,weighted_mean,Welvaart
BU19001404,-0.17963384312477643,Welvaart_Kwetsbaarheid,weighted_mean,Welvaart
BU19001405,-0.06047409629730162,Welvaart_Kwetsbaarheid,weighted_mean,Welvaart
BU19001406,-0.15444358002458006,Welvaart_Kwetsbaarheid,weighted_mean,Welvaart
BU19001407,0.01966705059549595,Welvaart_Kwetsbaarheid,weighted_mean,Welvaart
BU19001408,0.1152755242171741,Welvaart_Kwetsbaarheid,weighted_mean,Welvaart
BU19001409,0.1378264593506578,Welvaart_Kwetsbaarheid,weighted_mean,Welvaart
WK190015,0.08947304237893038,Welvaart_Kwetsbaarheid,weighted_mean,Welvaart
BU19001500,-0.3529681006461772,Welvaart_Kwetsbaarheid,weighted_mean,Welvaart
BU19001501,-0.09608408106707375,Welvaart_Kwetsbaarheid,weighted_mean,Welvaart
BU19001502,0.064362756703842,Welvaart_Kwetsbaarheid,weighted_mean,Welvaart
BU19001503,-0.14676805417316452,Welvaart_Kwetsbaarheid,weighted_mean,Welvaart
BU19001509,-0.48945943607445175,Welvaart_Kwetsbaarheid,weighted_mean,Welvaart
WK190016,0.06302230237115565,Welvaart_Kwetsbaarheid,weighted_mean,Welvaart
BU19001600,-0.24419792221975764,Welvaart_Kwetsbaarheid,weighted_mean,Welvaart
BU19001601,0.22579342872362915,Welvaart_Kwetsbaarheid,weighted_mean,Welvaart
BU19001602,-0.2965112819635979,Welvaart_Kwetsbaarheid,weighted_mean,Welvaart
BU19001603,-0.2858274756302701,Welvaart_Kwetsbaarheid,weighted_mean,Welvaart
BU19001604,-0.5400429955611036,Welvaart_Kwetsbaarheid,weighted_mean,Welvaart
BU19001606,0.09411742621329866,Welvaart_Kwetsbaarheid,weighted_mean,Welvaart
BU19001607,0.20546181816185083,Welvaart_Kwetsbaarheid,weighted_mean,Welvaart
BU19001608,0.6552813213096635,Welvaart_Kwetsbaarheid,weighted_mean,Welvaart
WK190017,-0.21855978367699513,Welvaart_Kwetsbaarheid,weighted_mean,Welvaart
BU19001700,-0.297172180435215,Welvaart_Kwetsbaarheid,weighted_mean,Welvaart
BU19001709,0.36681845612701103,Welvaart_Kwetsbaarheid,weighted_mean,Welvaart
WK190018,0.12292838175365475,Welvaart_Kwetsbaarheid,weighted_mean,Welvaart
BU19001800,0.5228470044135953,Welvaart_Kwetsbaarheid,weighted_mean,Welvaart
BU19001801,0.16513447276249466,Welvaart_Kwetsbaarheid,weighted_mean,Welvaart
BU19001802,0.23316212126316108,Welvaart_Kwetsbaarheid,weighted_mean,Welvaart
BU19001803,-0.0914811787972491,Welvaart_Kwetsbaarheid,weighted_mean,Welvaart
BU19001804,-0.0861685417912304,Welvaart_Kwetsbaarheid,weighted_mean,Welvaart
BU19001808,0.3205334184907959,Welvaart_Kwetsbaarheid,weighted_mean,Welvaart
BU19001809,0.30145550909253105,Welvaart_Kwetsbaarheid,weighted_mean,Welvaart
WK190019,-0.01705722510033139,Welvaart_Kwetsbaarheid,weighted_mean,Welvaart
BU19001900,-0.2354134247621853,Welvaart_Kwetsbaarheid,weighted_mean,Welvaart
BU19001901,-0.12503444815690293,Welvaart_Kwetsbaarheid,weighted_mean,Welvaart
BU19001902,-0.12775005922382549,Welvaart_Kwetsbaarheid,weighted_mean,Welvaart
BU19001903,-0.12132782770689163,Welvaart_Kwetsbaarheid,weighted_mean,Welvaart
BU19001904,-0.059394881181391745,Welvaart_Kwetsbaarheid,weighted_mean,Welvaart
WK190020,-0.12784394111778175,Welvaart_Kwetsbaarheid,weighted_mean,Welvaart
BU19002001,-0.276601392256672,Welvaart_Kwetsbaarheid,weighted_mean,Welvaart
BU19002002,-0.3511055554079004,Welvaart_Kwetsbaarheid,weighted_mean,Welvaart
BU19002003,0.3758025498395124,Welvaart_Kwetsbaarheid,weighted_mean,Welvaart
BU19002004,-0.23302833467744555,Welvaart_Kwetsbaarheid,weighted_mean,Welvaart
BU19002005,-0.4950992961674181,Welvaart_Kwetsbaarheid,weighted_mean,Welvaart
BU19002006,-0.11219983706340982,Welvaart_Kwetsbaarheid,weighted_mean,Welvaart
BU19002007,-0.32947744143706004,Welvaart_Kwetsbaarheid,weighted_mean,Welvaart
BU19002008,-0.18398190490444868,Welvaart_Kwetsbaarheid,weighted_mean,Welvaart
BU19002009,0.0722175048573584,Welvaart_Kwetsbaarheid,weighted_mean,Welvaart
BU19002010,0.18473258503014037,Welvaart_Kwetsbaarheid,weighted_mean,Welvaart
BU19002011,-0.14778855055619564,Welvaart_Kwetsbaarheid,weighted_mean,Welvaart
BU19002012,-0.10042981165047302,Welvaart_Kwetsbaarheid,weighted_mean,Welvaart
BU19002013,0.011235402454864485,Welvaart_Kwetsbaarheid,weighted_mean,Welvaart
BU19002014,0.2885772171547176,Welvaart_Kwetsbaarheid,weighted_mean,Welvaart
BU19002015,0.00850389979291874,Welvaart_Kwetsbaarheid,weighted_mean,Welvaart
BU19002016,-0.07664157095902652,Welvaart_Kwetsbaarheid,weighted_mean,Welvaart
BU19002017,-0.24769029496185613,Welvaart_Kwetsbaarheid,weighted_mean,Welvaart
BU19002018,-0.374625796888414,Welvaart_Kwetsbaarheid,weighted_mean,Welvaart
BU19002019,0.26829888112130995,Welvaart_Kwetsbaarheid,weighted_mean,Welvaart
GM0093,-0.08384875445845684,Welvaart_Kwetsbaarheid,weighted_mean,Welvaart
WK009300,-0.28841040920760824,Welvaart_Kwetsbaarheid,weighted_mean,Welvaart
BU00930000,-0.05728317627321856,Welvaart_Kwetsbaarheid,weighted_mean,Welvaart
BU00930002,1.4924084701557094,Welvaart_Kwetsbaarheid,weighted_mean,Welvaart
WK009301,-0.12182511454699782,Welvaart_Kwetsbaarheid,weighted_mean,Welvaart
BU00930110,0.201633108379139,Welvaart_Kwetsbaarheid,weighted_mean,Welvaart
BU00930111,0.6834226276872477,Welvaart_Kwetsbaarheid,weighted_mean,Welvaart
BU00930112,0.6666976704089729,Welvaart_Kwetsbaarheid,weighted_mean,Welvaart
WK009302,0.3071586610754763,Welvaart_Kwetsbaarheid,weighted_mean,Welvaart
BU00930213,0.741918432154535,Welvaart_Kwetsbaarheid,weighted_mean,Welvaart
BU00930214,0.6474227201067765,Welvaart_Kwetsbaarheid,weighted_mean,Welvaart
BU00930215,0.026210452239968086,Welvaart_Kwetsbaarheid,weighted_mean,Welvaart
WK009303,0.4782164357882411,Welvaart_Kwetsbaarheid,weighted_mean,Welvaart
BU00930316,0.7519886966479007,Welvaart_Kwetsbaarheid,weighted_mean,Welvaart
BU00930317,0.12540277614705608,Welvaart_Kwetsbaarheid,weighted_mean,Welvaart
WK009304,0.05798111835208189,Welvaart_Kwetsbaarheid,weighted_mean,Welvaart
BU00930418,0.49361502503854116,Welvaart_Kwetsbaarheid,weighted_mean,Welvaart
BU00930419,0.37075091544229477,Welvaart_Kwetsbaarheid,weighted_mean,Welvaart
BU00930420,0.7711385157992986,Welvaart_Kwetsbaarheid,weighted_mean,Welvaart
WK009305,0.2303680996720626,Welvaart_Kwetsbaarheid,weighted_mean,Welvaart
BU00930521,0.37059725286417877,Welvaart_Kwetsbaarheid,weighted_mean,Welvaart
BU00930522,0.0012884690538754462,Welvaart_Kwetsbaarheid,weighted_mean,Welvaart
BU00930523,0.5229299990422898,Welvaart_Kwetsbaarheid,weighted_mean,Welvaart
GM0737,-0.09237646938197805,Welvaart_Kwetsbaarheid,weighted_mean,Welvaart
WK073700,-0.172491811430497,Welvaart_Kwetsbaarheid,weighted_mean,Welvaart
BU07370000,-0.3206903952789721,Welvaart_Kwetsbaarheid,weighted_mean,Welvaart
BU07370009,0.2308835356093357,Welvaart_Kwetsbaarheid,weighted_mean,Welvaart
WK073701,-0.2075970267854898,Welvaart_Kwetsbaarheid,weighted_mean,Welvaart
BU07370100,-0.4460899687038522,Welvaart_Kwetsbaarheid,weighted_mean,Welvaart
BU07370101,-0.4075279946498011,Welvaart_Kwetsbaarheid,weighted_mean,Welvaart
BU07370102,-0.07323249060429915,Welvaart_Kwetsbaarheid,weighted_mean,Welvaart
BU07370108,0.16907064087236556,Welvaart_Kwetsbaarheid,weighted_mean,Welvaart
BU07370109,-0.854662290372997,Welvaart_Kwetsbaarheid,weighted_mean,Welvaart
WK073702,-0.13848100028187504,Welvaart_Kwetsbaarheid,weighted_mean,Welvaart
BU07370200,-0.12431309801604853,Welvaart_Kwetsbaarheid,weighted_mean,Welvaart
BU07370201,-0.2992260403357449,Welvaart_Kwetsbaarheid,weighted_mean,Welvaart
BU07370208,0.041977183291595624,Welvaart_Kwetsbaarheid,weighted_mean,Welvaart
BU07370209,-0.11164903506465268,Welvaart_Kwetsbaarheid,weighted_mean,Welvaart
WK073703,-0.14701069615034884,Welvaart_Kwetsbaarheid,weighted_mean,Welvaart
BU07370300,-0.053578965868952035,Welvaart_Kwetsbaarheid,weighted_mean,Welvaart
BU07370309,0.5206986934621473,Welvaart_Kwetsbaarheid,weighted_mean,Welvaart
WK073704,0.014454484524871025,Welvaart_Kwetsbaarheid,weighted_mean,Welvaart
BU07370400,-0.4768153518767153,Welvaart_Kwetsbaarheid,weighted_mean,Welvaart
BU07370401,-0.10588802873683752,Welvaart_Kwetsbaarheid,weighted_mean,Welvaart
BU07370408,-0.043221368223755385,Welvaart_Kwetsbaarheid,weighted_mean,Welvaart
BU07370409,0.21976225541429703,Welvaart_Kwetsbaarheid,weighted_mean,Welvaart
WK073705,0.014993245312090099,Welvaart_Kwetsbaarheid,weighted_mean,Welvaart
BU07370500,-0.1380419422482695,Welvaart_Kwetsbaarheid,weighted_mean,Welvaart
BU07370501,-0.42703276082636077,Welvaart_Kwetsbaarheid,weighted_mean,Welvaart
BU07370508,0.3276145816122738,Welvaart_Kwetsbaarheid,weighted_mean,Welvaart
BU07370509,0.5377555546386381,Welvaart_Kwetsbaarheid,weighted_mean,Welvaart
WK073706,0.0003579132872116794,Welvaart_Kwetsbaarheid,weighted_mean,Welvaart
BU07370600,-0.18214692814608197,Welvaart_Kwetsbaarheid,weighted_mean,Welvaart
BU07370609,0.3195045913483247,Welvaart_Kwetsbaarheid,weighted_mean,Welvaart
WK073707,-0.010835390149258148,Welvaart_Kwetsbaarheid,weighted_mean,Welvaart
BU07370700,-0.1480489467878191,Welvaart_Kwetsbaarheid,weighted_mean,Welvaart
BU07370701,-0.14308626296367621,Welvaart_Kwetsbaarheid,weighted_mean,Welvaart
BU07370708,0.25221424768979495,Welvaart_Kwetsbaarheid,weighted_mean,Welvaart
BU07370709,0.22679211105692793,Welvaart_Kwetsbaarheid,weighted_mean,Welvaart
WK073708,-0.08715980865877578,Welvaart_Kwetsbaarheid,weighted_mean,Welvaart
BU07370800,-0.21665876437460105,Welvaart_Kwetsbaarheid,weighted_mean,Welvaart
BU07370809,0.09156442574890068,Welvaart_Kwetsbaarheid,weighted_mean,Welvaart
WK073709,-0.29384278148219006,Welvaart_Kwetsbaarheid,weighted_mean,Welvaart
BU07370900,-0.46743616099647073,Welvaart_Kwetsbaarheid,weighted_mean,Welvaart
BU07370909,-0.2528270190381645,Welvaart_Kwetsbaarheid,weighted_mean,Welvaart
GM0096,-0.20740672476895755,Welvaart_Kwetsbaarheid,weighted_mean,Welvaart
WK009600,-0.21358597261341347,Welvaart_Kwetsbaarheid,weighted_mean,Welvaart
BU00960000,0.04920284362047694,Welvaart_Kwetsbaarheid,weighted_mean,Welvaart
BU00960009,0.6776696885182079,Welvaart_Kwetsbaarheid,weighted_mean,Welvaart
GM1949,-0.2123643302807746,Welvaart_Kwetsbaarheid,weighted_mean,Welvaart
WK194915,-0.2961712336480695,Welvaart_Kwetsbaarheid,weighted_mean,Welvaart
BU19491500,0.23987690264732145,Welvaart_Kwetsbaarheid,weighted_mean,Welvaart
BU19491501,-0.4813682844496149,Welvaart_Kwetsbaarheid,weighted_mean,Welvaart
WK194916,-0.2615496663597869,Welvaart_Kwetsbaarheid,weighted_mean,Welvaart
BU19491600,-0.3528751114090674,Welvaart_Kwetsbaarheid,weighted_mean,Welvaart
BU19491601,0.5888061048936564,Welvaart_Kwetsbaarheid,weighted_mean,Welvaart
BU19491602,-0.4689951627132654,Welvaart_Kwetsbaarheid,weighted_mean,Welvaart
BU19491603,-0.4796913541604869,Welvaart_Kwetsbaarheid,weighted_mean,Welvaart
BU19491604,0.0024148642960930555,Welvaart_Kwetsbaarheid,weighted_mean,Welvaart
BU19491605,-0.10312424464303033,Welvaart_Kwetsbaarheid,weighted_mean,Welvaart
BU19491606,-0.5628230169817271,Welvaart_Kwetsbaarheid,weighted_mean,Welvaart
WK194917,-0.30081157859767715,Welvaart_Kwetsbaarheid,weighted_mean,Welvaart
BU19491700,-0.3854196128933396,Welvaart_Kwetsbaarheid,weighted_mean,Welvaart
WK194918,-0.3074881480266248,Welvaart_Kwetsbaarheid,weighted_mean,Welvaart
BU19491800,0.055643247255645095,Welvaart_Kwetsbaarheid,weighted_mean,Welvaart
BU19491801,-0.18045240509759547,Welvaart_Kwetsbaarheid,weighted_mean,Welvaart
BU19491802,-0.3018259718182283,Welvaart_Kwetsbaarheid,weighted_mean,Welvaart
BU19491803,-0.2567748921707466,Welvaart_Kwetsbaarheid,weighted_mean,Welvaart
BU19491804,-0.16574597089053802,Welvaart_Kwetsbaarheid,weighted_mean,Welvaart
WK194919,-0.2171937661616227,Welvaart_Kwetsbaarheid,weighted_mean,Welvaart
BU19491900,-0.038628868118880055,Welvaart_Kwetsbaarheid,weighted_mean,Welvaart
BU19491901,-0.3042751327146458,Welvaart_Kwetsbaarheid,weighted_mean,Welvaart
WK194920,-0.18782869076900788,Welvaart_Kwetsbaarheid,weighted_mean,Welvaart
BU19492000,-0.10932677249760547,Welvaart_Kwetsbaarheid,weighted_mean,Welvaart
BU19492001,-0.4820262123092106,Welvaart_Kwetsbaarheid,weighted_mean,Welvaart
WK194921,0.032719066822122986,Welvaart_Kwetsbaarheid,weighted_mean,Welvaart
BU19492100,-0.16032254044915453,Welvaart_Kwetsbaarheid,weighted_mean,Welvaart
WK194922,0.03791323315931534,Welvaart_Kwetsbaarheid,weighted_mean,Welvaart
BU19492200,0.2627355668541925,Welvaart_Kwetsbaarheid,weighted_mean,Welvaart
WK194923,-0.2858440993363441,Welvaart_Kwetsbaarheid,weighted_mean,Welvaart
BU19492300,0.1307882345445211,Welvaart_Kwetsbaarheid,weighted_mean,Welvaart
BU19492301,-0.30221289257938355,Welvaart_Kwetsbaarheid,weighted_mean,Welvaart
WK194924,-0.2177996715260861,Welvaart_Kwetsbaarheid,weighted_mean,Welvaart
BU19492400,-0.11856107644911529,Welvaart_Kwetsbaarheid,weighted_mean,Welvaart
BU19492401,-0.5778348245967692,Welvaart_Kwetsbaarheid,weighted_mean,Welvaart
WK194925,-0.3695243867512809,Welvaart_Kwetsbaarheid,weighted_mean,Welvaart
BU19492500,-0.12173055717532245,Welvaart_Kwetsbaarheid,weighted_mean,Welvaart
BU19492501,-0.20046289378996673,Welvaart_Kwetsbaarheid,weighted_mean,Welvaart
WK194926,-0.07569141087527843,Welvaart_Kwetsbaarheid,weighted_mean,Welvaart
BU19492600,-0.19732395907849481,Welvaart_Kwetsbaarheid,weighted_mean,Welvaart
BU19492601,0.08506944945125398,Welvaart_Kwetsbaarheid,weighted_mean,Welvaart
BU19492602,-0.3425875253742344,Welvaart_Kwetsbaarheid,weighted_mean,Welvaart
BU19492603,-0.49943133940884005,Welvaart_Kwetsbaarheid,weighted_mean,Welvaart
BU19492604,-0.4848987821389412,Welvaart_Kwetsbaarheid,weighted_mean,Welvaart
WK194927,-0.04994963847596963,Welvaart_Kwetsbaarheid,weighted_mean,Welvaart
BU19492700,0.03244835508628813,Welvaart_Kwetsbaarheid,weighted_mean,Welvaart
WK194928,-0.2801054423412762,Welvaart_Kwetsbaarheid,weighted_mean,Welvaart
BU19492800,0.2917950661293059,Welvaart_Kwetsbaarheid,weighted_mean,Welvaart
BU19492801,0.2596534539683298,Welvaart_Kwetsbaarheid,weighted_mean,Welvaart
BU19492802,-0.24996325792321455,Welvaart_Kwetsbaarheid,weighted_mean,Welvaart
BU19492803,-0.7554147958191718,Welvaart_Kwetsbaarheid,weighted_mean,Welvaart
BU19492804,-0.025407136790553342,Welvaart_Kwetsbaarheid,weighted_mean,Welvaart
BU19492805,-0.006836706122630678,Welvaart_Kwetsbaarheid,weighted_mean,Welvaart
BU19492806,-0.09751194260498551,Welvaart_Kwetsbaarheid,weighted_mean,Welvaart
BU19492807,-0.0359190496407156,Welvaart_Kwetsbaarheid,weighted_mean,Welvaart
BU19492808,-0.527695633114461,Welvaart_Kwetsbaarheid,weighted_mean,Welvaart
BU19492809,0.17747384411661754,Welvaart_Kwetsbaarheid,weighted_mean,Welvaart
BU19492810,-0.5937908944870145,Welvaart_Kwetsbaarheid,weighted_mean,Welvaart
BU19492811,-0.11773181453182402,Welvaart_Kwetsbaarheid,weighted_mean,Welvaart
BU19492812,-0.6068494957568278,Welvaart_Kwetsbaarheid,weighted_mean,Welvaart
BU19492813,-0.2750293461018063,Welvaart_Kwetsbaarheid,weighted_mean,Welvaart
BU19492814,-0.17181599376424733,Welvaart_Kwetsbaarheid,weighted_mean,Welvaart
BU19492815,-0.39744003199953787,Welvaart_Kwetsbaarheid,weighted_mean,Welvaart
BU19492816,-0.540795799151807,Welvaart_Kwetsbaarheid,weighted_mean,Welvaart
BU19492817,-0.19475207057845906,Welvaart_Kwetsbaarheid,weighted_mean,Welvaart
WK194929,-0.39401809752308514,Welvaart_Kwetsbaarheid,weighted_mean,Welvaart
BU19492900,-0.29461808609021034,Welvaart_Kwetsbaarheid,weighted_mean,Welvaart
WK194930,-0.16807470900557833,Welvaart_Kwetsbaarheid,weighted_mean,Welvaart
BU19493000,-0.13776017728683881,Welvaart_Kwetsbaarheid,weighted_mean,Welvaart
WK194931,-0.06326591413124828,Welvaart_Kwetsbaarheid,weighted_mean,Welvaart
BU19493100,-0.16059183461171686,Welvaart_Kwetsbaarheid,weighted_mean,Welvaart
BU19493101,-0.5853417673995744,Welvaart_Kwetsbaarheid,weighted_mean,Welvaart
WK194932,-0.2200385357333675,Welvaart_Kwetsbaarheid,weighted_mean,Welvaart
BU19493200,-0.31801789456726104,Welvaart_Kwetsbaarheid,weighted_mean,Welvaart
BU19493201,0.10378363648449679,Welvaart_Kwetsbaarheid,weighted_mean,Welvaart
BU19493202,-0.21098202375762887,Welvaart_Kwetsbaarheid,weighted_mean,Welvaart
WK194933,0.14860008968484656,Welvaart_Kwetsbaarheid,weighted_mean,Welvaart
BU19493300,-0.3387974028071815,Welvaart_Kwetsbaarheid,weighted_mean,Welvaart
WK194934,-0.3889373402500452,Welvaart_Kwetsbaarheid,weighted_mean,Welvaart
BU19493400,0.33979873022653284,Welvaart_Kwetsbaarheid,weighted_mean,Welvaart
BU19493401,-0.47058403491425277,Welvaart_Kwetsbaarheid,weighted_mean,Welvaart
WK194935,-0.22235078131176922,Welvaart_Kwetsbaarheid,weighted_mean,Welvaart
BU19493500,0.3211416739650719,Welvaart_Kwetsbaarheid,weighted_mean,Welvaart
BU19493501,-0.3791612278536592,Welvaart_Kwetsbaarheid,weighted_mean,Welvaart
BU19493502,-0.5611827361571877,Welvaart_Kwetsbaarheid,weighted_mean,Welvaart
BU19493503,-0.31829371403687273,Welvaart_Kwetsbaarheid,weighted_mean,Welvaart
WK194936,-0.2224059017559503,Welvaart_Kwetsbaarheid,weighted_mean,Welvaart
BU19493600,-0.007340593294073175,Welvaart_Kwetsbaarheid,weighted_mean,Welvaart
BU19493601,-0.24807691911845808,Welvaart_Kwetsbaarheid,weighted_mean,Welvaart
BU19493602,-0.01961983513257798,Welvaart_Kwetsbaarheid,weighted_mean,Welvaart
BU19493603,-0.2802908646495995,Welvaart_Kwetsbaarheid,weighted_mean,Welvaart
WK194937,-0.3272833399467274,Welvaart_Kwetsbaarheid,weighted_mean,Welvaart
BU19493700,-0.32780861303500336,Welvaart_Kwetsbaarheid,weighted_mean,Welvaart
WK194938,-0.22452925530934875,Welvaart_Kwetsbaarheid,weighted_mean,Welvaart
BU19493800,-0.07053287972397922,Welvaart_Kwetsbaarheid,weighted_mean,Welvaart
BU19493801,-0.16378843328995524,Welvaart_Kwetsbaarheid,weighted_mean,Welvaart
WK194939,-0.11004990287680462,Welvaart_Kwetsbaarheid,weighted_mean,Welvaart
BU19493900,-0.4353189580083341,Welvaart_Kwetsbaarheid,weighted_mean,Welvaart
BU19493901,-0.32948441781906235,Welvaart_Kwetsbaarheid,weighted_mean,Welvaart
WK194940,-0.2219778214145149,Welvaart_Kwetsbaarheid,weighted_mean,Welvaart
BU19494000,-0.029520529386794954,Welvaart_Kwetsbaarheid,weighted_mean,Welvaart
WK194941,-0.13509005607511262,Welvaart_Kwetsbaarheid,weighted_mean,Welvaart
BU19494100,-0.2840952199287145,Welvaart_Kwetsbaarheid,weighted_mean,Welvaart
WK194942,-0.26213022161698396,Welvaart_Kwetsbaarheid,weighted_mean,Welvaart
BU19494200,-0.13311792173986836,Welvaart_Kwetsbaarheid,weighted_mean,Welvaart
BU19494201,-0.3296783480746647,Welvaart_Kwetsbaarheid,weighted_mean,Welvaart
WK194943,-0.25386372526220385,Welvaart_Kwetsbaarheid,weighted_mean,Welvaart
BU19494300,-0.12115185681610316,Welvaart_Kwetsbaarheid,weighted_mean,Welvaart
WK194944,-0.35238846810450164,Welvaart_Kwetsbaarheid,weighted_mean,Welvaart
BU19494400,-0.3148510946433922,Welvaart_Kwetsbaarheid,weighted_mean,Welvaart
BU19494401,-0.1955173676607302,Welvaart_Kwetsbaarheid,weighted_mean,Welvaart
BU19494402,-0.21222215037653222,Welvaart_Kwetsbaarheid,weighted_mean,Welvaart
BU19494403,-0.19182881778894006,Welvaart_Kwetsbaarheid,weighted_mean,Welvaart
WK194945,-0.07224163271303906,Welvaart_Kwetsbaarheid,weighted_mean,Welvaart
BU19494500,-0.13553216874060806,Welvaart_Kwetsbaarheid,weighted_mean,Welvaart
WK194946,-0.00486039165227975,Welvaart_Kwetsbaarheid,weighted_mean,Welvaart
BU19494600,-0.28956744843063503,Welvaart_Kwetsbaarheid,weighted_mean,Welvaart
WK194947,-0.2794675400484065,Welvaart_Kwetsbaarheid,weighted_mean,Welvaart
BU19494700,0.25310252492575047,Welvaart_Kwetsbaarheid,weighted_mean,Welvaart
BU19494701,-0.40887912321212394,Welvaart_Kwetsbaarheid,weighted_mean,Welvaart
WK194948,-0.24020420680718307,Welvaart_Kwetsbaarheid,weighted_mean,Welvaart
BU19494800,0.26411021310137045,Welvaart_Kwetsbaarheid,weighted_mean,Welvaart
BU19494801,-0.17648254457998291,Welvaart_Kwetsbaarheid,weighted_mean,Welvaart
WK194949,-0.21486934853434694,Welvaart_Kwetsbaarheid,weighted_mean,Welvaart
BU19494900,0.018476251121417722,Welvaart_Kwetsbaarheid,weighted_mean,Welvaart
BU19494901,-0.3580020270102576,Welvaart_Kwetsbaarheid,weighted_mean,Welvaart
BU19494902,-0.36579664267912565,Welvaart_Kwetsbaarheid,weighted_mean,Welvaart
WK194950,-0.1047713354347249,Welvaart_Kwetsbaarheid,weighted_mean,Welvaart
BU19495000,0.27334744893288376,Welvaart_Kwetsbaarheid,weighted_mean,Welvaart
BU19495001,-0.12731176294846058,Welvaart_Kwetsbaarheid,weighted_mean,Welvaart
WK194951,-0.24130825676719148,Welvaart_Kwetsbaarheid,weighted_mean,Welvaart
BU19495100,-0.3133257903926848,Welvaart_Kwetsbaarheid,weighted_mean,Welvaart
WK194952,-0.2537022876044617,Welvaart_Kwetsbaarheid,weighted_mean,Welvaart
BU19495200,-0.19497223109558764,Welvaart_Kwetsbaarheid,weighted_mean,Welvaart
WK194953,-0.19804620116399899,Welvaart_Kwetsbaarheid,weighted_mean,Welvaart
BU19495300,0.269676387730195,Welvaart_Kwetsbaarheid,weighted_mean,Welvaart
BU19495301,-0.3949869618858806,Welvaart_Kwetsbaarheid,weighted_mean,Welvaart
BU19495302,0.015376465596426955,Welvaart_Kwetsbaarheid,weighted_mean,Welvaart
WK194954,-0.13586947708360486,Welvaart_Kwetsbaarheid,weighted_mean,Welvaart
BU19495400,-0.13774072586919034,Welvaart_Kwetsbaarheid,weighted_mean,Welvaart
BU19495401,-0.7010740151224716,Welvaart_Kwetsbaarheid,weighted_mean,Welvaart
WK194955,-0.10726684551936606,Welvaart_Kwetsbaarheid,weighted_mean,Welvaart
BU19495500,-0.10462774183447099,Welvaart_Kwetsbaarheid,weighted_mean,Welvaart
GM0098,-0.09650121271131715,Welvaart_Kwetsbaarheid,weighted_mean,Welvaart
WK009800,-0.2027399291789834,Welvaart_Kwetsbaarheid,weighted_mean,Welvaart
BU00980001,-0.10399968168836261,Welvaart_Kwetsbaarheid,weighted_mean,Welvaart
BU00980002,0.12972812542635892,Welvaart_Kwetsbaarheid,weighted_mean,Welvaart
BU00980003,0.606605062963084,Welvaart_Kwetsbaarheid,weighted_mean,Welvaart
BU00980004,-0.043023457278603135,Welvaart_Kwetsbaarheid,weighted_mean,Welvaart
BU00980005,-0.1566998357176148,Welvaart_Kwetsbaarheid,weighted_mean,Welvaart
BU00980006,-0.24929603593888633,Welvaart_Kwetsbaarheid,weighted_mean,Welvaart
BU00980007,-0.3461054436615504,Welvaart_Kwetsbaarheid,weighted_mean,Welvaart
BU00980008,-0.42160311301141856,Welvaart_Kwetsbaarheid,weighted_mean,Welvaart
BU00980009,-0.1804859055179871,Welvaart_Kwetsbaarheid,weighted_mean,Welvaart
BU00980010,0.2222096303943269,Welvaart_Kwetsbaarheid,weighted_mean,Welvaart
BU00980011,-0.0627283429186817,Welvaart_Kwetsbaarheid,weighted_mean,Welvaart
BU00980012,0.06294316109235604,Welvaart_Kwetsbaarheid,weighted_mean,Welvaart
BU00980013,-0.05360439861250283,Welvaart_Kwetsbaarheid,weighted_mean,Welvaart
BU00980014,-0.4224405208712609,Welvaart_Kwetsbaarheid,weighted_mean,Welvaart
BU00980015,-0.507545295098004,Welvaart_Kwetsbaarheid,weighted_mean,Welvaart
BU00980016,-0.20390985787463517,Welvaart_Kwetsbaarheid,weighted_mean,Welvaart
BU00980017,-0.7089701221480633,Welvaart_Kwetsbaarheid,weighted_mean,Welvaart
BU00980018,-0.09357867008358539,Welvaart_Kwetsbaarheid,weighted_mean,Welvaart
BU00980019,-0.22453387105577263,Welvaart_Kwetsbaarheid,weighted_mean,Welvaart
BU00980020,0.05803170030425403,Welvaart_Kwetsbaarheid,weighted_mean,Welvaart
BU00980021,-0.20398633316004194,Welvaart_Kwetsbaarheid,weighted_mean,Welvaart
WK009801,0.10184980782708267,Welvaart_Kwetsbaarheid,weighted_mean,Welvaart
BU00980101,0.14085067614281843,Welvaart_Kwetsbaarheid,weighted_mean,Welvaart
BU00980102,0.5335342664928828,Welvaart_Kwetsbaarheid,weighted_mean,Welvaart
BU00980103,0.30332799339570776,Welvaart_Kwetsbaarheid,weighted_mean,Welvaart
BU00980104,0.3157767818816444,Welvaart_Kwetsbaarheid,weighted_mean,Welvaart
WK009802,0.016606851840338416,Welvaart_Kwetsbaarheid,weighted_mean,Welvaart
BU00980201,0.27071571465371347,Welvaart_Kwetsbaarheid,weighted_mean,Welvaart
BU00980202,0.2313856456403943,Welvaart_Kwetsbaarheid,weighted_mean,Welvaart
WK009803,0.20358040117408296,Welvaart_Kwetsbaarheid,weighted_mean,Welvaart
BU00980301,0.1693248973775811,Welvaart_Kwetsbaarheid,weighted_mean,Welvaart
BU00980302,0.11049356121468552,Welvaart_Kwetsbaarheid,weighted_mean,Welvaart
BU00980303,0.006364758366303125,Welvaart_Kwetsbaarheid,weighted_mean,Welvaart
BU00980304,0.004740596861808055,Welvaart_Kwetsbaarheid,weighted_mean,Welvaart
BU00980305,0.3295961187683576,Welvaart_Kwetsbaarheid,weighted_mean,Welvaart
WK009804,0.1815630007231791,Welvaart_Kwetsbaarheid,weighted_mean,Welvaart
BU00980401,0.058542338355080846,Welvaart_Kwetsbaarheid,weighted_mean,Welvaart
BU00980402,0.17022401324396041,Welvaart_Kwetsbaarheid,weighted_mean,Welvaart
BU00980403,0.41126467998529226,Welvaart_Kwetsbaarheid,weighted_mean,Welvaart
WK009805,0.21424152495972315,Welvaart_Kwetsbaarheid,weighted_mean,Welvaart
BU00980501,0.3605441950101891,Welvaart_Kwetsbaarheid,weighted_mean,Welvaart
BU00980502,0.26623369128693086,Welvaart_Kwetsbaarheid,weighted_mean,Welvaart
WK009806,0.30181759746146614,Welvaart_Kwetsbaarheid,weighted_mean,Welvaart
BU00980601,-0.050043246049443574,Welvaart_Kwetsbaarheid,weighted_mean,Welvaart
BU00980602,0.1790369463720403,Welvaart_Kwetsbaarheid,weighted_mean,Welvaart
WK009807,-0.17662483437454285,Welvaart_Kwetsbaarheid,weighted_mean,Welvaart
BU00980701,-0.07885665001585754,Welvaart_Kwetsbaarheid,weighted_mean,Welvaart
BU00980702,0.2846271920138595,Welvaart_Kwetsbaarheid,weighted_mean,Welvaart
WK009808,-0.037920130897621335,Welvaart_Kwetsbaarheid,weighted_mean,Welvaart
BU00980801,-0.2358671422975619,Welvaart_Kwetsbaarheid,weighted_mean,Welvaart
BU00980802,0.21327133496252543,Welvaart_Kwetsbaarheid,weighted_mean,Welvaart
WK009809,0.3933578904077813,Welvaart_Kwetsbaarheid,weighted_mean,Welvaart
BU00980901,0.20004252216635832,Welvaart_Kwetsbaarheid,weighted_mean,Welvaart
BU00980902,0.14378667402119516,Welvaart_Kwetsbaarheid,weighted_mean,Welvaart
BU00980903,0.5120831584524372,Welvaart_Kwetsbaarheid,weighted_mean,Welvaart
WK009810,-0.14925093973077186,Welvaart_Kwetsbaarheid,weighted_mean,Welvaart
BU00981001,-0.09654759638160532,Welvaart_Kwetsbaarheid,weighted_mean,Welvaart
BU00981002,-0.05277830436648853,Welvaart_Kwetsbaarheid,weighted_mean,Welvaart
BU00981003,-0.31676774008883035,Welvaart_Kwetsbaarheid,weighted_mean,Welvaart
BU00981004,0.0246913877262101,Welvaart_Kwetsbaarheid,weighted_mean,Welvaart
BU00981005,0.3546406982014619,Welvaart_Kwetsbaarheid,weighted_mean,Welvaart
BU00981006,-0.03322103614033058,Welvaart_Kwetsbaarheid,weighted_mean,Welvaart
BU00981007,1.0076097854301176,Welvaart_Kwetsbaarheid,weighted_mean,Welvaart
BU00981008,-0.11126334637790233,Welvaart_Kwetsbaarheid,weighted_mean,Welvaart
BU00981009,0.03824228560951584,Welvaart_Kwetsbaarheid,weighted_mean,Welvaart
WK009811,0.15575790854708194,Welvaart_Kwetsbaarheid,weighted_mean,Welvaart
BU00981101,-0.12496833898133058,Welvaart_Kwetsbaarheid,weighted_mean,Welvaart
BU00981102,-0.026429191477228775,Welvaart_Kwetsbaarheid,weighted_mean,Welvaart
WK009812,0.028225089061106795,Welvaart_Kwetsbaarheid,weighted_mean,Welvaart
BU00981201,0.443052515451361,Welvaart_Kwetsbaarheid,weighted_mean,Welvaart
WK009813,0.07793525178146349,Welvaart_Kwetsbaarheid,weighted_mean,Welvaart
BU00981301,-0.31909486780283264,Welvaart_Kwetsbaarheid,weighted_mean,Welvaart
BU00981302,0.3818437588621002,Welvaart_Kwetsbaarheid,weighted_mean,Welvaart
WK009814,0.12758449598702254,Welvaart_Kwetsbaarheid,weighted_mean,Welvaart
BU00981401,-0.280089462284852,Welvaart_Kwetsbaarheid,weighted_mean,Welvaart
BU00981402,0.39761138228220116,Welvaart_Kwetsbaarheid,weighted_mean,Welvaart
WK009815,-0.003077754603646954,Welvaart_Kwetsbaarheid,weighted_mean,Welvaart
BU00981501,-0.39126142876966896,Welvaart_Kwetsbaarheid,weighted_mean,Welvaart
BU00981502,0.44562841239450857,Welvaart_Kwetsbaarheid,weighted_mean,Welvaart
GM0059,0.18969810757179173,Groen_Verharding,entropy,Groen & Verharding
WK005900,0.18969810757179173,Groen_Verharding,entropy,Groen & Verharding
BU00590000,0.18059436768896936,Groen_Verharding,entropy,Groen & Verharding
BU00590001,0.09693984511830031,Groen_Verharding,entropy,Groen & Verharding
BU00590002,0.21259904754771153,Groen_Verharding,entropy,Groen & Verharding
BU00590003,0.12717009020934458,Groen_Verharding,entropy,Groen & Verharding
BU00590004,0.13403953248927017,Groen_Verharding,entropy,Groen & Verharding
BU00590005,0.04858093118846042,Groen_Verharding,entropy,Groen & Verharding
BU00590006,0.04898588342930924,Groen_Verharding,entropy,Groen & Verharding
BU00590007,0.06468912789655697,Groen_Verharding,entropy,Groen & Verharding
BU00590008,0.04127467647351038,Groen_Verharding,entropy,Groen & Verharding
BU00590009,0.02700729382594584,Groen_Verharding,entropy,Groen & Verharding
WK005901,0.09071641966125712,Groen_Verharding,entropy,Groen & Verharding
BU00590100,0.10020015852461603,Groen_Verharding,entropy,Groen & Verharding
BU00590102,0.06927409501072203,Groen_Verharding,entropy,Groen & Verharding
BU00590103,0.11447523103219423,Groen_Verharding,entropy,Groen & Verharding
BU00590107,0.035807515066953045,Groen_Verharding,entropy,Groen & Verharding
BU00590108,0.04247921589289748,Groen_Verharding,entropy,Groen & Verharding
BU00590109,0.05068904032698086,Groen_Verharding,entropy,Groen & Verharding
WK005902,0.18969810757179173,Groen_Verharding,entropy,Groen & Verharding
BU00590200,0.0902812867512846,Groen_Verharding,entropy,Groen & Verharding
BU00590201,0.07472664916914032,Groen_Verharding,entropy,Groen & Verharding
BU00590202,0.09804748201595008,Groen_Verharding,entropy,Groen & Verharding
BU00590203,0.06526522365360672,Groen_Verharding,entropy,Groen & Verharding
BU00590206,0.031351735113774204,Groen_Verharding,entropy,Groen & Verharding
BU00590207,0.033037168359545226,Groen_Verharding,entropy,Groen & Verharding
BU00590208,0.031216187306430446,Groen_Verharding,entropy,Groen & Verharding
BU00590209,0.026847207486651998,Groen_Verharding,entropy,Groen & Verharding
GM0060,0.13168324507940915,Groen_Verharding,entropy,Groen & Verharding
WK006000,0.0751431127809268,Groen_Verharding,entropy,Groen & Verharding
BU00600000,0.1509433093807342,Groen_Verharding,entropy,Groen & Verharding
BU00600001,0.10555276378914791,Groen_Verharding,entropy,Groen & Verharding
BU00600002,0.08612402043210408,Groen_Verharding,entropy,Groen & Verharding
BU00600003,0.09687959845975959,Groen_Verharding,entropy,Groen & Verharding
BU00600007,0.15883804008953606,Groen_Verharding,entropy,Groen & Verharding
BU00600008,0.20776387355457931,Groen_Verharding,entropy,Groen & Verharding
BU00600009,0.15975352008200758,Groen_Verharding,entropy,Groen & Verharding
GM1891,0.18969810757179173,Groen_Verharding,entropy,Groen & Verharding
WK189100,0.16354797664675974,Groen_Verharding,entropy,Groen & Verharding
BU18910000,0.11266912892663301,Groen_Verharding,entropy,Groen & Verharding
BU18910001,0.10101624758880516,Groen_Verharding,entropy,Groen & Verharding
BU18910002,0.10542714264151107,Groen_Verharding,entropy,Groen & Verharding
BU18910008,0.05476847755874697,Groen_Verharding,entropy,Groen & Verharding
BU18910009,0.045816310913287535,Groen_Verharding,entropy,Groen & Verharding
WK189101,0.06244433910176914,Groen_Verharding,entropy,Groen & Verharding
BU18910100,0.12966236459781877,Groen_Verharding,entropy,Groen & Verharding
BU18910101,0.07365349288531237,Groen_Verharding,entropy,Groen & Verharding
BU18910108,0.060765255552467895,Groen_Verharding,entropy,Groen & Verharding
BU18910109,0.04353745107650815,Groen_Verharding,entropy,Groen & Verharding
WK189102,0.16348875587406347,Groen_Verharding,entropy,Groen & Verharding
BU18910200,0.15502138086929604,Groen_Verharding,entropy,Groen & Verharding
BU18910201,0.15042215934270436,Groen_Verharding,entropy,Groen & Verharding
BU18910202,0.03862740453165449,Groen_Verharding,entropy,Groen & Verharding
BU18910208,0.08340438186469609,Groen_Verharding,entropy,Groen & Verharding
BU18910209,0.0690610146852077,Groen_Verharding,entropy,Groen & Verharding
WK189103,0.05600206703125366,Groen_Verharding,entropy,Groen & Verharding
BU18910300,0.10659526139830532,Groen_Verharding,entropy,Groen & Verharding
BU18910301,0.041101000380302906,Groen_Verharding,entropy,Groen & Verharding
BU18910309,0.05377649393865816,Groen_Verharding,entropy,Groen & Verharding
GM1940,0.18969810757179173,Groen_Verharding,entropy,Groen & Verharding
WK194001,0.06372375279325729,Groen_Verharding,entropy,Groen & Verharding
BU19400101,0.04340914262574253,Groen_Verharding,entropy,Groen & Verharding
WK194002,0.08213188497803914,Groen_Verharding,entropy,Groen & Verharding
BU19400201,0.07717111420615716,Groen_Verharding,entropy,Groen & Verharding
WK194003,0.13306059651161892,Groen_Verharding,entropy,Groen & Verharding
BU19400301,0.14343257408039928,Groen_Verharding,entropy,Groen & Verharding
WK194004,0.06438208095688941,Groen_Verharding,entropy,Groen & Verharding
BU19400401,0.03211003272515246,Groen_Verharding,entropy,Groen & Verharding
WK194005,0.060128805033536244,Groen_Verharding,entropy,Groen & Verharding
BU19400501,0.06396429281205983,Groen_Verharding,entropy,Groen & Verharding
WK194006,0.04741789916904071,Groen_Verharding,entropy,Groen & Verharding
BU19400601,0.06548050275899243,Groen_Verharding,entropy,Groen & Verharding
WK194007,0.05885142893279752,Groen_Verharding,entropy,Groen & Verharding
BU19400701,0.12864014899503626,Groen_Verharding,entropy,Groen & Verharding
BU19400702,0.04941774024502536,Groen_Verharding,entropy,Groen & Verharding
WK194008,0.05524081402064026,Groen_Verharding,entropy,Groen & Verharding
BU19400801,0.040092431767652696,Groen_Verharding,entropy,Groen & Verharding
WK194009,0.04459137533092481,Groen_Verharding,entropy,Groen & Verharding
BU19400901,0.03866780365722595,Groen_Verharding,entropy,Groen & Verharding
WK194010,0.050289293877683494,Groen_Verharding,entropy,Groen & Verharding
BU19401001,0.04405779763909263,Groen_Verharding,entropy,Groen & Verharding
WK194011,0.059967803014691734,Groen_Verharding,entropy,Groen & Verharding
BU19401101,0.06032853863195284,Groen_Verharding,entropy,Groen & Verharding
BU19401102,0.08915197370300035,Groen_Verharding,entropy,Groen & Verharding
WK194012,0.05317024800191805,Groen_Verharding,entropy,Groen & Verharding
BU19401201,0.05085908088481804,Groen_Verharding,entropy,Groen & Verharding
WK194013,0.056594920582678204,Groen_Verharding,entropy,Groen & Verharding
BU19401301,0.060568302082774715,Groen_Verharding,entropy,Groen & Verharding
WK194014,0.04414526495381596,Groen_Verharding,entropy,Groen & Verharding
BU19401401,0.052918029281942044,Groen_Verharding,entropy,Groen & Verharding
WK194015,0.06047559559266141,Groen_Verharding,entropy,Groen & Verharding
BU19401501,0.06876266585578916,Groen_Verharding,entropy,Groen & Verharding
WK194016,0.05809896822664546,Groen_Verharding,entropy,Groen & Verharding
BU19401601,0.07538796816329303,Groen_Verharding,entropy,Groen & Verharding
WK194017,0.053334148660204736,Groen_Verharding,entropy,Groen & Verharding
BU19401701,0.06013146342989858,Groen_Verharding,entropy,Groen & Verharding
WK194018,0.059109629081316804,Groen_Verharding,entropy,Groen & Verharding
BU19401801,0.07410310836370222,Groen_Verharding,entropy,Groen & Verharding
WK194019,0.18969810757179173,Groen_Verharding,entropy,Groen & Verharding
BU19401901,0.23846637004074,Groen_Verharding,entropy,Groen & Verharding
BU19401902,0.038575404942431446,Groen_Verharding,entropy,Groen & Verharding
BU19401903,0.2146416749849825,Groen_Verharding,entropy,Groen & Verharding
BU19401904,0.17392144099123383,Groen_Verharding,entropy,Groen & Verharding
BU19401905,0.2030647515758655,Groen_Verharding,entropy,Groen & Verharding
BU19401906,0.23713482318870371,Groen_Verharding,entropy,Groen & Verharding
BU19401907,0.24779323116794416,Groen_Verharding,entropy,Groen & Verharding
BU19401908,0.08490064347623892,Groen_Verharding,entropy,Groen & Verharding
BU19401909,0.13125874209308858,Groen_Verharding,entropy,Groen & Verharding
BU19401910,0.16271443775644606,Groen_Verharding,entropy,Groen & Verharding
WK194020,0.04977869666483056,Groen_Verharding,entropy,Groen & Verharding
BU19402001,0.038662002850886716,Groen_Verharding,entropy,Groen & Verharding
WK194021,0.059085264740579034,Groen_Verharding,entropy,Groen & Verharding
BU19402101,0.06506839567869083,Groen_Verharding,entropy,Groen & Verharding
WK194022,0.04963433171865709,Groen_Verharding,entropy,Groen & Verharding
BU19402201,0.08851750318277922,Groen_Verharding,entropy,Groen & Verharding
WK194023,0.18969810757179173,Groen_Verharding,entropy,Groen & Verharding
BU19402301,0.08052339334814015,Groen_Verharding,entropy,Groen & Verharding
BU19402302,0.22099102305411,Groen_Verharding,entropy,Groen & Verharding
BU19402303,0.152604054056884,Groen_Verharding,entropy,Groen & Verharding
BU19402304,0.18129724913098064,Groen_Verharding,entropy,Groen & Verharding
BU19402305,0.1460989766856479,Groen_Verharding,entropy,Groen & Verharding
BU19402306,0.16015296705954601,Groen_Verharding,entropy,Groen & Verharding
BU19402307,0.09246232906640359,Groen_Verharding,entropy,Groen & Verharding
BU19402308,0.1888364411340372,Groen_Verharding,entropy,Groen & Verharding
WK194024,0.06787818274335736,Groen_Verharding,entropy,Groen & Verharding
BU19402401,0.07248752630752936,Groen_Verharding,entropy,Groen & Verharding
WK194025,0.13118313514338414,Groen_Verharding,entropy,Groen & Verharding
BU19402501,0.05583479091751546,Groen_Verharding,entropy,Groen & Verharding
WK194026,0.05971484876556673,Groen_Verharding,entropy,Groen & Verharding
BU19402601,0.059610332858342135,Groen_Verharding,entropy,Groen & Verharding
WK194027,0.07420782895226272,Groen_Verharding,entropy,Groen & Verharding
BU19402701,0.057501941017894506,Groen_Verharding,entropy,Groen & Verharding
WK194028,0.04960217640173639,Groen_Verharding,entropy,Groen & Verharding
BU19402801,0.04457960196064515,Groen_Verharding,entropy,Groen & Verharding
BU19402802,0.13721084801986622,Groen_Verharding,entropy,Groen & Verharding
WK194029,0.049189930901458394,Groen_Verharding,entropy,Groen & Verharding
BU19402901,0.04876461051277199,Groen_Verharding,entropy,Groen & Verharding
WK194030,0.07501228542080347,Groen_Verharding,entropy,Groen & Verharding
BU19403001,0.07887377287936122,Groen_Verharding,entropy,Groen & Verharding
WK194031,0.05973701093470379,Groen_Verharding,entropy,Groen & Verharding
BU19403101,0.07289425051683564,Groen_Verharding,entropy,Groen & Verharding
WK194032,0.06067346571982418,Groen_Verharding,entropy,Groen & Verharding
BU19403201,0.056093971071118,Groen_Verharding,entropy,Groen & Verharding
WK194033,0.038928230670726705,Groen_Verharding,entropy,Groen & Verharding
BU19403301,0.030584969558370312,Groen_Verharding,entropy,Groen & Verharding
WK194034,0.0559949694072427,Groen_Verharding,entropy,Groen & Verharding
BU19403401,0.08243404960174575,Groen_Verharding,entropy,Groen & Verharding
WK194035,0.055710214491678865,Groen_Verharding,entropy,Groen & Verharding
BU19403501,0.06147376964724116,Groen_Verharding,entropy,Groen & Verharding
WK194036,0.0475881147216082,Groen_Verharding,entropy,Groen & Verharding
BU19403601,0.04311335107515752,Groen_Verharding,entropy,Groen & Verharding
WK194037,0.054341587671865046,Groen_Verharding,entropy,Groen & Verharding
BU19403701,0.05875070801346197,Groen_Verharding,entropy,Groen & Verharding
WK194038,0.059175951665102866,Groen_Verharding,entropy,Groen & Verharding
BU19403801,0.046649703134521825,Groen_Verharding,entropy,Groen & Verharding
WK194039,0.06014519127544622,Groen_Verharding,entropy,Groen & Verharding
BU19403901,0.11958141642140338,Groen_Verharding,entropy,Groen & Verharding
WK194040,0.059175951665102866,Groen_Verharding,entropy,Groen & Verharding
BU19404001,0.059241819953331144,Groen_Verharding,entropy,Groen & Verharding
WK194041,0.0948037409948118,Groen_Verharding,entropy,Groen & Verharding
BU19404101,0.09409312382868876,Groen_Verharding,entropy,Groen & Verharding
WK194042,0.05791880592089704,Groen_Verharding,entropy,Groen & Verharding
BU19404201,0.06974169355551048,Groen_Verharding,entropy,Groen & Verharding
WK194043,0.06994220837046329,Groen_Verharding,entropy,Groen & Verharding
BU19404301,0.06510752154668689,Groen_Verharding,entropy,Groen & Verharding
WK194044,0.044586464601087575,Groen_Verharding,entropy,Groen & Verharding
BU19404401,0.0437509708943208,Groen_Verharding,entropy,Groen & Verharding
WK194045,0.049600269363216494,Groen_Verharding,entropy,Groen & Verharding
BU19404501,0.046493090836856224,Groen_Verharding,entropy,Groen & Verharding
WK194046,0.07222915739490567,Groen_Verharding,entropy,Groen & Verharding
BU19404601,0.1016327232536343,Groen_Verharding,entropy,Groen & Verharding
WK194047,0.05612025367574321,Groen_Verharding,entropy,Groen & Verharding
BU19404701,0.04967309256217867,Groen_Verharding,entropy,Groen & Verharding
WK194048,0.04230560171888932,Groen_Verharding,entropy,Groen & Verharding
BU19404801,0.04568407732661907,Groen_Verharding,entropy,Groen & Verharding
WK194049,0.07669797149231891,Groen_Verharding,entropy,Groen & Verharding
BU19404901,0.03748221842683201,Groen_Verharding,entropy,Groen & Verharding
WK194050,0.054537611122469395,Groen_Verharding,entropy,Groen & Verharding
BU19405001,0.040389829516517387,Groen_Verharding,entropy,Groen & Verharding
WK194051,0.05898385101855927,Groen_Verharding,entropy,Groen & Verharding
BU19405101,0.05534779254103861,Groen_Verharding,entropy,Groen & Verharding
GM0072,0.19417567600686136,Groen_Verharding,entropy,Groen & Verharding
WK007200,0.18969810757179173,Groen_Verharding,entropy,Groen & Verharding
BU00720001,0.23114326960790804,Groen_Verharding,entropy,Groen & Verharding
BU00720002,0.17344444897420086,Groen_Verharding,entropy,Groen & Verharding
BU00720003,0.2095082352294157,Groen_Verharding,entropy,Groen & Verharding
BU00720004,0.22437418667309886,Groen_Verharding,entropy,Groen & Verharding
BU00720005,0.2269473993481175,Groen_Verharding,entropy,Groen & Verharding
BU00720006,0.24183271056557906,Groen_Verharding,entropy,Groen & Verharding
BU00720007,0.29034346321722404,Groen_Verharding,entropy,Groen & Verharding
BU00720009,0.058329826762683015,Groen_Verharding,entropy,Groen & Verharding
WK007201,0.0823257128617048,Groen_Verharding,entropy,Groen & Verharding
BU00720100,0.20527876235604245,Groen_Verharding,entropy,Groen & Verharding
BU00720109,0.1254600089120232,Groen_Verharding,entropy,Groen & Verharding
WK007202,0.054486074303095974,Groen_Verharding,entropy,Groen & Verharding
BU00720200,0.17220866521976955,Groen_Verharding,entropy,Groen & Verharding
BU00720209,0.05999333016448082,Groen_Verharding,entropy,Groen & Verharding
GM0074,0.18969810757179173,Groen_Verharding,entropy,Groen & Verharding
WK007401,0.18969810757179173,Groen_Verharding,entropy,Groen & Verharding
BU00740100,0.19066611896314253,Groen_Verharding,entropy,Groen & Verharding
BU00740101,0.23411082663620325,Groen_Verharding,entropy,Groen & Verharding
BU00740102,0.24426471363563762,Groen_Verharding,entropy,Groen & Verharding
BU00740103,0.24085171514854448,Groen_Verharding,entropy,Groen & Verharding
BU00740104,0.24371588741527425,Groen_Verharding,entropy,Groen & Verharding
BU00740105,0.19580381560847043,Groen_Verharding,entropy,Groen & Verharding
BU00740106,0.2165812496141272,Groen_Verharding,entropy,Groen & Verharding
BU00740107,0.187506687206625,Groen_Verharding,entropy,Groen & Verharding
BU00740108,0.15305728311505726,Groen_Verharding,entropy,Groen & Verharding
BU00740109,0.09104699545584877,Groen_Verharding,entropy,Groen & Verharding
BU00740110,0.22060268210347164,Groen_Verharding,entropy,Groen & Verharding
WK007402,0.06467681220236986,Groen_Verharding,entropy,Groen & Verharding
BU00740201,0.06021666792046121,Groen_Verharding,entropy,Groen & Verharding
BU00740202,0.05702025760013532,Groen_Verharding,entropy,Groen & Verharding
BU00740203,0.038198063607229334,Groen_Verharding,entropy,Groen & Verharding
BU00740204,0.055306271543795714,Groen_Verharding,entropy,Groen & Verharding
BU00740205,0.04365963965288961,Groen_Verharding,entropy,Groen & Verharding
WK007403,0.07501228542080347,Groen_Verharding,entropy,Groen & Verharding
BU00740301,0.061274414484187543,Groen_Verharding,entropy,Groen & Verharding
BU00740302,0.07210414677503364,Groen_Verharding,entropy,Groen & Verharding
WK007404,0.16348875587406347,Groen_Verharding,entropy,Groen & Verharding
BU00740401,0.11688852558750207,Groen_Verharding,entropy,Groen & Verharding
BU00740402,0.09113976065884975,Groen_Verharding,entropy,Groen & Verharding
BU00740403,0.07493665986634217,Groen_Verharding,entropy,Groen & Verharding
BU00740404,0.06025462736140031,Groen_Verharding,entropy,Groen & Verharding
BU00740405,0.06825195767720638,Groen_Verharding,entropy,Groen & Verharding
BU00740406,0.06052140436140205,Groen_Verharding,entropy,Groen & Verharding
BU00740407,0.0482511853104822,Groen_Verharding,entropy,Groen & Verharding
WK007406,0.08385265916964496,Groen_Verharding,entropy,Groen & Verharding
BU00740601,0.12045269376680055,Groen_Verharding,entropy,Groen & Verharding
WK007407,0.05971484876556673,Groen_Verharding,entropy,Groen & Verharding
BU00740701,0.06374231510223698,Groen_Verharding,entropy,Groen & Verharding
BU00740702,0.18511690800218036,Groen_Verharding,entropy,Groen & Verharding
WK007409,0.12166419485598116,Groen_Verharding,entropy,Groen & Verharding
BU00740901,0.07089793146337572,Groen_Verharding,entropy,Groen & Verharding
BU00740902,0.06446396019670302,Groen_Verharding,entropy,Groen & Verharding
BU00740903,0.04167996835790106,Groen_Verharding,entropy,Groen & Verharding
GM0080,0.22218590730670268,Groen_Verharding,entropy,Groen & Verharding
WK008010,0.23989638764069188,Groen_Verharding,entropy,Groen & Verharding
BU00801001,0.16812413477022028,Groen_Verharding,entropy,Groen & Verharding
BU00801002,0.14107218479393877,Groen_Verharding,entropy,Groen & Verharding
BU00801003,0.21044907835265125,Groen_Verharding,entropy,Groen & Verharding
BU00801004,0.20956155879906466,Groen_Verharding,entropy,Groen & Verharding
BU00801005,0.23546860931809765,Groen_Verharding,entropy,Groen & Verharding
BU00801006,0.2237713353525641,Groen_Verharding,entropy,Groen & Verharding
BU00801007,0.20311176482057236,Groen_Verharding,entropy,Groen & Verharding
BU00801008,0.24932683904580125,Groen_Verharding,entropy,Groen & Verharding
WK008011,0.18969810757179173,Groen_Verharding,entropy,Groen & Verharding
BU00801101,0.24262130955873043,Groen_Verharding,entropy,Groen & Verharding
BU00801102,0.2534324963014846,Groen_Verharding,entropy,Groen & Verharding
BU00801103,0.21666713334282542,Groen_Verharding,entropy,Groen & Verharding
BU00801104,0.20859685320298726,Groen_Verharding,entropy,Groen & Verharding
BU00801105,0.2339510113376142,Groen_Verharding,entropy,Groen & Verharding
BU00801106,0.23358099396390816,Groen_Verharding,entropy,Groen & Verharding
BU00801107,0.22673509741395723,Groen_Verharding,entropy,Groen & Verharding
BU00801108,0.23830531288754328,Groen_Verharding,entropy,Groen & Verharding
BU00801109,0.2177838978310123,Groen_Verharding,entropy,Groen & Verharding
WK008020,0.22218590730670268,Groen_Verharding,entropy,Groen & Verharding
BU00802001,0.2441392068354436,Groen_Verharding,entropy,Groen & Verharding
BU00802002,0.2506518450705396,Groen_Verharding,entropy,Groen & Verharding
BU00802003,0.2504284998510073,Groen_Verharding,entropy,Groen & Verharding
BU00802004,0.24770420087507108,Groen_Verharding,entropy,Groen & Verharding
BU00802005,0.2498775757978285,Groen_Verharding,entropy,Groen & Verharding
BU00802006,0.23973779783913016,Groen_Verharding,entropy,Groen & Verharding
BU00802007,0.2543719351750733,Groen_Verharding,entropy,Groen & Verharding
BU00802008,0.21608830505206442,Groen_Verharding,entropy,Groen & Verharding
BU00802009,0.23978820316182758,Groen_Verharding,entropy,Groen & Verharding
WK008030,0.22218590730670268,Groen_Verharding,entropy,Groen & Verharding
BU00803001,0.2221581163995098,Groen_Verharding,entropy,Groen & Verharding
BU00803002,0.2543684906272696,Groen_Verharding,entropy,Groen & Verharding
BU00803003,0.235381053874051,Groen_Verharding,entropy,Groen & Verharding
BU00803004,0.24334795929946665,Groen_Verharding,entropy,Groen & Verharding
BU00803005,0.24839325566541423,Groen_Verharding,entropy,Groen & Verharding
BU00803006,0.22481037188146788,Groen_Verharding,entropy,Groen & Verharding
BU00803007,0.19106981692624492,Groen_Verharding,entropy,Groen & Verharding
WK008031,0.1299023815356621,Groen_Verharding,entropy,Groen & Verharding
BU00803101,0.2244916916183156,Groen_Verharding,entropy,Groen & Verharding
BU00803102,0.09562090775821462,Groen_Verharding,entropy,Groen & Verharding
WK008032,0.2429565650207675,Groen_Verharding,entropy,Groen & Verharding
BU00803201,0.25417818281543325,Groen_Verharding,entropy,Groen & Verharding
BU00803202,0.2474910832130252,Groen_Verharding,entropy,Groen & Verharding
BU00803203,0.2611969067394972,Groen_Verharding,entropy,Groen & Verharding
BU00803204,0.19590575614896716,Groen_Verharding,entropy,Groen & Verharding
WK008040,0.2449154170165837,Groen_Verharding,entropy,Groen & Verharding
BU00804001,0.2428712220716647,Groen_Verharding,entropy,Groen & Verharding
BU00804002,0.2309553276769061,Groen_Verharding,entropy,Groen & Verharding
BU00804003,0.242345128570511,Groen_Verharding,entropy,Groen & Verharding
BU00804004,0.2376718471330106,Groen_Verharding,entropy,Groen & Verharding
WK008041,0.1305877414898304,Groen_Verharding,entropy,Groen & Verharding
BU00804101,0.22449339587381367,Groen_Verharding,entropy,Groen & Verharding
BU00804102,0.24785740791494662,Groen_Verharding,entropy,Groen & Verharding
BU00804103,0.21800965864385838,Groen_Verharding,entropy,Groen & Verharding
BU00804104,0.249473676415061,Groen_Verharding,entropy,Groen & Verharding
BU00804105,0.1996996930937841,Groen_Verharding,entropy,Groen & Verharding
BU00804106,0.22749669495013558,Groen_Verharding,entropy,Groen & Verharding
BU00804107,0.18204864798834602,Groen_Verharding,entropy,Groen & Verharding
BU00804108,0.11337526254438521,Groen_Verharding,entropy,Groen & Verharding
BU00804109,0.05709909518027079,Groen_Verharding,entropy,Groen & Verharding
BU00804110,0.1351238824539181,Groen_Verharding,entropy,Groen & Verharding
WK008050,0.20814970456905754,Groen_Verharding,entropy,Groen & Verharding
BU00805001,0.2382853317742302,Groen_Verharding,entropy,Groen & Verharding
BU00805002,0.22201569489285664,Groen_Verharding,entropy,Groen & Verharding
BU00805003,0.24117587843698682,Groen_Verharding,entropy,Groen & Verharding
WK008051,0.18969810757179173,Groen_Verharding,entropy,Groen & Verharding
BU00805101,0.24958854275327247,Groen_Verharding,entropy,Groen & Verharding
BU00805102,0.2600831110585299,Groen_Verharding,entropy,Groen & Verharding
BU00805103,0.2561298844806605,Groen_Verharding,entropy,Groen & Verharding
BU00805104,0.2223835585184427,Groen_Verharding,entropy,Groen & Verharding
BU00805105,0.2043293530509703,Groen_Verharding,entropy,Groen & Verharding
WK008060,0.1869421145795963,Groen_Verharding,entropy,Groen & Verharding
BU00806001,0.2527202854258395,Groen_Verharding,entropy,Groen & Verharding
BU00806002,0.2062426022011144,Groen_Verharding,entropy,Groen & Verharding
BU00806003,0.09910557414413977,Groen_Verharding,entropy,Groen & Verharding
WK008061,0.247451521561817,Groen_Verharding,entropy,Groen & Verharding
BU00806101,0.26215605951620996,Groen_Verharding,entropy,Groen & Verharding
BU00806102,0.26337791461393656,Groen_Verharding,entropy,Groen & Verharding
WK008062,0.0948037409948118,Groen_Verharding,entropy,Groen & Verharding
BU00806201,0.14962380094777122,Groen_Verharding,entropy,Groen & Verharding
BU00806202,0.11159677166284314,Groen_Verharding,entropy,Groen & Verharding
BU00806203,0.03495134662779422,Groen_Verharding,entropy,Groen & Verharding
BU00806204,0.18285611680996142,Groen_Verharding,entropy,Groen & Verharding
BU00806205,0.11006761453010988,Groen_Verharding,entropy,Groen & Verharding
BU00806206,0.06107036214002026,Groen_Verharding,entropy,Groen & Verharding
BU00806207,0.13662668399814226,Groen_Verharding,entropy,Groen & Verharding
BU00806208,0.02994084220025834,Groen_Verharding,entropy,Groen & Verharding
BU00806209,0.16209515248843828,Groen_Verharding,entropy,Groen & Verharding
BU00806210,0.04956010349797267,Groen_Verharding,entropy,Groen & Verharding
WK008063,0.16348875587406345,Groen_Verharding,entropy,Groen & Verharding
BU00806301,0.20058750751149212,Groen_Verharding,entropy,Groen & Verharding
BU00806302,0.05247608367688169,Groen_Verharding,entropy,Groen & Verharding
BU00806303,0.070957616711722,Groen_Verharding,entropy,Groen & Verharding
BU00806304,0.052642308447507086,Groen_Verharding,entropy,Groen & Verharding
BU00806305,0.13421486019209403,Groen_Verharding,entropy,Groen & Verharding
BU00806306,0.03883764838823063,Groen_Verharding,entropy,Groen & Verharding
BU00806307,0.06167350980823253,Groen_Verharding,entropy,Groen & Verharding
WK008070,0.189757328344488,Groen_Verharding,entropy,Groen & Verharding
BU00807001,0.2562238475076114,Groen_Verharding,entropy,Groen & Verharding
BU00807002,0.2527884712154119,Groen_Verharding,entropy,Groen & Verharding
BU00807003,0.21328801487479604,Groen_Verharding,entropy,Groen & Verharding
BU00807004,0.21648789227760715,Groen_Verharding,entropy,Groen & Verharding
WK008071,0.19331615776568262,Groen_Verharding,entropy,Groen & Verharding
BU00807101,0.21018866007321302,Groen_Verharding,entropy,Groen & Verharding
WK008072,0.15133357342211154,Groen_Verharding,entropy,Groen & Verharding
BU00807201,0.13573323456816042,Groen_Verharding,entropy,Groen & Verharding
BU00807202,0.11874688210755503,Groen_Verharding,entropy,Groen & Verharding
BU00807203,0.1773782393743162,Groen_Verharding,entropy,Groen & Verharding
WK008073,0.1308640712418456,Groen_Verharding,entropy,Groen & Verharding
BU00807301,0.17860643377258514,Groen_Verharding,entropy,Groen & Verharding
BU00807302,0.21209277501175125,Groen_Verharding,entropy,Groen & Verharding
BU00807303,0.14794012489105693,Groen_Verharding,entropy,Groen & Verharding
BU00807304,0.045178462258805674,Groen_Verharding,entropy,Groen & Verharding
BU00807305,0.19642058400559304,Groen_Verharding,entropy,Groen & Verharding
BU00807306,0.16426641844013443,Groen_Verharding,entropy,Groen & Verharding
WK008074,0.16709108095256653,Groen_Verharding,entropy,Groen & Verharding
BU00807401,0.03762596658456028,Groen_Verharding,entropy,Groen & Verharding
BU00807402,0.08971623418581387,Groen_Verharding,entropy,Groen & Verharding
BU00807403,0.16088241450266946,Groen_Verharding,entropy,Groen & Verharding
BU00807404,0.17240709445328797,Groen_Verharding,entropy,Groen & Verharding
BU00807405,0.13409611090737214,Groen_Verharding,entropy,Groen & Verharding
WK008080,0.064148808836307,Groen_Verharding,entropy,Groen & Verharding
BU00808001,0.16274563334934147,Groen_Verharding,entropy,Groen & Verharding
BU00808002,0.050180004249763314,Groen_Verharding,entropy,Groen & Verharding
BU00808003,0.05889852430752931,Groen_Verharding,entropy,Groen & Verharding
BU00808004,0.16242036873490165,Groen_Verharding,entropy,Groen & Verharding
BU00808005,0.046994140501913195,Groen_Verharding,entropy,Groen & Verharding
BU00808006,0.04107965485636709,Groen_Verharding,entropy,Groen & Verharding
BU00808007,0.17661009766779281,Groen_Verharding,entropy,Groen & Verharding
BU00808008,0.09242029145189462,Groen_Verharding,entropy,Groen & Verharding
WK008081,0.07514311278092681,Groen_Verharding,entropy,Groen & Verharding
BU00808101,0.18254888375698838,Groen_Verharding,entropy,Groen & Verharding
BU00808102,0.03963350521242327,Groen_Verharding,entropy,Groen & Verharding
BU00808103,0.19480212467592511,Groen_Verharding,entropy,Groen & Verharding
BU00808104,0.032545838112901564,Groen_Verharding,entropy,Groen & Verharding
BU00808105,0.15549854262630025,Groen_Verharding,entropy,Groen & Verharding
BU00808106,0.02291208201874787,Groen_Verharding,entropy,Groen & Verharding
BU00808107,0.03961795656028103,Groen_Verharding,entropy,Groen & Verharding
BU00808108,0.05211442530265293,Groen_Verharding,entropy,Groen & Verharding
BU00808109,0.17210513342779274,Groen_Verharding,entropy,Groen & Verharding
BU00808110,0.04380974544365964,Groen_Verharding,entropy,Groen & Verharding
BU00808111,0.15979477039548862,Groen_Verharding,entropy,Groen & Verharding
BU00808112,0.04292960265031532,Groen_Verharding,entropy,Groen & Verharding
BU00808113,0.044568342841823545,Groen_Verharding,entropy,Groen & Verharding
BU00808114,0.029048460030014385,Groen_Verharding,entropy,Groen & Verharding
BU00808115,0.04157802485178659,Groen_Verharding,entropy,Groen & Verharding
BU00808116,0.18716584722743607,Groen_Verharding,entropy,Groen & Verharding
BU00808117,0.04387214278156518,Groen_Verharding,entropy,Groen & Verharding
WK008082,0.16348875587406345,Groen_Verharding,entropy,Groen & Verharding
BU00808201,0.16806150227044186,Groen_Verharding,entropy,Groen & Verharding
BU00808202,0.035954214319940156,Groen_Verharding,entropy,Groen & Verharding
BU00808203,0.035109385788243,Groen_Verharding,entropy,Groen & Verharding
BU00808204,0.07740436235228017,Groen_Verharding,entropy,Groen & Verharding
BU00808205,0.027562386095660234,Groen_Verharding,entropy,Groen & Verharding
BU00808206,0.18982777337129003,Groen_Verharding,entropy,Groen & Verharding
BU00808207,0.05088827823437052,Groen_Verharding,entropy,Groen & Verharding
BU00808208,0.1779576622926477,Groen_Verharding,entropy,Groen & Verharding
BU00808209,0.035591057381288795,Groen_Verharding,entropy,Groen & Verharding
GM1970,0.18969810757179173,Groen_Verharding,entropy,Groen & Verharding
WK197000,0.18969810757179173,Groen_Verharding,entropy,Groen & Verharding
BU19700000,0.1903708663975258,Groen_Verharding,entropy,Groen & Verharding
BU19700001,0.14305877496335248,Groen_Verharding,entropy,Groen & Verharding
BU19700002,0.20989971472417326,Groen_Verharding,entropy,Groen & Verharding
BU19700003,0.1935191403328422,Groen_Verharding,entropy,Groen & Verharding
BU19700004,0.08968739321144137,Groen_Verharding,entropy,Groen & Verharding
BU19700005,0.22581580913755778,Groen_Verharding,entropy,Groen & Verharding
BU19700006,0.13905985183020186,Groen_Verharding,entropy,Groen & Verharding
BU19700007,0.07857551063127795,Groen_Verharding,entropy,Groen & Verharding
BU19700008,0.14530103025161809,Groen_Verharding,entropy,Groen & Verharding
BU19700009,0.16282384054675408,Groen_Verharding,entropy,Groen & Verharding
BU19700010,0.12734898091298574,Groen_Verharding,entropy,Groen & Verharding
BU19700011,0.19689670534253664,Groen_Verharding,entropy,Groen & Verharding
WK197001,0.05432115045117378,Groen_Verharding,entropy,Groen & Verharding
BU19700100,0.11225336400570207,Groen_Verharding,entropy,Groen & Verharding
BU19700101,0.03552684676919472,Groen_Verharding,entropy,Groen & Verharding
BU19700102,0.08893752306189397,Groen_Verharding,entropy,Groen & Verharding
BU19700103,0.04607237784307134,Groen_Verharding,entropy,Groen & Verharding
BU19700104,0.03735420672054247,Groen_Verharding,entropy,Groen & Verharding
BU19700105,0.0731529448250451,Groen_Verharding,entropy,Groen & Verharding
BU19700107,0.07407406915456012,Groen_Verharding,entropy,Groen & Verharding
BU19700108,0.05256773103660758,Groen_Verharding,entropy,Groen & Verharding
BU19700109,0.03166715035179284,Groen_Verharding,entropy,Groen & Verharding
WK197002,0.05262242208581301,Groen_Verharding,entropy,Groen & Verharding
BU19700200,0.10290527919403929,Groen_Verharding,entropy,Groen & Verharding
BU19700201,0.05188182843969908,Groen_Verharding,entropy,Groen & Verharding
BU19700202,0.13401876008351077,Groen_Verharding,entropy,Groen & Verharding
BU19700208,0.028446241331197285,Groen_Verharding,entropy,Groen & Verharding
BU19700209,0.039335033445417195,Groen_Verharding,entropy,Groen & Verharding
WK197003,0.06467681220236984,Groen_Verharding,entropy,Groen & Verharding
BU19700300,0.11345563905376817,Groen_Verharding,entropy,Groen & Verharding
BU19700301,0.07223523879202381,Groen_Verharding,entropy,Groen & Verharding
BU19700302,0.06860750790570319,Groen_Verharding,entropy,Groen & Verharding
BU19700303,0.15693062610528252,Groen_Verharding,entropy,Groen & Verharding
BU19700307,0.08675309521870272,Groen_Verharding,entropy,Groen & Verharding
BU19700308,0.03486574022513242,Groen_Verharding,entropy,Groen & Verharding
BU19700309,0.03275201516051492,Groen_Verharding,entropy,Groen & Verharding
WK197004,0.0568527556159097,Groen_Verharding,entropy,Groen & Verharding
BU19700400,0.16087844359732897,Groen_Verharding,entropy,Groen & Verharding
BU19700401,0.07748817121460612,Groen_Verharding,entropy,Groen & Verharding
BU19700408,0.05019050274034674,Groen_Verharding,entropy,Groen & Verharding
BU19700409,0.029012550150666717,Groen_Verharding,entropy,Groen & Verharding
WK197005,0.058388238461177654,Groen_Verharding,entropy,Groen & Verharding
BU19700500,0.16938600200495088,Groen_Verharding,entropy,Groen & Verharding
BU19700501,0.17991688893924812,Groen_Verharding,entropy,Groen & Verharding
BU19700502,0.14377017090617847,Groen_Verharding,entropy,Groen & Verharding
BU19700503,0.07926036912584382,Groen_Verharding,entropy,Groen & Verharding
BU19700506,0.04546749701840635,Groen_Verharding,entropy,Groen & Verharding
BU19700507,0.04517042984142944,Groen_Verharding,entropy,Groen & Verharding
BU19700508,0.03902466276769977,Groen_Verharding,entropy,Groen & Verharding
BU19700509,0.06559505431270231,Groen_Verharding,entropy,Groen & Verharding
WK197006,0.06467681220236986,Groen_Verharding,entropy,Groen & Verharding
BU19700600,0.17768577261131951,Groen_Verharding,entropy,Groen & Verharding
BU19700601,0.04370840649943153,Groen_Verharding,entropy,Groen & Verharding
BU19700602,0.17718258434672166,Groen_Verharding,entropy,Groen & Verharding
BU19700603,0.0361858019730123,Groen_Verharding,entropy,Groen & Verharding
BU19700604,0.022651670588719443,Groen_Verharding,entropy,Groen & Verharding
BU19700605,0.05118918834197071,Groen_Verharding,entropy,Groen & Verharding
BU19700608,0.03968217696130501,Groen_Verharding,entropy,Groen & Verharding
BU19700609,0.03814288455784673,Groen_Verharding,entropy,Groen & Verharding
WK197007,0.057499539972474735,Groen_Verharding,entropy,Groen & Verharding
BU19700700,0.1514788947748416,Groen_Verharding,entropy,Groen & Verharding
BU19700701,0.10835758102405638,Groen_Verharding,entropy,Groen & Verharding
BU19700702,0.03628714098266493,Groen_Verharding,entropy,Groen & Verharding
BU19700703,0.03581419054009366,Groen_Verharding,entropy,Groen & Verharding
BU19700708,0.04648576503485953,Groen_Verharding,entropy,Groen & Verharding
BU19700709,0.03245494734626601,Groen_Verharding,entropy,Groen & Verharding
WK197008,0.064148808836307,Groen_Verharding,entropy,Groen & Verharding
BU19700800,0.16377076592887216,Groen_Verharding,entropy,Groen & Verharding
BU19700801,0.17202041176029892,Groen_Verharding,entropy,Groen & Verharding
BU19700802,0.11228599687702459,Groen_Verharding,entropy,Groen & Verharding
BU19700803,0.027924353656503996,Groen_Verharding,entropy,Groen & Verharding
BU19700807,0.0242088213738936,Groen_Verharding,entropy,Groen & Verharding
BU19700808,0.04585508584881683,Groen_Verharding,entropy,Groen & Verharding
BU19700809,0.045445789885424796,Groen_Verharding,entropy,Groen & Verharding
WK197009,0.064148808836307,Groen_Verharding,entropy,Groen & Verharding
BU19700900,0.1892002424651304,Groen_Verharding,entropy,Groen & Verharding
BU19700909,0.03809958087960543,Groen_Verharding,entropy,Groen & Verharding
WK197010,0.05755103512708369,Groen_Verharding,entropy,Groen & Verharding
BU19701000,0.15763288471036457,Groen_Verharding,entropy,Groen & Verharding
BU19701001,0.07133414888649106,Groen_Verharding,entropy,Groen & Verharding
BU19701002,0.038900220150729276,Groen_Verharding,entropy,Groen & Verharding
BU19701003,0.041884998997727955,Groen_Verharding,entropy,Groen & Verharding
BU19701004,0.031527115811852295,Groen_Verharding,entropy,Groen & Verharding
BU19701005,0.042582912643426916,Groen_Verharding,entropy,Groen & Verharding
BU19701006,0.037893279552558994,Groen_Verharding,entropy,Groen & Verharding
BU19701008,0.037697238811883076,Groen_Verharding,entropy,Groen & Verharding
BU19701009,0.03702983477142158,Groen_Verharding,entropy,Groen & Verharding
WK197011,0.14686220172110756,Groen_Verharding,entropy,Groen & Verharding
BU19701100,0.1865114386870339,Groen_Verharding,entropy,Groen & Verharding
BU19701109,0.046438883083126874,Groen_Verharding,entropy,Groen & Verharding
WK197012,0.13002679946922516,Groen_Verharding,entropy,Groen & Verharding
BU19701200,0.06085322860984885,Groen_Verharding,entropy,Groen & Verharding
BU19701201,0.04545905201682229,Groen_Verharding,entropy,Groen & Verharding
BU19701202,0.05148684200116616,Groen_Verharding,entropy,Groen & Verharding
BU19701203,0.07078127161828449,Groen_Verharding,entropy,Groen & Verharding
BU19701204,0.035379278407414616,Groen_Verharding,entropy,Groen & Verharding
BU19701206,0.04934438576666683,Groen_Verharding,entropy,Groen & Verharding
BU19701207,0.06074285026767111,Groen_Verharding,entropy,Groen & Verharding
BU19701208,0.029465964148415985,Groen_Verharding,entropy,Groen & Verharding
BU19701209,0.25930374229994246,Groen_Verharding,entropy,Groen & Verharding
WK197013,0.05732970396899377,Groen_Verharding,entropy,Groen & Verharding
BU19701300,0.07812665914463937,Groen_Verharding,entropy,Groen & Verharding
BU19701301,0.06113006905122052,Groen_Verharding,entropy,Groen & Verharding
BU19701302,0.11880801684811002,Groen_Verharding,entropy,Groen & Verharding
BU19701308,0.04732433256617362,Groen_Verharding,entropy,Groen & Verharding
BU19701309,0.055749886060134715,Groen_Verharding,entropy,Groen & Verharding
WK197014,0.0948037409948118,Groen_Verharding,entropy,Groen & Verharding
BU19701400,0.09808408597788815,Groen_Verharding,entropy,Groen & Verharding
BU19701401,0.18769898712852773,Groen_Verharding,entropy,Groen & Verharding
BU19701402,0.07009867989441103,Groen_Verharding,entropy,Groen & Verharding
BU19701409,0.03531412755175565,Groen_Verharding,entropy,Groen & Verharding
GM0085,0.18969810757179173,Groen_Verharding,entropy,Groen & Verharding
WK008501,0.09864059388987911,Groen_Verharding,entropy,Groen & Verharding
BU00850101,0.17075860678799407,Groen_Verharding,entropy,Groen & Verharding
BU00850102,0.15115345565481306,Groen_Verharding,entropy,Groen & Verharding
BU00850103,0.07342467874662022,Groen_Verharding,entropy,Groen & Verharding
BU00850104,0.18135406041267066,Groen_Verharding,entropy,Groen & Verharding
BU00850105,0.18657728587218889,Groen_Verharding,entropy,Groen & Verharding
BU00850106,0.09957638355626762,Groen_Verharding,entropy,Groen & Verharding
BU00850107,0.21608544638235105,Groen_Verharding,entropy,Groen & Verharding
BU00850108,0.12467911630236583,Groen_Verharding,entropy,Groen & Verharding
BU00850109,0.1568522612312521,Groen_Verharding,entropy,Groen & Verharding
BU00850110,0.22980178203853996,Groen_Verharding,entropy,Groen & Verharding
BU00850111,0.10852313589326637,Groen_Verharding,entropy,Groen & Verharding
WK008502,0.05732970396899377,Groen_Verharding,entropy,Groen & Verharding
BU00850201,0.18186842385481267,Groen_Verharding,entropy,Groen & Verharding
BU00850202,0.21488314681786413,Groen_Verharding,entropy,Groen & Verharding
BU00850203,0.07152613470331547,Groen_Verharding,entropy,Groen & Verharding
WK008503,0.04715667362988962,Groen_Verharding,entropy,Groen & Verharding
BU00850301,0.15639670567952843,Groen_Verharding,entropy,Groen & Verharding
BU00850302,0.06586235799621493,Groen_Verharding,entropy,Groen & Verharding
WK008504,0.08316190308764242,Groen_Verharding,entropy,Groen & Verharding
BU00850401,0.1687665032321967,Groen_Verharding,entropy,Groen & Verharding
BU00850402,0.12618988626802063,Groen_Verharding,entropy,Groen & Verharding
WK008505,0.048998944490612095,Groen_Verharding,entropy,Groen & Verharding
BU00850501,0.08069372183831139,Groen_Verharding,entropy,Groen & Verharding
BU00850502,0.044381055379604205,Groen_Verharding,entropy,Groen & Verharding
WK008506,0.0948037409948118,Groen_Verharding,entropy,Groen & Verharding
BU00850601,0.11461545307744148,Groen_Verharding,entropy,Groen & Verharding
BU00850602,0.1087213660549636,Groen_Verharding,entropy,Groen & Verharding
BU00850603,0.12721497644540458,Groen_Verharding,entropy,Groen & Verharding
BU00850604,0.0994753835623979,Groen_Verharding,entropy,Groen & Verharding
BU00850605,0.10298780280303939,Groen_Verharding,entropy,Groen & Verharding
BU00850606,0.12129112750423815,Groen_Verharding,entropy,Groen & Verharding
BU00850607,0.13980185939404416,Groen_Verharding,entropy,Groen & Verharding
BU00850608,0.0479120312821296,Groen_Verharding,entropy,Groen & Verharding
WK008507,0.04475953360900111,Groen_Verharding,entropy,Groen & Verharding
BU00850701,0.09803482961306527,Groen_Verharding,entropy,Groen & Verharding
BU00850702,0.047198879910648195,Groen_Verharding,entropy,Groen & Verharding
WK008508,0.049088900556766006,Groen_Verharding,entropy,Groen & Verharding
BU00850801,0.18621020958927406,Groen_Verharding,entropy,Groen & Verharding
BU00850802,0.06756106643627716,Groen_Verharding,entropy,Groen & Verharding
WK008509,0.046478423067905186,Groen_Verharding,entropy,Groen & Verharding
BU00850901,0.13035298268240417,Groen_Verharding,entropy,Groen & Verharding
BU00850902,0.07596003685672152,Groen_Verharding,entropy,Groen & Verharding
WK008510,0.0533925339976572,Groen_Verharding,entropy,Groen & Verharding
BU00851001,0.18177299024389074,Groen_Verharding,entropy,Groen & Verharding
BU00851002,0.15914872610711586,Groen_Verharding,entropy,Groen & Verharding
BU00851003,0.07812761242672822,Groen_Verharding,entropy,Groen & Verharding
WK008511,0.18969810757179173,Groen_Verharding,entropy,Groen & Verharding
BU00851101,0.22112636597883112,Groen_Verharding,entropy,Groen & Verharding
BU00851102,0.20852967092772096,Groen_Verharding,entropy,Groen & Verharding
BU00851103,0.2363323533458163,Groen_Verharding,entropy,Groen & Verharding
BU00851104,0.20607414116467,Groen_Verharding,entropy,Groen & Verharding
BU00851105,0.189771219194518,Groen_Verharding,entropy,Groen & Verharding
BU00851106,0.21717048993364388,Groen_Verharding,entropy,Groen & Verharding
BU00851107,0.1776141443116438,Groen_Verharding,entropy,Groen & Verharding
BU00851108,0.23417591426954162,Groen_Verharding,entropy,Groen & Verharding
BU00851109,0.21969868319851552,Groen_Verharding,entropy,Groen & Verharding
BU00851110,0.20023786202129878,Groen_Verharding,entropy,Groen & Verharding
BU00851111,0.19472217708006376,Groen_Verharding,entropy,Groen & Verharding
BU00851112,0.2350672673692654,Groen_Verharding,entropy,Groen & Verharding
BU00851113,0.24533786801262059,Groen_Verharding,entropy,Groen & Verharding
BU00851114,0.23366843909756976,Groen_Verharding,entropy,Groen & Verharding
BU00851115,0.21689193251774824,Groen_Verharding,entropy,Groen & Verharding
BU00851116,0.23287840937294266,Groen_Verharding,entropy,Groen & Verharding
BU00851117,0.2051277636849983,Groen_Verharding,entropy,Groen & Verharding
BU00851118,0.06294534012659361,Groen_Verharding,entropy,Groen & Verharding
WK008512,0.03975833807102795,Groen_Verharding,entropy,Groen & Verharding
BU00851201,0.08030926764254322,Groen_Verharding,entropy,Groen & Verharding
BU00851202,0.16011322972919445,Groen_Verharding,entropy,Groen & Verharding
WK008513,0.05723032193149135,Groen_Verharding,entropy,Groen & Verharding
BU00851301,0.13296519354631173,Groen_Verharding,entropy,Groen & Verharding
BU00851302,0.03975054965983329,Groen_Verharding,entropy,Groen & Verharding
GM0086,0.18969810757179173,Groen_Verharding,entropy,Groen & Verharding
WK008601,0.0620587121647695,Groen_Verharding,entropy,Groen & Verharding
BU00860101,0.10460244908840262,Groen_Verharding,entropy,Groen & Verharding
BU00860102,0.1316436668958383,Groen_Verharding,entropy,Groen & Verharding
BU00860103,0.09463508388220396,Groen_Verharding,entropy,Groen & Verharding
WK008602,0.10387343861531403,Groen_Verharding,entropy,Groen & Verharding
BU00860201,0.20234861502738946,Groen_Verharding,entropy,Groen & Verharding
BU00860202,0.21916484038085923,Groen_Verharding,entropy,Groen & Verharding
BU00860203,0.22323560245339427,Groen_Verharding,entropy,Groen & Verharding
BU00860204,0.1596474637610343,Groen_Verharding,entropy,Groen & Verharding
BU00860205,0.21587324752885337,Groen_Verharding,entropy,Groen & Verharding
BU00860206,0.23122152712555263,Groen_Verharding,entropy,Groen & Verharding
BU00860207,0.21798801376875473,Groen_Verharding,entropy,Groen & Verharding
BU00860208,0.12035604393635926,Groen_Verharding,entropy,Groen & Verharding
BU00860209,0.13110441997766162,Groen_Verharding,entropy,Groen & Verharding
WK008604,0.05986762460653942,Groen_Verharding,entropy,Groen & Verharding
BU00860401,0.19132536335257472,Groen_Verharding,entropy,Groen & Verharding
BU00860402,0.03070931138348223,Groen_Verharding,entropy,Groen & Verharding
WK008605,0.1635479766467597,Groen_Verharding,entropy,Groen & Verharding
BU00860501,0.22513442522892743,Groen_Verharding,entropy,Groen & Verharding
BU00860502,0.205085943250998,Groen_Verharding,entropy,Groen & Verharding
BU00860503,0.2311906276154799,Groen_Verharding,entropy,Groen & Verharding
BU00860504,0.21656726318489322,Groen_Verharding,entropy,Groen & Verharding
BU00860505,0.20410511014627905,Groen_Verharding,entropy,Groen & Verharding
BU00860506,0.23917523303925972,Groen_Verharding,entropy,Groen & Verharding
BU00860507,0.21382198721129383,Groen_Verharding,entropy,Groen & Verharding
BU00860508,0.038373130576220695,Groen_Verharding,entropy,Groen & Verharding
WK008606,0.05692930099478921,Groen_Verharding,entropy,Groen & Verharding
BU00860601,0.16838467990548145,Groen_Verharding,entropy,Groen & Verharding
BU00860602,0.06905123109978005,Groen_Verharding,entropy,Groen & Verharding
WK008607,0.04454538362159123,Groen_Verharding,entropy,Groen & Verharding
BU00860701,0.18498622197627498,Groen_Verharding,entropy,Groen & Verharding
BU00860702,0.040475673636337424,Groen_Verharding,entropy,Groen & Verharding
WK008608,0.054172881225260046,Groen_Verharding,entropy,Groen & Verharding
BU00860801,0.16474819352356582,Groen_Verharding,entropy,Groen & Verharding
BU00860802,0.04613548733152416,Groen_Verharding,entropy,Groen & Verharding
WK008609,0.053377217245769,Groen_Verharding,entropy,Groen & Verharding
BU00860901,0.17404927532208347,Groen_Verharding,entropy,Groen & Verharding
BU00860902,0.06489053250461208,Groen_Verharding,entropy,Groen & Verharding
WK008610,0.049865877506726566,Groen_Verharding,entropy,Groen & Verharding
BU00861001,0.18854358413003813,Groen_Verharding,entropy,Groen & Verharding
BU00861002,0.050614660108593654,Groen_Verharding,entropy,Groen & Verharding
WK008611,0.0533925339976572,Groen_Verharding,entropy,Groen & Verharding
BU00861101,0.1693691848094331,Groen_Verharding,entropy,Groen & Verharding
BU00861102,0.05099457486504436,Groen_Verharding,entropy,Groen & Verharding
WK008613,0.06244508302979164,Groen_Verharding,entropy,Groen & Verharding
BU00861301,0.1055952388108409,Groen_Verharding,entropy,Groen & Verharding
BU00861302,0.030620077254454096,Groen_Verharding,entropy,Groen & Verharding
WK008614,0.05467250688884923,Groen_Verharding,entropy,Groen & Verharding
BU00861401,0.13910633726940022,Groen_Verharding,entropy,Groen & Verharding
BU00861402,0.06509798090655274,Groen_Verharding,entropy,Groen & Verharding
WK008615,0.06378494134001571,Groen_Verharding,entropy,Groen & Verharding
BU00861501,0.20318622838491385,Groen_Verharding,entropy,Groen & Verharding
BU00861502,0.057972063389824,Groen_Verharding,entropy,Groen & Verharding
WK008616,0.12025015759541934,Groen_Verharding,entropy,Groen & Verharding
BU00861601,0.22760972424460466,Groen_Verharding,entropy,Groen & Verharding
BU00861602,0.18754307856962457,Groen_Verharding,entropy,Groen & Verharding
BU00861603,0.21496595486090947,Groen_Verharding,entropy,Groen & Verharding
BU00861604,0.2277346544487157,Groen_Verharding,entropy,Groen & Verharding
BU00861605,0.21147984530752584,Groen_Verharding,entropy,Groen & Verharding
BU00861606,0.21576253346110671,Groen_Verharding,entropy,Groen & Verharding
BU00861607,0.05522873190048257,Groen_Verharding,entropy,Groen & Verharding
WK008617,0.06467681220236986,Groen_Verharding,entropy,Groen & Verharding
BU00861701,0.1697121002510771,Groen_Verharding,entropy,Groen & Verharding
BU00861702,0.16538045752783573,Groen_Verharding,entropy,Groen & Verharding
BU00861703,0.06440060869003177,Groen_Verharding,entropy,Groen & Verharding
GM0088,0.13096716758375002,Groen_Verharding,entropy,Groen & Verharding
WK008800,0.15962345629761363,Groen_Verharding,entropy,Groen & Verharding
BU00880000,0.15760684073594255,Groen_Verharding,entropy,Groen & Verharding
BU00880009,0.3974307035253212,Groen_Verharding,entropy,Groen & Verharding
GM0090,0.18969810757179173,Groen_Verharding,entropy,Groen & Verharding
WK009001,0.21778244873435754,Groen_Verharding,entropy,Groen & Verharding
BU00900101,0.22868270635711033,Groen_Verharding,entropy,Groen & Verharding
WK009002,0.16694431074104057,Groen_Verharding,entropy,Groen & Verharding
BU00900201,0.16239187641928365,Groen_Verharding,entropy,Groen & Verharding
BU00900202,0.23991314329151608,Groen_Verharding,entropy,Groen & Verharding
BU00900203,0.2056959775268491,Groen_Verharding,entropy,Groen & Verharding
BU00900204,0.24902484125441413,Groen_Verharding,entropy,Groen & Verharding
BU00900205,0.24895708190244306,Groen_Verharding,entropy,Groen & Verharding
BU00900206,0.2221264377932768,Groen_Verharding,entropy,Groen & Verharding
WK009003,0.18532811340940386,Groen_Verharding,entropy,Groen & Verharding
BU00900301,0.23931560646724936,Groen_Verharding,entropy,Groen & Verharding
BU00900302,0.2580624207022829,Groen_Verharding,entropy,Groen & Verharding
BU00900303,0.2339599315734188,Groen_Verharding,entropy,Groen & Verharding
BU00900304,0.20987264957660598,Groen_Verharding,entropy,Groen & Verharding
WK009004,0.17831643859883992,Groen_Verharding,entropy,Groen & Verharding
BU00900401,0.1751762466011115,Groen_Verharding,entropy,Groen & Verharding
BU00900402,0.20827042302637533,Groen_Verharding,entropy,Groen & Verharding
BU00900403,0.2553714590004419,Groen_Verharding,entropy,Groen & Verharding
BU00900404,0.2583872694952147,Groen_Verharding,entropy,Groen & Verharding
BU00900405,0.2532226361332656,Groen_Verharding,entropy,Groen & Verharding
BU00900406,0.2519934167301066,Groen_Verharding,entropy,Groen & Verharding
WK009005,0.23425207589823996,Groen_Verharding,entropy,Groen & Verharding
BU00900501,0.23659210913179163,Groen_Verharding,entropy,Groen & Verharding
BU00900502,0.23829373036941598,Groen_Verharding,entropy,Groen & Verharding
WK009006,0.23201681558229093,Groen_Verharding,entropy,Groen & Verharding
BU00900601,0.25378461955540804,Groen_Verharding,entropy,Groen & Verharding
BU00900602,0.2528537782008085,Groen_Verharding,entropy,Groen & Verharding
BU00900603,0.2153769356511252,Groen_Verharding,entropy,Groen & Verharding
WK009007,0.15133357342211154,Groen_Verharding,entropy,Groen & Verharding
BU00900701,0.1606426487614082,Groen_Verharding,entropy,Groen & Verharding
BU00900702,0.12357277605399455,Groen_Verharding,entropy,Groen & Verharding
BU00900703,0.14336235258566693,Groen_Verharding,entropy,Groen & Verharding
BU00900704,0.14184299115103874,Groen_Verharding,entropy,Groen & Verharding
BU00900705,0.10721024454587005,Groen_Verharding,entropy,Groen & Verharding
BU00900706,0.08807007688221859,Groen_Verharding,entropy,Groen & Verharding
WK009008,0.1729251432612558,Groen_Verharding,entropy,Groen & Verharding
BU00900801,0.23066832102483345,Groen_Verharding,entropy,Groen & Verharding
BU00900802,0.22062697812235424,Groen_Verharding,entropy,Groen & Verharding
BU00900803,0.17436131780466874,Groen_Verharding,entropy,Groen & Verharding
WK009009,0.23711033152085598,Groen_Verharding,entropy,Groen & Verharding
BU00900901,0.23572875448383174,Groen_Verharding,entropy,Groen & Verharding
BU00900902,0.22675183282298664,Groen_Verharding,entropy,Groen & Verharding
BU00900903,0.2550306127710811,Groen_Verharding,entropy,Groen & Verharding
BU00900904,0.22360029709531415,Groen_Verharding,entropy,Groen & Verharding
WK009010,0.2398124382777301,Groen_Verharding,entropy,Groen & Verharding
BU00901001,0.15062324683842873,Groen_Verharding,entropy,Groen & Verharding
BU00901002,0.22906603126510183,Groen_Verharding,entropy,Groen & Verharding
BU00901003,0.246104144708258,Groen_Verharding,entropy,Groen & Verharding
BU00901004,0.22943431728737684,Groen_Verharding,entropy,Groen & Verharding
WK009011,0.18352316156344375,Groen_Verharding,entropy,Groen & Verharding
BU00901101,0.19917503767544234,Groen_Verharding,entropy,Groen & Verharding
WK009012,0.08669505561703494,Groen_Verharding,entropy,Groen & Verharding
BU00901201,0.13869851919185244,Groen_Verharding,entropy,Groen & Verharding
BU00901202,0.0885947416315713,Groen_Verharding,entropy,Groen & Verharding
WK009013,0.20447966774723056,Groen_Verharding,entropy,Groen & Verharding
BU00901301,0.24875617187664484,Groen_Verharding,entropy,Groen & Verharding
BU00901302,0.2256780055084909,Groen_Verharding,entropy,Groen & Verharding
BU00901303,0.21276397042380632,Groen_Verharding,entropy,Groen & Verharding
WK009021,0.09632283253209976,Groen_Verharding,entropy,Groen & Verharding
BU00902104,0.04132314568922316,Groen_Verharding,entropy,Groen & Verharding
BU00902105,0.044542972094715354,Groen_Verharding,entropy,Groen & Verharding
BU00902109,0.05680558698205311,Groen_Verharding,entropy,Groen & Verharding
BU00902110,0.05355161617016743,Groen_Verharding,entropy,Groen & Verharding
BU00902114,0.06494651433970144,Groen_Verharding,entropy,Groen & Verharding
WK009022,0.064148808836307,Groen_Verharding,entropy,Groen & Verharding
BU00902201,0.052600987806835905,Groen_Verharding,entropy,Groen & Verharding
BU00902202,0.07037119796908504,Groen_Verharding,entropy,Groen & Verharding
BU00902203,0.21473954814053,Groen_Verharding,entropy,Groen & Verharding
BU00902206,0.06329395289958215,Groen_Verharding,entropy,Groen & Verharding
BU00902212,0.04413324190692888,Groen_Verharding,entropy,Groen & Verharding
BU00902213,0.046851739314722925,Groen_Verharding,entropy,Groen & Verharding
BU00902215,0.044870235629383415,Groen_Verharding,entropy,Groen & Verharding
BU00902216,0.07608808806960403,Groen_Verharding,entropy,Groen & Verharding
WK009023,0.0948037409948118,Groen_Verharding,entropy,Groen & Verharding
BU00902307,0.0436081030428993,Groen_Verharding,entropy,Groen & Verharding
BU00902308,0.042121974573313556,Groen_Verharding,entropy,Groen & Verharding
BU00902311,0.05218638019687319,Groen_Verharding,entropy,Groen & Verharding
GM1900,0.18969810757179173,Groen_Verharding,entropy,Groen & Verharding
WK190000,0.18969810757179173,Groen_Verharding,entropy,Groen & Verharding
BU19000000,0.2085631941931831,Groen_Verharding,entropy,Groen & Verharding
BU19000001,0.20441349569093722,Groen_Verharding,entropy,Groen & Verharding
BU19000002,0.23470174648446174,Groen_Verharding,entropy,Groen & Verharding
BU19000003,0.20724776755383553,Groen_Verharding,entropy,Groen & Verharding
BU19000004,0.2211714202266037,Groen_Verharding,entropy,Groen & Verharding
BU19000009,0.08879398872470619,Groen_Verharding,entropy,Groen & Verharding
WK190001,0.18969810757179173,Groen_Verharding,entropy,Groen & Verharding
BU19000101,0.18602621863378976,Groen_Verharding,entropy,Groen & Verharding
BU19000102,0.2306991111176363,Groen_Verharding,entropy,Groen & Verharding
BU19000103,0.19636530992687823,Groen_Verharding,entropy,Groen & Verharding
BU19000104,0.23148098651871488,Groen_Verharding,entropy,Groen & Verharding
BU19000105,0.18403062758608732,Groen_Verharding,entropy,Groen & Verharding
BU19000106,0.24768169427104472,Groen_Verharding,entropy,Groen & Verharding
BU19000107,0.2524162905869696,Groen_Verharding,entropy,Groen & Verharding
BU19000108,0.2166561131114668,Groen_Verharding,entropy,Groen & Verharding
BU19000109,0.22479259748635377,Groen_Verharding,entropy,Groen & Verharding
BU19000110,0.23726693657275022,Groen_Verharding,entropy,Groen & Verharding
BU19000111,0.20879994559096468,Groen_Verharding,entropy,Groen & Verharding
BU19000112,0.24159994939599674,Groen_Verharding,entropy,Groen & Verharding
BU19000113,0.1538489591135458,Groen_Verharding,entropy,Groen & Verharding
BU19000114,0.25641360337207597,Groen_Verharding,entropy,Groen & Verharding
BU19000115,0.25010533308468497,Groen_Verharding,entropy,Groen & Verharding
BU19000116,0.17601452020619657,Groen_Verharding,entropy,Groen & Verharding
BU19000117,0.13963999693133614,Groen_Verharding,entropy,Groen & Verharding
BU19000118,0.06386564163231408,Groen_Verharding,entropy,Groen & Verharding
BU19000119,0.07136920853993167,Groen_Verharding,entropy,Groen & Verharding
BU19000120,0.09929669464212852,Groen_Verharding,entropy,Groen & Verharding
WK190002,0.14686220172110753,Groen_Verharding,entropy,Groen & Verharding
BU19000200,0.17789746263785255,Groen_Verharding,entropy,Groen & Verharding
BU19000201,0.04668313704749602,Groen_Verharding,entropy,Groen & Verharding
BU19000202,0.1898250679079693,Groen_Verharding,entropy,Groen & Verharding
BU19000208,0.0506354187703522,Groen_Verharding,entropy,Groen & Verharding
BU19000209,0.08366308807387662,Groen_Verharding,entropy,Groen & Verharding
WK190003,0.0751431127809268,Groen_Verharding,entropy,Groen & Verharding
BU19000300,0.12998555267493095,Groen_Verharding,entropy,Groen & Verharding
BU19000301,0.04638180893052534,Groen_Verharding,entropy,Groen & Verharding
BU19000302,0.11072849346272093,Groen_Verharding,entropy,Groen & Verharding
BU19000308,0.07078803508479126,Groen_Verharding,entropy,Groen & Verharding
BU19000309,0.04787003900513018,Groen_Verharding,entropy,Groen & Verharding
WK190004,0.056775194261357756,Groen_Verharding,entropy,Groen & Verharding
BU19000400,0.10993159241076648,Groen_Verharding,entropy,Groen & Verharding
BU19000401,0.049624092909936024,Groen_Verharding,entropy,Groen & Verharding
BU19000402,0.04128518456854728,Groen_Verharding,entropy,Groen & Verharding
BU19000403,0.2305366080730175,Groen_Verharding,entropy,Groen & Verharding
BU19000408,0.07627848185403888,Groen_Verharding,entropy,Groen & Verharding
BU19000409,0.09412960064224175,Groen_Verharding,entropy,Groen & Verharding
WK190005,0.10869657065751757,Groen_Verharding,entropy,Groen & Verharding
BU19000500,0.12933520430444972,Groen_Verharding,entropy,Groen & Verharding
BU19000501,0.21170277328905315,Groen_Verharding,entropy,Groen & Verharding
BU19000502,0.2379060262246022,Groen_Verharding,entropy,Groen & Verharding
BU19000503,0.047404982499985635,Groen_Verharding,entropy,Groen & Verharding
WK190006,0.064148808836307,Groen_Verharding,entropy,Groen & Verharding
BU19000600,0.1979380403734371,Groen_Verharding,entropy,Groen & Verharding
BU19000602,0.11631028443629587,Groen_Verharding,entropy,Groen & Verharding
BU19000603,0.12247663127851588,Groen_Verharding,entropy,Groen & Verharding
BU19000607,0.07501074006606717,Groen_Verharding,entropy,Groen & Verharding
BU19000608,0.048656099209849805,Groen_Verharding,entropy,Groen & Verharding
BU19000609,0.05871659995894246,Groen_Verharding,entropy,Groen & Verharding
WK190007,0.06577364396546936,Groen_Verharding,entropy,Groen & Verharding
BU19000700,0.17014309298137445,Groen_Verharding,entropy,Groen & Verharding
BU19000701,0.11379838530894167,Groen_Verharding,entropy,Groen & Verharding
BU19000702,0.11919911769594126,Groen_Verharding,entropy,Groen & Verharding
BU19000706,0.042476669091540895,Groen_Verharding,entropy,Groen & Verharding
BU19000707,0.037230760627531834,Groen_Verharding,entropy,Groen & Verharding
BU19000708,0.0270024046953133,Groen_Verharding,entropy,Groen & Verharding
WK190008,0.06253376968571611,Groen_Verharding,entropy,Groen & Verharding
BU19000800,0.124191499133642,Groen_Verharding,entropy,Groen & Verharding
BU19000801,0.13812156770884515,Groen_Verharding,entropy,Groen & Verharding
BU19000802,0.04023934862087378,Groen_Verharding,entropy,Groen & Verharding
BU19000804,0.07255954298428983,Groen_Verharding,entropy,Groen & Verharding
BU19000808,0.056646654576172045,Groen_Verharding,entropy,Groen & Verharding
BU19000809,0.047496781897771276,Groen_Verharding,entropy,Groen & Verharding
WK190009,0.06467681220236986,Groen_Verharding,entropy,Groen & Verharding
BU19000900,0.10598649420551018,Groen_Verharding,entropy,Groen & Verharding
BU19000901,0.05770936647309435,Groen_Verharding,entropy,Groen & Verharding
BU19000902,0.046605631862447684,Groen_Verharding,entropy,Groen & Verharding
BU19000903,0.0853495143513315,Groen_Verharding,entropy,Groen & Verharding
BU19000904,0.07662662946903974,Groen_Verharding,entropy,Groen & Verharding
BU19000905,0.05822348189189688,Groen_Verharding,entropy,Groen & Verharding
BU19000906,0.032540507977302235,Groen_Verharding,entropy,Groen & Verharding
BU19000907,0.04320556052971414,Groen_Verharding,entropy,Groen & Verharding
BU19000908,0.05366550074724311,Groen_Verharding,entropy,Groen & Verharding
BU19000909,0.03843364509982427,Groen_Verharding,entropy,Groen & Verharding
WK190010,0.0533925339976572,Groen_Verharding,entropy,Groen & Verharding
BU19001000,0.09630003647131616,Groen_Verharding,entropy,Groen & Verharding
BU19001001,0.13080388127117132,Groen_Verharding,entropy,Groen & Verharding
BU19001002,0.04234542641055978,Groen_Verharding,entropy,Groen & Verharding
BU19001003,0.0405951704126285,Groen_Verharding,entropy,Groen & Verharding
BU19001007,0.03813770878224939,Groen_Verharding,entropy,Groen & Verharding
BU19001008,0.05826605538466645,Groen_Verharding,entropy,Groen & Verharding
WK190011,0.05741304372817417,Groen_Verharding,entropy,Groen & Verharding
BU19001100,0.17366885437228374,Groen_Verharding,entropy,Groen & Verharding
BU19001101,0.1300716309192133,Groen_Verharding,entropy,Groen & Verharding
BU19001108,0.06968803227804268,Groen_Verharding,entropy,Groen & Verharding
BU19001109,0.07848635733290876,Groen_Verharding,entropy,Groen & Verharding
WK190012,0.05755103512708369,Groen_Verharding,entropy,Groen & Verharding
BU19001200,0.17073070133860208,Groen_Verharding,entropy,Groen & Verharding
BU19001201,0.04740844195965392,Groen_Verharding,entropy,Groen & Verharding
BU19001202,0.04290033052360965,Groen_Verharding,entropy,Groen & Verharding
BU19001203,0.03916575684702879,Groen_Verharding,entropy,Groen & Verharding
BU19001204,0.055332955093786,Groen_Verharding,entropy,Groen & Verharding
BU19001208,0.03513803748996078,Groen_Verharding,entropy,Groen & Verharding
BU19001209,0.04121495355839812,Groen_Verharding,entropy,Groen & Verharding
WK190013,0.064148808836307,Groen_Verharding,entropy,Groen & Verharding
BU19001300,0.14704514608114294,Groen_Verharding,entropy,Groen & Verharding
BU19001301,0.13830327765626227,Groen_Verharding,entropy,Groen & Verharding
BU19001302,0.10672227564795067,Groen_Verharding,entropy,Groen & Verharding
BU19001303,0.10287869318633533,Groen_Verharding,entropy,Groen & Verharding
BU19001306,0.06220433130348288,Groen_Verharding,entropy,Groen & Verharding
BU19001307,0.05062034200563734,Groen_Verharding,entropy,Groen & Verharding
BU19001308,0.05254089444616682,Groen_Verharding,entropy,Groen & Verharding
BU19001309,0.0451568519890321,Groen_Verharding,entropy,Groen & Verharding
WK190014,0.06655555699365508,Groen_Verharding,entropy,Groen & Verharding
BU19001400,0.09766161468338408,Groen_Verharding,entropy,Groen & Verharding
BU19001401,0.09975538836923503,Groen_Verharding,entropy,Groen & Verharding
BU19001402,0.03901372277003052,Groen_Verharding,entropy,Groen & Verharding
BU19001403,0.056868570003605706,Groen_Verharding,entropy,Groen & Verharding
BU19001404,0.08932228246726345,Groen_Verharding,entropy,Groen & Verharding
BU19001405,0.03980754958885933,Groen_Verharding,entropy,Groen & Verharding
BU19001406,0.042012498139975075,Groen_Verharding,entropy,Groen & Verharding
BU19001407,0.03889259580167707,Groen_Verharding,entropy,Groen & Verharding
BU19001408,0.06332781235150257,Groen_Verharding,entropy,Groen & Verharding
BU19001409,0.04608899194758451,Groen_Verharding,entropy,Groen & Verharding
WK190015,0.05479555828302699,Groen_Verharding,entropy,Groen & Verharding
BU19001500,0.1384668704931284,Groen_Verharding,entropy,Groen & Verharding
BU19001501,0.05314408239280055,Groen_Verharding,entropy,Groen & Verharding
BU19001502,0.04796690920781915,Groen_Verharding,entropy,Groen & Verharding
BU19001503,0.31353631317550745,Groen_Verharding,entropy,Groen & Verharding
BU19001509,0.15205409990608085,Groen_Verharding,entropy,Groen & Verharding
WK190016,0.06467681220236986,Groen_Verharding,entropy,Groen & Verharding
BU19001600,0.10393050149091757,Groen_Verharding,entropy,Groen & Verharding
BU19001601,0.03622230993319876,Groen_Verharding,entropy,Groen & Verharding
BU19001602,0.0411296219364987,Groen_Verharding,entropy,Groen & Verharding
BU19001603,0.11612519279683933,Groen_Verharding,entropy,Groen & Verharding
BU19001604,0.15687355198840633,Groen_Verharding,entropy,Groen & Verharding
BU19001606,0.05106879792196067,Groen_Verharding,entropy,Groen & Verharding
BU19001607,0.041682803593891996,Groen_Verharding,entropy,Groen & Verharding
BU19001608,0.04167693478241785,Groen_Verharding,entropy,Groen & Verharding
WK190017,0.10869657065751757,Groen_Verharding,entropy,Groen & Verharding
BU19001700,0.205091104256861,Groen_Verharding,entropy,Groen & Verharding
BU19001709,0.04700440617621839,Groen_Verharding,entropy,Groen & Verharding
WK190018,0.05849156533079234,Groen_Verharding,entropy,Groen & Verharding
BU19001800,0.1361321694065974,Groen_Verharding,entropy,Groen & Verharding
BU19001801,0.044273451507895835,Groen_Verharding,entropy,Groen & Verharding
BU19001802,0.0671698180240644,Groen_Verharding,entropy,Groen & Verharding
BU19001803,0.09150883871387856,Groen_Verharding,entropy,Groen & Verharding
BU19001804,0.10263488154263968,Groen_Verharding,entropy,Groen & Verharding
BU19001808,0.038142842439449674,Groen_Verharding,entropy,Groen & Verharding
BU19001809,0.061866363779429195,Groen_Verharding,entropy,Groen & Verharding
WK190019,0.05262242208581301,Groen_Verharding,entropy,Groen & Verharding
BU19001900,0.06327615254407781,Groen_Verharding,entropy,Groen & Verharding
BU19001901,0.042352557986860086,Groen_Verharding,entropy,Groen & Verharding
BU19001902,0.07266853664202517,Groen_Verharding,entropy,Groen & Verharding
BU19001903,0.04829545422843862,Groen_Verharding,entropy,Groen & Verharding
BU19001904,0.04851033035392537,Groen_Verharding,entropy,Groen & Verharding
WK190020,0.09864059388987911,Groen_Verharding,entropy,Groen & Verharding
BU19002001,0.16961595631532342,Groen_Verharding,entropy,Groen & Verharding
BU19002002,0.1404067207134866,Groen_Verharding,entropy,Groen & Verharding
BU19002003,0.039700850939517175,Groen_Verharding,entropy,Groen & Verharding
BU19002004,0.04772733165422603,Groen_Verharding,entropy,Groen & Verharding
BU19002005,0.03385021962614953,Groen_Verharding,entropy,Groen & Verharding
BU19002006,0.037880246627804155,Groen_Verharding,entropy,Groen & Verharding
BU19002007,0.04330086208694383,Groen_Verharding,entropy,Groen & Verharding
BU19002008,0.03761862787966077,Groen_Verharding,entropy,Groen & Verharding
BU19002009,0.036487650654584786,Groen_Verharding,entropy,Groen & Verharding
BU19002010,0.03480790169616367,Groen_Verharding,entropy,Groen & Verharding
BU19002011,0.03986600055494915,Groen_Verharding,entropy,Groen & Verharding
BU19002012,0.07964105817359832,Groen_Verharding,entropy,Groen & Verharding
BU19002013,0.04143242079523715,Groen_Verharding,entropy,Groen & Verharding
BU19002014,0.04368395423313896,Groen_Verharding,entropy,Groen & Verharding
BU19002015,0.04655765556130902,Groen_Verharding,entropy,Groen & Verharding
BU19002016,0.051724376951418564,Groen_Verharding,entropy,Groen & Verharding
BU19002017,0.07822882249898742,Groen_Verharding,entropy,Groen & Verharding
BU19002018,0.04506232144337322,Groen_Verharding,entropy,Groen & Verharding
BU19002019,0.040107240439060464,Groen_Verharding,entropy,Groen & Verharding
GM0093,0.05981702055026599,Groen_Verharding,entropy,Groen & Verharding
WK009300,0.064148808836307,Groen_Verharding,entropy,Groen & Verharding
BU00930000,0.19712087168309766,Groen_Verharding,entropy,Groen & Verharding
BU00930002,0.4171833017753377,Groen_Verharding,entropy,Groen & Verharding
WK009301,0.06379199299783096,Groen_Verharding,entropy,Groen & Verharding
BU00930110,0.18731487059262705,Groen_Verharding,entropy,Groen & Verharding
BU00930111,0.07733057230494561,Groen_Verharding,entropy,Groen & Verharding
BU00930112,0.3190673480502398,Groen_Verharding,entropy,Groen & Verharding
WK009302,0.053733034350417604,Groen_Verharding,entropy,Groen & Verharding
BU00930213,0.13101742510450298,Groen_Verharding,entropy,Groen & Verharding
BU00930214,0.05941949493616318,Groen_Verharding,entropy,Groen & Verharding
BU00930215,0.10097964902000951,Groen_Verharding,entropy,Groen & Verharding
WK009303,0.05228122048386476,Groen_Verharding,entropy,Groen & Verharding
BU00930316,0.09265764016561454,Groen_Verharding,entropy,Groen & Verharding
BU00930317,0.053046863026718044,Groen_Verharding,entropy,Groen & Verharding
WK009304,0.055277588611108285,Groen_Verharding,entropy,Groen & Verharding
BU00930418,0.6452603128668082,Groen_Verharding,entropy,Groen & Verharding
BU00930419,0.11075177970130626,Groen_Verharding,entropy,Groen & Verharding
BU00930420,0.0601139368940999,Groen_Verharding,entropy,Groen & Verharding
WK009305,0.16798605463244148,Groen_Verharding,entropy,Groen & Verharding
BU00930521,0.09724247676845756,Groen_Verharding,entropy,Groen & Verharding
BU00930522,0.07301287479609213,Groen_Verharding,entropy,Groen & Verharding
BU00930523,0.062398308080728215,Groen_Verharding,entropy,Groen & Verharding
GM0737,0.18969810757179173,Groen_Verharding,entropy,Groen & Verharding
WK073700,0.18969810757179173,Groen_Verharding,entropy,Groen & Verharding
BU07370000,0.18953166950780875,Groen_Verharding,entropy,Groen & Verharding
BU07370009,0.06481460578427078,Groen_Verharding,entropy,Groen & Verharding
WK073701,0.09071641966125712,Groen_Verharding,entropy,Groen & Verharding
BU07370100,0.07755171915576248,Groen_Verharding,entropy,Groen & Verharding
BU07370101,0.11063072525846146,Groen_Verharding,entropy,Groen & Verharding
BU07370102,0.03505439766350008,Groen_Verharding,entropy,Groen & Verharding
BU07370108,0.04435858941935214,Groen_Verharding,entropy,Groen & Verharding
BU07370109,0.047387579653890365,Groen_Verharding,entropy,Groen & Verharding
WK073702,0.09071641966125712,Groen_Verharding,entropy,Groen & Verharding
BU07370200,0.11208684898182897,Groen_Verharding,entropy,Groen & Verharding
BU07370201,0.11853984403007509,Groen_Verharding,entropy,Groen & Verharding
BU07370208,0.05340669386989925,Groen_Verharding,entropy,Groen & Verharding
BU07370209,0.036404694918957294,Groen_Verharding,entropy,Groen & Verharding
WK073703,0.05610312741271321,Groen_Verharding,entropy,Groen & Verharding
BU07370300,0.07564972257188751,Groen_Verharding,entropy,Groen & Verharding
BU07370309,0.06981228530904149,Groen_Verharding,entropy,Groen & Verharding
WK073704,0.056775194261357756,Groen_Verharding,entropy,Groen & Verharding
BU07370400,0.06948106893564869,Groen_Verharding,entropy,Groen & Verharding
BU07370401,0.0557598710589703,Groen_Verharding,entropy,Groen & Verharding
BU07370408,0.046718047865579725,Groen_Verharding,entropy,Groen & Verharding
BU07370409,0.03152100681207737,Groen_Verharding,entropy,Groen & Verharding
WK073705,0.058388238461177654,Groen_Verharding,entropy,Groen & Verharding
BU07370500,0.15322394791169772,Groen_Verharding,entropy,Groen & Verharding
BU07370501,0.11567806946855379,Groen_Verharding,entropy,Groen & Verharding
BU07370508,0.07131085125339819,Groen_Verharding,entropy,Groen & Verharding
BU07370509,0.07582778234379871,Groen_Verharding,entropy,Groen & Verharding
WK073706,0.05973701093470379,Groen_Verharding,entropy,Groen & Verharding
BU07370600,0.15310334530320152,Groen_Verharding,entropy,Groen & Verharding
BU07370609,0.04119351796442943,Groen_Verharding,entropy,Groen & Verharding
WK073707,0.064148808836307,Groen_Verharding,entropy,Groen & Verharding
BU07370700,0.0540484303008844,Groen_Verharding,entropy,Groen & Verharding
BU07370701,0.09700586473923495,Groen_Verharding,entropy,Groen & Verharding
BU07370708,0.04104617434514776,Groen_Verharding,entropy,Groen & Verharding
BU07370709,0.04992810846668186,Groen_Verharding,entropy,Groen & Verharding
WK073708,0.09775544169236752,Groen_Verharding,entropy,Groen & Verharding
BU07370800,0.13442550536642744,Groen_Verharding,entropy,Groen & Verharding
BU07370809,0.08851401908635416,Groen_Verharding,entropy,Groen & Verharding
WK073709,0.1442647502609328,Groen_Verharding,entropy,Groen & Verharding
BU07370900,0.12960629973936624,Groen_Verharding,entropy,Groen & Verharding
BU07370909,0.0512349708037903,Groen_Verharding,entropy,Groen & Verharding
GM0096,0.13096716758375002,Groen_Verharding,entropy,Groen & Verharding
WK009600,0.1349959513186228,Groen_Verharding,entropy,Groen & Verharding
BU00960000,0.1895191650484017,Groen_Verharding,entropy,Groen & Verharding
BU00960009,0.1896632524998434,Groen_Verharding,entropy,Groen & Verharding
GM1949,0.18969810757179173,Groen_Verharding,entropy,Groen & Verharding
WK194915,0.05971484876556673,Groen_Verharding,entropy,Groen & Verharding
BU19491500,0.02968636099876685,Groen_Verharding,entropy,Groen & Verharding
BU19491501,0.18630355104400234,Groen_Verharding,entropy,Groen & Verharding
WK194916,0.11314752241328382,Groen_Verharding,entropy,Groen & Verharding
BU19491600,0.038357011233538255,Groen_Verharding,entropy,Groen & Verharding
BU19491601,0.18145771138823444,Groen_Verharding,entropy,Groen & Verharding
BU19491602,0.20598972195604237,Groen_Verharding,entropy,Groen & Verharding
BU19491603,0.17983894672340514,Groen_Verharding,entropy,Groen & Verharding
BU19491604,0.22883156632734533,Groen_Verharding,entropy,Groen & Verharding
BU19491605,0.2176832635939231,Groen_Verharding,entropy,Groen & Verharding
BU19491606,0.18496350169603412,Groen_Verharding,entropy,Groen & Verharding
WK194917,0.05165033522800644,Groen_Verharding,entropy,Groen & Verharding
BU19491700,0.03923925760611106,Groen_Verharding,entropy,Groen & Verharding
WK194918,0.10232010759499173,Groen_Verharding,entropy,Groen & Verharding
BU19491800,0.04696836007541294,Groen_Verharding,entropy,Groen & Verharding
BU19491801,0.18203992925949905,Groen_Verharding,entropy,Groen & Verharding
BU19491802,0.20914523605171886,Groen_Verharding,entropy,Groen & Verharding
BU19491803,0.1954054780205814,Groen_Verharding,entropy,Groen & Verharding
BU19491804,0.09231998554748823,Groen_Verharding,entropy,Groen & Verharding
WK194919,0.06897292878196473,Groen_Verharding,entropy,Groen & Verharding
BU19491900,0.06408766981735492,Groen_Verharding,entropy,Groen & Verharding
BU19491901,0.19906699137963726,Groen_Verharding,entropy,Groen & Verharding
WK194920,0.05734707724503395,Groen_Verharding,entropy,Groen & Verharding
BU19492000,0.0536180619655391,Groen_Verharding,entropy,Groen & Verharding
BU19492001,0.16502793168496113,Groen_Verharding,entropy,Groen & Verharding
WK194921,0.0470717507621645,Groen_Verharding,entropy,Groen & Verharding
BU19492100,0.036445740816838386,Groen_Verharding,entropy,Groen & Verharding
WK194922,0.03885222594657621,Groen_Verharding,entropy,Groen & Verharding
BU19492200,0.03802478541072645,Groen_Verharding,entropy,Groen & Verharding
WK194923,0.061519610226965546,Groen_Verharding,entropy,Groen & Verharding
BU19492300,0.06091260650477391,Groen_Verharding,entropy,Groen & Verharding
BU19492301,0.1859217742398587,Groen_Verharding,entropy,Groen & Verharding
WK194924,0.05986762460653942,Groen_Verharding,entropy,Groen & Verharding
BU19492400,0.04038714056778039,Groen_Verharding,entropy,Groen & Verharding
BU19492401,0.18613589592201452,Groen_Verharding,entropy,Groen & Verharding
WK194925,0.05505317312514766,Groen_Verharding,entropy,Groen & Verharding
BU19492500,0.05749227961788143,Groen_Verharding,entropy,Groen & Verharding
BU19492501,0.184763254444845,Groen_Verharding,entropy,Groen & Verharding
WK194926,0.0948037409948118,Groen_Verharding,entropy,Groen & Verharding
BU19492600,0.05448128274290223,Groen_Verharding,entropy,Groen & Verharding
BU19492601,0.14900381195204293,Groen_Verharding,entropy,Groen & Verharding
BU19492602,0.16078711775643467,Groen_Verharding,entropy,Groen & Verharding
BU19492603,0.1938578236172407,Groen_Verharding,entropy,Groen & Verharding
BU19492604,0.18354470781336263,Groen_Verharding,entropy,Groen & Verharding
WK194927,0.04715834014249935,Groen_Verharding,entropy,Groen & Verharding
BU19492700,0.049229604252725156,Groen_Verharding,entropy,Groen & Verharding
WK194928,0.18969810757179173,Groen_Verharding,entropy,Groen & Verharding
BU19492800,0.06013132706136308,Groen_Verharding,entropy,Groen & Verharding
BU19492801,0.11746683970103913,Groen_Verharding,entropy,Groen & Verharding
BU19492802,0.20633869835076782,Groen_Verharding,entropy,Groen & Verharding
BU19492803,0.19957865167545652,Groen_Verharding,entropy,Groen & Verharding
BU19492804,0.2481069780609875,Groen_Verharding,entropy,Groen & Verharding
BU19492805,0.12754021960493062,Groen_Verharding,entropy,Groen & Verharding
BU19492806,0.18780797803303056,Groen_Verharding,entropy,Groen & Verharding
BU19492807,0.1842459973009061,Groen_Verharding,entropy,Groen & Verharding
BU19492808,0.2344972470450762,Groen_Verharding,entropy,Groen & Verharding
BU19492809,0.2426489152611476,Groen_Verharding,entropy,Groen & Verharding
BU19492810,0.16282107827989092,Groen_Verharding,entropy,Groen & Verharding
BU19492811,0.24752228701252965,Groen_Verharding,entropy,Groen & Verharding
BU19492812,0.21909772479764017,Groen_Verharding,entropy,Groen & Verharding
BU19492813,0.24849717052707643,Groen_Verharding,entropy,Groen & Verharding
BU19492814,0.2075438181864737,Groen_Verharding,entropy,Groen & Verharding
BU19492815,0.23877601156317974,Groen_Verharding,entropy,Groen & Verharding
BU19492816,0.20220014162939562,Groen_Verharding,entropy,Groen & Verharding
BU19492817,0.18258800635482578,Groen_Verharding,entropy,Groen & Verharding
WK194929,0.05553805290888753,Groen_Verharding,entropy,Groen & Verharding
BU19492900,0.06689412690134154,Groen_Verharding,entropy,Groen & Verharding
WK194930,0.04454866612612744,Groen_Verharding,entropy,Groen & Verharding
BU19493000,0.03725728235999705,Groen_Verharding,entropy,Groen & Verharding
WK194931,0.0634060809262134,Groen_Verharding,entropy,Groen & Verharding
BU19493100,0.04427025517025035,Groen_Verharding,entropy,Groen & Verharding
BU19493101,0.17193339154468698,Groen_Verharding,entropy,Groen & Verharding
WK194932,0.05432115045117378,Groen_Verharding,entropy,Groen & Verharding
BU19493200,0.03678313096081272,Groen_Verharding,entropy,Groen & Verharding
BU19493201,0.1925902086388091,Groen_Verharding,entropy,Groen & Verharding
BU19493202,0.20685719779297018,Groen_Verharding,entropy,Groen & Verharding
WK194933,0.04726512285211917,Groen_Verharding,entropy,Groen & Verharding
BU19493300,0.04057189070384544,Groen_Verharding,entropy,Groen & Verharding
WK194934,0.05575905174547136,Groen_Verharding,entropy,Groen & Verharding
BU19493400,0.06426395910774485,Groen_Verharding,entropy,Groen & Verharding
BU19493401,0.1707984619466976,Groen_Verharding,entropy,Groen & Verharding
WK194935,0.09071641966125712,Groen_Verharding,entropy,Groen & Verharding
BU19493500,0.06313401763680464,Groen_Verharding,entropy,Groen & Verharding
BU19493501,0.15892443509008036,Groen_Verharding,entropy,Groen & Verharding
BU19493502,0.18204379609664784,Groen_Verharding,entropy,Groen & Verharding
BU19493503,0.21261971437294166,Groen_Verharding,entropy,Groen & Verharding
WK194936,0.0655005967708105,Groen_Verharding,entropy,Groen & Verharding
BU19493600,0.05339394935825702,Groen_Verharding,entropy,Groen & Verharding
BU19493601,0.17634004504732456,Groen_Verharding,entropy,Groen & Verharding
BU19493602,0.1612521515319763,Groen_Verharding,entropy,Groen & Verharding
BU19493603,0.20679343273476308,Groen_Verharding,entropy,Groen & Verharding
WK194937,0.1666729894312325,Groen_Verharding,entropy,Groen & Verharding
BU19493700,0.17113398638310282,Groen_Verharding,entropy,Groen & Verharding
WK194938,0.04987657849711845,Groen_Verharding,entropy,Groen & Verharding
BU19493800,0.04462687615164158,Groen_Verharding,entropy,Groen & Verharding
BU19493801,0.19039335835736915,Groen_Verharding,entropy,Groen & Verharding
WK194939,0.05467250688884923,Groen_Verharding,entropy,Groen & Verharding
BU19493900,0.029963508748000217,Groen_Verharding,entropy,Groen & Verharding
BU19493901,0.15611906437034595,Groen_Verharding,entropy,Groen & Verharding
WK194940,0.046751136954056215,Groen_Verharding,entropy,Groen & Verharding
BU19494000,0.05140337494251695,Groen_Verharding,entropy,Groen & Verharding
WK194941,0.050877331152307435,Groen_Verharding,entropy,Groen & Verharding
BU19494100,0.04651283499529279,Groen_Verharding,entropy,Groen & Verharding
WK194942,0.06346303785248777,Groen_Verharding,entropy,Groen & Verharding
BU19494200,0.04303676522247363,Groen_Verharding,entropy,Groen & Verharding
BU19494201,0.19210519796756767,Groen_Verharding,entropy,Groen & Verharding
WK194943,0.042426185679443354,Groen_Verharding,entropy,Groen & Verharding
BU19494300,0.05113996872405461,Groen_Verharding,entropy,Groen & Verharding
WK194944,0.0655005967708105,Groen_Verharding,entropy,Groen & Verharding
BU19494400,0.04037790286746771,Groen_Verharding,entropy,Groen & Verharding
BU19494401,0.214390128947642,Groen_Verharding,entropy,Groen & Verharding
BU19494402,0.06909899004658067,Groen_Verharding,entropy,Groen & Verharding
BU19494403,0.03910608752132256,Groen_Verharding,entropy,Groen & Verharding
WK194945,0.04368450654270977,Groen_Verharding,entropy,Groen & Verharding
BU19494500,0.040525242920372684,Groen_Verharding,entropy,Groen & Verharding
WK194946,0.041442287256618734,Groen_Verharding,entropy,Groen & Verharding
BU19494600,0.03815230805161076,Groen_Verharding,entropy,Groen & Verharding
WK194947,0.05128641069869713,Groen_Verharding,entropy,Groen & Verharding
BU19494700,0.028198355064835038,Groen_Verharding,entropy,Groen & Verharding
BU19494701,0.16106756867557923,Groen_Verharding,entropy,Groen & Verharding
WK194948,0.05430666120652622,Groen_Verharding,entropy,Groen & Verharding
BU19494800,0.055095667452776845,Groen_Verharding,entropy,Groen & Verharding
BU19494801,0.18659846174846745,Groen_Verharding,entropy,Groen & Verharding
WK194949,0.05973701093470379,Groen_Verharding,entropy,Groen & Verharding
BU19494900,0.028167448785841365,Groen_Verharding,entropy,Groen & Verharding
BU19494901,0.19154789041339043,Groen_Verharding,entropy,Groen & Verharding
BU19494902,0.19184677996233912,Groen_Verharding,entropy,Groen & Verharding
WK194950,0.05694989565355896,Groen_Verharding,entropy,Groen & Verharding
BU19495000,0.03709185588077265,Groen_Verharding,entropy,Groen & Verharding
BU19495001,0.19805376786174375,Groen_Verharding,entropy,Groen & Verharding
WK194951,0.04676012119847719,Groen_Verharding,entropy,Groen & Verharding
BU19495100,0.035339773908409,Groen_Verharding,entropy,Groen & Verharding
WK194952,0.0551887796001557,Groen_Verharding,entropy,Groen & Verharding
BU19495200,0.06932162043369486,Groen_Verharding,entropy,Groen & Verharding
WK194953,0.05621604321620659,Groen_Verharding,entropy,Groen & Verharding
BU19495300,0.07061639948953394,Groen_Verharding,entropy,Groen & Verharding
BU19495301,0.2074974373354756,Groen_Verharding,entropy,Groen & Verharding
BU19495302,0.20432594810977323,Groen_Verharding,entropy,Groen & Verharding
WK194954,0.05448607430309597,Groen_Verharding,entropy,Groen & Verharding
BU19495400,0.04433345937020243,Groen_Verharding,entropy,Groen & Verharding
BU19495401,0.17393411683695115,Groen_Verharding,entropy,Groen & Verharding
WK194955,0.04616463983378379,Groen_Verharding,entropy,Groen & Verharding
BU19495500,0.05564341125283849,Groen_Verharding,entropy,Groen & Verharding
GM0098,0.18969810757179173,Groen_Verharding,entropy,Groen & Verharding
WK009800,0.18969810757179173,Groen_Verharding,entropy,Groen & Verharding
BU00980001,0.17210973592196344,Groen_Verharding,entropy,Groen & Verharding
BU00980002,0.18005889761918475,Groen_Verharding,entropy,Groen & Verharding
BU00980003,0.14522115452330786,Groen_Verharding,entropy,Groen & Verharding
BU00980004,0.23343575662952534,Groen_Verharding,entropy,Groen & Verharding
BU00980005,0.2231287205641566,Groen_Verharding,entropy,Groen & Verharding
BU00980006,0.2244273068461184,Groen_Verharding,entropy,Groen & Verharding
BU00980007,0.24936386034482055,Groen_Verharding,entropy,Groen & Verharding
BU00980008,0.23517317818266673,Groen_Verharding,entropy,Groen & Verharding
BU00980009,0.2105124761515815,Groen_Verharding,entropy,Groen & Verharding
BU00980010,0.23517155029712097,Groen_Verharding,entropy,Groen & Verharding
BU00980011,0.21466805426269658,Groen_Verharding,entropy,Groen & Verharding
BU00980012,0.24677154793747647,Groen_Verharding,entropy,Groen & Verharding
BU00980013,0.2282584175638653,Groen_Verharding,entropy,Groen & Verharding
BU00980014,0.21206968130523346,Groen_Verharding,entropy,Groen & Verharding
BU00980015,0.20541888863100005,Groen_Verharding,entropy,Groen & Verharding
BU00980016,0.23654408023611467,Groen_Verharding,entropy,Groen & Verharding
BU00980017,0.22203180223870686,Groen_Verharding,entropy,Groen & Verharding
BU00980018,0.11153681974202503,Groen_Verharding,entropy,Groen & Verharding
BU00980019,0.21025040682494797,Groen_Verharding,entropy,Groen & Verharding
BU00980020,0.18131397592712126,Groen_Verharding,entropy,Groen & Verharding
BU00980021,0.147928042712946,Groen_Verharding,entropy,Groen & Verharding
WK009801,0.0550657351266169,Groen_Verharding,entropy,Groen & Verharding
BU00980101,0.045061949254370494,Groen_Verharding,entropy,Groen & Verharding
BU00980102,0.051641432403324986,Groen_Verharding,entropy,Groen & Verharding
BU00980103,0.13214390790954944,Groen_Verharding,entropy,Groen & Verharding
BU00980104,0.03262667582645036,Groen_Verharding,entropy,Groen & Verharding
WK009802,0.08709776110009851,Groen_Verharding,entropy,Groen & Verharding
BU00980201,0.04167083939212214,Groen_Verharding,entropy,Groen & Verharding
BU00980202,0.04978666753386439,Groen_Verharding,entropy,Groen & Verharding
WK009803,0.06253376968571611,Groen_Verharding,entropy,Groen & Verharding
BU00980301,0.09127267308451517,Groen_Verharding,entropy,Groen & Verharding
BU00980302,0.04571334965459897,Groen_Verharding,entropy,Groen & Verharding
BU00980303,0.11220885250640672,Groen_Verharding,entropy,Groen & Verharding
BU00980304,0.04407374402142489,Groen_Verharding,entropy,Groen & Verharding
BU00980305,0.1486987361544389,Groen_Verharding,entropy,Groen & Verharding
WK009804,0.053491504848023855,Groen_Verharding,entropy,Groen & Verharding
BU00980401,0.10964878713076677,Groen_Verharding,entropy,Groen & Verharding
BU00980402,0.04230854935423162,Groen_Verharding,entropy,Groen & Verharding
BU00980403,0.03916281354709675,Groen_Verharding,entropy,Groen & Verharding
WK009805,0.04804624111295278,Groen_Verharding,entropy,Groen & Verharding
BU00980501,0.03712362697665767,Groen_Verharding,entropy,Groen & Verharding
BU00980502,0.0361128318260181,Groen_Verharding,entropy,Groen & Verharding
WK009806,0.04722052731416607,Groen_Verharding,entropy,Groen & Verharding
BU00980601,0.0691839714890482,Groen_Verharding,entropy,Groen & Verharding
BU00980602,0.03474864624838763,Groen_Verharding,entropy,Groen & Verharding
WK009807,0.05259802724714041,Groen_Verharding,entropy,Groen & Verharding
BU00980701,0.05540552943973174,Groen_Verharding,entropy,Groen & Verharding
BU00980702,0.08347552661921451,Groen_Verharding,entropy,Groen & Verharding
WK009808,0.056317285547176785,Groen_Verharding,entropy,Groen & Verharding
BU00980801,0.06608826741191222,Groen_Verharding,entropy,Groen & Verharding
BU00980802,0.03243368245702898,Groen_Verharding,entropy,Groen & Verharding
WK009809,0.05680252270163637,Groen_Verharding,entropy,Groen & Verharding
BU00980901,0.0856384777208309,Groen_Verharding,entropy,Groen & Verharding
BU00980902,0.04163283152853817,Groen_Verharding,entropy,Groen & Verharding
BU00980903,0.03578603375777005,Groen_Verharding,entropy,Groen & Verharding
WK009810,0.10387343861531403,Groen_Verharding,entropy,Groen & Verharding
BU00981001,0.124183037510524,Groen_Verharding,entropy,Groen & Verharding
BU00981002,0.0771500254500598,Groen_Verharding,entropy,Groen & Verharding
BU00981003,0.12021436283308533,Groen_Verharding,entropy,Groen & Verharding
BU00981004,0.14458446789414015,Groen_Verharding,entropy,Groen & Verharding
BU00981005,0.12435884756500454,Groen_Verharding,entropy,Groen & Verharding
BU00981006,0.14873740918834696,Groen_Verharding,entropy,Groen & Verharding
BU00981007,0.11440660315414253,Groen_Verharding,entropy,Groen & Verharding
BU00981008,0.08114602660904359,Groen_Verharding,entropy,Groen & Verharding
BU00981009,0.06513602045652299,Groen_Verharding,entropy,Groen & Verharding
WK009811,0.04977565806506148,Groen_Verharding,entropy,Groen & Verharding
BU00981101,0.09600576663145863,Groen_Verharding,entropy,Groen & Verharding
BU00981102,0.04168186079475532,Groen_Verharding,entropy,Groen & Verharding
WK009812,0.05184403051282244,Groen_Verharding,entropy,Groen & Verharding
BU00981201,0.051853633586334186,Groen_Verharding,entropy,Groen & Verharding
WK009813,0.0551712504181407,Groen_Verharding,entropy,Groen & Verharding
BU00981301,0.07854665755365074,Groen_Verharding,entropy,Groen & Verharding
BU00981302,0.03145325076206,Groen_Verharding,entropy,Groen & Verharding
WK009814,0.05529832184963704,Groen_Verharding,entropy,Groen & Verharding
BU00981401,0.08163032856540312,Groen_Verharding,entropy,Groen & Verharding
BU00981402,0.04831548905032583,Groen_Verharding,entropy,Groen & Verharding
WK009815,0.05248682316123353,Groen_Verharding,entropy,Groen & Verharding
BU00981501,0.18675508898644144,Groen_Verharding,entropy,Groen & Verharding
BU00981502,0.059140744897837494,Groen_Verharding,entropy,Groen & Verharding
GM0059,0.4222885557633378,Groen_Verharding,weighted_mean,Groen & Verharding
WK005900,0.4222885557633378,Groen_Verharding,weighted_mean,Groen & Verharding
BU00590000,0.19313854369820305,Groen_Verharding,weighted_mean,Groen & Verharding
BU00590001,-0.2753773432652859,Groen_Verharding,weighted_mean,Groen & Verharding
BU00590002,0.38739055142379525,Groen_Verharding,weighted_mean,Groen & Verharding
BU00590003,-0.08297168290542163,Groen_Verharding,weighted_mean,Groen & Verharding
BU00590004,-0.21208149558496353,Groen_Verharding,weighted_mean,Groen & Verharding
BU00590005,-0.5987638150638029,Groen_Verharding,weighted_mean,Groen & Verharding
BU00590006,-0.7596787082710783,Groen_Verharding,weighted_mean,Groen & Verharding
BU00590007,-0.3392481853237086,Groen_Verharding,weighted_mean,Groen & Verharding
BU00590008,-0.6570532619595385,Groen_Verharding,weighted_mean,Groen & Verharding
BU00590009,-0.9654871263799555,Groen_Verharding,weighted_mean,Groen & Verharding
WK005901,-0.06043355280969786,Groen_Verharding,weighted_mean,Groen & Verharding
BU00590100,-0.19620041675979444,Groen_Verharding,weighted_mean,Groen & Verharding
BU00590102,-0.6790893356996035,Groen_Verharding,weighted_mean,Groen & Verharding
BU00590103,-0.22889447539315122,Groen_Verharding,weighted_mean,Groen & Verharding
BU00590107,-0.619672255676347,Groen_Verharding,weighted_mean,Groen & Verharding
BU00590108,-0.7764633668243736,Groen_Verharding,weighted_mean,Groen & Verharding
BU00590109,-0.6066004202539252,Groen_Verharding,weighted_mean,Groen & Verharding
WK005902,0.4222885557633379,Groen_Verharding,weighted_mean,Groen & Verharding
BU00590200,-0.5442945513785791,Groen_Verharding,weighted_mean,Groen & Verharding
BU00590201,-0.6175035715588928,Groen_Verharding,weighted_mean,Groen & Verharding
BU00590202,-0.3103386386634909,Groen_Verharding,weighted_mean,Groen & Verharding
BU00590203,-0.5293904453231316,Groen_Verharding,weighted_mean,Groen & Verharding
BU00590206,-0.8902944764810157,Groen_Verharding,weighted_mean,Groen & Verharding
BU00590207,-0.7176061755505937,Groen_Verharding,weighted_mean,Groen & Verharding
BU00590208,-0.7518501764450809,Groen_Verharding,weighted_mean,Groen & Verharding
BU00590209,-1.0520258674668714,Groen_Verharding,weighted_mean,Groen & Verharding
GM0060,0.022962068219995843,Groen_Verharding,weighted_mean,Groen & Verharding
WK006000,-0.12785605575316025,Groen_Verharding,weighted_mean,Groen & Verharding
BU00600000,0.263454472195683,Groen_Verharding,weighted_mean,Groen & Verharding
BU00600001,0.29914968325886565,Groen_Verharding,weighted_mean,Groen & Verharding
BU00600002,-0.3170231154124671,Groen_Verharding,weighted_mean,Groen & Verharding
BU00600003,-0.30232343230756414,Groen_Verharding,weighted_mean,Groen & Verharding
BU00600007,-0.0629355369974576,Groen_Verharding,weighted_mean,Groen & Verharding
BU00600008,1.5406450701661947,Groen_Verharding,weighted_mean,Groen & Verharding
BU00600009,0.5886339080664226,Groen_Verharding,weighted_mean,Groen & Verharding
GM1891,0.4222885557633379,Groen_Verharding,weighted_mean,Groen & Verharding
WK189100,0.2592795442380637,Groen_Verharding,weighted_mean,Groen & Verharding
BU18910000,-0.024589863944681566,Groen_Verharding,weighted_mean,Groen & Verharding
BU18910001,-0.21980148699363397,Groen_Verharding,weighted_mean,Groen & Verharding
BU18910002,0.38017974375450353,Groen_Verharding,weighted_mean,Groen & Verharding
BU18910008,-0.532090083152326,Groen_Verharding,weighted_mean,Groen & Verharding
BU18910009,-0.44428799987377565,Groen_Verharding,weighted_mean,Groen & Verharding
WK189101,-0.3187774721942031,Groen_Verharding,weighted_mean,Groen & Verharding
BU18910100,-0.030655356982719296,Groen_Verharding,weighted_mean,Groen & Verharding
BU18910101,-0.09252941419447835,Groen_Verharding,weighted_mean,Groen & Verharding
BU18910108,0.0866932073981593,Groen_Verharding,weighted_mean,Groen & Verharding
BU18910109,-0.6778513637058287,Groen_Verharding,weighted_mean,Groen & Verharding
WK189102,0.23131236612935321,Groen_Verharding,weighted_mean,Groen & Verharding
BU18910200,0.275864106785061,Groen_Verharding,weighted_mean,Groen & Verharding
BU18910201,0.22814941912116854,Groen_Verharding,weighted_mean,Groen & Verharding
BU18910202,-0.5934662195292116,Groen_Verharding,weighted_mean,Groen & Verharding
BU18910208,0.1970843231498132,Groen_Verharding,weighted_mean,Groen & Verharding
BU18910209,-0.3106398836288592,Groen_Verharding,weighted_mean,Groen & Verharding
WK189103,-0.306478121547289,Groen_Verharding,weighted_mean,Groen & Verharding
BU18910300,0.05183374954305965,Groen_Verharding,weighted_mean,Groen & Verharding
BU18910301,-0.527194324822521,Groen_Verharding,weighted_mean,Groen & Verharding
BU18910309,-0.4255093738599501,Groen_Verharding,weighted_mean,Groen & Verharding
GM1940,0.4222885557633379,Groen_Verharding,weighted_mean,Groen & Verharding
WK194001,-0.16967913165744636,Groen_Verharding,weighted_mean,Groen & Verharding
BU19400101,-0.5473423038598263,Groen_Verharding,weighted_mean,Groen & Verharding
WK194002,-0.38851727018271953,Groen_Verharding,weighted_mean,Groen & Verharding
BU19400201,-0.28383189577953843,Groen_Verharding,weighted_mean,Groen & Verharding
WK194003,0.06734786523787849,Groen_Verharding,weighted_mean,Groen & Verharding
BU19400301,0.24464949637838324,Groen_Verharding,weighted_mean,Groen & Verharding
WK194004,-0.12407765644504336,Groen_Verharding,weighted_mean,Groen & Verharding
BU19400401,-0.9006878883138624,Groen_Verharding,weighted_mean,Groen & Verharding
WK194005,-0.40426920980658254,Groen_Verharding,weighted_mean,Groen & Verharding
BU19400501,-0.37959435263744506,Groen_Verharding,weighted_mean,Groen & Verharding
WK194006,-0.5648792163214374,Groen_Verharding,weighted_mean,Groen & Verharding
BU19400601,-0.12829500133232744,Groen_Verharding,weighted_mean,Groen & Verharding
WK194007,-0.392402711436862,Groen_Verharding,weighted_mean,Groen & Verharding
BU19400701,0.22463388695169556,Groen_Verharding,weighted_mean,Groen & Verharding
BU19400702,-0.3342151860467339,Groen_Verharding,weighted_mean,Groen & Verharding
WK194008,-0.25587298216988547,Groen_Verharding,weighted_mean,Groen & Verharding
BU19400801,-0.5780074916300432,Groen_Verharding,weighted_mean,Groen & Verharding
WK194009,-0.7167946524943032,Groen_Verharding,weighted_mean,Groen & Verharding
BU19400901,-0.6464765154877471,Groen_Verharding,weighted_mean,Groen & Verharding
WK194010,-0.49827352608407494,Groen_Verharding,weighted_mean,Groen & Verharding
BU19401001,-0.5748794314951039,Groen_Verharding,weighted_mean,Groen & Verharding
WK194011,-0.3755212085163964,Groen_Verharding,weighted_mean,Groen & Verharding
BU19401101,-0.0028924930379506226,Groen_Verharding,weighted_mean,Groen & Verharding
BU19401102,-0.3702784135621141,Groen_Verharding,weighted_mean,Groen & Verharding
WK194012,-0.3858032234293605,Groen_Verharding,weighted_mean,Groen & Verharding
BU19401201,-0.47625550353977425,Groen_Verharding,weighted_mean,Groen & Verharding
WK194013,-0.4396094399987071,Groen_Verharding,weighted_mean,Groen & Verharding
BU19401301,-0.389448297400791,Groen_Verharding,weighted_mean,Groen & Verharding
WK194014,-0.5200138079453074,Groen_Verharding,weighted_mean,Groen & Verharding
BU19401401,-0.32669758651784786,Groen_Verharding,weighted_mean,Groen & Verharding
WK194015,-0.28853759334365764,Groen_Verharding,weighted_mean,Groen & Verharding
BU19401501,-0.2082280091802805,Groen_Verharding,weighted_mean,Groen & Verharding
WK194016,-0.2211866472490447,Groen_Verharding,weighted_mean,Groen & Verharding
BU19401601,0.24227417027281148,Groen_Verharding,weighted_mean,Groen & Verharding
WK194017,-0.3896316555214975,Groen_Verharding,weighted_mean,Groen & Verharding
BU19401701,-0.34857999929395156,Groen_Verharding,weighted_mean,Groen & Verharding
WK194018,-0.4680481360100044,Groen_Verharding,weighted_mean,Groen & Verharding
BU19401801,-0.21865410742384603,Groen_Verharding,weighted_mean,Groen & Verharding
WK194019,0.4222885557633379,Groen_Verharding,weighted_mean,Groen & Verharding
BU19401901,1.2308606860990967,Groen_Verharding,weighted_mean,Groen & Verharding
BU19401902,-0.601581722992811,Groen_Verharding,weighted_mean,Groen & Verharding
BU19401903,0.6210975440747935,Groen_Verharding,weighted_mean,Groen & Verharding
BU19401904,0.7623766972013339,Groen_Verharding,weighted_mean,Groen & Verharding
BU19401905,0.4659915266408843,Groen_Verharding,weighted_mean,Groen & Verharding
BU19401906,1.0025446988403661,Groen_Verharding,weighted_mean,Groen & Verharding
BU19401907,0.8073037696672968,Groen_Verharding,weighted_mean,Groen & Verharding
BU19401908,-0.18768170687293304,Groen_Verharding,weighted_mean,Groen & Verharding
BU19401909,0.17362844459207064,Groen_Verharding,weighted_mean,Groen & Verharding
BU19401910,0.3885599157040243,Groen_Verharding,weighted_mean,Groen & Verharding
WK194020,-0.46198181270551913,Groen_Verharding,weighted_mean,Groen & Verharding
BU19402001,-0.578300685863622,Groen_Verharding,weighted_mean,Groen & Verharding
WK194021,-0.47885905548815566,Groen_Verharding,weighted_mean,Groen & Verharding
BU19402101,-0.27216160821243934,Groen_Verharding,weighted_mean,Groen & Verharding
WK194022,-0.40661203896174253,Groen_Verharding,weighted_mean,Groen & Verharding
BU19402201,0.24267546956813146,Groen_Verharding,weighted_mean,Groen & Verharding
WK194023,0.4222885557633379,Groen_Verharding,weighted_mean,Groen & Verharding
BU19402301,0.3131552419712122,Groen_Verharding,weighted_mean,Groen & Verharding
BU19402302,0.6756893871733599,Groen_Verharding,weighted_mean,Groen & Verharding
BU19402303,-0.11091138385921293,Groen_Verharding,weighted_mean,Groen & Verharding
BU19402304,0.6696835303324965,Groen_Verharding,weighted_mean,Groen & Verharding
BU19402305,0.30876844777100887,Groen_Verharding,weighted_mean,Groen & Verharding
BU19402306,0.06564772866908405,Groen_Verharding,weighted_mean,Groen & Verharding
BU19402307,-0.0612736454191035,Groen_Verharding,weighted_mean,Groen & Verharding
BU19402308,0.7087269989846945,Groen_Verharding,weighted_mean,Groen & Verharding
WK194024,-0.054536882994456345,Groen_Verharding,weighted_mean,Groen & Verharding
BU19402401,-0.1835398231512162,Groen_Verharding,weighted_mean,Groen & Verharding
WK194025,-0.08821805503923998,Groen_Verharding,weighted_mean,Groen & Verharding
BU19402501,-0.4063387354305635,Groen_Verharding,weighted_mean,Groen & Verharding
WK194026,-0.2298361673973552,Groen_Verharding,weighted_mean,Groen & Verharding
BU19402601,-0.348572450534695,Groen_Verharding,weighted_mean,Groen & Verharding
WK194027,-0.06544975430551403,Groen_Verharding,weighted_mean,Groen & Verharding
BU19402701,-0.35816674933371273,Groen_Verharding,weighted_mean,Groen & Verharding
WK194028,-0.4281936465596735,Groen_Verharding,weighted_mean,Groen & Verharding
BU19402801,-0.675954993137124,Groen_Verharding,weighted_mean,Groen & Verharding
BU19402802,0.19964567276102876,Groen_Verharding,weighted_mean,Groen & Verharding
WK194029,-0.42284348339019323,Groen_Verharding,weighted_mean,Groen & Verharding
BU19402901,-0.4699601460913313,Groen_Verharding,weighted_mean,Groen & Verharding
WK194030,-0.1467385490842756,Groen_Verharding,weighted_mean,Groen & Verharding
BU19403001,-0.24639839447464656,Groen_Verharding,weighted_mean,Groen & Verharding
WK194031,-0.3319364772312144,Groen_Verharding,weighted_mean,Groen & Verharding
BU19403101,-0.056334972489247535,Groen_Verharding,weighted_mean,Groen & Verharding
WK194032,-0.4014578829395851,Groen_Verharding,weighted_mean,Groen & Verharding
BU19403201,-0.47570805721331766,Groen_Verharding,weighted_mean,Groen & Verharding
WK194033,-0.6870179490604725,Groen_Verharding,weighted_mean,Groen & Verharding
BU19403301,-0.7500433471018343,Groen_Verharding,weighted_mean,Groen & Verharding
WK194034,-0.3032528584262766,Groen_Verharding,weighted_mean,Groen & Verharding
BU19403401,0.1847245031615459,Groen_Verharding,weighted_mean,Groen & Verharding
WK194035,-0.2886642652048157,Groen_Verharding,weighted_mean,Groen & Verharding
BU19403501,-0.26929536576576596,Groen_Verharding,weighted_mean,Groen & Verharding
WK194036,-0.492151460281079,Groen_Verharding,weighted_mean,Groen & Verharding
BU19403601,-0.6191899110729613,Groen_Verharding,weighted_mean,Groen & Verharding
WK194037,-0.4371649747717399,Groen_Verharding,weighted_mean,Groen & Verharding
BU19403701,-0.2530484268461605,Groen_Verharding,weighted_mean,Groen & Verharding
WK194038,-0.3908702008338982,Groen_Verharding,weighted_mean,Groen & Verharding
BU19403801,-0.6068901367901639,Groen_Verharding,weighted_mean,Groen & Verharding
WK194039,-0.3457277583962204,Groen_Verharding,weighted_mean,Groen & Verharding
BU19403901,0.9748609084650606,Groen_Verharding,weighted_mean,Groen & Verharding
WK194040,-0.3908702008338983,Groen_Verharding,weighted_mean,Groen & Verharding
BU19404001,-0.5081840810674192,Groen_Verharding,weighted_mean,Groen & Verharding
WK194041,-0.05812449198878888,Groen_Verharding,weighted_mean,Groen & Verharding
BU19404101,-0.0027434540182663947,Groen_Verharding,weighted_mean,Groen & Verharding
WK194042,-0.476683377230358,Groen_Verharding,weighted_mean,Groen & Verharding
BU19404201,-0.11254646075938658,Groen_Verharding,weighted_mean,Groen & Verharding
WK194043,-0.39565629524480506,Groen_Verharding,weighted_mean,Groen & Verharding
BU19404301,-0.24941205511519224,Groen_Verharding,weighted_mean,Groen & Verharding
WK194044,-0.5320180320609316,Groen_Verharding,weighted_mean,Groen & Verharding
BU19404401,-0.6128297112816226,Groen_Verharding,weighted_mean,Groen & Verharding
WK194045,-0.558813199602567,Groen_Verharding,weighted_mean,Groen & Verharding
BU19404501,-0.5737303646208536,Groen_Verharding,weighted_mean,Groen & Verharding
WK194046,-0.2484603598876573,Groen_Verharding,weighted_mean,Groen & Verharding
BU19404601,0.21115690570197918,Groen_Verharding,weighted_mean,Groen & Verharding
WK194047,-0.3737823972854985,Groen_Verharding,weighted_mean,Groen & Verharding
BU19404701,-0.40329542036825844,Groen_Verharding,weighted_mean,Groen & Verharding
WK194048,-0.5545150138584447,Groen_Verharding,weighted_mean,Groen & Verharding
BU19404801,-0.46270389234291537,Groen_Verharding,weighted_mean,Groen & Verharding
WK194049,-0.24832301008573301,Groen_Verharding,weighted_mean,Groen & Verharding
BU19404901,-0.7489398865268752,Groen_Verharding,weighted_mean,Groen & Verharding
WK194050,-0.3435264204450665,Groen_Verharding,weighted_mean,Groen & Verharding
BU19405001,-0.5277816257058128,Groen_Verharding,weighted_mean,Groen & Verharding
WK194051,-0.16943389067036102,Groen_Verharding,weighted_mean,Groen & Verharding
BU19405101,-0.2533154436026876,Groen_Verharding,weighted_mean,Groen & Verharding
GM0072,0.5262294932501171,Groen_Verharding,weighted_mean,Groen & Verharding
WK007200,0.4222885557633379,Groen_Verharding,weighted_mean,Groen & Verharding
BU00720001,0.5763538733513055,Groen_Verharding,weighted_mean,Groen & Verharding
BU00720002,0.12420447480567662,Groen_Verharding,weighted_mean,Groen & Verharding
BU00720003,0.8660865555399527,Groen_Verharding,weighted_mean,Groen & Verharding
BU00720004,0.8430246449773157,Groen_Verharding,weighted_mean,Groen & Verharding
BU00720005,0.5585286717156545,Groen_Verharding,weighted_mean,Groen & Verharding
BU00720006,0.43770854275873944,Groen_Verharding,weighted_mean,Groen & Verharding
BU00720007,0.48052363865186126,Groen_Verharding,weighted_mean,Groen & Verharding
BU00720009,0.0947199552895214,Groen_Verharding,weighted_mean,Groen & Verharding
WK007201,-0.32941837416214714,Groen_Verharding,weighted_mean,Groen & Verharding
BU00720100,0.5679759591651032,Groen_Verharding,weighted_mean,Groen & Verharding
BU00720109,-0.037320524155354834,Groen_Verharding,weighted_mean,Groen & Verharding
WK007202,-0.4760365656138424,Groen_Verharding,weighted_mean,Groen & Verharding
BU00720200,0.4587386304847149,Groen_Verharding,weighted_mean,Groen & Verharding
BU00720209,-0.4286477067163688,Groen_Verharding,weighted_mean,Groen & Verharding
GM0074,0.42228855576333796,Groen_Verharding,weighted_mean,Groen & Verharding
WK007401,0.4222885557633379,Groen_Verharding,weighted_mean,Groen & Verharding
BU00740100,0.9460697648620193,Groen_Verharding,weighted_mean,Groen & Verharding
BU00740101,0.6897724063278784,Groen_Verharding,weighted_mean,Groen & Verharding
BU00740102,0.9620148567917081,Groen_Verharding,weighted_mean,Groen & Verharding
BU00740103,0.8579508662449397,Groen_Verharding,weighted_mean,Groen & Verharding
BU00740104,0.9302910842252421,Groen_Verharding,weighted_mean,Groen & Verharding
BU00740105,1.4275980472832441,Groen_Verharding,weighted_mean,Groen & Verharding
BU00740106,1.0237294450555794,Groen_Verharding,weighted_mean,Groen & Verharding
BU00740107,0.8011885074739832,Groen_Verharding,weighted_mean,Groen & Verharding
BU00740108,0.318171580842738,Groen_Verharding,weighted_mean,Groen & Verharding
BU00740109,-0.24778440494562123,Groen_Verharding,weighted_mean,Groen & Verharding
BU00740110,0.5124026152367614,Groen_Verharding,weighted_mean,Groen & Verharding
WK007402,-0.2645134599326772,Groen_Verharding,weighted_mean,Groen & Verharding
BU00740201,-0.07958691104774826,Groen_Verharding,weighted_mean,Groen & Verharding
BU00740202,-0.3401900397726111,Groen_Verharding,weighted_mean,Groen & Verharding
BU00740203,-0.918303231259956,Groen_Verharding,weighted_mean,Groen & Verharding
BU00740204,-0.34589121093463426,Groen_Verharding,weighted_mean,Groen & Verharding
BU00740205,-0.5606114636681148,Groen_Verharding,weighted_mean,Groen & Verharding
WK007403,-0.14673854908427553,Groen_Verharding,weighted_mean,Groen & Verharding
BU00740301,-0.3555847977889792,Groen_Verharding,weighted_mean,Groen & Verharding
BU00740302,-0.08219885531006392,Groen_Verharding,weighted_mean,Groen & Verharding
WK007404,0.2313123661293531,Groen_Verharding,weighted_mean,Groen & Verharding
BU00740401,0.18477210913356792,Groen_Verharding,weighted_mean,Groen & Verharding
BU00740402,-0.013018024570551135,Groen_Verharding,weighted_mean,Groen & Verharding
BU00740403,0.029780159968963663,Groen_Verharding,weighted_mean,Groen & Verharding
BU00740404,-0.2893728710654782,Groen_Verharding,weighted_mean,Groen & Verharding
BU00740405,-0.0696552352414137,Groen_Verharding,weighted_mean,Groen & Verharding
BU00740406,-0.31367576095301714,Groen_Verharding,weighted_mean,Groen & Verharding
BU00740407,-0.4894402013562252,Groen_Verharding,weighted_mean,Groen & Verharding
WK007406,-0.07726467187721785,Groen_Verharding,weighted_mean,Groen & Verharding
BU00740601,0.6257156479382554,Groen_Verharding,weighted_mean,Groen & Verharding
WK007407,-0.22983616739735532,Groen_Verharding,weighted_mean,Groen & Verharding
BU00740701,-0.3001387362120694,Groen_Verharding,weighted_mean,Groen & Verharding
BU00740702,1.5245327613787072,Groen_Verharding,weighted_mean,Groen & Verharding
WK007409,-0.038620519859526185,Groen_Verharding,weighted_mean,Groen & Verharding
BU00740901,-0.2876666681227657,Groen_Verharding,weighted_mean,Groen & Verharding
BU00740902,0.09407393818927148,Groen_Verharding,weighted_mean,Groen & Verharding
BU00740903,-0.5300923593675985,Groen_Verharding,weighted_mean,Groen & Verharding
GM0080,0.7539304382964812,Groen_Verharding,weighted_mean,Groen & Verharding
WK008010,0.9156539401347895,Groen_Verharding,weighted_mean,Groen & Verharding
BU00801001,-0.26752951297456073,Groen_Verharding,weighted_mean,Groen & Verharding
BU00801002,-0.4726813179361327,Groen_Verharding,weighted_mean,Groen & Verharding
BU00801003,0.8237937435764536,Groen_Verharding,weighted_mean,Groen & Verharding
BU00801004,0.4420432780415376,Groen_Verharding,weighted_mean,Groen & Verharding
BU00801005,0.40277754938732974,Groen_Verharding,weighted_mean,Groen & Verharding
BU00801006,0.18844106763447233,Groen_Verharding,weighted_mean,Groen & Verharding
BU00801007,-0.02080398300205577,Groen_Verharding,weighted_mean,Groen & Verharding
BU00801008,0.46783408193496107,Groen_Verharding,weighted_mean,Groen & Verharding
WK008011,0.422288555763338,Groen_Verharding,weighted_mean,Groen & Verharding
BU00801101,0.4787272199766446,Groen_Verharding,weighted_mean,Groen & Verharding
BU00801102,0.642392088285604,Groen_Verharding,weighted_mean,Groen & Verharding
BU00801103,0.6814767277911892,Groen_Verharding,weighted_mean,Groen & Verharding
BU00801104,0.3961359617992828,Groen_Verharding,weighted_mean,Groen & Verharding
BU00801105,1.0248805696437846,Groen_Verharding,weighted_mean,Groen & Verharding
BU00801106,1.0819368018485245,Groen_Verharding,weighted_mean,Groen & Verharding
BU00801107,0.634719491350573,Groen_Verharding,weighted_mean,Groen & Verharding
BU00801108,0.6344625406687949,Groen_Verharding,weighted_mean,Groen & Verharding
BU00801109,0.4672709088445793,Groen_Verharding,weighted_mean,Groen & Verharding
WK008020,0.7539304382964812,Groen_Verharding,weighted_mean,Groen & Verharding
BU00802001,0.503138737445421,Groen_Verharding,weighted_mean,Groen & Verharding
BU00802002,0.620208025042275,Groen_Verharding,weighted_mean,Groen & Verharding
BU00802003,0.44125887796688607,Groen_Verharding,weighted_mean,Groen & Verharding
BU00802004,0.8333715617190338,Groen_Verharding,weighted_mean,Groen & Verharding
BU00802005,1.4978385840520687,Groen_Verharding,weighted_mean,Groen & Verharding
BU00802006,0.4287161224824441,Groen_Verharding,weighted_mean,Groen & Verharding
BU00802007,0.46003374388750123,Groen_Verharding,weighted_mean,Groen & Verharding
BU00802008,0.2237038125928464,Groen_Verharding,weighted_mean,Groen & Verharding
BU00802009,0.4329950917468619,Groen_Verharding,weighted_mean,Groen & Verharding
WK008030,0.7539304382964812,Groen_Verharding,weighted_mean,Groen & Verharding
BU00803001,0.5160766356428329,Groen_Verharding,weighted_mean,Groen & Verharding
BU00803002,0.640143572528138,Groen_Verharding,weighted_mean,Groen & Verharding
BU00803003,1.3281805395135786,Groen_Verharding,weighted_mean,Groen & Verharding
BU00803004,0.42036184993570813,Groen_Verharding,weighted_mean,Groen & Verharding
BU00803005,0.6631928393526939,Groen_Verharding,weighted_mean,Groen & Verharding
BU00803006,0.5709514428713699,Groen_Verharding,weighted_mean,Groen & Verharding
BU00803007,1.0621896275037785,Groen_Verharding,weighted_mean,Groen & Verharding
WK008031,0.22569171164410776,Groen_Verharding,weighted_mean,Groen & Verharding
BU00803101,0.8578928997171611,Groen_Verharding,weighted_mean,Groen & Verharding
BU00803102,-0.4358530062770515,Groen_Verharding,weighted_mean,Groen & Verharding
WK008032,1.0431418793204779,Groen_Verharding,weighted_mean,Groen & Verharding
BU00803201,0.5790501460247637,Groen_Verharding,weighted_mean,Groen & Verharding
BU00803202,0.6108270113634938,Groen_Verharding,weighted_mean,Groen & Verharding
BU00803203,0.4667800870319251,Groen_Verharding,weighted_mean,Groen & Verharding
BU00803204,0.5153479519039798,Groen_Verharding,weighted_mean,Groen & Verharding
WK008040,0.9127560733306542,Groen_Verharding,weighted_mean,Groen & Verharding
BU00804001,0.455325835145108,Groen_Verharding,weighted_mean,Groen & Verharding
BU00804002,0.316438463394499,Groen_Verharding,weighted_mean,Groen & Verharding
BU00804003,0.7653827886703714,Groen_Verharding,weighted_mean,Groen & Verharding
BU00804004,0.7177235915167908,Groen_Verharding,weighted_mean,Groen & Verharding
WK008041,0.23100308151330756,Groen_Verharding,weighted_mean,Groen & Verharding
BU00804101,1.1119889641594893,Groen_Verharding,weighted_mean,Groen & Verharding
BU00804102,0.45455594033799707,Groen_Verharding,weighted_mean,Groen & Verharding
BU00804103,0.39635785561011455,Groen_Verharding,weighted_mean,Groen & Verharding
BU00804104,0.5341392578804851,Groen_Verharding,weighted_mean,Groen & Verharding
BU00804105,0.38885431246727437,Groen_Verharding,weighted_mean,Groen & Verharding
BU00804106,1.3096207443913062,Groen_Verharding,weighted_mean,Groen & Verharding
BU00804107,1.4815230415258616,Groen_Verharding,weighted_mean,Groen & Verharding
BU00804108,0.6985108507359303,Groen_Verharding,weighted_mean,Groen & Verharding
BU00804109,-0.4788885371434752,Groen_Verharding,weighted_mean,Groen & Verharding
BU00804110,0.2440332850057822,Groen_Verharding,weighted_mean,Groen & Verharding
WK008050,0.7891228838248892,Groen_Verharding,weighted_mean,Groen & Verharding
BU00805001,1.6836898678921985,Groen_Verharding,weighted_mean,Groen & Verharding
BU00805002,1.2314196764436562,Groen_Verharding,weighted_mean,Groen & Verharding
BU00805003,0.5762470236359596,Groen_Verharding,weighted_mean,Groen & Verharding
WK008051,0.4222885557633379,Groen_Verharding,weighted_mean,Groen & Verharding
BU00805101,1.0974996301388131,Groen_Verharding,weighted_mean,Groen & Verharding
BU00805102,0.8951198963670876,Groen_Verharding,weighted_mean,Groen & Verharding
BU00805103,1.0459566344202922,Groen_Verharding,weighted_mean,Groen & Verharding
BU00805104,0.2960756234550655,Groen_Verharding,weighted_mean,Groen & Verharding
BU00805105,2.1377464331097924,Groen_Verharding,weighted_mean,Groen & Verharding
WK008060,0.4403682328885425,Groen_Verharding,weighted_mean,Groen & Verharding
BU00806001,1.1139148612871377,Groen_Verharding,weighted_mean,Groen & Verharding
BU00806002,0.7512470265086493,Groen_Verharding,weighted_mean,Groen & Verharding
BU00806003,0.3926585683972018,Groen_Verharding,weighted_mean,Groen & Verharding
WK008061,0.7900350401194295,Groen_Verharding,weighted_mean,Groen & Verharding
BU00806101,0.9949552784456135,Groen_Verharding,weighted_mean,Groen & Verharding
BU00806102,1.268488413698993,Groen_Verharding,weighted_mean,Groen & Verharding
WK008062,-0.05812449198878888,Groen_Verharding,weighted_mean,Groen & Verharding
BU00806201,0.4714777838463609,Groen_Verharding,weighted_mean,Groen & Verharding
BU00806202,0.2062963307438479,Groen_Verharding,weighted_mean,Groen & Verharding
BU00806203,-0.8080845022259409,Groen_Verharding,weighted_mean,Groen & Verharding
BU00806204,0.6578637163456453,Groen_Verharding,weighted_mean,Groen & Verharding
BU00806205,-0.08301289357255516,Groen_Verharding,weighted_mean,Groen & Verharding
BU00806206,0.026308319137335244,Groen_Verharding,weighted_mean,Groen & Verharding
BU00806207,0.33889913063066845,Groen_Verharding,weighted_mean,Groen & Verharding
BU00806208,-0.9582533474847104,Groen_Verharding,weighted_mean,Groen & Verharding
BU00806209,0.1349474329595513,Groen_Verharding,weighted_mean,Groen & Verharding
BU00806210,-0.5230873177179314,Groen_Verharding,weighted_mean,Groen & Verharding
WK008063,0.23131236612935316,Groen_Verharding,weighted_mean,Groen & Verharding
BU00806301,0.6086640213426768,Groen_Verharding,weighted_mean,Groen & Verharding
BU00806302,-0.12619190894952012,Groen_Verharding,weighted_mean,Groen & Verharding
BU00806303,-0.3571720769049455,Groen_Verharding,weighted_mean,Groen & Verharding
BU00806304,-0.08437349181448464,Groen_Verharding,weighted_mean,Groen & Verharding
BU00806305,0.4814970985256337,Groen_Verharding,weighted_mean,Groen & Verharding
BU00806306,-0.5440172816015949,Groen_Verharding,weighted_mean,Groen & Verharding
BU00806307,-0.3266652226259834,Groen_Verharding,weighted_mean,Groen & Verharding
WK008070,0.4502557338720483,Groen_Verharding,weighted_mean,Groen & Verharding
BU00807001,0.9734553840617896,Groen_Verharding,weighted_mean,Groen & Verharding
BU00807002,0.9200731018942507,Groen_Verharding,weighted_mean,Groen & Verharding
BU00807003,0.8225404070516066,Groen_Verharding,weighted_mean,Groen & Verharding
BU00807004,0.4631556173123825,Groen_Verharding,weighted_mean,Groen & Verharding
WK008071,0.6626028671262765,Groen_Verharding,weighted_mean,Groen & Verharding
BU00807101,0.7740930516655719,Groen_Verharding,weighted_mean,Groen & Verharding
WK008072,0.2292649579227766,Groen_Verharding,weighted_mean,Groen & Verharding
BU00807201,0.33197970566380475,Groen_Verharding,weighted_mean,Groen & Verharding
BU00807202,0.5150485766150102,Groen_Verharding,weighted_mean,Groen & Verharding
BU00807203,0.7423892183184095,Groen_Verharding,weighted_mean,Groen & Verharding
WK008073,0.09352993721551056,Groen_Verharding,weighted_mean,Groen & Verharding
BU00807301,-0.07657907410006748,Groen_Verharding,weighted_mean,Groen & Verharding
BU00807302,0.6799184654482742,Groen_Verharding,weighted_mean,Groen & Verharding
BU00807303,0.38714282421776475,Groen_Verharding,weighted_mean,Groen & Verharding
BU00807304,-0.7418924218576062,Groen_Verharding,weighted_mean,Groen & Verharding
BU00807305,0.43005543019248943,Groen_Verharding,weighted_mean,Groen & Verharding
BU00807306,0.4328384344146105,Groen_Verharding,weighted_mean,Groen & Verharding
WK008074,0.3910105240348193,Groen_Verharding,weighted_mean,Groen & Verharding
BU00807401,-0.9205787665475864,Groen_Verharding,weighted_mean,Groen & Verharding
BU00807402,-0.04808109511426678,Groen_Verharding,weighted_mean,Groen & Verharding
BU00807403,0.4393158274124451,Groen_Verharding,weighted_mean,Groen & Verharding
BU00807404,0.07771564549082152,Groen_Verharding,weighted_mean,Groen & Verharding
BU00807405,-0.09203405866470996,Groen_Verharding,weighted_mean,Groen & Verharding
WK008080,-0.30578788082505093,Groen_Verharding,weighted_mean,Groen & Verharding
BU00808001,0.5110978164413912,Groen_Verharding,weighted_mean,Groen & Verharding
BU00808002,-0.4913869659278818,Groen_Verharding,weighted_mean,Groen & Verharding
BU00808003,-0.3488360239317891,Groen_Verharding,weighted_mean,Groen & Verharding
BU00808004,0.19000475749243198,Groen_Verharding,weighted_mean,Groen & Verharding
BU00808005,-0.6273363494752184,Groen_Verharding,weighted_mean,Groen & Verharding
BU00808006,-0.7093443707027479,Groen_Verharding,weighted_mean,Groen & Verharding
BU00808007,0.15950358149049912,Groen_Verharding,weighted_mean,Groen & Verharding
BU00808008,0.19205734644681333,Groen_Verharding,weighted_mean,Groen & Verharding
WK008081,-0.1278560557531603,Groen_Verharding,weighted_mean,Groen & Verharding
BU00808101,0.34340359037178614,Groen_Verharding,weighted_mean,Groen & Verharding
BU00808102,-0.6699203590699171,Groen_Verharding,weighted_mean,Groen & Verharding
BU00808103,0.6689390904912544,Groen_Verharding,weighted_mean,Groen & Verharding
BU00808104,-1.2914289272046287,Groen_Verharding,weighted_mean,Groen & Verharding
BU00808105,0.145691038219999,Groen_Verharding,weighted_mean,Groen & Verharding
BU00808106,-1.0847516822675896,Groen_Verharding,weighted_mean,Groen & Verharding
BU00808107,-0.6396798341587159,Groen_Verharding,weighted_mean,Groen & Verharding
BU00808108,-0.4576176667619957,Groen_Verharding,weighted_mean,Groen & Verharding
BU00808109,0.20027608976993377,Groen_Verharding,weighted_mean,Groen & Verharding
BU00808110,-0.4562001683042739,Groen_Verharding,weighted_mean,Groen & Verharding
BU00808111,0.19098795830614754,Groen_Verharding,weighted_mean,Groen & Verharding
BU00808112,-0.7691085452455227,Groen_Verharding,weighted_mean,Groen & Verharding
BU00808113,-0.48708861886193444,Groen_Verharding,weighted_mean,Groen & Verharding
BU00808114,-0.8685041243898289,Groen_Verharding,weighted_mean,Groen & Verharding
BU00808115,-0.6090407432017573,Groen_Verharding,weighted_mean,Groen & Verharding
BU00808116,0.7955237134717508,Groen_Verharding,weighted_mean,Groen & Verharding
BU00808117,-0.34330066772015344,Groen_Verharding,weighted_mean,Groen & Verharding
WK008082,0.23131236612935316,Groen_Verharding,weighted_mean,Groen & Verharding
BU00808201,0.24111138676552313,Groen_Verharding,weighted_mean,Groen & Verharding
BU00808202,-1.112177700002707,Groen_Verharding,weighted_mean,Groen & Verharding
BU00808203,-0.5913324180990284,Groen_Verharding,weighted_mean,Groen & Verharding
BU00808204,-0.19375508671387698,Groen_Verharding,weighted_mean,Groen & Verharding
BU00808205,-0.819305591335382,Groen_Verharding,weighted_mean,Groen & Verharding
BU00808206,0.4135934701935862,Groen_Verharding,weighted_mean,Groen & Verharding
BU00808207,-0.408919882732108,Groen_Verharding,weighted_mean,Groen & Verharding
BU00808208,0.3815747072248254,Groen_Verharding,weighted_mean,Groen & Verharding
BU00808209,-0.6760277430253608,Groen_Verharding,weighted_mean,Groen & Verharding
GM1970,0.4222885557633379,Groen_Verharding,weighted_mean,Groen & Verharding
WK197000,0.42228855576333785,Groen_Verharding,weighted_mean,Groen & Verharding
BU19700000,0.13189081515885562,Groen_Verharding,weighted_mean,Groen & Verharding
BU19700001,0.1084022847950166,Groen_Verharding,weighted_mean,Groen & Verharding
BU19700002,0.42502725287314974,Groen_Verharding,weighted_mean,Groen & Verharding
BU19700003,0.5043650653082793,Groen_Verharding,weighted_mean,Groen & Verharding
BU19700004,-0.5148601853314834,Groen_Verharding,weighted_mean,Groen & Verharding
BU19700005,0.5168841551374627,Groen_Verharding,weighted_mean,Groen & Verharding
BU19700006,-0.08761924973299215,Groen_Verharding,weighted_mean,Groen & Verharding
BU19700007,-0.4498929994631381,Groen_Verharding,weighted_mean,Groen & Verharding
BU19700008,-0.050657340802503135,Groen_Verharding,weighted_mean,Groen & Verharding
BU19700009,0.4414542168248804,Groen_Verharding,weighted_mean,Groen & Verharding
BU19700010,-0.037958317942761825,Groen_Verharding,weighted_mean,Groen & Verharding
BU19700011,0.41622228815130025,Groen_Verharding,weighted_mean,Groen & Verharding
WK197001,-0.3422559378841907,Groen_Verharding,weighted_mean,Groen & Verharding
BU19700100,-0.12375329046652565,Groen_Verharding,weighted_mean,Groen & Verharding
BU19700101,-0.6592793489503989,Groen_Verharding,weighted_mean,Groen & Verharding
BU19700102,-0.3804618020232971,Groen_Verharding,weighted_mean,Groen & Verharding
BU19700103,-0.5475946421580181,Groen_Verharding,weighted_mean,Groen & Verharding
BU19700104,-0.6934296357138913,Groen_Verharding,weighted_mean,Groen & Verharding
BU19700105,-0.4331809336087442,Groen_Verharding,weighted_mean,Groen & Verharding
BU19700107,0.13861834595629757,Groen_Verharding,weighted_mean,Groen & Verharding
BU19700108,-0.1975919003789476,Groen_Verharding,weighted_mean,Groen & Verharding
BU19700109,-0.9678570723945735,Groen_Verharding,weighted_mean,Groen & Verharding
WK197002,-0.4613810929430915,Groen_Verharding,weighted_mean,Groen & Verharding
BU19700200,-0.3144021173725693,Groen_Verharding,weighted_mean,Groen & Verharding
BU19700201,-0.598111128059449,Groen_Verharding,weighted_mean,Groen & Verharding
BU19700202,0.28172693876938393,Groen_Verharding,weighted_mean,Groen & Verharding
BU19700208,-0.9739421619627354,Groen_Verharding,weighted_mean,Groen & Verharding
BU19700209,-0.9172601006826085,Groen_Verharding,weighted_mean,Groen & Verharding
WK197003,-0.2645134599326772,Groen_Verharding,weighted_mean,Groen & Verharding
BU19700300,-0.40118255715856466,Groen_Verharding,weighted_mean,Groen & Verharding
BU19700301,-0.5322911494708342,Groen_Verharding,weighted_mean,Groen & Verharding
BU19700302,-0.5832119545681541,Groen_Verharding,weighted_mean,Groen & Verharding
BU19700303,0.7678764376276653,Groen_Verharding,weighted_mean,Groen & Verharding
BU19700307,0.3182102598279248,Groen_Verharding,weighted_mean,Groen & Verharding
BU19700308,-0.7576073748173581,Groen_Verharding,weighted_mean,Groen & Verharding
BU19700309,-0.9315551541975491,Groen_Verharding,weighted_mean,Groen & Verharding
WK197004,-0.3287045764508935,Groen_Verharding,weighted_mean,Groen & Verharding
BU19700400,0.11944414667419465,Groen_Verharding,weighted_mean,Groen & Verharding
BU19700401,-0.9273774971325286,Groen_Verharding,weighted_mean,Groen & Verharding
BU19700408,-0.458232756544932,Groen_Verharding,weighted_mean,Groen & Verharding
BU19700409,-1.0874081366164057,Groen_Verharding,weighted_mean,Groen & Verharding
WK197005,-0.31083303872680024,Groen_Verharding,weighted_mean,Groen & Verharding
BU19700500,0.2505200376363448,Groen_Verharding,weighted_mean,Groen & Verharding
BU19700501,0.34644320031250647,Groen_Verharding,weighted_mean,Groen & Verharding
BU19700502,0.04066070656924861,Groen_Verharding,weighted_mean,Groen & Verharding
BU19700503,-0.4647269477374637,Groen_Verharding,weighted_mean,Groen & Verharding
BU19700506,-0.7562834832064217,Groen_Verharding,weighted_mean,Groen & Verharding
BU19700507,-0.6927017517933182,Groen_Verharding,weighted_mean,Groen & Verharding
BU19700508,-0.719809233895158,Groen_Verharding,weighted_mean,Groen & Verharding
BU19700509,-0.10436731547753109,Groen_Verharding,weighted_mean,Groen & Verharding
WK197006,-0.2645134599326772,Groen_Verharding,weighted_mean,Groen & Verharding
BU19700600,0.31112321430086765,Groen_Verharding,weighted_mean,Groen & Verharding
BU19700601,-0.6110287549464809,Groen_Verharding,weighted_mean,Groen & Verharding
BU19700602,0.226971664317493,Groen_Verharding,weighted_mean,Groen & Verharding
BU19700603,-0.7073313474496066,Groen_Verharding,weighted_mean,Groen & Verharding
BU19700604,-1.2758896358554144,Groen_Verharding,weighted_mean,Groen & Verharding
BU19700605,-0.4711368723036048,Groen_Verharding,weighted_mean,Groen & Verharding
BU19700608,-0.7923414516904779,Groen_Verharding,weighted_mean,Groen & Verharding
BU19700609,-0.8631226409113509,Groen_Verharding,weighted_mean,Groen & Verharding
WK197007,-0.28468806180911266,Groen_Verharding,weighted_mean,Groen & Verharding
BU19700700,-0.011104722745663672,Groen_Verharding,weighted_mean,Groen & Verharding
BU19700701,-0.20344182071380532,Groen_Verharding,weighted_mean,Groen & Verharding
BU19700702,-0.6529673672430762,Groen_Verharding,weighted_mean,Groen & Verharding
BU19700703,-0.8267529990130922,Groen_Verharding,weighted_mean,Groen & Verharding
BU19700708,-0.47293534537067566,Groen_Verharding,weighted_mean,Groen & Verharding
BU19700709,-0.7963152065734598,Groen_Verharding,weighted_mean,Groen & Verharding
WK197008,-0.30578788082505093,Groen_Verharding,weighted_mean,Groen & Verharding
BU19700800,0.16040140974331732,Groen_Verharding,weighted_mean,Groen & Verharding
BU19700801,0.1938132345417125,Groen_Verharding,weighted_mean,Groen & Verharding
BU19700802,-0.1453952077409425,Groen_Verharding,weighted_mean,Groen & Verharding
BU19700803,-0.9157620439292383,Groen_Verharding,weighted_mean,Groen & Verharding
BU19700807,-1.0427208288501058,Groen_Verharding,weighted_mean,Groen & Verharding
BU19700808,-0.5946259600441561,Groen_Verharding,weighted_mean,Groen & Verharding
BU19700809,-0.44438998156229664,Groen_Verharding,weighted_mean,Groen & Verharding
WK197009,-0.30578788082505093,Groen_Verharding,weighted_mean,Groen & Verharding
BU19700900,0.30216078671982716,Groen_Verharding,weighted_mean,Groen & Verharding
BU19700909,-0.8946262583968071,Groen_Verharding,weighted_mean,Groen & Verharding
WK197010,-0.37476004716969585,Groen_Verharding,weighted_mean,Groen & Verharding
BU19701000,0.127910350602329,Groen_Verharding,weighted_mean,Groen & Verharding
BU19701001,-0.37810174579666617,Groen_Verharding,weighted_mean,Groen & Verharding
BU19701002,-0.657909668567984,Groen_Verharding,weighted_mean,Groen & Verharding
BU19701003,-0.7119038983786029,Groen_Verharding,weighted_mean,Groen & Verharding
BU19701004,-0.8734803714853885,Groen_Verharding,weighted_mean,Groen & Verharding
BU19701005,-0.46530857100328604,Groen_Verharding,weighted_mean,Groen & Verharding
BU19701006,-0.7102564293929456,Groen_Verharding,weighted_mean,Groen & Verharding
BU19701008,-0.7103170217617868,Groen_Verharding,weighted_mean,Groen & Verharding
BU19701009,-0.7352178667082785,Groen_Verharding,weighted_mean,Groen & Verharding
WK197011,0.13595993561610706,Groen_Verharding,weighted_mean,Groen & Verharding
BU19701100,0.559226516425148,Groen_Verharding,weighted_mean,Groen & Verharding
BU19701109,-0.5666628455960192,Groen_Verharding,weighted_mean,Groen & Verharding
WK197012,-0.07044839834626901,Groen_Verharding,weighted_mean,Groen & Verharding
BU19701200,-0.46350442466329583,Groen_Verharding,weighted_mean,Groen & Verharding
BU19701201,-0.5882404559710646,Groen_Verharding,weighted_mean,Groen & Verharding
BU19701202,-0.5287874067105869,Groen_Verharding,weighted_mean,Groen & Verharding
BU19701203,-0.3484941293775816,Groen_Verharding,weighted_mean,Groen & Verharding
BU19701204,-0.6959634837616484,Groen_Verharding,weighted_mean,Groen & Verharding
BU19701206,-0.4303800866476946,Groen_Verharding,weighted_mean,Groen & Verharding
BU19701207,-0.377053837210501,Groen_Verharding,weighted_mean,Groen & Verharding
BU19701208,-1.162776034303641,Groen_Verharding,weighted_mean,Groen & Verharding
BU19701209,0.44878792345460905,Groen_Verharding,weighted_mean,Groen & Verharding
WK197013,-0.29622808544505197,Groen_Verharding,weighted_mean,Groen & Verharding
BU19701300,-0.21398212513613427,Groen_Verharding,weighted_mean,Groen & Verharding
BU19701301,-0.31944489267457654,Groen_Verharding,weighted_mean,Groen & Verharding
BU19701302,0.1366164774052108,Groen_Verharding,weighted_mean,Groen & Verharding
BU19701308,-0.24254319968606042,Groen_Verharding,weighted_mean,Groen & Verharding
BU19701309,-0.2440811335973872,Groen_Verharding,weighted_mean,Groen & Verharding
WK197014,-0.05812449198878888,Groen_Verharding,weighted_mean,Groen & Verharding
BU19701400,0.08531400402893635,Groen_Verharding,weighted_mean,Groen & Verharding
BU19701401,0.18294576818057975,Groen_Verharding,weighted_mean,Groen & Verharding
BU19701402,-0.09806488099692123,Groen_Verharding,weighted_mean,Groen & Verharding
BU19701409,-0.8343647926937797,Groen_Verharding,weighted_mean,Groen & Verharding
GM0085,0.4222885557633379,Groen_Verharding,weighted_mean,Groen & Verharding
WK008501,-0.07056232805073401,Groen_Verharding,weighted_mean,Groen & Verharding
BU00850101,0.38533913405505404,Groen_Verharding,weighted_mean,Groen & Verharding
BU00850102,0.6985351319224196,Groen_Verharding,weighted_mean,Groen & Verharding
BU00850103,-0.1567524285560226,Groen_Verharding,weighted_mean,Groen & Verharding
BU00850104,0.1877996498258559,Groen_Verharding,weighted_mean,Groen & Verharding
BU00850105,0.23736369335748866,Groen_Verharding,weighted_mean,Groen & Verharding
BU00850106,-0.2773412170204537,Groen_Verharding,weighted_mean,Groen & Verharding
BU00850107,1.0560809281057306,Groen_Verharding,weighted_mean,Groen & Verharding
BU00850108,-0.046618373668634874,Groen_Verharding,weighted_mean,Groen & Verharding
BU00850109,-0.055715961471715,Groen_Verharding,weighted_mean,Groen & Verharding
BU00850110,0.5196473970614952,Groen_Verharding,weighted_mean,Groen & Verharding
BU00850111,0.49489796369584627,Groen_Verharding,weighted_mean,Groen & Verharding
WK008502,-0.29622808544505197,Groen_Verharding,weighted_mean,Groen & Verharding
BU00850201,0.26077724224320353,Groen_Verharding,weighted_mean,Groen & Verharding
BU00850202,0.5983181884738399,Groen_Verharding,weighted_mean,Groen & Verharding
BU00850203,0.1547234489671664,Groen_Verharding,weighted_mean,Groen & Verharding
WK008503,-0.5171150002113244,Groen_Verharding,weighted_mean,Groen & Verharding
BU00850301,0.43424468426809154,Groen_Verharding,weighted_mean,Groen & Verharding
BU00850302,-0.44251251692688,Groen_Verharding,weighted_mean,Groen & Verharding
WK008504,-0.1206953671238024,Groen_Verharding,weighted_mean,Groen & Verharding
BU00850401,0.36863541074491374,Groen_Verharding,weighted_mean,Groen & Verharding
BU00850402,0.057012031568043395,Groen_Verharding,weighted_mean,Groen & Verharding
WK008505,-0.46311099949467915,Groen_Verharding,weighted_mean,Groen & Verharding
BU00850501,-0.3113158012787164,Groen_Verharding,weighted_mean,Groen & Verharding
BU00850502,-0.7170729143129314,Groen_Verharding,weighted_mean,Groen & Verharding
WK008506,-0.05812449198878888,Groen_Verharding,weighted_mean,Groen & Verharding
BU00850601,-0.25519803655936973,Groen_Verharding,weighted_mean,Groen & Verharding
BU00850602,-0.2759731878143813,Groen_Verharding,weighted_mean,Groen & Verharding
BU00850603,-0.09735608367836365,Groen_Verharding,weighted_mean,Groen & Verharding
BU00850604,-0.4614030086890577,Groen_Verharding,weighted_mean,Groen & Verharding
BU00850605,-0.22294847463305079,Groen_Verharding,weighted_mean,Groen & Verharding
BU00850606,-0.3822638407319047,Groen_Verharding,weighted_mean,Groen & Verharding
BU00850607,0.18044467309789874,Groen_Verharding,weighted_mean,Groen & Verharding
BU00850608,-0.2017110092794021,Groen_Verharding,weighted_mean,Groen & Verharding
WK008507,-0.4661860097023525,Groen_Verharding,weighted_mean,Groen & Verharding
BU00850701,-0.06523113099093994,Groen_Verharding,weighted_mean,Groen & Verharding
BU00850702,-0.4866990797296483,Groen_Verharding,weighted_mean,Groen & Verharding
WK008508,-0.5364637540812242,Groen_Verharding,weighted_mean,Groen & Verharding
BU00850801,0.3647061306936304,Groen_Verharding,weighted_mean,Groen & Verharding
BU00850802,0.1520153131343575,Groen_Verharding,weighted_mean,Groen & Verharding
WK008509,-0.5974661407109872,Groen_Verharding,weighted_mean,Groen & Verharding
BU00850901,0.20406104127345598,Groen_Verharding,weighted_mean,Groen & Verharding
BU00850902,-0.12065764509306828,Groen_Verharding,weighted_mean,Groen & Verharding
WK008510,-0.37178627624954225,Groen_Verharding,weighted_mean,Groen & Verharding
BU00851001,0.6580218277136315,Groen_Verharding,weighted_mean,Groen & Verharding
BU00851002,0.772575386383946,Groen_Verharding,weighted_mean,Groen & Verharding
BU00851003,-0.11408393106864707,Groen_Verharding,weighted_mean,Groen & Verharding
WK008511,0.42228855576333796,Groen_Verharding,weighted_mean,Groen & Verharding
BU00851101,0.6309572309603563,Groen_Verharding,weighted_mean,Groen & Verharding
BU00851102,0.8565793076901717,Groen_Verharding,weighted_mean,Groen & Verharding
BU00851103,0.9187151963201904,Groen_Verharding,weighted_mean,Groen & Verharding
BU00851104,0.35374431792678207,Groen_Verharding,weighted_mean,Groen & Verharding
BU00851105,1.1947958899535682,Groen_Verharding,weighted_mean,Groen & Verharding
BU00851106,0.6475359135570125,Groen_Verharding,weighted_mean,Groen & Verharding
BU00851107,0.5236365087502328,Groen_Verharding,weighted_mean,Groen & Verharding
BU00851108,0.7772470113413381,Groen_Verharding,weighted_mean,Groen & Verharding
BU00851109,0.9818305118724358,Groen_Verharding,weighted_mean,Groen & Verharding
BU00851110,0.6339181304730481,Groen_Verharding,weighted_mean,Groen & Verharding
BU00851111,0.8028877817400718,Groen_Verharding,weighted_mean,Groen & Verharding
BU00851112,0.6759411312096368,Groen_Verharding,weighted_mean,Groen & Verharding
BU00851113,0.7745619187650273,Groen_Verharding,weighted_mean,Groen & Verharding
BU00851114,0.7885328634722296,Groen_Verharding,weighted_mean,Groen & Verharding
BU00851115,1.0794173483913676,Groen_Verharding,weighted_mean,Groen & Verharding
BU00851116,0.5856298634971945,Groen_Verharding,weighted_mean,Groen & Verharding
BU00851117,0.47505794266683105,Groen_Verharding,weighted_mean,Groen & Verharding
BU00851118,-0.16174657900704342,Groen_Verharding,weighted_mean,Groen & Verharding
WK008512,-0.6888517067058475,Groen_Verharding,weighted_mean,Groen & Verharding
BU00851201,-0.13964090766829237,Groen_Verharding,weighted_mean,Groen & Verharding
BU00851202,0.6835679824056151,Groen_Verharding,weighted_mean,Groen & Verharding
WK008513,-0.4864443870566196,Groen_Verharding,weighted_mean,Groen & Verharding
BU00851301,0.1844091180765052,Groen_Verharding,weighted_mean,Groen & Verharding
BU00851302,-0.4654272788306068,Groen_Verharding,weighted_mean,Groen & Verharding
GM0086,0.422288555763338,Groen_Verharding,weighted_mean,Groen & Verharding
WK008601,-0.297377565431126,Groen_Verharding,weighted_mean,Groen & Verharding
BU00860101,-0.08597717346690686,Groen_Verharding,weighted_mean,Groen & Verharding
BU00860102,0.21197954511593128,Groen_Verharding,weighted_mean,Groen & Verharding
BU00860103,0.3727421882048927,Groen_Verharding,weighted_mean,Groen & Verharding
WK008602,-0.02625739351889941,Groen_Verharding,weighted_mean,Groen & Verharding
BU00860201,1.08514419537211,Groen_Verharding,weighted_mean,Groen & Verharding
BU00860202,0.7651244375226705,Groen_Verharding,weighted_mean,Groen & Verharding
BU00860203,0.8537133763218496,Groen_Verharding,weighted_mean,Groen & Verharding
BU00860204,0.5929043512930315,Groen_Verharding,weighted_mean,Groen & Verharding
BU00860205,0.9152698580691377,Groen_Verharding,weighted_mean,Groen & Verharding
BU00860206,0.9369137251321011,Groen_Verharding,weighted_mean,Groen & Verharding
BU00860207,0.820904562524565,Groen_Verharding,weighted_mean,Groen & Verharding
BU00860208,0.2605771972112583,Groen_Verharding,weighted_mean,Groen & Verharding
BU00860209,0.670969390071178,Groen_Verharding,weighted_mean,Groen & Verharding
WK008604,-0.4748556461751742,Groen_Verharding,weighted_mean,Groen & Verharding
BU00860401,0.5651893979897664,Groen_Verharding,weighted_mean,Groen & Verharding
BU00860402,-0.8763948013935818,Groen_Verharding,weighted_mean,Groen & Verharding
WK008605,0.2592795442380636,Groen_Verharding,weighted_mean,Groen & Verharding
BU00860501,0.37562325861326257,Groen_Verharding,weighted_mean,Groen & Verharding
BU00860502,0.549865581311718,Groen_Verharding,weighted_mean,Groen & Verharding
BU00860503,0.9505310143370373,Groen_Verharding,weighted_mean,Groen & Verharding
BU00860504,0.8173880460804135,Groen_Verharding,weighted_mean,Groen & Verharding
BU00860505,0.9208115503137424,Groen_Verharding,weighted_mean,Groen & Verharding
BU00860506,0.8266976659048135,Groen_Verharding,weighted_mean,Groen & Verharding
BU00860507,1.3964582752739008,Groen_Verharding,weighted_mean,Groen & Verharding
BU00860508,-0.8049553729312867,Groen_Verharding,weighted_mean,Groen & Verharding
WK008606,-0.282640951882899,Groen_Verharding,weighted_mean,Groen & Verharding
BU00860601,0.665900549389409,Groen_Verharding,weighted_mean,Groen & Verharding
BU00860602,-0.10202800476976942,Groen_Verharding,weighted_mean,Groen & Verharding
WK008607,-0.4706161617523784,Groen_Verharding,weighted_mean,Groen & Verharding
BU00860701,0.15840751151647878,Groen_Verharding,weighted_mean,Groen & Verharding
BU00860702,-0.6117937425706295,Groen_Verharding,weighted_mean,Groen & Verharding
WK008608,-0.3766192682906005,Groen_Verharding,weighted_mean,Groen & Verharding
BU00860801,0.47345426545099883,Groen_Verharding,weighted_mean,Groen & Verharding
BU00860802,-0.4808165065441899,Groen_Verharding,weighted_mean,Groen & Verharding
WK008609,-0.4352784087511731,Groen_Verharding,weighted_mean,Groen & Verharding
BU00860901,0.2991602210775685,Groen_Verharding,weighted_mean,Groen & Verharding
BU00860902,-0.3788133966961686,Groen_Verharding,weighted_mean,Groen & Verharding
WK008610,-0.47011959123590313,Groen_Verharding,weighted_mean,Groen & Verharding
BU00861001,0.6584161503470737,Groen_Verharding,weighted_mean,Groen & Verharding
BU00861002,-0.6071689764521373,Groen_Verharding,weighted_mean,Groen & Verharding
WK008611,-0.37178627624954236,Groen_Verharding,weighted_mean,Groen & Verharding
BU00861101,0.4109217444571131,Groen_Verharding,weighted_mean,Groen & Verharding
BU00861102,-0.4766346073964206,Groen_Verharding,weighted_mean,Groen & Verharding
WK008613,-0.14977993240344684,Groen_Verharding,weighted_mean,Groen & Verharding
BU00861301,0.39701087157317316,Groen_Verharding,weighted_mean,Groen & Verharding
BU00861302,-0.927856090631016,Groen_Verharding,weighted_mean,Groen & Verharding
WK008614,-0.3781006856511942,Groen_Verharding,weighted_mean,Groen & Verharding
BU00861401,0.3381874980906175,Groen_Verharding,weighted_mean,Groen & Verharding
BU00861402,-0.18463084566042975,Groen_Verharding,weighted_mean,Groen & Verharding
WK008615,-0.2976998140745775,Groen_Verharding,weighted_mean,Groen & Verharding
BU00861501,0.7737837231981272,Groen_Verharding,weighted_mean,Groen & Verharding
BU00861502,-0.1688747335925191,Groen_Verharding,weighted_mean,Groen & Verharding
WK008616,0.027682326151318173,Groen_Verharding,weighted_mean,Groen & Verharding
BU00861601,0.4163274828509935,Groen_Verharding,weighted_mean,Groen & Verharding
BU00861602,0.6790398348008216,Groen_Verharding,weighted_mean,Groen & Verharding
BU00861603,0.3808330502577164,Groen_Verharding,weighted_mean,Groen & Verharding
BU00861604,0.3587184457237135,Groen_Verharding,weighted_mean,Groen & Verharding
BU00861605,0.696683709708583,Groen_Verharding,weighted_mean,Groen & Verharding
BU00861606,0.44316541700327006,Groen_Verharding,weighted_mean,Groen & Verharding
BU00861607,-0.24065099454427585,Groen_Verharding,weighted_mean,Groen & Verharding
WK008617,-0.2645134599326772,Groen_Verharding,weighted_mean,Groen & Verharding
BU00861701,0.14037149353404624,Groen_Verharding,weighted_mean,Groen & Verharding
BU00861702,0.6666636010027934,Groen_Verharding,weighted_mean,Groen & Verharding
BU00861703,-0.6519607477837516,Groen_Verharding,weighted_mean,Groen & Verharding
GM0088,-0.049944711585845875,Groen_Verharding,weighted_mean,Groen & Verharding
WK008800,0.031810624034201096,Groen_Verharding,weighted_mean,Groen & Verharding
BU00880000,0.7358949435314585,Groen_Verharding,weighted_mean,Groen & Verharding
BU00880009,1.2295394101209651,Groen_Verharding,weighted_mean,Groen & Verharding
GM0090,0.42228855576333785,Groen_Verharding,weighted_mean,Groen & Verharding
WK009001,0.5540049614525585,Groen_Verharding,weighted_mean,Groen & Verharding
BU00900101,0.31900836764242707,Groen_Verharding,weighted_mean,Groen & Verharding
WK009002,0.28457049728246836,Groen_Verharding,weighted_mean,Groen & Verharding
BU00900201,0.7164927964119188,Groen_Verharding,weighted_mean,Groen & Verharding
BU00900202,1.0417249307397105,Groen_Verharding,weighted_mean,Groen & Verharding
BU00900203,0.6983000673219503,Groen_Verharding,weighted_mean,Groen & Verharding
BU00900204,0.7908043614502034,Groen_Verharding,weighted_mean,Groen & Verharding
BU00900205,0.7673197835094959,Groen_Verharding,weighted_mean,Groen & Verharding
BU00900206,1.0916361477251504,Groen_Verharding,weighted_mean,Groen & Verharding
WK009003,0.45118752423272435,Groen_Verharding,weighted_mean,Groen & Verharding
BU00900301,0.49462974724191033,Groen_Verharding,weighted_mean,Groen & Verharding
BU00900302,1.15676427555808,Groen_Verharding,weighted_mean,Groen & Verharding
BU00900303,1.1174788266144733,Groen_Verharding,weighted_mean,Groen & Verharding
BU00900304,0.7886631853800753,Groen_Verharding,weighted_mean,Groen & Verharding
WK009004,0.3760428203120294,Groen_Verharding,weighted_mean,Groen & Verharding
BU00900401,0.8152224707621839,Groen_Verharding,weighted_mean,Groen & Verharding
BU00900402,1.2807470472418103,Groen_Verharding,weighted_mean,Groen & Verharding
BU00900403,1.17290577176449,Groen_Verharding,weighted_mean,Groen & Verharding
BU00900404,1.0404091849166333,Groen_Verharding,weighted_mean,Groen & Verharding
BU00900405,0.8972747473414178,Groen_Verharding,weighted_mean,Groen & Verharding
BU00900406,1.0179148435999668,Groen_Verharding,weighted_mean,Groen & Verharding
WK009005,0.7905766643538031,Groen_Verharding,weighted_mean,Groen & Verharding
BU00900501,0.787957335904337,Groen_Verharding,weighted_mean,Groen & Verharding
BU00900502,0.757618756513903,Groen_Verharding,weighted_mean,Groen & Verharding
WK009006,0.9648016833438927,Groen_Verharding,weighted_mean,Groen & Verharding
BU00900601,1.1078136461865042,Groen_Verharding,weighted_mean,Groen & Verharding
BU00900602,0.8007707525068545,Groen_Verharding,weighted_mean,Groen & Verharding
BU00900603,0.7353164251739055,Groen_Verharding,weighted_mean,Groen & Verharding
WK009007,0.22926495792277654,Groen_Verharding,weighted_mean,Groen & Verharding
BU00900701,0.47218371188327984,Groen_Verharding,weighted_mean,Groen & Verharding
BU00900702,0.08890745698588633,Groen_Verharding,weighted_mean,Groen & Verharding
BU00900703,0.14517568160827715,Groen_Verharding,weighted_mean,Groen & Verharding
BU00900704,0.42901728538845785,Groen_Verharding,weighted_mean,Groen & Verharding
BU00900705,-0.023279375378969548,Groen_Verharding,weighted_mean,Groen & Verharding
BU00900706,-0.22724109776610385,Groen_Verharding,weighted_mean,Groen & Verharding
WK009008,0.3942626454839589,Groen_Verharding,weighted_mean,Groen & Verharding
BU00900801,0.5011793122650597,Groen_Verharding,weighted_mean,Groen & Verharding
BU00900802,0.8003985738612301,Groen_Verharding,weighted_mean,Groen & Verharding
BU00900803,0.03364444753607205,Groen_Verharding,weighted_mean,Groen & Verharding
WK009009,0.7610679143680854,Groen_Verharding,weighted_mean,Groen & Verharding
BU00900901,0.6463652688604384,Groen_Verharding,weighted_mean,Groen & Verharding
BU00900902,0.5540902640726632,Groen_Verharding,weighted_mean,Groen & Verharding
BU00900903,0.5590913347358683,Groen_Verharding,weighted_mean,Groen & Verharding
BU00900904,1.0288323486133626,Groen_Verharding,weighted_mean,Groen & Verharding
WK009010,1.0005703469737923,Groen_Verharding,weighted_mean,Groen & Verharding
BU00901001,-0.05491209347614287,Groen_Verharding,weighted_mean,Groen & Verharding
BU00901002,0.5527916381059358,Groen_Verharding,weighted_mean,Groen & Verharding
BU00901003,0.4184861675692313,Groen_Verharding,weighted_mean,Groen & Verharding
BU00901004,0.6784308736853717,Groen_Verharding,weighted_mean,Groen & Verharding
WK009011,0.22680030586458627,Groen_Verharding,weighted_mean,Groen & Verharding
BU00901101,0.12060199146505107,Groen_Verharding,weighted_mean,Groen & Verharding
WK009012,-0.27611280971037,Groen_Verharding,weighted_mean,Groen & Verharding
BU00901201,0.17656350666202145,Groen_Verharding,weighted_mean,Groen & Verharding
BU00901202,0.09181577812918394,Groen_Verharding,weighted_mean,Groen & Verharding
WK009013,0.7632395626901315,Groen_Verharding,weighted_mean,Groen & Verharding
BU00901301,0.6206169275532564,Groen_Verharding,weighted_mean,Groen & Verharding
BU00901302,0.8784841844994836,Groen_Verharding,weighted_mean,Groen & Verharding
BU00901303,1.025653355726099,Groen_Verharding,weighted_mean,Groen & Verharding
WK009021,-0.0768052501320695,Groen_Verharding,weighted_mean,Groen & Verharding
BU00902104,-1.0787878307320087,Groen_Verharding,weighted_mean,Groen & Verharding
BU00902105,-1.0652518911283266,Groen_Verharding,weighted_mean,Groen & Verharding
BU00902109,-0.3669788374275074,Groen_Verharding,weighted_mean,Groen & Verharding
BU00902110,-0.39476116166360664,Groen_Verharding,weighted_mean,Groen & Verharding
BU00902114,-0.371819741128856,Groen_Verharding,weighted_mean,Groen & Verharding
WK009022,-0.30578788082505093,Groen_Verharding,weighted_mean,Groen & Verharding
BU00902201,-0.6386796405048162,Groen_Verharding,weighted_mean,Groen & Verharding
BU00902202,-0.2957052288667165,Groen_Verharding,weighted_mean,Groen & Verharding
BU00902203,0.569628603157236,Groen_Verharding,weighted_mean,Groen & Verharding
BU00902206,-0.2593009391605316,Groen_Verharding,weighted_mean,Groen & Verharding
BU00902212,-0.5470341635776357,Groen_Verharding,weighted_mean,Groen & Verharding
BU00902213,-0.5145554997457507,Groen_Verharding,weighted_mean,Groen & Verharding
BU00902215,-0.5672598973979666,Groen_Verharding,weighted_mean,Groen & Verharding
BU00902216,0.09549239437823816,Groen_Verharding,weighted_mean,Groen & Verharding
WK009023,-0.05812449198878888,Groen_Verharding,weighted_mean,Groen & Verharding
BU00902307,-0.6370918931829833,Groen_Verharding,weighted_mean,Groen & Verharding
BU00902308,-0.6469674819574058,Groen_Verharding,weighted_mean,Groen & Verharding
BU00902311,-0.5643361886589763,Groen_Verharding,weighted_mean,Groen & Verharding
GM1900,0.4222885557633379,Groen_Verharding,weighted_mean,Groen & Verharding
WK190000,0.42228855576333796,Groen_Verharding,weighted_mean,Groen & Verharding
BU19000000,0.32431459040166566,Groen_Verharding,weighted_mean,Groen & Verharding
BU19000001,0.6234919121768808,Groen_Verharding,weighted_mean,Groen & Verharding
BU19000002,1.0699843052534552,Groen_Verharding,weighted_mean,Groen & Verharding
BU19000003,0.4783031888204296,Groen_Verharding,weighted_mean,Groen & Verharding
BU19000004,0.7560308817548164,Groen_Verharding,weighted_mean,Groen & Verharding
BU19000009,-0.29460358120849717,Groen_Verharding,weighted_mean,Groen & Verharding
WK190001,0.4222885557633379,Groen_Verharding,weighted_mean,Groen & Verharding
BU19000101,-0.0692424107932576,Groen_Verharding,weighted_mean,Groen & Verharding
BU19000102,1.0458378038230023,Groen_Verharding,weighted_mean,Groen & Verharding
BU19000103,0.5671028505595224,Groen_Verharding,weighted_mean,Groen & Verharding
BU19000104,1.019287569676646,Groen_Verharding,weighted_mean,Groen & Verharding
BU19000105,0.9271319233782018,Groen_Verharding,weighted_mean,Groen & Verharding
BU19000106,0.7476496534747391,Groen_Verharding,weighted_mean,Groen & Verharding
BU19000107,1.0558321271764033,Groen_Verharding,weighted_mean,Groen & Verharding
BU19000108,0.971663668404881,Groen_Verharding,weighted_mean,Groen & Verharding
BU19000109,1.13572083176771,Groen_Verharding,weighted_mean,Groen & Verharding
BU19000110,0.9728417256383401,Groen_Verharding,weighted_mean,Groen & Verharding
BU19000111,1.2487336478036475,Groen_Verharding,weighted_mean,Groen & Verharding
BU19000112,0.7320349926449629,Groen_Verharding,weighted_mean,Groen & Verharding
BU19000113,0.2547062684671672,Groen_Verharding,weighted_mean,Groen & Verharding
BU19000114,1.127797233401173,Groen_Verharding,weighted_mean,Groen & Verharding
BU19000115,0.8210730463523169,Groen_Verharding,weighted_mean,Groen & Verharding
BU19000116,0.8711039516261823,Groen_Verharding,weighted_mean,Groen & Verharding
BU19000117,0.30358589436588523,Groen_Verharding,weighted_mean,Groen & Verharding
BU19000118,-0.2665664659961032,Groen_Verharding,weighted_mean,Groen & Verharding
BU19000119,0.003285221071435406,Groen_Verharding,weighted_mean,Groen & Verharding
BU19000120,-0.06939170210933646,Groen_Verharding,weighted_mean,Groen & Verharding
WK190002,0.13595993561610686,Groen_Verharding,weighted_mean,Groen & Verharding
BU19000200,0.4498438545131715,Groen_Verharding,weighted_mean,Groen & Verharding
BU19000201,-0.46332613478311824,Groen_Verharding,weighted_mean,Groen & Verharding
BU19000202,0.5770937073423589,Groen_Verharding,weighted_mean,Groen & Verharding
BU19000208,-0.4576737619483017,Groen_Verharding,weighted_mean,Groen & Verharding
BU19000209,-0.2346830486738112,Groen_Verharding,weighted_mean,Groen & Verharding
WK190003,-0.1278560557531603,Groen_Verharding,weighted_mean,Groen & Verharding
BU19000300,0.21660411501662324,Groen_Verharding,weighted_mean,Groen & Verharding
BU19000301,-0.4275739255654819,Groen_Verharding,weighted_mean,Groen & Verharding
BU19000302,-0.06933441854593411,Groen_Verharding,weighted_mean,Groen & Verharding
BU19000308,-0.4555833796251989,Groen_Verharding,weighted_mean,Groen & Verharding
BU19000309,-0.5586893723766297,Groen_Verharding,weighted_mean,Groen & Verharding
WK190004,-0.3071030498035491,Groen_Verharding,weighted_mean,Groen & Verharding
BU19000400,0.0985726812655754,Groen_Verharding,weighted_mean,Groen & Verharding
BU19000401,-0.5812078033006186,Groen_Verharding,weighted_mean,Groen & Verharding
BU19000402,-0.65419279177805,Groen_Verharding,weighted_mean,Groen & Verharding
BU19000403,0.7661556384394937,Groen_Verharding,weighted_mean,Groen & Verharding
BU19000408,0.06029759301414929,Groen_Verharding,weighted_mean,Groen & Verharding
BU19000409,0.10096978846853918,Groen_Verharding,weighted_mean,Groen & Verharding
WK190005,0.047931483205139284,Groen_Verharding,weighted_mean,Groen & Verharding
BU19000500,0.07985287574529985,Groen_Verharding,weighted_mean,Groen & Verharding
BU19000501,0.5088088050140642,Groen_Verharding,weighted_mean,Groen & Verharding
BU19000502,0.9543204273705259,Groen_Verharding,weighted_mean,Groen & Verharding
BU19000503,-0.4003208877912091,Groen_Verharding,weighted_mean,Groen & Verharding
WK190006,-0.3057878808250508,Groen_Verharding,weighted_mean,Groen & Verharding
BU19000600,0.650833821839362,Groen_Verharding,weighted_mean,Groen & Verharding
BU19000602,0.15159498785726347,Groen_Verharding,weighted_mean,Groen & Verharding
BU19000603,0.1620847006928239,Groen_Verharding,weighted_mean,Groen & Verharding
BU19000607,-0.3902463961975468,Groen_Verharding,weighted_mean,Groen & Verharding
BU19000608,-0.5817050753179405,Groen_Verharding,weighted_mean,Groen & Verharding
BU19000609,-0.3097703682896465,Groen_Verharding,weighted_mean,Groen & Verharding
WK190007,-0.2492336677707022,Groen_Verharding,weighted_mean,Groen & Verharding
BU19000700,0.5916735985233152,Groen_Verharding,weighted_mean,Groen & Verharding
BU19000701,0.18984863695140136,Groen_Verharding,weighted_mean,Groen & Verharding
BU19000702,0.04628548172058405,Groen_Verharding,weighted_mean,Groen & Verharding
BU19000706,-0.6032899480367021,Groen_Verharding,weighted_mean,Groen & Verharding
BU19000707,-0.7833761991555693,Groen_Verharding,weighted_mean,Groen & Verharding
BU19000708,-0.8979337298589588,Groen_Verharding,weighted_mean,Groen & Verharding
WK190008,-0.23538119039766628,Groen_Verharding,weighted_mean,Groen & Verharding
BU19000800,0.1187477053305908,Groen_Verharding,weighted_mean,Groen & Verharding
BU19000801,0.10123256893570046,Groen_Verharding,weighted_mean,Groen & Verharding
BU19000802,-0.45702675126414233,Groen_Verharding,weighted_mean,Groen & Verharding
BU19000804,-0.12410084865747009,Groen_Verharding,weighted_mean,Groen & Verharding
BU19000808,-0.12841765191599097,Groen_Verharding,weighted_mean,Groen & Verharding
BU19000809,-0.46870535030913696,Groen_Verharding,weighted_mean,Groen & Verharding
WK190009,-0.2645134599326772,Groen_Verharding,weighted_mean,Groen & Verharding
BU19000900,-0.18340718671855064,Groen_Verharding,weighted_mean,Groen & Verharding
BU19000901,-0.428604030227279,Groen_Verharding,weighted_mean,Groen & Verharding
BU19000902,-0.42763455709293713,Groen_Verharding,weighted_mean,Groen & Verharding
BU19000903,-0.20287605969201059,Groen_Verharding,weighted_mean,Groen & Verharding
BU19000904,-0.2624593537769904,Groen_Verharding,weighted_mean,Groen & Verharding
BU19000905,-0.4569004875182256,Groen_Verharding,weighted_mean,Groen & Verharding
BU19000906,-0.7121983461188929,Groen_Verharding,weighted_mean,Groen & Verharding
BU19000907,-0.5699097796523597,Groen_Verharding,weighted_mean,Groen & Verharding
BU19000908,-0.09332903828335924,Groen_Verharding,weighted_mean,Groen & Verharding
BU19000909,-0.7198379051750813,Groen_Verharding,weighted_mean,Groen & Verharding
WK190010,-0.37178627624954225,Groen_Verharding,weighted_mean,Groen & Verharding
BU19001000,-0.11920020978198786,Groen_Verharding,weighted_mean,Groen & Verharding
BU19001001,0.014650464213378761,Groen_Verharding,weighted_mean,Groen & Verharding
BU19001002,-0.6349025017094098,Groen_Verharding,weighted_mean,Groen & Verharding
BU19001003,-0.6433097861942538,Groen_Verharding,weighted_mean,Groen & Verharding
BU19001007,-0.6209947848577761,Groen_Verharding,weighted_mean,Groen & Verharding
BU19001008,-0.18209698265596183,Groen_Verharding,weighted_mean,Groen & Verharding
WK190011,-0.3917864422911608,Groen_Verharding,weighted_mean,Groen & Verharding
BU19001100,0.5804444470845107,Groen_Verharding,weighted_mean,Groen & Verharding
BU19001101,0.012010927838342062,Groen_Verharding,weighted_mean,Groen & Verharding
BU19001108,-0.5034796473071138,Groen_Verharding,weighted_mean,Groen & Verharding
BU19001109,-0.09001068691335563,Groen_Verharding,weighted_mean,Groen & Verharding
WK190012,-0.37476004716969585,Groen_Verharding,weighted_mean,Groen & Verharding
BU19001200,0.8197004810326661,Groen_Verharding,weighted_mean,Groen & Verharding
BU19001201,-0.48251370971512725,Groen_Verharding,weighted_mean,Groen & Verharding
BU19001202,-0.5425572281337006,Groen_Verharding,weighted_mean,Groen & Verharding
BU19001203,-0.6381578420177842,Groen_Verharding,weighted_mean,Groen & Verharding
BU19001204,-0.727762724194929,Groen_Verharding,weighted_mean,Groen & Verharding
BU19001208,-0.5078531102006216,Groen_Verharding,weighted_mean,Groen & Verharding
BU19001209,-0.5896343775702234,Groen_Verharding,weighted_mean,Groen & Verharding
WK190013,-0.305787880825051,Groen_Verharding,weighted_mean,Groen & Verharding
BU19001300,0.33440942051654304,Groen_Verharding,weighted_mean,Groen & Verharding
BU19001301,0.2582177753046555,Groen_Verharding,weighted_mean,Groen & Verharding
BU19001302,-0.0262434785011676,Groen_Verharding,weighted_mean,Groen & Verharding
BU19001303,0.020031499568137764,Groen_Verharding,weighted_mean,Groen & Verharding
BU19001306,-0.4361065747345968,Groen_Verharding,weighted_mean,Groen & Verharding
BU19001307,-0.3830920065718306,Groen_Verharding,weighted_mean,Groen & Verharding
BU19001308,-0.7309911554037787,Groen_Verharding,weighted_mean,Groen & Verharding
BU19001309,-0.7094261538590677,Groen_Verharding,weighted_mean,Groen & Verharding
WK190014,-0.2179105434013645,Groen_Verharding,weighted_mean,Groen & Verharding
BU19001400,-0.14555835148612795,Groen_Verharding,weighted_mean,Groen & Verharding
BU19001401,0.014883252816115938,Groen_Verharding,weighted_mean,Groen & Verharding
BU19001402,-0.6059075462802778,Groen_Verharding,weighted_mean,Groen & Verharding
BU19001403,-0.08627000800758264,Groen_Verharding,weighted_mean,Groen & Verharding
BU19001404,-0.1548121839239262,Groen_Verharding,weighted_mean,Groen & Verharding
BU19001405,-0.682044534951905,Groen_Verharding,weighted_mean,Groen & Verharding
BU19001406,-0.5819220654374888,Groen_Verharding,weighted_mean,Groen & Verharding
BU19001407,-0.7331736672567613,Groen_Verharding,weighted_mean,Groen & Verharding
BU19001408,0.10924690750333826,Groen_Verharding,weighted_mean,Groen & Verharding
BU19001409,-0.8009076991475,Groen_Verharding,weighted_mean,Groen & Verharding
WK190015,-0.30401324112971934,Groen_Verharding,weighted_mean,Groen & Verharding
BU19001500,0.08473218406200109,Groen_Verharding,weighted_mean,Groen & Verharding
BU19001501,-0.3994642713092752,Groen_Verharding,weighted_mean,Groen & Verharding
BU19001502,-0.5684469843903212,Groen_Verharding,weighted_mean,Groen & Verharding
BU19001503,0.8353736939138178,Groen_Verharding,weighted_mean,Groen & Verharding
BU19001509,0.35978872865586525,Groen_Verharding,weighted_mean,Groen & Verharding
WK190016,-0.2645134599326772,Groen_Verharding,weighted_mean,Groen & Verharding
BU19001600,-0.0608903179964311,Groen_Verharding,weighted_mean,Groen & Verharding
BU19001601,-0.6637624231118139,Groen_Verharding,weighted_mean,Groen & Verharding
BU19001602,-0.6273672800471957,Groen_Verharding,weighted_mean,Groen & Verharding
BU19001603,0.0050978752254027485,Groen_Verharding,weighted_mean,Groen & Verharding
BU19001604,0.26469757190466864,Groen_Verharding,weighted_mean,Groen & Verharding
BU19001606,-0.4274345034262813,Groen_Verharding,weighted_mean,Groen & Verharding
BU19001607,-0.5985967017573799,Groen_Verharding,weighted_mean,Groen & Verharding
BU19001608,-0.6583175279497018,Groen_Verharding,weighted_mean,Groen & Verharding
WK190017,0.047931483205139146,Groen_Verharding,weighted_mean,Groen & Verharding
BU19001700,0.5469900310617835,Groen_Verharding,weighted_mean,Groen & Verharding
BU19001709,-0.5343120376900243,Groen_Verharding,weighted_mean,Groen & Verharding
WK190018,-0.2998711355317429,Groen_Verharding,weighted_mean,Groen & Verharding
BU19001800,0.5545894462816622,Groen_Verharding,weighted_mean,Groen & Verharding
BU19001801,-0.36888653242342023,Groen_Verharding,weighted_mean,Groen & Verharding
BU19001802,-0.20530004933887974,Groen_Verharding,weighted_mean,Groen & Verharding
BU19001803,-0.18639915912864896,Groen_Verharding,weighted_mean,Groen & Verharding
BU19001804,-0.14055684018930542,Groen_Verharding,weighted_mean,Groen & Verharding
BU19001808,-0.7117561883042824,Groen_Verharding,weighted_mean,Groen & Verharding
BU19001809,-0.23601790771264136,Groen_Verharding,weighted_mean,Groen & Verharding
WK190019,-0.4613810929430915,Groen_Verharding,weighted_mean,Groen & Verharding
BU19001900,0.16799887711553838,Groen_Verharding,weighted_mean,Groen & Verharding
BU19001901,-0.4650046323973249,Groen_Verharding,weighted_mean,Groen & Verharding
BU19001902,0.25236856973706057,Groen_Verharding,weighted_mean,Groen & Verharding
BU19001903,-0.3404592805925863,Groen_Verharding,weighted_mean,Groen & Verharding
BU19001904,-0.4700881945413252,Groen_Verharding,weighted_mean,Groen & Verharding
WK190020,-0.07056232805073398,Groen_Verharding,weighted_mean,Groen & Verharding
BU19002001,0.3433929337829011,Groen_Verharding,weighted_mean,Groen & Verharding
BU19002002,0.15303526333914264,Groen_Verharding,weighted_mean,Groen & Verharding
BU19002003,-0.5925526155103837,Groen_Verharding,weighted_mean,Groen & Verharding
BU19002004,-0.5005491752019549,Groen_Verharding,weighted_mean,Groen & Verharding
BU19002005,-0.779409372884248,Groen_Verharding,weighted_mean,Groen & Verharding
BU19002006,-0.6356926450597905,Groen_Verharding,weighted_mean,Groen & Verharding
BU19002007,-0.5454899501858089,Groen_Verharding,weighted_mean,Groen & Verharding
BU19002008,-0.6941505892070801,Groen_Verharding,weighted_mean,Groen & Verharding
BU19002009,-0.7888319994454225,Groen_Verharding,weighted_mean,Groen & Verharding
BU19002010,-0.7104874779435196,Groen_Verharding,weighted_mean,Groen & Verharding
BU19002011,-0.605779129287528,Groen_Verharding,weighted_mean,Groen & Verharding
BU19002012,-0.17127296772186718,Groen_Verharding,weighted_mean,Groen & Verharding
BU19002013,-0.5966384476182534,Groen_Verharding,weighted_mean,Groen & Verharding
BU19002014,-0.6061992819211941,Groen_Verharding,weighted_mean,Groen & Verharding
BU19002015,-0.37852220751704435,Groen_Verharding,weighted_mean,Groen & Verharding
BU19002016,-0.39850043303818133,Groen_Verharding,weighted_mean,Groen & Verharding
BU19002017,-0.1990293753625536,Groen_Verharding,weighted_mean,Groen & Verharding
BU19002018,-0.5357239130373829,Groen_Verharding,weighted_mean,Groen & Verharding
BU19002019,-0.816320892545723,Groen_Verharding,weighted_mean,Groen & Verharding
GM0093,-0.4018710654835585,Groen_Verharding,weighted_mean,Groen & Verharding
WK009300,-0.30578788082505093,Groen_Verharding,weighted_mean,Groen & Verharding
BU00930000,1.1410569060634719,Groen_Verharding,weighted_mean,Groen & Verharding
BU00930002,1.7910116040951607,Groen_Verharding,weighted_mean,Groen & Verharding
WK009301,-0.15631092469675192,Groen_Verharding,weighted_mean,Groen & Verharding
BU00930110,0.3456187775576912,Groen_Verharding,weighted_mean,Groen & Verharding
BU00930111,-0.2673984840250009,Groen_Verharding,weighted_mean,Groen & Verharding
BU00930112,1.3321307286391482,Groen_Verharding,weighted_mean,Groen & Verharding
WK009302,-0.4233226921401845,Groen_Verharding,weighted_mean,Groen & Verharding
BU00930213,0.3883677316681118,Groen_Verharding,weighted_mean,Groen & Verharding
BU00930214,-0.36993988992066873,Groen_Verharding,weighted_mean,Groen & Verharding
BU00930215,0.7164033924231624,Groen_Verharding,weighted_mean,Groen & Verharding
WK009303,-0.422985110874373,Groen_Verharding,weighted_mean,Groen & Verharding
BU00930316,-0.3984824103470023,Groen_Verharding,weighted_mean,Groen & Verharding
BU00930317,-0.4909743563160996,Groen_Verharding,weighted_mean,Groen & Verharding
WK009304,-0.4432708128132455,Groen_Verharding,weighted_mean,Groen & Verharding
BU00930418,2.0370749369755012,Groen_Verharding,weighted_mean,Groen & Verharding
BU00930419,-0.2255817909988141,Groen_Verharding,weighted_mean,Groen & Verharding
BU00930420,-0.32104854655478177,Groen_Verharding,weighted_mean,Groen & Verharding
WK009305,0.23524000744743603,Groen_Verharding,weighted_mean,Groen & Verharding
BU00930521,-0.19749773137819768,Groen_Verharding,weighted_mean,Groen & Verharding
BU00930522,-0.5513008003657609,Groen_Verharding,weighted_mean,Groen & Verharding
BU00930523,-0.007226652908739514,Groen_Verharding,weighted_mean,Groen & Verharding
GM0737,0.42228855576333785,Groen_Verharding,weighted_mean,Groen & Verharding
WK073700,0.42228855576333796,Groen_Verharding,weighted_mean,Groen & Verharding
BU07370000,0.27375757965003417,Groen_Verharding,weighted_mean,Groen & Verharding
BU07370009,-0.3411738495660253,Groen_Verharding,weighted_mean,Groen & Verharding
WK073701,-0.06043355280969786,Groen_Verharding,weighted_mean,Groen & Verharding
BU07370100,-0.3150590159121282,Groen_Verharding,weighted_mean,Groen & Verharding
BU07370101,0.027797825239840937,Groen_Verharding,weighted_mean,Groen & Verharding
BU07370102,-0.7029668394888272,Groen_Verharding,weighted_mean,Groen & Verharding
BU07370108,-0.4708922374658943,Groen_Verharding,weighted_mean,Groen & Verharding
BU07370109,-0.3549059050422351,Groen_Verharding,weighted_mean,Groen & Verharding
WK073702,-0.06043355280969786,Groen_Verharding,weighted_mean,Groen & Verharding
BU07370200,-0.040258903482371405,Groen_Verharding,weighted_mean,Groen & Verharding
BU07370201,-0.07622159567107865,Groen_Verharding,weighted_mean,Groen & Verharding
BU07370208,0.052618075658732416,Groen_Verharding,weighted_mean,Groen & Verharding
BU07370209,-0.62142942083644,Groen_Verharding,weighted_mean,Groen & Verharding
WK073703,-0.4648121781128863,Groen_Verharding,weighted_mean,Groen & Verharding
BU07370300,-0.42383844640500834,Groen_Verharding,weighted_mean,Groen & Verharding
BU07370309,-0.32124902425413865,Groen_Verharding,weighted_mean,Groen & Verharding
WK073704,-0.3071030498035491,Groen_Verharding,weighted_mean,Groen & Verharding
BU07370400,-0.3431020567334582,Groen_Verharding,weighted_mean,Groen & Verharding
BU07370401,-0.6191633571261306,Groen_Verharding,weighted_mean,Groen & Verharding
BU07370408,-0.3975790950832679,Groen_Verharding,weighted_mean,Groen & Verharding
BU07370409,-0.8147132955490919,Groen_Verharding,weighted_mean,Groen & Verharding
WK073705,-0.31083303872680024,Groen_Verharding,weighted_mean,Groen & Verharding
BU07370500,0.11488676778487547,Groen_Verharding,weighted_mean,Groen & Verharding
BU07370501,-0.19109392210060386,Groen_Verharding,weighted_mean,Groen & Verharding
BU07370508,-0.24198464715726173,Groen_Verharding,weighted_mean,Groen & Verharding
BU07370509,0.006909252525692779,Groen_Verharding,weighted_mean,Groen & Verharding
WK073706,-0.3319364772312144,Groen_Verharding,weighted_mean,Groen & Verharding
BU07370600,0.3423782008206405,Groen_Verharding,weighted_mean,Groen & Verharding
BU07370609,-0.9639097154476488,Groen_Verharding,weighted_mean,Groen & Verharding
WK073707,-0.3057878808250509,Groen_Verharding,weighted_mean,Groen & Verharding
BU07370700,-0.7596160903936933,Groen_Verharding,weighted_mean,Groen & Verharding
BU07370701,-0.32678388228659816,Groen_Verharding,weighted_mean,Groen & Verharding
BU07370708,-0.8690956717592185,Groen_Verharding,weighted_mean,Groen & Verharding
BU07370709,-0.6746338029866055,Groen_Verharding,weighted_mean,Groen & Verharding
WK073708,-0.05600056205213956,Groen_Verharding,weighted_mean,Groen & Verharding
BU07370800,0.029000425146770478,Groen_Verharding,weighted_mean,Groen & Verharding
BU07370809,-0.08897243216749016,Groen_Verharding,weighted_mean,Groen & Verharding
WK073709,0.12904518708156223,Groen_Verharding,weighted_mean,Groen & Verharding
BU07370900,-0.0438363475091546,Groen_Verharding,weighted_mean,Groen & Verharding
BU07370909,-0.5468518248654728,Groen_Verharding,weighted_mean,Groen & Verharding
GM0096,-0.049944711585845875,Groen_Verharding,weighted_mean,Groen & Verharding
WK009600,0.07612753753168362,Groen_Verharding,weighted_mean,Groen & Verharding
BU00960000,0.8136222655734805,Groen_Verharding,weighted_mean,Groen & Verharding
BU00960009,-0.018797247465247413,Groen_Verharding,weighted_mean,Groen & Verharding
GM1949,0.4222885557633379,Groen_Verharding,weighted_mean,Groen & Verharding
WK194915,-0.2298361673973552,Groen_Verharding,weighted_mean,Groen & Verharding
BU19491500,-0.9582181444474412,Groen_Verharding,weighted_mean,Groen & Verharding
BU19491501,0.7133268190226805,Groen_Verharding,weighted_mean,Groen & Verharding
WK194916,0.03590090484949578,Groen_Verharding,weighted_mean,Groen & Verharding
BU19491600,-0.5997208052908097,Groen_Verharding,weighted_mean,Groen & Verharding
BU19491601,0.18352646834388103,Groen_Verharding,weighted_mean,Groen & Verharding
BU19491602,0.6545035956218282,Groen_Verharding,weighted_mean,Groen & Verharding
BU19491603,0.39325921895830734,Groen_Verharding,weighted_mean,Groen & Verharding
BU19491604,0.39133873387854845,Groen_Verharding,weighted_mean,Groen & Verharding
BU19491605,0.7310084358365129,Groen_Verharding,weighted_mean,Groen & Verharding
BU19491606,0.07302793437404506,Groen_Verharding,weighted_mean,Groen & Verharding
WK194917,-0.5237557980094542,Groen_Verharding,weighted_mean,Groen & Verharding
BU19491700,-0.6697306391375702,Groen_Verharding,weighted_mean,Groen & Verharding
WK194918,-0.01294271975331014,Groen_Verharding,weighted_mean,Groen & Verharding
BU19491800,-0.47299660427843565,Groen_Verharding,weighted_mean,Groen & Verharding
BU19491801,0.19176150111302714,Groen_Verharding,weighted_mean,Groen & Verharding
BU19491802,0.7181078571028588,Groen_Verharding,weighted_mean,Groen & Verharding
BU19491803,0.175505737496146,Groen_Verharding,weighted_mean,Groen & Verharding
BU19491804,0.31442218927409865,Groen_Verharding,weighted_mean,Groen & Verharding
WK194919,-0.4699692577971613,Groen_Verharding,weighted_mean,Groen & Verharding
BU19491900,-0.4316705475475566,Groen_Verharding,weighted_mean,Groen & Verharding
BU19491901,0.4941042249005876,Groen_Verharding,weighted_mean,Groen & Verharding
WK194920,-0.4253465444443814,Groen_Verharding,weighted_mean,Groen & Verharding
BU19492000,-0.2132943647149626,Groen_Verharding,weighted_mean,Groen & Verharding
BU19492001,0.16940539668692595,Groen_Verharding,weighted_mean,Groen & Verharding
WK194921,-0.5522000931471076,Groen_Verharding,weighted_mean,Groen & Verharding
BU19492100,-0.7530029455075763,Groen_Verharding,weighted_mean,Groen & Verharding
WK194922,-0.6599599624454182,Groen_Verharding,weighted_mean,Groen & Verharding
BU19492200,-0.6662313284841219,Groen_Verharding,weighted_mean,Groen & Verharding
WK194923,-0.29618933052202545,Groen_Verharding,weighted_mean,Groen & Verharding
BU19492300,-0.5009795556435654,Groen_Verharding,weighted_mean,Groen & Verharding
BU19492301,0.42257300348152355,Groen_Verharding,weighted_mean,Groen & Verharding
WK194924,-0.4748556461751741,Groen_Verharding,weighted_mean,Groen & Verharding
BU19492400,-0.7620626276719576,Groen_Verharding,weighted_mean,Groen & Verharding
BU19492401,0.41915209445344404,Groen_Verharding,weighted_mean,Groen & Verharding
WK194925,-0.3188957067640546,Groen_Verharding,weighted_mean,Groen & Verharding
BU19492500,-0.06297874256214926,Groen_Verharding,weighted_mean,Groen & Verharding
BU19492501,0.4949622310417413,Groen_Verharding,weighted_mean,Groen & Verharding
WK194926,-0.05812449198878888,Groen_Verharding,weighted_mean,Groen & Verharding
BU19492600,-0.7850016175482394,Groen_Verharding,weighted_mean,Groen & Verharding
BU19492601,0.042938891541383355,Groen_Verharding,weighted_mean,Groen & Verharding
BU19492602,0.19875065462088226,Groen_Verharding,weighted_mean,Groen & Verharding
BU19492603,0.4398421484844077,Groen_Verharding,weighted_mean,Groen & Verharding
BU19492604,0.6545431321042483,Groen_Verharding,weighted_mean,Groen & Verharding
WK194927,-0.5594554447043649,Groen_Verharding,weighted_mean,Groen & Verharding
BU19492700,-0.6645149790465229,Groen_Verharding,weighted_mean,Groen & Verharding
WK194928,0.42228855576333796,Groen_Verharding,weighted_mean,Groen & Verharding
BU19492800,-0.284496426810229,Groen_Verharding,weighted_mean,Groen & Verharding
BU19492801,0.543789845567223,Groen_Verharding,weighted_mean,Groen & Verharding
BU19492802,0.28504089056517085,Groen_Verharding,weighted_mean,Groen & Verharding
BU19492803,0.7197193029324418,Groen_Verharding,weighted_mean,Groen & Verharding
BU19492804,0.935471514246432,Groen_Verharding,weighted_mean,Groen & Verharding
BU19492805,-0.12944319822622127,Groen_Verharding,weighted_mean,Groen & Verharding
BU19492806,0.13013086653182357,Groen_Verharding,weighted_mean,Groen & Verharding
BU19492807,0.07610051532950901,Groen_Verharding,weighted_mean,Groen & Verharding
BU19492808,1.1200551822303355,Groen_Verharding,weighted_mean,Groen & Verharding
BU19492809,0.9035673180496365,Groen_Verharding,weighted_mean,Groen & Verharding
BU19492810,0.5657883203342998,Groen_Verharding,weighted_mean,Groen & Verharding
BU19492811,1.066592412763819,Groen_Verharding,weighted_mean,Groen & Verharding
BU19492812,0.7170630486431323,Groen_Verharding,weighted_mean,Groen & Verharding
BU19492813,0.7692470709486993,Groen_Verharding,weighted_mean,Groen & Verharding
BU19492814,0.5641756466977641,Groen_Verharding,weighted_mean,Groen & Verharding
BU19492815,0.9501414161306562,Groen_Verharding,weighted_mean,Groen & Verharding
BU19492816,0.17105110094109272,Groen_Verharding,weighted_mean,Groen & Verharding
BU19492817,0.5279109015056141,Groen_Verharding,weighted_mean,Groen & Verharding
WK194929,-0.33833504094471767,Groen_Verharding,weighted_mean,Groen & Verharding
BU19492900,-0.33576140821795397,Groen_Verharding,weighted_mean,Groen & Verharding
WK194930,-0.5307104691756138,Groen_Verharding,weighted_mean,Groen & Verharding
BU19493000,-0.6285775036071708,Groen_Verharding,weighted_mean,Groen & Verharding
WK194931,-0.3918939856732398,Groen_Verharding,weighted_mean,Groen & Verharding
BU19493100,-0.6252201265558006,Groen_Verharding,weighted_mean,Groen & Verharding
BU19493101,0.3397970193119309,Groen_Verharding,weighted_mean,Groen & Verharding
WK194932,-0.34225593788419073,Groen_Verharding,weighted_mean,Groen & Verharding
BU19493200,-0.8695754335981688,Groen_Verharding,weighted_mean,Groen & Verharding
BU19493201,0.6138785127904578,Groen_Verharding,weighted_mean,Groen & Verharding
BU19493202,0.5542449833446048,Groen_Verharding,weighted_mean,Groen & Verharding
WK194933,-0.4790688980295576,Groen_Verharding,weighted_mean,Groen & Verharding
BU19493300,-0.7454012266358694,Groen_Verharding,weighted_mean,Groen & Verharding
WK194934,-0.4575450385549037,Groen_Verharding,weighted_mean,Groen & Verharding
BU19493400,-0.309878265554489,Groen_Verharding,weighted_mean,Groen & Verharding
BU19493401,0.22273325761919371,Groen_Verharding,weighted_mean,Groen & Verharding
WK194935,-0.06043355280969786,Groen_Verharding,weighted_mean,Groen & Verharding
BU19493500,-0.22529961447437416,Groen_Verharding,weighted_mean,Groen & Verharding
BU19493501,-0.10619653209420742,Groen_Verharding,weighted_mean,Groen & Verharding
BU19493502,0.25380411356648164,Groen_Verharding,weighted_mean,Groen & Verharding
BU19493503,0.47164866676008327,Groen_Verharding,weighted_mean,Groen & Verharding
WK194936,-0.2831486731697761,Groen_Verharding,weighted_mean,Groen & Verharding
BU19493600,-0.5458550434906712,Groen_Verharding,weighted_mean,Groen & Verharding
BU19493601,0.01917022615897253,Groen_Verharding,weighted_mean,Groen & Verharding
BU19493602,0.17398376978694802,Groen_Verharding,weighted_mean,Groen & Verharding
BU19493603,0.3439988678320352,Groen_Verharding,weighted_mean,Groen & Verharding
WK194937,0.3343411089966634,Groen_Verharding,weighted_mean,Groen & Verharding
BU19493700,0.32643401377441694,Groen_Verharding,weighted_mean,Groen & Verharding
WK194938,-0.5882334133920367,Groen_Verharding,weighted_mean,Groen & Verharding
BU19493800,-0.5780879807541581,Groen_Verharding,weighted_mean,Groen & Verharding
BU19493801,0.439427064396841,Groen_Verharding,weighted_mean,Groen & Verharding
WK194939,-0.3781006856511942,Groen_Verharding,weighted_mean,Groen & Verharding
BU19493900,-0.8736289478900158,Groen_Verharding,weighted_mean,Groen & Verharding
BU19493901,0.2023146342669822,Groen_Verharding,weighted_mean,Groen & Verharding
WK194940,-0.5066001245238013,Groen_Verharding,weighted_mean,Groen & Verharding
BU19494000,-0.455263037456948,Groen_Verharding,weighted_mean,Groen & Verharding
WK194941,-0.4272615602169512,Groen_Verharding,weighted_mean,Groen & Verharding
BU19494100,-0.5302261950812862,Groen_Verharding,weighted_mean,Groen & Verharding
WK194942,-0.2318189903839153,Groen_Verharding,weighted_mean,Groen & Verharding
BU19494200,-0.5817867548819753,Groen_Verharding,weighted_mean,Groen & Verharding
BU19494201,0.5099618402249534,Groen_Verharding,weighted_mean,Groen & Verharding
WK194943,-0.5731590407341884,Groen_Verharding,weighted_mean,Groen & Verharding
BU19494300,-0.40808713007160563,Groen_Verharding,weighted_mean,Groen & Verharding
WK194944,-0.28314867316977604,Groen_Verharding,weighted_mean,Groen & Verharding
BU19494400,-0.8632687438360638,Groen_Verharding,weighted_mean,Groen & Verharding
BU19494401,0.618778054507905,Groen_Verharding,weighted_mean,Groen & Verharding
BU19494402,-0.7785805876712637,Groen_Verharding,weighted_mean,Groen & Verharding
BU19494403,-0.49774934801509496,Groen_Verharding,weighted_mean,Groen & Verharding
WK194945,-0.614882324352758,Groen_Verharding,weighted_mean,Groen & Verharding
BU19494500,-0.5471435796508421,Groen_Verharding,weighted_mean,Groen & Verharding
WK194946,-0.6403988418494836,Groen_Verharding,weighted_mean,Groen & Verharding
BU19494600,-0.6487792125662637,Groen_Verharding,weighted_mean,Groen & Verharding
WK194947,-0.4775850470680557,Groen_Verharding,weighted_mean,Groen & Verharding
BU19494700,-1.3265024865803632,Groen_Verharding,weighted_mean,Groen & Verharding
BU19494701,0.23323909663138395,Groen_Verharding,weighted_mean,Groen & Verharding
WK194948,-0.45602982944748066,Groen_Verharding,weighted_mean,Groen & Verharding
BU19494800,-0.1674366040260223,Groen_Verharding,weighted_mean,Groen & Verharding
BU19494801,0.3395767084668848,Groen_Verharding,weighted_mean,Groen & Verharding
WK194949,-0.33193647723121444,Groen_Verharding,weighted_mean,Groen & Verharding
BU19494900,-1.1792561604355427,Groen_Verharding,weighted_mean,Groen & Verharding
BU19494901,0.587138870958969,Groen_Verharding,weighted_mean,Groen & Verharding
BU19494902,0.7656250314541176,Groen_Verharding,weighted_mean,Groen & Verharding
WK194950,-0.23857696831388958,Groen_Verharding,weighted_mean,Groen & Verharding
BU19495000,-0.8767158706279747,Groen_Verharding,weighted_mean,Groen & Verharding
BU19495001,0.4818057208452986,Groen_Verharding,weighted_mean,Groen & Verharding
WK194951,-0.5063380379099588,Groen_Verharding,weighted_mean,Groen & Verharding
BU19495100,-0.8418722617708354,Groen_Verharding,weighted_mean,Groen & Verharding
WK194952,-0.4529192098264106,Groen_Verharding,weighted_mean,Groen & Verharding
BU19495200,-0.310074683552778,Groen_Verharding,weighted_mean,Groen & Verharding
WK194953,-0.36920585104509873,Groen_Verharding,weighted_mean,Groen & Verharding
BU19495300,-0.30747020248903884,Groen_Verharding,weighted_mean,Groen & Verharding
BU19495301,0.7284894030055045,Groen_Verharding,weighted_mean,Groen & Verharding
BU19495302,0.16695816719795842,Groen_Verharding,weighted_mean,Groen & Verharding
WK194954,-0.47603656561384244,Groen_Verharding,weighted_mean,Groen & Verharding
BU19495400,-0.600452270387734,Groen_Verharding,weighted_mean,Groen & Verharding
BU19495401,0.3173627512585309,Groen_Verharding,weighted_mean,Groen & Verharding
WK194955,-0.5476496120571596,Groen_Verharding,weighted_mean,Groen & Verharding
BU19495500,-0.5182662245495803,Groen_Verharding,weighted_mean,Groen & Verharding
GM0098,0.4222885557633379,Groen_Verharding,weighted_mean,Groen & Verharding
WK009800,0.4222885557633379,Groen_Verharding,weighted_mean,Groen & Verharding
BU00980001,0.18457889228602675,Groen_Verharding,weighted_mean,Groen & Verharding
BU00980002,0.09811506968307997,Groen_Verharding,weighted_mean,Groen & Verharding
BU00980003,0.40037167146931113,Groen_Verharding,weighted_mean,Groen & Verharding
BU00980004,1.1639573865218864,Groen_Verharding,weighted_mean,Groen & Verharding
BU00980005,0.2583603764224621,Groen_Verharding,weighted_mean,Groen & Verharding
BU00980006,0.39147381626456634,Groen_Verharding,weighted_mean,Groen & Verharding
BU00980007,0.6800185424641996,Groen_Verharding,weighted_mean,Groen & Verharding
BU00980008,0.992107114301735,Groen_Verharding,weighted_mean,Groen & Verharding
BU00980009,0.5347447202283859,Groen_Verharding,weighted_mean,Groen & Verharding
BU00980010,0.8789697810183208,Groen_Verharding,weighted_mean,Groen & Verharding
BU00980011,0.9289747424813491,Groen_Verharding,weighted_mean,Groen & Verharding
BU00980012,0.704512790411304,Groen_Verharding,weighted_mean,Groen & Verharding
BU00980013,0.793084984700027,Groen_Verharding,weighted_mean,Groen & Verharding
BU00980014,0.30577801176112035,Groen_Verharding,weighted_mean,Groen & Verharding
BU00980015,0.5835160860196226,Groen_Verharding,weighted_mean,Groen & Verharding
BU00980016,0.5153245614768792,Groen_Verharding,weighted_mean,Groen & Verharding
BU00980017,0.5024313480012541,Groen_Verharding,weighted_mean,Groen & Verharding
BU00980018,0.593500753604518,Groen_Verharding,weighted_mean,Groen & Verharding
BU00980019,0.6487301125345882,Groen_Verharding,weighted_mean,Groen & Verharding
BU00980020,1.0807960820519007,Groen_Verharding,weighted_mean,Groen & Verharding
BU00980021,0.6527633061357127,Groen_Verharding,weighted_mean,Groen & Verharding
WK009801,-0.4306661883022491,Groen_Verharding,weighted_mean,Groen & Verharding
BU00980101,-0.2498931524342238,Groen_Verharding,weighted_mean,Groen & Verharding
BU00980102,-0.6570215327154679,Groen_Verharding,weighted_mean,Groen & Verharding
BU00980103,0.1327634825792054,Groen_Verharding,weighted_mean,Groen & Verharding
BU00980104,-0.8857508792125082,Groen_Verharding,weighted_mean,Groen & Verharding
WK009802,-0.415376230567644,Groen_Verharding,weighted_mean,Groen & Verharding
BU00980201,-0.4898887791577045,Groen_Verharding,weighted_mean,Groen & Verharding
BU00980202,-0.582981221053884,Groen_Verharding,weighted_mean,Groen & Verharding
WK009803,-0.23538119039766622,Groen_Verharding,weighted_mean,Groen & Verharding
BU00980301,-0.1779865046503833,Groen_Verharding,weighted_mean,Groen & Verharding
BU00980302,-0.5269683972991391,Groen_Verharding,weighted_mean,Groen & Verharding
BU00980303,-0.15093381363183375,Groen_Verharding,weighted_mean,Groen & Verharding
BU00980304,-0.6997788096720038,Groen_Verharding,weighted_mean,Groen & Verharding
BU00980305,1.0272776083782986,Groen_Verharding,weighted_mean,Groen & Verharding
WK009804,-0.38380598458421245,Groen_Verharding,weighted_mean,Groen & Verharding
BU00980401,-0.162903478675058,Groen_Verharding,weighted_mean,Groen & Verharding
BU00980402,-0.601794587285786,Groen_Verharding,weighted_mean,Groen & Verharding
BU00980403,-0.6670345728397065,Groen_Verharding,weighted_mean,Groen & Verharding
WK009805,-0.44023064679760665,Groen_Verharding,weighted_mean,Groen & Verharding
BU00980501,-0.6689181058546084,Groen_Verharding,weighted_mean,Groen & Verharding
BU00980502,-0.850906025456266,Groen_Verharding,weighted_mean,Groen & Verharding
WK009806,-0.4701175554643541,Groen_Verharding,weighted_mean,Groen & Verharding
BU00980601,-0.4250203890503149,Groen_Verharding,weighted_mean,Groen & Verharding
BU00980602,-0.778421547297279,Groen_Verharding,weighted_mean,Groen & Verharding
WK009807,-0.5866717889482953,Groen_Verharding,weighted_mean,Groen & Verharding
BU00980701,-0.6337558017457858,Groen_Verharding,weighted_mean,Groen & Verharding
BU00980702,-0.2161768924892333,Groen_Verharding,weighted_mean,Groen & Verharding
WK009808,-0.37025722346673456,Groen_Verharding,weighted_mean,Groen & Verharding
BU00980801,-0.5874660332831587,Groen_Verharding,weighted_mean,Groen & Verharding
BU00980802,-0.8623345284588692,Groen_Verharding,weighted_mean,Groen & Verharding
WK009809,-0.2809515630885596,Groen_Verharding,weighted_mean,Groen & Verharding
BU00980901,-0.07503481081566989,Groen_Verharding,weighted_mean,Groen & Verharding
BU00980902,-0.5026816450400694,Groen_Verharding,weighted_mean,Groen & Verharding
BU00980903,-0.6226688548099589,Groen_Verharding,weighted_mean,Groen & Verharding
WK009810,-0.02625739351889941,Groen_Verharding,weighted_mean,Groen & Verharding
BU00981001,0.008454275976118007,Groen_Verharding,weighted_mean,Groen & Verharding
BU00981002,-0.626426628541198,Groen_Verharding,weighted_mean,Groen & Verharding
BU00981003,-0.2829490595930575,Groen_Verharding,weighted_mean,Groen & Verharding
BU00981004,0.3143242451059179,Groen_Verharding,weighted_mean,Groen & Verharding
BU00981005,0.015899668030790633,Groen_Verharding,weighted_mean,Groen & Verharding
BU00981006,1.1953266107405163,Groen_Verharding,weighted_mean,Groen & Verharding
BU00981007,0.5397198212744463,Groen_Verharding,weighted_mean,Groen & Verharding
BU00981008,-0.18958967077553013,Groen_Verharding,weighted_mean,Groen & Verharding
BU00981009,-0.08449170758553913,Groen_Verharding,weighted_mean,Groen & Verharding
WK009811,-0.6799695548664023,Groen_Verharding,weighted_mean,Groen & Verharding
BU00981101,-0.14881765387736787,Groen_Verharding,weighted_mean,Groen & Verharding
BU00981102,-0.49164055434097836,Groen_Verharding,weighted_mean,Groen & Verharding
WK009812,-0.4594480810923495,Groen_Verharding,weighted_mean,Groen & Verharding
BU00981201,-0.34766521125258704,Groen_Verharding,weighted_mean,Groen & Verharding
WK009813,-0.3183788570987825,Groen_Verharding,weighted_mean,Groen & Verharding
BU00981301,-0.2858520217689645,Groen_Verharding,weighted_mean,Groen & Verharding
BU00981302,-0.8389572665955429,Groen_Verharding,weighted_mean,Groen & Verharding
WK009814,-0.4562178859099926,Groen_Verharding,weighted_mean,Groen & Verharding
BU00981401,-0.21440187071294947,Groen_Verharding,weighted_mean,Groen & Verharding
BU00981402,-0.40280582345961424,Groen_Verharding,weighted_mean,Groen & Verharding
WK009815,-0.3465374861548967,Groen_Verharding,weighted_mean,Groen & Verharding
BU00981501,0.36726063978640183,Groen_Verharding,weighted_mean,Groen & Verharding
BU00981502,-0.6260361250577525,Groen_Verharding,weighted_mean,Groen & Verharding
GM0059,0.06466213937944668,Water_En_Klimaatrisico,entropy,Water & Klimaat
WK005900,0.06466213937944669,Water_En_Klimaatrisico,entropy,Water & Klimaat
BU00590000,0.038207790562511376,Water_En_Klimaatrisico,entropy,Water & Klimaat
BU00590001,0.037659057005595575,Water_En_Klimaatrisico,entropy,Water & Klimaat
BU00590002,0.0448937765986066,Water_En_Klimaatrisico,entropy,Water & Klimaat
BU00590003,0.028684552116101148,Water_En_Klimaatrisico,entropy,Water & Klimaat
BU00590004,0.10069720471061788,Water_En_Klimaatrisico,entropy,Water & Klimaat
BU00590005,0.0518936603123707,Water_En_Klimaatrisico,entropy,Water & Klimaat
BU00590006,0.031252116974150854,Water_En_Klimaatrisico,entropy,Water & Klimaat
BU00590007,0.04526076609481894,Water_En_Klimaatrisico,entropy,Water & Klimaat
BU00590008,0.05446004188666077,Water_En_Klimaatrisico,entropy,Water & Klimaat
BU00590009,0.053580356035479615,Water_En_Klimaatrisico,entropy,Water & Klimaat
WK005901,0.07616211390362103,Water_En_Klimaatrisico,entropy,Water & Klimaat
BU00590100,0.11520532519028662,Water_En_Klimaatrisico,entropy,Water & Klimaat
BU00590102,0.07949450189165276,Water_En_Klimaatrisico,entropy,Water & Klimaat
BU00590103,0.07013312248277367,Water_En_Klimaatrisico,entropy,Water & Klimaat
BU00590107,0.10184426763704213,Water_En_Klimaatrisico,entropy,Water & Klimaat
BU00590108,0.03312471241819463,Water_En_Klimaatrisico,entropy,Water & Klimaat
BU00590109,0.045579856003414826,Water_En_Klimaatrisico,entropy,Water & Klimaat
WK005902,0.06466213937944668,Water_En_Klimaatrisico,entropy,Water & Klimaat
BU00590200,0.03150848049581088,Water_En_Klimaatrisico,entropy,Water & Klimaat
BU00590201,0.0732227347747464,Water_En_Klimaatrisico,entropy,Water & Klimaat
BU00590202,0.07840570904200675,Water_En_Klimaatrisico,entropy,Water & Klimaat
BU00590203,0.08429138454663107,Water_En_Klimaatrisico,entropy,Water & Klimaat
BU00590206,0.0371547113000129,Water_En_Klimaatrisico,entropy,Water & Klimaat
BU00590207,0.08357738277225893,Water_En_Klimaatrisico,entropy,Water & Klimaat
BU00590208,0.041324575352615606,Water_En_Klimaatrisico,entropy,Water & Klimaat
BU00590209,0.09348797160335273,Water_En_Klimaatrisico,entropy,Water & Klimaat
GM0060,0.1226502929335411,Water_En_Klimaatrisico,entropy,Water & Klimaat
WK006000,0.10020008726009426,Water_En_Klimaatrisico,entropy,Water & Klimaat
BU00600000,0.07195338130776627,Water_En_Klimaatrisico,entropy,Water & Klimaat
BU00600001,0.047184720361465086,Water_En_Klimaatrisico,entropy,Water & Klimaat
BU00600002,0.10443247210089883,Water_En_Klimaatrisico,entropy,Water & Klimaat
BU00600003,0.06345058638802926,Water_En_Klimaatrisico,entropy,Water & Klimaat
BU00600007,0.06557301791400824,Water_En_Klimaatrisico,entropy,Water & Klimaat
BU00600008,0.04727126001604942,Water_En_Klimaatrisico,entropy,Water & Klimaat
BU00600009,0.050368097054539346,Water_En_Klimaatrisico,entropy,Water & Klimaat
GM1891,0.06466213937944668,Water_En_Klimaatrisico,entropy,Water & Klimaat
WK189100,0.07759224219082643,Water_En_Klimaatrisico,entropy,Water & Klimaat
BU18910000,0.062172843517413375,Water_En_Klimaatrisico,entropy,Water & Klimaat
BU18910001,0.07592895872499006,Water_En_Klimaatrisico,entropy,Water & Klimaat
BU18910002,0.10786948570313813,Water_En_Klimaatrisico,entropy,Water & Klimaat
BU18910008,0.1070791009336877,Water_En_Klimaatrisico,entropy,Water & Klimaat
BU18910009,0.1017247491130781,Water_En_Klimaatrisico,entropy,Water & Klimaat
WK189101,0.07014952450154054,Water_En_Klimaatrisico,entropy,Water & Klimaat
BU18910100,0.06797136715029586,Water_En_Klimaatrisico,entropy,Water & Klimaat
BU18910101,0.07654533653933465,Water_En_Klimaatrisico,entropy,Water & Klimaat
BU18910108,0.17424694081039024,Water_En_Klimaatrisico,entropy,Water & Klimaat
BU18910109,0.11512961438967664,Water_En_Klimaatrisico,entropy,Water & Klimaat
WK189102,0.06867799138926667,Water_En_Klimaatrisico,entropy,Water & Klimaat
BU18910200,0.07229669704842753,Water_En_Klimaatrisico,entropy,Water & Klimaat
BU18910201,0.06320709733772897,Water_En_Klimaatrisico,entropy,Water & Klimaat
BU18910202,0.1017822380563259,Water_En_Klimaatrisico,entropy,Water & Klimaat
BU18910208,0.11166399212077185,Water_En_Klimaatrisico,entropy,Water & Klimaat
BU18910209,0.08959779177603014,Water_En_Klimaatrisico,entropy,Water & Klimaat
WK189103,0.08070164608930168,Water_En_Klimaatrisico,entropy,Water & Klimaat
BU18910300,0.12595362659364295,Water_En_Klimaatrisico,entropy,Water & Klimaat
BU18910301,0.17986392631983336,Water_En_Klimaatrisico,entropy,Water & Klimaat
BU18910309,0.13554625768583395,Water_En_Klimaatrisico,entropy,Water & Klimaat
GM1940,0.06466213937944669,Water_En_Klimaatrisico,entropy,Water & Klimaat
WK194001,0.14661158042038186,Water_En_Klimaatrisico,entropy,Water & Klimaat
BU19400101,0.1601261105538399,Water_En_Klimaatrisico,entropy,Water & Klimaat
WK194002,0.06898850945474742,Water_En_Klimaatrisico,entropy,Water & Klimaat
BU19400201,0.1131148372349126,Water_En_Klimaatrisico,entropy,Water & Klimaat
WK194003,0.08717274820183876,Water_En_Klimaatrisico,entropy,Water & Klimaat
BU19400301,0.1005165792438644,Water_En_Klimaatrisico,entropy,Water & Klimaat
WK194004,0.09192877527388789,Water_En_Klimaatrisico,entropy,Water & Klimaat
BU19400401,0.10049164384703087,Water_En_Klimaatrisico,entropy,Water & Klimaat
WK194005,0.1308241153860872,Water_En_Klimaatrisico,entropy,Water & Klimaat
BU19400501,0.12656234424077575,Water_En_Klimaatrisico,entropy,Water & Klimaat
WK194006,0.10420870923028676,Water_En_Klimaatrisico,entropy,Water & Klimaat
BU19400601,0.12765467945624617,Water_En_Klimaatrisico,entropy,Water & Klimaat
WK194007,0.13454121401662583,Water_En_Klimaatrisico,entropy,Water & Klimaat
BU19400701,0.141021874849287,Water_En_Klimaatrisico,entropy,Water & Klimaat
BU19400702,0.17898482644241456,Water_En_Klimaatrisico,entropy,Water & Klimaat
WK194008,0.20055934730769676,Water_En_Klimaatrisico,entropy,Water & Klimaat
BU19400801,0.16829105469501854,Water_En_Klimaatrisico,entropy,Water & Klimaat
WK194009,0.17443364054204633,Water_En_Klimaatrisico,entropy,Water & Klimaat
BU19400901,0.13054756408088727,Water_En_Klimaatrisico,entropy,Water & Klimaat
WK194010,0.16201094494059765,Water_En_Klimaatrisico,entropy,Water & Klimaat
BU19401001,0.17076894255096237,Water_En_Klimaatrisico,entropy,Water & Klimaat
WK194011,0.07171636361476036,Water_En_Klimaatrisico,entropy,Water & Klimaat
BU19401101,0.15232745931937414,Water_En_Klimaatrisico,entropy,Water & Klimaat
BU19401102,0.10750434630035297,Water_En_Klimaatrisico,entropy,Water & Klimaat
WK194012,0.18123337833393893,Water_En_Klimaatrisico,entropy,Water & Klimaat
BU19401201,0.20847786317608538,Water_En_Klimaatrisico,entropy,Water & Klimaat
WK194013,0.12952516198375436,Water_En_Klimaatrisico,entropy,Water & Klimaat
BU19401301,0.1751117620232418,Water_En_Klimaatrisico,entropy,Water & Klimaat
WK194014,0.15992574563439205,Water_En_Klimaatrisico,entropy,Water & Klimaat
BU19401401,0.2712294267521879,Water_En_Klimaatrisico,entropy,Water & Klimaat
WK194015,0.15265230172580727,Water_En_Klimaatrisico,entropy,Water & Klimaat
BU19401501,0.1592973806923677,Water_En_Klimaatrisico,entropy,Water & Klimaat
WK194016,0.08167518065959517,Water_En_Klimaatrisico,entropy,Water & Klimaat
BU19401601,0.08769367348804114,Water_En_Klimaatrisico,entropy,Water & Klimaat
WK194017,0.07289439590575503,Water_En_Klimaatrisico,entropy,Water & Klimaat
BU19401701,0.038706359938869145,Water_En_Klimaatrisico,entropy,Water & Klimaat
WK194018,0.09459915743049976,Water_En_Klimaatrisico,entropy,Water & Klimaat
BU19401801,0.06761644326773875,Water_En_Klimaatrisico,entropy,Water & Klimaat
WK194019,0.06466213937944669,Water_En_Klimaatrisico,entropy,Water & Klimaat
BU19401901,0.04418883040369439,Water_En_Klimaatrisico,entropy,Water & Klimaat
BU19401902,0.057070152555689854,Water_En_Klimaatrisico,entropy,Water & Klimaat
BU19401903,0.05699702130158615,Water_En_Klimaatrisico,entropy,Water & Klimaat
BU19401904,0.07251068857126618,Water_En_Klimaatrisico,entropy,Water & Klimaat
BU19401905,0.050428432047143465,Water_En_Klimaatrisico,entropy,Water & Klimaat
BU19401906,0.08034741949388453,Water_En_Klimaatrisico,entropy,Water & Klimaat
BU19401907,0.08384388234067518,Water_En_Klimaatrisico,entropy,Water & Klimaat
BU19401908,0.10169596816542721,Water_En_Klimaatrisico,entropy,Water & Klimaat
BU19401909,0.043108707462042,Water_En_Klimaatrisico,entropy,Water & Klimaat
BU19401910,0.06413498397883977,Water_En_Klimaatrisico,entropy,Water & Klimaat
WK194020,0.2012889969117654,Water_En_Klimaatrisico,entropy,Water & Klimaat
BU19402001,0.17193930271536176,Water_En_Klimaatrisico,entropy,Water & Klimaat
WK194021,0.08178970924818817,Water_En_Klimaatrisico,entropy,Water & Klimaat
BU19402101,0.10903508049117537,Water_En_Klimaatrisico,entropy,Water & Klimaat
WK194022,0.2064302788389078,Water_En_Klimaatrisico,entropy,Water & Klimaat
BU19402201,0.04090408062400847,Water_En_Klimaatrisico,entropy,Water & Klimaat
WK194023,0.06466213937944668,Water_En_Klimaatrisico,entropy,Water & Klimaat
BU19402301,0.1203526386952472,Water_En_Klimaatrisico,entropy,Water & Klimaat
BU19402302,0.13161131786761235,Water_En_Klimaatrisico,entropy,Water & Klimaat
BU19402303,0.1073885245840746,Water_En_Klimaatrisico,entropy,Water & Klimaat
BU19402304,0.09409287605239425,Water_En_Klimaatrisico,entropy,Water & Klimaat
BU19402305,0.12083532226938365,Water_En_Klimaatrisico,entropy,Water & Klimaat
BU19402306,0.09758883299724065,Water_En_Klimaatrisico,entropy,Water & Klimaat
BU19402307,0.0775048460284777,Water_En_Klimaatrisico,entropy,Water & Klimaat
BU19402308,0.10103708492340074,Water_En_Klimaatrisico,entropy,Water & Klimaat
WK194024,0.12693193580340767,Water_En_Klimaatrisico,entropy,Water & Klimaat
BU19402401,0.09893239243117173,Water_En_Klimaatrisico,entropy,Water & Klimaat
WK194025,0.092180301800597,Water_En_Klimaatrisico,entropy,Water & Klimaat
BU19402501,0.08644808800661755,Water_En_Klimaatrisico,entropy,Water & Klimaat
WK194026,0.07115302876770183,Water_En_Klimaatrisico,entropy,Water & Klimaat
BU19402601,0.06713613583743794,Water_En_Klimaatrisico,entropy,Water & Klimaat
WK194027,0.14497775285530362,Water_En_Klimaatrisico,entropy,Water & Klimaat
BU19402701,0.15940123947139204,Water_En_Klimaatrisico,entropy,Water & Klimaat
WK194028,0.0826948762942202,Water_En_Klimaatrisico,entropy,Water & Klimaat
BU19402801,0.19760983823099426,Water_En_Klimaatrisico,entropy,Water & Klimaat
BU19402802,0.10013459436971094,Water_En_Klimaatrisico,entropy,Water & Klimaat
WK194029,0.11609450605132768,Water_En_Klimaatrisico,entropy,Water & Klimaat
BU19402901,0.07160441520024075,Water_En_Klimaatrisico,entropy,Water & Klimaat
WK194030,0.061880684179639475,Water_En_Klimaatrisico,entropy,Water & Klimaat
BU19403001,0.06805236297269582,Water_En_Klimaatrisico,entropy,Water & Klimaat
WK194031,0.06618978385143828,Water_En_Klimaatrisico,entropy,Water & Klimaat
BU19403101,0.07881566579927263,Water_En_Klimaatrisico,entropy,Water & Klimaat
WK194032,0.08804916519115266,Water_En_Klimaatrisico,entropy,Water & Klimaat
BU19403201,0.05408050594538921,Water_En_Klimaatrisico,entropy,Water & Klimaat
WK194033,0.14521100108896645,Water_En_Klimaatrisico,entropy,Water & Klimaat
BU19403301,0.07808293726670547,Water_En_Klimaatrisico,entropy,Water & Klimaat
WK194034,0.12624002716706695,Water_En_Klimaatrisico,entropy,Water & Klimaat
BU19403401,0.09151603910649028,Water_En_Klimaatrisico,entropy,Water & Klimaat
WK194035,0.10143208235165616,Water_En_Klimaatrisico,entropy,Water & Klimaat
BU19403501,0.12178599331383091,Water_En_Klimaatrisico,entropy,Water & Klimaat
WK194036,0.11633283965604582,Water_En_Klimaatrisico,entropy,Water & Klimaat
BU19403601,0.06383335032725093,Water_En_Klimaatrisico,entropy,Water & Klimaat
WK194037,0.06732206592555695,Water_En_Klimaatrisico,entropy,Water & Klimaat
BU19403701,0.07862808919237704,Water_En_Klimaatrisico,entropy,Water & Klimaat
WK194038,0.07491120053263892,Water_En_Klimaatrisico,entropy,Water & Klimaat
BU19403801,0.03956494302604524,Water_En_Klimaatrisico,entropy,Water & Klimaat
WK194039,0.10309915148464238,Water_En_Klimaatrisico,entropy,Water & Klimaat
BU19403901,0.07133488610062208,Water_En_Klimaatrisico,entropy,Water & Klimaat
WK194040,0.07491120053263892,Water_En_Klimaatrisico,entropy,Water & Klimaat
BU19404001,0.050274596131004406,Water_En_Klimaatrisico,entropy,Water & Klimaat
WK194041,0.067512018074638,Water_En_Klimaatrisico,entropy,Water & Klimaat
BU19404101,0.06031587025486171,Water_En_Klimaatrisico,entropy,Water & Klimaat
WK194042,0.06684709409857258,Water_En_Klimaatrisico,entropy,Water & Klimaat
BU19404201,0.059906619130330255,Water_En_Klimaatrisico,entropy,Water & Klimaat
WK194043,0.12472734993915385,Water_En_Klimaatrisico,entropy,Water & Klimaat
BU19404301,0.21541895357608165,Water_En_Klimaatrisico,entropy,Water & Klimaat
WK194044,0.12767035378309413,Water_En_Klimaatrisico,entropy,Water & Klimaat
BU19404401,0.11195995673649653,Water_En_Klimaatrisico,entropy,Water & Klimaat
WK194045,0.05995439858664989,Water_En_Klimaatrisico,entropy,Water & Klimaat
BU19404501,0.08876425076166271,Water_En_Klimaatrisico,entropy,Water & Klimaat
WK194046,0.0944994520770588,Water_En_Klimaatrisico,entropy,Water & Klimaat
BU19404601,0.10944391315658722,Water_En_Klimaatrisico,entropy,Water & Klimaat
WK194047,0.10299874648796488,Water_En_Klimaatrisico,entropy,Water & Klimaat
BU19404701,0.1264312865902016,Water_En_Klimaatrisico,entropy,Water & Klimaat
WK194048,0.21503700943671655,Water_En_Klimaatrisico,entropy,Water & Klimaat
BU19404801,0.20187196598274182,Water_En_Klimaatrisico,entropy,Water & Klimaat
WK194049,0.08686347144546196,Water_En_Klimaatrisico,entropy,Water & Klimaat
BU19404901,0.11526415277684718,Water_En_Klimaatrisico,entropy,Water & Klimaat
WK194050,0.06974741386668296,Water_En_Klimaatrisico,entropy,Water & Klimaat
BU19405001,0.06578994683421992,Water_En_Klimaatrisico,entropy,Water & Klimaat
WK194051,0.09067347616273598,Water_En_Klimaatrisico,entropy,Water & Klimaat
BU19405101,0.09716488283223815,Water_En_Klimaatrisico,entropy,Water & Klimaat
GM0072,0.07079501198376718,Water_En_Klimaatrisico,entropy,Water & Klimaat
WK007200,0.06466213937944668,Water_En_Klimaatrisico,entropy,Water & Klimaat
BU00720001,0.17336175843036422,Water_En_Klimaatrisico,entropy,Water & Klimaat
BU00720002,0.13260127085734294,Water_En_Klimaatrisico,entropy,Water & Klimaat
BU00720003,0.09614865146367106,Water_En_Klimaatrisico,entropy,Water & Klimaat
BU00720004,0.11420054417682898,Water_En_Klimaatrisico,entropy,Water & Klimaat
BU00720005,0.13892540124900896,Water_En_Klimaatrisico,entropy,Water & Klimaat
BU00720006,0.44270605581692685,Water_En_Klimaatrisico,entropy,Water & Klimaat
BU00720007,0.20110735181198056,Water_En_Klimaatrisico,entropy,Water & Klimaat
BU00720009,0.14548063318684828,Water_En_Klimaatrisico,entropy,Water & Klimaat
WK007201,0.12127249955899586,Water_En_Klimaatrisico,entropy,Water & Klimaat
BU00720100,0.16600032513862606,Water_En_Klimaatrisico,entropy,Water & Klimaat
BU00720109,0.10729609805916193,Water_En_Klimaatrisico,entropy,Water & Klimaat
WK007202,0.07924436571692511,Water_En_Klimaatrisico,entropy,Water & Klimaat
BU00720200,0.08750976235543029,Water_En_Klimaatrisico,entropy,Water & Klimaat
BU00720209,0.16495621852617137,Water_En_Klimaatrisico,entropy,Water & Klimaat
GM0074,0.06466213937944669,Water_En_Klimaatrisico,entropy,Water & Klimaat
WK007401,0.06466213937944669,Water_En_Klimaatrisico,entropy,Water & Klimaat
BU00740100,0.07624354505438898,Water_En_Klimaatrisico,entropy,Water & Klimaat
BU00740101,0.06688693007101565,Water_En_Klimaatrisico,entropy,Water & Klimaat
BU00740102,0.054937014622971965,Water_En_Klimaatrisico,entropy,Water & Klimaat
BU00740103,0.0615961587699301,Water_En_Klimaatrisico,entropy,Water & Klimaat
BU00740104,0.042093583468313385,Water_En_Klimaatrisico,entropy,Water & Klimaat
BU00740105,0.11487905322126613,Water_En_Klimaatrisico,entropy,Water & Klimaat
BU00740106,0.07162933393861634,Water_En_Klimaatrisico,entropy,Water & Klimaat
BU00740107,0.043675139096852625,Water_En_Klimaatrisico,entropy,Water & Klimaat
BU00740108,0.03830576527783203,Water_En_Klimaatrisico,entropy,Water & Klimaat
BU00740109,0.06522496498926365,Water_En_Klimaatrisico,entropy,Water & Klimaat
BU00740110,0.10850112463821192,Water_En_Klimaatrisico,entropy,Water & Klimaat
WK007402,0.10568194824758506,Water_En_Klimaatrisico,entropy,Water & Klimaat
BU00740201,0.11254739171945173,Water_En_Klimaatrisico,entropy,Water & Klimaat
BU00740202,0.13367721079365863,Water_En_Klimaatrisico,entropy,Water & Klimaat
BU00740203,0.10019145204672902,Water_En_Klimaatrisico,entropy,Water & Klimaat
BU00740204,0.11627518077703514,Water_En_Klimaatrisico,entropy,Water & Klimaat
BU00740205,0.12850984867619908,Water_En_Klimaatrisico,entropy,Water & Klimaat
WK007403,0.061880684179639475,Water_En_Klimaatrisico,entropy,Water & Klimaat
BU00740301,0.04286596682993961,Water_En_Klimaatrisico,entropy,Water & Klimaat
BU00740302,0.10137707420503542,Water_En_Klimaatrisico,entropy,Water & Klimaat
WK007404,0.06867799138926667,Water_En_Klimaatrisico,entropy,Water & Klimaat
BU00740401,0.0553985640743048,Water_En_Klimaatrisico,entropy,Water & Klimaat
BU00740402,0.05558001717862191,Water_En_Klimaatrisico,entropy,Water & Klimaat
BU00740403,0.06103250838181932,Water_En_Klimaatrisico,entropy,Water & Klimaat
BU00740404,0.058813949044293434,Water_En_Klimaatrisico,entropy,Water & Klimaat
BU00740405,0.049851717871614916,Water_En_Klimaatrisico,entropy,Water & Klimaat
BU00740406,0.04985521496831229,Water_En_Klimaatrisico,entropy,Water & Klimaat
BU00740407,0.08524765097463627,Water_En_Klimaatrisico,entropy,Water & Klimaat
WK007406,0.06180757487395419,Water_En_Klimaatrisico,entropy,Water & Klimaat
BU00740601,0.052818444937886434,Water_En_Klimaatrisico,entropy,Water & Klimaat
WK007407,0.07115302876770183,Water_En_Klimaatrisico,entropy,Water & Klimaat
BU00740701,0.12685522102971225,Water_En_Klimaatrisico,entropy,Water & Klimaat
BU00740702,0.08873000534014899,Water_En_Klimaatrisico,entropy,Water & Klimaat
WK007409,0.06014649617566896,Water_En_Klimaatrisico,entropy,Water & Klimaat
BU00740901,0.09680535204234783,Water_En_Klimaatrisico,entropy,Water & Klimaat
BU00740902,0.08357299533608073,Water_En_Klimaatrisico,entropy,Water & Klimaat
BU00740903,0.22794740900546784,Water_En_Klimaatrisico,entropy,Water & Klimaat
GM0080,0.06809351525002164,Water_En_Klimaatrisico,entropy,Water & Klimaat
WK008010,0.07495334526529156,Water_En_Klimaatrisico,entropy,Water & Klimaat
BU00801001,0.7619523043781558,Water_En_Klimaatrisico,entropy,Water & Klimaat
BU00801002,0.6063069316549091,Water_En_Klimaatrisico,entropy,Water & Klimaat
BU00801003,0.6289744859070907,Water_En_Klimaatrisico,entropy,Water & Klimaat
BU00801004,0.5884130151448351,Water_En_Klimaatrisico,entropy,Water & Klimaat
BU00801005,0.6500104794684999,Water_En_Klimaatrisico,entropy,Water & Klimaat
BU00801006,0.4198144171027176,Water_En_Klimaatrisico,entropy,Water & Klimaat
BU00801007,0.339298400718655,Water_En_Klimaatrisico,entropy,Water & Klimaat
BU00801008,0.36042485363021487,Water_En_Klimaatrisico,entropy,Water & Klimaat
WK008011,0.06466213937944669,Water_En_Klimaatrisico,entropy,Water & Klimaat
BU00801101,0.3116174369223775,Water_En_Klimaatrisico,entropy,Water & Klimaat
BU00801102,0.25908089021684877,Water_En_Klimaatrisico,entropy,Water & Klimaat
BU00801103,0.19632513683725966,Water_En_Klimaatrisico,entropy,Water & Klimaat
BU00801104,0.06092068125621535,Water_En_Klimaatrisico,entropy,Water & Klimaat
BU00801105,0.053497348345163974,Water_En_Klimaatrisico,entropy,Water & Klimaat
BU00801106,0.12238130327676519,Water_En_Klimaatrisico,entropy,Water & Klimaat
BU00801107,0.19033806030620365,Water_En_Klimaatrisico,entropy,Water & Klimaat
BU00801108,0.14520928525539492,Water_En_Klimaatrisico,entropy,Water & Klimaat
BU00801109,0.13236903558477892,Water_En_Klimaatrisico,entropy,Water & Klimaat
WK008020,0.06809351525002164,Water_En_Klimaatrisico,entropy,Water & Klimaat
BU00802001,0.17304526272572865,Water_En_Klimaatrisico,entropy,Water & Klimaat
BU00802002,0.13697547118726522,Water_En_Klimaatrisico,entropy,Water & Klimaat
BU00802003,0.16005692443936748,Water_En_Klimaatrisico,entropy,Water & Klimaat
BU00802004,0.11915504160067009,Water_En_Klimaatrisico,entropy,Water & Klimaat
BU00802005,0.025571299860339358,Water_En_Klimaatrisico,entropy,Water & Klimaat
BU00802006,0.23883382127182493,Water_En_Klimaatrisico,entropy,Water & Klimaat
BU00802007,0.20412280647521167,Water_En_Klimaatrisico,entropy,Water & Klimaat
BU00802008,0.2749313020574161,Water_En_Klimaatrisico,entropy,Water & Klimaat
BU00802009,0.24312842851317418,Water_En_Klimaatrisico,entropy,Water & Klimaat
WK008030,0.06809351525002164,Water_En_Klimaatrisico,entropy,Water & Klimaat
BU00803001,0.2640877382171597,Water_En_Klimaatrisico,entropy,Water & Klimaat
BU00803002,0.0859845567401704,Water_En_Klimaatrisico,entropy,Water & Klimaat
BU00803003,0.1541797166742599,Water_En_Klimaatrisico,entropy,Water & Klimaat
BU00803004,0.1528474396114477,Water_En_Klimaatrisico,entropy,Water & Klimaat
BU00803005,0.14215770725818933,Water_En_Klimaatrisico,entropy,Water & Klimaat
BU00803006,0.04717293435973447,Water_En_Klimaatrisico,entropy,Water & Klimaat
BU00803007,0.0998168206129662,Water_En_Klimaatrisico,entropy,Water & Klimaat
WK008031,0.07941768878663838,Water_En_Klimaatrisico,entropy,Water & Klimaat
BU00803101,0.06117546115319854,Water_En_Klimaatrisico,entropy,Water & Klimaat
BU00803102,0.10802755123592178,Water_En_Klimaatrisico,entropy,Water & Klimaat
WK008032,0.051372946727656174,Water_En_Klimaatrisico,entropy,Water & Klimaat
BU00803201,0.13954273112918478,Water_En_Klimaatrisico,entropy,Water & Klimaat
BU00803202,0.0648622107549777,Water_En_Klimaatrisico,entropy,Water & Klimaat
BU00803203,0.09843928684904799,Water_En_Klimaatrisico,entropy,Water & Klimaat
BU00803204,0.0786460963188114,Water_En_Klimaatrisico,entropy,Water & Klimaat
WK008040,0.07951718775546401,Water_En_Klimaatrisico,entropy,Water & Klimaat
BU00804001,0.201990852445067,Water_En_Klimaatrisico,entropy,Water & Klimaat
BU00804002,0.1923618789003323,Water_En_Klimaatrisico,entropy,Water & Klimaat
BU00804003,0.10182793420701931,Water_En_Klimaatrisico,entropy,Water & Klimaat
BU00804004,0.08376389306079325,Water_En_Klimaatrisico,entropy,Water & Klimaat
WK008041,0.09927366256617276,Water_En_Klimaatrisico,entropy,Water & Klimaat
BU00804101,0.0784599260691187,Water_En_Klimaatrisico,entropy,Water & Klimaat
BU00804102,0.06077594015798186,Water_En_Klimaatrisico,entropy,Water & Klimaat
BU00804103,0.05113522939374317,Water_En_Klimaatrisico,entropy,Water & Klimaat
BU00804104,0.08625236176838255,Water_En_Klimaatrisico,entropy,Water & Klimaat
BU00804105,0.10993401291352542,Water_En_Klimaatrisico,entropy,Water & Klimaat
BU00804106,0.04660988852193096,Water_En_Klimaatrisico,entropy,Water & Klimaat
BU00804107,0.11414893213952151,Water_En_Klimaatrisico,entropy,Water & Klimaat
BU00804108,0.1417432786427153,Water_En_Klimaatrisico,entropy,Water & Klimaat
BU00804109,0.12056685398431678,Water_En_Klimaatrisico,entropy,Water & Klimaat
BU00804110,0.2221062578009983,Water_En_Klimaatrisico,entropy,Water & Klimaat
WK008050,0.0873898197988509,Water_En_Klimaatrisico,entropy,Water & Klimaat
BU00805001,0.08504480732506625,Water_En_Klimaatrisico,entropy,Water & Klimaat
BU00805002,0.09880666559657039,Water_En_Klimaatrisico,entropy,Water & Klimaat
BU00805003,0.08300884236646378,Water_En_Klimaatrisico,entropy,Water & Klimaat
WK008051,0.06466213937944668,Water_En_Klimaatrisico,entropy,Water & Klimaat
BU00805101,0.05371978154622812,Water_En_Klimaatrisico,entropy,Water & Klimaat
BU00805102,0.0495742395694864,Water_En_Klimaatrisico,entropy,Water & Klimaat
BU00805103,0.05540770700073372,Water_En_Klimaatrisico,entropy,Water & Klimaat
BU00805104,0.13111109980797003,Water_En_Klimaatrisico,entropy,Water & Klimaat
BU00805105,0.14610610229839846,Water_En_Klimaatrisico,entropy,Water & Klimaat
WK008060,0.06723656634218561,Water_En_Klimaatrisico,entropy,Water & Klimaat
BU00806001,0.048665359848685634,Water_En_Klimaatrisico,entropy,Water & Klimaat
BU00806002,0.13036109974204402,Water_En_Klimaatrisico,entropy,Water & Klimaat
BU00806003,0.1685888604994728,Water_En_Klimaatrisico,entropy,Water & Klimaat
WK008061,0.08204316048718477,Water_En_Klimaatrisico,entropy,Water & Klimaat
BU00806101,0.05862918682826464,Water_En_Klimaatrisico,entropy,Water & Klimaat
BU00806102,0.07649792971594004,Water_En_Klimaatrisico,entropy,Water & Klimaat
WK008062,0.06325565956003393,Water_En_Klimaatrisico,entropy,Water & Klimaat
BU00806201,0.15583385249699894,Water_En_Klimaatrisico,entropy,Water & Klimaat
BU00806202,0.26729970495781846,Water_En_Klimaatrisico,entropy,Water & Klimaat
BU00806203,0.16951987978313093,Water_En_Klimaatrisico,entropy,Water & Klimaat
BU00806204,0.1270799613634267,Water_En_Klimaatrisico,entropy,Water & Klimaat
BU00806205,0.28624225245115675,Water_En_Klimaatrisico,entropy,Water & Klimaat
BU00806206,0.315823260117313,Water_En_Klimaatrisico,entropy,Water & Klimaat
BU00806207,0.1620814921515175,Water_En_Klimaatrisico,entropy,Water & Klimaat
BU00806208,0.2673804521763174,Water_En_Klimaatrisico,entropy,Water & Klimaat
BU00806209,0.1810336342486858,Water_En_Klimaatrisico,entropy,Water & Klimaat
BU00806210,0.2249227673074724,Water_En_Klimaatrisico,entropy,Water & Klimaat
WK008063,0.06867799138926667,Water_En_Klimaatrisico,entropy,Water & Klimaat
BU00806301,0.08699149320917059,Water_En_Klimaatrisico,entropy,Water & Klimaat
BU00806302,0.1902019145291879,Water_En_Klimaatrisico,entropy,Water & Klimaat
BU00806303,0.2197382979565365,Water_En_Klimaatrisico,entropy,Water & Klimaat
BU00806304,0.301981881790209,Water_En_Klimaatrisico,entropy,Water & Klimaat
BU00806305,0.27869569217433426,Water_En_Klimaatrisico,entropy,Water & Klimaat
BU00806306,0.24680662627763567,Water_En_Klimaatrisico,entropy,Water & Klimaat
BU00806307,0.23682329161641505,Water_En_Klimaatrisico,entropy,Water & Klimaat
WK008070,0.07357639018100644,Water_En_Klimaatrisico,entropy,Water & Klimaat
BU00807001,0.04975734334819931,Water_En_Klimaatrisico,entropy,Water & Klimaat
BU00807002,0.10432153738085834,Water_En_Klimaatrisico,entropy,Water & Klimaat
BU00807003,0.10781901388788388,Water_En_Klimaatrisico,entropy,Water & Klimaat
BU00807004,0.08403168830799236,Water_En_Klimaatrisico,entropy,Water & Klimaat
WK008071,0.0899223194681551,Water_En_Klimaatrisico,entropy,Water & Klimaat
BU00807101,0.08156294004334913,Water_En_Klimaatrisico,entropy,Water & Klimaat
WK008072,0.0663353568415368,Water_En_Klimaatrisico,entropy,Water & Klimaat
BU00807201,0.08792272404239049,Water_En_Klimaatrisico,entropy,Water & Klimaat
BU00807202,0.08443773381081783,Water_En_Klimaatrisico,entropy,Water & Klimaat
BU00807203,0.08961523662448491,Water_En_Klimaatrisico,entropy,Water & Klimaat
WK008073,0.0950391041096548,Water_En_Klimaatrisico,entropy,Water & Klimaat
BU00807301,0.06104618611180279,Water_En_Klimaatrisico,entropy,Water & Klimaat
BU00807302,0.07672286035413745,Water_En_Klimaatrisico,entropy,Water & Klimaat
BU00807303,0.2501299519044394,Water_En_Klimaatrisico,entropy,Water & Klimaat
BU00807304,0.10089212063417423,Water_En_Klimaatrisico,entropy,Water & Klimaat
BU00807305,0.08669207496374852,Water_En_Klimaatrisico,entropy,Water & Klimaat
BU00807306,0.14833324370036982,Water_En_Klimaatrisico,entropy,Water & Klimaat
WK008074,0.10503645636611478,Water_En_Klimaatrisico,entropy,Water & Klimaat
BU00807401,0.1217427695555543,Water_En_Klimaatrisico,entropy,Water & Klimaat
BU00807402,0.13616270820734386,Water_En_Klimaatrisico,entropy,Water & Klimaat
BU00807403,0.14802372049618884,Water_En_Klimaatrisico,entropy,Water & Klimaat
BU00807404,0.10039157007744068,Water_En_Klimaatrisico,entropy,Water & Klimaat
BU00807405,0.09591012143196423,Water_En_Klimaatrisico,entropy,Water & Klimaat
WK008080,0.10097279972044992,Water_En_Klimaatrisico,entropy,Water & Klimaat
BU00808001,0.11646467379085247,Water_En_Klimaatrisico,entropy,Water & Klimaat
BU00808002,0.16755359606481127,Water_En_Klimaatrisico,entropy,Water & Klimaat
BU00808003,0.13244117952055276,Water_En_Klimaatrisico,entropy,Water & Klimaat
BU00808004,0.12500105110820675,Water_En_Klimaatrisico,entropy,Water & Klimaat
BU00808005,0.2287583255135048,Water_En_Klimaatrisico,entropy,Water & Klimaat
BU00808006,0.17763503105310324,Water_En_Klimaatrisico,entropy,Water & Klimaat
BU00808007,0.17182813505202693,Water_En_Klimaatrisico,entropy,Water & Klimaat
BU00808008,0.1372684321091543,Water_En_Klimaatrisico,entropy,Water & Klimaat
WK008081,0.10020008726009426,Water_En_Klimaatrisico,entropy,Water & Klimaat
BU00808101,0.13963140927885354,Water_En_Klimaatrisico,entropy,Water & Klimaat
BU00808102,0.15850084461463632,Water_En_Klimaatrisico,entropy,Water & Klimaat
BU00808103,0.15234126395613637,Water_En_Klimaatrisico,entropy,Water & Klimaat
BU00808104,0.29749462605643856,Water_En_Klimaatrisico,entropy,Water & Klimaat
BU00808105,0.13020016122188388,Water_En_Klimaatrisico,entropy,Water & Klimaat
BU00808106,0.18438648470621613,Water_En_Klimaatrisico,entropy,Water & Klimaat
BU00808107,0.20508626420758658,Water_En_Klimaatrisico,entropy,Water & Klimaat
BU00808108,0.19920480507187074,Water_En_Klimaatrisico,entropy,Water & Klimaat
BU00808109,0.1718758845600199,Water_En_Klimaatrisico,entropy,Water & Klimaat
BU00808110,0.2461926538232599,Water_En_Klimaatrisico,entropy,Water & Klimaat
BU00808111,0.16795463242173403,Water_En_Klimaatrisico,entropy,Water & Klimaat
BU00808112,0.24399549502668355,Water_En_Klimaatrisico,entropy,Water & Klimaat
BU00808113,0.22679792921297676,Water_En_Klimaatrisico,entropy,Water & Klimaat
BU00808114,0.20888397480522228,Water_En_Klimaatrisico,entropy,Water & Klimaat
BU00808115,0.20356471460822884,Water_En_Klimaatrisico,entropy,Water & Klimaat
BU00808116,0.1930936052683312,Water_En_Klimaatrisico,entropy,Water & Klimaat
BU00808117,0.15646466099326672,Water_En_Klimaatrisico,entropy,Water & Klimaat
WK008082,0.06867799138926667,Water_En_Klimaatrisico,entropy,Water & Klimaat
BU00808201,0.12625242274197584,Water_En_Klimaatrisico,entropy,Water & Klimaat
BU00808202,0.21741045145336427,Water_En_Klimaatrisico,entropy,Water & Klimaat
BU00808203,0.16294731454501493,Water_En_Klimaatrisico,entropy,Water & Klimaat
BU00808204,0.15522083953181295,Water_En_Klimaatrisico,entropy,Water & Klimaat
BU00808205,0.18483100072652892,Water_En_Klimaatrisico,entropy,Water & Klimaat
BU00808206,0.09308784955490831,Water_En_Klimaatrisico,entropy,Water & Klimaat
BU00808207,0.14409266640004553,Water_En_Klimaatrisico,entropy,Water & Klimaat
BU00808208,0.1151903749770283,Water_En_Klimaatrisico,entropy,Water & Klimaat
BU00808209,0.21057393446888062,Water_En_Klimaatrisico,entropy,Water & Klimaat
GM1970,0.06466213937944668,Water_En_Klimaatrisico,entropy,Water & Klimaat
WK197000,0.06466213937944668,Water_En_Klimaatrisico,entropy,Water & Klimaat
BU19700000,0.2501945684756606,Water_En_Klimaatrisico,entropy,Water & Klimaat
BU19700001,0.15308825647832347,Water_En_Klimaatrisico,entropy,Water & Klimaat
BU19700002,0.11478139841305296,Water_En_Klimaatrisico,entropy,Water & Klimaat
BU19700003,0.11068376779319668,Water_En_Klimaatrisico,entropy,Water & Klimaat
BU19700004,0.11746929709759904,Water_En_Klimaatrisico,entropy,Water & Klimaat
BU19700005,0.09493532214615226,Water_En_Klimaatrisico,entropy,Water & Klimaat
BU19700006,0.1083936435485372,Water_En_Klimaatrisico,entropy,Water & Klimaat
BU19700007,0.11156318188243507,Water_En_Klimaatrisico,entropy,Water & Klimaat
BU19700008,0.11926080996166652,Water_En_Klimaatrisico,entropy,Water & Klimaat
BU19700009,0.11794242096326409,Water_En_Klimaatrisico,entropy,Water & Klimaat
BU19700010,0.1210699140878505,Water_En_Klimaatrisico,entropy,Water & Klimaat
BU19700011,0.11604469159350583,Water_En_Klimaatrisico,entropy,Water & Klimaat
WK197001,0.1111034794556732,Water_En_Klimaatrisico,entropy,Water & Klimaat
BU19700100,0.2604186553412069,Water_En_Klimaatrisico,entropy,Water & Klimaat
BU19700101,0.1383896505922415,Water_En_Klimaatrisico,entropy,Water & Klimaat
BU19700102,0.12337379083972944,Water_En_Klimaatrisico,entropy,Water & Klimaat
BU19700103,0.16356685363582046,Water_En_Klimaatrisico,entropy,Water & Klimaat
BU19700104,0.193948638342791,Water_En_Klimaatrisico,entropy,Water & Klimaat
BU19700105,0.12923632200668672,Water_En_Klimaatrisico,entropy,Water & Klimaat
BU19700107,0.17968586570202466,Water_En_Klimaatrisico,entropy,Water & Klimaat
BU19700108,0.15317278783959576,Water_En_Klimaatrisico,entropy,Water & Klimaat
BU19700109,0.15340329342962072,Water_En_Klimaatrisico,entropy,Water & Klimaat
WK197002,0.10692501165490721,Water_En_Klimaatrisico,entropy,Water & Klimaat
BU19700200,0.14871282138797082,Water_En_Klimaatrisico,entropy,Water & Klimaat
BU19700201,0.18174172846313805,Water_En_Klimaatrisico,entropy,Water & Klimaat
BU19700202,0.2742827756208053,Water_En_Klimaatrisico,entropy,Water & Klimaat
BU19700208,0.15771794973402484,Water_En_Klimaatrisico,entropy,Water & Klimaat
BU19700209,0.16790521552111629,Water_En_Klimaatrisico,entropy,Water & Klimaat
WK197003,0.10568194824758506,Water_En_Klimaatrisico,entropy,Water & Klimaat
BU19700300,0.1457592460051453,Water_En_Klimaatrisico,entropy,Water & Klimaat
BU19700301,0.21291791372951746,Water_En_Klimaatrisico,entropy,Water & Klimaat
BU19700302,0.22735794494616568,Water_En_Klimaatrisico,entropy,Water & Klimaat
BU19700303,0.08207226451780374,Water_En_Klimaatrisico,entropy,Water & Klimaat
BU19700307,0.13410142164216152,Water_En_Klimaatrisico,entropy,Water & Klimaat
BU19700308,0.28007414025529287,Water_En_Klimaatrisico,entropy,Water & Klimaat
BU19700309,0.19826170254778144,Water_En_Klimaatrisico,entropy,Water & Klimaat
WK197004,0.06649343734997823,Water_En_Klimaatrisico,entropy,Water & Klimaat
BU19700400,0.1328590725519974,Water_En_Klimaatrisico,entropy,Water & Klimaat
BU19700401,0.3177633819550144,Water_En_Klimaatrisico,entropy,Water & Klimaat
BU19700408,0.18515751580017245,Water_En_Klimaatrisico,entropy,Water & Klimaat
BU19700409,0.2377885017580644,Water_En_Klimaatrisico,entropy,Water & Klimaat
WK197005,0.10279011751031958,Water_En_Klimaatrisico,entropy,Water & Klimaat
BU19700500,0.1910693308864846,Water_En_Klimaatrisico,entropy,Water & Klimaat
BU19700501,0.17826481086004686,Water_En_Klimaatrisico,entropy,Water & Klimaat
BU19700502,0.1590284042348739,Water_En_Klimaatrisico,entropy,Water & Klimaat
BU19700503,0.17592999030483256,Water_En_Klimaatrisico,entropy,Water & Klimaat
BU19700506,0.23090542973269934,Water_En_Klimaatrisico,entropy,Water & Klimaat
BU19700507,0.14926148681005774,Water_En_Klimaatrisico,entropy,Water & Klimaat
BU19700508,0.29524581793326,Water_En_Klimaatrisico,entropy,Water & Klimaat
BU19700509,0.28196965114115435,Water_En_Klimaatrisico,entropy,Water & Klimaat
WK197006,0.10568194824758506,Water_En_Klimaatrisico,entropy,Water & Klimaat
BU19700600,0.17272372131967756,Water_En_Klimaatrisico,entropy,Water & Klimaat
BU19700601,0.30993761408797343,Water_En_Klimaatrisico,entropy,Water & Klimaat
BU19700602,0.17324314360373932,Water_En_Klimaatrisico,entropy,Water & Klimaat
BU19700603,0.18666216826288434,Water_En_Klimaatrisico,entropy,Water & Klimaat
BU19700604,0.18507208757873256,Water_En_Klimaatrisico,entropy,Water & Klimaat
BU19700605,0.11569156032292224,Water_En_Klimaatrisico,entropy,Water & Klimaat
BU19700608,0.18269872385115515,Water_En_Klimaatrisico,entropy,Water & Klimaat
BU19700609,0.1422172566251394,Water_En_Klimaatrisico,entropy,Water & Klimaat
WK197007,0.07493080606293812,Water_En_Klimaatrisico,entropy,Water & Klimaat
BU19700700,0.1763576916412607,Water_En_Klimaatrisico,entropy,Water & Klimaat
BU19700701,0.3434240522058261,Water_En_Klimaatrisico,entropy,Water & Klimaat
BU19700702,0.1567289851748895,Water_En_Klimaatrisico,entropy,Water & Klimaat
BU19700703,0.214382924489018,Water_En_Klimaatrisico,entropy,Water & Klimaat
BU19700708,0.1889992469245404,Water_En_Klimaatrisico,entropy,Water & Klimaat
BU19700709,0.2170706154696183,Water_En_Klimaatrisico,entropy,Water & Klimaat
WK197008,0.10097279972044992,Water_En_Klimaatrisico,entropy,Water & Klimaat
BU19700800,0.19521443424064727,Water_En_Klimaatrisico,entropy,Water & Klimaat
BU19700801,0.1605943913806122,Water_En_Klimaatrisico,entropy,Water & Klimaat
BU19700802,0.17637063016469715,Water_En_Klimaatrisico,entropy,Water & Klimaat
BU19700803,0.3054868861920967,Water_En_Klimaatrisico,entropy,Water & Klimaat
BU19700807,0.22845287723689994,Water_En_Klimaatrisico,entropy,Water & Klimaat
BU19700808,0.22247107876928085,Water_En_Klimaatrisico,entropy,Water & Klimaat
BU19700809,0.19574143260904736,Water_En_Klimaatrisico,entropy,Water & Klimaat
WK197009,0.09956830974639863,Water_En_Klimaatrisico,entropy,Water & Klimaat
BU19700900,0.14378511680525402,Water_En_Klimaatrisico,entropy,Water & Klimaat
BU19700909,0.19032429545474688,Water_En_Klimaatrisico,entropy,Water & Klimaat
WK197010,0.11210143864350693,Water_En_Klimaatrisico,entropy,Water & Klimaat
BU19701000,0.13025532204074688,Water_En_Klimaatrisico,entropy,Water & Klimaat
BU19701001,0.13682512797477311,Water_En_Klimaatrisico,entropy,Water & Klimaat
BU19701002,0.1622895541262129,Water_En_Klimaatrisico,entropy,Water & Klimaat
BU19701003,0.29297611817645,Water_En_Klimaatrisico,entropy,Water & Klimaat
BU19701004,0.13264460830795066,Water_En_Klimaatrisico,entropy,Water & Klimaat
BU19701005,0.18122824829309037,Water_En_Klimaatrisico,entropy,Water & Klimaat
BU19701006,0.29245862667864897,Water_En_Klimaatrisico,entropy,Water & Klimaat
BU19701008,0.14237330338353985,Water_En_Klimaatrisico,entropy,Water & Klimaat
BU19701009,0.15134217431649216,Water_En_Klimaatrisico,entropy,Water & Klimaat
WK197011,0.06287164892632532,Water_En_Klimaatrisico,entropy,Water & Klimaat
BU19701100,0.055292374015066495,Water_En_Klimaatrisico,entropy,Water & Klimaat
BU19701109,0.09407054898558578,Water_En_Klimaatrisico,entropy,Water & Klimaat
WK197012,0.12540904196615982,Water_En_Klimaatrisico,entropy,Water & Klimaat
BU19701200,0.11057295502076575,Water_En_Klimaatrisico,entropy,Water & Klimaat
BU19701201,0.05705056581245732,Water_En_Klimaatrisico,entropy,Water & Klimaat
BU19701202,0.09466650835702249,Water_En_Klimaatrisico,entropy,Water & Klimaat
BU19701203,0.06674366447772717,Water_En_Klimaatrisico,entropy,Water & Klimaat
BU19701204,0.11262312196577341,Water_En_Klimaatrisico,entropy,Water & Klimaat
BU19701206,0.12357548866617794,Water_En_Klimaatrisico,entropy,Water & Klimaat
BU19701207,0.12393543264611892,Water_En_Klimaatrisico,entropy,Water & Klimaat
BU19701208,0.11499410955468914,Water_En_Klimaatrisico,entropy,Water & Klimaat
BU19701209,0.05599376519836719,Water_En_Klimaatrisico,entropy,Water & Klimaat
WK197013,0.10866547541060494,Water_En_Klimaatrisico,entropy,Water & Klimaat
BU19701300,0.04685108357534907,Water_En_Klimaatrisico,entropy,Water & Klimaat
BU19701301,0.0848711423891976,Water_En_Klimaatrisico,entropy,Water & Klimaat
BU19701302,0.09302399713626366,Water_En_Klimaatrisico,entropy,Water & Klimaat
BU19701308,0.12232243425154547,Water_En_Klimaatrisico,entropy,Water & Klimaat
BU19701309,0.16478247266319943,Water_En_Klimaatrisico,entropy,Water & Klimaat
WK197014,0.06325565956003393,Water_En_Klimaatrisico,entropy,Water & Klimaat
BU19701400,0.05665501089636562,Water_En_Klimaatrisico,entropy,Water & Klimaat
BU19701401,0.09439784579695265,Water_En_Klimaatrisico,entropy,Water & Klimaat
BU19701402,0.05390188074631698,Water_En_Klimaatrisico,entropy,Water & Klimaat
BU19701409,0.08132701440135004,Water_En_Klimaatrisico,entropy,Water & Klimaat
GM0085,0.06466213937944669,Water_En_Klimaatrisico,entropy,Water & Klimaat
WK008501,0.06617714602638318,Water_En_Klimaatrisico,entropy,Water & Klimaat
BU00850101,0.06149583355698534,Water_En_Klimaatrisico,entropy,Water & Klimaat
BU00850102,0.13251612329971643,Water_En_Klimaatrisico,entropy,Water & Klimaat
BU00850103,0.12119629877265095,Water_En_Klimaatrisico,entropy,Water & Klimaat
BU00850104,0.0540162960412901,Water_En_Klimaatrisico,entropy,Water & Klimaat
BU00850105,0.054045058759122744,Water_En_Klimaatrisico,entropy,Water & Klimaat
BU00850106,0.09282150697692985,Water_En_Klimaatrisico,entropy,Water & Klimaat
BU00850107,0.0816774332946644,Water_En_Klimaatrisico,entropy,Water & Klimaat
BU00850108,0.08650035208407456,Water_En_Klimaatrisico,entropy,Water & Klimaat
BU00850109,0.08709288970444329,Water_En_Klimaatrisico,entropy,Water & Klimaat
BU00850110,0.07947336572331515,Water_En_Klimaatrisico,entropy,Water & Klimaat
BU00850111,0.06635924842361404,Water_En_Klimaatrisico,entropy,Water & Klimaat
WK008502,0.10866547541060494,Water_En_Klimaatrisico,entropy,Water & Klimaat
BU00850201,0.1025947458563286,Water_En_Klimaatrisico,entropy,Water & Klimaat
BU00850202,0.11543781023648347,Water_En_Klimaatrisico,entropy,Water & Klimaat
BU00850203,0.0836025184565555,Water_En_Klimaatrisico,entropy,Water & Klimaat
WK008503,0.09033689087787894,Water_En_Klimaatrisico,entropy,Water & Klimaat
BU00850301,0.07437076766347694,Water_En_Klimaatrisico,entropy,Water & Klimaat
BU00850302,0.055979177005391734,Water_En_Klimaatrisico,entropy,Water & Klimaat
WK008504,0.08692659727438792,Water_En_Klimaatrisico,entropy,Water & Klimaat
BU00850401,0.07730611062299486,Water_En_Klimaatrisico,entropy,Water & Klimaat
BU00850402,0.061893578502604615,Water_En_Klimaatrisico,entropy,Water & Klimaat
WK008505,0.07885035803038822,Water_En_Klimaatrisico,entropy,Water & Klimaat
BU00850501,0.12572823895402416,Water_En_Klimaatrisico,entropy,Water & Klimaat
BU00850502,0.0788259830940188,Water_En_Klimaatrisico,entropy,Water & Klimaat
WK008506,0.067512018074638,Water_En_Klimaatrisico,entropy,Water & Klimaat
BU00850601,0.08474467454331784,Water_En_Klimaatrisico,entropy,Water & Klimaat
BU00850602,0.07385496260904542,Water_En_Klimaatrisico,entropy,Water & Klimaat
BU00850603,0.08854500052316058,Water_En_Klimaatrisico,entropy,Water & Klimaat
BU00850604,0.07981898167791238,Water_En_Klimaatrisico,entropy,Water & Klimaat
BU00850605,0.06904608948102345,Water_En_Klimaatrisico,entropy,Water & Klimaat
BU00850606,0.07317433704093995,Water_En_Klimaatrisico,entropy,Water & Klimaat
BU00850607,0.09579201720985808,Water_En_Klimaatrisico,entropy,Water & Klimaat
BU00850608,0.05715717992482419,Water_En_Klimaatrisico,entropy,Water & Klimaat
WK008507,0.12010812045176275,Water_En_Klimaatrisico,entropy,Water & Klimaat
BU00850701,0.069679163599177,Water_En_Klimaatrisico,entropy,Water & Klimaat
BU00850702,0.08331113756850923,Water_En_Klimaatrisico,entropy,Water & Klimaat
WK008508,0.0754239676023875,Water_En_Klimaatrisico,entropy,Water & Klimaat
BU00850801,0.0942124385115088,Water_En_Klimaatrisico,entropy,Water & Klimaat
BU00850802,0.05178205429516741,Water_En_Klimaatrisico,entropy,Water & Klimaat
WK008509,0.14629496216427681,Water_En_Klimaatrisico,entropy,Water & Klimaat
BU00850901,0.07573490821217871,Water_En_Klimaatrisico,entropy,Water & Klimaat
BU00850902,0.0761990173559829,Water_En_Klimaatrisico,entropy,Water & Klimaat
WK008510,0.1083759104463638,Water_En_Klimaatrisico,entropy,Water & Klimaat
BU00851001,0.14667240290481964,Water_En_Klimaatrisico,entropy,Water & Klimaat
BU00851002,0.11687026606854188,Water_En_Klimaatrisico,entropy,Water & Klimaat
BU00851003,0.04640609499422917,Water_En_Klimaatrisico,entropy,Water & Klimaat
WK008511,0.06466213937944668,Water_En_Klimaatrisico,entropy,Water & Klimaat
BU00851101,0.10401449859249348,Water_En_Klimaatrisico,entropy,Water & Klimaat
BU00851102,0.09883532550544621,Water_En_Klimaatrisico,entropy,Water & Klimaat
BU00851103,0.10257859294752894,Water_En_Klimaatrisico,entropy,Water & Klimaat
BU00851104,0.1114666220261662,Water_En_Klimaatrisico,entropy,Water & Klimaat
BU00851105,0.10913562278898906,Water_En_Klimaatrisico,entropy,Water & Klimaat
BU00851106,0.11707648641509305,Water_En_Klimaatrisico,entropy,Water & Klimaat
BU00851107,0.11679725134258705,Water_En_Klimaatrisico,entropy,Water & Klimaat
BU00851108,0.08592329056593376,Water_En_Klimaatrisico,entropy,Water & Klimaat
BU00851109,0.095050423364391,Water_En_Klimaatrisico,entropy,Water & Klimaat
BU00851110,0.11143599742621943,Water_En_Klimaatrisico,entropy,Water & Klimaat
BU00851111,0.07082457253819498,Water_En_Klimaatrisico,entropy,Water & Klimaat
BU00851112,0.0758427364862092,Water_En_Klimaatrisico,entropy,Water & Klimaat
BU00851113,0.12488094555417228,Water_En_Klimaatrisico,entropy,Water & Klimaat
BU00851114,0.10078201420801762,Water_En_Klimaatrisico,entropy,Water & Klimaat
BU00851115,0.09415153879833385,Water_En_Klimaatrisico,entropy,Water & Klimaat
BU00851116,0.07065276073514073,Water_En_Klimaatrisico,entropy,Water & Klimaat
BU00851117,0.05523542708945306,Water_En_Klimaatrisico,entropy,Water & Klimaat
BU00851118,0.07468430487801508,Water_En_Klimaatrisico,entropy,Water & Klimaat
WK008512,0.06232774418102131,Water_En_Klimaatrisico,entropy,Water & Klimaat
BU00851201,0.0658594154718752,Water_En_Klimaatrisico,entropy,Water & Klimaat
BU00851202,0.05211920532025679,Water_En_Klimaatrisico,entropy,Water & Klimaat
WK008513,0.07660386504533169,Water_En_Klimaatrisico,entropy,Water & Klimaat
BU00851301,0.09211904637789306,Water_En_Klimaatrisico,entropy,Water & Klimaat
BU00851302,0.09204864169676122,Water_En_Klimaatrisico,entropy,Water & Klimaat
GM0086,0.06466213937944668,Water_En_Klimaatrisico,entropy,Water & Klimaat
WK008601,0.10367984493905162,Water_En_Klimaatrisico,entropy,Water & Klimaat
BU00860101,0.10505917994777716,Water_En_Klimaatrisico,entropy,Water & Klimaat
BU00860102,0.1003148761460721,Water_En_Klimaatrisico,entropy,Water & Klimaat
BU00860103,0.07688588791187775,Water_En_Klimaatrisico,entropy,Water & Klimaat
WK008602,0.07165084426230059,Water_En_Klimaatrisico,entropy,Water & Klimaat
BU00860201,0.20367340025133596,Water_En_Klimaatrisico,entropy,Water & Klimaat
BU00860202,0.09424584607067818,Water_En_Klimaatrisico,entropy,Water & Klimaat
BU00860203,0.09807860356782826,Water_En_Klimaatrisico,entropy,Water & Klimaat
BU00860204,0.10230078983290333,Water_En_Klimaatrisico,entropy,Water & Klimaat
BU00860205,0.10023998500113816,Water_En_Klimaatrisico,entropy,Water & Klimaat
BU00860206,0.08165494079930502,Water_En_Klimaatrisico,entropy,Water & Klimaat
BU00860207,0.07745573518524405,Water_En_Klimaatrisico,entropy,Water & Klimaat
BU00860208,0.08205744761012429,Water_En_Klimaatrisico,entropy,Water & Klimaat
BU00860209,0.07765488009004952,Water_En_Klimaatrisico,entropy,Water & Klimaat
WK008604,0.0828694697251986,Water_En_Klimaatrisico,entropy,Water & Klimaat
BU00860401,0.10964419592276625,Water_En_Klimaatrisico,entropy,Water & Klimaat
BU00860402,0.11833111160006753,Water_En_Klimaatrisico,entropy,Water & Klimaat
WK008605,0.07759224219082642,Water_En_Klimaatrisico,entropy,Water & Klimaat
BU00860501,0.14159692798056794,Water_En_Klimaatrisico,entropy,Water & Klimaat
BU00860502,0.039309162050037975,Water_En_Klimaatrisico,entropy,Water & Klimaat
BU00860503,0.07079160832001091,Water_En_Klimaatrisico,entropy,Water & Klimaat
BU00860504,0.05700605599871636,Water_En_Klimaatrisico,entropy,Water & Klimaat
BU00860505,0.04252367209409309,Water_En_Klimaatrisico,entropy,Water & Klimaat
BU00860506,0.08275229164885926,Water_En_Klimaatrisico,entropy,Water & Klimaat
BU00860507,0.10098690567775916,Water_En_Klimaatrisico,entropy,Water & Klimaat
BU00860508,0.040507425211347745,Water_En_Klimaatrisico,entropy,Water & Klimaat
WK008606,0.07225814074992003,Water_En_Klimaatrisico,entropy,Water & Klimaat
BU00860601,0.09671783831417988,Water_En_Klimaatrisico,entropy,Water & Klimaat
BU00860602,0.09360738453058931,Water_En_Klimaatrisico,entropy,Water & Klimaat
WK008607,0.1211127399084905,Water_En_Klimaatrisico,entropy,Water & Klimaat
BU00860701,0.06231666674708982,Water_En_Klimaatrisico,entropy,Water & Klimaat
BU00860702,0.09282295627134013,Water_En_Klimaatrisico,entropy,Water & Klimaat
WK008608,0.0675789729486738,Water_En_Klimaatrisico,entropy,Water & Klimaat
BU00860801,0.051185996988034894,Water_En_Klimaatrisico,entropy,Water & Klimaat
BU00860802,0.05190222284716295,Water_En_Klimaatrisico,entropy,Water & Klimaat
WK008609,0.06467295744173038,Water_En_Klimaatrisico,entropy,Water & Klimaat
BU00860901,0.10955241290487325,Water_En_Klimaatrisico,entropy,Water & Klimaat
BU00860902,0.07840376141432695,Water_En_Klimaatrisico,entropy,Water & Klimaat
WK008610,0.11488101760447816,Water_En_Klimaatrisico,entropy,Water & Klimaat
BU00861001,0.07392455176205062,Water_En_Klimaatrisico,entropy,Water & Klimaat
BU00861002,0.09368446532361349,Water_En_Klimaatrisico,entropy,Water & Klimaat
WK008611,0.11050520511836041,Water_En_Klimaatrisico,entropy,Water & Klimaat
BU00861101,0.0987056992765094,Water_En_Klimaatrisico,entropy,Water & Klimaat
BU00861102,0.12963861994056688,Water_En_Klimaatrisico,entropy,Water & Klimaat
WK008613,0.08511717869896188,Water_En_Klimaatrisico,entropy,Water & Klimaat
BU00861301,0.08781031177078803,Water_En_Klimaatrisico,entropy,Water & Klimaat
BU00861302,0.0882617020017705,Water_En_Klimaatrisico,entropy,Water & Klimaat
WK008614,0.07692716593411313,Water_En_Klimaatrisico,entropy,Water & Klimaat
BU00861401,0.037545972746387705,Water_En_Klimaatrisico,entropy,Water & Klimaat
BU00861402,0.08235795530829867,Water_En_Klimaatrisico,entropy,Water & Klimaat
WK008615,0.06884066492999548,Water_En_Klimaatrisico,entropy,Water & Klimaat
BU00861501,0.08983852613948995,Water_En_Klimaatrisico,entropy,Water & Klimaat
BU00861502,0.12780116848034015,Water_En_Klimaatrisico,entropy,Water & Klimaat
WK008616,0.06637338669961527,Water_En_Klimaatrisico,entropy,Water & Klimaat
BU00861601,0.08650792004175795,Water_En_Klimaatrisico,entropy,Water & Klimaat
BU00861602,0.08603556069550862,Water_En_Klimaatrisico,entropy,Water & Klimaat
BU00861603,0.0990578193927805,Water_En_Klimaatrisico,entropy,Water & Klimaat
BU00861604,0.10282118794091605,Water_En_Klimaatrisico,entropy,Water & Klimaat
BU00861605,0.1208092211483273,Water_En_Klimaatrisico,entropy,Water & Klimaat
BU00861606,0.06046543657584363,Water_En_Klimaatrisico,entropy,Water & Klimaat
BU00861607,0.09484334042823345,Water_En_Klimaatrisico,entropy,Water & Klimaat
WK008617,0.10436696151314524,Water_En_Klimaatrisico,entropy,Water & Klimaat
BU00861701,0.10478627525607087,Water_En_Klimaatrisico,entropy,Water & Klimaat
BU00861702,0.08101924205514327,Water_En_Klimaatrisico,entropy,Water & Klimaat
BU00861703,0.09276538684081075,Water_En_Klimaatrisico,entropy,Water & Klimaat
GM0088,0.1109954382789915,Water_En_Klimaatrisico,entropy,Water & Klimaat
WK008800,0.08725949409695023,Water_En_Klimaatrisico,entropy,Water & Klimaat
BU00880000,0.06278289092504752,Water_En_Klimaatrisico,entropy,Water & Klimaat
BU00880009,0.036044217359504194,Water_En_Klimaatrisico,entropy,Water & Klimaat
GM0090,0.06466213937944669,Water_En_Klimaatrisico,entropy,Water & Klimaat
WK009001,0.18169019298616756,Water_En_Klimaatrisico,entropy,Water & Klimaat
BU00900101,0.11631891881906414,Water_En_Klimaatrisico,entropy,Water & Klimaat
WK009002,0.05235432674502993,Water_En_Klimaatrisico,entropy,Water & Klimaat
BU00900201,0.07637629111428514,Water_En_Klimaatrisico,entropy,Water & Klimaat
BU00900202,0.09473648372221953,Water_En_Klimaatrisico,entropy,Water & Klimaat
BU00900203,0.05470687844670198,Water_En_Klimaatrisico,entropy,Water & Klimaat
BU00900204,0.030538105078714718,Water_En_Klimaatrisico,entropy,Water & Klimaat
BU00900205,0.035616372916223646,Water_En_Klimaatrisico,entropy,Water & Klimaat
BU00900206,0.06613317361158241,Water_En_Klimaatrisico,entropy,Water & Klimaat
WK009003,0.1754186899476037,Water_En_Klimaatrisico,entropy,Water & Klimaat
BU00900301,0.06795724825692115,Water_En_Klimaatrisico,entropy,Water & Klimaat
BU00900302,0.05672728137188662,Water_En_Klimaatrisico,entropy,Water & Klimaat
BU00900303,0.05725353468864304,Water_En_Klimaatrisico,entropy,Water & Klimaat
BU00900304,0.03509953410466151,Water_En_Klimaatrisico,entropy,Water & Klimaat
WK009004,0.07621614829035704,Water_En_Klimaatrisico,entropy,Water & Klimaat
BU00900401,0.047359916985706206,Water_En_Klimaatrisico,entropy,Water & Klimaat
BU00900402,0.06404737889886196,Water_En_Klimaatrisico,entropy,Water & Klimaat
BU00900403,0.02879454971752624,Water_En_Klimaatrisico,entropy,Water & Klimaat
BU00900404,0.03309004119135504,Water_En_Klimaatrisico,entropy,Water & Klimaat
BU00900405,0.05546546542467141,Water_En_Klimaatrisico,entropy,Water & Klimaat
BU00900406,0.0932625110959512,Water_En_Klimaatrisico,entropy,Water & Klimaat
WK009005,0.07369780300361922,Water_En_Klimaatrisico,entropy,Water & Klimaat
BU00900501,0.08537430708063183,Water_En_Klimaatrisico,entropy,Water & Klimaat
BU00900502,0.06223064859015222,Water_En_Klimaatrisico,entropy,Water & Klimaat
WK009006,0.07147547305930699,Water_En_Klimaatrisico,entropy,Water & Klimaat
BU00900601,0.02693502509540872,Water_En_Klimaatrisico,entropy,Water & Klimaat
BU00900602,0.012298851728068456,Water_En_Klimaatrisico,entropy,Water & Klimaat
BU00900603,0.07380292345717407,Water_En_Klimaatrisico,entropy,Water & Klimaat
WK009007,0.0663353568415368,Water_En_Klimaatrisico,entropy,Water & Klimaat
BU00900701,0.04349296975540696,Water_En_Klimaatrisico,entropy,Water & Klimaat
BU00900702,0.03000434881085865,Water_En_Klimaatrisico,entropy,Water & Klimaat
BU00900703,0.08763406716501057,Water_En_Klimaatrisico,entropy,Water & Klimaat
BU00900704,0.0698875160181674,Water_En_Klimaatrisico,entropy,Water & Klimaat
BU00900705,0.0966670563752226,Water_En_Klimaatrisico,entropy,Water & Klimaat
BU00900706,0.07136339650998713,Water_En_Klimaatrisico,entropy,Water & Klimaat
WK009008,0.06731072009274808,Water_En_Klimaatrisico,entropy,Water & Klimaat
BU00900801,0.07698731312635554,Water_En_Klimaatrisico,entropy,Water & Klimaat
BU00900802,0.09392903603823212,Water_En_Klimaatrisico,entropy,Water & Klimaat
BU00900803,0.0754478458804376,Water_En_Klimaatrisico,entropy,Water & Klimaat
WK009009,0.1374603240868086,Water_En_Klimaatrisico,entropy,Water & Klimaat
BU00900901,0.07254966096584191,Water_En_Klimaatrisico,entropy,Water & Klimaat
BU00900902,0.07672597428548306,Water_En_Klimaatrisico,entropy,Water & Klimaat
BU00900903,0.03259777989586787,Water_En_Klimaatrisico,entropy,Water & Klimaat
BU00900904,0.03692960260108529,Water_En_Klimaatrisico,entropy,Water & Klimaat
WK009010,0.05252932980822933,Water_En_Klimaatrisico,entropy,Water & Klimaat
BU00901001,0.11248783733897369,Water_En_Klimaatrisico,entropy,Water & Klimaat
BU00901002,0.09534962123818708,Water_En_Klimaatrisico,entropy,Water & Klimaat
BU00901003,0.07947944056332693,Water_En_Klimaatrisico,entropy,Water & Klimaat
BU00901004,0.09041175480065008,Water_En_Klimaatrisico,entropy,Water & Klimaat
WK009011,0.07204763595272981,Water_En_Klimaatrisico,entropy,Water & Klimaat
BU00901101,0.04453016393065665,Water_En_Klimaatrisico,entropy,Water & Klimaat
WK009012,0.053020600342239294,Water_En_Klimaatrisico,entropy,Water & Klimaat
BU00901201,0.11135690173394877,Water_En_Klimaatrisico,entropy,Water & Klimaat
BU00901202,0.1062574414443739,Water_En_Klimaatrisico,entropy,Water & Klimaat
WK009013,0.06724830667914433,Water_En_Klimaatrisico,entropy,Water & Klimaat
BU00901301,0.0649626312883021,Water_En_Klimaatrisico,entropy,Water & Klimaat
BU00901302,0.039335285703122426,Water_En_Klimaatrisico,entropy,Water & Klimaat
BU00901303,0.09097895978356142,Water_En_Klimaatrisico,entropy,Water & Klimaat
WK009021,0.07686814384700227,Water_En_Klimaatrisico,entropy,Water & Klimaat
BU00902104,0.05579252698521101,Water_En_Klimaatrisico,entropy,Water & Klimaat
BU00902105,0.07850206202416019,Water_En_Klimaatrisico,entropy,Water & Klimaat
BU00902109,0.044564401905984555,Water_En_Klimaatrisico,entropy,Water & Klimaat
BU00902110,0.08050040003070674,Water_En_Klimaatrisico,entropy,Water & Klimaat
BU00902114,0.03677794019673736,Water_En_Klimaatrisico,entropy,Water & Klimaat
WK009022,0.10059567075321683,Water_En_Klimaatrisico,entropy,Water & Klimaat
BU00902201,0.03302360465812799,Water_En_Klimaatrisico,entropy,Water & Klimaat
BU00902202,0.0691534220190807,Water_En_Klimaatrisico,entropy,Water & Klimaat
BU00902203,0.14839524139780647,Water_En_Klimaatrisico,entropy,Water & Klimaat
BU00902206,0.06308338688711504,Water_En_Klimaatrisico,entropy,Water & Klimaat
BU00902212,0.05309132201007892,Water_En_Klimaatrisico,entropy,Water & Klimaat
BU00902213,0.102804137262407,Water_En_Klimaatrisico,entropy,Water & Klimaat
BU00902215,0.11135404924130057,Water_En_Klimaatrisico,entropy,Water & Klimaat
BU00902216,0.06136836972413703,Water_En_Klimaatrisico,entropy,Water & Klimaat
WK009023,0.06325565956003393,Water_En_Klimaatrisico,entropy,Water & Klimaat
BU00902307,0.10214275260103095,Water_En_Klimaatrisico,entropy,Water & Klimaat
BU00902308,0.07983349282646116,Water_En_Klimaatrisico,entropy,Water & Klimaat
BU00902311,0.06663527705620663,Water_En_Klimaatrisico,entropy,Water & Klimaat
GM1900,0.06466213937944669,Water_En_Klimaatrisico,entropy,Water & Klimaat
WK190000,0.06466213937944668,Water_En_Klimaatrisico,entropy,Water & Klimaat
BU19000000,0.3502724816059004,Water_En_Klimaatrisico,entropy,Water & Klimaat
BU19000001,0.09209662256887778,Water_En_Klimaatrisico,entropy,Water & Klimaat
BU19000002,0.09563385433083031,Water_En_Klimaatrisico,entropy,Water & Klimaat
BU19000003,0.17601839767502586,Water_En_Klimaatrisico,entropy,Water & Klimaat
BU19000004,0.08463981923363931,Water_En_Klimaatrisico,entropy,Water & Klimaat
BU19000009,0.15638940638179452,Water_En_Klimaatrisico,entropy,Water & Klimaat
WK190001,0.06466213937944668,Water_En_Klimaatrisico,entropy,Water & Klimaat
BU19000101,0.5201623061636205,Water_En_Klimaatrisico,entropy,Water & Klimaat
BU19000102,0.1488955793191947,Water_En_Klimaatrisico,entropy,Water & Klimaat
BU19000103,0.08967693502899854,Water_En_Klimaatrisico,entropy,Water & Klimaat
BU19000104,0.09248049409473534,Water_En_Klimaatrisico,entropy,Water & Klimaat
BU19000105,0.09285866019766337,Water_En_Klimaatrisico,entropy,Water & Klimaat
BU19000106,0.19526891407730823,Water_En_Klimaatrisico,entropy,Water & Klimaat
BU19000107,0.04890781958358713,Water_En_Klimaatrisico,entropy,Water & Klimaat
BU19000108,0.11460071124532925,Water_En_Klimaatrisico,entropy,Water & Klimaat
BU19000109,0.08810930486977472,Water_En_Klimaatrisico,entropy,Water & Klimaat
BU19000110,0.05146320576807979,Water_En_Klimaatrisico,entropy,Water & Klimaat
BU19000111,0.08326027420198841,Water_En_Klimaatrisico,entropy,Water & Klimaat
BU19000112,0.09630100016390962,Water_En_Klimaatrisico,entropy,Water & Klimaat
BU19000113,0.16248696623540093,Water_En_Klimaatrisico,entropy,Water & Klimaat
BU19000114,0.07726292884151108,Water_En_Klimaatrisico,entropy,Water & Klimaat
BU19000115,0.04426605170497164,Water_En_Klimaatrisico,entropy,Water & Klimaat
BU19000116,0.09201160264266509,Water_En_Klimaatrisico,entropy,Water & Klimaat
BU19000117,0.09303133236580302,Water_En_Klimaatrisico,entropy,Water & Klimaat
BU19000118,0.1588265382439762,Water_En_Klimaatrisico,entropy,Water & Klimaat
BU19000119,0.09285744684579636,Water_En_Klimaatrisico,entropy,Water & Klimaat
BU19000120,0.14105370304889497,Water_En_Klimaatrisico,entropy,Water & Klimaat
WK190002,0.06287164892632532,Water_En_Klimaatrisico,entropy,Water & Klimaat
BU19000200,0.1358809200522657,Water_En_Klimaatrisico,entropy,Water & Klimaat
BU19000201,0.35977432584484437,Water_En_Klimaatrisico,entropy,Water & Klimaat
BU19000202,0.1315337578784951,Water_En_Klimaatrisico,entropy,Water & Klimaat
BU19000208,0.13075385210646928,Water_En_Klimaatrisico,entropy,Water & Klimaat
BU19000209,0.13738487487079354,Water_En_Klimaatrisico,entropy,Water & Klimaat
WK190003,0.09982295829286117,Water_En_Klimaatrisico,entropy,Water & Klimaat
BU19000300,0.12165500861889289,Water_En_Klimaatrisico,entropy,Water & Klimaat
BU19000301,0.16722751332891395,Water_En_Klimaatrisico,entropy,Water & Klimaat
BU19000302,0.1776870827745618,Water_En_Klimaatrisico,entropy,Water & Klimaat
BU19000308,0.10290151784850254,Water_En_Klimaatrisico,entropy,Water & Klimaat
BU19000309,0.1427327757744174,Water_En_Klimaatrisico,entropy,Water & Klimaat
WK190004,0.10917082812505496,Water_En_Klimaatrisico,entropy,Water & Klimaat
BU19000400,0.09127802783073861,Water_En_Klimaatrisico,entropy,Water & Klimaat
BU19000401,0.1330820138680105,Water_En_Klimaatrisico,entropy,Water & Klimaat
BU19000402,0.17641708293957747,Water_En_Klimaatrisico,entropy,Water & Klimaat
BU19000403,0.1234541599490072,Water_En_Klimaatrisico,entropy,Water & Klimaat
BU19000408,0.1398732044489847,Water_En_Klimaatrisico,entropy,Water & Klimaat
BU19000409,0.08414447977998932,Water_En_Klimaatrisico,entropy,Water & Klimaat
WK190005,0.07972766783003941,Water_En_Klimaatrisico,entropy,Water & Klimaat
BU19000500,0.5657897102495775,Water_En_Klimaatrisico,entropy,Water & Klimaat
BU19000501,0.10175258060529735,Water_En_Klimaatrisico,entropy,Water & Klimaat
BU19000502,0.06343535966613784,Water_En_Klimaatrisico,entropy,Water & Klimaat
BU19000503,0.193798953797386,Water_En_Klimaatrisico,entropy,Water & Klimaat
WK190006,0.10059567075321683,Water_En_Klimaatrisico,entropy,Water & Klimaat
BU19000600,0.1221997830790652,Water_En_Klimaatrisico,entropy,Water & Klimaat
BU19000602,0.13095406385707514,Water_En_Klimaatrisico,entropy,Water & Klimaat
BU19000603,0.1618613888685069,Water_En_Klimaatrisico,entropy,Water & Klimaat
BU19000607,0.12419149780427786,Water_En_Klimaatrisico,entropy,Water & Klimaat
BU19000608,0.13358495367932327,Water_En_Klimaatrisico,entropy,Water & Klimaat
BU19000609,0.21618023963954597,Water_En_Klimaatrisico,entropy,Water & Klimaat
WK190007,0.06985315294681674,Water_En_Klimaatrisico,entropy,Water & Klimaat
BU19000700,0.08634733479256161,Water_En_Klimaatrisico,entropy,Water & Klimaat
BU19000701,0.14928398701565468,Water_En_Klimaatrisico,entropy,Water & Klimaat
BU19000702,0.112496992993132,Water_En_Klimaatrisico,entropy,Water & Klimaat
BU19000706,0.15513070111332553,Water_En_Klimaatrisico,entropy,Water & Klimaat
BU19000707,0.1792917260333462,Water_En_Klimaatrisico,entropy,Water & Klimaat
BU19000708,0.30163862470997704,Water_En_Klimaatrisico,entropy,Water & Klimaat
WK190008,0.06880404698078406,Water_En_Klimaatrisico,entropy,Water & Klimaat
BU19000800,0.08823479297849737,Water_En_Klimaatrisico,entropy,Water & Klimaat
BU19000801,0.1473451935420177,Water_En_Klimaatrisico,entropy,Water & Klimaat
BU19000802,0.15153321043603735,Water_En_Klimaatrisico,entropy,Water & Klimaat
BU19000804,0.24791942268662154,Water_En_Klimaatrisico,entropy,Water & Klimaat
BU19000808,0.1545680722914284,Water_En_Klimaatrisico,entropy,Water & Klimaat
BU19000809,0.15510037046466751,Water_En_Klimaatrisico,entropy,Water & Klimaat
WK190009,0.10568194824758506,Water_En_Klimaatrisico,entropy,Water & Klimaat
BU19000900,0.21618527679148447,Water_En_Klimaatrisico,entropy,Water & Klimaat
BU19000901,0.12303317084757917,Water_En_Klimaatrisico,entropy,Water & Klimaat
BU19000902,0.19994040403170898,Water_En_Klimaatrisico,entropy,Water & Klimaat
BU19000903,0.15516305559285426,Water_En_Klimaatrisico,entropy,Water & Klimaat
BU19000904,0.14115097698551451,Water_En_Klimaatrisico,entropy,Water & Klimaat
BU19000905,0.11750822115616467,Water_En_Klimaatrisico,entropy,Water & Klimaat
BU19000906,0.18961410270127654,Water_En_Klimaatrisico,entropy,Water & Klimaat
BU19000907,0.23419685201619345,Water_En_Klimaatrisico,entropy,Water & Klimaat
BU19000908,0.1388957224508445,Water_En_Klimaatrisico,entropy,Water & Klimaat
BU19000909,0.1939474580140837,Water_En_Klimaatrisico,entropy,Water & Klimaat
WK190010,0.10962064049188547,Water_En_Klimaatrisico,entropy,Water & Klimaat
BU19001000,0.17376377513035351,Water_En_Klimaatrisico,entropy,Water & Klimaat
BU19001001,0.1660148491388576,Water_En_Klimaatrisico,entropy,Water & Klimaat
BU19001002,0.1464834910954383,Water_En_Klimaatrisico,entropy,Water & Klimaat
BU19001003,0.18037543416931712,Water_En_Klimaatrisico,entropy,Water & Klimaat
BU19001007,0.17839209619555274,Water_En_Klimaatrisico,entropy,Water & Klimaat
BU19001008,0.1794823209579996,Water_En_Klimaatrisico,entropy,Water & Klimaat
WK190011,0.05343324288518124,Water_En_Klimaatrisico,entropy,Water & Klimaat
BU19001100,0.14979567084380271,Water_En_Klimaatrisico,entropy,Water & Klimaat
BU19001101,0.11375391253821884,Water_En_Klimaatrisico,entropy,Water & Klimaat
BU19001108,0.11601273215932512,Water_En_Klimaatrisico,entropy,Water & Klimaat
BU19001109,0.11472028238649812,Water_En_Klimaatrisico,entropy,Water & Klimaat
WK190012,0.11341642537794674,Water_En_Klimaatrisico,entropy,Water & Klimaat
BU19001200,0.22639976304095932,Water_En_Klimaatrisico,entropy,Water & Klimaat
BU19001201,0.14766513312820384,Water_En_Klimaatrisico,entropy,Water & Klimaat
BU19001202,0.13962306469021726,Water_En_Klimaatrisico,entropy,Water & Klimaat
BU19001203,0.11132421223603808,Water_En_Klimaatrisico,entropy,Water & Klimaat
BU19001204,0.08786616633409887,Water_En_Klimaatrisico,entropy,Water & Klimaat
BU19001208,0.15193378852045328,Water_En_Klimaatrisico,entropy,Water & Klimaat
BU19001209,0.13926069822066933,Water_En_Klimaatrisico,entropy,Water & Klimaat
WK190013,0.10097279972044992,Water_En_Klimaatrisico,entropy,Water & Klimaat
BU19001300,0.18814273874148124,Water_En_Klimaatrisico,entropy,Water & Klimaat
BU19001301,0.27217804665930984,Water_En_Klimaatrisico,entropy,Water & Klimaat
BU19001302,0.25455879463586145,Water_En_Klimaatrisico,entropy,Water & Klimaat
BU19001303,0.2448319442988215,Water_En_Klimaatrisico,entropy,Water & Klimaat
BU19001306,0.2065588338014428,Water_En_Klimaatrisico,entropy,Water & Klimaat
BU19001307,0.25733577572089383,Water_En_Klimaatrisico,entropy,Water & Klimaat
BU19001308,0.2175721407334702,Water_En_Klimaatrisico,entropy,Water & Klimaat
BU19001309,0.25148769620606704,Water_En_Klimaatrisico,entropy,Water & Klimaat
WK190014,0.11469033865478194,Water_En_Klimaatrisico,entropy,Water & Klimaat
BU19001400,0.1918094829989993,Water_En_Klimaatrisico,entropy,Water & Klimaat
BU19001401,0.19476544561058062,Water_En_Klimaatrisico,entropy,Water & Klimaat
BU19001402,0.2593224015219956,Water_En_Klimaatrisico,entropy,Water & Klimaat
BU19001403,0.1823622301173829,Water_En_Klimaatrisico,entropy,Water & Klimaat
BU19001404,0.17094395673232085,Water_En_Klimaatrisico,entropy,Water & Klimaat
BU19001405,0.2648297728768471,Water_En_Klimaatrisico,entropy,Water & Klimaat
BU19001406,0.25884228402317133,Water_En_Klimaatrisico,entropy,Water & Klimaat
BU19001407,0.2281076237951604,Water_En_Klimaatrisico,entropy,Water & Klimaat
BU19001408,0.2690678556876864,Water_En_Klimaatrisico,entropy,Water & Klimaat
BU19001409,0.255525454657515,Water_En_Klimaatrisico,entropy,Water & Klimaat
WK190015,0.08473866295398647,Water_En_Klimaatrisico,entropy,Water & Klimaat
BU19001500,0.14286706560013862,Water_En_Klimaatrisico,entropy,Water & Klimaat
BU19001501,0.21438238692049982,Water_En_Klimaatrisico,entropy,Water & Klimaat
BU19001502,0.17311871903576526,Water_En_Klimaatrisico,entropy,Water & Klimaat
BU19001503,0.0523927228868753,Water_En_Klimaatrisico,entropy,Water & Klimaat
BU19001509,0.11081853329993606,Water_En_Klimaatrisico,entropy,Water & Klimaat
WK190016,0.11559351486701921,Water_En_Klimaatrisico,entropy,Water & Klimaat
BU19001600,0.18509038287697488,Water_En_Klimaatrisico,entropy,Water & Klimaat
BU19001601,0.39725615351364196,Water_En_Klimaatrisico,entropy,Water & Klimaat
BU19001602,0.2795806510512417,Water_En_Klimaatrisico,entropy,Water & Klimaat
BU19001603,0.22224956413641095,Water_En_Klimaatrisico,entropy,Water & Klimaat
BU19001604,0.14664566937000906,Water_En_Klimaatrisico,entropy,Water & Klimaat
BU19001606,0.10817374701194193,Water_En_Klimaatrisico,entropy,Water & Klimaat
BU19001607,0.27907963759326326,Water_En_Klimaatrisico,entropy,Water & Klimaat
BU19001608,0.14107362613041252,Water_En_Klimaatrisico,entropy,Water & Klimaat
WK190017,0.0797276678300394,Water_En_Klimaatrisico,entropy,Water & Klimaat
BU19001700,0.07538978354023826,Water_En_Klimaatrisico,entropy,Water & Klimaat
BU19001709,0.15741197693483266,Water_En_Klimaatrisico,entropy,Water & Klimaat
WK190018,0.11048827025254601,Water_En_Klimaatrisico,entropy,Water & Klimaat
BU19001800,0.08327686183852842,Water_En_Klimaatrisico,entropy,Water & Klimaat
BU19001801,0.21504185490310435,Water_En_Klimaatrisico,entropy,Water & Klimaat
BU19001802,0.19786258572180154,Water_En_Klimaatrisico,entropy,Water & Klimaat
BU19001803,0.050416619061197585,Water_En_Klimaatrisico,entropy,Water & Klimaat
BU19001804,0.22222584302131498,Water_En_Klimaatrisico,entropy,Water & Klimaat
BU19001808,0.2511227081495962,Water_En_Klimaatrisico,entropy,Water & Klimaat
BU19001809,0.10975847828195937,Water_En_Klimaatrisico,entropy,Water & Klimaat
WK190019,0.10692501165490721,Water_En_Klimaatrisico,entropy,Water & Klimaat
BU19001900,0.1267301569638404,Water_En_Klimaatrisico,entropy,Water & Klimaat
BU19001901,0.2485829393622469,Water_En_Klimaatrisico,entropy,Water & Klimaat
BU19001902,0.14675300201446084,Water_En_Klimaatrisico,entropy,Water & Klimaat
BU19001903,0.14557556702319235,Water_En_Klimaatrisico,entropy,Water & Klimaat
BU19001904,0.18664559148592627,Water_En_Klimaatrisico,entropy,Water & Klimaat
WK190020,0.06406117693969504,Water_En_Klimaatrisico,entropy,Water & Klimaat
BU19002001,0.12741022259681273,Water_En_Klimaatrisico,entropy,Water & Klimaat
BU19002002,0.13935618747073597,Water_En_Klimaatrisico,entropy,Water & Klimaat
BU19002003,0.19355010799485295,Water_En_Klimaatrisico,entropy,Water & Klimaat
BU19002004,0.23725499825957364,Water_En_Klimaatrisico,entropy,Water & Klimaat
BU19002005,0.32614558187816417,Water_En_Klimaatrisico,entropy,Water & Klimaat
BU19002006,0.22118309868713512,Water_En_Klimaatrisico,entropy,Water & Klimaat
BU19002007,0.23719037495504922,Water_En_Klimaatrisico,entropy,Water & Klimaat
BU19002008,0.18128619393785173,Water_En_Klimaatrisico,entropy,Water & Klimaat
BU19002009,0.15151467621553627,Water_En_Klimaatrisico,entropy,Water & Klimaat
BU19002010,0.25290591654413064,Water_En_Klimaatrisico,entropy,Water & Klimaat
BU19002011,0.3139372941082613,Water_En_Klimaatrisico,entropy,Water & Klimaat
BU19002012,0.2671705925506268,Water_En_Klimaatrisico,entropy,Water & Klimaat
BU19002013,0.23941784685652234,Water_En_Klimaatrisico,entropy,Water & Klimaat
BU19002014,0.36861871131130686,Water_En_Klimaatrisico,entropy,Water & Klimaat
BU19002015,0.24876450866128708,Water_En_Klimaatrisico,entropy,Water & Klimaat
BU19002016,0.15962715567043145,Water_En_Klimaatrisico,entropy,Water & Klimaat
BU19002017,0.23359742974156195,Water_En_Klimaatrisico,entropy,Water & Klimaat
BU19002018,0.1483330362739562,Water_En_Klimaatrisico,entropy,Water & Klimaat
BU19002019,0.2747119332133761,Water_En_Klimaatrisico,entropy,Water & Klimaat
GM0093,0.15192413312037284,Water_En_Klimaatrisico,entropy,Water & Klimaat
WK009300,0.10623583635854988,Water_En_Klimaatrisico,entropy,Water & Klimaat
BU00930000,0.038747079535613675,Water_En_Klimaatrisico,entropy,Water & Klimaat
BU00930002,0.044380228167119395,Water_En_Klimaatrisico,entropy,Water & Klimaat
WK009301,0.06237222263926603,Water_En_Klimaatrisico,entropy,Water & Klimaat
BU00930110,0.029402765261135354,Water_En_Klimaatrisico,entropy,Water & Klimaat
BU00930111,0.04027458507202401,Water_En_Klimaatrisico,entropy,Water & Klimaat
BU00930112,0.032131087261860036,Water_En_Klimaatrisico,entropy,Water & Klimaat
WK009302,0.06830371115849057,Water_En_Klimaatrisico,entropy,Water & Klimaat
BU00930213,0.0562239222631027,Water_En_Klimaatrisico,entropy,Water & Klimaat
BU00930214,0.03978667673567085,Water_En_Klimaatrisico,entropy,Water & Klimaat
BU00930215,0.031604070241647804,Water_En_Klimaatrisico,entropy,Water & Klimaat
WK009303,0.0839513958761913,Water_En_Klimaatrisico,entropy,Water & Klimaat
BU00930316,0.06554702121732577,Water_En_Klimaatrisico,entropy,Water & Klimaat
BU00930317,0.027661814134275126,Water_En_Klimaatrisico,entropy,Water & Klimaat
WK009304,0.0731190608790459,Water_En_Klimaatrisico,entropy,Water & Klimaat
BU00930418,0.05132545131545721,Water_En_Klimaatrisico,entropy,Water & Klimaat
BU00930419,0.0648478821275214,Water_En_Klimaatrisico,entropy,Water & Klimaat
BU00930420,0.034979331488213944,Water_En_Klimaatrisico,entropy,Water & Klimaat
WK009305,0.08909410123928832,Water_En_Klimaatrisico,entropy,Water & Klimaat
BU00930521,0.06430899523798347,Water_En_Klimaatrisico,entropy,Water & Klimaat
BU00930522,0.055935768542201995,Water_En_Klimaatrisico,entropy,Water & Klimaat
BU00930523,0.05072596800457289,Water_En_Klimaatrisico,entropy,Water & Klimaat
GM0737,0.06466213937944669,Water_En_Klimaatrisico,entropy,Water & Klimaat
WK073700,0.06466213937944669,Water_En_Klimaatrisico,entropy,Water & Klimaat
BU07370000,0.04851659554710958,Water_En_Klimaatrisico,entropy,Water & Klimaat
BU07370009,0.06640769625271815,Water_En_Klimaatrisico,entropy,Water & Klimaat
WK073701,0.07616211390362103,Water_En_Klimaatrisico,entropy,Water & Klimaat
BU07370100,0.11541532294011546,Water_En_Klimaatrisico,entropy,Water & Klimaat
BU07370101,0.07690575678678681,Water_En_Klimaatrisico,entropy,Water & Klimaat
BU07370102,0.16301556549865948,Water_En_Klimaatrisico,entropy,Water & Klimaat
BU07370108,0.1162208493136052,Water_En_Klimaatrisico,entropy,Water & Klimaat
BU07370109,0.11104153178132137,Water_En_Klimaatrisico,entropy,Water & Klimaat
WK073702,0.07616211390362103,Water_En_Klimaatrisico,entropy,Water & Klimaat
BU07370200,0.05841957905762325,Water_En_Klimaatrisico,entropy,Water & Klimaat
BU07370201,0.08821489393935075,Water_En_Klimaatrisico,entropy,Water & Klimaat
BU07370208,0.07679008851988062,Water_En_Klimaatrisico,entropy,Water & Klimaat
BU07370209,0.10444413837541726,Water_En_Klimaatrisico,entropy,Water & Klimaat
WK073703,0.05562630147030205,Water_En_Klimaatrisico,entropy,Water & Klimaat
BU07370300,0.1077621700527443,Water_En_Klimaatrisico,entropy,Water & Klimaat
BU07370309,0.09815607964611173,Water_En_Klimaatrisico,entropy,Water & Klimaat
WK073704,0.10917082812505496,Water_En_Klimaatrisico,entropy,Water & Klimaat
BU07370400,0.07537163925707963,Water_En_Klimaatrisico,entropy,Water & Klimaat
BU07370401,0.046523938628653574,Water_En_Klimaatrisico,entropy,Water & Klimaat
BU07370408,0.07151643289335247,Water_En_Klimaatrisico,entropy,Water & Klimaat
BU07370409,0.10150578793238098,Water_En_Klimaatrisico,entropy,Water & Klimaat
WK073705,0.10279011751031958,Water_En_Klimaatrisico,entropy,Water & Klimaat
BU07370500,0.0832806391815181,Water_En_Klimaatrisico,entropy,Water & Klimaat
BU07370501,0.03857090456530819,Water_En_Klimaatrisico,entropy,Water & Klimaat
BU07370508,0.12004039545546308,Water_En_Klimaatrisico,entropy,Water & Klimaat
BU07370509,0.07183345137412442,Water_En_Klimaatrisico,entropy,Water & Klimaat
WK073706,0.0672907092911991,Water_En_Klimaatrisico,entropy,Water & Klimaat
BU07370600,0.061207066984772955,Water_En_Klimaatrisico,entropy,Water & Klimaat
BU07370609,0.04911681985974706,Water_En_Klimaatrisico,entropy,Water & Klimaat
WK073707,0.10623583635854987,Water_En_Klimaatrisico,entropy,Water & Klimaat
BU07370700,0.04443732644027275,Water_En_Klimaatrisico,entropy,Water & Klimaat
BU07370701,0.08987085914209164,Water_En_Klimaatrisico,entropy,Water & Klimaat
BU07370708,0.07184256046264742,Water_En_Klimaatrisico,entropy,Water & Klimaat
BU07370709,0.07547823938054092,Water_En_Klimaatrisico,entropy,Water & Klimaat
WK073708,0.07953213266288403,Water_En_Klimaatrisico,entropy,Water & Klimaat
BU07370800,0.08960070350761007,Water_En_Klimaatrisico,entropy,Water & Klimaat
BU07370809,0.057794854495575504,Water_En_Klimaatrisico,entropy,Water & Klimaat
WK073709,0.06457417100552423,Water_En_Klimaatrisico,entropy,Water & Klimaat
BU07370900,0.04967694465540453,Water_En_Klimaatrisico,entropy,Water & Klimaat
BU07370909,0.054660448268777875,Water_En_Klimaatrisico,entropy,Water & Klimaat
GM0096,0.1109954382789915,Water_En_Klimaatrisico,entropy,Water & Klimaat
WK009600,0.09943823414488295,Water_En_Klimaatrisico,entropy,Water & Klimaat
BU00960000,0.04565066878962723,Water_En_Klimaatrisico,entropy,Water & Klimaat
BU00960009,0.04993995222036299,Water_En_Klimaatrisico,entropy,Water & Klimaat
GM1949,0.06466213937944669,Water_En_Klimaatrisico,entropy,Water & Klimaat
WK194915,0.07115302876770183,Water_En_Klimaatrisico,entropy,Water & Klimaat
BU19491500,0.1688234222038984,Water_En_Klimaatrisico,entropy,Water & Klimaat
BU19491501,0.15676428475236376,Water_En_Klimaatrisico,entropy,Water & Klimaat
WK194916,0.07254446628275792,Water_En_Klimaatrisico,entropy,Water & Klimaat
BU19491600,0.18903080731308575,Water_En_Klimaatrisico,entropy,Water & Klimaat
BU19491601,0.05254562305593284,Water_En_Klimaatrisico,entropy,Water & Klimaat
BU19491602,0.05892767020925103,Water_En_Klimaatrisico,entropy,Water & Klimaat
BU19491603,0.1363177418589609,Water_En_Klimaatrisico,entropy,Water & Klimaat
BU19491604,0.09350048998148999,Water_En_Klimaatrisico,entropy,Water & Klimaat
BU19491605,0.1052746242359625,Water_En_Klimaatrisico,entropy,Water & Klimaat
BU19491606,0.09804691417289219,Water_En_Klimaatrisico,entropy,Water & Klimaat
WK194917,0.2203551668438505,Water_En_Klimaatrisico,entropy,Water & Klimaat
BU19491700,0.28572968668085114,Water_En_Klimaatrisico,entropy,Water & Klimaat
WK194918,0.08472922715036377,Water_En_Klimaatrisico,entropy,Water & Klimaat
BU19491800,0.1399479593443807,Water_En_Klimaatrisico,entropy,Water & Klimaat
BU19491801,0.11999152751276942,Water_En_Klimaatrisico,entropy,Water & Klimaat
BU19491802,0.11046594547696237,Water_En_Klimaatrisico,entropy,Water & Klimaat
BU19491803,0.12212418688759565,Water_En_Klimaatrisico,entropy,Water & Klimaat
BU19491804,0.13313026700354202,Water_En_Klimaatrisico,entropy,Water & Klimaat
WK194919,0.07416245633804744,Water_En_Klimaatrisico,entropy,Water & Klimaat
BU19491900,0.13623101667359375,Water_En_Klimaatrisico,entropy,Water & Klimaat
BU19491901,0.1420311337492991,Water_En_Klimaatrisico,entropy,Water & Klimaat
WK194920,0.06422865567874514,Water_En_Klimaatrisico,entropy,Water & Klimaat
BU19492000,0.20488849215142932,Water_En_Klimaatrisico,entropy,Water & Klimaat
BU19492001,0.14155926810870523,Water_En_Klimaatrisico,entropy,Water & Klimaat
WK194921,0.17855666329379655,Water_En_Klimaatrisico,entropy,Water & Klimaat
BU19492100,0.26681322407644514,Water_En_Klimaatrisico,entropy,Water & Klimaat
WK194922,0.18190636069150426,Water_En_Klimaatrisico,entropy,Water & Klimaat
BU19492200,0.1440687845593937,Water_En_Klimaatrisico,entropy,Water & Klimaat
WK194923,0.08099751771761272,Water_En_Klimaatrisico,entropy,Water & Klimaat
BU19492300,0.2144565101243305,Water_En_Klimaatrisico,entropy,Water & Klimaat
BU19492301,0.1216815248657205,Water_En_Klimaatrisico,entropy,Water & Klimaat
WK194924,0.0828407290671099,Water_En_Klimaatrisico,entropy,Water & Klimaat
BU19492400,0.17315949557924248,Water_En_Klimaatrisico,entropy,Water & Klimaat
BU19492401,0.11802141983551012,Water_En_Klimaatrisico,entropy,Water & Klimaat
WK194925,0.13398392107366974,Water_En_Klimaatrisico,entropy,Water & Klimaat
BU19492500,0.24490227865887215,Water_En_Klimaatrisico,entropy,Water & Klimaat
BU19492501,0.11863625152719756,Water_En_Klimaatrisico,entropy,Water & Klimaat
WK194926,0.067512018074638,Water_En_Klimaatrisico,entropy,Water & Klimaat
BU19492600,0.2188925303435998,Water_En_Klimaatrisico,entropy,Water & Klimaat
BU19492601,0.11462011951055118,Water_En_Klimaatrisico,entropy,Water & Klimaat
BU19492602,0.14473424260040324,Water_En_Klimaatrisico,entropy,Water & Klimaat
BU19492603,0.12727683535451179,Water_En_Klimaatrisico,entropy,Water & Klimaat
BU19492604,0.12614944686340554,Water_En_Klimaatrisico,entropy,Water & Klimaat
WK194927,0.20695211404897385,Water_En_Klimaatrisico,entropy,Water & Klimaat
BU19492700,0.19031405530405285,Water_En_Klimaatrisico,entropy,Water & Klimaat
WK194928,0.06466213937944669,Water_En_Klimaatrisico,entropy,Water & Klimaat
BU19492800,0.16389403986796075,Water_En_Klimaatrisico,entropy,Water & Klimaat
BU19492801,0.12058350885854209,Water_En_Klimaatrisico,entropy,Water & Klimaat
BU19492802,0.3131200487368359,Water_En_Klimaatrisico,entropy,Water & Klimaat
BU19492803,0.16274613804499438,Water_En_Klimaatrisico,entropy,Water & Klimaat
BU19492804,0.11603689539391257,Water_En_Klimaatrisico,entropy,Water & Klimaat
BU19492805,0.10511132301463778,Water_En_Klimaatrisico,entropy,Water & Klimaat
BU19492806,0.13778597971015685,Water_En_Klimaatrisico,entropy,Water & Klimaat
BU19492807,0.1311852513662734,Water_En_Klimaatrisico,entropy,Water & Klimaat
BU19492808,0.1410581478193677,Water_En_Klimaatrisico,entropy,Water & Klimaat
BU19492809,0.11906497157350364,Water_En_Klimaatrisico,entropy,Water & Klimaat
BU19492810,0.12563005135207916,Water_En_Klimaatrisico,entropy,Water & Klimaat
BU19492811,0.1338945940583957,Water_En_Klimaatrisico,entropy,Water & Klimaat
BU19492812,0.1311890767067082,Water_En_Klimaatrisico,entropy,Water & Klimaat
BU19492813,0.12524840074958732,Water_En_Klimaatrisico,entropy,Water & Klimaat
BU19492814,0.15666448221493967,Water_En_Klimaatrisico,entropy,Water & Klimaat
BU19492815,0.13044015751527785,Water_En_Klimaatrisico,entropy,Water & Klimaat
BU19492816,0.20412059045350972,Water_En_Klimaatrisico,entropy,Water & Klimaat
BU19492817,0.14428669756795579,Water_En_Klimaatrisico,entropy,Water & Klimaat
WK194929,0.1412814200585188,Water_En_Klimaatrisico,entropy,Water & Klimaat
BU19492900,0.08277450896130112,Water_En_Klimaatrisico,entropy,Water & Klimaat
WK194930,0.1762362247112313,Water_En_Klimaatrisico,entropy,Water & Klimaat
BU19493000,0.15545261436165342,Water_En_Klimaatrisico,entropy,Water & Klimaat
WK194931,0.0652241081520728,Water_En_Klimaatrisico,entropy,Water & Klimaat
BU19493100,0.1427995795590689,Water_En_Klimaatrisico,entropy,Water & Klimaat
BU19493101,0.19138342870882208,Water_En_Klimaatrisico,entropy,Water & Klimaat
WK194932,0.1111034794556732,Water_En_Klimaatrisico,entropy,Water & Klimaat
BU19493200,0.24083097144601395,Water_En_Klimaatrisico,entropy,Water & Klimaat
BU19493201,0.1749734222603314,Water_En_Klimaatrisico,entropy,Water & Klimaat
BU19493202,0.1359719772078304,Water_En_Klimaatrisico,entropy,Water & Klimaat
WK194933,0.20257983304615684,Water_En_Klimaatrisico,entropy,Water & Klimaat
BU19493300,0.11935852936124502,Water_En_Klimaatrisico,entropy,Water & Klimaat
WK194934,0.08169973479790528,Water_En_Klimaatrisico,entropy,Water & Klimaat
BU19493400,0.229435189142499,Water_En_Klimaatrisico,entropy,Water & Klimaat
BU19493401,0.2537324851891657,Water_En_Klimaatrisico,entropy,Water & Klimaat
WK194935,0.07980699352830073,Water_En_Klimaatrisico,entropy,Water & Klimaat
BU19493500,0.21264569670589753,Water_En_Klimaatrisico,entropy,Water & Klimaat
BU19493501,0.12939566994151697,Water_En_Klimaatrisico,entropy,Water & Klimaat
BU19493502,0.1263308052753251,Water_En_Klimaatrisico,entropy,Water & Klimaat
BU19493503,0.12274076478980478,Water_En_Klimaatrisico,entropy,Water & Klimaat
WK194936,0.06708012835191672,Water_En_Klimaatrisico,entropy,Water & Klimaat
BU19493600,0.19735838004397657,Water_En_Klimaatrisico,entropy,Water & Klimaat
BU19493601,0.12749330753028718,Water_En_Klimaatrisico,entropy,Water & Klimaat
BU19493602,0.13768073268868913,Water_En_Klimaatrisico,entropy,Water & Klimaat
BU19493603,0.11330422699039885,Water_En_Klimaatrisico,entropy,Water & Klimaat
WK194937,0.12314451313824962,Water_En_Klimaatrisico,entropy,Water & Klimaat
BU19493700,0.10087255671398306,Water_En_Klimaatrisico,entropy,Water & Klimaat
WK194938,0.07970514491108668,Water_En_Klimaatrisico,entropy,Water & Klimaat
BU19493800,0.09738497127668817,Water_En_Klimaatrisico,entropy,Water & Klimaat
BU19493801,0.14583992112926109,Water_En_Klimaatrisico,entropy,Water & Klimaat
WK194939,0.07692716593411311,Water_En_Klimaatrisico,entropy,Water & Klimaat
BU19493900,0.13649667039023275,Water_En_Klimaatrisico,entropy,Water & Klimaat
BU19493901,0.13093750961152112,Water_En_Klimaatrisico,entropy,Water & Klimaat
WK194940,0.16311729798824537,Water_En_Klimaatrisico,entropy,Water & Klimaat
BU19494000,0.14500439448140817,Water_En_Klimaatrisico,entropy,Water & Klimaat
WK194941,0.20211313409231985,Water_En_Klimaatrisico,entropy,Water & Klimaat
BU19494100,0.13787282101620585,Water_En_Klimaatrisico,entropy,Water & Klimaat
WK194942,0.09894075029767671,Water_En_Klimaatrisico,entropy,Water & Klimaat
BU19494200,0.21822648452170113,Water_En_Klimaatrisico,entropy,Water & Klimaat
BU19494201,0.17444706229620915,Water_En_Klimaatrisico,entropy,Water & Klimaat
WK194943,0.2337805337037796,Water_En_Klimaatrisico,entropy,Water & Klimaat
BU19494300,0.18877632216611276,Water_En_Klimaatrisico,entropy,Water & Klimaat
WK194944,0.06708012835191672,Water_En_Klimaatrisico,entropy,Water & Klimaat
BU19494400,0.18117672752358868,Water_En_Klimaatrisico,entropy,Water & Klimaat
BU19494401,0.13989563797079174,Water_En_Klimaatrisico,entropy,Water & Klimaat
BU19494402,0.10404992225656753,Water_En_Klimaatrisico,entropy,Water & Klimaat
BU19494403,0.31556154395854397,Water_En_Klimaatrisico,entropy,Water & Klimaat
WK194945,0.22722574216151364,Water_En_Klimaatrisico,entropy,Water & Klimaat
BU19494500,0.1423673338424718,Water_En_Klimaatrisico,entropy,Water & Klimaat
WK194946,0.1935358768856658,Water_En_Klimaatrisico,entropy,Water & Klimaat
BU19494600,0.14233630948564535,Water_En_Klimaatrisico,entropy,Water & Klimaat
WK194947,0.1508100342842811,Water_En_Klimaatrisico,entropy,Water & Klimaat
BU19494700,0.38275515096598245,Water_En_Klimaatrisico,entropy,Water & Klimaat
BU19494701,0.24256786797436403,Water_En_Klimaatrisico,entropy,Water & Klimaat
WK194948,0.06950598085141516,Water_En_Klimaatrisico,entropy,Water & Klimaat
BU19494800,0.19098254969641468,Water_En_Klimaatrisico,entropy,Water & Klimaat
BU19494801,0.14263118817311748,Water_En_Klimaatrisico,entropy,Water & Klimaat
WK194949,0.05994630590097978,Water_En_Klimaatrisico,entropy,Water & Klimaat
BU19494900,0.1861315288304647,Water_En_Klimaatrisico,entropy,Water & Klimaat
BU19494901,0.163618200584478,Water_En_Klimaatrisico,entropy,Water & Klimaat
BU19494902,0.15698538522085578,Water_En_Klimaatrisico,entropy,Water & Klimaat
WK194950,0.07818847252479343,Water_En_Klimaatrisico,entropy,Water & Klimaat
BU19495000,0.14543514542674824,Water_En_Klimaatrisico,entropy,Water & Klimaat
BU19495001,0.13229322477196515,Water_En_Klimaatrisico,entropy,Water & Klimaat
WK194951,0.16311729798824537,Water_En_Klimaatrisico,entropy,Water & Klimaat
BU19495100,0.23981076510481159,Water_En_Klimaatrisico,entropy,Water & Klimaat
WK194952,0.2055773494425548,Water_En_Klimaatrisico,entropy,Water & Klimaat
BU19495200,0.2147688216720029,Water_En_Klimaatrisico,entropy,Water & Klimaat
WK194953,0.078133921004918,Water_En_Klimaatrisico,entropy,Water & Klimaat
BU19495300,0.16510077427907013,Water_En_Klimaatrisico,entropy,Water & Klimaat
BU19495301,0.1419821178421003,Water_En_Klimaatrisico,entropy,Water & Klimaat
BU19495302,0.13273286738717832,Water_En_Klimaatrisico,entropy,Water & Klimaat
WK194954,0.07924436571692511,Water_En_Klimaatrisico,entropy,Water & Klimaat
BU19495400,0.23678266968858347,Water_En_Klimaatrisico,entropy,Water & Klimaat
BU19495401,0.20525455232842296,Water_En_Klimaatrisico,entropy,Water & Klimaat
WK194955,0.1999934243213593,Water_En_Klimaatrisico,entropy,Water & Klimaat
BU19495500,0.13547492105655354,Water_En_Klimaatrisico,entropy,Water & Klimaat
GM0098,0.06466213937944668,Water_En_Klimaatrisico,entropy,Water & Klimaat
WK009800,0.06466213937944669,Water_En_Klimaatrisico,entropy,Water & Klimaat
BU00980001,0.07898881746514431,Water_En_Klimaatrisico,entropy,Water & Klimaat
BU00980002,0.12060020794111512,Water_En_Klimaatrisico,entropy,Water & Klimaat
BU00980003,0.10801699413944686,Water_En_Klimaatrisico,entropy,Water & Klimaat
BU00980004,0.10127386732107972,Water_En_Klimaatrisico,entropy,Water & Klimaat
BU00980005,0.09920842535672575,Water_En_Klimaatrisico,entropy,Water & Klimaat
BU00980006,0.13595223405036597,Water_En_Klimaatrisico,entropy,Water & Klimaat
BU00980007,0.17946812688809627,Water_En_Klimaatrisico,entropy,Water & Klimaat
BU00980008,0.09938260029974041,Water_En_Klimaatrisico,entropy,Water & Klimaat
BU00980009,0.03607741216396431,Water_En_Klimaatrisico,entropy,Water & Klimaat
BU00980010,0.10998718018993375,Water_En_Klimaatrisico,entropy,Water & Klimaat
BU00980011,0.09632725699329436,Water_En_Klimaatrisico,entropy,Water & Klimaat
BU00980012,0.07123289679101419,Water_En_Klimaatrisico,entropy,Water & Klimaat
BU00980013,0.10284626239377977,Water_En_Klimaatrisico,entropy,Water & Klimaat
BU00980014,0.12210828682783531,Water_En_Klimaatrisico,entropy,Water & Klimaat
BU00980015,0.10085553458125263,Water_En_Klimaatrisico,entropy,Water & Klimaat
BU00980016,0.1328508162095369,Water_En_Klimaatrisico,entropy,Water & Klimaat
BU00980017,0.12158158901187943,Water_En_Klimaatrisico,entropy,Water & Klimaat
BU00980018,0.07371507934769786,Water_En_Klimaatrisico,entropy,Water & Klimaat
BU00980019,0.08600486210458812,Water_En_Klimaatrisico,entropy,Water & Klimaat
BU00980020,0.0756145983432131,Water_En_Klimaatrisico,entropy,Water & Klimaat
BU00980021,0.12492871847488118,Water_En_Klimaatrisico,entropy,Water & Klimaat
WK009801,0.1263117013440541,Water_En_Klimaatrisico,entropy,Water & Klimaat
BU00980101,0.08890079454992103,Water_En_Klimaatrisico,entropy,Water & Klimaat
BU00980102,0.1116643454103816,Water_En_Klimaatrisico,entropy,Water & Klimaat
BU00980103,0.11640151676271893,Water_En_Klimaatrisico,entropy,Water & Klimaat
BU00980104,0.09811646647911043,Water_En_Klimaatrisico,entropy,Water & Klimaat
WK009802,0.14656856871026083,Water_En_Klimaatrisico,entropy,Water & Klimaat
BU00980201,0.1275260454540726,Water_En_Klimaatrisico,entropy,Water & Klimaat
BU00980202,0.14319798362553937,Water_En_Klimaatrisico,entropy,Water & Klimaat
WK009803,0.07747407549780398,Water_En_Klimaatrisico,entropy,Water & Klimaat
BU00980301,0.1034160112199304,Water_En_Klimaatrisico,entropy,Water & Klimaat
BU00980302,0.1895598078063198,Water_En_Klimaatrisico,entropy,Water & Klimaat
BU00980303,0.1424859122925964,Water_En_Klimaatrisico,entropy,Water & Klimaat
BU00980304,0.12738653669481334,Water_En_Klimaatrisico,entropy,Water & Klimaat
BU00980305,0.11890194629433735,Water_En_Klimaatrisico,entropy,Water & Klimaat
WK009804,0.08355323181425951,Water_En_Klimaatrisico,entropy,Water & Klimaat
BU00980401,0.07509496621018322,Water_En_Klimaatrisico,entropy,Water & Klimaat
BU00980402,0.1446755055015222,Water_En_Klimaatrisico,entropy,Water & Klimaat
BU00980403,0.14888040583372328,Water_En_Klimaatrisico,entropy,Water & Klimaat
WK009805,0.07518672475563676,Water_En_Klimaatrisico,entropy,Water & Klimaat
BU00980501,0.07780377575087372,Water_En_Klimaatrisico,entropy,Water & Klimaat
BU00980502,0.09518530041494389,Water_En_Klimaatrisico,entropy,Water & Klimaat
WK009806,0.06800025609371226,Water_En_Klimaatrisico,entropy,Water & Klimaat
BU00980601,0.1380165773093607,Water_En_Klimaatrisico,entropy,Water & Klimaat
BU00980602,0.08461595376805281,Water_En_Klimaatrisico,entropy,Water & Klimaat
WK009807,0.06401495036392937,Water_En_Klimaatrisico,entropy,Water & Klimaat
BU00980701,0.0821169488593618,Water_En_Klimaatrisico,entropy,Water & Klimaat
BU00980702,0.09558610858315504,Water_En_Klimaatrisico,entropy,Water & Klimaat
WK009808,0.0728923535978995,Water_En_Klimaatrisico,entropy,Water & Klimaat
BU00980801,0.09109732237143782,Water_En_Klimaatrisico,entropy,Water & Klimaat
BU00980802,0.07519843155025659,Water_En_Klimaatrisico,entropy,Water & Klimaat
WK009809,0.08251860390776006,Water_En_Klimaatrisico,entropy,Water & Klimaat
BU00980901,0.14904110613328986,Water_En_Klimaatrisico,entropy,Water & Klimaat
BU00980902,0.04836975244416602,Water_En_Klimaatrisico,entropy,Water & Klimaat
BU00980903,0.08425167422359649,Water_En_Klimaatrisico,entropy,Water & Klimaat
WK009810,0.07165084426230059,Water_En_Klimaatrisico,entropy,Water & Klimaat
BU00981001,0.08684504221703891,Water_En_Klimaatrisico,entropy,Water & Klimaat
BU00981002,0.06702315490507531,Water_En_Klimaatrisico,entropy,Water & Klimaat
BU00981003,0.05698604141786384,Water_En_Klimaatrisico,entropy,Water & Klimaat
BU00981004,0.08106337712227778,Water_En_Klimaatrisico,entropy,Water & Klimaat
BU00981005,0.07334694848141023,Water_En_Klimaatrisico,entropy,Water & Klimaat
BU00981006,0.10229416873134413,Water_En_Klimaatrisico,entropy,Water & Klimaat
BU00981007,0.09998235264681668,Water_En_Klimaatrisico,entropy,Water & Klimaat
BU00981008,0.1283468245578635,Water_En_Klimaatrisico,entropy,Water & Klimaat
BU00981009,0.10651115905102038,Water_En_Klimaatrisico,entropy,Water & Klimaat
WK009811,0.07066570698052237,Water_En_Klimaatrisico,entropy,Water & Klimaat
BU00981101,0.12164278533716594,Water_En_Klimaatrisico,entropy,Water & Klimaat
BU00981102,0.11418633655407176,Water_En_Klimaatrisico,entropy,Water & Klimaat
WK009812,0.10358026124094791,Water_En_Klimaatrisico,entropy,Water & Klimaat
BU00981201,0.09935469407682465,Water_En_Klimaatrisico,entropy,Water & Klimaat
WK009813,0.08442390873984762,Water_En_Klimaatrisico,entropy,Water & Klimaat
BU00981301,0.06713510397235825,Water_En_Klimaatrisico,entropy,Water & Klimaat
BU00981302,0.09800521529364156,Water_En_Klimaatrisico,entropy,Water & Klimaat
WK009814,0.05563036134688314,Water_En_Klimaatrisico,entropy,Water & Klimaat
BU00981401,0.10985237888270252,Water_En_Klimaatrisico,entropy,Water & Klimaat
BU00981402,0.06216189729012094,Water_En_Klimaatrisico,entropy,Water & Klimaat
WK009815,0.07466902370521031,Water_En_Klimaatrisico,entropy,Water & Klimaat
BU00981501,0.15644959204474806,Water_En_Klimaatrisico,entropy,Water & Klimaat
BU00981502,0.06858821863148015,Water_En_Klimaatrisico,entropy,Water & Klimaat
GM0059,-0.20823509624285041,Water_En_Klimaatrisico,weighted_mean,Water & Klimaat
WK005900,-0.20823509624285033,Water_En_Klimaatrisico,weighted_mean,Water & Klimaat
BU00590000,-0.3636922988904066,Water_En_Klimaatrisico,weighted_mean,Water & Klimaat
BU00590001,-0.27938308249701077,Water_En_Klimaatrisico,weighted_mean,Water & Klimaat
BU00590002,-0.4686192096057731,Water_En_Klimaatrisico,weighted_mean,Water & Klimaat
BU00590003,-0.7741595977535771,Water_En_Klimaatrisico,weighted_mean,Water & Klimaat
BU00590004,-0.2296157669710162,Water_En_Klimaatrisico,weighted_mean,Water & Klimaat
BU00590005,-0.733611570467601,Water_En_Klimaatrisico,weighted_mean,Water & Klimaat
BU00590006,-0.6212219737265924,Water_En_Klimaatrisico,weighted_mean,Water & Klimaat
BU00590007,-0.46552710154481924,Water_En_Klimaatrisico,weighted_mean,Water & Klimaat
BU00590008,-0.5605028991573843,Water_En_Klimaatrisico,weighted_mean,Water & Klimaat
BU00590009,-0.7328757291347443,Water_En_Klimaatrisico,weighted_mean,Water & Klimaat
WK005901,-0.15581480683642107,Water_En_Klimaatrisico,weighted_mean,Water & Klimaat
BU00590100,-0.0024379048665357506,Water_En_Klimaatrisico,weighted_mean,Water & Klimaat
BU00590102,-0.25178714449396045,Water_En_Klimaatrisico,weighted_mean,Water & Klimaat
BU00590103,-0.3832009719923301,Water_En_Klimaatrisico,weighted_mean,Water & Klimaat
BU00590107,-0.5753287817550917,Water_En_Klimaatrisico,weighted_mean,Water & Klimaat
BU00590108,-0.6769585384520513,Water_En_Klimaatrisico,weighted_mean,Water & Klimaat
BU00590109,-0.8237296505671442,Water_En_Klimaatrisico,weighted_mean,Water & Klimaat
WK005902,-0.20823509624285041,Water_En_Klimaatrisico,weighted_mean,Water & Klimaat
BU00590200,-0.5018866760905991,Water_En_Klimaatrisico,weighted_mean,Water & Klimaat
BU00590201,0.06814004709615043,Water_En_Klimaatrisico,weighted_mean,Water & Klimaat
BU00590202,-0.364320548478538,Water_En_Klimaatrisico,weighted_mean,Water & Klimaat
BU00590203,-0.01899939914734019,Water_En_Klimaatrisico,weighted_mean,Water & Klimaat
BU00590206,-0.3357211434665613,Water_En_Klimaatrisico,weighted_mean,Water & Klimaat
BU00590207,-0.27019148308312874,Water_En_Klimaatrisico,weighted_mean,Water & Klimaat
BU00590208,-0.7875328269415971,Water_En_Klimaatrisico,weighted_mean,Water & Klimaat
BU00590209,-0.1926936786562029,Water_En_Klimaatrisico,weighted_mean,Water & Klimaat
GM0060,-0.13470887928996622,Water_En_Klimaatrisico,weighted_mean,Water & Klimaat
WK006000,-0.2787486247486759,Water_En_Klimaatrisico,weighted_mean,Water & Klimaat
BU00600000,-0.29144609140879807,Water_En_Klimaatrisico,weighted_mean,Water & Klimaat
BU00600001,-0.5815026317918974,Water_En_Klimaatrisico,weighted_mean,Water & Klimaat
BU00600002,0.008797493903245274,Water_En_Klimaatrisico,weighted_mean,Water & Klimaat
BU00600003,-0.5261814117676133,Water_En_Klimaatrisico,weighted_mean,Water & Klimaat
BU00600007,-0.12317642210114364,Water_En_Klimaatrisico,weighted_mean,Water & Klimaat
BU00600008,-0.6858538621208935,Water_En_Klimaatrisico,weighted_mean,Water & Klimaat
BU00600009,-0.5523472672560497,Water_En_Klimaatrisico,weighted_mean,Water & Klimaat
GM1891,-0.20823509624285041,Water_En_Klimaatrisico,weighted_mean,Water & Klimaat
WK189100,-0.22093745232533504,Water_En_Klimaatrisico,weighted_mean,Water & Klimaat
BU18910000,-0.24257331828275297,Water_En_Klimaatrisico,weighted_mean,Water & Klimaat
BU18910001,-0.3611809255881562,Water_En_Klimaatrisico,weighted_mean,Water & Klimaat
BU18910002,-0.3867390984956578,Water_En_Klimaatrisico,weighted_mean,Water & Klimaat
BU18910008,-0.3309074348934202,Water_En_Klimaatrisico,weighted_mean,Water & Klimaat
BU18910009,-0.4203671410784622,Water_En_Klimaatrisico,weighted_mean,Water & Klimaat
WK189101,-0.2610724565747884,Water_En_Klimaatrisico,weighted_mean,Water & Klimaat
BU18910100,-0.026959071766331708,Water_En_Klimaatrisico,weighted_mean,Water & Klimaat
BU18910101,-0.39411906474982533,Water_En_Klimaatrisico,weighted_mean,Water & Klimaat
BU18910108,-0.08241164892328753,Water_En_Klimaatrisico,weighted_mean,Water & Klimaat
BU18910109,-0.3933380853327908,Water_En_Klimaatrisico,weighted_mean,Water & Klimaat
WK189102,-0.19841788720724907,Water_En_Klimaatrisico,weighted_mean,Water & Klimaat
BU18910200,-0.27520991090205443,Water_En_Klimaatrisico,weighted_mean,Water & Klimaat
BU18910201,0.058447402672772486,Water_En_Klimaatrisico,weighted_mean,Water & Klimaat
BU18910202,-0.44566810683493097,Water_En_Klimaatrisico,weighted_mean,Water & Klimaat
BU18910208,-0.29268605233112005,Water_En_Klimaatrisico,weighted_mean,Water & Klimaat
BU18910209,-0.5420020403932558,Water_En_Klimaatrisico,weighted_mean,Water & Klimaat
WK189103,-0.09003856577370382,Water_En_Klimaatrisico,weighted_mean,Water & Klimaat
BU18910300,0.10601125437779943,Water_En_Klimaatrisico,weighted_mean,Water & Klimaat
BU18910301,0.04258927393876327,Water_En_Klimaatrisico,weighted_mean,Water & Klimaat
BU18910309,-0.2830946413030611,Water_En_Klimaatrisico,weighted_mean,Water & Klimaat
GM1940,-0.20823509624285033,Water_En_Klimaatrisico,weighted_mean,Water & Klimaat
WK194001,0.035305135753361125,Water_En_Klimaatrisico,weighted_mean,Water & Klimaat
BU19400101,-0.32605277737031446,Water_En_Klimaatrisico,weighted_mean,Water & Klimaat
WK194002,-0.02462455132173791,Water_En_Klimaatrisico,weighted_mean,Water & Klimaat
BU19400201,0.7710349308752125,Water_En_Klimaatrisico,weighted_mean,Water & Klimaat
WK194003,-0.061561572243788776,Water_En_Klimaatrisico,weighted_mean,Water & Klimaat
BU19400301,0.2545372563813344,Water_En_Klimaatrisico,weighted_mean,Water & Klimaat
WK194004,-0.2638206865673904,Water_En_Klimaatrisico,weighted_mean,Water & Klimaat
BU19400401,-0.09648467121990344,Water_En_Klimaatrisico,weighted_mean,Water & Klimaat
WK194005,-0.17393219166471693,Water_En_Klimaatrisico,weighted_mean,Water & Klimaat
BU19400501,-0.16939604811341874,Water_En_Klimaatrisico,weighted_mean,Water & Klimaat
WK194006,-0.2750197406919119,Water_En_Klimaatrisico,weighted_mean,Water & Klimaat
BU19400601,-0.3143284965339425,Water_En_Klimaatrisico,weighted_mean,Water & Klimaat
WK194007,-0.07701914299081236,Water_En_Klimaatrisico,weighted_mean,Water & Klimaat
BU19400701,-0.10904118848162392,Water_En_Klimaatrisico,weighted_mean,Water & Klimaat
BU19400702,0.25067623911047016,Water_En_Klimaatrisico,weighted_mean,Water & Klimaat
WK194008,0.15402013626646743,Water_En_Klimaatrisico,weighted_mean,Water & Klimaat
BU19400801,0.10647011244187521,Water_En_Klimaatrisico,weighted_mean,Water & Klimaat
WK194009,0.02911198881715231,Water_En_Klimaatrisico,weighted_mean,Water & Klimaat
BU19400901,-0.10682903562053278,Water_En_Klimaatrisico,weighted_mean,Water & Klimaat
WK194010,0.062108671264868354,Water_En_Klimaatrisico,weighted_mean,Water & Klimaat
BU19401001,-0.03856798294295739,Water_En_Klimaatrisico,weighted_mean,Water & Klimaat
WK194011,-0.5073271178085443,Water_En_Klimaatrisico,weighted_mean,Water & Klimaat
BU19401101,-0.19697582522890197,Water_En_Klimaatrisico,weighted_mean,Water & Klimaat
BU19401102,-0.2967497522904788,Water_En_Klimaatrisico,weighted_mean,Water & Klimaat
WK194012,0.09297943577840535,Water_En_Klimaatrisico,weighted_mean,Water & Klimaat
BU19401201,0.2450216964676136,Water_En_Klimaatrisico,weighted_mean,Water & Klimaat
WK194013,-0.2408519330435971,Water_En_Klimaatrisico,weighted_mean,Water & Klimaat
BU19401301,0.048738749921856,Water_En_Klimaatrisico,weighted_mean,Water & Klimaat
WK194014,-0.06803749650266636,Water_En_Klimaatrisico,weighted_mean,Water & Klimaat
BU19401401,0.4798930104114715,Water_En_Klimaatrisico,weighted_mean,Water & Klimaat
WK194015,0.15165475746644302,Water_En_Klimaatrisico,weighted_mean,Water & Klimaat
BU19401501,0.3093656133903772,Water_En_Klimaatrisico,weighted_mean,Water & Klimaat
WK194016,-0.5003270904202447,Water_En_Klimaatrisico,weighted_mean,Water & Klimaat
BU19401601,-0.3673195835467555,Water_En_Klimaatrisico,weighted_mean,Water & Klimaat
WK194017,-0.4165577252250478,Water_En_Klimaatrisico,weighted_mean,Water & Klimaat
BU19401701,-0.725782398830601,Water_En_Klimaatrisico,weighted_mean,Water & Klimaat
WK194018,-0.1667170563667346,Water_En_Klimaatrisico,weighted_mean,Water & Klimaat
BU19401801,-0.0034154908379017412,Water_En_Klimaatrisico,weighted_mean,Water & Klimaat
WK194019,-0.20823509624285033,Water_En_Klimaatrisico,weighted_mean,Water & Klimaat
BU19401901,-0.3604530967265832,Water_En_Klimaatrisico,weighted_mean,Water & Klimaat
BU19401902,-0.7640386543079699,Water_En_Klimaatrisico,weighted_mean,Water & Klimaat
BU19401903,-0.18422655791217157,Water_En_Klimaatrisico,weighted_mean,Water & Klimaat
BU19401904,0.11054963603225981,Water_En_Klimaatrisico,weighted_mean,Water & Klimaat
BU19401905,-0.2797977496862073,Water_En_Klimaatrisico,weighted_mean,Water & Klimaat
BU19401906,-0.019170987990985794,Water_En_Klimaatrisico,weighted_mean,Water & Klimaat
BU19401907,-0.0762131065934192,Water_En_Klimaatrisico,weighted_mean,Water & Klimaat
BU19401908,-0.13616922501524842,Water_En_Klimaatrisico,weighted_mean,Water & Klimaat
BU19401909,-0.5360492585831935,Water_En_Klimaatrisico,weighted_mean,Water & Klimaat
BU19401910,-0.3418469769363492,Water_En_Klimaatrisico,weighted_mean,Water & Klimaat
WK194020,0.15328058955588908,Water_En_Klimaatrisico,weighted_mean,Water & Klimaat
BU19402001,0.10277237888898381,Water_En_Klimaatrisico,weighted_mean,Water & Klimaat
WK194021,-0.1586677111575501,Water_En_Klimaatrisico,weighted_mean,Water & Klimaat
BU19402101,-0.21275817280734238,Water_En_Klimaatrisico,weighted_mean,Water & Klimaat
WK194022,0.2591892265627203,Water_En_Klimaatrisico,weighted_mean,Water & Klimaat
BU19402201,-0.42315920983212674,Water_En_Klimaatrisico,weighted_mean,Water & Klimaat
WK194023,-0.20823509624285041,Water_En_Klimaatrisico,weighted_mean,Water & Klimaat
BU19402301,-0.2517850476638974,Water_En_Klimaatrisico,weighted_mean,Water & Klimaat
BU19402302,0.7310452367149474,Water_En_Klimaatrisico,weighted_mean,Water & Klimaat
BU19402303,1.6129213014346884,Water_En_Klimaatrisico,weighted_mean,Water & Klimaat
BU19402304,0.7362600206826018,Water_En_Klimaatrisico,weighted_mean,Water & Klimaat
BU19402305,0.1203535080750507,Water_En_Klimaatrisico,weighted_mean,Water & Klimaat
BU19402306,1.2637650758208185,Water_En_Klimaatrisico,weighted_mean,Water & Klimaat
BU19402307,0.24094547181637163,Water_En_Klimaatrisico,weighted_mean,Water & Klimaat
BU19402308,0.4161674604474723,Water_En_Klimaatrisico,weighted_mean,Water & Klimaat
WK194024,-0.03651370787707394,Water_En_Klimaatrisico,weighted_mean,Water & Klimaat
BU19402401,0.7602112349697123,Water_En_Klimaatrisico,weighted_mean,Water & Klimaat
WK194025,-0.09928886153808524,Water_En_Klimaatrisico,weighted_mean,Water & Klimaat
BU19402501,-0.5484209676753111,Water_En_Klimaatrisico,weighted_mean,Water & Klimaat
WK194026,-0.4694198097288002,Water_En_Klimaatrisico,weighted_mean,Water & Klimaat
BU19402601,-0.17982880414553196,Water_En_Klimaatrisico,weighted_mean,Water & Klimaat
WK194027,0.07669572571087052,Water_En_Klimaatrisico,weighted_mean,Water & Klimaat
BU19402701,0.3299856460024767,Water_En_Klimaatrisico,weighted_mean,Water & Klimaat
WK194028,-0.4650114870124609,Water_En_Klimaatrisico,weighted_mean,Water & Klimaat
BU19402801,0.37907638644068636,Water_En_Klimaatrisico,weighted_mean,Water & Klimaat
BU19402802,-0.38543726984997007,Water_En_Klimaatrisico,weighted_mean,Water & Klimaat
WK194029,-0.30720194838437037,Water_En_Klimaatrisico,weighted_mean,Water & Klimaat
BU19402901,-0.5903064645886738,Water_En_Klimaatrisico,weighted_mean,Water & Klimaat
WK194030,-0.47428706130282244,Water_En_Klimaatrisico,weighted_mean,Water & Klimaat
BU19403001,-0.5542303625447593,Water_En_Klimaatrisico,weighted_mean,Water & Klimaat
WK194031,-0.20730188648037054,Water_En_Klimaatrisico,weighted_mean,Water & Klimaat
BU19403101,1.0288991028450027,Water_En_Klimaatrisico,weighted_mean,Water & Klimaat
WK194032,-0.2819922127590256,Water_En_Klimaatrisico,weighted_mean,Water & Klimaat
BU19403201,-0.5595049113832593,Water_En_Klimaatrisico,weighted_mean,Water & Klimaat
WK194033,0.035074978932732495,Water_En_Klimaatrisico,weighted_mean,Water & Klimaat
BU19403301,-0.5965895658832167,Water_En_Klimaatrisico,weighted_mean,Water & Klimaat
WK194034,0.10533444482094771,Water_En_Klimaatrisico,weighted_mean,Water & Klimaat
BU19403401,0.7463430319176754,Water_En_Klimaatrisico,weighted_mean,Water & Klimaat
WK194035,-0.0629382154393395,Water_En_Klimaatrisico,weighted_mean,Water & Klimaat
BU19403501,-0.048451377958679404,Water_En_Klimaatrisico,weighted_mean,Water & Klimaat
WK194036,-0.2981118992346621,Water_En_Klimaatrisico,weighted_mean,Water & Klimaat
BU19403601,-0.5602764667529719,Water_En_Klimaatrisico,weighted_mean,Water & Klimaat
WK194037,-0.4317641095695091,Water_En_Klimaatrisico,weighted_mean,Water & Klimaat
BU19403701,-0.4941110113435745,Water_En_Klimaatrisico,weighted_mean,Water & Klimaat
WK194038,-0.4310904356517579,Water_En_Klimaatrisico,weighted_mean,Water & Klimaat
BU19403801,-0.733033044770327,Water_En_Klimaatrisico,weighted_mean,Water & Klimaat
WK194039,-0.08468244922710348,Water_En_Klimaatrisico,weighted_mean,Water & Klimaat
BU19403901,-0.3218332729461739,Water_En_Klimaatrisico,weighted_mean,Water & Klimaat
WK194040,-0.4310904356517579,Water_En_Klimaatrisico,weighted_mean,Water & Klimaat
BU19404001,-0.5011406950168497,Water_En_Klimaatrisico,weighted_mean,Water & Klimaat
WK194041,-0.30220453443753736,Water_En_Klimaatrisico,weighted_mean,Water & Klimaat
BU19404101,-0.2822563583481672,Water_En_Klimaatrisico,weighted_mean,Water & Klimaat
WK194042,-0.5112028697072919,Water_En_Klimaatrisico,weighted_mean,Water & Klimaat
BU19404201,-0.6356762906739557,Water_En_Klimaatrisico,weighted_mean,Water & Klimaat
WK194043,0.005585875005189488,Water_En_Klimaatrisico,weighted_mean,Water & Klimaat
BU19404301,0.526156555995267,Water_En_Klimaatrisico,weighted_mean,Water & Klimaat
WK194044,-0.194159452619894,Water_En_Klimaatrisico,weighted_mean,Water & Klimaat
BU19404401,-0.4735851384281433,Water_En_Klimaatrisico,weighted_mean,Water & Klimaat
WK194045,-0.5140828215433315,Water_En_Klimaatrisico,weighted_mean,Water & Klimaat
BU19404501,-0.30565879966803516,Water_En_Klimaatrisico,weighted_mean,Water & Klimaat
WK194046,-0.25414708293147614,Water_En_Klimaatrisico,weighted_mean,Water & Klimaat
BU19404601,-0.2136259000296784,Water_En_Klimaatrisico,weighted_mean,Water & Klimaat
WK194047,-0.29808366961482274,Water_En_Klimaatrisico,weighted_mean,Water & Klimaat
BU19404701,-0.24250674918847795,Water_En_Klimaatrisico,weighted_mean,Water & Klimaat
WK194048,0.23757756747493824,Water_En_Klimaatrisico,weighted_mean,Water & Klimaat
BU19404801,0.3529477424962931,Water_En_Klimaatrisico,weighted_mean,Water & Klimaat
WK194049,-0.40440560882513044,Water_En_Klimaatrisico,weighted_mean,Water & Klimaat
BU19404901,-0.04439285389489711,Water_En_Klimaatrisico,weighted_mean,Water & Klimaat
WK194050,-0.4637083560645577,Water_En_Klimaatrisico,weighted_mean,Water & Klimaat
BU19405001,-0.669352781615115,Water_En_Klimaatrisico,weighted_mean,Water & Klimaat
WK194051,-0.3462129869761766,Water_En_Klimaatrisico,weighted_mean,Water & Klimaat
BU19405101,-0.11200621853028099,Water_En_Klimaatrisico,weighted_mean,Water & Klimaat
GM0072,-0.15637242468128118,Water_En_Klimaatrisico,weighted_mean,Water & Klimaat
WK007200,-0.20823509624285041,Water_En_Klimaatrisico,weighted_mean,Water & Klimaat
BU00720001,0.4919742295811048,Water_En_Klimaatrisico,weighted_mean,Water & Klimaat
BU00720002,0.30475196297963275,Water_En_Klimaatrisico,weighted_mean,Water & Klimaat
BU00720003,-0.15329502150057858,Water_En_Klimaatrisico,weighted_mean,Water & Klimaat
BU00720004,-0.07294364276416679,Water_En_Klimaatrisico,weighted_mean,Water & Klimaat
BU00720005,0.45755060546900006,Water_En_Klimaatrisico,weighted_mean,Water & Klimaat
BU00720006,3.944312654277611,Water_En_Klimaatrisico,weighted_mean,Water & Klimaat
BU00720007,4.221981298077385,Water_En_Klimaatrisico,weighted_mean,Water & Klimaat
BU00720009,0.09051049533835859,Water_En_Klimaatrisico,weighted_mean,Water & Klimaat
WK007201,-0.09371867034831283,Water_En_Klimaatrisico,weighted_mean,Water & Klimaat
BU00720100,0.7253166125445606,Water_En_Klimaatrisico,weighted_mean,Water & Klimaat
BU00720109,0.3226487921631308,Water_En_Klimaatrisico,weighted_mean,Water & Klimaat
WK007202,-0.4183933188479253,Water_En_Klimaatrisico,weighted_mean,Water & Klimaat
BU00720200,0.10211630573046886,Water_En_Klimaatrisico,weighted_mean,Water & Klimaat
BU00720209,0.48981025415451185,Water_En_Klimaatrisico,weighted_mean,Water & Klimaat
GM0074,-0.20823509624285033,Water_En_Klimaatrisico,weighted_mean,Water & Klimaat
WK007401,-0.20823509624285033,Water_En_Klimaatrisico,weighted_mean,Water & Klimaat
BU00740100,-0.09919274267876899,Water_En_Klimaatrisico,weighted_mean,Water & Klimaat
BU00740101,-0.10558863229307816,Water_En_Klimaatrisico,weighted_mean,Water & Klimaat
BU00740102,-0.29932110742792994,Water_En_Klimaatrisico,weighted_mean,Water & Klimaat
BU00740103,0.05481498544724894,Water_En_Klimaatrisico,weighted_mean,Water & Klimaat
BU00740104,-0.29165936346076016,Water_En_Klimaatrisico,weighted_mean,Water & Klimaat
BU00740105,0.1585064592200352,Water_En_Klimaatrisico,weighted_mean,Water & Klimaat
BU00740106,-0.05868818560603961,Water_En_Klimaatrisico,weighted_mean,Water & Klimaat
BU00740107,-0.47120627000400156,Water_En_Klimaatrisico,weighted_mean,Water & Klimaat
BU00740108,-0.588818165072634,Water_En_Klimaatrisico,weighted_mean,Water & Klimaat
BU00740109,-0.18317459625206356,Water_En_Klimaatrisico,weighted_mean,Water & Klimaat
BU00740110,0.9088995875486933,Water_En_Klimaatrisico,weighted_mean,Water & Klimaat
WK007402,-0.3174135552594863,Water_En_Klimaatrisico,weighted_mean,Water & Klimaat
BU00740201,-0.36945068074790544,Water_En_Klimaatrisico,weighted_mean,Water & Klimaat
BU00740202,-0.16195256355491955,Water_En_Klimaatrisico,weighted_mean,Water & Klimaat
BU00740203,-0.3914387631385579,Water_En_Klimaatrisico,weighted_mean,Water & Klimaat
BU00740204,-0.40336018192872974,Water_En_Klimaatrisico,weighted_mean,Water & Klimaat
BU00740205,-0.29960712731925654,Water_En_Klimaatrisico,weighted_mean,Water & Klimaat
WK007403,-0.4742870613028225,Water_En_Klimaatrisico,weighted_mean,Water & Klimaat
BU00740301,-0.5567480352482717,Water_En_Klimaatrisico,weighted_mean,Water & Klimaat
BU00740302,-0.04992537215997845,Water_En_Klimaatrisico,weighted_mean,Water & Klimaat
WK007404,-0.19841788720724907,Water_En_Klimaatrisico,weighted_mean,Water & Klimaat
BU00740401,0.04450217709911353,Water_En_Klimaatrisico,weighted_mean,Water & Klimaat
BU00740402,-0.09229543830512266,Water_En_Klimaatrisico,weighted_mean,Water & Klimaat
BU00740403,-0.35245576993936223,Water_En_Klimaatrisico,weighted_mean,Water & Klimaat
BU00740404,-0.3407732199644646,Water_En_Klimaatrisico,weighted_mean,Water & Klimaat
BU00740405,-0.4049955455628005,Water_En_Klimaatrisico,weighted_mean,Water & Klimaat
BU00740406,-0.6683378840143911,Water_En_Klimaatrisico,weighted_mean,Water & Klimaat
BU00740407,-0.34142182641129426,Water_En_Klimaatrisico,weighted_mean,Water & Klimaat
WK007406,-0.3167785011615933,Water_En_Klimaatrisico,weighted_mean,Water & Klimaat
BU00740601,-0.2792660123093686,Water_En_Klimaatrisico,weighted_mean,Water & Klimaat
WK007407,-0.4694198097288002,Water_En_Klimaatrisico,weighted_mean,Water & Klimaat
BU00740701,-0.294136263197485,Water_En_Klimaatrisico,weighted_mean,Water & Klimaat
BU00740702,0.11419871875472357,Water_En_Klimaatrisico,weighted_mean,Water & Klimaat
WK007409,-0.3810320538951748,Water_En_Klimaatrisico,weighted_mean,Water & Klimaat
BU00740901,-0.4037379166231245,Water_En_Klimaatrisico,weighted_mean,Water & Klimaat
BU00740902,-0.5994160895239222,Water_En_Klimaatrisico,weighted_mean,Water & Klimaat
BU00740903,0.06596728511662367,Water_En_Klimaatrisico,weighted_mean,Water & Klimaat
GM0080,-0.14603423022017356,Water_En_Klimaatrisico,weighted_mean,Water & Klimaat
WK008010,-0.10755152882475251,Water_En_Klimaatrisico,weighted_mean,Water & Klimaat
BU00801001,4.04569457021446,Water_En_Klimaatrisico,weighted_mean,Water & Klimaat
BU00801002,3.078037605520001,Water_En_Klimaatrisico,weighted_mean,Water & Klimaat
BU00801003,3.3857871560800357,Water_En_Klimaatrisico,weighted_mean,Water & Klimaat
BU00801004,2.8360559124240305,Water_En_Klimaatrisico,weighted_mean,Water & Klimaat
BU00801005,2.953056912565028,Water_En_Klimaatrisico,weighted_mean,Water & Klimaat
BU00801006,2.0078014472033883,Water_En_Klimaatrisico,weighted_mean,Water & Klimaat
BU00801007,1.7230929056268005,Water_En_Klimaatrisico,weighted_mean,Water & Klimaat
BU00801008,1.6528149667105239,Water_En_Klimaatrisico,weighted_mean,Water & Klimaat
WK008011,-0.20823509624285033,Water_En_Klimaatrisico,weighted_mean,Water & Klimaat
BU00801101,1.3586844843662058,Water_En_Klimaatrisico,weighted_mean,Water & Klimaat
BU00801102,0.9477224242456829,Water_En_Klimaatrisico,weighted_mean,Water & Klimaat
BU00801103,0.4322323019443376,Water_En_Klimaatrisico,weighted_mean,Water & Klimaat
BU00801104,-0.11568482357337512,Water_En_Klimaatrisico,weighted_mean,Water & Klimaat
BU00801105,-0.25170747745889965,Water_En_Klimaatrisico,weighted_mean,Water & Klimaat
BU00801106,0.2265581604552923,Water_En_Klimaatrisico,weighted_mean,Water & Klimaat
BU00801107,0.4136600620512676,Water_En_Klimaatrisico,weighted_mean,Water & Klimaat
BU00801108,0.300142358149209,Water_En_Klimaatrisico,weighted_mean,Water & Klimaat
BU00801109,0.33676840400626,Water_En_Klimaatrisico,weighted_mean,Water & Klimaat
WK008020,-0.1460342302201736,Water_En_Klimaatrisico,weighted_mean,Water & Klimaat
BU00802001,0.45983460047688335,Water_En_Klimaatrisico,weighted_mean,Water & Klimaat
BU00802002,0.2677365091254226,Water_En_Klimaatrisico,weighted_mean,Water & Klimaat
BU00802003,0.27824110151937836,Water_En_Klimaatrisico,weighted_mean,Water & Klimaat
BU00802004,-0.10529470870064594,Water_En_Klimaatrisico,weighted_mean,Water & Klimaat
BU00802005,-0.5868494839967109,Water_En_Klimaatrisico,weighted_mean,Water & Klimaat
BU00802006,0.8628718570661675,Water_En_Klimaatrisico,weighted_mean,Water & Klimaat
BU00802007,0.48429517648766496,Water_En_Klimaatrisico,weighted_mean,Water & Klimaat
BU00802008,1.0219693030786818,Water_En_Klimaatrisico,weighted_mean,Water & Klimaat
BU00802009,0.7129730587815253,Water_En_Klimaatrisico,weighted_mean,Water & Klimaat
WK008030,-0.14603423022017345,Water_En_Klimaatrisico,weighted_mean,Water & Klimaat
BU00803001,1.051682998381495,Water_En_Klimaatrisico,weighted_mean,Water & Klimaat
BU00803002,-0.22256536966857657,Water_En_Klimaatrisico,weighted_mean,Water & Klimaat
BU00803003,0.15948376047185434,Water_En_Klimaatrisico,weighted_mean,Water & Klimaat
BU00803004,0.4259722092441293,Water_En_Klimaatrisico,weighted_mean,Water & Klimaat
BU00803005,0.4118260429658991,Water_En_Klimaatrisico,weighted_mean,Water & Klimaat
BU00803006,-0.13621733189124965,Water_En_Klimaatrisico,weighted_mean,Water & Klimaat
BU00803007,0.37745318969013475,Water_En_Klimaatrisico,weighted_mean,Water & Klimaat
WK008031,-0.09444047171919079,Water_En_Klimaatrisico,weighted_mean,Water & Klimaat
BU00803101,-0.09720695995182246,Water_En_Klimaatrisico,weighted_mean,Water & Klimaat
BU00803102,-0.22437184053153622,Water_En_Klimaatrisico,weighted_mean,Water & Klimaat
WK008032,-0.2321885182321849,Water_En_Klimaatrisico,weighted_mean,Water & Klimaat
BU00803201,0.37698234772349704,Water_En_Klimaatrisico,weighted_mean,Water & Klimaat
BU00803202,-0.1227106063132738,Water_En_Klimaatrisico,weighted_mean,Water & Klimaat
BU00803203,0.3189809993014201,Water_En_Klimaatrisico,weighted_mean,Water & Klimaat
BU00803204,-0.29969601082942,Water_En_Klimaatrisico,weighted_mean,Water & Klimaat
WK008040,-0.07322086042573123,Water_En_Klimaatrisico,weighted_mean,Water & Klimaat
BU00804001,0.6861404165126027,Water_En_Klimaatrisico,weighted_mean,Water & Klimaat
BU00804002,0.6274295576363826,Water_En_Klimaatrisico,weighted_mean,Water & Klimaat
BU00804003,0.023324296732027294,Water_En_Klimaatrisico,weighted_mean,Water & Klimaat
BU00804004,-0.011601347755288344,Water_En_Klimaatrisico,weighted_mean,Water & Klimaat
WK008041,-0.07420206507195498,Water_En_Klimaatrisico,weighted_mean,Water & Klimaat
BU00804101,-0.06860463469483047,Water_En_Klimaatrisico,weighted_mean,Water & Klimaat
BU00804102,-0.05821946565503608,Water_En_Klimaatrisico,weighted_mean,Water & Klimaat
BU00804103,-0.1504019602919477,Water_En_Klimaatrisico,weighted_mean,Water & Klimaat
BU00804104,0.23600228245935592,Water_En_Klimaatrisico,weighted_mean,Water & Klimaat
BU00804105,0.04947024031857057,Water_En_Klimaatrisico,weighted_mean,Water & Klimaat
BU00804106,-0.3442158245371154,Water_En_Klimaatrisico,weighted_mean,Water & Klimaat
BU00804107,-0.167620301686769,Water_En_Klimaatrisico,weighted_mean,Water & Klimaat
BU00804108,0.6670505268326281,Water_En_Klimaatrisico,weighted_mean,Water & Klimaat
BU00804109,-0.14110032599102895,Water_En_Klimaatrisico,weighted_mean,Water & Klimaat
BU00804110,0.38514065203775893,Water_En_Klimaatrisico,weighted_mean,Water & Klimaat
WK008050,-0.13259777913901455,Water_En_Klimaatrisico,weighted_mean,Water & Klimaat
BU00805001,-0.10029579000159106,Water_En_Klimaatrisico,weighted_mean,Water & Klimaat
BU00805002,-0.0660893801922767,Water_En_Klimaatrisico,weighted_mean,Water & Klimaat
BU00805003,-0.0013720748396797156,Water_En_Klimaatrisico,weighted_mean,Water & Klimaat
WK008051,-0.20823509624285041,Water_En_Klimaatrisico,weighted_mean,Water & Klimaat
BU00805101,-0.18376542998915213,Water_En_Klimaatrisico,weighted_mean,Water & Klimaat
BU00805102,-0.20808842010999867,Water_En_Klimaatrisico,weighted_mean,Water & Klimaat
BU00805103,-0.18273044158350193,Water_En_Klimaatrisico,weighted_mean,Water & Klimaat
BU00805104,-0.19744331292356593,Water_En_Klimaatrisico,weighted_mean,Water & Klimaat
BU00805105,0.04404660063448994,Water_En_Klimaatrisico,weighted_mean,Water & Klimaat
WK008060,-0.26133973324909426,Water_En_Klimaatrisico,weighted_mean,Water & Klimaat
BU00806001,-0.19088234597721493,Water_En_Klimaatrisico,weighted_mean,Water & Klimaat
BU00806002,0.07746044922115777,Water_En_Klimaatrisico,weighted_mean,Water & Klimaat
BU00806003,0.12841199391108127,Water_En_Klimaatrisico,weighted_mean,Water & Klimaat
WK008061,-0.08078500881193054,Water_En_Klimaatrisico,weighted_mean,Water & Klimaat
BU00806101,-0.14876735396790153,Water_En_Klimaatrisico,weighted_mean,Water & Klimaat
BU00806102,-0.07811795056860404,Water_En_Klimaatrisico,weighted_mean,Water & Klimaat
WK008062,-0.3278731698657753,Water_En_Klimaatrisico,weighted_mean,Water & Klimaat
BU00806201,0.04970678616354918,Water_En_Klimaatrisico,weighted_mean,Water & Klimaat
BU00806202,0.5710150383404959,Water_En_Klimaatrisico,weighted_mean,Water & Klimaat
BU00806203,-0.09647230628934444,Water_En_Klimaatrisico,weighted_mean,Water & Klimaat
BU00806204,-0.12679337158168869,Water_En_Klimaatrisico,weighted_mean,Water & Klimaat
BU00806205,1.1631685990400285,Water_En_Klimaatrisico,weighted_mean,Water & Klimaat
BU00806206,0.9110123591684814,Water_En_Klimaatrisico,weighted_mean,Water & Klimaat
BU00806207,0.24212231095046538,Water_En_Klimaatrisico,weighted_mean,Water & Klimaat
BU00806208,0.7205329638592616,Water_En_Klimaatrisico,weighted_mean,Water & Klimaat
BU00806209,0.3197904611081672,Water_En_Klimaatrisico,weighted_mean,Water & Klimaat
BU00806210,0.46415539777474935,Water_En_Klimaatrisico,weighted_mean,Water & Klimaat
WK008063,-0.19841788720724907,Water_En_Klimaatrisico,weighted_mean,Water & Klimaat
BU00806301,-0.11951380512843592,Water_En_Klimaatrisico,weighted_mean,Water & Klimaat
BU00806302,0.2632686395742993,Water_En_Klimaatrisico,weighted_mean,Water & Klimaat
BU00806303,0.5684347750160683,Water_En_Klimaatrisico,weighted_mean,Water & Klimaat
BU00806304,0.8981907750069247,Water_En_Klimaatrisico,weighted_mean,Water & Klimaat
BU00806305,0.8215423943603454,Water_En_Klimaatrisico,weighted_mean,Water & Klimaat
BU00806306,0.5295147586219142,Water_En_Klimaatrisico,weighted_mean,Water & Klimaat
BU00806307,0.7786635774035416,Water_En_Klimaatrisico,weighted_mean,Water & Klimaat
WK008070,-0.23075466136093645,Water_En_Klimaatrisico,weighted_mean,Water & Klimaat
BU00807001,-0.09426189456064915,Water_En_Klimaatrisico,weighted_mean,Water & Klimaat
BU00807002,0.22724536397613987,Water_En_Klimaatrisico,weighted_mean,Water & Klimaat
BU00807003,0.1485653221402065,Water_En_Klimaatrisico,weighted_mean,Water & Klimaat
BU00807004,-0.019763940035282736,Water_En_Klimaatrisico,weighted_mean,Water & Klimaat
WK008071,-0.11028144359874924,Water_En_Klimaatrisico,weighted_mean,Water & Klimaat
BU00807101,-0.05823308651562367,Water_En_Klimaatrisico,weighted_mean,Water & Klimaat
WK008072,-0.24027411531847223,Water_En_Klimaatrisico,weighted_mean,Water & Klimaat
BU00807201,-0.2903917770922264,Water_En_Klimaatrisico,weighted_mean,Water & Klimaat
BU00807202,-0.22543000984659742,Water_En_Klimaatrisico,weighted_mean,Water & Klimaat
BU00807203,-0.01670159828906416,Water_En_Klimaatrisico,weighted_mean,Water & Klimaat
WK008073,0.05812316185165931,Water_En_Klimaatrisico,weighted_mean,Water & Klimaat
BU00807301,-0.5265528224912974,Water_En_Klimaatrisico,weighted_mean,Water & Klimaat
BU00807302,-0.18170471357449058,Water_En_Klimaatrisico,weighted_mean,Water & Klimaat
BU00807303,0.5140546144483752,Water_En_Klimaatrisico,weighted_mean,Water & Klimaat
BU00807304,-0.29235915324572903,Water_En_Klimaatrisico,weighted_mean,Water & Klimaat
BU00807305,-0.36194120776269223,Water_En_Klimaatrisico,weighted_mean,Water & Klimaat
BU00807306,0.960937948008033,Water_En_Klimaatrisico,weighted_mean,Water & Klimaat
WK008074,0.03186514934501347,Water_En_Klimaatrisico,weighted_mean,Water & Klimaat
BU00807401,-0.03092912750597862,Water_En_Klimaatrisico,weighted_mean,Water & Klimaat
BU00807402,-0.050132197597439865,Water_En_Klimaatrisico,weighted_mean,Water & Klimaat
BU00807403,0.9409345608959265,Water_En_Klimaatrisico,weighted_mean,Water & Klimaat
BU00807404,0.03513806053393702,Water_En_Klimaatrisico,weighted_mean,Water & Klimaat
BU00807405,-0.12089229671836124,Water_En_Klimaatrisico,weighted_mean,Water & Klimaat
WK008080,-0.38664861847780363,Water_En_Klimaatrisico,weighted_mean,Water & Klimaat
BU00808001,-0.13590937849612333,Water_En_Klimaatrisico,weighted_mean,Water & Klimaat
BU00808002,0.10197076575534743,Water_En_Klimaatrisico,weighted_mean,Water & Klimaat
BU00808003,-0.12030939484709154,Water_En_Klimaatrisico,weighted_mean,Water & Klimaat
BU00808004,-0.06130074497481806,Water_En_Klimaatrisico,weighted_mean,Water & Klimaat
BU00808005,0.23516229659972335,Water_En_Klimaatrisico,weighted_mean,Water & Klimaat
BU00808006,-0.1362405185312436,Water_En_Klimaatrisico,weighted_mean,Water & Klimaat
BU00808007,0.03255597990001394,Water_En_Klimaatrisico,weighted_mean,Water & Klimaat
BU00808008,-0.21678812103917877,Water_En_Klimaatrisico,weighted_mean,Water & Klimaat
WK008081,-0.27874862474867584,Water_En_Klimaatrisico,weighted_mean,Water & Klimaat
BU00808101,0.013575046794963075,Water_En_Klimaatrisico,weighted_mean,Water & Klimaat
BU00808102,0.03521585686924933,Water_En_Klimaatrisico,weighted_mean,Water & Klimaat
BU00808103,0.2871918237794297,Water_En_Klimaatrisico,weighted_mean,Water & Klimaat
BU00808104,0.715883993261694,Water_En_Klimaatrisico,weighted_mean,Water & Klimaat
BU00808105,0.12150243602420877,Water_En_Klimaatrisico,weighted_mean,Water & Klimaat
BU00808106,0.16037433822673958,Water_En_Klimaatrisico,weighted_mean,Water & Klimaat
BU00808107,0.24394019148163576,Water_En_Klimaatrisico,weighted_mean,Water & Klimaat
BU00808108,0.22331826012044845,Water_En_Klimaatrisico,weighted_mean,Water & Klimaat
BU00808109,0.047488779848156526,Water_En_Klimaatrisico,weighted_mean,Water & Klimaat
BU00808110,0.3932788216566867,Water_En_Klimaatrisico,weighted_mean,Water & Klimaat
BU00808111,0.18837547057512316,Water_En_Klimaatrisico,weighted_mean,Water & Klimaat
BU00808112,0.43543382815855025,Water_En_Klimaatrisico,weighted_mean,Water & Klimaat
BU00808113,0.44720734824693453,Water_En_Klimaatrisico,weighted_mean,Water & Klimaat
BU00808114,0.16932003661148892,Water_En_Klimaatrisico,weighted_mean,Water & Klimaat
BU00808115,0.2731430821656208,Water_En_Klimaatrisico,weighted_mean,Water & Klimaat
BU00808116,0.4141112293825967,Water_En_Klimaatrisico,weighted_mean,Water & Klimaat
BU00808117,0.10058361525002589,Water_En_Klimaatrisico,weighted_mean,Water & Klimaat
WK008082,-0.19841788720724907,Water_En_Klimaatrisico,weighted_mean,Water & Klimaat
BU00808201,-0.08785588145086606,Water_En_Klimaatrisico,weighted_mean,Water & Klimaat
BU00808202,0.24737814190014437,Water_En_Klimaatrisico,weighted_mean,Water & Klimaat
BU00808203,-0.009774752578964818,Water_En_Klimaatrisico,weighted_mean,Water & Klimaat
BU00808204,-0.03011879300881122,Water_En_Klimaatrisico,weighted_mean,Water & Klimaat
BU00808205,-0.00427305351281651,Water_En_Klimaatrisico,weighted_mean,Water & Klimaat
BU00808206,-0.16776981936072027,Water_En_Klimaatrisico,weighted_mean,Water & Klimaat
BU00808207,-0.16091510428187636,Water_En_Klimaatrisico,weighted_mean,Water & Klimaat
BU00808208,-0.12023964226832837,Water_En_Klimaatrisico,weighted_mean,Water & Klimaat
BU00808209,0.08036122376158239,Water_En_Klimaatrisico,weighted_mean,Water & Klimaat
GM1970,-0.20823509624285041,Water_En_Klimaatrisico,weighted_mean,Water & Klimaat
WK197000,-0.20823509624285041,Water_En_Klimaatrisico,weighted_mean,Water & Klimaat
BU19700000,1.7226177193600891,Water_En_Klimaatrisico,weighted_mean,Water & Klimaat
BU19700001,0.29549231616103033,Water_En_Klimaatrisico,weighted_mean,Water & Klimaat
BU19700002,-0.17350117564950832,Water_En_Klimaatrisico,weighted_mean,Water & Klimaat
BU19700003,-0.06288046999836322,Water_En_Klimaatrisico,weighted_mean,Water & Klimaat
BU19700004,0.012104235637406618,Water_En_Klimaatrisico,weighted_mean,Water & Klimaat
BU19700005,-0.3839572092614434,Water_En_Klimaatrisico,weighted_mean,Water & Klimaat
BU19700006,-0.0621575225225576,Water_En_Klimaatrisico,weighted_mean,Water & Klimaat
BU19700007,-0.31505065901479845,Water_En_Klimaatrisico,weighted_mean,Water & Klimaat
BU19700008,-0.0015558633117397358,Water_En_Klimaatrisico,weighted_mean,Water & Klimaat
BU19700009,0.00895991018935452,Water_En_Klimaatrisico,weighted_mean,Water & Klimaat
BU19700010,0.005178370707321078,Water_En_Klimaatrisico,weighted_mean,Water & Klimaat
BU19700011,-0.03431726295359397,Water_En_Klimaatrisico,weighted_mean,Water & Klimaat
WK197001,-0.0650152916217526,Water_En_Klimaatrisico,weighted_mean,Water & Klimaat
BU19700100,0.9600235153842063,Water_En_Klimaatrisico,weighted_mean,Water & Klimaat
BU19700101,-0.19420657409482844,Water_En_Klimaatrisico,weighted_mean,Water & Klimaat
BU19700102,0.26828905284862276,Water_En_Klimaatrisico,weighted_mean,Water & Klimaat
BU19700103,0.09745796872510937,Water_En_Klimaatrisico,weighted_mean,Water & Klimaat
BU19700104,0.43699206008509717,Water_En_Klimaatrisico,weighted_mean,Water & Klimaat
BU19700105,-0.07158190418327888,Water_En_Klimaatrisico,weighted_mean,Water & Klimaat
BU19700107,0.49236223284058345,Water_En_Klimaatrisico,weighted_mean,Water & Klimaat
BU19700108,0.26657209240136487,Water_En_Klimaatrisico,weighted_mean,Water & Klimaat
BU19700109,-0.09436828872595888,Water_En_Klimaatrisico,weighted_mean,Water & Klimaat
WK197002,-0.3802485983749821,Water_En_Klimaatrisico,weighted_mean,Water & Klimaat
BU19700200,0.37893430153800234,Water_En_Klimaatrisico,weighted_mean,Water & Klimaat
BU19700201,0.5723929844216582,Water_En_Klimaatrisico,weighted_mean,Water & Klimaat
BU19700202,1.227617056687832,Water_En_Klimaatrisico,weighted_mean,Water & Klimaat
BU19700208,0.03812586601835763,Water_En_Klimaatrisico,weighted_mean,Water & Klimaat
BU19700209,0.1628529949499856,Water_En_Klimaatrisico,weighted_mean,Water & Klimaat
WK197003,-0.3174135552594863,Water_En_Klimaatrisico,weighted_mean,Water & Klimaat
BU19700300,0.14265820908268914,Water_En_Klimaatrisico,weighted_mean,Water & Klimaat
BU19700301,0.7659016425374875,Water_En_Klimaatrisico,weighted_mean,Water & Klimaat
BU19700302,0.7804936587623386,Water_En_Klimaatrisico,weighted_mean,Water & Klimaat
BU19700303,-0.2861443229815801,Water_En_Klimaatrisico,weighted_mean,Water & Klimaat
BU19700307,-0.14211981755914882,Water_En_Klimaatrisico,weighted_mean,Water & Klimaat
BU19700308,0.8707329592017935,Water_En_Klimaatrisico,weighted_mean,Water & Klimaat
BU19700309,0.24823033301020042,Water_En_Klimaatrisico,weighted_mean,Water & Klimaat
WK197004,-0.5450298995534306,Water_En_Klimaatrisico,weighted_mean,Water & Klimaat
BU19700400,0.47629861995238115,Water_En_Klimaatrisico,weighted_mean,Water & Klimaat
BU19700401,0.9506985886915585,Water_En_Klimaatrisico,weighted_mean,Water & Klimaat
BU19700408,0.4458299271555547,Water_En_Klimaatrisico,weighted_mean,Water & Klimaat
BU19700409,0.43698120954947706,Water_En_Klimaatrisico,weighted_mean,Water & Klimaat
WK197005,-0.14114602974860774,Water_En_Klimaatrisico,weighted_mean,Water & Klimaat
BU19700500,0.5096079937961266,Water_En_Klimaatrisico,weighted_mean,Water & Klimaat
BU19700501,0.3399201992419781,Water_En_Klimaatrisico,weighted_mean,Water & Klimaat
BU19700502,0.6578662675238905,Water_En_Klimaatrisico,weighted_mean,Water & Klimaat
BU19700503,0.29379084495387386,Water_En_Klimaatrisico,weighted_mean,Water & Klimaat
BU19700506,0.4851253988862938,Water_En_Klimaatrisico,weighted_mean,Water & Klimaat
BU19700507,0.17365410830113753,Water_En_Klimaatrisico,weighted_mean,Water & Klimaat
BU19700508,1.2784040750773196,Water_En_Klimaatrisico,weighted_mean,Water & Klimaat
BU19700509,0.822770403293201,Water_En_Klimaatrisico,weighted_mean,Water & Klimaat
WK197006,-0.3174135552594863,Water_En_Klimaatrisico,weighted_mean,Water & Klimaat
BU19700600,0.5621797872376608,Water_En_Klimaatrisico,weighted_mean,Water & Klimaat
BU19700601,0.8772974152301303,Water_En_Klimaatrisico,weighted_mean,Water & Klimaat
BU19700602,0.5287785210054485,Water_En_Klimaatrisico,weighted_mean,Water & Klimaat
BU19700603,0.11685009132627996,Water_En_Klimaatrisico,weighted_mean,Water & Klimaat
BU19700604,0.1753526303453527,Water_En_Klimaatrisico,weighted_mean,Water & Klimaat
BU19700605,-0.19308858571757395,Water_En_Klimaatrisico,weighted_mean,Water & Klimaat
BU19700608,0.27752642984723236,Water_En_Klimaatrisico,weighted_mean,Water & Klimaat
BU19700609,-0.0025558853358714217,Water_En_Klimaatrisico,weighted_mean,Water & Klimaat
WK197007,-0.5121594216421191,Water_En_Klimaatrisico,weighted_mean,Water & Klimaat
BU19700700,0.4706078744958916,Water_En_Klimaatrisico,weighted_mean,Water & Klimaat
BU19700701,1.420010106090782,Water_En_Klimaatrisico,weighted_mean,Water & Klimaat
BU19700702,0.1733262910642852,Water_En_Klimaatrisico,weighted_mean,Water & Klimaat
BU19700703,0.4124648746907291,Water_En_Klimaatrisico,weighted_mean,Water & Klimaat
BU19700708,0.23129024759098973,Water_En_Klimaatrisico,weighted_mean,Water & Klimaat
BU19700709,0.5545386792765096,Water_En_Klimaatrisico,weighted_mean,Water & Klimaat
WK197008,-0.38664861847780363,Water_En_Klimaatrisico,weighted_mean,Water & Klimaat
BU19700800,0.5439353640475859,Water_En_Klimaatrisico,weighted_mean,Water & Klimaat
BU19700801,0.31466508744446875,Water_En_Klimaatrisico,weighted_mean,Water & Klimaat
BU19700802,0.4776896460846512,Water_En_Klimaatrisico,weighted_mean,Water & Klimaat
BU19700803,0.8096103284039704,Water_En_Klimaatrisico,weighted_mean,Water & Klimaat
BU19700807,0.47341767533040524,Water_En_Klimaatrisico,weighted_mean,Water & Klimaat
BU19700808,0.40607386286661706,Water_En_Klimaatrisico,weighted_mean,Water & Klimaat
BU19700809,0.3809164609988228,Water_En_Klimaatrisico,weighted_mean,Water & Klimaat
WK197009,-0.39511861483333666,Water_En_Klimaatrisico,weighted_mean,Water & Klimaat
BU19700900,0.10474275034152551,Water_En_Klimaatrisico,weighted_mean,Water & Klimaat
BU19700909,0.24130871227079947,Water_En_Klimaatrisico,weighted_mean,Water & Klimaat
WK197010,-0.06720934190142672,Water_En_Klimaatrisico,weighted_mean,Water & Klimaat
BU19701000,0.11228164322706059,Water_En_Klimaatrisico,weighted_mean,Water & Klimaat
BU19701001,-0.07796894073408239,Water_En_Klimaatrisico,weighted_mean,Water & Klimaat
BU19701002,-0.008271047235836493,Water_En_Klimaatrisico,weighted_mean,Water & Klimaat
BU19701003,0.7765852499742201,Water_En_Klimaatrisico,weighted_mean,Water & Klimaat
BU19701004,-0.1052657322430029,Water_En_Klimaatrisico,weighted_mean,Water & Klimaat
BU19701005,0.011155056367610244,Water_En_Klimaatrisico,weighted_mean,Water & Klimaat
BU19701006,0.5612038308981048,Water_En_Klimaatrisico,weighted_mean,Water & Klimaat
BU19701008,-0.2469056015976085,Water_En_Klimaatrisico,weighted_mean,Water & Klimaat
BU19701009,-0.11062681232200067,Water_En_Klimaatrisico,weighted_mean,Water & Klimaat
WK197011,-0.29197577784107037,Water_En_Klimaatrisico,weighted_mean,Water & Klimaat
BU19701100,-0.2724391645692249,Water_En_Klimaatrisico,weighted_mean,Water & Klimaat
BU19701109,-0.30767395829640287,Water_En_Klimaatrisico,weighted_mean,Water & Klimaat
WK197012,-0.12870671844557507,Water_En_Klimaatrisico,weighted_mean,Water & Klimaat
BU19701200,-0.18830172100328635,Water_En_Klimaatrisico,weighted_mean,Water & Klimaat
BU19701201,-0.6394132014472993,Water_En_Klimaatrisico,weighted_mean,Water & Klimaat
BU19701202,-0.28405910387464495,Water_En_Klimaatrisico,weighted_mean,Water & Klimaat
BU19701203,-0.027410120192370588,Water_En_Klimaatrisico,weighted_mean,Water & Klimaat
BU19701204,-0.3935139332722676,Water_En_Klimaatrisico,weighted_mean,Water & Klimaat
BU19701206,-0.24813698673566992,Water_En_Klimaatrisico,weighted_mean,Water & Klimaat
BU19701207,-0.2759168434406315,Water_En_Klimaatrisico,weighted_mean,Water & Klimaat
BU19701208,-0.19421406235324404,Water_En_Klimaatrisico,weighted_mean,Water & Klimaat
BU19701209,-0.6061588992793614,Water_En_Klimaatrisico,weighted_mean,Water & Klimaat
WK197013,-0.11149631954006477,Water_En_Klimaatrisico,weighted_mean,Water & Klimaat
BU19701300,-0.10044431894122902,Water_En_Klimaatrisico,weighted_mean,Water & Klimaat
BU19701301,-0.4409198669061658,Water_En_Klimaatrisico,weighted_mean,Water & Klimaat
BU19701302,-0.20739766163204115,Water_En_Klimaatrisico,weighted_mean,Water & Klimaat
BU19701308,-0.14538019575516326,Water_En_Klimaatrisico,weighted_mean,Water & Klimaat
BU19701309,-0.05604638233226944,Water_En_Klimaatrisico,weighted_mean,Water & Klimaat
WK197014,-0.3278731698657751,Water_En_Klimaatrisico,weighted_mean,Water & Klimaat
BU19701400,-0.27979586835762804,Water_En_Klimaatrisico,weighted_mean,Water & Klimaat
BU19701401,-0.2582854574832095,Water_En_Klimaatrisico,weighted_mean,Water & Klimaat
BU19701402,-0.36070781630584553,Water_En_Klimaatrisico,weighted_mean,Water & Klimaat
BU19701409,-0.4849111046649913,Water_En_Klimaatrisico,weighted_mean,Water & Klimaat
GM0085,-0.20823509624285033,Water_En_Klimaatrisico,weighted_mean,Water & Klimaat
WK008501,-0.38716012256576554,Water_En_Klimaatrisico,weighted_mean,Water & Klimaat
BU00850101,-0.3844790179865901,Water_En_Klimaatrisico,weighted_mean,Water & Klimaat
BU00850102,1.6327056059981688,Water_En_Klimaatrisico,weighted_mean,Water & Klimaat
BU00850103,1.1203944401105232,Water_En_Klimaatrisico,weighted_mean,Water & Klimaat
BU00850104,-0.49858237312256354,Water_En_Klimaatrisico,weighted_mean,Water & Klimaat
BU00850105,-0.6968100881569952,Water_En_Klimaatrisico,weighted_mean,Water & Klimaat
BU00850106,-0.25002298583157234,Water_En_Klimaatrisico,weighted_mean,Water & Klimaat
BU00850107,-0.33803367900509906,Water_En_Klimaatrisico,weighted_mean,Water & Klimaat
BU00850108,-0.14840087688879638,Water_En_Klimaatrisico,weighted_mean,Water & Klimaat
BU00850109,-0.19956803768721573,Water_En_Klimaatrisico,weighted_mean,Water & Klimaat
BU00850110,-0.018202426154369643,Water_En_Klimaatrisico,weighted_mean,Water & Klimaat
BU00850111,-0.10367363423989438,Water_En_Klimaatrisico,weighted_mean,Water & Klimaat
WK008502,-0.11149631954006477,Water_En_Klimaatrisico,weighted_mean,Water & Klimaat
BU00850201,-0.11814841843409261,Water_En_Klimaatrisico,weighted_mean,Water & Klimaat
BU00850202,0.013093606717140577,Water_En_Klimaatrisico,weighted_mean,Water & Klimaat
BU00850203,-0.3770764708777302,Water_En_Klimaatrisico,weighted_mean,Water & Klimaat
WK008503,-0.3323690680110608,Water_En_Klimaatrisico,weighted_mean,Water & Klimaat
BU00850301,-0.2958090563370683,Water_En_Klimaatrisico,weighted_mean,Water & Klimaat
BU00850302,-0.524250702901979,Water_En_Klimaatrisico,weighted_mean,Water & Klimaat
WK008504,-0.4188000083687299,Water_En_Klimaatrisico,weighted_mean,Water & Klimaat
BU00850401,-0.18431520684796832,Water_En_Klimaatrisico,weighted_mean,Water & Klimaat
BU00850402,-0.6828891950284622,Water_En_Klimaatrisico,weighted_mean,Water & Klimaat
WK008505,-0.5097663191719117,Water_En_Klimaatrisico,weighted_mean,Water & Klimaat
BU00850501,0.6518308630507884,Water_En_Klimaatrisico,weighted_mean,Water & Klimaat
BU00850502,-0.3781186922831094,Water_En_Klimaatrisico,weighted_mean,Water & Klimaat
WK008506,-0.30220453443753736,Water_En_Klimaatrisico,weighted_mean,Water & Klimaat
BU00850601,-0.045667589125611,Water_En_Klimaatrisico,weighted_mean,Water & Klimaat
BU00850602,-0.09229862390153484,Water_En_Klimaatrisico,weighted_mean,Water & Klimaat
BU00850603,-0.013765787324600001,Water_En_Klimaatrisico,weighted_mean,Water & Klimaat
BU00850604,0.03279867495932329,Water_En_Klimaatrisico,weighted_mean,Water & Klimaat
BU00850605,-0.25235270424986334,Water_En_Klimaatrisico,weighted_mean,Water & Klimaat
BU00850606,-0.056377275523884066,Water_En_Klimaatrisico,weighted_mean,Water & Klimaat
BU00850607,-0.1587923049305037,Water_En_Klimaatrisico,weighted_mean,Water & Klimaat
BU00850608,-0.5998903367898911,Water_En_Klimaatrisico,weighted_mean,Water & Klimaat
WK008507,-0.2215869340971061,Water_En_Klimaatrisico,weighted_mean,Water & Klimaat
BU00850701,-0.644831860068905,Water_En_Klimaatrisico,weighted_mean,Water & Klimaat
BU00850702,-0.512747471564502,Water_En_Klimaatrisico,weighted_mean,Water & Klimaat
WK008508,-0.14104296427822477,Water_En_Klimaatrisico,weighted_mean,Water & Klimaat
BU00850801,0.1663638371937527,Water_En_Klimaatrisico,weighted_mean,Water & Klimaat
BU00850802,-0.6816860734468067,Water_En_Klimaatrisico,weighted_mean,Water & Klimaat
WK008509,-0.042115713578870756,Water_En_Klimaatrisico,weighted_mean,Water & Klimaat
BU00850901,-0.4699369011983142,Water_En_Klimaatrisico,weighted_mean,Water & Klimaat
BU00850902,-0.5128554132703382,Water_En_Klimaatrisico,weighted_mean,Water & Klimaat
WK008510,-0.0960567235448769,Water_En_Klimaatrisico,weighted_mean,Water & Klimaat
BU00851001,0.5192388961425582,Water_En_Klimaatrisico,weighted_mean,Water & Klimaat
BU00851002,0.03184830111364925,Water_En_Klimaatrisico,weighted_mean,Water & Klimaat
BU00851003,-0.6945302799574896,Water_En_Klimaatrisico,weighted_mean,Water & Klimaat
WK008511,-0.20823509624285041,Water_En_Klimaatrisico,weighted_mean,Water & Klimaat
BU00851101,-0.07321245850451027,Water_En_Klimaatrisico,weighted_mean,Water & Klimaat
BU00851102,0.15313967911057363,Water_En_Klimaatrisico,weighted_mean,Water & Klimaat
BU00851103,0.23143096038293803,Water_En_Klimaatrisico,weighted_mean,Water & Klimaat
BU00851104,0.5334250911128721,Water_En_Klimaatrisico,weighted_mean,Water & Klimaat
BU00851105,0.15325714302209334,Water_En_Klimaatrisico,weighted_mean,Water & Klimaat
BU00851106,0.5531947621041526,Water_En_Klimaatrisico,weighted_mean,Water & Klimaat
BU00851107,0.5142979916024177,Water_En_Klimaatrisico,weighted_mean,Water & Klimaat
BU00851108,0.1986410980998103,Water_En_Klimaatrisico,weighted_mean,Water & Klimaat
BU00851109,0.18662575502843032,Water_En_Klimaatrisico,weighted_mean,Water & Klimaat
BU00851110,0.41838669231063746,Water_En_Klimaatrisico,weighted_mean,Water & Klimaat
BU00851111,-0.23445942889171398,Water_En_Klimaatrisico,weighted_mean,Water & Klimaat
BU00851112,-0.2255615824813435,Water_En_Klimaatrisico,weighted_mean,Water & Klimaat
BU00851113,0.580917179009623,Water_En_Klimaatrisico,weighted_mean,Water & Klimaat
BU00851114,0.11022545838600455,Water_En_Klimaatrisico,weighted_mean,Water & Klimaat
BU00851115,0.30499324964916474,Water_En_Klimaatrisico,weighted_mean,Water & Klimaat
BU00851116,-0.08696807182157976,Water_En_Klimaatrisico,weighted_mean,Water & Klimaat
BU00851117,-0.33216586465396863,Water_En_Klimaatrisico,weighted_mean,Water & Klimaat
BU00851118,-0.3747010298000859,Water_En_Klimaatrisico,weighted_mean,Water & Klimaat
WK008512,-0.582066319256483,Water_En_Klimaatrisico,weighted_mean,Water & Klimaat
BU00851201,-0.6037210595543441,Water_En_Klimaatrisico,weighted_mean,Water & Klimaat
BU00851202,-0.7612976405889389,Water_En_Klimaatrisico,weighted_mean,Water & Klimaat
WK008513,-0.3004412910751645,Water_En_Klimaatrisico,weighted_mean,Water & Klimaat
BU00851301,-0.1051410474628504,Water_En_Klimaatrisico,weighted_mean,Water & Klimaat
BU00851302,-0.3565215716383366,Water_En_Klimaatrisico,weighted_mean,Water & Klimaat
GM0086,-0.20823509624285041,Water_En_Klimaatrisico,weighted_mean,Water & Klimaat
WK008601,-0.1349070342708073,Water_En_Klimaatrisico,weighted_mean,Water & Klimaat
BU00860101,0.34606062935712806,Water_En_Klimaatrisico,weighted_mean,Water & Klimaat
BU00860102,0.131584902701673,Water_En_Klimaatrisico,weighted_mean,Water & Klimaat
BU00860103,-0.29192444848608445,Water_En_Klimaatrisico,weighted_mean,Water & Klimaat
WK008602,-0.22328088011228536,Water_En_Klimaatrisico,weighted_mean,Water & Klimaat
BU00860201,0.9019483954234516,Water_En_Klimaatrisico,weighted_mean,Water & Klimaat
BU00860202,0.19722188765151083,Water_En_Klimaatrisico,weighted_mean,Water & Klimaat
BU00860203,0.14348660352320658,Water_En_Klimaatrisico,weighted_mean,Water & Klimaat
BU00860204,0.4219601292009677,Water_En_Klimaatrisico,weighted_mean,Water & Klimaat
BU00860205,-0.20526222295139354,Water_En_Klimaatrisico,weighted_mean,Water & Klimaat
BU00860206,-0.4859392502469061,Water_En_Klimaatrisico,weighted_mean,Water & Klimaat
BU00860207,-0.34361334641091545,Water_En_Klimaatrisico,weighted_mean,Water & Klimaat
BU00860208,-0.6705866570029566,Water_En_Klimaatrisico,weighted_mean,Water & Klimaat
BU00860209,-0.5118285688030765,Water_En_Klimaatrisico,weighted_mean,Water & Klimaat
WK008604,-0.12391307891525602,Water_En_Klimaatrisico,weighted_mean,Water & Klimaat
BU00860401,0.1259023835772719,Water_En_Klimaatrisico,weighted_mean,Water & Klimaat
BU00860402,-0.17704839497810781,Water_En_Klimaatrisico,weighted_mean,Water & Klimaat
WK008605,-0.22093745232533513,Water_En_Klimaatrisico,weighted_mean,Water & Klimaat
BU00860501,0.02981144458379059,Water_En_Klimaatrisico,weighted_mean,Water & Klimaat
BU00860502,-0.4550076904686912,Water_En_Klimaatrisico,weighted_mean,Water & Klimaat
BU00860503,-0.3002232231803452,Water_En_Klimaatrisico,weighted_mean,Water & Klimaat
BU00860504,-0.30089842874745587,Water_En_Klimaatrisico,weighted_mean,Water & Klimaat
BU00860505,-0.46743781167939497,Water_En_Klimaatrisico,weighted_mean,Water & Klimaat
BU00860506,-0.4532782177342156,Water_En_Klimaatrisico,weighted_mean,Water & Klimaat
BU00860507,-0.28798959113008993,Water_En_Klimaatrisico,weighted_mean,Water & Klimaat
BU00860508,-0.7371024435223212,Water_En_Klimaatrisico,weighted_mean,Water & Klimaat
WK008606,-0.37711095290134633,Water_En_Klimaatrisico,weighted_mean,Water & Klimaat
BU00860601,-0.07815046958486017,Water_En_Klimaatrisico,weighted_mean,Water & Klimaat
BU00860602,-0.39831031031946285,Water_En_Klimaatrisico,weighted_mean,Water & Klimaat
WK008607,-0.2017296261619274,Water_En_Klimaatrisico,weighted_mean,Water & Klimaat
BU00860701,-0.5771730456422092,Water_En_Klimaatrisico,weighted_mean,Water & Klimaat
BU00860702,-0.33495871708699143,Water_En_Klimaatrisico,weighted_mean,Water & Klimaat
WK008608,-0.19660902968067462,Water_En_Klimaatrisico,weighted_mean,Water & Klimaat
BU00860801,-0.4761504791979176,Water_En_Klimaatrisico,weighted_mean,Water & Klimaat
BU00860802,-0.6883393066249142,Water_En_Klimaatrisico,weighted_mean,Water & Klimaat
WK008609,-0.2787082120876315,Water_En_Klimaatrisico,weighted_mean,Water & Klimaat
BU00860901,-0.2805118946147966,Water_En_Klimaatrisico,weighted_mean,Water & Klimaat
BU00860902,-0.5823963928810181,Water_En_Klimaatrisico,weighted_mean,Water & Klimaat
WK008610,-0.1827570850333276,Water_En_Klimaatrisico,weighted_mean,Water & Klimaat
BU00861001,-0.5183063097091859,Water_En_Klimaatrisico,weighted_mean,Water & Klimaat
BU00861002,-0.4737879048693601,Water_En_Klimaatrisico,weighted_mean,Water & Klimaat
WK008611,-0.0832156791480671,Water_En_Klimaatrisico,weighted_mean,Water & Klimaat
BU00861101,-0.3307570212189161,Water_En_Klimaatrisico,weighted_mean,Water & Klimaat
BU00861102,-0.28533996585436067,Water_En_Klimaatrisico,weighted_mean,Water & Klimaat
WK008613,-0.3856928577273389,Water_En_Klimaatrisico,weighted_mean,Water & Klimaat
BU00861301,-0.4095973406686791,Water_En_Klimaatrisico,weighted_mean,Water & Klimaat
BU00861302,-0.4908784987579654,Water_En_Klimaatrisico,weighted_mean,Water & Klimaat
WK008614,-0.12253197426062962,Water_En_Klimaatrisico,weighted_mean,Water & Klimaat
BU00861401,-0.6318234296097355,Water_En_Klimaatrisico,weighted_mean,Water & Klimaat
BU00861402,-0.6254275760249558,Water_En_Klimaatrisico,weighted_mean,Water & Klimaat
WK008615,-0.19472507746560452,Water_En_Klimaatrisico,weighted_mean,Water & Klimaat
BU00861501,-0.3657895185045444,Water_En_Klimaatrisico,weighted_mean,Water & Klimaat
BU00861502,-0.3630711461526947,Water_En_Klimaatrisico,weighted_mean,Water & Klimaat
WK008616,-0.2486578641566885,Water_En_Klimaatrisico,weighted_mean,Water & Klimaat
BU00861601,-0.2231507165924324,Water_En_Klimaatrisico,weighted_mean,Water & Klimaat
BU00861602,-0.24989291802792996,Water_En_Klimaatrisico,weighted_mean,Water & Klimaat
BU00861603,-0.07463394858015344,Water_En_Klimaatrisico,weighted_mean,Water & Klimaat
BU00861604,0.015857173827520193,Water_En_Klimaatrisico,weighted_mean,Water & Klimaat
BU00861605,0.2815570442434643,Water_En_Klimaatrisico,weighted_mean,Water & Klimaat
BU00861606,-0.22780255914325542,Water_En_Klimaatrisico,weighted_mean,Water & Klimaat
BU00861607,-0.4259427309193805,Water_En_Klimaatrisico,weighted_mean,Water & Klimaat
WK008617,-0.3253437883363033,Water_En_Klimaatrisico,weighted_mean,Water & Klimaat
BU00861701,-0.2983378415419049,Water_En_Klimaatrisico,weighted_mean,Water & Klimaat
BU00861702,-0.23926551564627851,Water_En_Klimaatrisico,weighted_mean,Water & Klimaat
BU00861703,-0.33714694088142944,Water_En_Klimaatrisico,weighted_mean,Water & Klimaat
GM0088,-0.1839715198042964,Water_En_Klimaatrisico,weighted_mean,Water & Klimaat
WK008800,-0.3106635069204091,Water_En_Klimaatrisico,weighted_mean,Water & Klimaat
BU00880000,-0.3084185644655766,Water_En_Klimaatrisico,weighted_mean,Water & Klimaat
BU00880009,-0.5535095472818502,Water_En_Klimaatrisico,weighted_mean,Water & Klimaat
GM0090,-0.20823509624285033,Water_En_Klimaatrisico,weighted_mean,Water & Klimaat
WK009001,0.36881660318282905,Water_En_Klimaatrisico,weighted_mean,Water & Klimaat
BU00900101,-0.25948377514426363,Water_En_Klimaatrisico,weighted_mean,Water & Klimaat
WK009002,-0.3553988457829905,Water_En_Klimaatrisico,weighted_mean,Water & Klimaat
BU00900201,-0.05783658762494758,Water_En_Klimaatrisico,weighted_mean,Water & Klimaat
BU00900202,-0.06260065369409594,Water_En_Klimaatrisico,weighted_mean,Water & Klimaat
BU00900203,-0.15623987515252766,Water_En_Klimaatrisico,weighted_mean,Water & Klimaat
BU00900204,-0.5867943839968993,Water_En_Klimaatrisico,weighted_mean,Water & Klimaat
BU00900205,-0.689973042088789,Water_En_Klimaatrisico,weighted_mean,Water & Klimaat
BU00900206,-0.14898252289543631,Water_En_Klimaatrisico,weighted_mean,Water & Klimaat
WK009003,0.7200824727040334,Water_En_Klimaatrisico,weighted_mean,Water & Klimaat
BU00900301,-0.5988678109367153,Water_En_Klimaatrisico,weighted_mean,Water & Klimaat
BU00900302,-0.32774892932143485,Water_En_Klimaatrisico,weighted_mean,Water & Klimaat
BU00900303,-0.3236504048655131,Water_En_Klimaatrisico,weighted_mean,Water & Klimaat
BU00900304,-0.43805546530540196,Water_En_Klimaatrisico,weighted_mean,Water & Klimaat
WK009004,-0.22691062158262945,Water_En_Klimaatrisico,weighted_mean,Water & Klimaat
BU00900401,-0.46301179277759225,Water_En_Klimaatrisico,weighted_mean,Water & Klimaat
BU00900402,-0.22192095693771294,Water_En_Klimaatrisico,weighted_mean,Water & Klimaat
BU00900403,-0.5649817943173078,Water_En_Klimaatrisico,weighted_mean,Water & Klimaat
BU00900404,-0.4012516628965612,Water_En_Klimaatrisico,weighted_mean,Water & Klimaat
BU00900405,-0.5021475196991068,Water_En_Klimaatrisico,weighted_mean,Water & Klimaat
BU00900406,-0.15141188600172903,Water_En_Klimaatrisico,weighted_mean,Water & Klimaat
WK009005,-0.06843070728967116,Water_En_Klimaatrisico,weighted_mean,Water & Klimaat
BU00900501,0.12088662033366904,Water_En_Klimaatrisico,weighted_mean,Water & Klimaat
BU00900502,-0.4204963592854156,Water_En_Klimaatrisico,weighted_mean,Water & Klimaat
WK009006,-0.23751218932299376,Water_En_Klimaatrisico,weighted_mean,Water & Klimaat
BU00900601,-0.917793804022459,Water_En_Klimaatrisico,weighted_mean,Water & Klimaat
BU00900602,-1.101196173663321,Water_En_Klimaatrisico,weighted_mean,Water & Klimaat
BU00900603,-0.3255886059884259,Water_En_Klimaatrisico,weighted_mean,Water & Klimaat
WK009007,-0.2402741153184721,Water_En_Klimaatrisico,weighted_mean,Water & Klimaat
BU00900701,-0.488690324517729,Water_En_Klimaatrisico,weighted_mean,Water & Klimaat
BU00900702,-0.5720230874065728,Water_En_Klimaatrisico,weighted_mean,Water & Klimaat
BU00900703,-0.27103982553489375,Water_En_Klimaatrisico,weighted_mean,Water & Klimaat
BU00900704,-0.2134793771880935,Water_En_Klimaatrisico,weighted_mean,Water & Klimaat
BU00900705,-0.2294398949206015,Water_En_Klimaatrisico,weighted_mean,Water & Klimaat
BU00900706,-0.4934171386372208,Water_En_Klimaatrisico,weighted_mean,Water & Klimaat
WK009008,-0.27905686178339956,Water_En_Klimaatrisico,weighted_mean,Water & Klimaat
BU00900801,-0.35770952759902336,Water_En_Klimaatrisico,weighted_mean,Water & Klimaat
BU00900802,-0.27438676993054156,Water_En_Klimaatrisico,weighted_mean,Water & Klimaat
BU00900803,-0.009807607545457009,Water_En_Klimaatrisico,weighted_mean,Water & Klimaat
WK009009,0.699402188010406,Water_En_Klimaatrisico,weighted_mean,Water & Klimaat
BU00900901,-0.6772334171687793,Water_En_Klimaatrisico,weighted_mean,Water & Klimaat
BU00900902,-0.5569648500691702,Water_En_Klimaatrisico,weighted_mean,Water & Klimaat
BU00900903,-0.9863639800575085,Water_En_Klimaatrisico,weighted_mean,Water & Klimaat
BU00900904,-0.6529428857440682,Water_En_Klimaatrisico,weighted_mean,Water & Klimaat
WK009010,-0.19133252303911896,Water_En_Klimaatrisico,weighted_mean,Water & Klimaat
BU00901001,0.1196225193345897,Water_En_Klimaatrisico,weighted_mean,Water & Klimaat
BU00901002,-0.191980005737461,Water_En_Klimaatrisico,weighted_mean,Water & Klimaat
BU00901003,-0.6027694464639164,Water_En_Klimaatrisico,weighted_mean,Water & Klimaat
BU00901004,-0.26119413580332507,Water_En_Klimaatrisico,weighted_mean,Water & Klimaat
WK009011,-0.02617632293777862,Water_En_Klimaatrisico,weighted_mean,Water & Klimaat
BU00901101,-0.3170799977200943,Water_En_Klimaatrisico,weighted_mean,Water & Klimaat
WK009012,-0.3988427397128942,Water_En_Klimaatrisico,weighted_mean,Water & Klimaat
BU00901201,-0.0032762437485263363,Water_En_Klimaatrisico,weighted_mean,Water & Klimaat
BU00901202,-0.2915593770032665,Water_En_Klimaatrisico,weighted_mean,Water & Klimaat
WK009013,-0.26777227615717175,Water_En_Klimaatrisico,weighted_mean,Water & Klimaat
BU00901301,-0.31401318154627494,Water_En_Klimaatrisico,weighted_mean,Water & Klimaat
BU00901302,-0.37759637882072544,Water_En_Klimaatrisico,weighted_mean,Water & Klimaat
BU00901303,0.17219567511697723,Water_En_Klimaatrisico,weighted_mean,Water & Klimaat
WK009021,-0.25077383765577227,Water_En_Klimaatrisico,weighted_mean,Water & Klimaat
BU00902104,-0.5876443410206509,Water_En_Klimaatrisico,weighted_mean,Water & Klimaat
BU00902105,-0.37031261183675745,Water_En_Klimaatrisico,weighted_mean,Water & Klimaat
BU00902109,-0.766629489827031,Water_En_Klimaatrisico,weighted_mean,Water & Klimaat
BU00902110,-0.5811929938616224,Water_En_Klimaatrisico,weighted_mean,Water & Klimaat
BU00902114,-0.814397260092816,Water_En_Klimaatrisico,weighted_mean,Water & Klimaat
WK009022,-0.38892295367210633,Water_En_Klimaatrisico,weighted_mean,Water & Klimaat
BU00902201,-0.8502285764837656,Water_En_Klimaatrisico,weighted_mean,Water & Klimaat
BU00902202,-0.6308128951386087,Water_En_Klimaatrisico,weighted_mean,Water & Klimaat
BU00902203,0.4279491091592715,Water_En_Klimaatrisico,weighted_mean,Water & Klimaat
BU00902206,-0.6339782029092813,Water_En_Klimaatrisico,weighted_mean,Water & Klimaat
BU00902212,-0.8349067854607639,Water_En_Klimaatrisico,weighted_mean,Water & Klimaat
BU00902213,-0.554216212162049,Water_En_Klimaatrisico,weighted_mean,Water & Klimaat
BU00902215,-0.4509934227465726,Water_En_Klimaatrisico,weighted_mean,Water & Klimaat
BU00902216,-0.5092999699397686,Water_En_Klimaatrisico,weighted_mean,Water & Klimaat
WK009023,-0.3278731698657752,Water_En_Klimaatrisico,weighted_mean,Water & Klimaat
BU00902307,-0.3124952778328191,Water_En_Klimaatrisico,weighted_mean,Water & Klimaat
BU00902308,-0.07562286687296774,Water_En_Klimaatrisico,weighted_mean,Water & Klimaat
BU00902311,-0.5631875087862391,Water_En_Klimaatrisico,weighted_mean,Water & Klimaat
GM1900,-0.20823509624285033,Water_En_Klimaatrisico,weighted_mean,Water & Klimaat
WK190000,-0.20823509624285041,Water_En_Klimaatrisico,weighted_mean,Water & Klimaat
BU19000000,1.6218097398182176,Water_En_Klimaatrisico,weighted_mean,Water & Klimaat
BU19000001,-0.06181470389407793,Water_En_Klimaatrisico,weighted_mean,Water & Klimaat
BU19000002,-0.12977515372801324,Water_En_Klimaatrisico,weighted_mean,Water & Klimaat
BU19000003,0.26533304460687096,Water_En_Klimaatrisico,weighted_mean,Water & Klimaat
BU19000004,-0.22877811190648603,Water_En_Klimaatrisico,weighted_mean,Water & Klimaat
BU19000009,0.11835855940658367,Water_En_Klimaatrisico,weighted_mean,Water & Klimaat
WK190001,-0.20823509624285041,Water_En_Klimaatrisico,weighted_mean,Water & Klimaat
BU19000101,2.315919604256779,Water_En_Klimaatrisico,weighted_mean,Water & Klimaat
BU19000102,0.11462177432423526,Water_En_Klimaatrisico,weighted_mean,Water & Klimaat
BU19000103,-0.17486573889106258,Water_En_Klimaatrisico,weighted_mean,Water & Klimaat
BU19000104,0.013299683825531622,Water_En_Klimaatrisico,weighted_mean,Water & Klimaat
BU19000105,-0.2364588954836629,Water_En_Klimaatrisico,weighted_mean,Water & Klimaat
BU19000106,0.4396102100455307,Water_En_Klimaatrisico,weighted_mean,Water & Klimaat
BU19000107,-0.4690394217550051,Water_En_Klimaatrisico,weighted_mean,Water & Klimaat
BU19000108,-0.04335503829176751,Water_En_Klimaatrisico,weighted_mean,Water & Klimaat
BU19000109,-0.20809844823261003,Water_En_Klimaatrisico,weighted_mean,Water & Klimaat
BU19000110,-0.4517217845785072,Water_En_Klimaatrisico,weighted_mean,Water & Klimaat
BU19000111,-0.24903154900401148,Water_En_Klimaatrisico,weighted_mean,Water & Klimaat
BU19000112,-0.08663944237487742,Water_En_Klimaatrisico,weighted_mean,Water & Klimaat
BU19000113,0.15963943590895138,Water_En_Klimaatrisico,weighted_mean,Water & Klimaat
BU19000114,-0.21722495455246682,Water_En_Klimaatrisico,weighted_mean,Water & Klimaat
BU19000115,-0.4931682363246809,Water_En_Klimaatrisico,weighted_mean,Water & Klimaat
BU19000116,-0.4487192598526626,Water_En_Klimaatrisico,weighted_mean,Water & Klimaat
BU19000117,-0.35790460893439674,Water_En_Klimaatrisico,weighted_mean,Water & Klimaat
BU19000118,-0.04473687201572397,Water_En_Klimaatrisico,weighted_mean,Water & Klimaat
BU19000119,-0.3519258714435644,Water_En_Klimaatrisico,weighted_mean,Water & Klimaat
BU19000120,-0.056796233516588523,Water_En_Klimaatrisico,weighted_mean,Water & Klimaat
WK190002,-0.29197577784107037,Water_En_Klimaatrisico,weighted_mean,Water & Klimaat
BU19000200,0.12242892200838851,Water_En_Klimaatrisico,weighted_mean,Water & Klimaat
BU19000201,0.9178527479352978,Water_En_Klimaatrisico,weighted_mean,Water & Klimaat
BU19000202,0.26267614899462843,Water_En_Klimaatrisico,weighted_mean,Water & Klimaat
BU19000208,-0.1975999203677938,Water_En_Klimaatrisico,weighted_mean,Water & Klimaat
BU19000209,-0.1851428521430243,Water_En_Klimaatrisico,weighted_mean,Water & Klimaat
WK190003,-0.28102295994297855,Water_En_Klimaatrisico,weighted_mean,Water & Klimaat
BU19000300,0.8820465310241002,Water_En_Klimaatrisico,weighted_mean,Water & Klimaat
BU19000301,0.16709596094650758,Water_En_Klimaatrisico,weighted_mean,Water & Klimaat
BU19000302,0.0933605702712568,Water_En_Klimaatrisico,weighted_mean,Water & Klimaat
BU19000308,-0.31799390636142655,Water_En_Klimaatrisico,weighted_mean,Water & Klimaat
BU19000309,-0.25239115284920494,Water_En_Klimaatrisico,weighted_mean,Water & Klimaat
WK190004,-0.0993657354645624,Water_En_Klimaatrisico,weighted_mean,Water & Klimaat
BU19000400,0.9332763017486996,Water_En_Klimaatrisico,weighted_mean,Water & Klimaat
BU19000401,0.02117710268914931,Water_En_Klimaatrisico,weighted_mean,Water & Klimaat
BU19000402,-0.18716145074529544,Water_En_Klimaatrisico,weighted_mean,Water & Klimaat
BU19000403,0.03394095385359201,Water_En_Klimaatrisico,weighted_mean,Water & Klimaat
BU19000408,0.06548890956583472,Water_En_Klimaatrisico,weighted_mean,Water & Klimaat
BU19000409,-0.586000202484572,Water_En_Klimaatrisico,weighted_mean,Water & Klimaat
WK190005,-0.0050592419264094135,Water_En_Klimaatrisico,weighted_mean,Water & Klimaat
BU19000500,1.9413382880487509,Water_En_Klimaatrisico,weighted_mean,Water & Klimaat
BU19000501,-0.26410559212414636,Water_En_Klimaatrisico,weighted_mean,Water & Klimaat
BU19000502,-0.41931841068782916,Water_En_Klimaatrisico,weighted_mean,Water & Klimaat
BU19000503,-0.01488583368092386,Water_En_Klimaatrisico,weighted_mean,Water & Klimaat
WK190006,-0.38892295367210644,Water_En_Klimaatrisico,weighted_mean,Water & Klimaat
BU19000600,-0.0741697709612637,Water_En_Klimaatrisico,weighted_mean,Water & Klimaat
BU19000602,-0.22886407381260104,Water_En_Klimaatrisico,weighted_mean,Water & Klimaat
BU19000603,-0.04693493154681702,Water_En_Klimaatrisico,weighted_mean,Water & Klimaat
BU19000607,-0.20679362144274888,Water_En_Klimaatrisico,weighted_mean,Water & Klimaat
BU19000608,-0.32556541058498034,Water_En_Klimaatrisico,weighted_mean,Water & Klimaat
BU19000609,0.10535507594213145,Water_En_Klimaatrisico,weighted_mean,Water & Klimaat
WK190007,-0.2162551352870249,Water_En_Klimaatrisico,weighted_mean,Water & Klimaat
BU19000700,-0.3180839393058275,Water_En_Klimaatrisico,weighted_mean,Water & Klimaat
BU19000701,-0.08003048085030717,Water_En_Klimaatrisico,weighted_mean,Water & Klimaat
BU19000702,-0.28500342660285927,Water_En_Klimaatrisico,weighted_mean,Water & Klimaat
BU19000706,-0.027347242757785037,Water_En_Klimaatrisico,weighted_mean,Water & Klimaat
BU19000707,-0.03340405828980281,Water_En_Klimaatrisico,weighted_mean,Water & Klimaat
BU19000708,0.46152056127862506,Water_En_Klimaatrisico,weighted_mean,Water & Klimaat
WK190008,-0.48584816863490676,Water_En_Klimaatrisico,weighted_mean,Water & Klimaat
BU19000800,-0.40312974990473366,Water_En_Klimaatrisico,weighted_mean,Water & Klimaat
BU19000801,-0.13807625475538743,Water_En_Klimaatrisico,weighted_mean,Water & Klimaat
BU19000802,-0.20564418633279033,Water_En_Klimaatrisico,weighted_mean,Water & Klimaat
BU19000804,0.6305412111976582,Water_En_Klimaatrisico,weighted_mean,Water & Klimaat
BU19000808,-0.0030733398444731663,Water_En_Klimaatrisico,weighted_mean,Water & Klimaat
BU19000809,-0.07645670019821092,Water_En_Klimaatrisico,weighted_mean,Water & Klimaat
WK190009,-0.3174135552594863,Water_En_Klimaatrisico,weighted_mean,Water & Klimaat
BU19000900,0.14960776645719728,Water_En_Klimaatrisico,weighted_mean,Water & Klimaat
BU19000901,-0.2208624867113908,Water_En_Klimaatrisico,weighted_mean,Water & Klimaat
BU19000902,0.20582597750462672,Water_En_Klimaatrisico,weighted_mean,Water & Klimaat
BU19000903,0.03245779603340618,Water_En_Klimaatrisico,weighted_mean,Water & Klimaat
BU19000904,-0.11954328504149,Water_En_Klimaatrisico,weighted_mean,Water & Klimaat
BU19000905,-0.47413959554361274,Water_En_Klimaatrisico,weighted_mean,Water & Klimaat
BU19000906,0.003501720964985272,Water_En_Klimaatrisico,weighted_mean,Water & Klimaat
BU19000907,0.2084632348924272,Water_En_Klimaatrisico,weighted_mean,Water & Klimaat
BU19000908,-0.18116477336072473,Water_En_Klimaatrisico,weighted_mean,Water & Klimaat
BU19000909,0.13339762364787242,Water_En_Klimaatrisico,weighted_mean,Water & Klimaat
WK190010,-0.08855018441396409,Water_En_Klimaatrisico,weighted_mean,Water & Klimaat
BU19001000,0.11509089706705077,Water_En_Klimaatrisico,weighted_mean,Water & Klimaat
BU19001001,0.1024862962394952,Water_En_Klimaatrisico,weighted_mean,Water & Klimaat
BU19001002,-0.0745350687100215,Water_En_Klimaatrisico,weighted_mean,Water & Klimaat
BU19001003,0.07381163625302231,Water_En_Klimaatrisico,weighted_mean,Water & Klimaat
BU19001007,0.15834183939145735,Water_En_Klimaatrisico,weighted_mean,Water & Klimaat
BU19001008,0.16373723673853455,Water_En_Klimaatrisico,weighted_mean,Water & Klimaat
WK190011,-0.5580015727081694,Water_En_Klimaatrisico,weighted_mean,Water & Klimaat
BU19001100,0.10286530847053345,Water_En_Klimaatrisico,weighted_mean,Water & Klimaat
BU19001101,0.02787143584039988,Water_En_Klimaatrisico,weighted_mean,Water & Klimaat
BU19001108,-0.38148751151526994,Water_En_Klimaatrisico,weighted_mean,Water & Klimaat
BU19001109,-0.2935996891796593,Water_En_Klimaatrisico,weighted_mean,Water & Klimaat
WK190012,-0.05927910882460969,Water_En_Klimaatrisico,weighted_mean,Water & Klimaat
BU19001200,0.4210305847714516,Water_En_Klimaatrisico,weighted_mean,Water & Klimaat
BU19001201,0.11863515597618529,Water_En_Klimaatrisico,weighted_mean,Water & Klimaat
BU19001202,-0.0930597946041647,Water_En_Klimaatrisico,weighted_mean,Water & Klimaat
BU19001203,-0.5126846590690279,Water_En_Klimaatrisico,weighted_mean,Water & Klimaat
BU19001204,-0.6382623743246579,Water_En_Klimaatrisico,weighted_mean,Water & Klimaat
BU19001208,-0.33562256616949376,Water_En_Klimaatrisico,weighted_mean,Water & Klimaat
BU19001209,-0.17901490736702103,Water_En_Klimaatrisico,weighted_mean,Water & Klimaat
WK190013,-0.38664861847780363,Water_En_Klimaatrisico,weighted_mean,Water & Klimaat
BU19001300,0.5943795751414701,Water_En_Klimaatrisico,weighted_mean,Water & Klimaat
BU19001301,1.1650972920026863,Water_En_Klimaatrisico,weighted_mean,Water & Klimaat
BU19001302,0.9816572021279653,Water_En_Klimaatrisico,weighted_mean,Water & Klimaat
BU19001303,0.8902836312149497,Water_En_Klimaatrisico,weighted_mean,Water & Klimaat
BU19001306,0.5074304461411512,Water_En_Klimaatrisico,weighted_mean,Water & Klimaat
BU19001307,0.8067857334507332,Water_En_Klimaatrisico,weighted_mean,Water & Klimaat
BU19001308,0.6040394640559726,Water_En_Klimaatrisico,weighted_mean,Water & Klimaat
BU19001309,0.7770843465664663,Water_En_Klimaatrisico,weighted_mean,Water & Klimaat
WK190014,-0.21477368158277055,Water_En_Klimaatrisico,weighted_mean,Water & Klimaat
BU19001400,0.30750697155914586,Water_En_Klimaatrisico,weighted_mean,Water & Klimaat
BU19001401,0.3553613289978812,Water_En_Klimaatrisico,weighted_mean,Water & Klimaat
BU19001402,0.5160377663378437,Water_En_Klimaatrisico,weighted_mean,Water & Klimaat
BU19001403,0.29541906812237506,Water_En_Klimaatrisico,weighted_mean,Water & Klimaat
BU19001404,0.27591094220073165,Water_En_Klimaatrisico,weighted_mean,Water & Klimaat
BU19001405,0.6041833566063649,Water_En_Klimaatrisico,weighted_mean,Water & Klimaat
BU19001406,0.5706586054141837,Water_En_Klimaatrisico,weighted_mean,Water & Klimaat
BU19001407,0.5051927094483182,Water_En_Klimaatrisico,weighted_mean,Water & Klimaat
BU19001408,0.6134439264435008,Water_En_Klimaatrisico,weighted_mean,Water & Klimaat
BU19001409,0.6507178253348127,Water_En_Klimaatrisico,weighted_mean,Water & Klimaat
WK190015,-0.46674514170682124,Water_En_Klimaatrisico,weighted_mean,Water & Klimaat
BU19001500,0.3204299015061635,Water_En_Klimaatrisico,weighted_mean,Water & Klimaat
BU19001501,0.3805883851721805,Water_En_Klimaatrisico,weighted_mean,Water & Klimaat
BU19001502,0.10647795669835577,Water_En_Klimaatrisico,weighted_mean,Water & Klimaat
BU19001503,-0.15178544529596422,Water_En_Klimaatrisico,weighted_mean,Water & Klimaat
BU19001509,0.20345116536026858,Water_En_Klimaatrisico,weighted_mean,Water & Klimaat
WK190016,-0.2576403032639099,Water_En_Klimaatrisico,weighted_mean,Water & Klimaat
BU19001600,0.13901638419997864,Water_En_Klimaatrisico,weighted_mean,Water & Klimaat
BU19001601,0.9807519797892353,Water_En_Klimaatrisico,weighted_mean,Water & Klimaat
BU19001602,0.49083470045439603,Water_En_Klimaatrisico,weighted_mean,Water & Klimaat
BU19001603,0.32756323160488443,Water_En_Klimaatrisico,weighted_mean,Water & Klimaat
BU19001604,-0.024138650734490175,Water_En_Klimaatrisico,weighted_mean,Water & Klimaat
BU19001606,-0.4336342366949646,Water_En_Klimaatrisico,weighted_mean,Water & Klimaat
BU19001607,0.5973962841929078,Water_En_Klimaatrisico,weighted_mean,Water & Klimaat
BU19001608,-0.08683953801771868,Water_En_Klimaatrisico,weighted_mean,Water & Klimaat
WK190017,-0.0050592419264094135,Water_En_Klimaatrisico,weighted_mean,Water & Klimaat
BU19001700,-0.11406709202575133,Water_En_Klimaatrisico,weighted_mean,Water & Klimaat
BU19001709,-0.038984732608471004,Water_En_Klimaatrisico,weighted_mean,Water & Klimaat
WK190018,-0.19465661617879831,Water_En_Klimaatrisico,weighted_mean,Water & Klimaat
BU19001800,-0.31530822351652205,Water_En_Klimaatrisico,weighted_mean,Water & Klimaat
BU19001801,0.04736356410300705,Water_En_Klimaatrisico,weighted_mean,Water & Klimaat
BU19001802,0.24171598385309634,Water_En_Klimaatrisico,weighted_mean,Water & Klimaat
BU19001803,-0.49216255352313787,Water_En_Klimaatrisico,weighted_mean,Water & Klimaat
BU19001804,0.3127757631411806,Water_En_Klimaatrisico,weighted_mean,Water & Klimaat
BU19001808,0.3210283432224786,Water_En_Klimaatrisico,weighted_mean,Water & Klimaat
BU19001809,-0.3416193955806418,Water_En_Klimaatrisico,weighted_mean,Water & Klimaat
WK190019,-0.3802485983749821,Water_En_Klimaatrisico,weighted_mean,Water & Klimaat
BU19001900,-0.18074734449726254,Water_En_Klimaatrisico,weighted_mean,Water & Klimaat
BU19001901,0.30937726641299285,Water_En_Klimaatrisico,weighted_mean,Water & Klimaat
BU19001902,-0.16374204224022385,Water_En_Klimaatrisico,weighted_mean,Water & Klimaat
BU19001903,-0.22707127234693344,Water_En_Klimaatrisico,weighted_mean,Water & Klimaat
BU19001904,0.14600472570227851,Water_En_Klimaatrisico,weighted_mean,Water & Klimaat
WK190020,-0.3999208049371543,Water_En_Klimaatrisico,weighted_mean,Water & Klimaat
BU19002001,0.013513835481571973,Water_En_Klimaatrisico,weighted_mean,Water & Klimaat
BU19002002,0.04828157448128014,Water_En_Klimaatrisico,weighted_mean,Water & Klimaat
BU19002003,0.22945436168363514,Water_En_Klimaatrisico,weighted_mean,Water & Klimaat
BU19002004,0.43658885265379743,Water_En_Klimaatrisico,weighted_mean,Water & Klimaat
BU19002005,0.8533517251785199,Water_En_Klimaatrisico,weighted_mean,Water & Klimaat
BU19002006,0.3225084359245415,Water_En_Klimaatrisico,weighted_mean,Water & Klimaat
BU19002007,0.4075062490669833,Water_En_Klimaatrisico,weighted_mean,Water & Klimaat
BU19002008,0.10770085876746234,Water_En_Klimaatrisico,weighted_mean,Water & Klimaat
BU19002009,0.019039806896818168,Water_En_Klimaatrisico,weighted_mean,Water & Klimaat
BU19002010,0.5065999219344584,Water_En_Klimaatrisico,weighted_mean,Water & Klimaat
BU19002011,0.8274776690220566,Water_En_Klimaatrisico,weighted_mean,Water & Klimaat
BU19002012,0.57812137792991,Water_En_Klimaatrisico,weighted_mean,Water & Klimaat
BU19002013,0.4653130313207676,Water_En_Klimaatrisico,weighted_mean,Water & Klimaat
BU19002014,1.0854663924598273,Water_En_Klimaatrisico,weighted_mean,Water & Klimaat
BU19002015,0.5164362113460139,Water_En_Klimaatrisico,weighted_mean,Water & Klimaat
BU19002016,0.04772082822937728,Water_En_Klimaatrisico,weighted_mean,Water & Klimaat
BU19002017,0.3742398779789658,Water_En_Klimaatrisico,weighted_mean,Water & Klimaat
BU19002018,0.007604999955992481,Water_En_Klimaatrisico,weighted_mean,Water & Klimaat
BU19002019,0.5584798943136706,Water_En_Klimaatrisico,weighted_mean,Water & Klimaat
GM0093,0.024798401153998027,Water_En_Klimaatrisico,weighted_mean,Water & Klimaat
WK009300,-0.35490905324961186,Water_En_Klimaatrisico,weighted_mean,Water & Klimaat
BU00930000,-0.49148047057471667,Water_En_Klimaatrisico,weighted_mean,Water & Klimaat
BU00930002,-0.6011170257016227,Water_En_Klimaatrisico,weighted_mean,Water & Klimaat
WK009301,-0.26003395181043465,Water_En_Klimaatrisico,weighted_mean,Water & Klimaat
BU00930110,-0.6637958630208224,Water_En_Klimaatrisico,weighted_mean,Water & Klimaat
BU00930111,-0.438882144723328,Water_En_Klimaatrisico,weighted_mean,Water & Klimaat
BU00930112,-0.6644777379523326,Water_En_Klimaatrisico,weighted_mean,Water & Klimaat
WK009302,-0.18106242291925692,Water_En_Klimaatrisico,weighted_mean,Water & Klimaat
BU00930213,-0.419765003678668,Water_En_Klimaatrisico,weighted_mean,Water & Klimaat
BU00930214,-0.46221028231643896,Water_En_Klimaatrisico,weighted_mean,Water & Klimaat
BU00930215,-0.5666298081268781,Water_En_Klimaatrisico,weighted_mean,Water & Klimaat
WK009303,-0.6109975762251851,Water_En_Klimaatrisico,weighted_mean,Water & Klimaat
BU00930316,-0.519169679323647,Water_En_Klimaatrisico,weighted_mean,Water & Klimaat
BU00930317,-0.7350569797577744,Water_En_Klimaatrisico,weighted_mean,Water & Klimaat
WK009304,-0.3377318865031612,Water_En_Klimaatrisico,weighted_mean,Water & Klimaat
BU00930418,-0.6115197776390252,Water_En_Klimaatrisico,weighted_mean,Water & Klimaat
BU00930419,-0.34108177747249313,Water_En_Klimaatrisico,weighted_mean,Water & Klimaat
BU00930420,-0.564669010771115,Water_En_Klimaatrisico,weighted_mean,Water & Klimaat
WK009305,-0.22429233464427933,Water_En_Klimaatrisico,weighted_mean,Water & Klimaat
BU00930521,-0.4833272099649076,Water_En_Klimaatrisico,weighted_mean,Water & Klimaat
BU00930522,-0.3936313078603475,Water_En_Klimaatrisico,weighted_mean,Water & Klimaat
BU00930523,-0.4077374360708893,Water_En_Klimaatrisico,weighted_mean,Water & Klimaat
GM0737,-0.20823509624285033,Water_En_Klimaatrisico,weighted_mean,Water & Klimaat
WK073700,-0.20823509624285033,Water_En_Klimaatrisico,weighted_mean,Water & Klimaat
BU07370000,-0.05517199377028989,Water_En_Klimaatrisico,weighted_mean,Water & Klimaat
BU07370009,-0.16320199188642587,Water_En_Klimaatrisico,weighted_mean,Water & Klimaat
WK073701,-0.15581480683642107,Water_En_Klimaatrisico,weighted_mean,Water & Klimaat
BU07370100,-0.07966917459139451,Water_En_Klimaatrisico,weighted_mean,Water & Klimaat
BU07370101,-0.25665734301032417,Water_En_Klimaatrisico,weighted_mean,Water & Klimaat
BU07370102,-0.07588564131131592,Water_En_Klimaatrisico,weighted_mean,Water & Klimaat
BU07370108,-0.20736747737340414,Water_En_Klimaatrisico,weighted_mean,Water & Klimaat
BU07370109,-0.2794068415433841,Water_En_Klimaatrisico,weighted_mean,Water & Klimaat
WK073702,-0.15581480683642107,Water_En_Klimaatrisico,weighted_mean,Water & Klimaat
BU07370200,-0.24338625845879314,Water_En_Klimaatrisico,weighted_mean,Water & Klimaat
BU07370201,-0.2628247799961645,Water_En_Klimaatrisico,weighted_mean,Water & Klimaat
BU07370208,-0.587261790076822,Water_En_Klimaatrisico,weighted_mean,Water & Klimaat
BU07370209,-0.4630300140465292,Water_En_Klimaatrisico,weighted_mean,Water & Klimaat
WK073703,-0.5473054898503681,Water_En_Klimaatrisico,weighted_mean,Water & Klimaat
BU07370300,-0.17666873690934953,Water_En_Klimaatrisico,weighted_mean,Water & Klimaat
BU07370309,-0.4428422441855203,Water_En_Klimaatrisico,weighted_mean,Water & Klimaat
WK073704,-0.0993657354645624,Water_En_Klimaatrisico,weighted_mean,Water & Klimaat
BU07370400,-0.44516794184700753,Water_En_Klimaatrisico,weighted_mean,Water & Klimaat
BU07370401,-0.6221953773227796,Water_En_Klimaatrisico,weighted_mean,Water & Klimaat
BU07370408,-0.6585199689800616,Water_En_Klimaatrisico,weighted_mean,Water & Klimaat
BU07370409,-0.4625891817838384,Water_En_Klimaatrisico,weighted_mean,Water & Klimaat
WK073705,-0.14114602974860774,Water_En_Klimaatrisico,weighted_mean,Water & Klimaat
BU07370500,-0.31400434873426236,Water_En_Klimaatrisico,weighted_mean,Water & Klimaat
BU07370501,-0.4340476544092298,Water_En_Klimaatrisico,weighted_mean,Water & Klimaat
BU07370508,-0.4711760024613114,Water_En_Klimaatrisico,weighted_mean,Water & Klimaat
BU07370509,-0.5761530916503131,Water_En_Klimaatrisico,weighted_mean,Water & Klimaat
WK073706,-0.20066258350578997,Water_En_Klimaatrisico,weighted_mean,Water & Klimaat
BU07370600,0.0645608872526115,Water_En_Klimaatrisico,weighted_mean,Water & Klimaat
BU07370609,-0.606245024001127,Water_En_Klimaatrisico,weighted_mean,Water & Klimaat
WK073707,-0.3549090532496119,Water_En_Klimaatrisico,weighted_mean,Water & Klimaat
BU07370700,-0.5603739724277041,Water_En_Klimaatrisico,weighted_mean,Water & Klimaat
BU07370701,-0.08875678873796734,Water_En_Klimaatrisico,weighted_mean,Water & Klimaat
BU07370708,-0.38936628583051947,Water_En_Klimaatrisico,weighted_mean,Water & Klimaat
BU07370709,-0.46313185718005956,Water_En_Klimaatrisico,weighted_mean,Water & Klimaat
WK073708,-0.1697565365567465,Water_En_Klimaatrisico,weighted_mean,Water & Klimaat
BU07370800,0.12348398349128546,Water_En_Klimaatrisico,weighted_mean,Water & Klimaat
BU07370809,-0.3490923308357923,Water_En_Klimaatrisico,weighted_mean,Water & Klimaat
WK073709,-0.18453087590111905,Water_En_Klimaatrisico,weighted_mean,Water & Klimaat
BU07370900,-0.29571610781171553,Water_En_Klimaatrisico,weighted_mean,Water & Klimaat
BU07370909,-0.5526749626226155,Water_En_Klimaatrisico,weighted_mean,Water & Klimaat
GM0096,-0.18397151980429638,Water_En_Klimaatrisico,weighted_mean,Water & Klimaat
WK009600,-0.2714329695472316,Water_En_Klimaatrisico,weighted_mean,Water & Klimaat
BU00960000,-0.5755955739976658,Water_En_Klimaatrisico,weighted_mean,Water & Klimaat
BU00960009,-0.4194438848645484,Water_En_Klimaatrisico,weighted_mean,Water & Klimaat
GM1949,-0.20823509624285033,Water_En_Klimaatrisico,weighted_mean,Water & Klimaat
WK194915,-0.4694198097288002,Water_En_Klimaatrisico,weighted_mean,Water & Klimaat
BU19491500,0.2492269735852942,Water_En_Klimaatrisico,weighted_mean,Water & Klimaat
BU19491501,0.34425731557093475,Water_En_Klimaatrisico,weighted_mean,Water & Klimaat
WK194916,-0.22158219490619768,Water_En_Klimaatrisico,weighted_mean,Water & Klimaat
BU19491600,0.43595718605384887,Water_En_Klimaatrisico,weighted_mean,Water & Klimaat
BU19491601,-0.03430513281686173,Water_En_Klimaatrisico,weighted_mean,Water & Klimaat
BU19491602,-0.10495596315314902,Water_En_Klimaatrisico,weighted_mean,Water & Klimaat
BU19491603,0.3836398707239713,Water_En_Klimaatrisico,weighted_mean,Water & Klimaat
BU19491604,0.22772551634473778,Water_En_Klimaatrisico,weighted_mean,Water & Klimaat
BU19491605,0.1351536857432572,Water_En_Klimaatrisico,weighted_mean,Water & Klimaat
BU19491606,0.1283899377744642,Water_En_Klimaatrisico,weighted_mean,Water & Klimaat
WK194917,0.43290299373554364,Water_En_Klimaatrisico,weighted_mean,Water & Klimaat
BU19491700,0.8453376891825988,Water_En_Klimaatrisico,weighted_mean,Water & Klimaat
WK194918,-0.06931367846019665,Water_En_Klimaatrisico,weighted_mean,Water & Klimaat
BU19491800,0.26127085958015306,Water_En_Klimaatrisico,weighted_mean,Water & Klimaat
BU19491801,0.3363684439772379,Water_En_Klimaatrisico,weighted_mean,Water & Klimaat
BU19491802,0.17303930700892056,Water_En_Klimaatrisico,weighted_mean,Water & Klimaat
BU19491803,0.2200072330580496,Water_En_Klimaatrisico,weighted_mean,Water & Klimaat
BU19491804,0.4838326665229124,Water_En_Klimaatrisico,weighted_mean,Water & Klimaat
WK194919,-0.10969734842027327,Water_En_Klimaatrisico,weighted_mean,Water & Klimaat
BU19491900,0.2989287239068324,Water_En_Klimaatrisico,weighted_mean,Water & Klimaat
BU19491901,0.41385564337651426,Water_En_Klimaatrisico,weighted_mean,Water & Klimaat
WK194920,-0.42447611213224723,Water_En_Klimaatrisico,weighted_mean,Water & Klimaat
BU19492000,0.4714191842425586,Water_En_Klimaatrisico,weighted_mean,Water & Klimaat
BU19492001,0.2713347060568634,Water_En_Klimaatrisico,weighted_mean,Water & Klimaat
WK194921,0.33237599798890405,Water_En_Klimaatrisico,weighted_mean,Water & Klimaat
BU19492100,0.5556843840077781,Water_En_Klimaatrisico,weighted_mean,Water & Klimaat
WK194922,0.12724114271186648,Water_En_Klimaatrisico,weighted_mean,Water & Klimaat
BU19492200,0.19504068549484216,Water_En_Klimaatrisico,weighted_mean,Water & Klimaat
WK194923,-0.41137782338536144,Water_En_Klimaatrisico,weighted_mean,Water & Klimaat
BU19492300,0.2817773403584548,Water_En_Klimaatrisico,weighted_mean,Water & Klimaat
BU19492301,-0.14540642434811848,Water_En_Klimaatrisico,weighted_mean,Water & Klimaat
WK194924,-0.12408640394695042,Water_En_Klimaatrisico,weighted_mean,Water & Klimaat
BU19492400,0.2486901513397417,Water_En_Klimaatrisico,weighted_mean,Water & Klimaat
BU19492401,-0.10309404957765332,Water_En_Klimaatrisico,weighted_mean,Water & Klimaat
WK194925,-0.1250550786351462,Water_En_Klimaatrisico,weighted_mean,Water & Klimaat
BU19492500,0.6418337428993028,Water_En_Klimaatrisico,weighted_mean,Water & Klimaat
BU19492501,0.2528571394557444,Water_En_Klimaatrisico,weighted_mean,Water & Klimaat
WK194926,-0.3022045344375374,Water_En_Klimaatrisico,weighted_mean,Water & Klimaat
BU19492600,0.5825805928574305,Water_En_Klimaatrisico,weighted_mean,Water & Klimaat
BU19492601,0.1614340347270538,Water_En_Klimaatrisico,weighted_mean,Water & Klimaat
BU19492602,0.28678820384559106,Water_En_Klimaatrisico,weighted_mean,Water & Klimaat
BU19492603,0.24797930664258155,Water_En_Klimaatrisico,weighted_mean,Water & Klimaat
BU19492604,0.18622485646081544,Water_En_Klimaatrisico,weighted_mean,Water & Klimaat
WK194927,0.46256055254040973,Water_En_Klimaatrisico,weighted_mean,Water & Klimaat
BU19492700,0.6498614345639337,Water_En_Klimaatrisico,weighted_mean,Water & Klimaat
WK194928,-0.20823509624285033,Water_En_Klimaatrisico,weighted_mean,Water & Klimaat
BU19492800,0.27420734555501686,Water_En_Klimaatrisico,weighted_mean,Water & Klimaat
BU19492801,-0.10579346124516506,Water_En_Klimaatrisico,weighted_mean,Water & Klimaat
BU19492802,1.053730278911432,Water_En_Klimaatrisico,weighted_mean,Water & Klimaat
BU19492803,0.4229021200782917,Water_En_Klimaatrisico,weighted_mean,Water & Klimaat
BU19492804,0.006983138636218855,Water_En_Klimaatrisico,weighted_mean,Water & Klimaat
BU19492805,0.05439478903837191,Water_En_Klimaatrisico,weighted_mean,Water & Klimaat
BU19492806,0.5753686225689445,Water_En_Klimaatrisico,weighted_mean,Water & Klimaat
BU19492807,0.3188838474258813,Water_En_Klimaatrisico,weighted_mean,Water & Klimaat
BU19492808,0.30820181716451156,Water_En_Klimaatrisico,weighted_mean,Water & Klimaat
BU19492809,0.10816040260216961,Water_En_Klimaatrisico,weighted_mean,Water & Klimaat
BU19492810,0.08307625540568322,Water_En_Klimaatrisico,weighted_mean,Water & Klimaat
BU19492811,0.07163166737739696,Water_En_Klimaatrisico,weighted_mean,Water & Klimaat
BU19492812,0.33475643577195413,Water_En_Klimaatrisico,weighted_mean,Water & Klimaat
BU19492813,0.26157048114616255,Water_En_Klimaatrisico,weighted_mean,Water & Klimaat
BU19492814,0.35064391432859204,Water_En_Klimaatrisico,weighted_mean,Water & Klimaat
BU19492815,0.40455289869132866,Water_En_Klimaatrisico,weighted_mean,Water & Klimaat
BU19492816,0.7653369684530176,Water_En_Klimaatrisico,weighted_mean,Water & Klimaat
BU19492817,0.7704604498046916,Water_En_Klimaatrisico,weighted_mean,Water & Klimaat
WK194929,-0.07933125509967417,Water_En_Klimaatrisico,weighted_mean,Water & Klimaat
BU19492900,-0.16753200983454491,Water_En_Klimaatrisico,weighted_mean,Water & Klimaat
WK194930,0.29165871317845626,Water_En_Klimaatrisico,weighted_mean,Water & Klimaat
BU19493000,0.12410811472725537,Water_En_Klimaatrisico,weighted_mean,Water & Klimaat
WK194931,-0.3971539078109375,Water_En_Klimaatrisico,weighted_mean,Water & Klimaat
BU19493100,0.24549864761305462,Water_En_Klimaatrisico,weighted_mean,Water & Klimaat
BU19493101,0.5014324063894212,Water_En_Klimaatrisico,weighted_mean,Water & Klimaat
WK194932,-0.0650152916217526,Water_En_Klimaatrisico,weighted_mean,Water & Klimaat
BU19493200,0.6627209517854514,Water_En_Klimaatrisico,weighted_mean,Water & Klimaat
BU19493201,0.5175528386159132,Water_En_Klimaatrisico,weighted_mean,Water & Klimaat
BU19493202,0.21691178207798023,Water_En_Klimaatrisico,weighted_mean,Water & Klimaat
WK194933,0.2861100891243178,Water_En_Klimaatrisico,weighted_mean,Water & Klimaat
BU19493300,0.21765384835885127,Water_En_Klimaatrisico,weighted_mean,Water & Klimaat
WK194934,-0.48538673143288574,Water_En_Klimaatrisico,weighted_mean,Water & Klimaat
BU19493400,0.5515733187944767,Water_En_Klimaatrisico,weighted_mean,Water & Klimaat
BU19493401,0.702275186861783,Water_En_Klimaatrisico,weighted_mean,Water & Klimaat
WK194935,-0.13383379044771626,Water_En_Klimaatrisico,weighted_mean,Water & Klimaat
BU19493500,0.5372070958444788,Water_En_Klimaatrisico,weighted_mean,Water & Klimaat
BU19493501,0.3553467405710129,Water_En_Klimaatrisico,weighted_mean,Water & Klimaat
BU19493502,0.1614774746715229,Water_En_Klimaatrisico,weighted_mean,Water & Klimaat
BU19493503,0.16512357172756276,Water_En_Klimaatrisico,weighted_mean,Water & Klimaat
WK194936,-0.21265403827194823,Water_En_Klimaatrisico,weighted_mean,Water & Klimaat
BU19493600,0.6396140756745046,Water_En_Klimaatrisico,weighted_mean,Water & Klimaat
BU19493601,0.7516500589002362,Water_En_Klimaatrisico,weighted_mean,Water & Klimaat
BU19493602,0.5961738567436066,Water_En_Klimaatrisico,weighted_mean,Water & Klimaat
BU19493603,0.28921782744532926,Water_En_Klimaatrisico,weighted_mean,Water & Klimaat
WK194937,0.041260327574399604,Water_En_Klimaatrisico,weighted_mean,Water & Klimaat
BU19493700,0.2133603185702792,Water_En_Klimaatrisico,weighted_mean,Water & Klimaat
WK194938,-0.3929193812810632,Water_En_Klimaatrisico,weighted_mean,Water & Klimaat
BU19493800,0.21239212762684626,Water_En_Klimaatrisico,weighted_mean,Water & Klimaat
BU19493801,0.8627944451038915,Water_En_Klimaatrisico,weighted_mean,Water & Klimaat
WK194939,-0.1225319742606297,Water_En_Klimaatrisico,weighted_mean,Water & Klimaat
BU19493900,0.1229719464974581,Water_En_Klimaatrisico,weighted_mean,Water & Klimaat
BU19493901,0.2853614489137486,Water_En_Klimaatrisico,weighted_mean,Water & Klimaat
WK194940,0.23150082428144897,Water_En_Klimaatrisico,weighted_mean,Water & Klimaat
BU19494000,0.3070386233748226,Water_En_Klimaatrisico,weighted_mean,Water & Klimaat
WK194941,0.45790640905929525,Water_En_Klimaatrisico,weighted_mean,Water & Klimaat
BU19494100,0.3139078754601796,Water_En_Klimaatrisico,weighted_mean,Water & Klimaat
WK194942,-0.19628517194728412,Water_En_Klimaatrisico,weighted_mean,Water & Klimaat
BU19494200,0.6913609919792143,Water_En_Klimaatrisico,weighted_mean,Water & Klimaat
BU19494201,0.6559170269951837,Water_En_Klimaatrisico,weighted_mean,Water & Klimaat
WK194943,0.5235382913074103,Water_En_Klimaatrisico,weighted_mean,Water & Klimaat
BU19494300,0.5589249268809735,Water_En_Klimaatrisico,weighted_mean,Water & Klimaat
WK194944,-0.21265403827194823,Water_En_Klimaatrisico,weighted_mean,Water & Klimaat
BU19494400,0.5336221555720764,Water_En_Klimaatrisico,weighted_mean,Water & Klimaat
BU19494401,0.5589789863998835,Water_En_Klimaatrisico,weighted_mean,Water & Klimaat
BU19494402,0.33120973044353186,Water_En_Klimaatrisico,weighted_mean,Water & Klimaat
BU19494403,0.9328777244041269,Water_En_Klimaatrisico,weighted_mean,Water & Klimaat
WK194945,0.5526164231842382,Water_En_Klimaatrisico,weighted_mean,Water & Klimaat
BU19494500,0.3776983891050143,Water_En_Klimaatrisico,weighted_mean,Water & Klimaat
WK194946,0.37810467066018527,Water_En_Klimaatrisico,weighted_mean,Water & Klimaat
BU19494600,0.351728956357886,Water_En_Klimaatrisico,weighted_mean,Water & Klimaat
WK194947,0.1559150371346221,Water_En_Klimaatrisico,weighted_mean,Water & Klimaat
BU19494700,1.2148394280116932,Water_En_Klimaatrisico,weighted_mean,Water & Klimaat
BU19494701,0.6312003996932116,Water_En_Klimaatrisico,weighted_mean,Water & Klimaat
WK194948,-0.20538365842923045,Water_En_Klimaatrisico,weighted_mean,Water & Klimaat
BU19494800,0.3318159923376066,Water_En_Klimaatrisico,weighted_mean,Water & Klimaat
BU19494801,0.17222227430065287,Water_En_Klimaatrisico,weighted_mean,Water & Klimaat
WK194949,-0.2449541563172944,Water_En_Klimaatrisico,weighted_mean,Water & Klimaat
BU19494900,0.6207468885805043,Water_En_Klimaatrisico,weighted_mean,Water & Klimaat
BU19494901,0.690441397743206,Water_En_Klimaatrisico,weighted_mean,Water & Klimaat
BU19494902,0.5532054169748523,Water_En_Klimaatrisico,weighted_mean,Water & Klimaat
WK194950,-0.4371606344851339,Water_En_Klimaatrisico,weighted_mean,Water & Klimaat
BU19495000,0.20468393803933593,Water_En_Klimaatrisico,weighted_mean,Water & Klimaat
BU19495001,0.2382642121110008,Water_En_Klimaatrisico,weighted_mean,Water & Klimaat
WK194951,0.23150082428144908,Water_En_Klimaatrisico,weighted_mean,Water & Klimaat
BU19495100,0.8717251407933643,Water_En_Klimaatrisico,weighted_mean,Water & Klimaat
WK194952,0.4895958578509013,Water_En_Klimaatrisico,weighted_mean,Water & Klimaat
BU19495200,0.6869576898265842,Water_En_Klimaatrisico,weighted_mean,Water & Klimaat
WK194953,-0.5077655726473154,Water_En_Klimaatrisico,weighted_mean,Water & Klimaat
BU19495300,0.17561478930654578,Water_En_Klimaatrisico,weighted_mean,Water & Klimaat
BU19495301,0.25187698360041694,Water_En_Klimaatrisico,weighted_mean,Water & Klimaat
BU19495302,0.41890078298641303,Water_En_Klimaatrisico,weighted_mean,Water & Klimaat
WK194954,-0.4183933188479253,Water_En_Klimaatrisico,weighted_mean,Water & Klimaat
BU19495400,0.6021487992710877,Water_En_Klimaatrisico,weighted_mean,Water & Klimaat
BU19495401,0.6418044992159134,Water_En_Klimaatrisico,weighted_mean,Water & Klimaat
WK194955,0.4252973349360014,Water_En_Klimaatrisico,weighted_mean,Water & Klimaat
BU19495500,0.27262608720496184,Water_En_Klimaatrisico,weighted_mean,Water & Klimaat
GM0098,-0.20823509624285041,Water_En_Klimaatrisico,weighted_mean,Water & Klimaat
WK009800,-0.20823509624285033,Water_En_Klimaatrisico,weighted_mean,Water & Klimaat
BU00980001,0.22458857059228649,Water_En_Klimaatrisico,weighted_mean,Water & Klimaat
BU00980002,0.4835050000702944,Water_En_Klimaatrisico,weighted_mean,Water & Klimaat
BU00980003,0.2092220491611429,Water_En_Klimaatrisico,weighted_mean,Water & Klimaat
BU00980004,0.4509878444516582,Water_En_Klimaatrisico,weighted_mean,Water & Klimaat
BU00980005,0.6499720355838873,Water_En_Klimaatrisico,weighted_mean,Water & Klimaat
BU00980006,0.8849723880856624,Water_En_Klimaatrisico,weighted_mean,Water & Klimaat
BU00980007,1.1485306660529357,Water_En_Klimaatrisico,weighted_mean,Water & Klimaat
BU00980008,0.38553781677336185,Water_En_Klimaatrisico,weighted_mean,Water & Klimaat
BU00980009,-0.22884928772556767,Water_En_Klimaatrisico,weighted_mean,Water & Klimaat
BU00980010,0.7785874045652184,Water_En_Klimaatrisico,weighted_mean,Water & Klimaat
BU00980011,0.41282761350235836,Water_En_Klimaatrisico,weighted_mean,Water & Klimaat
BU00980012,0.49586597388255016,Water_En_Klimaatrisico,weighted_mean,Water & Klimaat
BU00980013,0.7035523866594938,Water_En_Klimaatrisico,weighted_mean,Water & Klimaat
BU00980014,0.9255564486534827,Water_En_Klimaatrisico,weighted_mean,Water & Klimaat
BU00980015,0.7650397346674183,Water_En_Klimaatrisico,weighted_mean,Water & Klimaat
BU00980016,1.2555820971259912,Water_En_Klimaatrisico,weighted_mean,Water & Klimaat
BU00980017,0.8684837081608755,Water_En_Klimaatrisico,weighted_mean,Water & Klimaat
BU00980018,-0.2723537127515969,Water_En_Klimaatrisico,weighted_mean,Water & Klimaat
BU00980019,-0.06911100225663241,Water_En_Klimaatrisico,weighted_mean,Water & Klimaat
BU00980020,-0.30748816467141393,Water_En_Klimaatrisico,weighted_mean,Water & Klimaat
BU00980021,-0.24777495878268468,Water_En_Klimaatrisico,weighted_mean,Water & Klimaat
WK009801,-0.08094321783867905,Water_En_Klimaatrisico,weighted_mean,Water & Klimaat
BU00980101,-0.455792342523043,Water_En_Klimaatrisico,weighted_mean,Water & Klimaat
BU00980102,-0.2809546174798131,Water_En_Klimaatrisico,weighted_mean,Water & Klimaat
BU00980103,0.7070060463578638,Water_En_Klimaatrisico,weighted_mean,Water & Klimaat
BU00980104,-0.11767881265935756,Water_En_Klimaatrisico,weighted_mean,Water & Klimaat
WK009802,0.05008932992297192,Water_En_Klimaatrisico,weighted_mean,Water & Klimaat
BU00980201,-0.32038290402290137,Water_En_Klimaatrisico,weighted_mean,Water & Klimaat
BU00980202,-0.2601626781523102,Water_En_Klimaatrisico,weighted_mean,Water & Klimaat
WK009803,-0.4335622062583302,Water_En_Klimaatrisico,weighted_mean,Water & Klimaat
BU00980301,-0.21188014670759486,Water_En_Klimaatrisico,weighted_mean,Water & Klimaat
BU00980302,0.07802916337107212,Water_En_Klimaatrisico,weighted_mean,Water & Klimaat
BU00980303,-0.10868433235654149,Water_En_Klimaatrisico,weighted_mean,Water & Klimaat
BU00980304,-0.37418884262406404,Water_En_Klimaatrisico,weighted_mean,Water & Klimaat
BU00980305,-0.28144799221052186,Water_En_Klimaatrisico,weighted_mean,Water & Klimaat
WK009804,-0.4205213839036849,Water_En_Klimaatrisico,weighted_mean,Water & Klimaat
BU00980401,-0.6461018043737007,Water_En_Klimaatrisico,weighted_mean,Water & Klimaat
BU00980402,-0.25253163694589664,Water_En_Klimaatrisico,weighted_mean,Water & Klimaat
BU00980403,-0.21507587992017502,Water_En_Klimaatrisico,weighted_mean,Water & Klimaat
WK009805,-0.3852099738228554,Water_En_Klimaatrisico,weighted_mean,Water & Klimaat
BU00980501,-0.5979897687588849,Water_En_Klimaatrisico,weighted_mean,Water & Klimaat
BU00980502,-0.10800410767462719,Water_En_Klimaatrisico,weighted_mean,Water & Klimaat
WK009806,-0.5963285199753925,Water_En_Klimaatrisico,weighted_mean,Water & Klimaat
BU00980601,1.2465085225157124,Water_En_Klimaatrisico,weighted_mean,Water & Klimaat
BU00980602,0.3260323636222302,Water_En_Klimaatrisico,weighted_mean,Water & Klimaat
WK009807,-0.4365246205962122,Water_En_Klimaatrisico,weighted_mean,Water & Klimaat
BU00980701,0.19123436389109202,Water_En_Klimaatrisico,weighted_mean,Water & Klimaat
BU00980702,-0.30683691694551396,Water_En_Klimaatrisico,weighted_mean,Water & Klimaat
WK009808,-0.15693403512445087,Water_En_Klimaatrisico,weighted_mean,Water & Klimaat
BU00980801,-0.19271801747896708,Water_En_Klimaatrisico,weighted_mean,Water & Klimaat
BU00980802,-0.37324779779061573,Water_En_Klimaatrisico,weighted_mean,Water & Klimaat
WK009809,-0.3410575716265931,Water_En_Klimaatrisico,weighted_mean,Water & Klimaat
BU00980901,0.9920344008253621,Water_En_Klimaatrisico,weighted_mean,Water & Klimaat
BU00980902,-0.5032632439206705,Water_En_Klimaatrisico,weighted_mean,Water & Klimaat
BU00980903,-0.3827456507604665,Water_En_Klimaatrisico,weighted_mean,Water & Klimaat
WK009810,-0.2232808801122853,Water_En_Klimaatrisico,weighted_mean,Water & Klimaat
BU00981001,-0.347483833581094,Water_En_Klimaatrisico,weighted_mean,Water & Klimaat
BU00981002,-0.490366926951789,Water_En_Klimaatrisico,weighted_mean,Water & Klimaat
BU00981003,-0.39372806523932774,Water_En_Klimaatrisico,weighted_mean,Water & Klimaat
BU00981004,-0.18148725632492285,Water_En_Klimaatrisico,weighted_mean,Water & Klimaat
BU00981005,-0.26455935051508783,Water_En_Klimaatrisico,weighted_mean,Water & Klimaat
BU00981006,0.20640785352059404,Water_En_Klimaatrisico,weighted_mean,Water & Klimaat
BU00981007,-0.13905273570790538,Water_En_Klimaatrisico,weighted_mean,Water & Klimaat
BU00981008,0.6641702622248071,Water_En_Klimaatrisico,weighted_mean,Water & Klimaat
BU00981009,0.024284282214414074,Water_En_Klimaatrisico,weighted_mean,Water & Klimaat
WK009811,-0.36297436510404046,Water_En_Klimaatrisico,weighted_mean,Water & Klimaat
BU00981101,0.4119335655348284,Water_En_Klimaatrisico,weighted_mean,Water & Klimaat
BU00981102,-0.1514849689105981,Water_En_Klimaatrisico,weighted_mean,Water & Klimaat
WK009812,-0.3191916801091238,Water_En_Klimaatrisico,weighted_mean,Water & Klimaat
BU00981201,-0.15001154365674635,Water_En_Klimaatrisico,weighted_mean,Water & Klimaat
WK009813,-0.36727347472378535,Water_En_Klimaatrisico,weighted_mean,Water & Klimaat
BU00981301,-0.47969897107427784,Water_En_Klimaatrisico,weighted_mean,Water & Klimaat
BU00981302,-0.2939925382973958,Water_En_Klimaatrisico,weighted_mean,Water & Klimaat
WK009814,-0.5545193456295732,Water_En_Klimaatrisico,weighted_mean,Water & Klimaat
BU00981401,0.4904685855041557,Water_En_Klimaatrisico,weighted_mean,Water & Klimaat
BU00981402,-0.5112974810767814,Water_En_Klimaatrisico,weighted_mean,Water & Klimaat
WK009815,-0.4852523725629967,Water_En_Klimaatrisico,weighted_mean,Water & Klimaat
BU00981501,1.6092302007379682,Water_En_Klimaatrisico,weighted_mean,Water & Klimaat
BU00981502,-0.13002574558719973,Water_En_Klimaatrisico,weighted_mean,Water & Klimaat
GM0059,0.1288976815604575,Bereikbaarheid_Voorzieningen,entropy,Voorzieningen
WK005900,0.12512217140538764,Bereikbaarheid_Voorzieningen,entropy,Voorzieningen
BU00590000,0.08837781384026888,Bereikbaarheid_Voorzieningen,entropy,Voorzieningen
BU00590001,0.15009108566973114,Bereikbaarheid_Voorzieningen,entropy,Voorzieningen
BU00590002,0.09174531444072277,Bereikbaarheid_Voorzieningen,entropy,Voorzieningen
BU00590003,0.15061008187601163,Bereikbaarheid_Voorzieningen,entropy,Voorzieningen
BU00590004,0.2415452424744113,Bereikbaarheid_Voorzieningen,entropy,Voorzieningen
BU00590005,0.18389861199057725,Bereikbaarheid_Voorzieningen,entropy,Voorzieningen
BU00590006,0.18894963028013628,Bereikbaarheid_Voorzieningen,entropy,Voorzieningen
BU00590007,0.18499846249264043,Bereikbaarheid_Voorzieningen,entropy,Voorzieningen
BU00590008,0.24372730666179568,Bereikbaarheid_Voorzieningen,entropy,Voorzieningen
BU00590009,0.3123363421143154,Bereikbaarheid_Voorzieningen,entropy,Voorzieningen
WK005901,0.17921630219458357,Bereikbaarheid_Voorzieningen,entropy,Voorzieningen
BU00590100,0.26286037825012176,Bereikbaarheid_Voorzieningen,entropy,Voorzieningen
BU00590102,0.12539816301530027,Bereikbaarheid_Voorzieningen,entropy,Voorzieningen
BU00590103,0.20779598563220542,Bereikbaarheid_Voorzieningen,entropy,Voorzieningen
BU00590107,0.3484536554132467,Bereikbaarheid_Voorzieningen,entropy,Voorzieningen
BU00590108,0.18967928892983638,Bereikbaarheid_Voorzieningen,entropy,Voorzieningen
BU00590109,0.2946216641560119,Bereikbaarheid_Voorzieningen,entropy,Voorzieningen
WK005902,0.12285090683618927,Bereikbaarheid_Voorzieningen,entropy,Voorzieningen
BU00590200,0.09871009451061069,Bereikbaarheid_Voorzieningen,entropy,Voorzieningen
BU00590201,0.08346667093100102,Bereikbaarheid_Voorzieningen,entropy,Voorzieningen
BU00590202,0.22725693910762418,Bereikbaarheid_Voorzieningen,entropy,Voorzieningen
BU00590203,0.1585783561727544,Bereikbaarheid_Voorzieningen,entropy,Voorzieningen
BU00590206,0.18082719306968886,Bereikbaarheid_Voorzieningen,entropy,Voorzieningen
BU00590207,0.18089038565265425,Bereikbaarheid_Voorzieningen,entropy,Voorzieningen
BU00590208,0.28843139727356787,Bereikbaarheid_Voorzieningen,entropy,Voorzieningen
BU00590209,0.23062567682492255,Bereikbaarheid_Voorzieningen,entropy,Voorzieningen
GM0060,0.1038190933816053,Bereikbaarheid_Voorzieningen,entropy,Voorzieningen
WK006000,0.1038190933816053,Bereikbaarheid_Voorzieningen,entropy,Voorzieningen
BU00600000,0.051674695913404525,Bereikbaarheid_Voorzieningen,entropy,Voorzieningen
BU00600001,0.11430165817153996,Bereikbaarheid_Voorzieningen,entropy,Voorzieningen
BU00600002,0.13256870413259353,Bereikbaarheid_Voorzieningen,entropy,Voorzieningen
BU00600003,0.1284383442113162,Bereikbaarheid_Voorzieningen,entropy,Voorzieningen
BU00600007,0.2217163498474485,Bereikbaarheid_Voorzieningen,entropy,Voorzieningen
BU00600008,0.11150506417114978,Bereikbaarheid_Voorzieningen,entropy,Voorzieningen
BU00600009,0.17907701214930916,Bereikbaarheid_Voorzieningen,entropy,Voorzieningen
GM1891,0.11832645090919423,Bereikbaarheid_Voorzieningen,entropy,Voorzieningen
WK189100,0.11826104936185314,Bereikbaarheid_Voorzieningen,entropy,Voorzieningen
BU18910000,0.1075015457633978,Bereikbaarheid_Voorzieningen,entropy,Voorzieningen
BU18910001,0.13296820467464732,Bereikbaarheid_Voorzieningen,entropy,Voorzieningen
BU18910002,0.21055211266447138,Bereikbaarheid_Voorzieningen,entropy,Voorzieningen
BU18910008,0.2280496974959909,Bereikbaarheid_Voorzieningen,entropy,Voorzieningen
BU18910009,0.21470751784039707,Bereikbaarheid_Voorzieningen,entropy,Voorzieningen
WK189101,0.16999709126795468,Bereikbaarheid_Voorzieningen,entropy,Voorzieningen
BU18910100,0.17790993295886684,Bereikbaarheid_Voorzieningen,entropy,Voorzieningen
BU18910101,0.1399389008671605,Bereikbaarheid_Voorzieningen,entropy,Voorzieningen
BU18910108,0.3022044143280829,Bereikbaarheid_Voorzieningen,entropy,Voorzieningen
BU18910109,0.2566520389386169,Bereikbaarheid_Voorzieningen,entropy,Voorzieningen
WK189102,0.10325473327653471,Bereikbaarheid_Voorzieningen,entropy,Voorzieningen
BU18910200,0.10093614037139689,Bereikbaarheid_Voorzieningen,entropy,Voorzieningen
BU18910201,0.08887766811470227,Bereikbaarheid_Voorzieningen,entropy,Voorzieningen
BU18910202,0.24192258748440992,Bereikbaarheid_Voorzieningen,entropy,Voorzieningen
BU18910208,0.23157514899521464,Bereikbaarheid_Voorzieningen,entropy,Voorzieningen
BU18910209,0.2567998473816187,Bereikbaarheid_Voorzieningen,entropy,Voorzieningen
WK189103,0.16400548337649937,Bereikbaarheid_Voorzieningen,entropy,Voorzieningen
BU18910300,0.13735964768522105,Bereikbaarheid_Voorzieningen,entropy,Voorzieningen
BU18910301,0.2484518492712006,Bereikbaarheid_Voorzieningen,entropy,Voorzieningen
BU18910309,0.2595340424431402,Bereikbaarheid_Voorzieningen,entropy,Voorzieningen
GM1940,0.14920913014582513,Bereikbaarheid_Voorzieningen,entropy,Voorzieningen
WK194001,0.3074454534037927,Bereikbaarheid_Voorzieningen,entropy,Voorzieningen
BU19400101,0.3074454534037927,Bereikbaarheid_Voorzieningen,entropy,Voorzieningen
WK194002,0.0596696063461115,Bereikbaarheid_Voorzieningen,entropy,Voorzieningen
BU19400201,0.0596696063461115,Bereikbaarheid_Voorzieningen,entropy,Voorzieningen
WK194003,0.07587695716165076,Bereikbaarheid_Voorzieningen,entropy,Voorzieningen
BU19400301,0.07587695716165076,Bereikbaarheid_Voorzieningen,entropy,Voorzieningen
WK194004,0.37779319642058307,Bereikbaarheid_Voorzieningen,entropy,Voorzieningen
BU19400401,0.37779319642058307,Bereikbaarheid_Voorzieningen,entropy,Voorzieningen
WK194005,0.35341615799285686,Bereikbaarheid_Voorzieningen,entropy,Voorzieningen
BU19400501,0.35341615799285686,Bereikbaarheid_Voorzieningen,entropy,Voorzieningen
WK194006,0.245757414592774,Bereikbaarheid_Voorzieningen,entropy,Voorzieningen
BU19400601,0.245757414592774,Bereikbaarheid_Voorzieningen,entropy,Voorzieningen
WK194007,0.1201140649727304,Bereikbaarheid_Voorzieningen,entropy,Voorzieningen
BU19400701,0.052148909023591705,Bereikbaarheid_Voorzieningen,entropy,Voorzieningen
BU19400702,0.22526191239710316,Bereikbaarheid_Voorzieningen,entropy,Voorzieningen
WK194008,0.23185294325409905,Bereikbaarheid_Voorzieningen,entropy,Voorzieningen
BU19400801,0.23185294325409905,Bereikbaarheid_Voorzieningen,entropy,Voorzieningen
WK194009,0.2773699918066385,Bereikbaarheid_Voorzieningen,entropy,Voorzieningen
BU19400901,0.2773699918066385,Bereikbaarheid_Voorzieningen,entropy,Voorzieningen
WK194010,0.19817298765229,Bereikbaarheid_Voorzieningen,entropy,Voorzieningen
BU19401001,0.19817298765229,Bereikbaarheid_Voorzieningen,entropy,Voorzieningen
WK194011,0.060644377423145705,Bereikbaarheid_Voorzieningen,entropy,Voorzieningen
BU19401101,0.16864795904067056,Bereikbaarheid_Voorzieningen,entropy,Voorzieningen
BU19401102,0.03956996267333651,Bereikbaarheid_Voorzieningen,entropy,Voorzieningen
WK194012,0.23168064950819822,Bereikbaarheid_Voorzieningen,entropy,Voorzieningen
BU19401201,0.23168064950819822,Bereikbaarheid_Voorzieningen,entropy,Voorzieningen
WK194013,0.36858061426547645,Bereikbaarheid_Voorzieningen,entropy,Voorzieningen
BU19401301,0.36858061426547645,Bereikbaarheid_Voorzieningen,entropy,Voorzieningen
WK194014,0.3440420020222053,Bereikbaarheid_Voorzieningen,entropy,Voorzieningen
BU19401401,0.3440420020222053,Bereikbaarheid_Voorzieningen,entropy,Voorzieningen
WK194015,0.32873475829804377,Bereikbaarheid_Voorzieningen,entropy,Voorzieningen
BU19401501,0.32873475829804377,Bereikbaarheid_Voorzieningen,entropy,Voorzieningen
WK194016,0.22833165952802592,Bereikbaarheid_Voorzieningen,entropy,Voorzieningen
BU19401601,0.22833165952802592,Bereikbaarheid_Voorzieningen,entropy,Voorzieningen
WK194017,0.20890729031297214,Bereikbaarheid_Voorzieningen,entropy,Voorzieningen
BU19401701,0.20890729031297214,Bereikbaarheid_Voorzieningen,entropy,Voorzieningen
WK194018,0.27836036135768094,Bereikbaarheid_Voorzieningen,entropy,Voorzieningen
BU19401801,0.27836036135768094,Bereikbaarheid_Voorzieningen,entropy,Voorzieningen
WK194019,0.1420487763167977,Bereikbaarheid_Voorzieningen,entropy,Voorzieningen
BU19401901,0.11754005297356389,Bereikbaarheid_Voorzieningen,entropy,Voorzieningen
BU19401902,0.32390771813778674,Bereikbaarheid_Voorzieningen,entropy,Voorzieningen
BU19401903,0.10672739717530402,Bereikbaarheid_Voorzieningen,entropy,Voorzieningen
BU19401904,0.14564826424009147,Bereikbaarheid_Voorzieningen,entropy,Voorzieningen
BU19401905,0.19314268937607,Bereikbaarheid_Voorzieningen,entropy,Voorzieningen
BU19401906,0.17273507790766368,Bereikbaarheid_Voorzieningen,entropy,Voorzieningen
BU19401907,0.1258522697710448,Bereikbaarheid_Voorzieningen,entropy,Voorzieningen
BU19401908,0.2090391611889022,Bereikbaarheid_Voorzieningen,entropy,Voorzieningen
BU19401909,0.23039801082974448,Bereikbaarheid_Voorzieningen,entropy,Voorzieningen
BU19401910,0.13699096563713994,Bereikbaarheid_Voorzieningen,entropy,Voorzieningen
WK194020,0.2957260030892791,Bereikbaarheid_Voorzieningen,entropy,Voorzieningen
BU19402001,0.2957260030892791,Bereikbaarheid_Voorzieningen,entropy,Voorzieningen
WK194021,0.135281128209629,Bereikbaarheid_Voorzieningen,entropy,Voorzieningen
BU19402101,0.135281128209629,Bereikbaarheid_Voorzieningen,entropy,Voorzieningen
WK194022,0.27232275825586993,Bereikbaarheid_Voorzieningen,entropy,Voorzieningen
BU19402201,0.27232275825586993,Bereikbaarheid_Voorzieningen,entropy,Voorzieningen
WK194023,0.11549468609032265,Bereikbaarheid_Voorzieningen,entropy,Voorzieningen
BU19402301,0.39726077765330375,Bereikbaarheid_Voorzieningen,entropy,Voorzieningen
BU19402302,0.1566228216833993,Bereikbaarheid_Voorzieningen,entropy,Voorzieningen
BU19402303,0.08757906636289017,Bereikbaarheid_Voorzieningen,entropy,Voorzieningen
BU19402304,0.08752812218826364,Bereikbaarheid_Voorzieningen,entropy,Voorzieningen
BU19402305,0.11439342914262984,Bereikbaarheid_Voorzieningen,entropy,Voorzieningen
BU19402306,0.08419817437440842,Bereikbaarheid_Voorzieningen,entropy,Voorzieningen
BU19402307,0.09544889737056819,Bereikbaarheid_Voorzieningen,entropy,Voorzieningen
BU19402308,0.18138090323634037,Bereikbaarheid_Voorzieningen,entropy,Voorzieningen
WK194024,0.13373204190686963,Bereikbaarheid_Voorzieningen,entropy,Voorzieningen
BU19402401,0.13373204190686963,Bereikbaarheid_Voorzieningen,entropy,Voorzieningen
WK194025,0.19675214487299486,Bereikbaarheid_Voorzieningen,entropy,Voorzieningen
BU19402501,0.19675214487299486,Bereikbaarheid_Voorzieningen,entropy,Voorzieningen
WK194026,0.27099472802211927,Bereikbaarheid_Voorzieningen,entropy,Voorzieningen
BU19402601,0.27099472802211927,Bereikbaarheid_Voorzieningen,entropy,Voorzieningen
WK194027,0.3595464969170349,Bereikbaarheid_Voorzieningen,entropy,Voorzieningen
BU19402701,0.3595464969170349,Bereikbaarheid_Voorzieningen,entropy,Voorzieningen
WK194028,0.18412028854308432,Bereikbaarheid_Voorzieningen,entropy,Voorzieningen
BU19402801,0.24578526104643938,Bereikbaarheid_Voorzieningen,entropy,Voorzieningen
BU19402802,0.14974195061669354,Bereikbaarheid_Voorzieningen,entropy,Voorzieningen
WK194029,0.25594583823376493,Bereikbaarheid_Voorzieningen,entropy,Voorzieningen
BU19402901,0.25594583823376493,Bereikbaarheid_Voorzieningen,entropy,Voorzieningen
WK194030,0.06275548400759388,Bereikbaarheid_Voorzieningen,entropy,Voorzieningen
BU19403001,0.06275548400759388,Bereikbaarheid_Voorzieningen,entropy,Voorzieningen
WK194031,0.28064460556917065,Bereikbaarheid_Voorzieningen,entropy,Voorzieningen
BU19403101,0.28064460556917065,Bereikbaarheid_Voorzieningen,entropy,Voorzieningen
WK194032,0.20522757100984365,Bereikbaarheid_Voorzieningen,entropy,Voorzieningen
BU19403201,0.20522757100984365,Bereikbaarheid_Voorzieningen,entropy,Voorzieningen
WK194033,0.27192267621061283,Bereikbaarheid_Voorzieningen,entropy,Voorzieningen
BU19403301,0.27192267621061283,Bereikbaarheid_Voorzieningen,entropy,Voorzieningen
WK194034,0.23865450143501335,Bereikbaarheid_Voorzieningen,entropy,Voorzieningen
BU19403401,0.23865450143501335,Bereikbaarheid_Voorzieningen,entropy,Voorzieningen
WK194035,0.25465647418951093,Bereikbaarheid_Voorzieningen,entropy,Voorzieningen
BU19403501,0.25465647418951093,Bereikbaarheid_Voorzieningen,entropy,Voorzieningen
WK194036,0.43061005026236454,Bereikbaarheid_Voorzieningen,entropy,Voorzieningen
BU19403601,0.43061005026236454,Bereikbaarheid_Voorzieningen,entropy,Voorzieningen
WK194037,0.12171376974922696,Bereikbaarheid_Voorzieningen,entropy,Voorzieningen
BU19403701,0.12171376974922696,Bereikbaarheid_Voorzieningen,entropy,Voorzieningen
WK194038,0.22760025166467612,Bereikbaarheid_Voorzieningen,entropy,Voorzieningen
BU19403801,0.22760025166467612,Bereikbaarheid_Voorzieningen,entropy,Voorzieningen
WK194039,0.21294651577441784,Bereikbaarheid_Voorzieningen,entropy,Voorzieningen
BU19403901,0.21294651577441784,Bereikbaarheid_Voorzieningen,entropy,Voorzieningen
WK194040,0.17318486153918522,Bereikbaarheid_Voorzieningen,entropy,Voorzieningen
BU19404001,0.17318486153918522,Bereikbaarheid_Voorzieningen,entropy,Voorzieningen
WK194041,0.07933911494449956,Bereikbaarheid_Voorzieningen,entropy,Voorzieningen
BU19404101,0.07933911494449956,Bereikbaarheid_Voorzieningen,entropy,Voorzieningen
WK194042,0.09565822711708569,Bereikbaarheid_Voorzieningen,entropy,Voorzieningen
BU19404201,0.09565822711708569,Bereikbaarheid_Voorzieningen,entropy,Voorzieningen
WK194043,0.1476030509388794,Bereikbaarheid_Voorzieningen,entropy,Voorzieningen
BU19404301,0.1476030509388794,Bereikbaarheid_Voorzieningen,entropy,Voorzieningen
WK194044,0.24852200681932468,Bereikbaarheid_Voorzieningen,entropy,Voorzieningen
BU19404401,0.24852200681932468,Bereikbaarheid_Voorzieningen,entropy,Voorzieningen
WK194045,0.31166900345506365,Bereikbaarheid_Voorzieningen,entropy,Voorzieningen
BU19404501,0.31166900345506365,Bereikbaarheid_Voorzieningen,entropy,Voorzieningen
WK194046,0.20619131689950487,Bereikbaarheid_Voorzieningen,entropy,Voorzieningen
BU19404601,0.20619131689950487,Bereikbaarheid_Voorzieningen,entropy,Voorzieningen
WK194047,0.28132176965309685,Bereikbaarheid_Voorzieningen,entropy,Voorzieningen
BU19404701,0.28132176965309685,Bereikbaarheid_Voorzieningen,entropy,Voorzieningen
WK194048,0.36558497953259417,Bereikbaarheid_Voorzieningen,entropy,Voorzieningen
BU19404801,0.36558497953259417,Bereikbaarheid_Voorzieningen,entropy,Voorzieningen
WK194049,0.30737061958564676,Bereikbaarheid_Voorzieningen,entropy,Voorzieningen
BU19404901,0.30737061958564676,Bereikbaarheid_Voorzieningen,entropy,Voorzieningen
WK194050,0.47399499305192494,Bereikbaarheid_Voorzieningen,entropy,Voorzieningen
BU19405001,0.47399499305192494,Bereikbaarheid_Voorzieningen,entropy,Voorzieningen
WK194051,0.1961209285731618,Bereikbaarheid_Voorzieningen,entropy,Voorzieningen
BU19405101,0.1961209285731618,Bereikbaarheid_Voorzieningen,entropy,Voorzieningen
GM0072,0.13199661288478365,Bereikbaarheid_Voorzieningen,entropy,Voorzieningen
WK007200,0.123397049478678,Bereikbaarheid_Voorzieningen,entropy,Voorzieningen
BU00720001,0.140394512894867,Bereikbaarheid_Voorzieningen,entropy,Voorzieningen
BU00720002,0.14216010069364635,Bereikbaarheid_Voorzieningen,entropy,Voorzieningen
BU00720003,0.12385459676229088,Bereikbaarheid_Voorzieningen,entropy,Voorzieningen
BU00720004,0.11958284586439759,Bereikbaarheid_Voorzieningen,entropy,Voorzieningen
BU00720005,0.1918502487027911,Bereikbaarheid_Voorzieningen,entropy,Voorzieningen
BU00720006,0.10489781427481322,Bereikbaarheid_Voorzieningen,entropy,Voorzieningen
BU00720007,0.2735599509667298,Bereikbaarheid_Voorzieningen,entropy,Voorzieningen
BU00720009,0.24604007801014557,Bereikbaarheid_Voorzieningen,entropy,Voorzieningen
WK007201,0.12667682825197077,Bereikbaarheid_Voorzieningen,entropy,Voorzieningen
BU00720100,0.1145280169761025,Bereikbaarheid_Voorzieningen,entropy,Voorzieningen
BU00720109,0.17263607525919972,Bereikbaarheid_Voorzieningen,entropy,Voorzieningen
WK007202,0.3523491974745672,Bereikbaarheid_Voorzieningen,entropy,Voorzieningen
BU00720200,0.3562826575892092,Bereikbaarheid_Voorzieningen,entropy,Voorzieningen
BU00720209,0.3378745639232641,Bereikbaarheid_Voorzieningen,entropy,Voorzieningen
GM0074,0.19164268726549455,Bereikbaarheid_Voorzieningen,entropy,Voorzieningen
WK007401,0.20054442198804845,Bereikbaarheid_Voorzieningen,entropy,Voorzieningen
BU00740100,0.1951153511642639,Bereikbaarheid_Voorzieningen,entropy,Voorzieningen
BU00740101,0.21433129428495565,Bereikbaarheid_Voorzieningen,entropy,Voorzieningen
BU00740102,0.2537603132862372,Bereikbaarheid_Voorzieningen,entropy,Voorzieningen
BU00740103,0.18131254223948262,Bereikbaarheid_Voorzieningen,entropy,Voorzieningen
BU00740104,0.18003024308277416,Bereikbaarheid_Voorzieningen,entropy,Voorzieningen
BU00740105,0.24530886772443788,Bereikbaarheid_Voorzieningen,entropy,Voorzieningen
BU00740106,0.1591423302351773,Bereikbaarheid_Voorzieningen,entropy,Voorzieningen
BU00740107,0.21562484687828506,Bereikbaarheid_Voorzieningen,entropy,Voorzieningen
BU00740108,0.22972531087494674,Bereikbaarheid_Voorzieningen,entropy,Voorzieningen
BU00740109,0.23692576460881437,Bereikbaarheid_Voorzieningen,entropy,Voorzieningen
BU00740110,0.2120244849945948,Bereikbaarheid_Voorzieningen,entropy,Voorzieningen
WK007402,0.28057461539641365,Bereikbaarheid_Voorzieningen,entropy,Voorzieningen
BU00740201,0.350739449068635,Bereikbaarheid_Voorzieningen,entropy,Voorzieningen
BU00740202,0.2895595335165717,Bereikbaarheid_Voorzieningen,entropy,Voorzieningen
BU00740203,0.24644827974590863,Bereikbaarheid_Voorzieningen,entropy,Voorzieningen
BU00740204,0.31020021731305325,Bereikbaarheid_Voorzieningen,entropy,Voorzieningen
BU00740205,0.33128600745000264,Bereikbaarheid_Voorzieningen,entropy,Voorzieningen
WK007403,0.19817703773541648,Bereikbaarheid_Voorzieningen,entropy,Voorzieningen
BU00740301,0.1717296151400212,Bereikbaarheid_Voorzieningen,entropy,Voorzieningen
BU00740302,0.2731951065449999,Bereikbaarheid_Voorzieningen,entropy,Voorzieningen
WK007404,0.15771463986773773,Bereikbaarheid_Voorzieningen,entropy,Voorzieningen
BU00740401,0.1852026006260561,Bereikbaarheid_Voorzieningen,entropy,Voorzieningen
BU00740402,0.28479777568208386,Bereikbaarheid_Voorzieningen,entropy,Voorzieningen
BU00740403,0.25003576124232163,Bereikbaarheid_Voorzieningen,entropy,Voorzieningen
BU00740404,0.05747820206484825,Bereikbaarheid_Voorzieningen,entropy,Voorzieningen
BU00740405,0.1732117379418806,Bereikbaarheid_Voorzieningen,entropy,Voorzieningen
BU00740406,0.12209436709461698,Bereikbaarheid_Voorzieningen,entropy,Voorzieningen
BU00740407,0.24434059451192333,Bereikbaarheid_Voorzieningen,entropy,Voorzieningen
WK007406,0.18615430453125165,Bereikbaarheid_Voorzieningen,entropy,Voorzieningen
BU00740601,0.18615430453125165,Bereikbaarheid_Voorzieningen,entropy,Voorzieningen
WK007407,0.38580591515584894,Bereikbaarheid_Voorzieningen,entropy,Voorzieningen
BU00740701,0.410836180884407,Bereikbaarheid_Voorzieningen,entropy,Voorzieningen
BU00740702,0.3486958545982529,Bereikbaarheid_Voorzieningen,entropy,Voorzieningen
WK007409,0.1262942882257388,Bereikbaarheid_Voorzieningen,entropy,Voorzieningen
BU00740901,0.07663771624011198,Bereikbaarheid_Voorzieningen,entropy,Voorzieningen
BU00740902,0.13649064562994698,Bereikbaarheid_Voorzieningen,entropy,Voorzieningen
BU00740903,0.23183454774493967,Bereikbaarheid_Voorzieningen,entropy,Voorzieningen
GM0080,0.19444854788286103,Bereikbaarheid_Voorzieningen,entropy,Voorzieningen
WK008010,0.2968477943960868,Bereikbaarheid_Voorzieningen,entropy,Voorzieningen
BU00801001,0.2968398622725738,Bereikbaarheid_Voorzieningen,entropy,Voorzieningen
BU00801002,0.29290710491114785,Bereikbaarheid_Voorzieningen,entropy,Voorzieningen
BU00801003,0.28123391319109636,Bereikbaarheid_Voorzieningen,entropy,Voorzieningen
BU00801004,0.2738245402454252,Bereikbaarheid_Voorzieningen,entropy,Voorzieningen
BU00801005,0.29319154074137854,Bereikbaarheid_Voorzieningen,entropy,Voorzieningen
BU00801006,0.3298082727024245,Bereikbaarheid_Voorzieningen,entropy,Voorzieningen
BU00801007,0.31512147006786034,Bereikbaarheid_Voorzieningen,entropy,Voorzieningen
BU00801008,0.3102284003699941,Bereikbaarheid_Voorzieningen,entropy,Voorzieningen
WK008011,0.24791335810348172,Bereikbaarheid_Voorzieningen,entropy,Voorzieningen
BU00801101,0.3360772582609941,Bereikbaarheid_Voorzieningen,entropy,Voorzieningen
BU00801102,0.32297931707233773,Bereikbaarheid_Voorzieningen,entropy,Voorzieningen
BU00801103,0.25481591411663795,Bereikbaarheid_Voorzieningen,entropy,Voorzieningen
BU00801104,0.21830441689555785,Bereikbaarheid_Voorzieningen,entropy,Voorzieningen
BU00801105,0.16662326717460219,Bereikbaarheid_Voorzieningen,entropy,Voorzieningen
BU00801106,0.21946358067595878,Bereikbaarheid_Voorzieningen,entropy,Voorzieningen
BU00801107,0.260610519107819,Bereikbaarheid_Voorzieningen,entropy,Voorzieningen
BU00801108,0.22730415604858292,Bereikbaarheid_Voorzieningen,entropy,Voorzieningen
BU00801109,0.22731754649741315,Bereikbaarheid_Voorzieningen,entropy,Voorzieningen
WK008020,0.2638413932602416,Bereikbaarheid_Voorzieningen,entropy,Voorzieningen
BU00802001,0.26011180456679983,Bereikbaarheid_Voorzieningen,entropy,Voorzieningen
BU00802002,0.2389874879173254,Bereikbaarheid_Voorzieningen,entropy,Voorzieningen
BU00802003,0.28893381160388104,Bereikbaarheid_Voorzieningen,entropy,Voorzieningen
BU00802004,0.24188254645257184,Bereikbaarheid_Voorzieningen,entropy,Voorzieningen
BU00802005,0.2398267012667738,Bereikbaarheid_Voorzieningen,entropy,Voorzieningen
BU00802006,0.3059634418621996,Bereikbaarheid_Voorzieningen,entropy,Voorzieningen
BU00802007,0.24742364440642106,Bereikbaarheid_Voorzieningen,entropy,Voorzieningen
BU00802008,0.2965246651066455,Bereikbaarheid_Voorzieningen,entropy,Voorzieningen
BU00802009,0.2675435697444574,Bereikbaarheid_Voorzieningen,entropy,Voorzieningen
WK008030,0.241925557135806,Bereikbaarheid_Voorzieningen,entropy,Voorzieningen
BU00803001,0.26726442060368166,Bereikbaarheid_Voorzieningen,entropy,Voorzieningen
BU00803002,0.2220420355996473,Bereikbaarheid_Voorzieningen,entropy,Voorzieningen
BU00803003,0.25205175699189014,Bereikbaarheid_Voorzieningen,entropy,Voorzieningen
BU00803004,0.25545795199075216,Bereikbaarheid_Voorzieningen,entropy,Voorzieningen
BU00803005,0.2345426269339294,Bereikbaarheid_Voorzieningen,entropy,Voorzieningen
BU00803006,0.2227914183517707,Bereikbaarheid_Voorzieningen,entropy,Voorzieningen
BU00803007,0.21772513837419,Bereikbaarheid_Voorzieningen,entropy,Voorzieningen
WK008031,0.21409319181894637,Bereikbaarheid_Voorzieningen,entropy,Voorzieningen
BU00803101,0.21409319181894637,Bereikbaarheid_Voorzieningen,entropy,Voorzieningen
BU00803102,0.2361740342695095,Bereikbaarheid_Voorzieningen,entropy,Voorzieningen
WK008032,0.2612796041631274,Bereikbaarheid_Voorzieningen,entropy,Voorzieningen
BU00803201,0.2549162267664989,Bereikbaarheid_Voorzieningen,entropy,Voorzieningen
BU00803202,0.2517544414417549,Bereikbaarheid_Voorzieningen,entropy,Voorzieningen
BU00803203,0.25957041886429183,Bereikbaarheid_Voorzieningen,entropy,Voorzieningen
BU00803204,0.28743720498382275,Bereikbaarheid_Voorzieningen,entropy,Voorzieningen
WK008040,0.23600570526239464,Bereikbaarheid_Voorzieningen,entropy,Voorzieningen
BU00804001,0.2627401363125488,Bereikbaarheid_Voorzieningen,entropy,Voorzieningen
BU00804002,0.22358470887171158,Bereikbaarheid_Voorzieningen,entropy,Voorzieningen
BU00804003,0.22274328749708516,Bereikbaarheid_Voorzieningen,entropy,Voorzieningen
BU00804004,0.2196639364526838,Bereikbaarheid_Voorzieningen,entropy,Voorzieningen
WK008041,0.18449247495303753,Bereikbaarheid_Voorzieningen,entropy,Voorzieningen
BU00804101,0.18340637949915467,Bereikbaarheid_Voorzieningen,entropy,Voorzieningen
BU00804102,0.27331204327154374,Bereikbaarheid_Voorzieningen,entropy,Voorzieningen
BU00804103,0.24456291563397325,Bereikbaarheid_Voorzieningen,entropy,Voorzieningen
BU00804104,0.2615802640984243,Bereikbaarheid_Voorzieningen,entropy,Voorzieningen
BU00804105,0.24106156982011423,Bereikbaarheid_Voorzieningen,entropy,Voorzieningen
BU00804106,0.2735599509667298,Bereikbaarheid_Voorzieningen,entropy,Voorzieningen
BU00804107,0.2735599509667298,Bereikbaarheid_Voorzieningen,entropy,Voorzieningen
BU00804108,0.2735599509667298,Bereikbaarheid_Voorzieningen,entropy,Voorzieningen
BU00804109,0.22478505803151894,Bereikbaarheid_Voorzieningen,entropy,Voorzieningen
BU00804110,0.27547485237836966,Bereikbaarheid_Voorzieningen,entropy,Voorzieningen
WK008050,0.20072697220478494,Bereikbaarheid_Voorzieningen,entropy,Voorzieningen
BU00805001,0.19998207831254738,Bereikbaarheid_Voorzieningen,entropy,Voorzieningen
BU00805002,0.20400042006024346,Bereikbaarheid_Voorzieningen,entropy,Voorzieningen
BU00805003,0.24077068820203074,Bereikbaarheid_Voorzieningen,entropy,Voorzieningen
WK008051,0.12108056577238577,Bereikbaarheid_Voorzieningen,entropy,Voorzieningen
BU00805101,0.13164051654154385,Bereikbaarheid_Voorzieningen,entropy,Voorzieningen
BU00805102,0.1064722169801271,Bereikbaarheid_Voorzieningen,entropy,Voorzieningen
BU00805103,0.1057854952649336,Bereikbaarheid_Voorzieningen,entropy,Voorzieningen
BU00805104,0.26698229520362055,Bereikbaarheid_Voorzieningen,entropy,Voorzieningen
BU00805105,0.4009307868667083,Bereikbaarheid_Voorzieningen,entropy,Voorzieningen
WK008060,0.21612111543447213,Bereikbaarheid_Voorzieningen,entropy,Voorzieningen
BU00806001,0.21555656236591364,Bereikbaarheid_Voorzieningen,entropy,Voorzieningen
BU00806002,0.21916439200823667,Bereikbaarheid_Voorzieningen,entropy,Voorzieningen
BU00806003,0.23748207478467598,Bereikbaarheid_Voorzieningen,entropy,Voorzieningen
WK008061,0.20886360375068802,Bereikbaarheid_Voorzieningen,entropy,Voorzieningen
BU00806101,0.21350908722302447,Bereikbaarheid_Voorzieningen,entropy,Voorzieningen
BU00806102,0.19914973110192524,Bereikbaarheid_Voorzieningen,entropy,Voorzieningen
WK008062,0.18474840246891486,Bereikbaarheid_Voorzieningen,entropy,Voorzieningen
BU00806201,0.1394357772720392,Bereikbaarheid_Voorzieningen,entropy,Voorzieningen
BU00806202,0.1898045422978046,Bereikbaarheid_Voorzieningen,entropy,Voorzieningen
BU00806203,0.25644904147781306,Bereikbaarheid_Voorzieningen,entropy,Voorzieningen
BU00806204,0.2272997845657114,Bereikbaarheid_Voorzieningen,entropy,Voorzieningen
BU00806205,0.2351963951031704,Bereikbaarheid_Voorzieningen,entropy,Voorzieningen
BU00806206,0.266959017537776,Bereikbaarheid_Voorzieningen,entropy,Voorzieningen
BU00806207,0.17772685529973303,Bereikbaarheid_Voorzieningen,entropy,Voorzieningen
BU00806208,0.24495398255626274,Bereikbaarheid_Voorzieningen,entropy,Voorzieningen
BU00806209,0.10986395050263638,Bereikbaarheid_Voorzieningen,entropy,Voorzieningen
BU00806210,0.1999993926334897,Bereikbaarheid_Voorzieningen,entropy,Voorzieningen
WK008063,0.11880250881308868,Bereikbaarheid_Voorzieningen,entropy,Voorzieningen
BU00806301,0.10644259674572314,Bereikbaarheid_Voorzieningen,entropy,Voorzieningen
BU00806302,0.2617200635156931,Bereikbaarheid_Voorzieningen,entropy,Voorzieningen
BU00806303,0.21175428849598585,Bereikbaarheid_Voorzieningen,entropy,Voorzieningen
BU00806304,0.24172284263082242,Bereikbaarheid_Voorzieningen,entropy,Voorzieningen
BU00806305,0.1308921766499203,Bereikbaarheid_Voorzieningen,entropy,Voorzieningen
BU00806306,0.20659124034060342,Bereikbaarheid_Voorzieningen,entropy,Voorzieningen
BU00806307,0.27291280456253786,Bereikbaarheid_Voorzieningen,entropy,Voorzieningen
WK008070,0.1306401033610658,Bereikbaarheid_Voorzieningen,entropy,Voorzieningen
BU00807001,0.09304137095268868,Bereikbaarheid_Voorzieningen,entropy,Voorzieningen
BU00807002,0.14565541986166097,Bereikbaarheid_Voorzieningen,entropy,Voorzieningen
BU00807003,0.19092811772875629,Bereikbaarheid_Voorzieningen,entropy,Voorzieningen
BU00807004,0.23691096771435455,Bereikbaarheid_Voorzieningen,entropy,Voorzieningen
WK008071,0.20204961528304394,Bereikbaarheid_Voorzieningen,entropy,Voorzieningen
BU00807101,0.20204961528304394,Bereikbaarheid_Voorzieningen,entropy,Voorzieningen
WK008072,0.18947469436699205,Bereikbaarheid_Voorzieningen,entropy,Voorzieningen
BU00807201,0.1978251676434853,Bereikbaarheid_Voorzieningen,entropy,Voorzieningen
BU00807202,0.2266515633462405,Bereikbaarheid_Voorzieningen,entropy,Voorzieningen
BU00807203,0.18411393723682198,Bereikbaarheid_Voorzieningen,entropy,Voorzieningen
WK008073,0.16477769807656617,Bereikbaarheid_Voorzieningen,entropy,Voorzieningen
BU00807301,0.14970818846908465,Bereikbaarheid_Voorzieningen,entropy,Voorzieningen
BU00807302,0.20490267759665381,Bereikbaarheid_Voorzieningen,entropy,Voorzieningen
BU00807303,0.23431084370868793,Bereikbaarheid_Voorzieningen,entropy,Voorzieningen
BU00807304,0.27547485237836966,Bereikbaarheid_Voorzieningen,entropy,Voorzieningen
BU00807305,0.14550977124204545,Bereikbaarheid_Voorzieningen,entropy,Voorzieningen
BU00807306,0.12206852820180339,Bereikbaarheid_Voorzieningen,entropy,Voorzieningen
WK008074,0.2354599731546199,Bereikbaarheid_Voorzieningen,entropy,Voorzieningen
BU00807401,0.25831981902039214,Bereikbaarheid_Voorzieningen,entropy,Voorzieningen
BU00807402,0.18924297375636762,Bereikbaarheid_Voorzieningen,entropy,Voorzieningen
BU00807403,0.1827619358752443,Bereikbaarheid_Voorzieningen,entropy,Voorzieningen
BU00807404,0.20555943554885153,Bereikbaarheid_Voorzieningen,entropy,Voorzieningen
BU00807405,0.15267558683291702,Bereikbaarheid_Voorzieningen,entropy,Voorzieningen
WK008080,0.09600127210455879,Bereikbaarheid_Voorzieningen,entropy,Voorzieningen
BU00808001,0.08191965961780331,Bereikbaarheid_Voorzieningen,entropy,Voorzieningen
BU00808002,0.15126752287854642,Bereikbaarheid_Voorzieningen,entropy,Voorzieningen
BU00808003,0.1825849201866056,Bereikbaarheid_Voorzieningen,entropy,Voorzieningen
BU00808004,0.046663072468392644,Bereikbaarheid_Voorzieningen,entropy,Voorzieningen
BU00808005,0.1693238364860777,Bereikbaarheid_Voorzieningen,entropy,Voorzieningen
BU00808006,0.25718379385348034,Bereikbaarheid_Voorzieningen,entropy,Voorzieningen
BU00808007,0.16881702013910138,Bereikbaarheid_Voorzieningen,entropy,Voorzieningen
BU00808008,0.2843773475329804,Bereikbaarheid_Voorzieningen,entropy,Voorzieningen
WK008081,0.2004890121933948,Bereikbaarheid_Voorzieningen,entropy,Voorzieningen
BU00808101,0.06871535930135911,Bereikbaarheid_Voorzieningen,entropy,Voorzieningen
BU00808102,0.17105744673125897,Bereikbaarheid_Voorzieningen,entropy,Voorzieningen
BU00808103,0.15421860318645358,Bereikbaarheid_Voorzieningen,entropy,Voorzieningen
BU00808104,0.2067258118892862,Bereikbaarheid_Voorzieningen,entropy,Voorzieningen
BU00808105,0.15471893248218246,Bereikbaarheid_Voorzieningen,entropy,Voorzieningen
BU00808106,0.1965564464275773,Bereikbaarheid_Voorzieningen,entropy,Voorzieningen
BU00808107,0.29758739096830816,Bereikbaarheid_Voorzieningen,entropy,Voorzieningen
BU00808108,0.29274950755248513,Bereikbaarheid_Voorzieningen,entropy,Voorzieningen
BU00808109,0.3373198662098302,Bereikbaarheid_Voorzieningen,entropy,Voorzieningen
BU00808110,0.3495365528312353,Bereikbaarheid_Voorzieningen,entropy,Voorzieningen
BU00808111,0.4092875919183993,Bereikbaarheid_Voorzieningen,entropy,Voorzieningen
BU00808112,0.4436575593731995,Bereikbaarheid_Voorzieningen,entropy,Voorzieningen
BU00808113,0.27483641649829865,Bereikbaarheid_Voorzieningen,entropy,Voorzieningen
BU00808114,0.21903285655041363,Bereikbaarheid_Voorzieningen,entropy,Voorzieningen
BU00808115,0.1357289162286909,Bereikbaarheid_Voorzieningen,entropy,Voorzieningen
BU00808116,0.2074796254518192,Bereikbaarheid_Voorzieningen,entropy,Voorzieningen
BU00808117,0.27177266256002597,Bereikbaarheid_Voorzieningen,entropy,Voorzieningen
WK008082,0.1222689838199611,Bereikbaarheid_Voorzieningen,entropy,Voorzieningen
BU00808201,0.17268235815573743,Bereikbaarheid_Voorzieningen,entropy,Voorzieningen
BU00808202,0.26824978325664867,Bereikbaarheid_Voorzieningen,entropy,Voorzieningen
BU00808203,0.2948564652274745,Bereikbaarheid_Voorzieningen,entropy,Voorzieningen
BU00808204,0.30231343748179573,Bereikbaarheid_Voorzieningen,entropy,Voorzieningen
BU00808205,0.3694176182218675,Bereikbaarheid_Voorzieningen,entropy,Voorzieningen
BU00808206,0.07759732582333623,Bereikbaarheid_Voorzieningen,entropy,Voorzieningen
BU00808207,0.3273066823984725,Bereikbaarheid_Voorzieningen,entropy,Voorzieningen
BU00808208,0.17957899890363188,Bereikbaarheid_Voorzieningen,entropy,Voorzieningen
BU00808209,0.3028743019021374,Bereikbaarheid_Voorzieningen,entropy,Voorzieningen
GM1970,0.15238069101990998,Bereikbaarheid_Voorzieningen,entropy,Voorzieningen
WK197000,0.1769831312613504,Bereikbaarheid_Voorzieningen,entropy,Voorzieningen
BU19700000,0.18243529570245792,Bereikbaarheid_Voorzieningen,entropy,Voorzieningen
BU19700001,0.17673263425742658,Bereikbaarheid_Voorzieningen,entropy,Voorzieningen
BU19700002,0.15347156985925775,Bereikbaarheid_Voorzieningen,entropy,Voorzieningen
BU19700003,0.19164118898978647,Bereikbaarheid_Voorzieningen,entropy,Voorzieningen
BU19700004,0.20964568446229476,Bereikbaarheid_Voorzieningen,entropy,Voorzieningen
BU19700005,0.14418555051097637,Bereikbaarheid_Voorzieningen,entropy,Voorzieningen
BU19700006,0.17120254615216973,Bereikbaarheid_Voorzieningen,entropy,Voorzieningen
BU19700007,0.1767501702944182,Bereikbaarheid_Voorzieningen,entropy,Voorzieningen
BU19700008,0.18515590871954074,Bereikbaarheid_Voorzieningen,entropy,Voorzieningen
BU19700009,0.16979349398390547,Bereikbaarheid_Voorzieningen,entropy,Voorzieningen
BU19700010,0.2049037723339019,Bereikbaarheid_Voorzieningen,entropy,Voorzieningen
BU19700011,0.174515661621447,Bereikbaarheid_Voorzieningen,entropy,Voorzieningen
WK197001,0.16889044974367215,Bereikbaarheid_Voorzieningen,entropy,Voorzieningen
BU19700100,0.11405901586744517,Bereikbaarheid_Voorzieningen,entropy,Voorzieningen
BU19700101,0.28304781187041084,Bereikbaarheid_Voorzieningen,entropy,Voorzieningen
BU19700102,0.14858499239753667,Bereikbaarheid_Voorzieningen,entropy,Voorzieningen
BU19700103,0.2611072070173892,Bereikbaarheid_Voorzieningen,entropy,Voorzieningen
BU19700104,0.22989973463680297,Bereikbaarheid_Voorzieningen,entropy,Voorzieningen
BU19700105,0.34276824317638843,Bereikbaarheid_Voorzieningen,entropy,Voorzieningen
BU19700107,0.16394422784600138,Bereikbaarheid_Voorzieningen,entropy,Voorzieningen
BU19700108,0.20334740845905377,Bereikbaarheid_Voorzieningen,entropy,Voorzieningen
BU19700109,0.29910107531753416,Bereikbaarheid_Voorzieningen,entropy,Voorzieningen
WK197002,0.27001272757478806,Bereikbaarheid_Voorzieningen,entropy,Voorzieningen
BU19700200,0.23777943411995478,Bereikbaarheid_Voorzieningen,entropy,Voorzieningen
BU19700201,0.2893133566292872,Bereikbaarheid_Voorzieningen,entropy,Voorzieningen
BU19700202,0.32016641410677793,Bereikbaarheid_Voorzieningen,entropy,Voorzieningen
BU19700208,0.2753256209911698,Bereikbaarheid_Voorzieningen,entropy,Voorzieningen
BU19700209,0.3464014251269381,Bereikbaarheid_Voorzieningen,entropy,Voorzieningen
WK197003,0.11937753924500633,Bereikbaarheid_Voorzieningen,entropy,Voorzieningen
BU19700300,0.027810384987466626,Bereikbaarheid_Voorzieningen,entropy,Voorzieningen
BU19700301,0.22404782630430414,Bereikbaarheid_Voorzieningen,entropy,Voorzieningen
BU19700302,0.22479298690875718,Bereikbaarheid_Voorzieningen,entropy,Voorzieningen
BU19700303,0.23428076609729348,Bereikbaarheid_Voorzieningen,entropy,Voorzieningen
BU19700307,0.14529866482217368,Bereikbaarheid_Voorzieningen,entropy,Voorzieningen
BU19700308,0.2324651075737681,Bereikbaarheid_Voorzieningen,entropy,Voorzieningen
BU19700309,0.2514467556627461,Bereikbaarheid_Voorzieningen,entropy,Voorzieningen
WK197004,0.140590160402734,Bereikbaarheid_Voorzieningen,entropy,Voorzieningen
BU19700400,0.0868224324841623,Bereikbaarheid_Voorzieningen,entropy,Voorzieningen
BU19700401,0.3455731273320696,Bereikbaarheid_Voorzieningen,entropy,Voorzieningen
BU19700408,0.16573968263165378,Bereikbaarheid_Voorzieningen,entropy,Voorzieningen
BU19700409,0.2867586974087648,Bereikbaarheid_Voorzieningen,entropy,Voorzieningen
WK197005,0.17351432022172453,Bereikbaarheid_Voorzieningen,entropy,Voorzieningen
BU19700500,0.04359235630072021,Bereikbaarheid_Voorzieningen,entropy,Voorzieningen
BU19700501,0.4164209936425859,Bereikbaarheid_Voorzieningen,entropy,Voorzieningen
BU19700502,0.2649832770853051,Bereikbaarheid_Voorzieningen,entropy,Voorzieningen
BU19700503,0.3716743270207007,Bereikbaarheid_Voorzieningen,entropy,Voorzieningen
BU19700506,0.1384846062807586,Bereikbaarheid_Voorzieningen,entropy,Voorzieningen
BU19700507,0.3214029614843024,Bereikbaarheid_Voorzieningen,entropy,Voorzieningen
BU19700508,0.27143806179287105,Bereikbaarheid_Voorzieningen,entropy,Voorzieningen
BU19700509,0.33566278520746334,Bereikbaarheid_Voorzieningen,entropy,Voorzieningen
WK197006,0.09885683466184869,Bereikbaarheid_Voorzieningen,entropy,Voorzieningen
BU19700600,0.036337317475934175,Bereikbaarheid_Voorzieningen,entropy,Voorzieningen
BU19700601,0.1753907931100772,Bereikbaarheid_Voorzieningen,entropy,Voorzieningen
BU19700602,0.25559299015541226,Bereikbaarheid_Voorzieningen,entropy,Voorzieningen
BU19700603,0.28601266335443126,Bereikbaarheid_Voorzieningen,entropy,Voorzieningen
BU19700604,0.17560243064730274,Bereikbaarheid_Voorzieningen,entropy,Voorzieningen
BU19700605,0.19840638337417757,Bereikbaarheid_Voorzieningen,entropy,Voorzieningen
BU19700608,0.16151940608654314,Bereikbaarheid_Voorzieningen,entropy,Voorzieningen
BU19700609,0.3064563209695949,Bereikbaarheid_Voorzieningen,entropy,Voorzieningen
WK197007,0.2516741581101493,Bereikbaarheid_Voorzieningen,entropy,Voorzieningen
BU19700700,0.21349677943116752,Bereikbaarheid_Voorzieningen,entropy,Voorzieningen
BU19700701,0.3339141257620014,Bereikbaarheid_Voorzieningen,entropy,Voorzieningen
BU19700702,0.3075027525596381,Bereikbaarheid_Voorzieningen,entropy,Voorzieningen
BU19700703,0.30024339838922376,Bereikbaarheid_Voorzieningen,entropy,Voorzieningen
BU19700708,0.20766833486869357,Bereikbaarheid_Voorzieningen,entropy,Voorzieningen
BU19700709,0.25824793260586143,Bereikbaarheid_Voorzieningen,entropy,Voorzieningen
WK197008,0.10737663754554927,Bereikbaarheid_Voorzieningen,entropy,Voorzieningen
BU19700800,0.05909712115404002,Bereikbaarheid_Voorzieningen,entropy,Voorzieningen
BU19700801,0.09609823793502523,Bereikbaarheid_Voorzieningen,entropy,Voorzieningen
BU19700802,0.1447156040259493,Bereikbaarheid_Voorzieningen,entropy,Voorzieningen
BU19700803,0.2359600653887073,Bereikbaarheid_Voorzieningen,entropy,Voorzieningen
BU19700807,0.16945614528140368,Bereikbaarheid_Voorzieningen,entropy,Voorzieningen
BU19700808,0.1720007360667104,Bereikbaarheid_Voorzieningen,entropy,Voorzieningen
BU19700809,0.21681404005992444,Bereikbaarheid_Voorzieningen,entropy,Voorzieningen
WK197009,0.09317401790188048,Bereikbaarheid_Voorzieningen,entropy,Voorzieningen
BU19700900,0.07591380676635169,Bereikbaarheid_Voorzieningen,entropy,Voorzieningen
BU19700909,0.1958677851959824,Bereikbaarheid_Voorzieningen,entropy,Voorzieningen
WK197010,0.23727712123606098,Bereikbaarheid_Voorzieningen,entropy,Voorzieningen
BU19701000,0.18387501982548016,Bereikbaarheid_Voorzieningen,entropy,Voorzieningen
BU19701001,0.261505537113238,Bereikbaarheid_Voorzieningen,entropy,Voorzieningen
BU19701002,0.25309557798334714,Bereikbaarheid_Voorzieningen,entropy,Voorzieningen
BU19701003,0.3189834487561453,Bereikbaarheid_Voorzieningen,entropy,Voorzieningen
BU19701004,0.4032261117010679,Bereikbaarheid_Voorzieningen,entropy,Voorzieningen
BU19701005,0.3476055389501177,Bereikbaarheid_Voorzieningen,entropy,Voorzieningen
BU19701006,0.3735231418865559,Bereikbaarheid_Voorzieningen,entropy,Voorzieningen
BU19701008,0.22162702037005572,Bereikbaarheid_Voorzieningen,entropy,Voorzieningen
BU19701009,0.32794114489480647,Bereikbaarheid_Voorzieningen,entropy,Voorzieningen
WK197011,0.09454023059409106,Bereikbaarheid_Voorzieningen,entropy,Voorzieningen
BU19701100,0.08541912480266106,Bereikbaarheid_Voorzieningen,entropy,Voorzieningen
BU19701109,0.21272791983960582,Bereikbaarheid_Voorzieningen,entropy,Voorzieningen
WK197012,0.29638778690395834,Bereikbaarheid_Voorzieningen,entropy,Voorzieningen
BU19701200,0.24615246946773547,Bereikbaarheid_Voorzieningen,entropy,Voorzieningen
BU19701201,0.36915761664812496,Bereikbaarheid_Voorzieningen,entropy,Voorzieningen
BU19701202,0.42747781525511025,Bereikbaarheid_Voorzieningen,entropy,Voorzieningen
BU19701203,0.21328410259343059,Bereikbaarheid_Voorzieningen,entropy,Voorzieningen
BU19701204,0.269218369974106,Bereikbaarheid_Voorzieningen,entropy,Voorzieningen
BU19701206,0.3117285112216256,Bereikbaarheid_Voorzieningen,entropy,Voorzieningen
BU19701207,0.38147415198319257,Bereikbaarheid_Voorzieningen,entropy,Voorzieningen
BU19701208,0.395789596151002,Bereikbaarheid_Voorzieningen,entropy,Voorzieningen
BU19701209,0.31382251542798295,Bereikbaarheid_Voorzieningen,entropy,Voorzieningen
WK197013,0.18130615901621847,Bereikbaarheid_Voorzieningen,entropy,Voorzieningen
BU19701300,0.169960778408982,Bereikbaarheid_Voorzieningen,entropy,Voorzieningen
BU19701301,0.173791187159913,Bereikbaarheid_Voorzieningen,entropy,Voorzieningen
BU19701302,0.16283520998197606,Bereikbaarheid_Voorzieningen,entropy,Voorzieningen
BU19701308,0.22800571555076424,Bereikbaarheid_Voorzieningen,entropy,Voorzieningen
BU19701309,0.3033532692165464,Bereikbaarheid_Voorzieningen,entropy,Voorzieningen
WK197014,0.09001400362211624,Bereikbaarheid_Voorzieningen,entropy,Voorzieningen
BU19701400,0.07142336110731404,Bereikbaarheid_Voorzieningen,entropy,Voorzieningen
BU19701401,0.13655570902342223,Bereikbaarheid_Voorzieningen,entropy,Voorzieningen
BU19701402,0.1465492368527097,Bereikbaarheid_Voorzieningen,entropy,Voorzieningen
BU19701409,0.22194334372036723,Bereikbaarheid_Voorzieningen,entropy,Voorzieningen
GM0085,0.13175799968984864,Bereikbaarheid_Voorzieningen,entropy,Voorzieningen
WK008501,0.11685577861108186,Bereikbaarheid_Voorzieningen,entropy,Voorzieningen
BU00850101,0.09768833231230517,Bereikbaarheid_Voorzieningen,entropy,Voorzieningen
BU00850102,0.111230065736394,Bereikbaarheid_Voorzieningen,entropy,Voorzieningen
BU00850103,0.06595850897059229,Bereikbaarheid_Voorzieningen,entropy,Voorzieningen
BU00850104,0.03861035309011227,Bereikbaarheid_Voorzieningen,entropy,Voorzieningen
BU00850105,0.06529822999919334,Bereikbaarheid_Voorzieningen,entropy,Voorzieningen
BU00850106,0.16974851323514742,Bereikbaarheid_Voorzieningen,entropy,Voorzieningen
BU00850107,0.08856722652087518,Bereikbaarheid_Voorzieningen,entropy,Voorzieningen
BU00850108,0.12414298427799743,Bereikbaarheid_Voorzieningen,entropy,Voorzieningen
BU00850109,0.09237851935676161,Bereikbaarheid_Voorzieningen,entropy,Voorzieningen
BU00850110,0.048629281388233025,Bereikbaarheid_Voorzieningen,entropy,Voorzieningen
BU00850111,0.22032335727860933,Bereikbaarheid_Voorzieningen,entropy,Voorzieningen
WK008502,0.10002419727797798,Bereikbaarheid_Voorzieningen,entropy,Voorzieningen
BU00850201,0.04672485954492612,Bereikbaarheid_Voorzieningen,entropy,Voorzieningen
BU00850202,0.048612614622461046,Bereikbaarheid_Voorzieningen,entropy,Voorzieningen
BU00850203,0.1916805517604748,Bereikbaarheid_Voorzieningen,entropy,Voorzieningen
WK008503,0.2992038758251378,Bereikbaarheid_Voorzieningen,entropy,Voorzieningen
BU00850301,0.26751495259993396,Bereikbaarheid_Voorzieningen,entropy,Voorzieningen
BU00850302,0.3381261497642366,Bereikbaarheid_Voorzieningen,entropy,Voorzieningen
WK008504,0.28553915342614183,Bereikbaarheid_Voorzieningen,entropy,Voorzieningen
BU00850401,0.2697062393061411,Bereikbaarheid_Voorzieningen,entropy,Voorzieningen
BU00850402,0.29574635467145466,Bereikbaarheid_Voorzieningen,entropy,Voorzieningen
WK008505,0.28516956694356443,Bereikbaarheid_Voorzieningen,entropy,Voorzieningen
BU00850501,0.31507676910367044,Bereikbaarheid_Voorzieningen,entropy,Voorzieningen
BU00850502,0.27130567600254285,Bereikbaarheid_Voorzieningen,entropy,Voorzieningen
WK008506,0.06901476639767073,Bereikbaarheid_Voorzieningen,entropy,Voorzieningen
BU00850601,0.05614847343879081,Bereikbaarheid_Voorzieningen,entropy,Voorzieningen
BU00850602,0.04515477406363585,Bereikbaarheid_Voorzieningen,entropy,Voorzieningen
BU00850603,0.034387775321865766,Bereikbaarheid_Voorzieningen,entropy,Voorzieningen
BU00850604,0.036018506778395895,Bereikbaarheid_Voorzieningen,entropy,Voorzieningen
BU00850605,0.06526957923022081,Bereikbaarheid_Voorzieningen,entropy,Voorzieningen
BU00850606,0.06526957923022081,Bereikbaarheid_Voorzieningen,entropy,Voorzieningen
BU00850607,0.04323669599848099,Bereikbaarheid_Voorzieningen,entropy,Voorzieningen
BU00850608,0.14924728643062568,Bereikbaarheid_Voorzieningen,entropy,Voorzieningen
WK008507,0.29239869832738213,Bereikbaarheid_Voorzieningen,entropy,Voorzieningen
BU00850701,0.287671510712601,Bereikbaarheid_Voorzieningen,entropy,Voorzieningen
BU00850702,0.3111696816658635,Bereikbaarheid_Voorzieningen,entropy,Voorzieningen
WK008508,0.16007776638074098,Bereikbaarheid_Voorzieningen,entropy,Voorzieningen
BU00850801,0.11371897305976279,Bereikbaarheid_Voorzieningen,entropy,Voorzieningen
BU00850802,0.22989788105028067,Bereikbaarheid_Voorzieningen,entropy,Voorzieningen
WK008509,0.32445844104155797,Bereikbaarheid_Voorzieningen,entropy,Voorzieningen
BU00850901,0.3469500126582043,Bereikbaarheid_Voorzieningen,entropy,Voorzieningen
BU00850902,0.3151793852905559,Bereikbaarheid_Voorzieningen,entropy,Voorzieningen
WK008510,0.077848525580476,Bereikbaarheid_Voorzieningen,entropy,Voorzieningen
BU00851001,0.05144481778941026,Bereikbaarheid_Voorzieningen,entropy,Voorzieningen
BU00851002,0.050772554814810744,Bereikbaarheid_Voorzieningen,entropy,Voorzieningen
BU00851003,0.1781806892862059,Bereikbaarheid_Voorzieningen,entropy,Voorzieningen
WK008511,0.12592630619511488,Bereikbaarheid_Voorzieningen,entropy,Voorzieningen
BU00851101,0.1591029066380688,Bereikbaarheid_Voorzieningen,entropy,Voorzieningen
BU00851102,0.1773451182209288,Bereikbaarheid_Voorzieningen,entropy,Voorzieningen
BU00851103,0.1317547507575888,Bereikbaarheid_Voorzieningen,entropy,Voorzieningen
BU00851104,0.08990957046169874,Bereikbaarheid_Voorzieningen,entropy,Voorzieningen
BU00851105,0.08237371164536898,Bereikbaarheid_Voorzieningen,entropy,Voorzieningen
BU00851106,0.09246958851383319,Bereikbaarheid_Voorzieningen,entropy,Voorzieningen
BU00851107,0.09530179168078239,Bereikbaarheid_Voorzieningen,entropy,Voorzieningen
BU00851108,0.11262670067123863,Bereikbaarheid_Voorzieningen,entropy,Voorzieningen
BU00851109,0.14250341051493953,Bereikbaarheid_Voorzieningen,entropy,Voorzieningen
BU00851110,0.10026678954307075,Bereikbaarheid_Voorzieningen,entropy,Voorzieningen
BU00851111,0.12351630597903962,Bereikbaarheid_Voorzieningen,entropy,Voorzieningen
BU00851112,0.10469394148573354,Bereikbaarheid_Voorzieningen,entropy,Voorzieningen
BU00851113,0.09682525157934914,Bereikbaarheid_Voorzieningen,entropy,Voorzieningen
BU00851114,0.09903067625312874,Bereikbaarheid_Voorzieningen,entropy,Voorzieningen
BU00851115,0.10443691786472874,Bereikbaarheid_Voorzieningen,entropy,Voorzieningen
BU00851116,0.11789852522786472,Bereikbaarheid_Voorzieningen,entropy,Voorzieningen
BU00851117,0.13173958926377885,Bereikbaarheid_Voorzieningen,entropy,Voorzieningen
BU00851118,0.25773090502220275,Bereikbaarheid_Voorzieningen,entropy,Voorzieningen
WK008512,0.27637574064389137,Bereikbaarheid_Voorzieningen,entropy,Voorzieningen
BU00851201,0.25484086783207527,Bereikbaarheid_Voorzieningen,entropy,Voorzieningen
BU00851202,0.3139462592634941,Bereikbaarheid_Voorzieningen,entropy,Voorzieningen
WK008513,0.17573182592847592,Bereikbaarheid_Voorzieningen,entropy,Voorzieningen
BU00851301,0.14561298818456242,Bereikbaarheid_Voorzieningen,entropy,Voorzieningen
BU00851302,0.22666012267768082,Bereikbaarheid_Voorzieningen,entropy,Voorzieningen
GM0086,0.12456765965918772,Bereikbaarheid_Voorzieningen,entropy,Voorzieningen
WK008601,0.07892237031894285,Bereikbaarheid_Voorzieningen,entropy,Voorzieningen
BU00860101,0.04265768418932851,Bereikbaarheid_Voorzieningen,entropy,Voorzieningen
BU00860102,0.0473461783448991,Bereikbaarheid_Voorzieningen,entropy,Voorzieningen
BU00860103,0.18466773923355204,Bereikbaarheid_Voorzieningen,entropy,Voorzieningen
WK008602,0.07932535989631924,Bereikbaarheid_Voorzieningen,entropy,Voorzieningen
BU00860201,0.033766456521892786,Bereikbaarheid_Voorzieningen,entropy,Voorzieningen
BU00860202,0.04480246288786824,Bereikbaarheid_Voorzieningen,entropy,Voorzieningen
BU00860203,0.062287797514487715,Bereikbaarheid_Voorzieningen,entropy,Voorzieningen
BU00860204,0.07694320699127283,Bereikbaarheid_Voorzieningen,entropy,Voorzieningen
BU00860205,0.05746920071037383,Bereikbaarheid_Voorzieningen,entropy,Voorzieningen
BU00860206,0.10847233828079017,Bereikbaarheid_Voorzieningen,entropy,Voorzieningen
BU00860207,0.12573977878661594,Bereikbaarheid_Voorzieningen,entropy,Voorzieningen
BU00860208,0.26942682576022703,Bereikbaarheid_Voorzieningen,entropy,Voorzieningen
BU00860209,0.13257516032905595,Bereikbaarheid_Voorzieningen,entropy,Voorzieningen
WK008604,0.1756881124920258,Bereikbaarheid_Voorzieningen,entropy,Voorzieningen
BU00860401,0.17390736319943645,Bereikbaarheid_Voorzieningen,entropy,Voorzieningen
BU00860402,0.2058228158508446,Bereikbaarheid_Voorzieningen,entropy,Voorzieningen
WK008605,0.10968140302165869,Bereikbaarheid_Voorzieningen,entropy,Voorzieningen
BU00860501,0.09311337192664061,Bereikbaarheid_Voorzieningen,entropy,Voorzieningen
BU00860502,0.14124517401230366,Bereikbaarheid_Voorzieningen,entropy,Voorzieningen
BU00860503,0.12096448582343593,Bereikbaarheid_Voorzieningen,entropy,Voorzieningen
BU00860504,0.12272689476372642,Bereikbaarheid_Voorzieningen,entropy,Voorzieningen
BU00860505,0.10968184000185693,Bereikbaarheid_Voorzieningen,entropy,Voorzieningen
BU00860506,0.07845116818136141,Bereikbaarheid_Voorzieningen,entropy,Voorzieningen
BU00860507,0.11411154085932235,Bereikbaarheid_Voorzieningen,entropy,Voorzieningen
BU00860508,0.24886214102840382,Bereikbaarheid_Voorzieningen,entropy,Voorzieningen
WK008606,0.3124982427383316,Bereikbaarheid_Voorzieningen,entropy,Voorzieningen
BU00860601,0.30369162905253677,Bereikbaarheid_Voorzieningen,entropy,Voorzieningen
BU00860602,0.3263316413629481,Bereikbaarheid_Voorzieningen,entropy,Voorzieningen
WK008607,0.27686829137061847,Bereikbaarheid_Voorzieningen,entropy,Voorzieningen
BU00860701,0.26871402453270976,Bereikbaarheid_Voorzieningen,entropy,Voorzieningen
BU00860702,0.28359526119299916,Bereikbaarheid_Voorzieningen,entropy,Voorzieningen
WK008608,0.15318561722849114,Bereikbaarheid_Voorzieningen,entropy,Voorzieningen
BU00860801,0.1242522143729109,Bereikbaarheid_Voorzieningen,entropy,Voorzieningen
BU00860802,0.21874623171555355,Bereikbaarheid_Voorzieningen,entropy,Voorzieningen
WK008609,0.1653821033582981,Bereikbaarheid_Voorzieningen,entropy,Voorzieningen
BU00860901,0.14708101547729857,Bereikbaarheid_Voorzieningen,entropy,Voorzieningen
BU00860902,0.20937557979376423,Bereikbaarheid_Voorzieningen,entropy,Voorzieningen
WK008610,0.3261128946912178,Bereikbaarheid_Voorzieningen,entropy,Voorzieningen
BU00861001,0.3429054183944428,Bereikbaarheid_Voorzieningen,entropy,Voorzieningen
BU00861002,0.2947192515660312,Bereikbaarheid_Voorzieningen,entropy,Voorzieningen
WK008611,0.11308572678132923,Bereikbaarheid_Voorzieningen,entropy,Voorzieningen
BU00861101,0.0692414670310556,Bereikbaarheid_Voorzieningen,entropy,Voorzieningen
BU00861102,0.22137190037457527,Bereikbaarheid_Voorzieningen,entropy,Voorzieningen
WK008613,0.19466886103248657,Bereikbaarheid_Voorzieningen,entropy,Voorzieningen
BU00861301,0.15065651117394982,Bereikbaarheid_Voorzieningen,entropy,Voorzieningen
BU00861302,0.22624505300653033,Bereikbaarheid_Voorzieningen,entropy,Voorzieningen
WK008614,0.1689895234051048,Bereikbaarheid_Voorzieningen,entropy,Voorzieningen
BU00861401,0.13329882773952395,Bereikbaarheid_Voorzieningen,entropy,Voorzieningen
BU00861402,0.2265298507003524,Bereikbaarheid_Voorzieningen,entropy,Voorzieningen
WK008615,0.19060065831883818,Bereikbaarheid_Voorzieningen,entropy,Voorzieningen
BU00861501,0.14579678898534026,Bereikbaarheid_Voorzieningen,entropy,Voorzieningen
BU00861502,0.2800667496213653,Bereikbaarheid_Voorzieningen,entropy,Voorzieningen
WK008616,0.08957663917743235,Bereikbaarheid_Voorzieningen,entropy,Voorzieningen
BU00861601,0.04744411227291753,Bereikbaarheid_Voorzieningen,entropy,Voorzieningen
BU00861602,0.06625017417112003,Bereikbaarheid_Voorzieningen,entropy,Voorzieningen
BU00861603,0.08487298352805178,Bereikbaarheid_Voorzieningen,entropy,Voorzieningen
BU00861604,0.03798471569823628,Bereikbaarheid_Voorzieningen,entropy,Voorzieningen
BU00861605,0.059715090827541395,Bereikbaarheid_Voorzieningen,entropy,Voorzieningen
BU00861606,0.26616250922896784,Bereikbaarheid_Voorzieningen,entropy,Voorzieningen
BU00861607,0.21289336357461333,Bereikbaarheid_Voorzieningen,entropy,Voorzieningen
WK008617,0.11210690288540975,Bereikbaarheid_Voorzieningen,entropy,Voorzieningen
BU00861701,0.030642588154415833,Bereikbaarheid_Voorzieningen,entropy,Voorzieningen
BU00861702,0.04603743507651664,Bereikbaarheid_Voorzieningen,entropy,Voorzieningen
BU00861703,0.2160190744287205,Bereikbaarheid_Voorzieningen,entropy,Voorzieningen
GM0088,0.03504373570136169,Bereikbaarheid_Voorzieningen,entropy,Voorzieningen
WK008800,0.03504373570136169,Bereikbaarheid_Voorzieningen,entropy,Voorzieningen
BU00880000,0.030642588154415833,Bereikbaarheid_Voorzieningen,entropy,Voorzieningen
BU00880009,0.11462029535482068,Bereikbaarheid_Voorzieningen,entropy,Voorzieningen
GM0090,0.19397319273218255,Bereikbaarheid_Voorzieningen,entropy,Voorzieningen
WK009001,0.25388318374689056,Bereikbaarheid_Voorzieningen,entropy,Voorzieningen
BU00900101,0.25388318374689056,Bereikbaarheid_Voorzieningen,entropy,Voorzieningen
WK009002,0.18089298702974374,Bereikbaarheid_Voorzieningen,entropy,Voorzieningen
BU00900201,0.20593295592679464,Bereikbaarheid_Voorzieningen,entropy,Voorzieningen
BU00900202,0.18218040772578303,Bereikbaarheid_Voorzieningen,entropy,Voorzieningen
BU00900203,0.1923041337836714,Bereikbaarheid_Voorzieningen,entropy,Voorzieningen
BU00900204,0.17713263836848384,Bereikbaarheid_Voorzieningen,entropy,Voorzieningen
BU00900205,0.17239028925989278,Bereikbaarheid_Voorzieningen,entropy,Voorzieningen
BU00900206,0.1850733292488202,Bereikbaarheid_Voorzieningen,entropy,Voorzieningen
WK009003,0.25241357837266254,Bereikbaarheid_Voorzieningen,entropy,Voorzieningen
BU00900301,0.27778866056235535,Bereikbaarheid_Voorzieningen,entropy,Voorzieningen
BU00900302,0.2431623718110846,Bereikbaarheid_Voorzieningen,entropy,Voorzieningen
BU00900303,0.24683378832748226,Bereikbaarheid_Voorzieningen,entropy,Voorzieningen
BU00900304,0.22389725829650492,Bereikbaarheid_Voorzieningen,entropy,Voorzieningen
WK009004,0.16301293498152206,Bereikbaarheid_Voorzieningen,entropy,Voorzieningen
BU00900401,0.14403587176798072,Bereikbaarheid_Voorzieningen,entropy,Voorzieningen
BU00900402,0.18505991141530803,Bereikbaarheid_Voorzieningen,entropy,Voorzieningen
BU00900403,0.20202848610287044,Bereikbaarheid_Voorzieningen,entropy,Voorzieningen
BU00900404,0.1658910609779788,Bereikbaarheid_Voorzieningen,entropy,Voorzieningen
BU00900405,0.16315070210216523,Bereikbaarheid_Voorzieningen,entropy,Voorzieningen
BU00900406,0.14321764326569136,Bereikbaarheid_Voorzieningen,entropy,Voorzieningen
WK009005,0.2120596363638458,Bereikbaarheid_Voorzieningen,entropy,Voorzieningen
BU00900501,0.20627420248460604,Bereikbaarheid_Voorzieningen,entropy,Voorzieningen
BU00900502,0.23006396625754816,Bereikbaarheid_Voorzieningen,entropy,Voorzieningen
WK009006,0.18884381942665046,Bereikbaarheid_Voorzieningen,entropy,Voorzieningen
BU00900601,0.19068565304255727,Bereikbaarheid_Voorzieningen,entropy,Voorzieningen
BU00900602,0.1858161139422122,Bereikbaarheid_Voorzieningen,entropy,Voorzieningen
BU00900603,0.19545153274866955,Bereikbaarheid_Voorzieningen,entropy,Voorzieningen
WK009007,0.18275031892544696,Bereikbaarheid_Voorzieningen,entropy,Voorzieningen
BU00900701,0.16948140192773845,Bereikbaarheid_Voorzieningen,entropy,Voorzieningen
BU00900702,0.1379720893883159,Bereikbaarheid_Voorzieningen,entropy,Voorzieningen
BU00900703,0.17485484675352275,Bereikbaarheid_Voorzieningen,entropy,Voorzieningen
BU00900704,0.21994385603834676,Bereikbaarheid_Voorzieningen,entropy,Voorzieningen
BU00900705,0.16554429952892513,Bereikbaarheid_Voorzieningen,entropy,Voorzieningen
BU00900706,0.21811143243323303,Bereikbaarheid_Voorzieningen,entropy,Voorzieningen
WK009008,0.2327567574698887,Bereikbaarheid_Voorzieningen,entropy,Voorzieningen
BU00900801,0.24718476543846832,Bereikbaarheid_Voorzieningen,entropy,Voorzieningen
BU00900802,0.22352362454839408,Bereikbaarheid_Voorzieningen,entropy,Voorzieningen
BU00900803,0.2146580371060069,Bereikbaarheid_Voorzieningen,entropy,Voorzieningen
WK009009,0.2205088725325878,Bereikbaarheid_Voorzieningen,entropy,Voorzieningen
BU00900901,0.2283176205848277,Bereikbaarheid_Voorzieningen,entropy,Voorzieningen
BU00900902,0.23671622334812703,Bereikbaarheid_Voorzieningen,entropy,Voorzieningen
BU00900903,0.21221004618393707,Bereikbaarheid_Voorzieningen,entropy,Voorzieningen
BU00900904,0.22425723719064714,Bereikbaarheid_Voorzieningen,entropy,Voorzieningen
WK009010,0.21276623014878435,Bereikbaarheid_Voorzieningen,entropy,Voorzieningen
BU00901001,0.216803785269978,Bereikbaarheid_Voorzieningen,entropy,Voorzieningen
BU00901002,0.22103111767112812,Bereikbaarheid_Voorzieningen,entropy,Voorzieningen
BU00901003,0.20906987658923595,Bereikbaarheid_Voorzieningen,entropy,Voorzieningen
BU00901004,0.20912011664276708,Bereikbaarheid_Voorzieningen,entropy,Voorzieningen
WK009011,0.2310152777500299,Bereikbaarheid_Voorzieningen,entropy,Voorzieningen
BU00901101,0.2310152777500299,Bereikbaarheid_Voorzieningen,entropy,Voorzieningen
WK009012,0.25318884024868626,Bereikbaarheid_Voorzieningen,entropy,Voorzieningen
BU00901201,0.25221406917165207,Bereikbaarheid_Voorzieningen,entropy,Voorzieningen
BU00901202,0.2564199801741266,Bereikbaarheid_Voorzieningen,entropy,Voorzieningen
WK009013,0.16142504026528676,Bereikbaarheid_Voorzieningen,entropy,Voorzieningen
BU00901301,0.14870735826815465,Bereikbaarheid_Voorzieningen,entropy,Voorzieningen
BU00901302,0.1482942285420873,Bereikbaarheid_Voorzieningen,entropy,Voorzieningen
BU00901303,0.1883740881800952,Bereikbaarheid_Voorzieningen,entropy,Voorzieningen
WK009021,0.12091889977991484,Bereikbaarheid_Voorzieningen,entropy,Voorzieningen
BU00902104,0.11308407221535108,Bereikbaarheid_Voorzieningen,entropy,Voorzieningen
BU00902105,0.12031698458116852,Bereikbaarheid_Voorzieningen,entropy,Voorzieningen
BU00902109,0.2258488544513733,Bereikbaarheid_Voorzieningen,entropy,Voorzieningen
BU00902110,0.06523925624260088,Bereikbaarheid_Voorzieningen,entropy,Voorzieningen
BU00902114,0.3086081574025694,Bereikbaarheid_Voorzieningen,entropy,Voorzieningen
WK009022,0.19120978660309162,Bereikbaarheid_Voorzieningen,entropy,Voorzieningen
BU00902201,0.20171854918091287,Bereikbaarheid_Voorzieningen,entropy,Voorzieningen
BU00902202,0.25406063097497816,Bereikbaarheid_Voorzieningen,entropy,Voorzieningen
BU00902203,0.2516255935215403,Bereikbaarheid_Voorzieningen,entropy,Voorzieningen
BU00902206,0.11597663929973256,Bereikbaarheid_Voorzieningen,entropy,Voorzieningen
BU00902212,0.3000149290179362,Bereikbaarheid_Voorzieningen,entropy,Voorzieningen
BU00902213,0.5403530456005076,Bereikbaarheid_Voorzieningen,entropy,Voorzieningen
BU00902215,0.44130934623365764,Bereikbaarheid_Voorzieningen,entropy,Voorzieningen
BU00902216,0.2055194337880135,Bereikbaarheid_Voorzieningen,entropy,Voorzieningen
WK009023,0.17201106507525107,Bereikbaarheid_Voorzieningen,entropy,Voorzieningen
BU00902307,0.20940211819945062,Bereikbaarheid_Voorzieningen,entropy,Voorzieningen
BU00902308,0.19052810814618143,Bereikbaarheid_Voorzieningen,entropy,Voorzieningen
BU00902311,0.12295977369963204,Bereikbaarheid_Voorzieningen,entropy,Voorzieningen
GM1900,0.16250732922407174,Bereikbaarheid_Voorzieningen,entropy,Voorzieningen
WK190000,0.115390591083771,Bereikbaarheid_Voorzieningen,entropy,Voorzieningen
BU19000000,0.09730632946048318,Bereikbaarheid_Voorzieningen,entropy,Voorzieningen
BU19000001,0.09593262162495786,Bereikbaarheid_Voorzieningen,entropy,Voorzieningen
BU19000002,0.08607799732843038,Bereikbaarheid_Voorzieningen,entropy,Voorzieningen
BU19000003,0.13314202161700422,Bereikbaarheid_Voorzieningen,entropy,Voorzieningen
BU19000004,0.1435017131286926,Bereikbaarheid_Voorzieningen,entropy,Voorzieningen
BU19000009,0.1716413884841337,Bereikbaarheid_Voorzieningen,entropy,Voorzieningen
WK190001,0.17462433962504,Bereikbaarheid_Voorzieningen,entropy,Voorzieningen
BU19000101,0.17774311426654987,Bereikbaarheid_Voorzieningen,entropy,Voorzieningen
BU19000102,0.18054887468970454,Bereikbaarheid_Voorzieningen,entropy,Voorzieningen
BU19000103,0.1892705065482334,Bereikbaarheid_Voorzieningen,entropy,Voorzieningen
BU19000104,0.1667017210169076,Bereikbaarheid_Voorzieningen,entropy,Voorzieningen
BU19000105,0.16699452595084957,Bereikbaarheid_Voorzieningen,entropy,Voorzieningen
BU19000106,0.153753723915583,Bereikbaarheid_Voorzieningen,entropy,Voorzieningen
BU19000107,0.17700578789847513,Bereikbaarheid_Voorzieningen,entropy,Voorzieningen
BU19000108,0.15669002208908386,Bereikbaarheid_Voorzieningen,entropy,Voorzieningen
BU19000109,0.15142542784195245,Bereikbaarheid_Voorzieningen,entropy,Voorzieningen
BU19000110,0.18927429265490323,Bereikbaarheid_Voorzieningen,entropy,Voorzieningen
BU19000111,0.22268110843651961,Bereikbaarheid_Voorzieningen,entropy,Voorzieningen
BU19000112,0.1431778100730666,Bereikbaarheid_Voorzieningen,entropy,Voorzieningen
BU19000113,0.17587985925196753,Bereikbaarheid_Voorzieningen,entropy,Voorzieningen
BU19000114,0.1723195017680825,Bereikbaarheid_Voorzieningen,entropy,Voorzieningen
BU19000115,0.17985861088455152,Bereikbaarheid_Voorzieningen,entropy,Voorzieningen
BU19000116,0.16853285555340602,Bereikbaarheid_Voorzieningen,entropy,Voorzieningen
BU19000117,0.13929262694268568,Bereikbaarheid_Voorzieningen,entropy,Voorzieningen
BU19000118,0.24756169448288448,Bereikbaarheid_Voorzieningen,entropy,Voorzieningen
BU19000119,0.21620817864721992,Bereikbaarheid_Voorzieningen,entropy,Voorzieningen
BU19000120,0.1607887311786843,Bereikbaarheid_Voorzieningen,entropy,Voorzieningen
WK190002,0.11375879133547709,Bereikbaarheid_Voorzieningen,entropy,Voorzieningen
BU19000200,0.09162093776890978,Bereikbaarheid_Voorzieningen,entropy,Voorzieningen
BU19000201,0.30771800261425325,Bereikbaarheid_Voorzieningen,entropy,Voorzieningen
BU19000202,0.15748006609951382,Bereikbaarheid_Voorzieningen,entropy,Voorzieningen
BU19000208,0.25043831383949977,Bereikbaarheid_Voorzieningen,entropy,Voorzieningen
BU19000209,0.20550988143827317,Bereikbaarheid_Voorzieningen,entropy,Voorzieningen
WK190003,0.12328887520775682,Bereikbaarheid_Voorzieningen,entropy,Voorzieningen
BU19000300,0.05360475798175995,Bereikbaarheid_Voorzieningen,entropy,Voorzieningen
BU19000301,0.44401304710037875,Bereikbaarheid_Voorzieningen,entropy,Voorzieningen
BU19000302,0.2829058944724294,Bereikbaarheid_Voorzieningen,entropy,Voorzieningen
BU19000308,0.19258560363746258,Bereikbaarheid_Voorzieningen,entropy,Voorzieningen
BU19000309,0.2381400158449261,Bereikbaarheid_Voorzieningen,entropy,Voorzieningen
WK190004,0.13518595287337273,Bereikbaarheid_Voorzieningen,entropy,Voorzieningen
BU19000400,0.15310687944998275,Bereikbaarheid_Voorzieningen,entropy,Voorzieningen
BU19000401,0.13695878769511832,Bereikbaarheid_Voorzieningen,entropy,Voorzieningen
BU19000402,0.24787601221689873,Bereikbaarheid_Voorzieningen,entropy,Voorzieningen
BU19000403,0.10936732613991419,Bereikbaarheid_Voorzieningen,entropy,Voorzieningen
BU19000408,0.2183355581350127,Bereikbaarheid_Voorzieningen,entropy,Voorzieningen
BU19000409,0.15551484609433522,Bereikbaarheid_Voorzieningen,entropy,Voorzieningen
WK190005,0.09416940879804189,Bereikbaarheid_Voorzieningen,entropy,Voorzieningen
BU19000500,0.06715998068101137,Bereikbaarheid_Voorzieningen,entropy,Voorzieningen
BU19000501,0.08304587442575671,Bereikbaarheid_Voorzieningen,entropy,Voorzieningen
BU19000502,0.1109869697386294,Bereikbaarheid_Voorzieningen,entropy,Voorzieningen
BU19000503,0.19245992028554998,Bereikbaarheid_Voorzieningen,entropy,Voorzieningen
WK190006,0.1049108387564139,Bereikbaarheid_Voorzieningen,entropy,Voorzieningen
BU19000600,0.03880408436262159,Bereikbaarheid_Voorzieningen,entropy,Voorzieningen
BU19000602,0.2160684420465915,Bereikbaarheid_Voorzieningen,entropy,Voorzieningen
BU19000603,0.2514331013192935,Bereikbaarheid_Voorzieningen,entropy,Voorzieningen
BU19000607,0.173190753952085,Bereikbaarheid_Voorzieningen,entropy,Voorzieningen
BU19000608,0.3607956639516549,Bereikbaarheid_Voorzieningen,entropy,Voorzieningen
BU19000609,0.2610359881737553,Bereikbaarheid_Voorzieningen,entropy,Voorzieningen
WK190007,0.14012987354790762,Bereikbaarheid_Voorzieningen,entropy,Voorzieningen
BU19000700,0.10934449829560902,Bereikbaarheid_Voorzieningen,entropy,Voorzieningen
BU19000701,0.1955507251549958,Bereikbaarheid_Voorzieningen,entropy,Voorzieningen
BU19000702,0.2066646510814824,Bereikbaarheid_Voorzieningen,entropy,Voorzieningen
BU19000706,0.17558302567819664,Bereikbaarheid_Voorzieningen,entropy,Voorzieningen
BU19000707,0.2172996095367031,Bereikbaarheid_Voorzieningen,entropy,Voorzieningen
BU19000708,0.20317648753503728,Bereikbaarheid_Voorzieningen,entropy,Voorzieningen
WK190008,0.24066476757354424,Bereikbaarheid_Voorzieningen,entropy,Voorzieningen
BU19000800,0.19226177311954157,Bereikbaarheid_Voorzieningen,entropy,Voorzieningen
BU19000801,0.31503629148594237,Bereikbaarheid_Voorzieningen,entropy,Voorzieningen
BU19000802,0.3284546429381114,Bereikbaarheid_Voorzieningen,entropy,Voorzieningen
BU19000804,0.38783398916144535,Bereikbaarheid_Voorzieningen,entropy,Voorzieningen
BU19000808,0.2517953587410665,Bereikbaarheid_Voorzieningen,entropy,Voorzieningen
BU19000809,0.3889965742923091,Bereikbaarheid_Voorzieningen,entropy,Voorzieningen
WK190009,0.29990336078123414,Bereikbaarheid_Voorzieningen,entropy,Voorzieningen
BU19000900,0.22336578633746174,Bereikbaarheid_Voorzieningen,entropy,Voorzieningen
BU19000901,0.29037883089616345,Bereikbaarheid_Voorzieningen,entropy,Voorzieningen
BU19000902,0.3269371206466524,Bereikbaarheid_Voorzieningen,entropy,Voorzieningen
BU19000903,0.4094998528317388,Bereikbaarheid_Voorzieningen,entropy,Voorzieningen
BU19000904,0.34957148072906097,Bereikbaarheid_Voorzieningen,entropy,Voorzieningen
BU19000905,0.36646722700317735,Bereikbaarheid_Voorzieningen,entropy,Voorzieningen
BU19000906,0.45106334222516115,Bereikbaarheid_Voorzieningen,entropy,Voorzieningen
BU19000907,0.21150211364504018,Bereikbaarheid_Voorzieningen,entropy,Voorzieningen
BU19000908,0.38703683452561205,Bereikbaarheid_Voorzieningen,entropy,Voorzieningen
BU19000909,0.3411048314130442,Bereikbaarheid_Voorzieningen,entropy,Voorzieningen
WK190010,0.21632282066222,Bereikbaarheid_Voorzieningen,entropy,Voorzieningen
BU19001000,0.3193324892433457,Bereikbaarheid_Voorzieningen,entropy,Voorzieningen
BU19001001,0.1418678010171125,Bereikbaarheid_Voorzieningen,entropy,Voorzieningen
BU19001002,0.30436911009253387,Bereikbaarheid_Voorzieningen,entropy,Voorzieningen
BU19001003,0.26964525338047424,Bereikbaarheid_Voorzieningen,entropy,Voorzieningen
BU19001007,0.3635107211849675,Bereikbaarheid_Voorzieningen,entropy,Voorzieningen
BU19001008,0.2432408414683131,Bereikbaarheid_Voorzieningen,entropy,Voorzieningen
WK190011,0.16676867009661808,Bereikbaarheid_Voorzieningen,entropy,Voorzieningen
BU19001100,0.13751759764479315,Bereikbaarheid_Voorzieningen,entropy,Voorzieningen
BU19001101,0.24725821375057783,Bereikbaarheid_Voorzieningen,entropy,Voorzieningen
BU19001108,0.33282116792608296,Bereikbaarheid_Voorzieningen,entropy,Voorzieningen
BU19001109,0.31914598597325394,Bereikbaarheid_Voorzieningen,entropy,Voorzieningen
WK190012,0.1907181878459835,Bereikbaarheid_Voorzieningen,entropy,Voorzieningen
BU19001200,0.16708489614533348,Bereikbaarheid_Voorzieningen,entropy,Voorzieningen
BU19001201,0.24958171715020752,Bereikbaarheid_Voorzieningen,entropy,Voorzieningen
BU19001202,0.2520791659954905,Bereikbaarheid_Voorzieningen,entropy,Voorzieningen
BU19001203,0.42665498141393354,Bereikbaarheid_Voorzieningen,entropy,Voorzieningen
BU19001204,0.3160795693769358,Bereikbaarheid_Voorzieningen,entropy,Voorzieningen
BU19001208,0.26371669690331684,Bereikbaarheid_Voorzieningen,entropy,Voorzieningen
BU19001209,0.3314449686396926,Bereikbaarheid_Voorzieningen,entropy,Voorzieningen
WK190013,0.13050539314839218,Bereikbaarheid_Voorzieningen,entropy,Voorzieningen
BU19001300,0.04770113589392233,Bereikbaarheid_Voorzieningen,entropy,Voorzieningen
BU19001301,0.2690914471232491,Bereikbaarheid_Voorzieningen,entropy,Voorzieningen
BU19001302,0.18389526431381925,Bereikbaarheid_Voorzieningen,entropy,Voorzieningen
BU19001303,0.11489661172642507,Bereikbaarheid_Voorzieningen,entropy,Voorzieningen
BU19001306,0.18274129206468595,Bereikbaarheid_Voorzieningen,entropy,Voorzieningen
BU19001307,0.33320554985340645,Bereikbaarheid_Voorzieningen,entropy,Voorzieningen
BU19001308,0.21892638512909654,Bereikbaarheid_Voorzieningen,entropy,Voorzieningen
BU19001309,0.20366021026469064,Bereikbaarheid_Voorzieningen,entropy,Voorzieningen
WK190014,0.3697395103194416,Bereikbaarheid_Voorzieningen,entropy,Voorzieningen
BU19001400,0.49185342937010373,Bereikbaarheid_Voorzieningen,entropy,Voorzieningen
BU19001401,0.3605819209723744,Bereikbaarheid_Voorzieningen,entropy,Voorzieningen
BU19001402,0.32382310184906865,Bereikbaarheid_Voorzieningen,entropy,Voorzieningen
BU19001403,0.23318754197784133,Bereikbaarheid_Voorzieningen,entropy,Voorzieningen
BU19001404,0.2899876302482248,Bereikbaarheid_Voorzieningen,entropy,Voorzieningen
BU19001405,0.41768311132824476,Bereikbaarheid_Voorzieningen,entropy,Voorzieningen
BU19001406,0.3559063784070405,Bereikbaarheid_Voorzieningen,entropy,Voorzieningen
BU19001407,0.45658563940861285,Bereikbaarheid_Voorzieningen,entropy,Voorzieningen
BU19001408,0.37064342203433337,Bereikbaarheid_Voorzieningen,entropy,Voorzieningen
BU19001409,0.33450636099827596,Bereikbaarheid_Voorzieningen,entropy,Voorzieningen
WK190015,0.4345923449241057,Bereikbaarheid_Voorzieningen,entropy,Voorzieningen
BU19001500,0.5995739097326953,Bereikbaarheid_Voorzieningen,entropy,Voorzieningen
BU19001501,0.3393292731480181,Bereikbaarheid_Voorzieningen,entropy,Voorzieningen
BU19001502,0.3102506093963594,Bereikbaarheid_Voorzieningen,entropy,Voorzieningen
BU19001503,0.27547485237836966,Bereikbaarheid_Voorzieningen,entropy,Voorzieningen
BU19001509,0.6563238577150777,Bereikbaarheid_Voorzieningen,entropy,Voorzieningen
WK190016,0.33699719198193806,Bereikbaarheid_Voorzieningen,entropy,Voorzieningen
BU19001600,0.33211108169587866,Bereikbaarheid_Voorzieningen,entropy,Voorzieningen
BU19001601,0.4899359776487012,Bereikbaarheid_Voorzieningen,entropy,Voorzieningen
BU19001602,0.3595138969265205,Bereikbaarheid_Voorzieningen,entropy,Voorzieningen
BU19001603,0.16624184059315697,Bereikbaarheid_Voorzieningen,entropy,Voorzieningen
BU19001604,0.4308064279081295,Bereikbaarheid_Voorzieningen,entropy,Voorzieningen
BU19001606,0.37197331674290124,Bereikbaarheid_Voorzieningen,entropy,Voorzieningen
BU19001607,0.25980904513839104,Bereikbaarheid_Voorzieningen,entropy,Voorzieningen
BU19001608,0.3780668876715348,Bereikbaarheid_Voorzieningen,entropy,Voorzieningen
WK190017,0.08119108870909733,Bereikbaarheid_Voorzieningen,entropy,Voorzieningen
BU19001700,0.07680510265596144,Bereikbaarheid_Voorzieningen,entropy,Voorzieningen
BU19001709,0.16846145713845823,Bereikbaarheid_Voorzieningen,entropy,Voorzieningen
WK190018,0.2917839061444902,Bereikbaarheid_Voorzieningen,entropy,Voorzieningen
BU19001800,0.2269159095355002,Bereikbaarheid_Voorzieningen,entropy,Voorzieningen
BU19001801,0.3632741461759095,Bereikbaarheid_Voorzieningen,entropy,Voorzieningen
BU19001802,0.27529141623498826,Bereikbaarheid_Voorzieningen,entropy,Voorzieningen
BU19001803,0.4089739951007861,Bereikbaarheid_Voorzieningen,entropy,Voorzieningen
BU19001804,0.22092318332009053,Bereikbaarheid_Voorzieningen,entropy,Voorzieningen
BU19001808,0.25086573118081484,Bereikbaarheid_Voorzieningen,entropy,Voorzieningen
BU19001809,0.4239298039916763,Bereikbaarheid_Voorzieningen,entropy,Voorzieningen
WK190019,0.26679956383097814,Bereikbaarheid_Voorzieningen,entropy,Voorzieningen
BU19001900,0.23948437594349425,Bereikbaarheid_Voorzieningen,entropy,Voorzieningen
BU19001901,0.31467142921016533,Bereikbaarheid_Voorzieningen,entropy,Voorzieningen
BU19001902,0.2213340851362563,Bereikbaarheid_Voorzieningen,entropy,Voorzieningen
BU19001903,0.3357098719906265,Bereikbaarheid_Voorzieningen,entropy,Voorzieningen
BU19001904,0.2930799594101813,Bereikbaarheid_Voorzieningen,entropy,Voorzieningen
WK190020,0.15739080782508047,Bereikbaarheid_Voorzieningen,entropy,Voorzieningen
BU19002001,0.0674317288156279,Bereikbaarheid_Voorzieningen,entropy,Voorzieningen
BU19002002,0.14397160721829502,Bereikbaarheid_Voorzieningen,entropy,Voorzieningen
BU19002003,0.32450674310342403,Bereikbaarheid_Voorzieningen,entropy,Voorzieningen
BU19002004,0.19188682569507726,Bereikbaarheid_Voorzieningen,entropy,Voorzieningen
BU19002005,0.21331204634869208,Bereikbaarheid_Voorzieningen,entropy,Voorzieningen
BU19002006,0.2521717334282702,Bereikbaarheid_Voorzieningen,entropy,Voorzieningen
BU19002007,0.3476499565076633,Bereikbaarheid_Voorzieningen,entropy,Voorzieningen
BU19002008,0.22021494520489096,Bereikbaarheid_Voorzieningen,entropy,Voorzieningen
BU19002009,0.16529351073518103,Bereikbaarheid_Voorzieningen,entropy,Voorzieningen
BU19002010,0.2125497843053459,Bereikbaarheid_Voorzieningen,entropy,Voorzieningen
BU19002011,0.26140195557137086,Bereikbaarheid_Voorzieningen,entropy,Voorzieningen
BU19002012,0.2522686004324043,Bereikbaarheid_Voorzieningen,entropy,Voorzieningen
BU19002013,0.35342445002654316,Bereikbaarheid_Voorzieningen,entropy,Voorzieningen
BU19002014,0.3017895158641129,Bereikbaarheid_Voorzieningen,entropy,Voorzieningen
BU19002015,0.3417955075494724,Bereikbaarheid_Voorzieningen,entropy,Voorzieningen
BU19002016,0.3349609210190086,Bereikbaarheid_Voorzieningen,entropy,Voorzieningen
BU19002017,0.1026949506969879,Bereikbaarheid_Voorzieningen,entropy,Voorzieningen
BU19002018,0.2745028812871486,Bereikbaarheid_Voorzieningen,entropy,Voorzieningen
BU19002019,0.21654080704177392,Bereikbaarheid_Voorzieningen,entropy,Voorzieningen
GM0093,0.10686513691126527,Bereikbaarheid_Voorzieningen,entropy,Voorzieningen
WK009300,0.06691811855381652,Bereikbaarheid_Voorzieningen,entropy,Voorzieningen
BU00930000,0.06691811855381652,Bereikbaarheid_Voorzieningen,entropy,Voorzieningen
BU00930002,0.18550765533621638,Bereikbaarheid_Voorzieningen,entropy,Voorzieningen
WK009301,0.05611815045117088,Bereikbaarheid_Voorzieningen,entropy,Voorzieningen
BU00930110,0.03250002024433083,Bereikbaarheid_Voorzieningen,entropy,Voorzieningen
BU00930111,0.10173884090213081,Bereikbaarheid_Voorzieningen,entropy,Voorzieningen
BU00930112,0.3024697109622254,Bereikbaarheid_Voorzieningen,entropy,Voorzieningen
WK009302,0.1628781263711978,Bereikbaarheid_Voorzieningen,entropy,Voorzieningen
BU00930213,0.1750190055235531,Bereikbaarheid_Voorzieningen,entropy,Voorzieningen
BU00930214,0.13934849132902183,Bereikbaarheid_Voorzieningen,entropy,Voorzieningen
BU00930215,0.27351016412949175,Bereikbaarheid_Voorzieningen,entropy,Voorzieningen
WK009303,0.2089812065012499,Bereikbaarheid_Voorzieningen,entropy,Voorzieningen
BU00930316,0.20755390948572183,Bereikbaarheid_Voorzieningen,entropy,Voorzieningen
BU00930317,0.27547485237836966,Bereikbaarheid_Voorzieningen,entropy,Voorzieningen
WK009304,0.25982478957830646,Bereikbaarheid_Voorzieningen,entropy,Voorzieningen
BU00930418,0.2471113451004335,Bereikbaarheid_Voorzieningen,entropy,Voorzieningen
BU00930419,0.25982478957830646,Bereikbaarheid_Voorzieningen,entropy,Voorzieningen
BU00930420,0.27426434550908607,Bereikbaarheid_Voorzieningen,entropy,Voorzieningen
WK009305,0.4873652668460394,Bereikbaarheid_Voorzieningen,entropy,Voorzieningen
BU00930521,0.4887925638615675,Bereikbaarheid_Voorzieningen,entropy,Voorzieningen
BU00930522,0.25161810600144957,Bereikbaarheid_Voorzieningen,entropy,Voorzieningen
BU00930523,0.35641762016857137,Bereikbaarheid_Voorzieningen,entropy,Voorzieningen
GM0737,0.12592092025064575,Bereikbaarheid_Voorzieningen,entropy,Voorzieningen
WK073700,0.11274418706581815,Bereikbaarheid_Voorzieningen,entropy,Voorzieningen
BU07370000,0.10977033653440035,Bereikbaarheid_Voorzieningen,entropy,Voorzieningen
BU07370009,0.20691463677094185,Bereikbaarheid_Voorzieningen,entropy,Voorzieningen
WK073701,0.17905500490510098,Bereikbaarheid_Voorzieningen,entropy,Voorzieningen
BU07370100,0.19579481244952196,Bereikbaarheid_Voorzieningen,entropy,Voorzieningen
BU07370101,0.1361146572984009,Bereikbaarheid_Voorzieningen,entropy,Voorzieningen
BU07370102,0.4442562405565963,Bereikbaarheid_Voorzieningen,entropy,Voorzieningen
BU07370108,0.28526002799509154,Bereikbaarheid_Voorzieningen,entropy,Voorzieningen
BU07370109,0.1964315617625974,Bereikbaarheid_Voorzieningen,entropy,Voorzieningen
WK073702,0.1307500936731329,Bereikbaarheid_Voorzieningen,entropy,Voorzieningen
BU07370200,0.16925916140167804,Bereikbaarheid_Voorzieningen,entropy,Voorzieningen
BU07370201,0.11704388597946797,Bereikbaarheid_Voorzieningen,entropy,Voorzieningen
BU07370208,0.203665348517493,Bereikbaarheid_Voorzieningen,entropy,Voorzieningen
BU07370209,0.1630343299347133,Bereikbaarheid_Voorzieningen,entropy,Voorzieningen
WK073703,0.16830765745622434,Bereikbaarheid_Voorzieningen,entropy,Voorzieningen
BU07370300,0.16392890077338543,Bereikbaarheid_Voorzieningen,entropy,Voorzieningen
BU07370309,0.2216326363535224,Bereikbaarheid_Voorzieningen,entropy,Voorzieningen
WK073704,0.21002819393940428,Bereikbaarheid_Voorzieningen,entropy,Voorzieningen
BU07370400,0.16866656669072339,Bereikbaarheid_Voorzieningen,entropy,Voorzieningen
BU07370401,0.21674194315225576,Bereikbaarheid_Voorzieningen,entropy,Voorzieningen
BU07370408,0.392262642115575,Bereikbaarheid_Voorzieningen,entropy,Voorzieningen
BU07370409,0.43263945559698375,Bereikbaarheid_Voorzieningen,entropy,Voorzieningen
WK073705,0.08450912532928183,Bereikbaarheid_Voorzieningen,entropy,Voorzieningen
BU07370500,0.12969367044607405,Bereikbaarheid_Voorzieningen,entropy,Voorzieningen
BU07370501,0.05225300403014335,Bereikbaarheid_Voorzieningen,entropy,Voorzieningen
BU07370508,0.17128182712095927,Bereikbaarheid_Voorzieningen,entropy,Voorzieningen
BU07370509,0.15975743412645085,Bereikbaarheid_Voorzieningen,entropy,Voorzieningen
WK073706,0.1759128708732504,Bereikbaarheid_Voorzieningen,entropy,Voorzieningen
BU07370600,0.13702135826984918,Bereikbaarheid_Voorzieningen,entropy,Voorzieningen
BU07370609,0.2562092885494639,Bereikbaarheid_Voorzieningen,entropy,Voorzieningen
WK073707,0.1116558822188779,Bereikbaarheid_Voorzieningen,entropy,Voorzieningen
BU07370700,0.05613331194498084,Bereikbaarheid_Voorzieningen,entropy,Voorzieningen
BU07370701,0.13731840941484602,Bereikbaarheid_Voorzieningen,entropy,Voorzieningen
BU07370708,0.22060779216964246,Bereikbaarheid_Voorzieningen,entropy,Voorzieningen
BU07370709,0.1788129507536159,Bereikbaarheid_Voorzieningen,entropy,Voorzieningen
WK073708,0.097664801714784,Bereikbaarheid_Voorzieningen,entropy,Voorzieningen
BU07370800,0.06306090425630198,Bereikbaarheid_Voorzieningen,entropy,Voorzieningen
BU07370809,0.16310501860019117,Bereikbaarheid_Voorzieningen,entropy,Voorzieningen
WK073709,0.0981711826062984,Bereikbaarheid_Voorzieningen,entropy,Voorzieningen
BU07370900,0.09377003505935254,Bereikbaarheid_Voorzieningen,entropy,Voorzieningen
BU07370909,0.17521804813444056,Bereikbaarheid_Voorzieningen,entropy,Voorzieningen
GM0096,0.061478907581340975,Bereikbaarheid_Voorzieningen,entropy,Voorzieningen
WK009600,0.061478907581340975,Bereikbaarheid_Voorzieningen,entropy,Voorzieningen
BU00960000,0.05235780178991098,Bereikbaarheid_Voorzieningen,entropy,Voorzieningen
BU00960009,0.21149284882462505,Bereikbaarheid_Voorzieningen,entropy,Voorzieningen
GM1949,0.12650856693652718,Bereikbaarheid_Voorzieningen,entropy,Voorzieningen
WK194915,0.1887208970892489,Bereikbaarheid_Voorzieningen,entropy,Voorzieningen
BU19491500,0.27899323101246953,Bereikbaarheid_Voorzieningen,entropy,Voorzieningen
BU19491501,0.177093628198705,Bereikbaarheid_Voorzieningen,entropy,Voorzieningen
WK194916,0.08799976267392273,Bereikbaarheid_Voorzieningen,entropy,Voorzieningen
BU19491600,0.21437997386847918,Bereikbaarheid_Voorzieningen,entropy,Voorzieningen
BU19491601,0.09853547778526656,Bereikbaarheid_Voorzieningen,entropy,Voorzieningen
BU19491602,0.039101572487816684,Bereikbaarheid_Voorzieningen,entropy,Voorzieningen
BU19491603,0.08281934636743171,Bereikbaarheid_Voorzieningen,entropy,Voorzieningen
BU19491604,0.0737600276525352,Bereikbaarheid_Voorzieningen,entropy,Voorzieningen
BU19491605,0.057880924930009216,Bereikbaarheid_Voorzieningen,entropy,Voorzieningen
BU19491606,0.07412114628009164,Bereikbaarheid_Voorzieningen,entropy,Voorzieningen
WK194917,0.20926857400881865,Bereikbaarheid_Voorzieningen,entropy,Voorzieningen
BU19491700,0.20926857400881865,Bereikbaarheid_Voorzieningen,entropy,Voorzieningen
WK194918,0.06504552497009156,Bereikbaarheid_Voorzieningen,entropy,Voorzieningen
BU19491800,0.1672726731236534,Bereikbaarheid_Voorzieningen,entropy,Voorzieningen
BU19491801,0.06944667251703741,Bereikbaarheid_Voorzieningen,entropy,Voorzieningen
BU19491802,0.046788151893421615,Bereikbaarheid_Voorzieningen,entropy,Voorzieningen
BU19491803,0.10817230303735356,Bereikbaarheid_Voorzieningen,entropy,Voorzieningen
BU19491804,0.13142587135301,Bereikbaarheid_Voorzieningen,entropy,Voorzieningen
WK194919,0.16817975908287985,Bereikbaarheid_Voorzieningen,entropy,Voorzieningen
BU19491900,0.20735112451947052,Bereikbaarheid_Voorzieningen,entropy,Voorzieningen
BU19491901,0.1609464083689848,Bereikbaarheid_Voorzieningen,entropy,Voorzieningen
WK194920,0.11527389704724308,Bereikbaarheid_Voorzieningen,entropy,Voorzieningen
BU19492000,0.19882983964485162,Bereikbaarheid_Voorzieningen,entropy,Voorzieningen
BU19492001,0.10804054633334803,Bereikbaarheid_Voorzieningen,entropy,Voorzieningen
WK194921,0.26431999413755436,Bereikbaarheid_Voorzieningen,entropy,Voorzieningen
BU19492100,0.26431999413755436,Bereikbaarheid_Voorzieningen,entropy,Voorzieningen
WK194922,0.24537618413925727,Bereikbaarheid_Voorzieningen,entropy,Voorzieningen
BU19492200,0.24537618413925727,Bereikbaarheid_Voorzieningen,entropy,Voorzieningen
WK194923,0.26058996846391436,Bereikbaarheid_Voorzieningen,entropy,Voorzieningen
BU19492300,0.2533414562562093,Bereikbaarheid_Voorzieningen,entropy,Voorzieningen
BU19492301,0.26058996846391436,Bereikbaarheid_Voorzieningen,entropy,Voorzieningen
WK194924,0.1350241045886242,Bereikbaarheid_Voorzieningen,entropy,Voorzieningen
BU19492400,0.27266148601931944,Bereikbaarheid_Voorzieningen,entropy,Voorzieningen
BU19492401,0.11703891662676903,Bereikbaarheid_Voorzieningen,entropy,Voorzieningen
WK194925,0.19371366886749775,Bereikbaarheid_Voorzieningen,entropy,Voorzieningen
BU19492500,0.21108590713309117,Bereikbaarheid_Voorzieningen,entropy,Voorzieningen
BU19492501,0.19040584614473172,Bereikbaarheid_Voorzieningen,entropy,Voorzieningen
WK194926,0.0863859637561823,Bereikbaarheid_Voorzieningen,entropy,Voorzieningen
BU19492600,0.21196451532708668,Bereikbaarheid_Voorzieningen,entropy,Voorzieningen
BU19492601,0.15954017225642037,Bereikbaarheid_Voorzieningen,entropy,Voorzieningen
BU19492602,0.06295610649653435,Bereikbaarheid_Voorzieningen,entropy,Voorzieningen
BU19492603,0.09031440252570533,Bereikbaarheid_Voorzieningen,entropy,Voorzieningen
BU19492604,0.0840579334555695,Bereikbaarheid_Voorzieningen,entropy,Voorzieningen
WK194927,0.2463012476479935,Bereikbaarheid_Voorzieningen,entropy,Voorzieningen
BU19492700,0.2463012476479935,Bereikbaarheid_Voorzieningen,entropy,Voorzieningen
WK194928,0.1362145088296564,Bereikbaarheid_Voorzieningen,entropy,Voorzieningen
BU19492800,0.2516047079293954,Bereikbaarheid_Voorzieningen,entropy,Voorzieningen
BU19492801,0.24943683561353272,Bereikbaarheid_Voorzieningen,entropy,Voorzieningen
BU19492802,0.09237747844967978,Bereikbaarheid_Voorzieningen,entropy,Voorzieningen
BU19492803,0.14455748696283488,Bereikbaarheid_Voorzieningen,entropy,Voorzieningen
BU19492804,0.12134120429287995,Bereikbaarheid_Voorzieningen,entropy,Voorzieningen
BU19492805,0.2217377012541872,Bereikbaarheid_Voorzieningen,entropy,Voorzieningen
BU19492806,0.23431084370868788,Bereikbaarheid_Voorzieningen,entropy,Voorzieningen
BU19492807,0.2323276015117604,Bereikbaarheid_Voorzieningen,entropy,Voorzieningen
BU19492808,0.11065001302015968,Bereikbaarheid_Voorzieningen,entropy,Voorzieningen
BU19492809,0.12787082794326196,Bereikbaarheid_Voorzieningen,entropy,Voorzieningen
BU19492810,0.17067561782237628,Bereikbaarheid_Voorzieningen,entropy,Voorzieningen
BU19492811,0.096885897554589,Bereikbaarheid_Voorzieningen,entropy,Voorzieningen
BU19492812,0.18954239987322785,Bereikbaarheid_Voorzieningen,entropy,Voorzieningen
BU19492813,0.0992573768865136,Bereikbaarheid_Voorzieningen,entropy,Voorzieningen
BU19492814,0.142036162369911,Bereikbaarheid_Voorzieningen,entropy,Voorzieningen
BU19492815,0.15521898382374197,Bereikbaarheid_Voorzieningen,entropy,Voorzieningen
BU19492816,0.11722740335455882,Bereikbaarheid_Voorzieningen,entropy,Voorzieningen
BU19492817,0.14328197746046634,Bereikbaarheid_Voorzieningen,entropy,Voorzieningen
WK194929,0.29167195088475767,Bereikbaarheid_Voorzieningen,entropy,Voorzieningen
BU19492900,0.29167195088475767,Bereikbaarheid_Voorzieningen,entropy,Voorzieningen
WK194930,0.35697969066027413,Bereikbaarheid_Voorzieningen,entropy,Voorzieningen
BU19493000,0.35697969066027413,Bereikbaarheid_Voorzieningen,entropy,Voorzieningen
WK194931,0.22715999597266284,Bereikbaarheid_Voorzieningen,entropy,Voorzieningen
BU19493100,0.2518798214752733,Bereikbaarheid_Voorzieningen,entropy,Voorzieningen
BU19493101,0.21992664525876776,Bereikbaarheid_Voorzieningen,entropy,Voorzieningen
WK194932,0.12296637449412229,Bereikbaarheid_Voorzieningen,entropy,Voorzieningen
BU19493200,0.2533646620920388,Bereikbaarheid_Voorzieningen,entropy,Voorzieningen
BU19493201,0.07876461058709981,Bereikbaarheid_Voorzieningen,entropy,Voorzieningen
BU19493202,0.08050278617665318,Bereikbaarheid_Voorzieningen,entropy,Voorzieningen
WK194933,0.24596841519005952,Bereikbaarheid_Voorzieningen,entropy,Voorzieningen
BU19493300,0.24596841519005952,Bereikbaarheid_Voorzieningen,entropy,Voorzieningen
WK194934,0.11433604975231906,Bereikbaarheid_Voorzieningen,entropy,Voorzieningen
BU19493400,0.2322447628607997,Bereikbaarheid_Voorzieningen,entropy,Voorzieningen
BU19493401,0.09074824253309893,Bereikbaarheid_Voorzieningen,entropy,Voorzieningen
WK194935,0.06893306225522605,Bereikbaarheid_Voorzieningen,entropy,Voorzieningen
BU19493500,0.17968644014403945,Bereikbaarheid_Voorzieningen,entropy,Voorzieningen
BU19493501,0.07812071069529077,Bereikbaarheid_Voorzieningen,entropy,Voorzieningen
BU19493502,0.04829671470331675,Bereikbaarheid_Voorzieningen,entropy,Voorzieningen
BU19493503,0.06265138900104225,Bereikbaarheid_Voorzieningen,entropy,Voorzieningen
WK194936,0.05457882630557817,Bereikbaarheid_Voorzieningen,entropy,Voorzieningen
BU19493600,0.16009863568809607,Bereikbaarheid_Voorzieningen,entropy,Voorzieningen
BU19493601,0.10660335865735689,Bereikbaarheid_Voorzieningen,entropy,Voorzieningen
BU19493602,0.04544255902033821,Bereikbaarheid_Voorzieningen,entropy,Voorzieningen
BU19493603,0.04358512693042321,Bereikbaarheid_Voorzieningen,entropy,Voorzieningen
WK194937,0.2400286476186163,Bereikbaarheid_Voorzieningen,entropy,Voorzieningen
BU19493700,0.2400286476186163,Bereikbaarheid_Voorzieningen,entropy,Voorzieningen
WK194938,0.24514727684857382,Bereikbaarheid_Voorzieningen,entropy,Voorzieningen
BU19493800,0.27632188569087085,Bereikbaarheid_Voorzieningen,entropy,Voorzieningen
BU19493801,0.23886560359439005,Bereikbaarheid_Voorzieningen,entropy,Voorzieningen
WK194939,0.16625534462837308,Bereikbaarheid_Voorzieningen,entropy,Voorzieningen
BU19493900,0.2607493619710157,Bereikbaarheid_Voorzieningen,entropy,Voorzieningen
BU19493901,0.12096748526746781,Bereikbaarheid_Voorzieningen,entropy,Voorzieningen
WK194940,0.2702713277525485,Bereikbaarheid_Voorzieningen,entropy,Voorzieningen
BU19494000,0.2702713277525485,Bereikbaarheid_Voorzieningen,entropy,Voorzieningen
WK194941,0.1625437144638925,Bereikbaarheid_Voorzieningen,entropy,Voorzieningen
BU19494100,0.1625437144638925,Bereikbaarheid_Voorzieningen,entropy,Voorzieningen
WK194942,0.18107169609862167,Bereikbaarheid_Voorzieningen,entropy,Voorzieningen
BU19494200,0.20062696954176712,Bereikbaarheid_Voorzieningen,entropy,Voorzieningen
BU19494201,0.1775986940459865,Bereikbaarheid_Voorzieningen,entropy,Voorzieningen
WK194943,0.2524521915562226,Bereikbaarheid_Voorzieningen,entropy,Voorzieningen
BU19494300,0.2524521915562226,Bereikbaarheid_Voorzieningen,entropy,Voorzieningen
WK194944,0.05453290347607064,Bereikbaarheid_Voorzieningen,entropy,Voorzieningen
BU19494400,0.16458941950099956,Bereikbaarheid_Voorzieningen,entropy,Voorzieningen
BU19494401,0.045411797684640653,Bereikbaarheid_Voorzieningen,entropy,Voorzieningen
BU19494402,0.07630876308680566,Bereikbaarheid_Voorzieningen,entropy,Voorzieningen
BU19494403,0.27547485237836966,Bereikbaarheid_Voorzieningen,entropy,Voorzieningen
WK194945,0.35601047247439443,Bereikbaarheid_Voorzieningen,entropy,Voorzieningen
BU19494500,0.35601047247439443,Bereikbaarheid_Voorzieningen,entropy,Voorzieningen
WK194946,0.2860844931212027,Bereikbaarheid_Voorzieningen,entropy,Voorzieningen
BU19494600,0.2860844931212027,Bereikbaarheid_Voorzieningen,entropy,Voorzieningen
WK194947,0.22266142933026253,Bereikbaarheid_Voorzieningen,entropy,Voorzieningen
BU19494700,0.25530925801759513,Bereikbaarheid_Voorzieningen,entropy,Voorzieningen
BU19494701,0.21496762055436058,Bereikbaarheid_Voorzieningen,entropy,Voorzieningen
WK194948,0.21935290537901675,Bereikbaarheid_Voorzieningen,entropy,Voorzieningen
BU19494800,0.2937240128565016,Bereikbaarheid_Voorzieningen,entropy,Voorzieningen
BU19494801,0.20138287891097154,Bereikbaarheid_Voorzieningen,entropy,Voorzieningen
WK194949,0.1114723824964563,Bereikbaarheid_Voorzieningen,entropy,Voorzieningen
BU19494900,0.19116140762805758,Bereikbaarheid_Voorzieningen,entropy,Voorzieningen
BU19494901,0.10377857372055439,Bereikbaarheid_Voorzieningen,entropy,Voorzieningen
BU19494902,0.09227056133037208,Bereikbaarheid_Voorzieningen,entropy,Voorzieningen
WK194950,0.15255855530963452,Bereikbaarheid_Voorzieningen,entropy,Voorzieningen
BU19495000,0.2384951446011298,Bereikbaarheid_Voorzieningen,entropy,Voorzieningen
BU19495001,0.1302097721587504,Bereikbaarheid_Voorzieningen,entropy,Voorzieningen
WK194951,0.286553950230607,Bereikbaarheid_Voorzieningen,entropy,Voorzieningen
BU19495100,0.286553950230607,Bereikbaarheid_Voorzieningen,entropy,Voorzieningen
WK194952,0.2451418185232566,Bereikbaarheid_Voorzieningen,entropy,Voorzieningen
BU19495200,0.2451418185232566,Bereikbaarheid_Voorzieningen,entropy,Voorzieningen
WK194953,0.03976369394584582,Bereikbaarheid_Voorzieningen,entropy,Voorzieningen
BU19495300,0.1838136315311908,Bereikbaarheid_Voorzieningen,entropy,Voorzieningen
BU19495301,0.03253034323195077,Bereikbaarheid_Voorzieningen,entropy,Voorzieningen
BU19495302,0.07576703923043175,Bereikbaarheid_Voorzieningen,entropy,Voorzieningen
WK194954,0.15982266599134773,Bereikbaarheid_Voorzieningen,entropy,Voorzieningen
BU19495400,0.20851477673107552,Bereikbaarheid_Voorzieningen,entropy,Voorzieningen
BU19495401,0.13837963747066737,Bereikbaarheid_Voorzieningen,entropy,Voorzieningen
WK194955,0.33309924682167685,Bereikbaarheid_Voorzieningen,entropy,Voorzieningen
BU19495500,0.33309924682167685,Bereikbaarheid_Voorzieningen,entropy,Voorzieningen
GM0098,0.18551719155802376,Bereikbaarheid_Voorzieningen,entropy,Voorzieningen
WK009800,0.15140082758478807,Bereikbaarheid_Voorzieningen,entropy,Voorzieningen
BU00980001,0.2320707120624269,Bereikbaarheid_Voorzieningen,entropy,Voorzieningen
BU00980002,0.186465183105277,Bereikbaarheid_Voorzieningen,entropy,Voorzieningen
BU00980003,0.19519879990620406,Bereikbaarheid_Voorzieningen,entropy,Voorzieningen
BU00980004,0.17107033618317616,Bereikbaarheid_Voorzieningen,entropy,Voorzieningen
BU00980005,0.13994667014762627,Bereikbaarheid_Voorzieningen,entropy,Voorzieningen
BU00980006,0.1279781996954371,Bereikbaarheid_Voorzieningen,entropy,Voorzieningen
BU00980007,0.11983186498104133,Bereikbaarheid_Voorzieningen,entropy,Voorzieningen
BU00980008,0.14348507374760255,Bereikbaarheid_Voorzieningen,entropy,Voorzieningen
BU00980009,0.15666471907870355,Bereikbaarheid_Voorzieningen,entropy,Voorzieningen
BU00980010,0.14586695900123586,Bereikbaarheid_Voorzieningen,entropy,Voorzieningen
BU00980011,0.1735024614903406,Bereikbaarheid_Voorzieningen,entropy,Voorzieningen
BU00980012,0.13645850660118114,Bereikbaarheid_Voorzieningen,entropy,Voorzieningen
BU00980013,0.15310030971513094,Bereikbaarheid_Voorzieningen,entropy,Voorzieningen
BU00980014,0.12679303058012162,Bereikbaarheid_Voorzieningen,entropy,Voorzieningen
BU00980015,0.1270652156949364,Bereikbaarheid_Voorzieningen,entropy,Voorzieningen
BU00980016,0.14021885526244104,Bereikbaarheid_Voorzieningen,entropy,Voorzieningen
BU00980017,0.13967448503281152,Bereikbaarheid_Voorzieningen,entropy,Voorzieningen
BU00980018,0.1525559394855014,Bereikbaarheid_Voorzieningen,entropy,Voorzieningen
BU00980019,0.1377206242868401,Bereikbaarheid_Voorzieningen,entropy,Voorzieningen
BU00980020,0.15850478028175116,Bereikbaarheid_Voorzieningen,entropy,Voorzieningen
BU00980021,0.19704213785487523,Bereikbaarheid_Voorzieningen,entropy,Voorzieningen
WK009801,0.33006440942539456,Bereikbaarheid_Voorzieningen,entropy,Voorzieningen
BU00980101,0.2984296092333061,Bereikbaarheid_Voorzieningen,entropy,Voorzieningen
BU00980102,0.34260245429126124,Bereikbaarheid_Voorzieningen,entropy,Voorzieningen
BU00980103,0.3112761540263783,Bereikbaarheid_Voorzieningen,entropy,Voorzieningen
BU00980104,0.36051333774895156,Bereikbaarheid_Voorzieningen,entropy,Voorzieningen
WK009802,0.387335365000791,Bereikbaarheid_Voorzieningen,entropy,Voorzieningen
BU00980201,0.36313514287761944,Bereikbaarheid_Voorzieningen,entropy,Voorzieningen
BU00980202,0.4074607463570675,Bereikbaarheid_Voorzieningen,entropy,Voorzieningen
WK009803,0.34550139459506934,Bereikbaarheid_Voorzieningen,entropy,Voorzieningen
BU00980301,0.3038574420828828,Bereikbaarheid_Voorzieningen,entropy,Voorzieningen
BU00980302,0.3316008227925933,Bereikbaarheid_Voorzieningen,entropy,Voorzieningen
BU00980303,0.3474594042504995,Bereikbaarheid_Voorzieningen,entropy,Voorzieningen
BU00980304,0.3258182284069539,Bereikbaarheid_Voorzieningen,entropy,Voorzieningen
BU00980305,0.4351666017466956,Bereikbaarheid_Voorzieningen,entropy,Voorzieningen
WK009804,0.3201222609543707,Bereikbaarheid_Voorzieningen,entropy,Voorzieningen
BU00980401,0.29353178412019554,Bereikbaarheid_Voorzieningen,entropy,Voorzieningen
BU00980402,0.32708342655345096,Bereikbaarheid_Voorzieningen,entropy,Voorzieningen
BU00980403,0.3457997537880452,Bereikbaarheid_Voorzieningen,entropy,Voorzieningen
WK009805,0.28964829855789176,Bereikbaarheid_Voorzieningen,entropy,Voorzieningen
BU00980501,0.3240801254700735,Bereikbaarheid_Voorzieningen,entropy,Voorzieningen
BU00980502,0.2537891746301819,Bereikbaarheid_Voorzieningen,entropy,Voorzieningen
WK009806,0.2410234332200147,Bereikbaarheid_Voorzieningen,entropy,Voorzieningen
BU00980601,0.26325252289033896,Bereikbaarheid_Voorzieningen,entropy,Voorzieningen
BU00980602,0.23308026717360322,Bereikbaarheid_Voorzieningen,entropy,Voorzieningen
WK009807,0.23305516001932647,Bereikbaarheid_Voorzieningen,entropy,Voorzieningen
BU00980701,0.23072210837359464,Bereikbaarheid_Voorzieningen,entropy,Voorzieningen
BU00980702,0.28667762567394023,Bereikbaarheid_Voorzieningen,entropy,Voorzieningen
WK009808,0.2944606346747993,Bereikbaarheid_Voorzieningen,entropy,Voorzieningen
BU00980801,0.2779855147948012,Bereikbaarheid_Voorzieningen,entropy,Voorzieningen
BU00980802,0.31568312500850737,Bereikbaarheid_Voorzieningen,entropy,Voorzieningen
WK009809,0.2765620723531435,Bereikbaarheid_Voorzieningen,entropy,Voorzieningen
BU00980901,0.28785121978922135,Bereikbaarheid_Voorzieningen,entropy,Voorzieningen
BU00980902,0.2943171164179867,Bereikbaarheid_Voorzieningen,entropy,Voorzieningen
BU00980903,0.24800548441123993,Bereikbaarheid_Voorzieningen,entropy,Voorzieningen
WK009810,0.0962942704306704,Bereikbaarheid_Voorzieningen,entropy,Voorzieningen
BU00981001,0.07514722570242079,Bereikbaarheid_Voorzieningen,entropy,Voorzieningen
BU00981002,0.0656969023525461,Bereikbaarheid_Voorzieningen,entropy,Voorzieningen
BU00981003,0.05536639272718408,Bereikbaarheid_Voorzieningen,entropy,Voorzieningen
BU00981004,0.06896559463590338,Bereikbaarheid_Voorzieningen,entropy,Voorzieningen
BU00981005,0.06859698086503219,Bereikbaarheid_Voorzieningen,entropy,Voorzieningen
BU00981006,0.13055696632750718,Bereikbaarheid_Voorzieningen,entropy,Voorzieningen
BU00981007,0.11394548620117735,Bereikbaarheid_Voorzieningen,entropy,Voorzieningen
BU00981008,0.16136948613761867,Bereikbaarheid_Voorzieningen,entropy,Voorzieningen
BU00981009,0.19482399673292006,Bereikbaarheid_Voorzieningen,entropy,Voorzieningen
WK009811,0.16985772704527102,Bereikbaarheid_Voorzieningen,entropy,Voorzieningen
BU00981101,0.19362085374305124,Bereikbaarheid_Voorzieningen,entropy,Voorzieningen
BU00981102,0.156182545092442,Bereikbaarheid_Voorzieningen,entropy,Voorzieningen
WK009812,0.23610285385446952,Bereikbaarheid_Voorzieningen,entropy,Voorzieningen
BU00981201,0.23610285385446952,Bereikbaarheid_Voorzieningen,entropy,Voorzieningen
WK009813,0.25543751645796975,Bereikbaarheid_Voorzieningen,entropy,Voorzieningen
BU00981301,0.19635495287085605,Bereikbaarheid_Voorzieningen,entropy,Voorzieningen
BU00981302,0.30003821712348333,Bereikbaarheid_Voorzieningen,entropy,Voorzieningen
WK009814,0.2734317757662362,Bereikbaarheid_Voorzieningen,entropy,Voorzieningen
BU00981401,0.26833818240576185,Bereikbaarheid_Voorzieningen,entropy,Voorzieningen
BU00981402,0.2851251503252166,Bereikbaarheid_Voorzieningen,entropy,Voorzieningen
WK009815,0.19664467624790533,Bereikbaarheid_Voorzieningen,entropy,Voorzieningen
BU00981501,0.177240123394035,Bereikbaarheid_Voorzieningen,entropy,Voorzieningen
BU00981502,0.23419889364028396,Bereikbaarheid_Voorzieningen,entropy,Voorzieningen
GM0059,-0.5137755507131271,Bereikbaarheid_Voorzieningen,weighted_mean,Voorzieningen
WK005900,-0.5415021230907988,Bereikbaarheid_Voorzieningen,weighted_mean,Voorzieningen
BU00590000,-0.7845177142941385,Bereikbaarheid_Voorzieningen,weighted_mean,Voorzieningen
BU00590001,-0.2533393534003495,Bereikbaarheid_Voorzieningen,weighted_mean,Voorzieningen
BU00590002,-0.8709319848131482,Bereikbaarheid_Voorzieningen,weighted_mean,Voorzieningen
BU00590003,-0.4233391368754803,Bereikbaarheid_Voorzieningen,weighted_mean,Voorzieningen
BU00590004,0.48620558874141595,Bereikbaarheid_Voorzieningen,weighted_mean,Voorzieningen
BU00590005,-0.1091898766628369,Bereikbaarheid_Voorzieningen,weighted_mean,Voorzieningen
BU00590006,0.005142887778114627,Bereikbaarheid_Voorzieningen,weighted_mean,Voorzieningen
BU00590007,-0.17703005813112502,Bereikbaarheid_Voorzieningen,weighted_mean,Voorzieningen
BU00590008,0.3012718558206542,Bereikbaarheid_Voorzieningen,weighted_mean,Voorzieningen
BU00590009,0.943734280982881,Bereikbaarheid_Voorzieningen,weighted_mean,Voorzieningen
WK005901,-0.13443078232290737,Bereikbaarheid_Voorzieningen,weighted_mean,Voorzieningen
BU00590100,0.6405772887316528,Bereikbaarheid_Voorzieningen,weighted_mean,Voorzieningen
BU00590102,-0.6315233713942435,Bereikbaarheid_Voorzieningen,weighted_mean,Voorzieningen
BU00590103,0.15663591674761698,Bereikbaarheid_Voorzieningen,weighted_mean,Voorzieningen
BU00590107,1.2137937449138982,Bereikbaarheid_Voorzieningen,weighted_mean,Voorzieningen
BU00590108,-0.09470339929612843,Bereikbaarheid_Voorzieningen,weighted_mean,Voorzieningen
BU00590109,0.7469615356358724,Bereikbaarheid_Voorzieningen,weighted_mean,Voorzieningen
WK005902,-0.5742755459162752,Bereikbaarheid_Voorzieningen,weighted_mean,Voorzieningen
BU00590200,-0.7789188045086799,Bereikbaarheid_Voorzieningen,weighted_mean,Voorzieningen
BU00590201,-0.8473092568556433,Bereikbaarheid_Voorzieningen,weighted_mean,Voorzieningen
BU00590202,0.24322758849247694,Bereikbaarheid_Voorzieningen,weighted_mean,Voorzieningen
BU00590203,-0.1860381705955723,Bereikbaarheid_Voorzieningen,weighted_mean,Voorzieningen
BU00590206,-0.195616284524969,Bereikbaarheid_Voorzieningen,weighted_mean,Voorzieningen
BU00590207,-0.1577497486140329,Bereikbaarheid_Voorzieningen,weighted_mean,Voorzieningen
BU00590208,0.6228349255514881,Bereikbaarheid_Voorzieningen,weighted_mean,Voorzieningen
BU00590209,0.2492174048250629,Bereikbaarheid_Voorzieningen,weighted_mean,Voorzieningen
GM0060,-0.575714383990534,Bereikbaarheid_Voorzieningen,weighted_mean,Voorzieningen
WK006000,-0.575714383990534,Bereikbaarheid_Voorzieningen,weighted_mean,Voorzieningen
BU00600000,-0.8971728061205613,Bereikbaarheid_Voorzieningen,weighted_mean,Voorzieningen
BU00600001,-0.4480195357103153,Bereikbaarheid_Voorzieningen,weighted_mean,Voorzieningen
BU00600002,-0.462547045263594,Bereikbaarheid_Voorzieningen,weighted_mean,Voorzieningen
BU00600003,-0.434770086261463,Bereikbaarheid_Voorzieningen,weighted_mean,Voorzieningen
BU00600007,0.13417612800131465,Bereikbaarheid_Voorzieningen,weighted_mean,Voorzieningen
BU00600008,-0.5014129581475802,Bereikbaarheid_Voorzieningen,weighted_mean,Voorzieningen
BU00600009,-0.11587087916834848,Bereikbaarheid_Voorzieningen,weighted_mean,Voorzieningen
GM1891,-0.6110351401038137,Bereikbaarheid_Voorzieningen,weighted_mean,Voorzieningen
WK189100,-0.654391898222434,Bereikbaarheid_Voorzieningen,weighted_mean,Voorzieningen
BU18910000,-0.7560980933823293,Bereikbaarheid_Voorzieningen,weighted_mean,Voorzieningen
BU18910001,-0.445893862450175,Bereikbaarheid_Voorzieningen,weighted_mean,Voorzieningen
BU18910002,0.1667241337211517,Bereikbaarheid_Voorzieningen,weighted_mean,Voorzieningen
BU18910008,0.16411371054322066,Bereikbaarheid_Voorzieningen,weighted_mean,Voorzieningen
BU18910009,0.16201333085926586,Bereikbaarheid_Voorzieningen,weighted_mean,Voorzieningen
WK189101,-0.19693224912529086,Bereikbaarheid_Voorzieningen,weighted_mean,Voorzieningen
BU18910100,-0.08872857711413103,Bereikbaarheid_Voorzieningen,weighted_mean,Voorzieningen
BU18910101,-0.45857579389430625,Bereikbaarheid_Voorzieningen,weighted_mean,Voorzieningen
BU18910108,0.7723901024860774,Bereikbaarheid_Voorzieningen,weighted_mean,Voorzieningen
BU18910109,0.3463529721076126,Bereikbaarheid_Voorzieningen,weighted_mean,Voorzieningen
WK189102,-0.721204660771555,Bereikbaarheid_Voorzieningen,weighted_mean,Voorzieningen
BU18910200,-0.7685475902522376,Bereikbaarheid_Voorzieningen,weighted_mean,Voorzieningen
BU18910201,-0.7703089549662612,Bereikbaarheid_Voorzieningen,weighted_mean,Voorzieningen
BU18910202,0.24061384399060137,Bereikbaarheid_Voorzieningen,weighted_mean,Voorzieningen
BU18910208,0.11876579449266325,Bereikbaarheid_Voorzieningen,weighted_mean,Voorzieningen
BU18910209,0.446899226157114,Bereikbaarheid_Voorzieningen,weighted_mean,Voorzieningen
WK189103,-0.10703789475507558,Bereikbaarheid_Voorzieningen,weighted_mean,Voorzieningen
BU18910300,-0.2733876987899859,Bereikbaarheid_Voorzieningen,weighted_mean,Voorzieningen
BU18910301,0.3075583905602507,Bereikbaarheid_Voorzieningen,weighted_mean,Voorzieningen
BU18910309,0.5144157020606035,Bereikbaarheid_Voorzieningen,weighted_mean,Voorzieningen
GM1940,-0.3938382325295498,Bereikbaarheid_Voorzieningen,weighted_mean,Voorzieningen
WK194001,0.8027654477919601,Bereikbaarheid_Voorzieningen,weighted_mean,Voorzieningen
BU19400101,0.8027654477919601,Bereikbaarheid_Voorzieningen,weighted_mean,Voorzieningen
WK194002,-0.914014085696858,Bereikbaarheid_Voorzieningen,weighted_mean,Voorzieningen
BU19400201,-0.914014085696858,Bereikbaarheid_Voorzieningen,weighted_mean,Voorzieningen
WK194003,-0.8827547488040717,Bereikbaarheid_Voorzieningen,weighted_mean,Voorzieningen
BU19400301,-0.8827547488040717,Bereikbaarheid_Voorzieningen,weighted_mean,Voorzieningen
WK194004,1.2780676359988805,Bereikbaarheid_Voorzieningen,weighted_mean,Voorzieningen
BU19400401,1.2780676359988805,Bereikbaarheid_Voorzieningen,weighted_mean,Voorzieningen
WK194005,1.19384340276413,Bereikbaarheid_Voorzieningen,weighted_mean,Voorzieningen
BU19400501,1.19384340276413,Bereikbaarheid_Voorzieningen,weighted_mean,Voorzieningen
WK194006,0.1976322579588097,Bereikbaarheid_Voorzieningen,weighted_mean,Voorzieningen
BU19400601,0.1976322579588097,Bereikbaarheid_Voorzieningen,weighted_mean,Voorzieningen
WK194007,-0.46355763624874546,Bereikbaarheid_Voorzieningen,weighted_mean,Voorzieningen
BU19400701,-0.9687304616092558,Bereikbaarheid_Voorzieningen,weighted_mean,Voorzieningen
BU19400702,0.32288975563813394,Bereikbaarheid_Voorzieningen,weighted_mean,Voorzieningen
WK194008,0.3556990999301326,Bereikbaarheid_Voorzieningen,weighted_mean,Voorzieningen
BU19400801,0.3556990999301326,Bereikbaarheid_Voorzieningen,weighted_mean,Voorzieningen
WK194009,0.6352260733566337,Bereikbaarheid_Voorzieningen,weighted_mean,Voorzieningen
BU19400901,0.6352260733566337,Bereikbaarheid_Voorzieningen,weighted_mean,Voorzieningen
WK194010,-0.03757739811132217,Bereikbaarheid_Voorzieningen,weighted_mean,Voorzieningen
BU19401001,-0.03757739811132217,Bereikbaarheid_Voorzieningen,weighted_mean,Voorzieningen
WK194011,-0.9110778194812289,Bereikbaarheid_Voorzieningen,weighted_mean,Voorzieningen
BU19401101,-0.16630019880340843,Bereikbaarheid_Voorzieningen,weighted_mean,Voorzieningen
BU19401102,-1.0498808353396154,Bereikbaarheid_Voorzieningen,weighted_mean,Voorzieningen
WK194012,0.18797218947288202,Bereikbaarheid_Voorzieningen,weighted_mean,Voorzieningen
BU19401201,0.18797218947288202,Bereikbaarheid_Voorzieningen,weighted_mean,Voorzieningen
WK194013,1.3067498709039294,Bereikbaarheid_Voorzieningen,weighted_mean,Voorzieningen
BU19401301,1.3067498709039294,Bereikbaarheid_Voorzieningen,weighted_mean,Voorzieningen
WK194014,1.1458497917459205,Bereikbaarheid_Voorzieningen,weighted_mean,Voorzieningen
BU19401401,1.1458497917459205,Bereikbaarheid_Voorzieningen,weighted_mean,Voorzieningen
WK194015,0.9803185358021866,Bereikbaarheid_Voorzieningen,weighted_mean,Voorzieningen
BU19401501,0.9803185358021866,Bereikbaarheid_Voorzieningen,weighted_mean,Voorzieningen
WK194016,0.23342425763539001,Bereikbaarheid_Voorzieningen,weighted_mean,Voorzieningen
BU19401601,0.23342425763539001,Bereikbaarheid_Voorzieningen,weighted_mean,Voorzieningen
WK194017,0.020682481038654506,Bereikbaarheid_Voorzieningen,weighted_mean,Voorzieningen
BU19401701,0.020682481038654506,Bereikbaarheid_Voorzieningen,weighted_mean,Voorzieningen
WK194018,0.682756424132608,Bereikbaarheid_Voorzieningen,weighted_mean,Voorzieningen
BU19401801,0.682756424132608,Bereikbaarheid_Voorzieningen,weighted_mean,Voorzieningen
WK194019,-0.645192873677598,Bereikbaarheid_Voorzieningen,weighted_mean,Voorzieningen
BU19401901,-0.824152184346298,Bereikbaarheid_Voorzieningen,weighted_mean,Voorzieningen
BU19401902,0.9349701165497628,Bereikbaarheid_Voorzieningen,weighted_mean,Voorzieningen
BU19401903,-0.883290466286494,Bereikbaarheid_Voorzieningen,weighted_mean,Voorzieningen
BU19401904,-0.6126068721474132,Bereikbaarheid_Voorzieningen,weighted_mean,Voorzieningen
BU19401905,-0.3013572966598791,Bereikbaarheid_Voorzieningen,weighted_mean,Voorzieningen
BU19401906,-0.4329952055272965,Bereikbaarheid_Voorzieningen,weighted_mean,Voorzieningen
BU19401907,-0.7503599828593661,Bereikbaarheid_Voorzieningen,weighted_mean,Voorzieningen
BU19401908,-0.1429563145327165,Bereikbaarheid_Voorzieningen,weighted_mean,Voorzieningen
BU19401909,-0.02536261976347131,Bereikbaarheid_Voorzieningen,weighted_mean,Voorzieningen
BU19401910,-0.7040198077732853,Bereikbaarheid_Voorzieningen,weighted_mean,Voorzieningen
WK194020,0.818920266321526,Bereikbaarheid_Voorzieningen,weighted_mean,Voorzieningen
BU19402001,0.818920266321526,Bereikbaarheid_Voorzieningen,weighted_mean,Voorzieningen
WK194021,-0.2920139897464368,Bereikbaarheid_Voorzieningen,weighted_mean,Voorzieningen
BU19402101,-0.2920139897464368,Bereikbaarheid_Voorzieningen,weighted_mean,Voorzieningen
WK194022,0.6004070586931776,Bereikbaarheid_Voorzieningen,weighted_mean,Voorzieningen
BU19402201,0.6004070586931776,Bereikbaarheid_Voorzieningen,weighted_mean,Voorzieningen
WK194023,-0.6594908599430591,Bereikbaarheid_Voorzieningen,weighted_mean,Voorzieningen
BU19402301,1.5051263447503174,Bereikbaarheid_Voorzieningen,weighted_mean,Voorzieningen
BU19402302,-0.3535333114286086,Bereikbaarheid_Voorzieningen,weighted_mean,Voorzieningen
BU19402303,-0.8689320460788788,Bereikbaarheid_Voorzieningen,weighted_mean,Voorzieningen
BU19402304,-0.8582304281936849,Bereikbaarheid_Voorzieningen,weighted_mean,Voorzieningen
BU19402305,-0.6748644856854743,Bereikbaarheid_Voorzieningen,weighted_mean,Voorzieningen
BU19402306,-0.8963346729969092,Bereikbaarheid_Voorzieningen,weighted_mean,Voorzieningen
BU19402307,-0.8149968779712583,Bereikbaarheid_Voorzieningen,weighted_mean,Voorzieningen
BU19402308,-0.16369027604034445,Bereikbaarheid_Voorzieningen,weighted_mean,Voorzieningen
WK194024,-0.364006464282857,Bereikbaarheid_Voorzieningen,weighted_mean,Voorzieningen
BU19402401,-0.364006464282857,Bereikbaarheid_Voorzieningen,weighted_mean,Voorzieningen
WK194025,-0.2778931948632239,Bereikbaarheid_Voorzieningen,weighted_mean,Voorzieningen
BU19402501,-0.2778931948632239,Bereikbaarheid_Voorzieningen,weighted_mean,Voorzieningen
WK194026,0.6684080484381203,Bereikbaarheid_Voorzieningen,weighted_mean,Voorzieningen
BU19402601,0.6684080484381203,Bereikbaarheid_Voorzieningen,weighted_mean,Voorzieningen
WK194027,1.1668601630490492,Bereikbaarheid_Voorzieningen,weighted_mean,Voorzieningen
BU19402701,1.1668601630490492,Bereikbaarheid_Voorzieningen,weighted_mean,Voorzieningen
WK194028,0.02919723930915437,Bereikbaarheid_Voorzieningen,weighted_mean,Voorzieningen
BU19402801,0.4047696502740724,Bereikbaarheid_Voorzieningen,weighted_mean,Voorzieningen
BU19402802,-0.175939509178974,Bereikbaarheid_Voorzieningen,weighted_mean,Voorzieningen
WK194029,0.591552482124332,Bereikbaarheid_Voorzieningen,weighted_mean,Voorzieningen
BU19402901,0.591552482124332,Bereikbaarheid_Voorzieningen,weighted_mean,Voorzieningen
WK194030,-0.8501479382475099,Bereikbaarheid_Voorzieningen,weighted_mean,Voorzieningen
BU19403001,-0.8501479382475099,Bereikbaarheid_Voorzieningen,weighted_mean,Voorzieningen
WK194031,0.6988664030888633,Bereikbaarheid_Voorzieningen,weighted_mean,Voorzieningen
BU19403101,0.6988664030888633,Bereikbaarheid_Voorzieningen,weighted_mean,Voorzieningen
WK194032,0.13041698715115124,Bereikbaarheid_Voorzieningen,weighted_mean,Voorzieningen
BU19403201,0.13041698715115124,Bereikbaarheid_Voorzieningen,weighted_mean,Voorzieningen
WK194033,0.5764389681731776,Bereikbaarheid_Voorzieningen,weighted_mean,Voorzieningen
BU19403301,0.5764389681731776,Bereikbaarheid_Voorzieningen,weighted_mean,Voorzieningen
WK194034,0.358788229378344,Bereikbaarheid_Voorzieningen,weighted_mean,Voorzieningen
BU19403401,0.358788229378344,Bereikbaarheid_Voorzieningen,weighted_mean,Voorzieningen
WK194035,0.47242045252693754,Bereikbaarheid_Voorzieningen,weighted_mean,Voorzieningen
BU19403501,0.47242045252693754,Bereikbaarheid_Voorzieningen,weighted_mean,Voorzieningen
WK194036,1.7220025141437958,Bereikbaarheid_Voorzieningen,weighted_mean,Voorzieningen
BU19403601,1.7220025141437958,Bereikbaarheid_Voorzieningen,weighted_mean,Voorzieningen
WK194037,-0.5171890583891562,Bereikbaarheid_Voorzieningen,weighted_mean,Voorzieningen
BU19403701,-0.5171890583891562,Bereikbaarheid_Voorzieningen,weighted_mean,Voorzieningen
WK194038,0.14634652772940898,Bereikbaarheid_Voorzieningen,weighted_mean,Voorzieningen
BU19403801,0.14634652772940898,Bereikbaarheid_Voorzieningen,weighted_mean,Voorzieningen
WK194039,0.06267171247600274,Bereikbaarheid_Voorzieningen,weighted_mean,Voorzieningen
BU19403901,0.06267171247600274,Bereikbaarheid_Voorzieningen,weighted_mean,Voorzieningen
WK194040,-0.2056582740776935,Bereikbaarheid_Voorzieningen,weighted_mean,Voorzieningen
BU19404001,-0.2056582740776935,Bereikbaarheid_Voorzieningen,weighted_mean,Voorzieningen
WK194041,-0.788698334511691,Bereikbaarheid_Voorzieningen,weighted_mean,Voorzieningen
BU19404101,-0.788698334511691,Bereikbaarheid_Voorzieningen,weighted_mean,Voorzieningen
WK194042,-0.7011443223747195,Bereikbaarheid_Voorzieningen,weighted_mean,Voorzieningen
BU19404201,-0.7011443223747195,Bereikbaarheid_Voorzieningen,weighted_mean,Voorzieningen
WK194043,-0.21733639312593184,Bereikbaarheid_Voorzieningen,weighted_mean,Voorzieningen
BU19404301,-0.21733639312593184,Bereikbaarheid_Voorzieningen,weighted_mean,Voorzieningen
WK194044,0.27882321515281194,Bereikbaarheid_Voorzieningen,weighted_mean,Voorzieningen
BU19404401,0.27882321515281194,Bereikbaarheid_Voorzieningen,weighted_mean,Voorzieningen
WK194045,0.9163770672737179,Bereikbaarheid_Voorzieningen,weighted_mean,Voorzieningen
BU19404501,0.9163770672737179,Bereikbaarheid_Voorzieningen,weighted_mean,Voorzieningen
WK194046,0.273135506953478,Bereikbaarheid_Voorzieningen,weighted_mean,Voorzieningen
BU19404601,0.273135506953478,Bereikbaarheid_Voorzieningen,weighted_mean,Voorzieningen
WK194047,0.6499138316315123,Bereikbaarheid_Voorzieningen,weighted_mean,Voorzieningen
BU19404701,0.6499138316315123,Bereikbaarheid_Voorzieningen,weighted_mean,Voorzieningen
WK194048,1.2964932085595966,Bereikbaarheid_Voorzieningen,weighted_mean,Voorzieningen
BU19404801,1.2964932085595966,Bereikbaarheid_Voorzieningen,weighted_mean,Voorzieningen
WK194049,0.875362548966398,Bereikbaarheid_Voorzieningen,weighted_mean,Voorzieningen
BU19404901,0.875362548966398,Bereikbaarheid_Voorzieningen,weighted_mean,Voorzieningen
WK194050,2.0066751094799082,Bereikbaarheid_Voorzieningen,weighted_mean,Voorzieningen
BU19405001,2.0066751094799082,Bereikbaarheid_Voorzieningen,weighted_mean,Voorzieningen
WK194051,-0.03203762715888295,Bereikbaarheid_Voorzieningen,weighted_mean,Voorzieningen
BU19405101,-0.03203762715888295,Bereikbaarheid_Voorzieningen,weighted_mean,Voorzieningen
GM0072,-0.6323021073038642,Bereikbaarheid_Voorzieningen,weighted_mean,Voorzieningen
WK007200,-0.7133038547435963,Bereikbaarheid_Voorzieningen,weighted_mean,Voorzieningen
BU00720001,-0.6322073455281911,Bereikbaarheid_Voorzieningen,weighted_mean,Voorzieningen
BU00720002,-0.6331238985722847,Bereikbaarheid_Voorzieningen,weighted_mean,Voorzieningen
BU00720003,-0.6930784369428118,Bereikbaarheid_Voorzieningen,weighted_mean,Voorzieningen
BU00720004,-0.7210227743143527,Bereikbaarheid_Voorzieningen,weighted_mean,Voorzieningen
BU00720005,-0.31223987767125433,Bereikbaarheid_Voorzieningen,weighted_mean,Voorzieningen
BU00720006,-0.8425168641503175,Bereikbaarheid_Voorzieningen,weighted_mean,Voorzieningen
BU00720007,0.5911878852617172,Bereikbaarheid_Voorzieningen,weighted_mean,Voorzieningen
BU00720009,0.3664900863018339,Bereikbaarheid_Voorzieningen,weighted_mean,Voorzieningen
WK007201,-0.43803784439796867,Bereikbaarheid_Voorzieningen,weighted_mean,Voorzieningen
BU00720100,-0.508637219670738,Bereikbaarheid_Voorzieningen,weighted_mean,Voorzieningen
BU00720109,-0.15560800647133718,Bereikbaarheid_Voorzieningen,weighted_mean,Voorzieningen
WK007202,1.199055828104739,Bereikbaarheid_Voorzieningen,weighted_mean,Voorzieningen
BU00720200,1.2304922374086735,Bereikbaarheid_Voorzieningen,weighted_mean,Voorzieningen
BU00720209,1.092393653557679,Bereikbaarheid_Voorzieningen,weighted_mean,Voorzieningen
GM0074,-0.3489471559079744,Bereikbaarheid_Voorzieningen,weighted_mean,Voorzieningen
WK007401,-0.519220562028905,Bereikbaarheid_Voorzieningen,weighted_mean,Voorzieningen
BU00740100,-0.5110329614229133,Bereikbaarheid_Voorzieningen,weighted_mean,Voorzieningen
BU00740101,-0.6671381916796097,Bereikbaarheid_Voorzieningen,weighted_mean,Voorzieningen
BU00740102,-0.4925466087266777,Bereikbaarheid_Voorzieningen,weighted_mean,Voorzieningen
BU00740103,-0.5899438638508911,Bereikbaarheid_Voorzieningen,weighted_mean,Voorzieningen
BU00740104,-0.697662861985505,Bereikbaarheid_Voorzieningen,weighted_mean,Voorzieningen
BU00740105,0.09003471447825588,Bereikbaarheid_Voorzieningen,weighted_mean,Voorzieningen
BU00740106,-0.7559272766013052,Bereikbaarheid_Voorzieningen,weighted_mean,Voorzieningen
BU00740107,-0.17094237907608914,Bereikbaarheid_Voorzieningen,weighted_mean,Voorzieningen
BU00740108,-0.06494665574369943,Bereikbaarheid_Voorzieningen,weighted_mean,Voorzieningen
BU00740109,0.2496141398081366,Bereikbaarheid_Voorzieningen,weighted_mean,Voorzieningen
BU00740110,-0.29197978088401805,Bereikbaarheid_Voorzieningen,weighted_mean,Voorzieningen
WK007402,0.7303381166123645,Bereikbaarheid_Voorzieningen,weighted_mean,Voorzieningen
BU00740201,1.174158402446733,Bereikbaarheid_Voorzieningen,weighted_mean,Voorzieningen
BU00740202,0.7670957176629263,Bereikbaarheid_Voorzieningen,weighted_mean,Voorzieningen
BU00740203,0.5110879801059769,Bereikbaarheid_Voorzieningen,weighted_mean,Voorzieningen
BU00740204,0.9348364903672415,Bereikbaarheid_Voorzieningen,weighted_mean,Voorzieningen
BU00740205,1.0711127772862032,Bereikbaarheid_Voorzieningen,weighted_mean,Voorzieningen
WK007403,0.13461445032034594,Bereikbaarheid_Voorzieningen,weighted_mean,Voorzieningen
BU00740301,-0.047506528651996324,Bereikbaarheid_Voorzieningen,weighted_mean,Voorzieningen
BU00740302,0.64191097150319,Bereikbaarheid_Voorzieningen,weighted_mean,Voorzieningen
WK007404,-0.2183946237286978,Bereikbaarheid_Voorzieningen,weighted_mean,Voorzieningen
BU00740401,-0.111929905563997,Bereikbaarheid_Voorzieningen,weighted_mean,Voorzieningen
BU00740402,0.6509236488031582,Bereikbaarheid_Voorzieningen,weighted_mean,Voorzieningen
BU00740403,0.3968049244448732,Bereikbaarheid_Voorzieningen,weighted_mean,Voorzieningen
BU00740404,-0.9259910108164978,Bereikbaarheid_Voorzieningen,weighted_mean,Voorzieningen
BU00740405,-0.10220080749390544,Bereikbaarheid_Voorzieningen,weighted_mean,Voorzieningen
BU00740406,-0.4127226348356691,Bereikbaarheid_Voorzieningen,weighted_mean,Voorzieningen
BU00740407,0.43369204229880476,Bereikbaarheid_Voorzieningen,weighted_mean,Voorzieningen
WK007406,-0.462550788600124,Bereikbaarheid_Voorzieningen,weighted_mean,Voorzieningen
BU00740601,-0.462550788600124,Bereikbaarheid_Voorzieningen,weighted_mean,Voorzieningen
WK007407,1.4353070335741367,Bereikbaarheid_Voorzieningen,weighted_mean,Voorzieningen
BU00740701,1.5946347129515384,Bereikbaarheid_Voorzieningen,weighted_mean,Voorzieningen
BU00740702,1.1861090949599964,Bereikbaarheid_Voorzieningen,weighted_mean,Voorzieningen
WK007409,-0.4179598739627777,Bereikbaarheid_Voorzieningen,weighted_mean,Voorzieningen
BU00740901,-0.7946662382525674,Bereikbaarheid_Voorzieningen,weighted_mean,Voorzieningen
BU00740902,-0.38165189816320794,Bereikbaarheid_Voorzieningen,weighted_mean,Voorzieningen
BU00740903,0.38875094096129376,Bereikbaarheid_Voorzieningen,weighted_mean,Voorzieningen
GM0080,-0.5181980684138819,Bereikbaarheid_Voorzieningen,weighted_mean,Voorzieningen
WK008010,-0.4597873924225452,Bereikbaarheid_Voorzieningen,weighted_mean,Voorzieningen
BU00801001,-0.47143590705040994,Bereikbaarheid_Voorzieningen,weighted_mean,Voorzieningen
BU00801002,-0.4799436715200877,Bereikbaarheid_Voorzieningen,weighted_mean,Voorzieningen
BU00801003,-0.5388868950708483,Bereikbaarheid_Voorzieningen,weighted_mean,Voorzieningen
BU00801004,-0.5815342958779328,Bereikbaarheid_Voorzieningen,weighted_mean,Voorzieningen
BU00801005,-0.46379647506703886,Bereikbaarheid_Voorzieningen,weighted_mean,Voorzieningen
BU00801006,-0.3003725883636142,Bereikbaarheid_Voorzieningen,weighted_mean,Voorzieningen
BU00801007,-0.3457746827262016,Bereikbaarheid_Voorzieningen,weighted_mean,Voorzieningen
BU00801008,-0.3797789738242922,Bereikbaarheid_Voorzieningen,weighted_mean,Voorzieningen
WK008011,-0.48560397165655433,Bereikbaarheid_Voorzieningen,weighted_mean,Voorzieningen
BU00801101,-0.2973168606309016,Bereikbaarheid_Voorzieningen,weighted_mean,Voorzieningen
BU00801102,-0.2850860873027281,Bereikbaarheid_Voorzieningen,weighted_mean,Voorzieningen
BU00801103,-0.4298257377333805,Bereikbaarheid_Voorzieningen,weighted_mean,Voorzieningen
BU00801104,-0.5027461741519714,Bereikbaarheid_Voorzieningen,weighted_mean,Voorzieningen
BU00801105,-0.658801243990956,Bereikbaarheid_Voorzieningen,weighted_mean,Voorzieningen
BU00801106,-0.5254137587387164,Bereikbaarheid_Voorzieningen,weighted_mean,Voorzieningen
BU00801107,-0.6232557180878013,Bereikbaarheid_Voorzieningen,weighted_mean,Voorzieningen
BU00801108,-0.608592517323866,Bereikbaarheid_Voorzieningen,weighted_mean,Voorzieningen
BU00801109,-0.5321321374290154,Bereikbaarheid_Voorzieningen,weighted_mean,Voorzieningen
WK008020,-0.5879144134681689,Bereikbaarheid_Voorzieningen,weighted_mean,Voorzieningen
BU00802001,-0.5703101324425498,Bereikbaarheid_Voorzieningen,weighted_mean,Voorzieningen
BU00802002,-0.5698670744797458,Bereikbaarheid_Voorzieningen,weighted_mean,Voorzieningen
BU00802003,-0.5585267729902357,Bereikbaarheid_Voorzieningen,weighted_mean,Voorzieningen
BU00802004,-0.6608156849834383,Bereikbaarheid_Voorzieningen,weighted_mean,Voorzieningen
BU00802005,-0.6581710273918964,Bereikbaarheid_Voorzieningen,weighted_mean,Voorzieningen
BU00802006,-0.4632291415410971,Bereikbaarheid_Voorzieningen,weighted_mean,Voorzieningen
BU00802007,-0.6340056656498602,Bereikbaarheid_Voorzieningen,weighted_mean,Voorzieningen
BU00802008,-0.4559269360686785,Bereikbaarheid_Voorzieningen,weighted_mean,Voorzieningen
BU00802009,-0.615193113836982,Bereikbaarheid_Voorzieningen,weighted_mean,Voorzieningen
WK008030,-0.6065471810798989,Bereikbaarheid_Voorzieningen,weighted_mean,Voorzieningen
BU00803001,-0.518076046507745,Bereikbaarheid_Voorzieningen,weighted_mean,Voorzieningen
BU00803002,-0.6840672054713808,Bereikbaarheid_Voorzieningen,weighted_mean,Voorzieningen
BU00803003,-0.5415040298728905,Bereikbaarheid_Voorzieningen,weighted_mean,Voorzieningen
BU00803004,-0.6105694356566258,Bereikbaarheid_Voorzieningen,weighted_mean,Voorzieningen
BU00803005,-0.6785082696156204,Bereikbaarheid_Voorzieningen,weighted_mean,Voorzieningen
BU00803006,-0.6308084835226422,Bereikbaarheid_Voorzieningen,weighted_mean,Voorzieningen
BU00803007,-0.5308822485890028,Bereikbaarheid_Voorzieningen,weighted_mean,Voorzieningen
WK008031,-0.3288072208046754,Bereikbaarheid_Voorzieningen,weighted_mean,Voorzieningen
BU00803101,-0.3288072208046754,Bereikbaarheid_Voorzieningen,weighted_mean,Voorzieningen
BU00803102,-0.19267371154117569,Bereikbaarheid_Voorzieningen,weighted_mean,Voorzieningen
WK008032,-0.5210440400249833,Bereikbaarheid_Voorzieningen,weighted_mean,Voorzieningen
BU00803201,-0.6118923539149137,Bereikbaarheid_Voorzieningen,weighted_mean,Voorzieningen
BU00803202,-0.4629730396755628,Bereikbaarheid_Voorzieningen,weighted_mean,Voorzieningen
BU00803203,-0.46601723959909813,Bereikbaarheid_Voorzieningen,weighted_mean,Voorzieningen
BU00803204,-0.21635061994972254,Bereikbaarheid_Voorzieningen,weighted_mean,Voorzieningen
WK008040,-0.6103841166173889,Bereikbaarheid_Voorzieningen,weighted_mean,Voorzieningen
BU00804001,-0.603288039210584,Bereikbaarheid_Voorzieningen,weighted_mean,Voorzieningen
BU00804002,-0.6878246534214854,Bereikbaarheid_Voorzieningen,weighted_mean,Voorzieningen
BU00804003,-0.5676544051748295,Bereikbaarheid_Voorzieningen,weighted_mean,Voorzieningen
BU00804004,-0.6657293276648264,Bereikbaarheid_Voorzieningen,weighted_mean,Voorzieningen
WK008041,-0.6971382141792611,Bereikbaarheid_Voorzieningen,weighted_mean,Voorzieningen
BU00804101,-0.7121434555002034,Bereikbaarheid_Voorzieningen,weighted_mean,Voorzieningen
BU00804102,-0.14155955478322224,Bereikbaarheid_Voorzieningen,weighted_mean,Voorzieningen
BU00804103,0.20186852899566335,Bereikbaarheid_Voorzieningen,weighted_mean,Voorzieningen
BU00804104,0.47525412613814205,Bereikbaarheid_Voorzieningen,weighted_mean,Voorzieningen
BU00804105,0.14592374114646026,Bereikbaarheid_Voorzieningen,weighted_mean,Voorzieningen
BU00804106,0.5911878852617172,Bereikbaarheid_Voorzieningen,weighted_mean,Voorzieningen
BU00804107,0.5911878852617172,Bereikbaarheid_Voorzieningen,weighted_mean,Voorzieningen
BU00804108,0.5911878852617172,Bereikbaarheid_Voorzieningen,weighted_mean,Voorzieningen
BU00804109,0.17956739819012127,Bereikbaarheid_Voorzieningen,weighted_mean,Voorzieningen
BU00804110,0.6057563117981671,Bereikbaarheid_Voorzieningen,weighted_mean,Voorzieningen
WK008050,-0.634907402638665,Bereikbaarheid_Voorzieningen,weighted_mean,Voorzieningen
BU00805001,-0.6623423663922494,Bereikbaarheid_Voorzieningen,weighted_mean,Voorzieningen
BU00805002,-0.5895232942543649,Bereikbaarheid_Voorzieningen,weighted_mean,Voorzieningen
BU00805003,-0.10672018617845792,Bereikbaarheid_Voorzieningen,weighted_mean,Voorzieningen
WK008051,-0.6545043321793187,Bereikbaarheid_Voorzieningen,weighted_mean,Voorzieningen
BU00805101,-0.6041813070551204,Bereikbaarheid_Voorzieningen,weighted_mean,Voorzieningen
BU00805102,-0.7623237360467728,Bereikbaarheid_Voorzieningen,weighted_mean,Voorzieningen
BU00805103,-0.735121811475345,Bereikbaarheid_Voorzieningen,weighted_mean,Voorzieningen
BU00805104,0.5486415659632768,Bereikbaarheid_Voorzieningen,weighted_mean,Voorzieningen
BU00805105,1.5776216761065585,Bereikbaarheid_Voorzieningen,weighted_mean,Voorzieningen
WK008060,-0.5888835007012366,Bereikbaarheid_Voorzieningen,weighted_mean,Voorzieningen
BU00806001,-0.6235203733134774,Bereikbaarheid_Voorzieningen,weighted_mean,Voorzieningen
BU00806002,-0.23087642435632716,Bereikbaarheid_Voorzieningen,weighted_mean,Voorzieningen
BU00806003,-0.21381568238605364,Bereikbaarheid_Voorzieningen,weighted_mean,Voorzieningen
WK008061,-0.512030071860348,Bereikbaarheid_Voorzieningen,weighted_mean,Voorzieningen
BU00806101,-0.5276449834130088,Bereikbaarheid_Voorzieningen,weighted_mean,Voorzieningen
BU00806102,-0.5026313774190081,Bereikbaarheid_Voorzieningen,weighted_mean,Voorzieningen
WK008062,-0.17348591014275605,Bereikbaarheid_Voorzieningen,weighted_mean,Voorzieningen
BU00806201,-0.5463238270446034,Bereikbaarheid_Voorzieningen,weighted_mean,Voorzieningen
BU00806202,-0.25319436436975473,Bereikbaarheid_Voorzieningen,weighted_mean,Voorzieningen
BU00806203,0.38576368205580325,Bereikbaarheid_Voorzieningen,weighted_mean,Voorzieningen
BU00806204,0.07683046278711417,Bereikbaarheid_Voorzieningen,weighted_mean,Voorzieningen
BU00806205,0.36030502710103357,Bereikbaarheid_Voorzieningen,weighted_mean,Voorzieningen
BU00806206,0.4857764321370267,Bereikbaarheid_Voorzieningen,weighted_mean,Voorzieningen
BU00806207,-0.16030353514493523,Bereikbaarheid_Voorzieningen,weighted_mean,Voorzieningen
BU00806208,0.3514848449808915,Bereikbaarheid_Voorzieningen,weighted_mean,Voorzieningen
BU00806209,-0.6555916085845281,Bereikbaarheid_Voorzieningen,weighted_mean,Voorzieningen
BU00806210,0.02850234197396328,Bereikbaarheid_Voorzieningen,weighted_mean,Voorzieningen
WK008063,-0.631771924659531,Bereikbaarheid_Voorzieningen,weighted_mean,Voorzieningen
BU00806301,-0.7401318600554619,Bereikbaarheid_Voorzieningen,weighted_mean,Voorzieningen
BU00806302,0.5118749919030143,Bereikbaarheid_Voorzieningen,weighted_mean,Voorzieningen
BU00806303,0.12170641662134785,Bereikbaarheid_Voorzieningen,weighted_mean,Voorzieningen
BU00806304,0.33744059566587437,Bereikbaarheid_Voorzieningen,weighted_mean,Voorzieningen
BU00806305,-0.46420375440821937,Bereikbaarheid_Voorzieningen,weighted_mean,Voorzieningen
BU00806306,0.12561330507402263,Bereikbaarheid_Voorzieningen,weighted_mean,Voorzieningen
BU00806307,0.5809597672680689,Bereikbaarheid_Voorzieningen,weighted_mean,Voorzieningen
WK008070,-0.7302405056295111,Bereikbaarheid_Voorzieningen,weighted_mean,Voorzieningen
BU00807001,-0.8853205283421731,Bereikbaarheid_Voorzieningen,weighted_mean,Voorzieningen
BU00807002,-0.7507998687601597,Bereikbaarheid_Voorzieningen,weighted_mean,Voorzieningen
BU00807003,-0.45226398723521116,Bereikbaarheid_Voorzieningen,weighted_mean,Voorzieningen
BU00807004,0.0899399527025829,Bereikbaarheid_Voorzieningen,weighted_mean,Voorzieningen
WK008071,-0.30890314579261086,Bereikbaarheid_Voorzieningen,weighted_mean,Voorzieningen
BU00807101,-0.30890314579261086,Bereikbaarheid_Voorzieningen,weighted_mean,Voorzieningen
WK008072,-0.06691521126426953,Bereikbaarheid_Voorzieningen,weighted_mean,Voorzieningen
BU00807201,-0.05735636272312511,Bereikbaarheid_Voorzieningen,weighted_mean,Voorzieningen
BU00807202,0.19487813872040682,Bereikbaarheid_Voorzieningen,weighted_mean,Voorzieningen
BU00807203,-0.10092713945650415,Bereikbaarheid_Voorzieningen,weighted_mean,Voorzieningen
WK008073,-0.2503211277021783,Bereikbaarheid_Voorzieningen,weighted_mean,Voorzieningen
BU00807301,-0.39235694370442503,Bereikbaarheid_Voorzieningen,weighted_mean,Voorzieningen
BU00807302,0.09258308235517002,Bereikbaarheid_Voorzieningen,weighted_mean,Voorzieningen
BU00807303,0.20761885597651142,Bereikbaarheid_Voorzieningen,weighted_mean,Voorzieningen
BU00807304,0.6057563117981674,Bereikbaarheid_Voorzieningen,weighted_mean,Voorzieningen
BU00807305,-0.3652960083294806,Bereikbaarheid_Voorzieningen,weighted_mean,Voorzieningen
BU00807306,-0.5373922882344794,Bereikbaarheid_Voorzieningen,weighted_mean,Voorzieningen
WK008074,-0.08558985744877744,Bereikbaarheid_Voorzieningen,weighted_mean,Voorzieningen
BU00807401,-0.03236465618663792,Bereikbaarheid_Voorzieningen,weighted_mean,Voorzieningen
BU00807402,-0.1698560210758895,Bereikbaarheid_Voorzieningen,weighted_mean,Voorzieningen
BU00807403,-0.006759184856257983,Bereikbaarheid_Voorzieningen,weighted_mean,Voorzieningen
BU00807404,-0.35998738540534947,Bereikbaarheid_Voorzieningen,weighted_mean,Voorzieningen
BU00807405,-0.5020627880523068,Bereikbaarheid_Voorzieningen,weighted_mean,Voorzieningen
WK008080,-0.5861345374577862,Bereikbaarheid_Voorzieningen,weighted_mean,Voorzieningen
BU00808001,-0.7040952884615365,Bereikbaarheid_Voorzieningen,weighted_mean,Voorzieningen
BU00808002,-0.3227333743538577,Bereikbaarheid_Voorzieningen,weighted_mean,Voorzieningen
BU00808003,-0.04200636691616438,Bereikbaarheid_Voorzieningen,weighted_mean,Voorzieningen
BU00808004,-0.9319659421175732,Bereikbaarheid_Voorzieningen,weighted_mean,Voorzieningen
BU00808005,-0.11959435108585434,Bereikbaarheid_Voorzieningen,weighted_mean,Voorzieningen
BU00808006,0.5100350629326263,Bereikbaarheid_Voorzieningen,weighted_mean,Voorzieningen
BU00808007,-0.04177169931012177,Bereikbaarheid_Voorzieningen,weighted_mean,Voorzieningen
BU00808008,0.7253552396688145,Bereikbaarheid_Voorzieningen,weighted_mean,Voorzieningen
WK008081,0.14974869275658345,Bereikbaarheid_Voorzieningen,weighted_mean,Voorzieningen
BU00808101,-0.7567804418793903,Bereikbaarheid_Voorzieningen,weighted_mean,Voorzieningen
BU00808102,-0.1296846752414549,Bereikbaarheid_Voorzieningen,weighted_mean,Voorzieningen
BU00808103,-0.1516973482273718,Bereikbaarheid_Voorzieningen,weighted_mean,Voorzieningen
BU00808104,0.1617421850346338,Bereikbaarheid_Voorzieningen,weighted_mean,Voorzieningen
BU00808105,-0.13954066231876466,Bereikbaarheid_Voorzieningen,weighted_mean,Voorzieningen
BU00808106,0.10700616053472381,Bereikbaarheid_Voorzieningen,weighted_mean,Voorzieningen
BU00808107,0.7984163162699678,Bereikbaarheid_Voorzieningen,weighted_mean,Voorzieningen
BU00808108,0.7776923340073812,Bereikbaarheid_Voorzieningen,weighted_mean,Voorzieningen
BU00808109,1.0819749423224838,Bereikbaarheid_Voorzieningen,weighted_mean,Voorzieningen
BU00808110,1.142767725074753,Bereikbaarheid_Voorzieningen,weighted_mean,Voorzieningen
BU00808111,1.589112118691455,Bereikbaarheid_Voorzieningen,weighted_mean,Voorzieningen
BU00808112,1.8149932888294447,Bereikbaarheid_Voorzieningen,weighted_mean,Voorzieningen
BU00808113,0.5966907635978047,Bereikbaarheid_Voorzieningen,weighted_mean,Voorzieningen
BU00808114,0.2682340915665777,Bereikbaarheid_Voorzieningen,weighted_mean,Voorzieningen
BU00808115,-0.2807782078689675,Bereikbaarheid_Voorzieningen,weighted_mean,Voorzieningen
BU00808116,0.17931836616665375,Bereikbaarheid_Voorzieningen,weighted_mean,Voorzieningen
BU00808117,0.6198285620847509,Bereikbaarheid_Voorzieningen,weighted_mean,Voorzieningen
WK008082,-0.46343935365669575,Bereikbaarheid_Voorzieningen,weighted_mean,Voorzieningen
BU00808201,-0.002370528960142934,Bereikbaarheid_Voorzieningen,weighted_mean,Voorzieningen
BU00808202,0.58797953407551,Bereikbaarheid_Voorzieningen,weighted_mean,Voorzieningen
BU00808203,0.8044391141888979,Bereikbaarheid_Voorzieningen,weighted_mean,Voorzieningen
BU00808204,0.8265265472574002,Bereikbaarheid_Voorzieningen,weighted_mean,Voorzieningen
BU00808205,1.3269308497428824,Bereikbaarheid_Voorzieningen,weighted_mean,Voorzieningen
BU00808206,-0.7920983564584112,Bereikbaarheid_Voorzieningen,weighted_mean,Voorzieningen
BU00808207,0.9538034773890174,Bereikbaarheid_Voorzieningen,weighted_mean,Voorzieningen
BU00808208,-0.0698474912059453,Bereikbaarheid_Voorzieningen,weighted_mean,Voorzieningen
BU00808209,0.7968781955458764,Bereikbaarheid_Voorzieningen,weighted_mean,Voorzieningen
GM1970,-0.4036695247914603,Bereikbaarheid_Voorzieningen,weighted_mean,Voorzieningen
WK197000,-0.5780051594188158,Bereikbaarheid_Voorzieningen,weighted_mean,Voorzieningen
BU19700000,-0.5741758609754697,Bereikbaarheid_Voorzieningen,weighted_mean,Voorzieningen
BU19700001,-0.6186867115693189,Bereikbaarheid_Voorzieningen,weighted_mean,Voorzieningen
BU19700002,-0.7649399496568057,Bereikbaarheid_Voorzieningen,weighted_mean,Voorzieningen
BU19700003,-0.49857842520377166,Bereikbaarheid_Voorzieningen,weighted_mean,Voorzieningen
BU19700004,-0.3731891843283185,Bereikbaarheid_Voorzieningen,weighted_mean,Voorzieningen
BU19700005,-0.8400368278297252,Bereikbaarheid_Voorzieningen,weighted_mean,Voorzieningen
BU19700006,-0.5260741747004305,Bereikbaarheid_Voorzieningen,weighted_mean,Voorzieningen
BU19700007,-0.4194977764487131,Bereikbaarheid_Voorzieningen,weighted_mean,Voorzieningen
BU19700008,-0.5488849972146483,Bereikbaarheid_Voorzieningen,weighted_mean,Voorzieningen
BU19700009,-0.5483148406406172,Bereikbaarheid_Voorzieningen,weighted_mean,Voorzieningen
BU19700010,-0.34797780815488255,Bereikbaarheid_Voorzieningen,weighted_mean,Voorzieningen
BU19700011,-0.6268737026413655,Bereikbaarheid_Voorzieningen,weighted_mean,Voorzieningen
WK197001,-0.15020487372833696,Bereikbaarheid_Voorzieningen,weighted_mean,Voorzieningen
BU19700100,-0.4880846843483016,Bereikbaarheid_Voorzieningen,weighted_mean,Voorzieningen
BU19700101,0.6694841969640881,Bereikbaarheid_Voorzieningen,weighted_mean,Voorzieningen
BU19700102,-0.32454307367075724,Bereikbaarheid_Voorzieningen,weighted_mean,Voorzieningen
BU19700103,0.5514880786116972,Bereikbaarheid_Voorzieningen,weighted_mean,Voorzieningen
BU19700104,-0.004809970395945828,Bereikbaarheid_Voorzieningen,weighted_mean,Voorzieningen
BU19700105,1.1595277638215307,Bereikbaarheid_Voorzieningen,weighted_mean,Voorzieningen
BU19700107,-0.14164125160672852,Bereikbaarheid_Voorzieningen,weighted_mean,Voorzieningen
BU19700108,0.10922625732977487,Bereikbaarheid_Voorzieningen,weighted_mean,Voorzieningen
BU19700109,0.6736044038646679,Bereikbaarheid_Voorzieningen,weighted_mean,Voorzieningen
WK197002,0.676751912428883,Bereikbaarheid_Voorzieningen,weighted_mean,Voorzieningen
BU19700200,0.4706541719348297,Bereikbaarheid_Voorzieningen,weighted_mean,Voorzieningen
BU19700201,0.8261200220081132,Bereikbaarheid_Voorzieningen,weighted_mean,Voorzieningen
BU19700202,0.9634604693718547,Bereikbaarheid_Voorzieningen,weighted_mean,Voorzieningen
BU19700208,0.6760022272477169,Bereikbaarheid_Voorzieningen,weighted_mean,Voorzieningen
BU19700209,1.1538107604228505,Bereikbaarheid_Voorzieningen,weighted_mean,Voorzieningen
WK197003,-0.4724749027777828,Bereikbaarheid_Voorzieningen,weighted_mean,Voorzieningen
BU19700300,-1.0580552640133738,Bereikbaarheid_Voorzieningen,weighted_mean,Voorzieningen
BU19700301,0.14962708815904574,Bereikbaarheid_Voorzieningen,weighted_mean,Voorzieningen
BU19700302,0.19312151415020481,Bereikbaarheid_Voorzieningen,weighted_mean,Voorzieningen
BU19700303,0.33701860232346026,Bereikbaarheid_Voorzieningen,weighted_mean,Voorzieningen
BU19700307,-0.27524899540468095,Bereikbaarheid_Voorzieningen,weighted_mean,Voorzieningen
BU19700308,0.28575650202951397,Bereikbaarheid_Voorzieningen,weighted_mean,Voorzieningen
BU19700309,0.4084763503551697,Bereikbaarheid_Voorzieningen,weighted_mean,Voorzieningen
WK197004,-0.3459530182782568,Bereikbaarheid_Voorzieningen,weighted_mean,Voorzieningen
BU19700400,-0.7345344782089582,Bereikbaarheid_Voorzieningen,weighted_mean,Voorzieningen
BU19700401,1.155714953708351,Bereikbaarheid_Voorzieningen,weighted_mean,Voorzieningen
BU19700408,-0.1629078491676771,Bereikbaarheid_Voorzieningen,weighted_mean,Voorzieningen
BU19700409,0.6897203685049631,Bereikbaarheid_Voorzieningen,weighted_mean,Voorzieningen
WK197005,-0.08168516467206555,Bereikbaarheid_Voorzieningen,weighted_mean,Voorzieningen
BU19700500,-0.9954637051454485,Bereikbaarheid_Voorzieningen,weighted_mean,Voorzieningen
BU19700501,1.6220232446063152,Bereikbaarheid_Voorzieningen,weighted_mean,Voorzieningen
BU19700502,0.5503215377832693,Bereikbaarheid_Voorzieningen,weighted_mean,Voorzieningen
BU19700503,1.3296794899852222,Bereikbaarheid_Voorzieningen,weighted_mean,Voorzieningen
BU19700506,-0.3149156910343049,Bereikbaarheid_Voorzieningen,weighted_mean,Voorzieningen
BU19700507,0.9893230333448318,Bereikbaarheid_Voorzieningen,weighted_mean,Voorzieningen
BU19700508,0.6109872219243112,Bereikbaarheid_Voorzieningen,weighted_mean,Voorzieningen
BU19700509,1.0936969466406348,Bereikbaarheid_Voorzieningen,weighted_mean,Voorzieningen
WK197006,-0.5793519101515443,Bereikbaarheid_Voorzieningen,weighted_mean,Voorzieningen
BU19700600,-1.0091301444858702,Bereikbaarheid_Voorzieningen,weighted_mean,Voorzieningen
BU19700601,-0.07549632387530952,Bereikbaarheid_Voorzieningen,weighted_mean,Voorzieningen
BU19700602,0.4629714352717559,Bereikbaarheid_Voorzieningen,weighted_mean,Voorzieningen
BU19700603,0.7091062137370376,Bereikbaarheid_Voorzieningen,weighted_mean,Voorzieningen
BU19700604,-0.09416229345055174,Bereikbaarheid_Voorzieningen,weighted_mean,Voorzieningen
BU19700605,0.1527098633916209,Bereikbaarheid_Voorzieningen,weighted_mean,Voorzieningen
BU19700608,-0.16752927861704403,Bereikbaarheid_Voorzieningen,weighted_mean,Voorzieningen
BU19700609,0.8476391838675814,Bereikbaarheid_Voorzieningen,weighted_mean,Voorzieningen
WK197007,0.3997844859141453,Bereikbaarheid_Voorzieningen,weighted_mean,Voorzieningen
BU19700700,0.11067856586013525,Bereikbaarheid_Voorzieningen,weighted_mean,Voorzieningen
BU19700701,0.9834389724228527,Bereikbaarheid_Voorzieningen,weighted_mean,Voorzieningen
BU19700702,0.8063074533814183,Bereikbaarheid_Voorzieningen,weighted_mean,Voorzieningen
BU19700703,0.7930778924149211,Bereikbaarheid_Voorzieningen,weighted_mean,Voorzieningen
BU19700708,0.07665900057375677,Bereikbaarheid_Voorzieningen,weighted_mean,Voorzieningen
BU19700709,0.4681081975507906,Bereikbaarheid_Voorzieningen,weighted_mean,Voorzieningen
WK197008,-0.6197988902549247,Bereikbaarheid_Voorzieningen,weighted_mean,Voorzieningen
BU19700800,-0.9602994729369639,Bereikbaarheid_Voorzieningen,weighted_mean,Voorzieningen
BU19700801,-0.7661326857357529,Bereikbaarheid_Voorzieningen,weighted_mean,Voorzieningen
BU19700802,-0.243493965875185,Bereikbaarheid_Voorzieningen,weighted_mean,Voorzieningen
BU19700803,0.325480733193501,Bereikbaarheid_Voorzieningen,weighted_mean,Voorzieningen
BU19700807,-0.20165092897616355,Bereikbaarheid_Voorzieningen,weighted_mean,Voorzieningen
BU19700808,-0.1715006360628293,Bereikbaarheid_Voorzieningen,weighted_mean,Voorzieningen
BU19700809,0.24658274710374345,Bereikbaarheid_Voorzieningen,weighted_mean,Voorzieningen
WK197009,-0.7851426587141448,Bereikbaarheid_Voorzieningen,weighted_mean,Voorzieningen
BU19700900,-0.9162267550017744,Bereikbaarheid_Voorzieningen,weighted_mean,Voorzieningen
BU19700909,-0.008459947697154455,Bereikbaarheid_Voorzieningen,weighted_mean,Voorzieningen
WK197010,0.4236836591395773,Bereikbaarheid_Voorzieningen,weighted_mean,Voorzieningen
BU19701000,0.06760895304651797,Bereikbaarheid_Voorzieningen,weighted_mean,Voorzieningen
BU19701001,0.5417694249846691,Bereikbaarheid_Voorzieningen,weighted_mean,Voorzieningen
BU19701002,0.49813386053509245,Bereikbaarheid_Voorzieningen,weighted_mean,Voorzieningen
BU19701003,0.9650149291641784,Bereikbaarheid_Voorzieningen,weighted_mean,Voorzieningen
BU19701004,1.549330552426635,Bereikbaarheid_Voorzieningen,weighted_mean,Voorzieningen
BU19701005,1.1494127399245198,Bereikbaarheid_Voorzieningen,weighted_mean,Voorzieningen
BU19701006,1.3617085975065173,Bereikbaarheid_Voorzieningen,weighted_mean,Voorzieningen
BU19701008,0.3114284586590687,Bereikbaarheid_Voorzieningen,weighted_mean,Voorzieningen
BU19701009,1.0344819795359619,Bereikbaarheid_Voorzieningen,weighted_mean,Voorzieningen
WK197011,-0.7516477412340103,Bereikbaarheid_Voorzieningen,weighted_mean,Voorzieningen
BU19701100,-0.8130178573824438,Bereikbaarheid_Voorzieningen,weighted_mean,Voorzieningen
BU19701109,0.05748833786384823,Bereikbaarheid_Voorzieningen,weighted_mean,Voorzieningen
WK197012,0.880212243268761,Bereikbaarheid_Voorzieningen,weighted_mean,Voorzieningen
BU19701200,0.5348240301345424,Bereikbaarheid_Voorzieningen,weighted_mean,Voorzieningen
BU19701201,1.4639784795222504,Bereikbaarheid_Voorzieningen,weighted_mean,Voorzieningen
BU19701202,1.7846033033129052,Bereikbaarheid_Voorzieningen,weighted_mean,Voorzieningen
BU19701203,0.2915366047443818,Bereikbaarheid_Voorzieningen,weighted_mean,Voorzieningen
BU19701204,0.5775031136003312,Bereikbaarheid_Voorzieningen,weighted_mean,Voorzieningen
BU19701206,0.9527445961883141,Bereikbaarheid_Voorzieningen,weighted_mean,Voorzieningen
BU19701207,1.488687524655555,Bereikbaarheid_Voorzieningen,weighted_mean,Voorzieningen
BU19701208,1.5384978942991654,Bereikbaarheid_Voorzieningen,weighted_mean,Voorzieningen
BU19701209,0.947256696613852,Bereikbaarheid_Voorzieningen,weighted_mean,Voorzieningen
WK197013,-0.07205344674773867,Bereikbaarheid_Voorzieningen,weighted_mean,Voorzieningen
BU19701300,-0.21988677262599182,Bereikbaarheid_Voorzieningen,weighted_mean,Voorzieningen
BU19701301,-0.1598736491143643,Bereikbaarheid_Voorzieningen,weighted_mean,Voorzieningen
BU19701302,-0.10314063653352143,Bereikbaarheid_Voorzieningen,weighted_mean,Voorzieningen
BU19701308,0.2614508899432359,Bereikbaarheid_Voorzieningen,weighted_mean,Voorzieningen
BU19701309,0.8438223969065086,Bereikbaarheid_Voorzieningen,weighted_mean,Voorzieningen
WK197014,-0.7123153399481715,Bereikbaarheid_Voorzieningen,weighted_mean,Voorzieningen
BU19701400,-0.8113457196060041,Bereikbaarheid_Voorzieningen,weighted_mean,Voorzieningen
BU19701401,-0.5205295875629251,Bereikbaarheid_Voorzieningen,weighted_mean,Voorzieningen
BU19701402,-0.29074269219812465,Bereikbaarheid_Voorzieningen,weighted_mean,Voorzieningen
BU19701409,0.07973817376314465,Bereikbaarheid_Voorzieningen,weighted_mean,Voorzieningen
GM0085,-0.46510970297415655,Bereikbaarheid_Voorzieningen,weighted_mean,Voorzieningen
WK008501,-0.5085733602115725,Bereikbaarheid_Voorzieningen,weighted_mean,Voorzieningen
BU00850101,-0.6515466474033675,Bereikbaarheid_Voorzieningen,weighted_mean,Voorzieningen
BU00850102,-0.5607065801415262,Bereikbaarheid_Voorzieningen,weighted_mean,Voorzieningen
BU00850103,-0.8687067531099438,Bereikbaarheid_Voorzieningen,weighted_mean,Voorzieningen
BU00850104,-1.0524487171337715,Bereikbaarheid_Voorzieningen,weighted_mean,Voorzieningen
BU00850105,-0.8708185162671529,Bereikbaarheid_Voorzieningen,weighted_mean,Voorzieningen
BU00850106,-0.17385521789524996,Bereikbaarheid_Voorzieningen,weighted_mean,Voorzieningen
BU00850107,-0.7129167635518011,Bereikbaarheid_Voorzieningen,weighted_mean,Voorzieningen
BU00850108,-0.48070579863741725,Bereikbaarheid_Voorzieningen,weighted_mean,Voorzieningen
BU00850109,-0.696260193480796,Bereikbaarheid_Voorzieningen,weighted_mean,Voorzieningen
BU00850110,-0.9805199654336042,Bereikbaarheid_Voorzieningen,weighted_mean,Voorzieningen
BU00850111,0.25042379373343465,Bereikbaarheid_Voorzieningen,weighted_mean,Voorzieningen
WK008502,-0.57431151787285,Bereikbaarheid_Voorzieningen,weighted_mean,Voorzieningen
BU00850201,-0.9399566958751508,Bereikbaarheid_Voorzieningen,weighted_mean,Voorzieningen
BU00850202,-0.9260934096863149,Bereikbaarheid_Voorzieningen,weighted_mean,Voorzieningen
BU00850203,0.050309026490547526,Bereikbaarheid_Voorzieningen,weighted_mean,Voorzieningen
WK008503,0.8730417674323133,Bereikbaarheid_Voorzieningen,weighted_mean,Voorzieningen
BU00850301,0.6806263500009145,Bereikbaarheid_Voorzieningen,weighted_mean,Voorzieningen
BU00850302,1.1129640148233098,Bereikbaarheid_Voorzieningen,weighted_mean,Voorzieningen
WK008504,0.6896173601012012,Bereikbaarheid_Voorzieningen,weighted_mean,Voorzieningen
BU00850401,0.5611087827018717,Bereikbaarheid_Voorzieningen,weighted_mean,Voorzieningen
BU00850402,0.7659927175705771,Bereikbaarheid_Voorzieningen,weighted_mean,Voorzieningen
WK008505,0.6552901574510364,Bereikbaarheid_Voorzieningen,weighted_mean,Voorzieningen
BU00850501,0.8485277553076328,Bereikbaarheid_Voorzieningen,weighted_mean,Voorzieningen
BU00850502,0.5680365347404844,Bereikbaarheid_Voorzieningen,weighted_mean,Voorzieningen
WK008506,-0.7826487296692847,Bereikbaarheid_Voorzieningen,weighted_mean,Voorzieningen
BU00850601,-0.871008649352444,Bereikbaarheid_Voorzieningen,weighted_mean,Voorzieningen
BU00850602,-0.9458736672682406,Bereikbaarheid_Voorzieningen,weighted_mean,Voorzieningen
BU00850603,-1.0150026769171288,Bereikbaarheid_Voorzieningen,weighted_mean,Voorzieningen
BU00850604,-1.007612167838147,Bereikbaarheid_Voorzieningen,weighted_mean,Voorzieningen
BU00850605,-0.8096385332040106,Bereikbaarheid_Voorzieningen,weighted_mean,Voorzieningen
BU00850606,-0.8096385332040106,Bereikbaarheid_Voorzieningen,weighted_mean,Voorzieningen
BU00850607,-0.9604737223000224,Bereikbaarheid_Voorzieningen,weighted_mean,Voorzieningen
BU00850608,-0.2434442016792735,Bereikbaarheid_Voorzieningen,weighted_mean,Voorzieningen
WK008507,0.8051022440796235,Bereikbaarheid_Voorzieningen,weighted_mean,Voorzieningen
BU00850701,0.7864563045356602,Bereikbaarheid_Voorzieningen,weighted_mean,Voorzieningen
BU00850702,0.8969307148788,Bereikbaarheid_Voorzieningen,weighted_mean,Voorzieningen
WK008508,-0.11809838087571087,Bereikbaarheid_Voorzieningen,weighted_mean,Voorzieningen
BU00850801,-0.4316395037216016,Bereikbaarheid_Voorzieningen,weighted_mean,Voorzieningen
BU00850802,0.3393891585110224,Bereikbaarheid_Voorzieningen,weighted_mean,Voorzieningen
WK008509,1.0021581819614775,Bereikbaarheid_Voorzieningen,weighted_mean,Voorzieningen
BU00850901,1.1637544974148044,Bereikbaarheid_Voorzieningen,weighted_mean,Voorzieningen
BU00850902,0.9370782288867815,Bereikbaarheid_Voorzieningen,weighted_mean,Voorzieningen
WK008510,-0.7284881594736514,Bereikbaarheid_Voorzieningen,weighted_mean,Voorzieningen
BU00851001,-0.9100306261247956,Bereikbaarheid_Voorzieningen,weighted_mean,Voorzieningen
BU00851002,-0.9053889619661517,Bereikbaarheid_Voorzieningen,weighted_mean,Voorzieningen
BU00851003,-0.05341688184088324,Bereikbaarheid_Voorzieningen,weighted_mean,Voorzieningen
WK008511,-0.672426065278624,Bereikbaarheid_Voorzieningen,weighted_mean,Voorzieningen
BU00851101,-0.4546645359684181,Bereikbaarheid_Voorzieningen,weighted_mean,Voorzieningen
BU00851102,-0.3319243036715511,Bereikbaarheid_Voorzieningen,weighted_mean,Voorzieningen
BU00851103,-0.6384064999922455,Bereikbaarheid_Voorzieningen,weighted_mean,Voorzieningen
BU00851104,-0.917898892778214,Bereikbaarheid_Voorzieningen,weighted_mean,Voorzieningen
BU00851105,-0.9729836531120848,Bereikbaarheid_Voorzieningen,weighted_mean,Voorzieningen
BU00851106,-0.9086772707480221,Bereikbaarheid_Voorzieningen,weighted_mean,Voorzieningen
BU00851107,-0.8926144871865028,Bereikbaarheid_Voorzieningen,weighted_mean,Voorzieningen
BU00851108,-0.7784587951566991,Bereikbaarheid_Voorzieningen,weighted_mean,Voorzieningen
BU00851109,-0.5767676865021565,Bereikbaarheid_Voorzieningen,weighted_mean,Voorzieningen
BU00851110,-0.8494622130104404,Bereikbaarheid_Voorzieningen,weighted_mean,Voorzieningen
BU00851111,-0.6895863650104181,Bereikbaarheid_Voorzieningen,weighted_mean,Voorzieningen
BU00851112,-0.8149389180632728,Bereikbaarheid_Voorzieningen,weighted_mean,Voorzieningen
BU00851113,-0.8783383776143625,Bereikbaarheid_Voorzieningen,weighted_mean,Voorzieningen
BU00851114,-0.8565287766297806,Bereikbaarheid_Voorzieningen,weighted_mean,Voorzieningen
BU00851115,-0.8214116951731271,Bereikbaarheid_Voorzieningen,weighted_mean,Voorzieningen
BU00851116,-0.7300710703125071,Bereikbaarheid_Voorzieningen,weighted_mean,Voorzieningen
BU00851117,-0.6387748844137184,Bereikbaarheid_Voorzieningen,weighted_mean,Voorzieningen
BU00851118,0.37263834363494686,Bereikbaarheid_Voorzieningen,weighted_mean,Voorzieningen
WK008512,0.6342639024256749,Bereikbaarheid_Voorzieningen,weighted_mean,Voorzieningen
BU00851201,0.4841731192667529,Bereikbaarheid_Voorzieningen,weighted_mean,Voorzieningen
BU00851202,0.8947496083403512,Bereikbaarheid_Voorzieningen,weighted_mean,Voorzieningen
WK008513,-0.014043948007416096,Bereikbaarheid_Voorzieningen,weighted_mean,Voorzieningen
BU00851301,-0.2005423940457251,Bereikbaarheid_Voorzieningen,weighted_mean,Voorzieningen
BU00851302,0.2931362221515599,Bereikbaarheid_Voorzieningen,weighted_mean,Voorzieningen
GM0086,-0.4583480290302147,Bereikbaarheid_Voorzieningen,weighted_mean,Voorzieningen
WK008601,-0.7227889530744306,Bereikbaarheid_Voorzieningen,weighted_mean,Voorzieningen
BU00860101,-0.9725503344994794,Bereikbaarheid_Voorzieningen,weighted_mean,Voorzieningen
BU00860102,-0.9338967421486009,Bereikbaarheid_Voorzieningen,weighted_mean,Voorzieningen
BU00860103,-0.0025836688867857116,Bereikbaarheid_Voorzieningen,weighted_mean,Voorzieningen
WK008602,-0.7058529117224606,Bereikbaarheid_Voorzieningen,weighted_mean,Voorzieningen
BU00860201,-1.0210626306436785,Bereikbaarheid_Voorzieningen,weighted_mean,Voorzieningen
BU00860202,-0.9522142712007893,Bereikbaarheid_Voorzieningen,weighted_mean,Voorzieningen
BU00860203,-0.812799057799464,Bereikbaarheid_Voorzieningen,weighted_mean,Voorzieningen
BU00860204,-0.7438261270565678,Bereikbaarheid_Voorzieningen,weighted_mean,Voorzieningen
BU00860205,-0.8759754026789183,Bereikbaarheid_Voorzieningen,weighted_mean,Voorzieningen
BU00860206,-0.4938718648578396,Bereikbaarheid_Voorzieningen,weighted_mean,Voorzieningen
BU00860207,-0.37406789877660196,Bereikbaarheid_Voorzieningen,weighted_mean,Voorzieningen
BU00860208,0.6029042689191262,Bereikbaarheid_Voorzieningen,weighted_mean,Voorzieningen
BU00860209,-0.3602674625830506,Bereikbaarheid_Voorzieningen,weighted_mean,Voorzieningen
WK008604,-0.09124109674521236,Bereikbaarheid_Voorzieningen,weighted_mean,Voorzieningen
BU00860401,-0.09069292812259172,Bereikbaarheid_Voorzieningen,weighted_mean,Voorzieningen
BU00860402,0.04193574213222821,Bereikbaarheid_Voorzieningen,weighted_mean,Voorzieningen
WK008605,-0.6931420408079647,Bereikbaarheid_Voorzieningen,weighted_mean,Voorzieningen
BU00860501,-0.7866161964000365,Bereikbaarheid_Voorzieningen,weighted_mean,Voorzieningen
BU00860502,-0.5195065245568133,Bereikbaarheid_Voorzieningen,weighted_mean,Voorzieningen
BU00860503,-0.7084565277173605,Bereikbaarheid_Voorzieningen,weighted_mean,Voorzieningen
BU00860504,-0.6398762560821818,Bereikbaarheid_Voorzieningen,weighted_mean,Voorzieningen
BU00860505,-0.6489163406690924,Bereikbaarheid_Voorzieningen,weighted_mean,Voorzieningen
BU00860506,-0.8747963318820483,Bereikbaarheid_Voorzieningen,weighted_mean,Voorzieningen
BU00860507,-0.617262166371289,Bereikbaarheid_Voorzieningen,weighted_mean,Voorzieningen
BU00860508,0.4027706505699937,Bereikbaarheid_Voorzieningen,weighted_mean,Voorzieningen
WK008606,0.8410062167595342,Bereikbaarheid_Voorzieningen,weighted_mean,Voorzieningen
BU00860601,0.780460603669521,Bereikbaarheid_Voorzieningen,weighted_mean,Voorzieningen
BU00860602,0.9367133502680327,Bereikbaarheid_Voorzieningen,weighted_mean,Voorzieningen
WK008607,0.6468150795123773,Bereikbaarheid_Voorzieningen,weighted_mean,Voorzieningen
BU00860701,0.5767327149517082,Bereikbaarheid_Voorzieningen,weighted_mean,Voorzieningen
BU00860702,0.7143219251847464,Bereikbaarheid_Voorzieningen,weighted_mean,Voorzieningen
WK008608,-0.17803493326795067,Bereikbaarheid_Voorzieningen,weighted_mean,Voorzieningen
BU00860801,-0.3680622531063409,Bereikbaarheid_Voorzieningen,weighted_mean,Voorzieningen
BU00860802,0.26081430366896324,Bereikbaarheid_Voorzieningen,weighted_mean,Voorzieningen
WK008609,-0.19167644970279502,Bereikbaarheid_Voorzieningen,weighted_mean,Voorzieningen
BU00860901,-0.31536357874233295,Bereikbaarheid_Voorzieningen,weighted_mean,Voorzieningen
BU00860902,0.10691447526214122,Bereikbaarheid_Voorzieningen,weighted_mean,Voorzieningen
WK008610,1.031556522476487,Bereikbaarheid_Voorzieningen,weighted_mean,Voorzieningen
BU00861001,1.1626329816699728,Bereikbaarheid_Voorzieningen,weighted_mean,Voorzieningen
BU00861002,0.7813805292091551,Bereikbaarheid_Voorzieningen,weighted_mean,Voorzieningen
WK008611,-0.47148806732225873,Bereikbaarheid_Voorzieningen,weighted_mean,Voorzieningen
BU00861101,-0.7769127214023763,Bereikbaarheid_Voorzieningen,weighted_mean,Voorzieningen
BU00861102,0.2759723964178231,Bereikbaarheid_Voorzieningen,weighted_mean,Voorzieningen
WK008613,0.056617293587542,Bereikbaarheid_Voorzieningen,weighted_mean,Voorzieningen
BU00861301,-0.23229941671219773,Bereikbaarheid_Voorzieningen,weighted_mean,Voorzieningen
BU00861302,0.2677250826617122,Bereikbaarheid_Voorzieningen,weighted_mean,Voorzieningen
WK008614,-0.14744193354474536,Bereikbaarheid_Voorzieningen,weighted_mean,Voorzieningen
BU00861401,-0.4057128678984505,Bereikbaarheid_Voorzieningen,weighted_mean,Voorzieningen
BU00861402,0.2778037492638764,Bereikbaarheid_Voorzieningen,weighted_mean,Voorzieningen
WK008615,0.10219622149794041,Bereikbaarheid_Voorzieningen,weighted_mean,Voorzieningen
BU00861501,-0.2057963143763334,Bereikbaarheid_Voorzieningen,weighted_mean,Voorzieningen
BU00861502,0.705375549298229,Bereikbaarheid_Voorzieningen,weighted_mean,Voorzieningen
WK008616,-0.7115862081993694,Bereikbaarheid_Voorzieningen,weighted_mean,Voorzieningen
BU00861601,-0.998288146938138,Bereikbaarheid_Voorzieningen,weighted_mean,Voorzieningen
BU00861602,-0.8638396868632869,Bereikbaarheid_Voorzieningen,weighted_mean,Voorzieningen
BU00861603,-0.7506081849717209,Bereikbaarheid_Voorzieningen,weighted_mean,Voorzieningen
BU00861604,-1.056166191154178,Bereikbaarheid_Voorzieningen,weighted_mean,Voorzieningen
BU00861605,-0.9129089324324393,Bereikbaarheid_Voorzieningen,weighted_mean,Voorzieningen
BU00861606,0.5079277101246255,Bereikbaarheid_Voorzieningen,weighted_mean,Voorzieningen
BU00861607,0.10523962569570197,Bereikbaarheid_Voorzieningen,weighted_mean,Voorzieningen
WK008617,-0.4933789091363598,Bereikbaarheid_Voorzieningen,weighted_mean,Voorzieningen
BU00861701,-1.0419924804518546,Bereikbaarheid_Voorzieningen,weighted_mean,Voorzieningen
BU00861702,-0.9356834161379798,Bereikbaarheid_Voorzieningen,weighted_mean,Voorzieningen
BU00861703,0.21625246531126366,Bereikbaarheid_Voorzieningen,weighted_mean,Voorzieningen
GM0088,-1.0105484340537763,Bereikbaarheid_Voorzieningen,weighted_mean,Voorzieningen
WK008800,-1.0105484340537763,Bereikbaarheid_Voorzieningen,weighted_mean,Voorzieningen
BU00880000,-1.0419924804518546,Bereikbaarheid_Voorzieningen,weighted_mean,Voorzieningen
BU00880009,-0.4757981489271173,Bereikbaarheid_Voorzieningen,weighted_mean,Voorzieningen
GM0090,-0.47453263902390785,Bereikbaarheid_Voorzieningen,weighted_mean,Voorzieningen
WK009001,-0.5688132786182793,Bereikbaarheid_Voorzieningen,weighted_mean,Voorzieningen
BU00900101,-0.5688132786182793,Bereikbaarheid_Voorzieningen,weighted_mean,Voorzieningen
WK009002,-0.7297242157094459,Bereikbaarheid_Voorzieningen,weighted_mean,Voorzieningen
BU00900201,-0.6348400171775568,Bereikbaarheid_Voorzieningen,weighted_mean,Voorzieningen
BU00900202,-0.8160464362427823,Bereikbaarheid_Voorzieningen,weighted_mean,Voorzieningen
BU00900203,-0.697839934396653,Bereikbaarheid_Voorzieningen,weighted_mean,Voorzieningen
BU00900204,-0.7570824036656447,Bereikbaarheid_Voorzieningen,weighted_mean,Voorzieningen
BU00900205,-0.7760967276310808,Bereikbaarheid_Voorzieningen,weighted_mean,Voorzieningen
BU00900206,-0.5949786121724183,Bereikbaarheid_Voorzieningen,weighted_mean,Voorzieningen
WK009003,-0.4887535026170741,Bereikbaarheid_Voorzieningen,weighted_mean,Voorzieningen
BU00900301,-0.4044831877549047,Bereikbaarheid_Voorzieningen,weighted_mean,Voorzieningen
BU00900302,-0.4999333362097038,Bereikbaarheid_Voorzieningen,weighted_mean,Voorzieningen
BU00900303,-0.5721745055603352,Bereikbaarheid_Voorzieningen,weighted_mean,Voorzieningen
BU00900304,-0.5624557563743873,Bereikbaarheid_Voorzieningen,weighted_mean,Voorzieningen
WK009004,-0.6174794732321591,Bereikbaarheid_Voorzieningen,weighted_mean,Voorzieningen
BU00900401,-0.6125071850675958,Bereikbaarheid_Voorzieningen,weighted_mean,Voorzieningen
BU00900402,-0.3672552594070402,Bereikbaarheid_Voorzieningen,weighted_mean,Voorzieningen
BU00900403,-0.6218405984428941,Bereikbaarheid_Voorzieningen,weighted_mean,Voorzieningen
BU00900404,-0.6327044726839471,Bereikbaarheid_Voorzieningen,weighted_mean,Voorzieningen
BU00900405,-0.6347241858554827,Bereikbaarheid_Voorzieningen,weighted_mean,Voorzieningen
BU00900406,-0.7323039391098553,Bereikbaarheid_Voorzieningen,weighted_mean,Voorzieningen
WK009005,-0.15980344274417851,Bereikbaarheid_Voorzieningen,weighted_mean,Voorzieningen
BU00900501,-0.1395545041270176,Bereikbaarheid_Voorzieningen,weighted_mean,Voorzieningen
BU00900502,-0.22774453036017384,Bereikbaarheid_Voorzieningen,weighted_mean,Voorzieningen
WK009006,-0.6644568413394583,Bereikbaarheid_Voorzieningen,weighted_mean,Voorzieningen
BU00900601,-0.6959244085539131,Bereikbaarheid_Voorzieningen,weighted_mean,Voorzieningen
BU00900602,-0.673686100463794,Bereikbaarheid_Voorzieningen,weighted_mean,Voorzieningen
BU00900603,-0.6206674854002672,Bereikbaarheid_Voorzieningen,weighted_mean,Voorzieningen
WK009007,-0.5019703145674922,Bereikbaarheid_Voorzieningen,weighted_mean,Voorzieningen
BU00900701,-0.7292155607445125,Bereikbaarheid_Voorzieningen,weighted_mean,Voorzieningen
BU00900702,-0.6475777992085958,Bereikbaarheid_Voorzieningen,weighted_mean,Voorzieningen
BU00900703,-0.6416718974916844,Bereikbaarheid_Voorzieningen,weighted_mean,Voorzieningen
BU00900704,-0.3712221567467031,Bereikbaarheid_Voorzieningen,weighted_mean,Voorzieningen
BU00900705,-0.39384059530562854,Bereikbaarheid_Voorzieningen,weighted_mean,Voorzieningen
BU00900706,-0.07871728241291699,Bereikbaarheid_Voorzieningen,weighted_mean,Voorzieningen
WK009008,-0.5605375187416477,Bereikbaarheid_Voorzieningen,weighted_mean,Voorzieningen
BU00900801,-0.44551620601553715,Bereikbaarheid_Voorzieningen,weighted_mean,Voorzieningen
BU00900802,-0.6569052548296511,Bereikbaarheid_Voorzieningen,weighted_mean,Voorzieningen
BU00900803,-0.6570076536994681,Bereikbaarheid_Voorzieningen,weighted_mean,Voorzieningen
WK009009,-0.6338998341980087,Bereikbaarheid_Voorzieningen,weighted_mean,Voorzieningen
BU00900901,-0.6256639039151521,Bereikbaarheid_Voorzieningen,weighted_mean,Voorzieningen
BU00900902,-0.6026404973052222,Bereikbaarheid_Voorzieningen,weighted_mean,Voorzieningen
BU00900903,-0.6312316557900901,Bereikbaarheid_Voorzieningen,weighted_mean,Voorzieningen
BU00900904,-0.5997882189259567,Bereikbaarheid_Voorzieningen,weighted_mean,Voorzieningen
WK009010,-0.6524689979445861,Bereikbaarheid_Voorzieningen,weighted_mean,Voorzieningen
BU00901001,-0.5976834833289465,Bereikbaarheid_Voorzieningen,weighted_mean,Voorzieningen
BU00901002,-0.6306028206550502,Bereikbaarheid_Voorzieningen,weighted_mean,Voorzieningen
BU00901003,-0.719684234992868,Bereikbaarheid_Voorzieningen,weighted_mean,Voorzieningen
BU00901004,-0.6766958612957203,Bereikbaarheid_Voorzieningen,weighted_mean,Voorzieningen
WK009011,-0.0009007240932035199,Bereikbaarheid_Voorzieningen,weighted_mean,Voorzieningen
BU00901101,-0.0009007240932035199,Bereikbaarheid_Voorzieningen,weighted_mean,Voorzieningen
WK009012,0.04713346546263775,Bereikbaarheid_Voorzieningen,weighted_mean,Voorzieningen
BU00901201,0.04419719924700849,Bereikbaarheid_Voorzieningen,weighted_mean,Voorzieningen
BU00901202,0.06117771477765503,Bereikbaarheid_Voorzieningen,weighted_mean,Voorzieningen
WK009013,-0.48288696101789214,Bereikbaarheid_Voorzieningen,weighted_mean,Voorzieningen
BU00901301,-0.5484242116545694,Bereikbaarheid_Voorzieningen,weighted_mean,Voorzieningen
BU00901302,-0.5451424722998987,Bereikbaarheid_Voorzieningen,weighted_mean,Voorzieningen
BU00901303,-0.36264921819105,Bereikbaarheid_Voorzieningen,weighted_mean,Voorzieningen
WK009021,-0.41831566076911747,Bereikbaarheid_Voorzieningen,weighted_mean,Voorzieningen
BU00902104,-0.47992506959081993,Bereikbaarheid_Voorzieningen,weighted_mean,Voorzieningen
BU00902105,-0.4000253033534962,Bereikbaarheid_Voorzieningen,weighted_mean,Voorzieningen
BU00902109,0.2719018473810765,Bereikbaarheid_Voorzieningen,weighted_mean,Voorzieningen
BU00902110,-0.8103753020469565,Bereikbaarheid_Voorzieningen,weighted_mean,Voorzieningen
BU00902114,0.9051475154751804,Bereikbaarheid_Voorzieningen,weighted_mean,Voorzieningen
WK009022,-0.057472652178198066,Bereikbaarheid_Voorzieningen,weighted_mean,Voorzieningen
BU00902201,-0.1515271134764581,Bereikbaarheid_Voorzieningen,weighted_mean,Voorzieningen
BU00902202,0.35879658512551094,Bereikbaarheid_Voorzieningen,weighted_mean,Voorzieningen
BU00902203,0.4168072627908671,Bereikbaarheid_Voorzieningen,weighted_mean,Voorzieningen
BU00902206,-0.5711900790929189,Bereikbaarheid_Voorzieningen,weighted_mean,Voorzieningen
BU00902212,0.8241717607469816,Bereikbaarheid_Voorzieningen,weighted_mean,Voorzieningen
BU00902213,2.499309913986779,Bereikbaarheid_Voorzieningen,weighted_mean,Voorzieningen
BU00902215,1.789842235340073,Bereikbaarheid_Voorzieningen,weighted_mean,Voorzieningen
BU00902216,-0.0540935885197889,Bereikbaarheid_Voorzieningen,weighted_mean,Voorzieningen
WK009023,-0.07271591168845554,Bereikbaarheid_Voorzieningen,weighted_mean,Voorzieningen
BU00902307,0.2068044669460228,Bereikbaarheid_Voorzieningen,weighted_mean,Voorzieningen
BU00902308,-0.0073937494724927826,Bereikbaarheid_Voorzieningen,weighted_mean,Voorzieningen
BU00902311,-0.37894483411771623,Bereikbaarheid_Voorzieningen,weighted_mean,Voorzieningen
GM1900,-0.3710193098621779,Bereikbaarheid_Voorzieningen,weighted_mean,Voorzieningen
WK190000,-0.6828399652547642,Bereikbaarheid_Voorzieningen,weighted_mean,Voorzieningen
BU19000000,-0.8018703606253683,Bereikbaarheid_Voorzieningen,weighted_mean,Voorzieningen
BU19000001,-0.8027880925944957,Bereikbaarheid_Voorzieningen,weighted_mean,Voorzieningen
BU19000002,-0.8941199014359381,Bereikbaarheid_Voorzieningen,weighted_mean,Voorzieningen
BU19000003,-0.5721242691013788,Bereikbaarheid_Voorzieningen,weighted_mean,Voorzieningen
BU19000004,-0.48023230355612767,Bereikbaarheid_Voorzieningen,weighted_mean,Voorzieningen
BU19000009,-0.2774145139577661,Bereikbaarheid_Voorzieningen,weighted_mean,Voorzieningen
WK190001,-0.550545495923821,Bereikbaarheid_Voorzieningen,weighted_mean,Voorzieningen
BU19000101,-0.7537333140667112,Bereikbaarheid_Voorzieningen,weighted_mean,Voorzieningen
BU19000102,-0.708356842776555,Bereikbaarheid_Voorzieningen,weighted_mean,Voorzieningen
BU19000103,-0.474566508724428,Bereikbaarheid_Voorzieningen,weighted_mean,Voorzieningen
BU19000104,-0.7212185534958228,Bereikbaarheid_Voorzieningen,weighted_mean,Voorzieningen
BU19000105,-0.6491971422760372,Bereikbaarheid_Voorzieningen,weighted_mean,Voorzieningen
BU19000106,-0.8438393242756066,Bereikbaarheid_Voorzieningen,weighted_mean,Voorzieningen
BU19000107,-0.6102139605083499,Bereikbaarheid_Voorzieningen,weighted_mean,Voorzieningen
BU19000108,-0.804427435402382,Bereikbaarheid_Voorzieningen,weighted_mean,Voorzieningen
BU19000109,-0.8267387729107765,Bereikbaarheid_Voorzieningen,weighted_mean,Voorzieningen
BU19000110,-0.4716713953635307,Bereikbaarheid_Voorzieningen,weighted_mean,Voorzieningen
BU19000111,-0.09617411607294254,Bereikbaarheid_Voorzieningen,weighted_mean,Voorzieningen
BU19000112,-0.779450631276069,Bereikbaarheid_Voorzieningen,weighted_mean,Voorzieningen
BU19000113,-0.6723658939955058,Bereikbaarheid_Voorzieningen,weighted_mean,Voorzieningen
BU19000114,-0.680733848193734,Bereikbaarheid_Voorzieningen,weighted_mean,Voorzieningen
BU19000115,-0.5289709272583725,Bereikbaarheid_Voorzieningen,weighted_mean,Voorzieningen
BU19000116,-0.3856904967341783,Bereikbaarheid_Voorzieningen,weighted_mean,Voorzieningen
BU19000117,-0.5435967496985086,Bereikbaarheid_Voorzieningen,weighted_mean,Voorzieningen
BU19000118,0.25332668852439877,Bereikbaarheid_Voorzieningen,weighted_mean,Voorzieningen
BU19000119,-0.23782688299937366,Bereikbaarheid_Voorzieningen,weighted_mean,Voorzieningen
BU19000120,-0.4237925437224277,Bereikbaarheid_Voorzieningen,weighted_mean,Voorzieningen
WK190002,-0.5912098340261115,Bereikbaarheid_Voorzieningen,weighted_mean,Voorzieningen
BU19000200,-0.7772268922949741,Bereikbaarheid_Voorzieningen,weighted_mean,Voorzieningen
BU19000201,0.8509158134393286,Bereikbaarheid_Voorzieningen,weighted_mean,Voorzieningen
BU19000202,-0.13691633006940845,Bereikbaarheid_Voorzieningen,weighted_mean,Voorzieningen
BU19000208,0.36951526565797116,Bereikbaarheid_Voorzieningen,weighted_mean,Voorzieningen
BU19000209,0.17563017096488015,Bereikbaarheid_Voorzieningen,weighted_mean,Voorzieningen
WK190003,-0.41406728545135474,Bereikbaarheid_Voorzieningen,weighted_mean,Voorzieningen
BU19000300,-0.8893261784046325,Bereikbaarheid_Voorzieningen,weighted_mean,Voorzieningen
BU19000301,1.7910991869571293,Bereikbaarheid_Voorzieningen,weighted_mean,Voorzieningen
BU19000302,0.7291644449518074,Bereikbaarheid_Voorzieningen,weighted_mean,Voorzieningen
BU19000308,0.049587531835889376,Bereikbaarheid_Voorzieningen,weighted_mean,Voorzieningen
BU19000309,0.37823561143636164,Bereikbaarheid_Voorzieningen,weighted_mean,Voorzieningen
WK190004,-0.32522187767970656,Bereikbaarheid_Voorzieningen,weighted_mean,Voorzieningen
BU19000400,-0.29913198959697335,Bereikbaarheid_Voorzieningen,weighted_mean,Voorzieningen
BU19000401,-0.2839388112926649,Bereikbaarheid_Voorzieningen,weighted_mean,Voorzieningen
BU19000402,0.455840862931316,Bereikbaarheid_Voorzieningen,weighted_mean,Voorzieningen
BU19000403,-0.47336468411524535,Bereikbaarheid_Voorzieningen,weighted_mean,Voorzieningen
BU19000408,0.1574529427469861,Bereikbaarheid_Voorzieningen,weighted_mean,Voorzieningen
BU19000409,-0.18648824041940526,Bereikbaarheid_Voorzieningen,weighted_mean,Voorzieningen
WK190005,-0.7170261428100572,Bereikbaarheid_Voorzieningen,weighted_mean,Voorzieningen
BU19000500,-0.8600344786274062,Bereikbaarheid_Voorzieningen,weighted_mean,Voorzieningen
BU19000501,-0.762997933474665,Bereikbaarheid_Voorzieningen,weighted_mean,Voorzieningen
BU19000502,-0.6611206610137219,Bereikbaarheid_Voorzieningen,weighted_mean,Voorzieningen
BU19000503,-0.040573412693915664,Bereikbaarheid_Voorzieningen,weighted_mean,Voorzieningen
WK190006,-0.5301320451547882,Bereikbaarheid_Voorzieningen,weighted_mean,Voorzieningen
BU19000600,-0.9831902460975772,Bereikbaarheid_Voorzieningen,weighted_mean,Voorzieningen
BU19000602,0.27283777493250033,Bereikbaarheid_Voorzieningen,weighted_mean,Voorzieningen
BU19000603,0.428026060849314,Bereikbaarheid_Voorzieningen,weighted_mean,Voorzieningen
BU19000607,-0.12205040845707099,Bereikbaarheid_Voorzieningen,weighted_mean,Voorzieningen
BU19000608,1.2568408480880695,Bereikbaarheid_Voorzieningen,weighted_mean,Voorzieningen
BU19000609,0.4748176848622106,Bereikbaarheid_Voorzieningen,weighted_mean,Voorzieningen
WK190007,-0.29171803013530534,Bereikbaarheid_Voorzieningen,weighted_mean,Voorzieningen
BU19000700,-0.5066786384691983,Bereikbaarheid_Voorzieningen,weighted_mean,Voorzieningen
BU19000701,0.01672355667286058,Bereikbaarheid_Voorzieningen,weighted_mean,Voorzieningen
BU19000702,0.21898599005330976,Bereikbaarheid_Voorzieningen,weighted_mean,Voorzieningen
BU19000706,-0.041893968176124854,Bereikbaarheid_Voorzieningen,weighted_mean,Voorzieningen
BU19000707,0.1956372494546954,Bereikbaarheid_Voorzieningen,weighted_mean,Voorzieningen
BU19000708,0.19846896362843813,Bereikbaarheid_Voorzieningen,weighted_mean,Voorzieningen
WK190008,0.4418582292704856,Bereikbaarheid_Voorzieningen,weighted_mean,Voorzieningen
BU19000800,0.13256767955733245,Bereikbaarheid_Voorzieningen,weighted_mean,Voorzieningen
BU19000801,0.899263269042916,Bereikbaarheid_Voorzieningen,weighted_mean,Voorzieningen
BU19000802,1.036541894727374,Bereikbaarheid_Voorzieningen,weighted_mean,Voorzieningen
BU19000804,1.45448618627552,Bereikbaarheid_Voorzieningen,weighted_mean,Voorzieningen
BU19000808,0.4876457707018127,Bereikbaarheid_Voorzieningen,weighted_mean,Voorzieningen
BU19000809,1.4153525451153217,Bereikbaarheid_Voorzieningen,weighted_mean,Voorzieningen
WK190009,0.8356906539524477,Bereikbaarheid_Voorzieningen,weighted_mean,Voorzieningen
BU19000900,0.17843921959818168,Bereikbaarheid_Voorzieningen,weighted_mean,Voorzieningen
BU19000901,0.852563650057195,Bereikbaarheid_Voorzieningen,weighted_mean,Voorzieningen
BU19000902,1.0338366403715857,Bereikbaarheid_Voorzieningen,weighted_mean,Voorzieningen
BU19000903,1.594269500592076,Bereikbaarheid_Voorzieningen,weighted_mean,Voorzieningen
BU19000904,1.1987744083297025,Bereikbaarheid_Voorzieningen,weighted_mean,Voorzieningen
BU19000905,1.3667969087589824,Bereikbaarheid_Voorzieningen,weighted_mean,Voorzieningen
BU19000906,1.947988844510518,Bereikbaarheid_Voorzieningen,weighted_mean,Voorzieningen
BU19000907,0.14691568561271798,Bereikbaarheid_Voorzieningen,weighted_mean,Voorzieningen
BU19000908,1.4328833130384746,Bereikbaarheid_Voorzieningen,weighted_mean,Voorzieningen
BU19000909,1.1200348387967851,Bereikbaarheid_Voorzieningen,weighted_mean,Voorzieningen
WK190010,0.2669511472379879,Bereikbaarheid_Voorzieningen,weighted_mean,Voorzieningen
BU19001000,0.9744348956909054,Bereikbaarheid_Voorzieningen,weighted_mean,Voorzieningen
BU19001001,-0.22753219758045107,Bereikbaarheid_Voorzieningen,weighted_mean,Voorzieningen
BU19001002,0.8349777706389692,Bereikbaarheid_Voorzieningen,weighted_mean,Voorzieningen
BU19001003,0.5679945878730284,Bereikbaarheid_Voorzieningen,weighted_mean,Voorzieningen
BU19001007,1.2787099575447727,Bereikbaarheid_Voorzieningen,weighted_mean,Voorzieningen
BU19001008,0.4401421128042254,Bereikbaarheid_Voorzieningen,weighted_mean,Voorzieningen
WK190011,-0.0717042272295869,Bereikbaarheid_Voorzieningen,weighted_mean,Voorzieningen
BU19001100,-0.2696778618637232,Bereikbaarheid_Voorzieningen,weighted_mean,Voorzieningen
BU19001101,0.47397307787027876,Bereikbaarheid_Voorzieningen,weighted_mean,Voorzieningen
BU19001108,1.0464527652095788,Bereikbaarheid_Voorzieningen,weighted_mean,Voorzieningen
BU19001109,0.9705149308649175,Bereikbaarheid_Voorzieningen,weighted_mean,Voorzieningen
WK190012,0.09415150078783525,Bereikbaarheid_Voorzieningen,weighted_mean,Voorzieningen
BU19001200,-0.06333742854421222,Bereikbaarheid_Voorzieningen,weighted_mean,Voorzieningen
BU19001201,0.49862359717305205,Bereikbaarheid_Voorzieningen,weighted_mean,Voorzieningen
BU19001202,0.49380203476817125,Bereikbaarheid_Voorzieningen,weighted_mean,Voorzieningen
BU19001203,1.7235117888174303,Bereikbaarheid_Voorzieningen,weighted_mean,Voorzieningen
BU19001204,0.9278135749099701,Bereikbaarheid_Voorzieningen,weighted_mean,Voorzieningen
BU19001208,0.44560520591346536,Bereikbaarheid_Voorzieningen,weighted_mean,Voorzieningen
BU19001209,1.0452186342420449,Bereikbaarheid_Voorzieningen,weighted_mean,Voorzieningen
WK190013,-0.3914890742771286,Bereikbaarheid_Voorzieningen,weighted_mean,Voorzieningen
BU19001300,-0.9918153698282838,Bereikbaarheid_Voorzieningen,weighted_mean,Voorzieningen
BU19001301,0.5208400539346729,Bereikbaarheid_Voorzieningen,weighted_mean,Voorzieningen
BU19001302,0.12082889915830518,Bereikbaarheid_Voorzieningen,weighted_mean,Voorzieningen
BU19001303,-0.48825363598111465,Bereikbaarheid_Voorzieningen,weighted_mean,Voorzieningen
BU19001306,-0.07305793868530441,Bereikbaarheid_Voorzieningen,weighted_mean,Voorzieningen
BU19001307,1.05176596592213,Bereikbaarheid_Voorzieningen,weighted_mean,Voorzieningen
BU19001308,0.32329807877245986,Bereikbaarheid_Voorzieningen,weighted_mean,Voorzieningen
BU19001309,0.10862941280336771,Bereikbaarheid_Voorzieningen,weighted_mean,Voorzieningen
WK190014,1.3173061593787545,Bereikbaarheid_Voorzieningen,weighted_mean,Voorzieningen
BU19001400,2.1318022604447497,Bereikbaarheid_Voorzieningen,weighted_mean,Voorzieningen
BU19001401,1.3187904357871103,Bereikbaarheid_Voorzieningen,weighted_mean,Voorzieningen
BU19001402,0.9862655523699856,Bereikbaarheid_Voorzieningen,weighted_mean,Voorzieningen
BU19001403,0.26999777891382365,Bereikbaarheid_Voorzieningen,weighted_mean,Voorzieningen
BU19001404,0.7729874306966756,Bereikbaarheid_Voorzieningen,weighted_mean,Voorzieningen
BU19001405,1.6321690567747442,Bereikbaarheid_Voorzieningen,weighted_mean,Voorzieningen
BU19001406,1.2376584881078307,Bereikbaarheid_Voorzieningen,weighted_mean,Voorzieningen
BU19001407,1.8953624547550265,Bereikbaarheid_Voorzieningen,weighted_mean,Voorzieningen
BU19001408,1.3634054737097552,Bereikbaarheid_Voorzieningen,weighted_mean,Voorzieningen
BU19001409,1.0419041252836438,Bereikbaarheid_Voorzieningen,weighted_mean,Voorzieningen
WK190015,1.750570007476364,Bereikbaarheid_Voorzieningen,weighted_mean,Voorzieningen
BU19001500,2.89144666055825,Bereikbaarheid_Voorzieningen,weighted_mean,Voorzieningen
BU19001501,1.1046435917891735,Bereikbaarheid_Voorzieningen,weighted_mean,Voorzieningen
BU19001502,0.887819533668516,Bereikbaarheid_Voorzieningen,weighted_mean,Voorzieningen
BU19001503,0.6057563117981674,Bereikbaarheid_Voorzieningen,weighted_mean,Voorzieningen
BU19001509,3.250795708806678,Bereikbaarheid_Voorzieningen,weighted_mean,Voorzieningen
WK190016,1.0695656944939618,Bereikbaarheid_Voorzieningen,weighted_mean,Voorzieningen
BU19001600,1.010127412284123,Bereikbaarheid_Voorzieningen,weighted_mean,Voorzieningen
BU19001601,2.079815403832732,Bereikbaarheid_Voorzieningen,weighted_mean,Voorzieningen
BU19001602,1.1712195580038682,Bereikbaarheid_Voorzieningen,weighted_mean,Voorzieningen
BU19001603,-0.051361705761786655,Bereikbaarheid_Voorzieningen,weighted_mean,Voorzieningen
BU19001604,1.727001753567758,Bereikbaarheid_Voorzieningen,weighted_mean,Voorzieningen
BU19001606,1.301138433937028,Bereikbaarheid_Voorzieningen,weighted_mean,Voorzieningen
BU19001607,0.5225203874231863,Bereikbaarheid_Voorzieningen,weighted_mean,Voorzieningen
BU19001608,1.3541102277449697,Bereikbaarheid_Voorzieningen,weighted_mean,Voorzieningen
WK190017,-0.8403836824327865,Bereikbaarheid_Voorzieningen,weighted_mean,Voorzieningen
BU19001700,-0.8714593444093919,Bereikbaarheid_Voorzieningen,weighted_mean,Voorzieningen
BU19001709,-0.2468388000459944,Bereikbaarheid_Voorzieningen,weighted_mean,Voorzieningen
WK190018,0.7648335153124249,Bereikbaarheid_Voorzieningen,weighted_mean,Voorzieningen
BU19001800,0.17986961129236484,Bereikbaarheid_Voorzieningen,weighted_mean,Voorzieningen
BU19001801,1.2718946746798894,Bereikbaarheid_Voorzieningen,weighted_mean,Voorzieningen
BU19001802,0.5431666656313551,Bereikbaarheid_Voorzieningen,weighted_mean,Voorzieningen
BU19001803,1.614338010257299,Bereikbaarheid_Voorzieningen,weighted_mean,Voorzieningen
BU19001804,0.40551544049573734,Bereikbaarheid_Voorzieningen,weighted_mean,Voorzieningen
BU19001808,0.5434573359067951,Bereikbaarheid_Voorzieningen,weighted_mean,Voorzieningen
BU19001809,1.7360780908304863,Bereikbaarheid_Voorzieningen,weighted_mean,Voorzieningen
WK190019,0.6389098715813595,Bereikbaarheid_Voorzieningen,weighted_mean,Voorzieningen
BU19001900,0.4682640812048444,Bereikbaarheid_Voorzieningen,weighted_mean,Voorzieningen
BU19001901,0.9477465356893853,Bereikbaarheid_Voorzieningen,weighted_mean,Voorzieningen
BU19001902,0.3332425128711195,Bereikbaarheid_Voorzieningen,weighted_mean,Voorzieningen
BU19001903,1.092592202732212,Bereikbaarheid_Voorzieningen,weighted_mean,Voorzieningen
BU19001904,0.7523505731156185,Bereikbaarheid_Voorzieningen,weighted_mean,Voorzieningen
WK190020,-0.23746281220908808,Bereikbaarheid_Voorzieningen,weighted_mean,Voorzieningen
BU19002001,-0.8974190172349511,Bereikbaarheid_Voorzieningen,weighted_mean,Voorzieningen
BU19002002,-0.43547232537989106,Bereikbaarheid_Voorzieningen,weighted_mean,Voorzieningen
BU19002003,1.004526859057152,Bereikbaarheid_Voorzieningen,weighted_mean,Voorzieningen
BU19002004,0.058678353518648814,Bereikbaarheid_Voorzieningen,weighted_mean,Voorzieningen
BU19002005,0.25861691347834564,Bereikbaarheid_Voorzieningen,weighted_mean,Voorzieningen
BU19002006,0.4310162267967424,Bereikbaarheid_Voorzieningen,weighted_mean,Voorzieningen
BU19002007,1.172919897079975,Bereikbaarheid_Voorzieningen,weighted_mean,Voorzieningen
BU19002008,0.33146550432970623,Bereikbaarheid_Voorzieningen,weighted_mean,Voorzieningen
BU19002009,-0.18565999590788584,Bereikbaarheid_Voorzieningen,weighted_mean,Voorzieningen
BU19002010,0.18606122422119548,Bereikbaarheid_Voorzieningen,weighted_mean,Voorzieningen
BU19002011,0.5363216133849945,Bereikbaarheid_Voorzieningen,weighted_mean,Voorzieningen
BU19002012,0.38902682589824134,Bereikbaarheid_Voorzieningen,weighted_mean,Voorzieningen
BU19002013,1.2113502052980647,Bereikbaarheid_Voorzieningen,weighted_mean,Voorzieningen
BU19002014,0.812501718439717,Bereikbaarheid_Voorzieningen,weighted_mean,Voorzieningen
BU19002015,1.1358210832445073,Bereikbaarheid_Voorzieningen,weighted_mean,Voorzieningen
BU19002016,1.0973916000115183,Bereikbaarheid_Voorzieningen,weighted_mean,Voorzieningen
BU19002017,-0.5072412904803439,Bereikbaarheid_Voorzieningen,weighted_mean,Voorzieningen
BU19002018,0.6420660559629271,Bereikbaarheid_Voorzieningen,weighted_mean,Voorzieningen
BU19002019,0.23900470268438118,Bereikbaarheid_Voorzieningen,weighted_mean,Voorzieningen
GM0093,-0.596351446249589,Bereikbaarheid_Voorzieningen,weighted_mean,Voorzieningen
WK009300,-0.8661388713157876,Bereikbaarheid_Voorzieningen,weighted_mean,Voorzieningen
BU00930000,-0.8661388713157876,Bereikbaarheid_Voorzieningen,weighted_mean,Voorzieningen
BU00930002,-0.06795897696467955,Bereikbaarheid_Voorzieningen,weighted_mean,Voorzieningen
WK009301,-0.8717454181953901,Bereikbaarheid_Voorzieningen,weighted_mean,Voorzieningen
BU00930110,-1.0288659631059647,Bereikbaarheid_Voorzieningen,weighted_mean,Voorzieningen
BU00930111,-0.5645264530317498,Bereikbaarheid_Voorzieningen,weighted_mean,Voorzieningen
BU00930112,0.8195085689089379,Bereikbaarheid_Voorzieningen,weighted_mean,Voorzieningen
WK009302,-0.2546944484590987,Bereikbaarheid_Voorzieningen,weighted_mean,Voorzieningen
BU00930213,-0.1957435878141943,Bereikbaarheid_Voorzieningen,weighted_mean,Voorzieningen
BU00930214,-0.3564413362017149,Bereikbaarheid_Voorzieningen,weighted_mean,Voorzieningen
BU00930215,0.6245168479602631,Bereikbaarheid_Voorzieningen,weighted_mean,Voorzieningen
WK009303,0.033719326192576,Bereikbaarheid_Voorzieningen,weighted_mean,Voorzieningen
BU00930316,0.031143807304275885,Bereikbaarheid_Voorzieningen,weighted_mean,Voorzieningen
BU00930317,0.6057563117981672,Bereikbaarheid_Voorzieningen,weighted_mean,Voorzieningen
WK009304,0.3669451902933081,Bereikbaarheid_Voorzieningen,weighted_mean,Voorzieningen
BU00930418,0.4116005046836754,Bereikbaarheid_Voorzieningen,weighted_mean,Voorzieningen
BU00930419,0.3669451902933081,Bereikbaarheid_Voorzieningen,weighted_mean,Voorzieningen
BU00930420,0.4683438931068832,Bereikbaarheid_Voorzieningen,weighted_mean,Voorzieningen
WK009305,1.9031645521946712,Bereikbaarheid_Voorzieningen,weighted_mean,Voorzieningen
BU00930521,1.9057400710829713,Bereikbaarheid_Voorzieningen,weighted_mean,Voorzieningen
BU00930522,0.4228009230219791,Bereikbaarheid_Voorzieningen,weighted_mean,Voorzieningen
BU00930523,1.1487440777270228,Bereikbaarheid_Voorzieningen,weighted_mean,Voorzieningen
GM0737,-0.5337064277226566,Bereikbaarheid_Voorzieningen,weighted_mean,Voorzieningen
WK073700,-0.6412927924079541,Bereikbaarheid_Voorzieningen,weighted_mean,Voorzieningen
BU07370000,-0.6701613199177323,Bereikbaarheid_Voorzieningen,weighted_mean,Voorzieningen
BU07370009,0.0238371569989427,Bereikbaarheid_Voorzieningen,weighted_mean,Voorzieningen
WK073701,-0.2874038228465814,Bereikbaarheid_Voorzieningen,weighted_mean,Voorzieningen
BU07370100,-0.106890267836714,Bereikbaarheid_Voorzieningen,weighted_mean,Voorzieningen
BU07370101,-0.6607043165544859,Bereikbaarheid_Voorzieningen,weighted_mean,Voorzieningen
BU07370102,1.830123156866457,Bereikbaarheid_Voorzieningen,weighted_mean,Voorzieningen
BU07370108,0.5984314500612166,Bereikbaarheid_Voorzieningen,weighted_mean,Voorzieningen
BU07370109,-0.12366458632552507,Bereikbaarheid_Voorzieningen,weighted_mean,Voorzieningen
WK073702,-0.5978538349119487,Bereikbaarheid_Voorzieningen,weighted_mean,Voorzieningen
BU07370200,-0.32832544173944006,Bereikbaarheid_Voorzieningen,weighted_mean,Voorzieningen
BU07370201,-0.6974570829338124,Bereikbaarheid_Voorzieningen,weighted_mean,Voorzieningen
BU07370208,-0.06928857376924524,Bereikbaarheid_Voorzieningen,weighted_mean,Voorzieningen
BU07370209,-0.32583907588649097,Bereikbaarheid_Voorzieningen,weighted_mean,Voorzieningen
WK073703,-0.2929841723366527,Bereikbaarheid_Voorzieningen,weighted_mean,Voorzieningen
BU07370300,-0.33533996451964987,Bereikbaarheid_Voorzieningen,weighted_mean,Voorzieningen
BU07370309,0.15842742048222003,Bereikbaarheid_Voorzieningen,weighted_mean,Voorzieningen
WK073704,0.1781290046887034,Bereikbaarheid_Voorzieningen,weighted_mean,Voorzieningen
BU07370400,-0.15467735816398973,Bereikbaarheid_Voorzieningen,weighted_mean,Voorzieningen
BU07370401,0.3113168623263073,Bereikbaarheid_Voorzieningen,weighted_mean,Voorzieningen
BU07370408,1.4854034776852885,Bereikbaarheid_Voorzieningen,weighted_mean,Voorzieningen
BU07370409,1.7741012440661252,Bereikbaarheid_Voorzieningen,weighted_mean,Voorzieningen
WK073705,-0.7059696614495445,Bereikbaarheid_Voorzieningen,weighted_mean,Voorzieningen
BU07370500,-0.33176192620557987,Bereikbaarheid_Voorzieningen,weighted_mean,Voorzieningen
BU07370501,-0.9453813562975508,Bereikbaarheid_Voorzieningen,weighted_mean,Voorzieningen
BU07370508,-0.05874231052946573,Bereikbaarheid_Voorzieningen,weighted_mean,Voorzieningen
BU07370509,-0.1918838501133507,Bereikbaarheid_Voorzieningen,weighted_mean,Voorzieningen
WK073706,-0.07493584844841375,Bereikbaarheid_Voorzieningen,weighted_mean,Voorzieningen
BU07370600,-0.34651426327419044,Bereikbaarheid_Voorzieningen,weighted_mean,Voorzieningen
BU07370609,0.48580174141238197,Bereikbaarheid_Voorzieningen,weighted_mean,Voorzieningen
WK073707,-0.5478131019777929,Bereikbaarheid_Voorzieningen,weighted_mean,Voorzieningen
BU07370700,-0.8713770337739171,Bereikbaarheid_Voorzieningen,weighted_mean,Voorzieningen
BU07370701,-0.4803668345835009,Bereikbaarheid_Voorzieningen,weighted_mean,Voorzieningen
BU07370708,0.22921447264429368,Bereikbaarheid_Voorzieningen,weighted_mean,Voorzieningen
BU07370709,-0.1452982938239929,Bereikbaarheid_Voorzieningen,weighted_mean,Voorzieningen
WK073708,-0.7077892465915774,Bereikbaarheid_Voorzieningen,weighted_mean,Voorzieningen
BU07370800,-0.9281262947900835,Bereikbaarheid_Voorzieningen,weighted_mean,Voorzieningen
BU07370809,-0.2831932079443723,Bereikbaarheid_Voorzieningen,weighted_mean,Voorzieningen
WK073709,-0.7277892623043489,Bereikbaarheid_Voorzieningen,weighted_mean,Voorzieningen
BU07370900,-0.7592333087024272,Bereikbaarheid_Voorzieningen,weighted_mean,Voorzieningen
BU07370909,-0.16416731282274644,Bereikbaarheid_Voorzieningen,weighted_mean,Voorzieningen
GM0096,-0.8377334900031553,Bereikbaarheid_Voorzieningen,weighted_mean,Voorzieningen
WK009600,-0.8377334900031553,Bereikbaarheid_Voorzieningen,weighted_mean,Voorzieningen
BU00960000,-0.8991036061515889,Bereikbaarheid_Voorzieningen,weighted_mean,Voorzieningen
BU00960009,0.17896623018050442,Bereikbaarheid_Voorzieningen,weighted_mean,Voorzieningen
GM1949,-0.487052656061078,Bereikbaarheid_Voorzieningen,weighted_mean,Voorzieningen
WK194915,0.04560699365783574,Bereikbaarheid_Voorzieningen,weighted_mean,Voorzieningen
BU19491500,0.7006234677318575,Bereikbaarheid_Voorzieningen,weighted_mean,Voorzieningen
BU19491501,-0.04462401290623209,Bereikbaarheid_Voorzieningen,weighted_mean,Voorzieningen
WK194916,-0.7386159856637934,Bereikbaarheid_Voorzieningen,weighted_mean,Voorzieningen
BU19491600,0.15298774146554497,Bereikbaarheid_Voorzieningen,weighted_mean,Voorzieningen
BU19491601,-0.7282020856876533,Bereikbaarheid_Voorzieningen,weighted_mean,Voorzieningen
BU19491602,-1.0728171172680157,Bereikbaarheid_Voorzieningen,weighted_mean,Voorzieningen
BU19491603,-0.7798298227146844,Bereikbaarheid_Voorzieningen,weighted_mean,Voorzieningen
BU19491604,-0.8491906926206954,Bereikbaarheid_Voorzieningen,weighted_mean,Voorzieningen
BU19491605,-0.9251144317021024,Bereikbaarheid_Voorzieningen,weighted_mean,Voorzieningen
BU19491606,-0.819368810199136,Bereikbaarheid_Voorzieningen,weighted_mean,Voorzieningen
WK194917,0.09250302045068465,Bereikbaarheid_Voorzieningen,weighted_mean,Voorzieningen
BU19491700,0.09250302045068465,Bereikbaarheid_Voorzieningen,weighted_mean,Voorzieningen
WK194918,-0.8796337730831506,Bereikbaarheid_Voorzieningen,weighted_mean,Voorzieningen
BU19491800,-0.20197933946793842,Bereikbaarheid_Voorzieningen,weighted_mean,Voorzieningen
BU19491801,-0.8481897266850722,Bereikbaarheid_Voorzieningen,weighted_mean,Voorzieningen
BU19491802,-1.0027423898014904,Bereikbaarheid_Voorzieningen,weighted_mean,Voorzieningen
BU19491803,-0.591969663413423,Bereikbaarheid_Voorzieningen,weighted_mean,Voorzieningen
BU19491804,-0.4504957573571188,Bereikbaarheid_Voorzieningen,weighted_mean,Voorzieningen
WK194919,-0.14685261206739292,Bereikbaarheid_Voorzieningen,weighted_mean,Voorzieningen
BU19491900,0.08789389780559298,Bereikbaarheid_Voorzieningen,weighted_mean,Voorzieningen
BU19491901,-0.19435944202699046,Bereikbaarheid_Voorzieningen,weighted_mean,Voorzieningen
WK194920,-0.42609091674998467,Bereikbaarheid_Voorzieningen,weighted_mean,Voorzieningen
BU19492000,0.1088079946673012,Bereikbaarheid_Voorzieningen,weighted_mean,Voorzieningen
BU19492001,-0.4735977467095823,Bereikbaarheid_Voorzieningen,weighted_mean,Voorzieningen
WK194921,0.5673485994578134,Bereikbaarheid_Voorzieningen,weighted_mean,Voorzieningen
BU19492100,0.5673485994578134,Bereikbaarheid_Voorzieningen,weighted_mean,Voorzieningen
WK194922,0.42700596522721485,Bereikbaarheid_Voorzieningen,weighted_mean,Voorzieningen
BU19492200,0.42700596522721485,Bereikbaarheid_Voorzieningen,weighted_mean,Voorzieningen
WK194923,0.5407271803445604,Bereikbaarheid_Voorzieningen,weighted_mean,Voorzieningen
BU19492300,0.4928519659634897,Bereikbaarheid_Voorzieningen,weighted_mean,Voorzieningen
BU19492301,0.5407271803445604,Bereikbaarheid_Voorzieningen,weighted_mean,Voorzieningen
WK194924,-0.2984867668562911,Bereikbaarheid_Voorzieningen,weighted_mean,Voorzieningen
BU19492400,0.6411406868996561,Bereikbaarheid_Voorzieningen,weighted_mean,Voorzieningen
BU19492401,-0.4147542220433038,Bereikbaarheid_Voorzieningen,weighted_mean,Voorzieningen
WK194925,-0.08630181529222317,Bereikbaarheid_Voorzieningen,weighted_mean,Voorzieningen
BU19492500,0.07977990093497642,Bereikbaarheid_Voorzieningen,weighted_mean,Voorzieningen
BU19492501,-0.11402075057575116,Bereikbaarheid_Voorzieningen,weighted_mean,Voorzieningen
WK194926,-0.8217301057946795,Bereikbaarheid_Voorzieningen,weighted_mean,Voorzieningen
BU19492600,0.07101557646676551,Bereikbaarheid_Voorzieningen,weighted_mean,Voorzieningen
BU19492601,-0.31738492033775456,Bereikbaarheid_Voorzieningen,weighted_mean,Voorzieningen
BU19492602,-0.9744040449360454,Bereikbaarheid_Voorzieningen,weighted_mean,Voorzieningen
BU19492603,-0.8108798616188585,Bereikbaarheid_Voorzieningen,weighted_mean,Voorzieningen
BU19492604,-0.8259266097344649,Bereikbaarheid_Voorzieningen,weighted_mean,Voorzieningen
WK194927,0.38171626467865577,Bereikbaarheid_Voorzieningen,weighted_mean,Voorzieningen
BU19492700,0.38171626467865577,Bereikbaarheid_Voorzieningen,weighted_mean,Voorzieningen
WK194928,-0.584718501546881,Bereikbaarheid_Voorzieningen,weighted_mean,Voorzieningen
BU19492800,0.37292406840702397,Bereikbaarheid_Voorzieningen,weighted_mean,Voorzieningen
BU19492801,0.340571106058996,Bereikbaarheid_Voorzieningen,weighted_mean,Voorzieningen
BU19492802,-0.9014232858333904,Bereikbaarheid_Voorzieningen,weighted_mean,Voorzieningen
BU19492803,-0.5425824674947294,Bereikbaarheid_Voorzieningen,weighted_mean,Voorzieningen
BU19492804,-0.7106591971520542,Bereikbaarheid_Voorzieningen,weighted_mean,Voorzieningen
BU19492805,0.1067894789069686,Bereikbaarheid_Voorzieningen,weighted_mean,Voorzieningen
BU19492806,0.20761885597651125,Bereikbaarheid_Voorzieningen,weighted_mean,Voorzieningen
BU19492807,0.10509969144131277,Bereikbaarheid_Voorzieningen,weighted_mean,Voorzieningen
BU19492808,-0.7779462846935776,Bereikbaarheid_Voorzieningen,weighted_mean,Voorzieningen
BU19492809,-0.6497831804332893,Bereikbaarheid_Voorzieningen,weighted_mean,Voorzieningen
BU19492810,-0.36772290585316464,Bereikbaarheid_Voorzieningen,weighted_mean,Voorzieningen
BU19492811,-0.8768648399284708,Bereikbaarheid_Voorzieningen,weighted_mean,Voorzieningen
BU19492812,-0.2188631956448551,Bereikbaarheid_Voorzieningen,weighted_mean,Voorzieningen
BU19492813,-0.8507927683628721,Bereikbaarheid_Voorzieningen,weighted_mean,Voorzieningen
BU19492814,-0.5718117423318366,Bereikbaarheid_Voorzieningen,weighted_mean,Voorzieningen
BU19492815,-0.4660412164094619,Bereikbaarheid_Voorzieningen,weighted_mean,Voorzieningen
BU19492816,-0.7348936975973325,Bereikbaarheid_Voorzieningen,weighted_mean,Voorzieningen
BU19492817,-0.5525700231414109,Bereikbaarheid_Voorzieningen,weighted_mean,Voorzieningen
WK194929,0.78203572669483,Bereikbaarheid_Voorzieningen,weighted_mean,Voorzieningen
BU19492900,0.78203572669483,Bereikbaarheid_Voorzieningen,weighted_mean,Voorzieningen
WK194930,1.2485952875740924,Bereikbaarheid_Voorzieningen,weighted_mean,Voorzieningen
BU19493000,1.2485952875740924,Bereikbaarheid_Voorzieningen,weighted_mean,Voorzieningen
WK194931,0.28420609470036606,Bereikbaarheid_Voorzieningen,weighted_mean,Voorzieningen
BU19493100,0.4243073290756296,Bereikbaarheid_Voorzieningen,weighted_mean,Voorzieningen
BU19493101,0.23669926474076852,Bereikbaarheid_Voorzieningen,weighted_mean,Voorzieningen
WK194932,-0.40021589671079816,Bereikbaarheid_Voorzieningen,weighted_mean,Voorzieningen
BU19493200,0.47152880390225216,Bereikbaarheid_Voorzieningen,weighted_mean,Voorzieningen
BU19493201,-0.6841149213362772,Bereikbaarheid_Voorzieningen,weighted_mean,Voorzieningen
BU19493202,-0.6947058937235652,Bereikbaarheid_Voorzieningen,weighted_mean,Voorzieningen
WK194933,0.450020201878035,Bereikbaarheid_Voorzieningen,weighted_mean,Voorzieningen
BU19493300,0.450020201878035,Bereikbaarheid_Voorzieningen,weighted_mean,Voorzieningen
WK194934,-0.44956147671575,Bereikbaarheid_Voorzieningen,weighted_mean,Voorzieningen
BU19493400,0.3316206347794471,Bereikbaarheid_Voorzieningen,weighted_mean,Voorzieningen
BU19493401,-0.6059452527833786,Bereikbaarheid_Voorzieningen,weighted_mean,Voorzieningen
WK194935,-0.8169095807659088,Bereikbaarheid_Voorzieningen,weighted_mean,Voorzieningen
BU19493500,-0.11325867245744992,Bereikbaarheid_Voorzieningen,weighted_mean,Voorzieningen
BU19493501,-0.7216469979423242,Bereikbaarheid_Voorzieningen,weighted_mean,Voorzieningen
BU19493502,-0.9335130835388402,Bereikbaarheid_Voorzieningen,weighted_mean,Voorzieningen
BU19493503,-0.8734970435592151,Bereikbaarheid_Voorzieningen,weighted_mean,Voorzieningen
WK194936,-0.9093185570232601,Bereikbaarheid_Voorzieningen,weighted_mean,Voorzieningen
BU19493600,-0.20431357254599292,Bereikbaarheid_Voorzieningen,weighted_mean,Voorzieningen
BU19493601,-0.6073509262499822,Bereikbaarheid_Voorzieningen,weighted_mean,Voorzieningen
BU19493602,-0.9710570575931665,Bereikbaarheid_Voorzieningen,weighted_mean,Voorzieningen
BU19493603,-0.9841835749390565,Bereikbaarheid_Voorzieningen,weighted_mean,Voorzieningen
WK194937,0.3273130250697453,Bereikbaarheid_Voorzieningen,weighted_mean,Voorzieningen
BU19493700,0.3273130250697453,Bereikbaarheid_Voorzieningen,weighted_mean,Voorzieningen
WK194938,0.37651761587821375,Bereikbaarheid_Voorzieningen,weighted_mean,Voorzieningen
BU19493800,0.6539031708111174,Bereikbaarheid_Voorzieningen,weighted_mean,Voorzieningen
BU19493801,0.31993015308490746,Bereikbaarheid_Voorzieningen,weighted_mean,Voorzieningen
WK194939,-0.0848600233941099,Bereikbaarheid_Voorzieningen,weighted_mean,Voorzieningen
BU19493900,0.5440165333811944,Bereikbaarheid_Voorzieningen,weighted_mean,Voorzieningen
BU19493901,-0.3837642893405311,Bereikbaarheid_Voorzieningen,weighted_mean,Voorzieningen
WK194940,0.6159377620323068,Bereikbaarheid_Voorzieningen,weighted_mean,Voorzieningen
BU19494000,0.6159377620323068,Bereikbaarheid_Voorzieningen,weighted_mean,Voorzieningen
WK194941,-0.14453328353852415,Bereikbaarheid_Voorzieningen,weighted_mean,Voorzieningen
BU19494100,-0.14453328353852415,Bereikbaarheid_Voorzieningen,weighted_mean,Voorzieningen
WK194942,0.05270342221757336,Bereikbaarheid_Voorzieningen,weighted_mean,Voorzieningen
BU19494200,0.174887848797676,Bereikbaarheid_Voorzieningen,weighted_mean,Voorzieningen
BU19494201,0.0325547802141747,Bereikbaarheid_Voorzieningen,weighted_mean,Voorzieningen
WK194943,0.47850307764107597,Bereikbaarheid_Voorzieningen,weighted_mean,Voorzieningen
BU19494300,0.47850307764107597,Bereikbaarheid_Voorzieningen,weighted_mean,Voorzieningen
WK194944,-0.8780307740099528,Bereikbaarheid_Voorzieningen,weighted_mean,Voorzieningen
BU19494400,-0.12696016042342562,Bereikbaarheid_Voorzieningen,weighted_mean,Voorzieningen
BU19494401,-0.9394008901583862,Bereikbaarheid_Voorzieningen,weighted_mean,Voorzieningen
BU19494402,-0.7336683620237954,Bereikbaarheid_Voorzieningen,weighted_mean,Voorzieningen
BU19494403,0.6057563117981672,Bereikbaarheid_Voorzieningen,weighted_mean,Voorzieningen
WK194945,1.223651075877346,Bereikbaarheid_Voorzieningen,weighted_mean,Voorzieningen
BU19494500,1.223651075877346,Bereikbaarheid_Voorzieningen,weighted_mean,Voorzieningen
WK194946,0.7422877902356869,Bereikbaarheid_Voorzieningen,weighted_mean,Voorzieningen
BU19494600,0.7422877902356869,Bereikbaarheid_Voorzieningen,weighted_mean,Voorzieningen
WK194947,0.2584361103872572,Bereikbaarheid_Voorzieningen,weighted_mean,Voorzieningen
BU19494700,0.5071094011951536,Bereikbaarheid_Voorzieningen,weighted_mean,Voorzieningen
BU19494701,0.1996415131271238,Bereikbaarheid_Voorzieningen,weighted_mean,Voorzieningen
WK194948,0.3098368664713056,Bereikbaarheid_Voorzieningen,weighted_mean,Voorzieningen
BU19494800,0.801925655527626,Bereikbaarheid_Voorzieningen,weighted_mean,Voorzieningen
BU19494801,0.19393779570576586,Bereikbaarheid_Voorzieningen,weighted_mean,Voorzieningen
WK194949,-0.45689673767674577,Bereikbaarheid_Voorzieningen,weighted_mean,Voorzieningen
BU19494900,0.08045823111175693,Bereikbaarheid_Voorzieningen,weighted_mean,Voorzieningen
BU19494901,-0.5156913349368791,Bereikbaarheid_Voorzieningen,weighted_mean,Voorzieningen
BU19494902,-0.5822048517677689,Bereikbaarheid_Voorzieningen,weighted_mean,Voorzieningen
WK194950,-0.20447081017779972,Bereikbaarheid_Voorzieningen,weighted_mean,Voorzieningen
BU19495000,0.38583973920016595,Bereikbaarheid_Voorzieningen,weighted_mean,Voorzieningen
BU19495001,-0.36272567312633686,Bereikbaarheid_Voorzieningen,weighted_mean,Voorzieningen
WK194951,0.7428220682730516,Bereikbaarheid_Voorzieningen,weighted_mean,Voorzieningen
BU19495100,0.7428220682730516,Bereikbaarheid_Voorzieningen,weighted_mean,Voorzieningen
WK194952,0.3117057506112282,Bereikbaarheid_Voorzieningen,weighted_mean,Voorzieningen
BU19495200,0.3117057506112282,Bereikbaarheid_Voorzieningen,weighted_mean,Voorzieningen
WK194953,-0.980622364303421,Bereikbaarheid_Voorzieningen,weighted_mean,Voorzieningen
BU19495300,-0.012563792117321351,Bereikbaarheid_Voorzieningen,weighted_mean,Voorzieningen
BU19495301,-1.0281291942630186,Bereikbaarheid_Voorzieningen,weighted_mean,Voorzieningen
BU19495302,-0.8116099166986813,Bereikbaarheid_Voorzieningen,weighted_mean,Voorzieningen
WK194954,-0.11200151123638426,Bereikbaarheid_Voorzieningen,weighted_mean,Voorzieningen
BU19495400,0.20502522537278997,Bereikbaarheid_Voorzieningen,weighted_mean,Voorzieningen
BU19495401,-0.2480492240053227,Bereikbaarheid_Voorzieningen,weighted_mean,Voorzieningen
WK194955,1.06028315594493,Bereikbaarheid_Voorzieningen,weighted_mean,Voorzieningen
BU19495500,1.06028315594493,Bereikbaarheid_Voorzieningen,weighted_mean,Voorzieningen
GM0098,-0.24911414988504238,Bereikbaarheid_Voorzieningen,weighted_mean,Voorzieningen
WK009800,-0.7073420953747539,Bereikbaarheid_Voorzieningen,weighted_mean,Voorzieningen
BU00980001,-0.16886669913354468,Bereikbaarheid_Voorzieningen,weighted_mean,Voorzieningen
BU00980002,-0.47571727987571205,Bereikbaarheid_Voorzieningen,weighted_mean,Voorzieningen
BU00980003,-0.21132385559724834,Bereikbaarheid_Voorzieningen,weighted_mean,Voorzieningen
BU00980004,-0.582026344189587,Bereikbaarheid_Voorzieningen,weighted_mean,Voorzieningen
BU00980005,-0.7934948805910862,Bereikbaarheid_Voorzieningen,weighted_mean,Voorzieningen
BU00980006,-0.8712961647225119,Bereikbaarheid_Voorzieningen,weighted_mean,Voorzieningen
BU00980007,-0.9297300146553162,Bereikbaarheid_Voorzieningen,weighted_mean,Voorzieningen
BU00980008,-0.7299894804690671,Bereikbaarheid_Voorzieningen,weighted_mean,Voorzieningen
BU00980009,-0.7079594027006163,Bereikbaarheid_Voorzieningen,weighted_mean,Voorzieningen
BU00980010,-0.7454322449147243,Bereikbaarheid_Voorzieningen,weighted_mean,Voorzieningen
BU00980011,-0.5544807349380965,Bereikbaarheid_Voorzieningen,weighted_mean,Voorzieningen
BU00980012,-0.8140119070159578,Bereikbaarheid_Voorzieningen,weighted_mean,Voorzieningen
BU00980013,-0.6979254149551266,Bereikbaarheid_Voorzieningen,weighted_mean,Voorzieningen
BU00980014,-0.889064346227046,Bereikbaarheid_Voorzieningen,weighted_mean,Voorzieningen
BU00980015,-0.8822231846957187,Bereikbaarheid_Voorzieningen,weighted_mean,Voorzieningen
BU00980016,-0.786653719059759,Bereikbaarheid_Voorzieningen,weighted_mean,Voorzieningen
BU00980017,-0.8003360421224134,Bereikbaarheid_Voorzieningen,weighted_mean,Voorzieningen
BU00980018,-0.7116077380177811,Bereikbaarheid_Voorzieningen,weighted_mean,Voorzieningen
BU00980019,-0.8038660948475286,Bereikbaarheid_Voorzieningen,weighted_mean,Voorzieningen
BU00980020,-0.5867163380250957,Bereikbaarheid_Voorzieningen,weighted_mean,Voorzieningen
BU00980021,-0.3349428805226552,Bereikbaarheid_Voorzieningen,weighted_mean,Voorzieningen
WK009801,1.000943916064119,Bereikbaarheid_Voorzieningen,weighted_mean,Voorzieningen
BU00980101,0.728330056068254,Bereikbaarheid_Voorzieningen,weighted_mean,Voorzieningen
BU00980102,1.1339682379358988,Bereikbaarheid_Voorzieningen,weighted_mean,Voorzieningen
BU00980103,0.8792232452151074,Bereikbaarheid_Voorzieningen,weighted_mean,Voorzieningen
BU00980104,1.2328609497211929,Bereikbaarheid_Voorzieningen,weighted_mean,Voorzieningen
WK009802,1.385161044962698,Bereikbaarheid_Voorzieningen,weighted_mean,Voorzieningen
BU00980201,1.2340918179938076,Bereikbaarheid_Voorzieningen,weighted_mean,Voorzieningen
BU00980202,1.50804758091697,Bereikbaarheid_Voorzieningen,weighted_mean,Voorzieningen
WK009803,1.1751184202056224,Bereikbaarheid_Voorzieningen,weighted_mean,Voorzieningen
BU00980301,0.8556886765282427,Bereikbaarheid_Voorzieningen,weighted_mean,Voorzieningen
BU00980302,1.0474547053922376,Bereikbaarheid_Voorzieningen,weighted_mean,Voorzieningen
BU00980303,1.21283157398294,Bereikbaarheid_Voorzieningen,weighted_mean,Voorzieningen
BU00980304,1.0712579808468183,Bereikbaarheid_Voorzieningen,weighted_mean,Voorzieningen
BU00980305,1.7854552179027356,Bereikbaarheid_Voorzieningen,weighted_mean,Voorzieningen
WK009804,0.9952748933283828,Bereikbaarheid_Voorzieningen,weighted_mean,Voorzieningen
BU00980401,0.831109517155866,Bereikbaarheid_Voorzieningen,weighted_mean,Voorzieningen
BU00980402,1.0359405617566528,Bereikbaarheid_Voorzieningen,weighted_mean,Voorzieningen
BU00980403,1.1485132495276928,Bereikbaarheid_Voorzieningen,weighted_mean,Voorzieningen
WK009805,0.571316410276475,Bereikbaarheid_Voorzieningen,weighted_mean,Voorzieningen
BU00980501,0.9927383294798396,Bereikbaarheid_Voorzieningen,weighted_mean,Voorzieningen
BU00980502,0.14731897218480988,Bereikbaarheid_Voorzieningen,weighted_mean,Voorzieningen
WK009806,0.3111107851767086,Bereikbaarheid_Voorzieningen,weighted_mean,Voorzieningen
BU00980601,0.4014224582531956,Bereikbaarheid_Voorzieningen,weighted_mean,Voorzieningen
BU00980602,0.27878898073920105,Bereikbaarheid_Voorzieningen,weighted_mean,Voorzieningen
WK009807,0.2898333090574217,Bereikbaarheid_Voorzieningen,weighted_mean,Voorzieningen
BU00980701,0.2650506399895228,Bereikbaarheid_Voorzieningen,weighted_mean,Voorzieningen
BU00980702,0.728236667122454,Bereikbaarheid_Voorzieningen,weighted_mean,Voorzieningen
WK009808,0.8260714475103941,Bereikbaarheid_Voorzieningen,weighted_mean,Voorzieningen
BU00980801,0.7242383584172694,Bereikbaarheid_Voorzieningen,weighted_mean,Voorzieningen
BU00980802,0.9675050256970683,Bereikbaarheid_Voorzieningen,weighted_mean,Voorzieningen
WK009809,0.599996412925629,Bereikbaarheid_Voorzieningen,weighted_mean,Voorzieningen
BU00980901,0.6845292117811983,Bereikbaarheid_Voorzieningen,weighted_mean,Voorzieningen
BU00980902,0.7247031034130227,Bereikbaarheid_Voorzieningen,weighted_mean,Voorzieningen
BU00980903,0.39565964798882214,Bereikbaarheid_Voorzieningen,weighted_mean,Voorzieningen
WK009810,-0.7389416843655685,Bereikbaarheid_Voorzieningen,weighted_mean,Voorzieningen
BU00981001,-0.8724648105939934,Bereikbaarheid_Voorzieningen,weighted_mean,Voorzieningen
BU00981002,-0.9281586316256377,Bereikbaarheid_Voorzieningen,weighted_mean,Voorzieningen
BU00981003,-1.0098495368844738,Bereikbaarheid_Voorzieningen,weighted_mean,Voorzieningen
BU00981004,-0.9246577436740665,Bereikbaarheid_Voorzieningen,weighted_mean,Voorzieningen
BU00981005,-0.9219024405846187,Bereikbaarheid_Voorzieningen,weighted_mean,Voorzieningen
BU00981006,-0.5061749137344203,Bereikbaarheid_Voorzieningen,weighted_mean,Voorzieningen
BU00981007,-0.6215246369523055,Bereikbaarheid_Voorzieningen,weighted_mean,Voorzieningen
BU00981008,-0.3349558658370971,Bereikbaarheid_Voorzieningen,weighted_mean,Voorzieningen
BU00981009,-0.02948184749100393,Bereikbaarheid_Voorzieningen,weighted_mean,Voorzieningen
WK009811,-0.19131005841829876,Bereikbaarheid_Voorzieningen,weighted_mean,Voorzieningen
BU00981101,-0.06271435633743998,Bereikbaarheid_Voorzieningen,weighted_mean,Voorzieningen
BU00981102,-0.2672478927629598,Bereikbaarheid_Voorzieningen,weighted_mean,Voorzieningen
WK009812,0.3288221856982908,Bereikbaarheid_Voorzieningen,weighted_mean,Voorzieningen
BU00981201,0.3288221856982908,Bereikbaarheid_Voorzieningen,weighted_mean,Voorzieningen
WK009813,0.5455031014503953,Bereikbaarheid_Voorzieningen,weighted_mean,Voorzieningen
BU00981301,0.16824056673075016,Bereikbaarheid_Voorzieningen,weighted_mean,Voorzieningen
BU00981302,0.8273835918293724,Bereikbaarheid_Voorzieningen,weighted_mean,Voorzieningen
WK009814,0.5892417447374243,Bereikbaarheid_Voorzieningen,weighted_mean,Voorzieningen
BU00981401,0.5414848129484033,Bereikbaarheid_Voorzieningen,weighted_mean,Voorzieningen
BU00981402,0.669139517837771,Bereikbaarheid_Voorzieningen,weighted_mean,Voorzieningen
WK009815,0.06970171904850944,Bereikbaarheid_Voorzieningen,weighted_mean,Voorzieningen
BU00981501,-0.03749274039893845,Bereikbaarheid_Voorzieningen,weighted_mean,Voorzieningen
BU00981502,0.2626646955685839,Bereikbaarheid_Voorzieningen,weighted_mean,Voorzieningen
