Buurtcode,score,thema,methode,thema_kort
GM0059,0.23052948568305454,Woningmarkt_Eigendom,entropy,Woningmarkt
WK005900,0.22570641453915372,Woningmarkt_Eigendom,entropy,Woningmarkt
BU00590000,0.2612805701188173,Woningmarkt_Eigendom,entropy,Woningmarkt
BU00590001,0.20182210439202533,Woningmarkt_Eigendom,entropy,Woningmarkt
BU00590002,0.21546739621764904,Woningmarkt_Eigendom,entropy,Woningmarkt
BU00590003,0.2246498455387559,Woningmarkt_Eigendom,entropy,Woningmarkt
BU00590004,0.17105669123007822,Woningmarkt_Eigendom,entropy,Woningmarkt
BU00590005,0.16999570330745706,Woningmarkt_Eigendom,entropy,Woningmarkt
BU00590006,0.12592705378897395,Woningmarkt_Eigendom,entropy,Woningmarkt
BU00590007,0.11218839812403972,Woningmarkt_Eigendom,entropy,Woningmarkt
BU00590008,0.1398352616668001,Woningmarkt_Eigendom,entropy,Woningmarkt
BU00590009,0.11217132654474993,Woningmarkt_Eigendom,entropy,Woningmarkt
WK005901,0.17901273522221786,Woningmarkt_Eigendom,entropy,Woningmarkt
BU00590100,0.12433019584440005,Woningmarkt_Eigendom,entropy,Woningmarkt
BU00590102,0.20409194482809592,Woningmarkt_Eigendom,entropy,Woningmarkt
BU00590103,0.17155178450224734,Woningmarkt_Eigendom,entropy,Woningmarkt
BU00590107,0.12404334035414807,Woningmarkt_Eigendom,entropy,Woningmarkt
BU00590108,0.12741897596541024,Woningmarkt_Eigendom,entropy,Woningmarkt
BU00590109,0.12940492757708866,Woningmarkt_Eigendom,entropy,Woningmarkt
WK005902,0.24773525653924505,Woningmarkt_Eigendom,entropy,Woningmarkt
BU00590200,0.29987401360756627,Woningmarkt_Eigendom,entropy,Woningmarkt
BU00590201,0.22228629228409402,Woningmarkt_Eigendom,entropy,Woningmarkt
BU00590202,0.16672857130050772,Woningmarkt_Eigendom,entropy,Woningmarkt
BU00590203,0.19866157442144006,Woningmarkt_Eigendom,entropy,Woningmarkt
BU00590206,0.2110842108593408,Woningmarkt_Eigendom,entropy,Woningmarkt
BU00590207,0.1408687400220458,Woningmarkt_Eigendom,entropy,Woningmarkt
BU00590208,0.12178963865640338,Woningmarkt_Eigendom,entropy,Woningmarkt
BU00590209,0.14772224942142265,Woningmarkt_Eigendom,entropy,Woningmarkt
GM0060,0.21533161563521247,Woningmarkt_Eigendom,entropy,Woningmarkt
WK006000,0.21533161563521247,Woningmarkt_Eigendom,entropy,Woningmarkt
BU00600000,0.23163792523702903,Woningmarkt_Eigendom,entropy,Woningmarkt
BU00600001,0.1927959579768621,Woningmarkt_Eigendom,entropy,Woningmarkt
BU00600002,0.1749065587354998,Woningmarkt_Eigendom,entropy,Woningmarkt
BU00600003,0.21882405471021799,Woningmarkt_Eigendom,entropy,Woningmarkt
BU00600007,0.2701598821291133,Woningmarkt_Eigendom,entropy,Woningmarkt
BU00600008,0.3747952131156084,Woningmarkt_Eigendom,entropy,Woningmarkt
BU00600009,0.20171477601881954,Woningmarkt_Eigendom,entropy,Woningmarkt
GM1891,0.22866665051755078,Woningmarkt_Eigendom,entropy,Woningmarkt
WK189100,0.20676959237973414,Woningmarkt_Eigendom,entropy,Woningmarkt
BU18910000,0.22113824370370216,Woningmarkt_Eigendom,entropy,Woningmarkt
BU18910001,0.1652520051940874,Woningmarkt_Eigendom,entropy,Woningmarkt
BU18910002,0.11796617576297047,Woningmarkt_Eigendom,entropy,Woningmarkt
BU18910008,0.12891089814184647,Woningmarkt_Eigendom,entropy,Woningmarkt
BU18910009,0.1234181217230517,Woningmarkt_Eigendom,entropy,Woningmarkt
WK189101,0.1461272588448528,Woningmarkt_Eigendom,entropy,Woningmarkt
BU18910100,0.1314903002653393,Woningmarkt_Eigendom,entropy,Woningmarkt
BU18910101,0.16210899966851194,Woningmarkt_Eigendom,entropy,Woningmarkt
BU18910108,0.11521844462998362,Woningmarkt_Eigendom,entropy,Woningmarkt
BU18910109,0.10882732779966836,Woningmarkt_Eigendom,entropy,Woningmarkt
WK189102,0.2703238685591827,Woningmarkt_Eigendom,entropy,Woningmarkt
BU18910200,0.2884735873135445,Woningmarkt_Eigendom,entropy,Woningmarkt
BU18910201,0.24766503090005768,Woningmarkt_Eigendom,entropy,Woningmarkt
BU18910202,0.11842856833203205,Woningmarkt_Eigendom,entropy,Woningmarkt
BU18910208,0.11430822477875127,Woningmarkt_Eigendom,entropy,Woningmarkt
BU18910209,0.1377819960190823,Woningmarkt_Eigendom,entropy,Woningmarkt
WK189103,0.15434262206766508,Woningmarkt_Eigendom,entropy,Woningmarkt
BU18910300,0.1652017627373378,Woningmarkt_Eigendom,entropy,Woningmarkt
BU18910301,0.13810414791209744,Woningmarkt_Eigendom,entropy,Woningmarkt
BU18910309,0.11049932717220914,Woningmarkt_Eigendom,entropy,Woningmarkt
GM1940,0.19182749103502175,Woningmarkt_Eigendom,entropy,Woningmarkt
WK194001,0.0935917373734999,Woningmarkt_Eigendom,entropy,Woningmarkt
BU19400101,0.0935917373734999,Woningmarkt_Eigendom,entropy,Woningmarkt
WK194002,0.14777022214647967,Woningmarkt_Eigendom,entropy,Woningmarkt
BU19400201,0.14777022214647967,Woningmarkt_Eigendom,entropy,Woningmarkt
WK194003,0.26290766773592,Woningmarkt_Eigendom,entropy,Woningmarkt
BU19400301,0.26290766773592,Woningmarkt_Eigendom,entropy,Woningmarkt
WK194004,0.14509248009197379,Woningmarkt_Eigendom,entropy,Woningmarkt
BU19400401,0.14509248009197379,Woningmarkt_Eigendom,entropy,Woningmarkt
WK194005,0.15209109199659132,Woningmarkt_Eigendom,entropy,Woningmarkt
BU19400501,0.15209109199659132,Woningmarkt_Eigendom,entropy,Woningmarkt
WK194006,0.13182163489164805,Woningmarkt_Eigendom,entropy,Woningmarkt
BU19400601,0.13182163489164805,Woningmarkt_Eigendom,entropy,Woningmarkt
WK194007,0.1391273119921803,Woningmarkt_Eigendom,entropy,Woningmarkt
BU19400701,0.14134746844998383,Woningmarkt_Eigendom,entropy,Woningmarkt
BU19400702,0.13315886731032917,Woningmarkt_Eigendom,entropy,Woningmarkt
WK194008,0.16785136044343374,Woningmarkt_Eigendom,entropy,Woningmarkt
BU19400801,0.16785136044343374,Woningmarkt_Eigendom,entropy,Woningmarkt
WK194009,0.11947266322629754,Woningmarkt_Eigendom,entropy,Woningmarkt
BU19400901,0.11947266322629754,Woningmarkt_Eigendom,entropy,Woningmarkt
WK194010,0.11724637659306061,Woningmarkt_Eigendom,entropy,Woningmarkt
BU19401001,0.11724637659306061,Woningmarkt_Eigendom,entropy,Woningmarkt
WK194011,0.15262451504492058,Woningmarkt_Eigendom,entropy,Woningmarkt
BU19401101,0.12099622226891438,Woningmarkt_Eigendom,entropy,Woningmarkt
BU19401102,0.15559174367930298,Woningmarkt_Eigendom,entropy,Woningmarkt
WK194012,0.13803105828297263,Woningmarkt_Eigendom,entropy,Woningmarkt
BU19401201,0.1429965701679839,Woningmarkt_Eigendom,entropy,Woningmarkt
WK194013,0.10765719505518877,Woningmarkt_Eigendom,entropy,Woningmarkt
BU19401301,0.10765719505518877,Woningmarkt_Eigendom,entropy,Woningmarkt
WK194014,0.12099622226891438,Woningmarkt_Eigendom,entropy,Woningmarkt
BU19401401,0.12099622226891438,Woningmarkt_Eigendom,entropy,Woningmarkt
WK194015,0.11021158410281362,Woningmarkt_Eigendom,entropy,Woningmarkt
BU19401501,0.11021158410281362,Woningmarkt_Eigendom,entropy,Woningmarkt
WK194016,0.12820572781342748,Woningmarkt_Eigendom,entropy,Woningmarkt
BU19401601,0.12820572781342748,Woningmarkt_Eigendom,entropy,Woningmarkt
WK194017,0.12348623599317163,Woningmarkt_Eigendom,entropy,Woningmarkt
BU19401701,0.12348623599317163,Woningmarkt_Eigendom,entropy,Woningmarkt
WK194018,0.13459410604670108,Woningmarkt_Eigendom,entropy,Woningmarkt
BU19401801,0.13459410604670108,Woningmarkt_Eigendom,entropy,Woningmarkt
WK194019,0.23226183738391704,Woningmarkt_Eigendom,entropy,Woningmarkt
BU19401901,0.3261352839564527,Woningmarkt_Eigendom,entropy,Woningmarkt
BU19401902,0.13621223482339412,Woningmarkt_Eigendom,entropy,Woningmarkt
BU19401903,0.299445612338354,Woningmarkt_Eigendom,entropy,Woningmarkt
BU19401904,0.43485217260267134,Woningmarkt_Eigendom,entropy,Woningmarkt
BU19401905,0.2614578001580572,Woningmarkt_Eigendom,entropy,Woningmarkt
BU19401906,0.14749657418962264,Woningmarkt_Eigendom,entropy,Woningmarkt
BU19401907,0.17785514144747386,Woningmarkt_Eigendom,entropy,Woningmarkt
BU19401908,0.19217931551121598,Woningmarkt_Eigendom,entropy,Woningmarkt
BU19401909,0.0745316202169716,Woningmarkt_Eigendom,entropy,Woningmarkt
BU19401910,0.21050808579615482,Woningmarkt_Eigendom,entropy,Woningmarkt
WK194020,0.09983441387389123,Woningmarkt_Eigendom,entropy,Woningmarkt
BU19402001,0.09983441387389123,Woningmarkt_Eigendom,entropy,Woningmarkt
WK194021,0.14949156888888573,Woningmarkt_Eigendom,entropy,Woningmarkt
BU19402101,0.14949156888888573,Woningmarkt_Eigendom,entropy,Woningmarkt
WK194022,0.13644088771169113,Woningmarkt_Eigendom,entropy,Woningmarkt
BU19402201,0.14254720536036522,Woningmarkt_Eigendom,entropy,Woningmarkt
WK194023,0.19750718810908677,Woningmarkt_Eigendom,entropy,Woningmarkt
BU19402301,0.16415193872232417,Woningmarkt_Eigendom,entropy,Woningmarkt
BU19402302,0.06370347816158642,Woningmarkt_Eigendom,entropy,Woningmarkt
BU19402303,0.3250717590777739,Woningmarkt_Eigendom,entropy,Woningmarkt
BU19402304,0.2298559535298194,Woningmarkt_Eigendom,entropy,Woningmarkt
BU19402305,0.1078453558057102,Woningmarkt_Eigendom,entropy,Woningmarkt
BU19402306,0.3334783168737214,Woningmarkt_Eigendom,entropy,Woningmarkt
BU19402307,0.31357637860169424,Woningmarkt_Eigendom,entropy,Woningmarkt
BU19402308,0.1766893669974388,Woningmarkt_Eigendom,entropy,Woningmarkt
WK194024,0.11369488558736676,Woningmarkt_Eigendom,entropy,Woningmarkt
BU19402401,0.11369488558736676,Woningmarkt_Eigendom,entropy,Woningmarkt
WK194025,0.09602551626734912,Woningmarkt_Eigendom,entropy,Woningmarkt
BU19402501,0.09602551626734912,Woningmarkt_Eigendom,entropy,Woningmarkt
WK194026,0.13501126874381106,Woningmarkt_Eigendom,entropy,Woningmarkt
BU19402601,0.13501126874381106,Woningmarkt_Eigendom,entropy,Woningmarkt
WK194027,0.12175800179022281,Woningmarkt_Eigendom,entropy,Woningmarkt
BU19402701,0.12175800179022281,Woningmarkt_Eigendom,entropy,Woningmarkt
WK194028,0.1712041042161706,Woningmarkt_Eigendom,entropy,Woningmarkt
BU19402801,0.1240724709279297,Woningmarkt_Eigendom,entropy,Woningmarkt
BU19402802,0.19795884683082,Woningmarkt_Eigendom,entropy,Woningmarkt
WK194029,0.11611628487795131,Woningmarkt_Eigendom,entropy,Woningmarkt
BU19402901,0.11611628487795131,Woningmarkt_Eigendom,entropy,Woningmarkt
WK194030,0.1427059306950275,Woningmarkt_Eigendom,entropy,Woningmarkt
BU19403001,0.1427059306950275,Woningmarkt_Eigendom,entropy,Woningmarkt
WK194031,0.15701186545611356,Woningmarkt_Eigendom,entropy,Woningmarkt
BU19403101,0.15701186545611356,Woningmarkt_Eigendom,entropy,Woningmarkt
WK194032,0.12889245191774845,Woningmarkt_Eigendom,entropy,Woningmarkt
BU19403201,0.12889245191774845,Woningmarkt_Eigendom,entropy,Woningmarkt
WK194033,0.1065419892357431,Woningmarkt_Eigendom,entropy,Woningmarkt
BU19403301,0.1065419892357431,Woningmarkt_Eigendom,entropy,Woningmarkt
WK194034,0.13837575733877805,Woningmarkt_Eigendom,entropy,Woningmarkt
BU19403401,0.13837575733877805,Woningmarkt_Eigendom,entropy,Woningmarkt
WK194035,0.09786553384150257,Woningmarkt_Eigendom,entropy,Woningmarkt
BU19403501,0.09786553384150257,Woningmarkt_Eigendom,entropy,Woningmarkt
WK194036,0.12102785913509496,Woningmarkt_Eigendom,entropy,Woningmarkt
BU19403601,0.12102785913509496,Woningmarkt_Eigendom,entropy,Woningmarkt
WK194037,0.18002721956745796,Woningmarkt_Eigendom,entropy,Woningmarkt
BU19403701,0.18002721956745796,Woningmarkt_Eigendom,entropy,Woningmarkt
WK194038,0.12925000551469082,Woningmarkt_Eigendom,entropy,Woningmarkt
BU19403801,0.12925000551469082,Woningmarkt_Eigendom,entropy,Woningmarkt
WK194039,0.10501843019312625,Woningmarkt_Eigendom,entropy,Woningmarkt
BU19403901,0.10501843019312625,Woningmarkt_Eigendom,entropy,Woningmarkt
WK194040,0.13839549457693778,Woningmarkt_Eigendom,entropy,Woningmarkt
BU19404001,0.13839549457693778,Woningmarkt_Eigendom,entropy,Woningmarkt
WK194041,0.21337686888676172,Woningmarkt_Eigendom,entropy,Woningmarkt
BU19404101,0.21337686888676172,Woningmarkt_Eigendom,entropy,Woningmarkt
WK194042,0.13217739873214168,Woningmarkt_Eigendom,entropy,Woningmarkt
BU19404201,0.13217739873214168,Woningmarkt_Eigendom,entropy,Woningmarkt
WK194043,0.132009380530529,Woningmarkt_Eigendom,entropy,Woningmarkt
BU19404301,0.132009380530529,Woningmarkt_Eigendom,entropy,Woningmarkt
WK194044,0.1211908647519097,Woningmarkt_Eigendom,entropy,Woningmarkt
BU19404401,0.1211908647519097,Woningmarkt_Eigendom,entropy,Woningmarkt
WK194045,0.1167910402345844,Woningmarkt_Eigendom,entropy,Woningmarkt
BU19404501,0.1167910402345844,Woningmarkt_Eigendom,entropy,Woningmarkt
WK194046,0.15513293424411678,Woningmarkt_Eigendom,entropy,Woningmarkt
BU19404601,0.15513293424411678,Woningmarkt_Eigendom,entropy,Woningmarkt
WK194047,0.1075654424213929,Woningmarkt_Eigendom,entropy,Woningmarkt
BU19404701,0.1075654424213929,Woningmarkt_Eigendom,entropy,Woningmarkt
WK194048,0.11493558973876952,Woningmarkt_Eigendom,entropy,Woningmarkt
BU19404801,0.14219339411745469,Woningmarkt_Eigendom,entropy,Woningmarkt
WK194049,0.15034040906796486,Woningmarkt_Eigendom,entropy,Woningmarkt
BU19404901,0.15034040906796486,Woningmarkt_Eigendom,entropy,Woningmarkt
WK194050,0.11895591070257275,Woningmarkt_Eigendom,entropy,Woningmarkt
BU19405001,0.11895591070257275,Woningmarkt_Eigendom,entropy,Woningmarkt
WK194051,0.1429557874704112,Woningmarkt_Eigendom,entropy,Woningmarkt
BU19405101,0.1429557874704112,Woningmarkt_Eigendom,entropy,Woningmarkt
GM0072,0.2667988499761413,Woningmarkt_Eigendom,entropy,Woningmarkt
WK007200,0.2725043107951262,Woningmarkt_Eigendom,entropy,Woningmarkt
BU00720001,0.35337478344847406,Woningmarkt_Eigendom,entropy,Woningmarkt
BU00720002,0.20644942166103292,Woningmarkt_Eigendom,entropy,Woningmarkt
BU00720003,0.4939242734987556,Woningmarkt_Eigendom,entropy,Woningmarkt
BU00720004,0.1936102272504725,Woningmarkt_Eigendom,entropy,Woningmarkt
BU00720005,0.12529177249134044,Woningmarkt_Eigendom,entropy,Woningmarkt
BU00720006,0.30005296535481757,Woningmarkt_Eigendom,entropy,Woningmarkt
BU00720007,0.11638414861184306,Woningmarkt_Eigendom,entropy,Woningmarkt
BU00720009,0.14812794449346467,Woningmarkt_Eigendom,entropy,Woningmarkt
WK007201,0.15718401846427216,Woningmarkt_Eigendom,entropy,Woningmarkt
BU00720100,0.17134281329306758,Woningmarkt_Eigendom,entropy,Woningmarkt
BU00720109,0.10453395345997696,Woningmarkt_Eigendom,entropy,Woningmarkt
WK007202,0.15483242970123443,Woningmarkt_Eigendom,entropy,Woningmarkt
BU00720200,0.16430583511919444,Woningmarkt_Eigendom,entropy,Woningmarkt
BU00720209,0.1318020570199593,Woningmarkt_Eigendom,entropy,Woningmarkt
GM0074,0.2691423551847621,Woningmarkt_Eigendom,entropy,Woningmarkt
WK007401,0.32041523698780977,Woningmarkt_Eigendom,entropy,Woningmarkt
BU00740100,0.313403582697686,Woningmarkt_Eigendom,entropy,Woningmarkt
BU00740101,0.5505479359555945,Woningmarkt_Eigendom,entropy,Woningmarkt
BU00740102,0.41048949051462635,Woningmarkt_Eigendom,entropy,Woningmarkt
BU00740103,0.25366512933940183,Woningmarkt_Eigendom,entropy,Woningmarkt
BU00740104,0.2564612958640572,Woningmarkt_Eigendom,entropy,Woningmarkt
BU00740105,0.14075350020884608,Woningmarkt_Eigendom,entropy,Woningmarkt
BU00740106,0.41801201634899665,Woningmarkt_Eigendom,entropy,Woningmarkt
BU00740107,0.1535541609091115,Woningmarkt_Eigendom,entropy,Woningmarkt
BU00740108,0.09100701185732779,Woningmarkt_Eigendom,entropy,Woningmarkt
BU00740109,0.22541733290072546,Woningmarkt_Eigendom,entropy,Woningmarkt
BU00740110,0.16220852392069657,Woningmarkt_Eigendom,entropy,Woningmarkt
WK007402,0.14089536430342844,Woningmarkt_Eigendom,entropy,Woningmarkt
BU00740201,0.1436141069204724,Woningmarkt_Eigendom,entropy,Woningmarkt
BU00740202,0.12610671587343797,Woningmarkt_Eigendom,entropy,Woningmarkt
BU00740203,0.14603577926485875,Woningmarkt_Eigendom,entropy,Woningmarkt
BU00740204,0.14160675931014857,Woningmarkt_Eigendom,entropy,Woningmarkt
BU00740205,0.12741897596541024,Woningmarkt_Eigendom,entropy,Woningmarkt
WK007403,0.12799210537738176,Woningmarkt_Eigendom,entropy,Woningmarkt
BU00740301,0.12365925697869076,Woningmarkt_Eigendom,entropy,Woningmarkt
BU00740302,0.12970019703142185,Woningmarkt_Eigendom,entropy,Woningmarkt
WK007404,0.1846479704020155,Woningmarkt_Eigendom,entropy,Woningmarkt
BU00740401,0.2421280584570377,Woningmarkt_Eigendom,entropy,Woningmarkt
BU00740402,0.11904423526488139,Woningmarkt_Eigendom,entropy,Woningmarkt
BU00740403,0.13846909448588468,Woningmarkt_Eigendom,entropy,Woningmarkt
BU00740404,0.21095163621394097,Woningmarkt_Eigendom,entropy,Woningmarkt
BU00740405,0.14114645792184544,Woningmarkt_Eigendom,entropy,Woningmarkt
BU00740406,0.1896252376887923,Woningmarkt_Eigendom,entropy,Woningmarkt
BU00740407,0.12760114434227318,Woningmarkt_Eigendom,entropy,Woningmarkt
WK007406,0.13157643914402184,Woningmarkt_Eigendom,entropy,Woningmarkt
BU00740601,0.13157643914402184,Woningmarkt_Eigendom,entropy,Woningmarkt
WK007407,0.12492201784206755,Woningmarkt_Eigendom,entropy,Woningmarkt
BU00740701,0.11362094776101479,Woningmarkt_Eigendom,entropy,Woningmarkt
BU00740702,0.14066439917696497,Woningmarkt_Eigendom,entropy,Woningmarkt
WK007409,0.20378443782833677,Woningmarkt_Eigendom,entropy,Woningmarkt
BU00740901,0.2533429247958046,Woningmarkt_Eigendom,entropy,Woningmarkt
BU00740902,0.07668414757479067,Woningmarkt_Eigendom,entropy,Woningmarkt
BU00740903,0.1601806099770788,Woningmarkt_Eigendom,entropy,Woningmarkt
GM0080,0.31944846169739655,Woningmarkt_Eigendom,entropy,Woningmarkt
WK008010,0.5892088693208464,Woningmarkt_Eigendom,entropy,Woningmarkt
BU00801001,0.5449363429328972,Woningmarkt_Eigendom,entropy,Woningmarkt
BU00801002,0.5391038169198665,Woningmarkt_Eigendom,entropy,Woningmarkt
BU00801003,0.5492729811303081,Woningmarkt_Eigendom,entropy,Woningmarkt
BU00801004,0.5389860845866141,Woningmarkt_Eigendom,entropy,Woningmarkt
BU00801005,0.6452360488849711,Woningmarkt_Eigendom,entropy,Woningmarkt
BU00801006,0.6590325981407992,Woningmarkt_Eigendom,entropy,Woningmarkt
BU00801007,0.5789675360058288,Woningmarkt_Eigendom,entropy,Woningmarkt
BU00801008,0.6167808223388151,Woningmarkt_Eigendom,entropy,Woningmarkt
WK008011,0.39093094189194505,Woningmarkt_Eigendom,entropy,Woningmarkt
BU00801101,0.5235434339027862,Woningmarkt_Eigendom,entropy,Woningmarkt
BU00801102,0.29953105908013944,Woningmarkt_Eigendom,entropy,Woningmarkt
BU00801103,0.27089831526010005,Woningmarkt_Eigendom,entropy,Woningmarkt
BU00801104,0.7207872791044803,Woningmarkt_Eigendom,entropy,Woningmarkt
BU00801105,0.30011962319807645,Woningmarkt_Eigendom,entropy,Woningmarkt
BU00801106,0.21146547611012353,Woningmarkt_Eigendom,entropy,Woningmarkt
BU00801107,0.5805248174378537,Woningmarkt_Eigendom,entropy,Woningmarkt
BU00801108,0.3360575667211642,Woningmarkt_Eigendom,entropy,Woningmarkt
BU00801109,0.5285052408157881,Woningmarkt_Eigendom,entropy,Woningmarkt
WK008020,0.3590035635880016,Woningmarkt_Eigendom,entropy,Woningmarkt
BU00802001,0.4321000283691256,Woningmarkt_Eigendom,entropy,Woningmarkt
BU00802002,0.34979329389163805,Woningmarkt_Eigendom,entropy,Woningmarkt
BU00802003,0.3093115394949057,Woningmarkt_Eigendom,entropy,Woningmarkt
BU00802004,0.1988438541924831,Woningmarkt_Eigendom,entropy,Woningmarkt
BU00802005,0.30677086008744325,Woningmarkt_Eigendom,entropy,Woningmarkt
BU00802006,0.40335417950016106,Woningmarkt_Eigendom,entropy,Woningmarkt
BU00802007,0.4126110101297683,Woningmarkt_Eigendom,entropy,Woningmarkt
BU00802008,0.35507877449591285,Woningmarkt_Eigendom,entropy,Woningmarkt
BU00802009,0.3972079853636703,Woningmarkt_Eigendom,entropy,Woningmarkt
WK008030,0.38389921286357626,Woningmarkt_Eigendom,entropy,Woningmarkt
BU00803001,0.2489208091929496,Woningmarkt_Eigendom,entropy,Woningmarkt
BU00803002,0.10383748149592562,Woningmarkt_Eigendom,entropy,Woningmarkt
BU00803003,0.6466163124394091,Woningmarkt_Eigendom,entropy,Woningmarkt
BU00803004,0.24126117568630553,Woningmarkt_Eigendom,entropy,Woningmarkt
BU00803005,0.30949494340579875,Woningmarkt_Eigendom,entropy,Woningmarkt
BU00803006,0.5868473734643183,Woningmarkt_Eigendom,entropy,Woningmarkt
BU00803007,0.11736740185847679,Woningmarkt_Eigendom,entropy,Woningmarkt
WK008031,0.20717538195464383,Woningmarkt_Eigendom,entropy,Woningmarkt
BU00803101,0.2064136024333354,Woningmarkt_Eigendom,entropy,Woningmarkt
BU00803102,0.1336734258319095,Woningmarkt_Eigendom,entropy,Woningmarkt
WK008032,0.2502334745956709,Woningmarkt_Eigendom,entropy,Woningmarkt
BU00803201,0.1929205478267764,Woningmarkt_Eigendom,entropy,Woningmarkt
BU00803202,0.16929401183716578,Woningmarkt_Eigendom,entropy,Woningmarkt
BU00803203,0.44652335923213543,Woningmarkt_Eigendom,entropy,Woningmarkt
BU00803204,0.6202903329931104,Woningmarkt_Eigendom,entropy,Woningmarkt
WK008040,0.2696056330398165,Woningmarkt_Eigendom,entropy,Woningmarkt
BU00804001,0.3205693021347227,Woningmarkt_Eigendom,entropy,Woningmarkt
BU00804002,0.10423660033262605,Woningmarkt_Eigendom,entropy,Woningmarkt
BU00804003,0.07895695467672106,Woningmarkt_Eigendom,entropy,Woningmarkt
BU00804004,0.4530124417636931,Woningmarkt_Eigendom,entropy,Woningmarkt
WK008041,0.5119958507851615,Woningmarkt_Eigendom,entropy,Woningmarkt
BU00804101,0.5112340712638531,Woningmarkt_Eigendom,entropy,Woningmarkt
BU00804102,0.1219664891477607,Woningmarkt_Eigendom,entropy,Woningmarkt
BU00804103,0.1174715321431716,Woningmarkt_Eigendom,entropy,Woningmarkt
BU00804104,0.12310829383587474,Woningmarkt_Eigendom,entropy,Woningmarkt
BU00804105,0.13913506836883457,Woningmarkt_Eigendom,entropy,Woningmarkt
BU00804106,0.11959295706682314,Woningmarkt_Eigendom,entropy,Woningmarkt
BU00804107,0.11638414861184306,Woningmarkt_Eigendom,entropy,Woningmarkt
BU00804108,0.11638414861184306,Woningmarkt_Eigendom,entropy,Woningmarkt
BU00804109,0.11599816549426359,Woningmarkt_Eigendom,entropy,Woningmarkt
BU00804110,0.14219339411745469,Woningmarkt_Eigendom,entropy,Woningmarkt
WK008050,0.5832269572170703,Woningmarkt_Eigendom,entropy,Woningmarkt
BU00805001,0.6270923362766139,Woningmarkt_Eigendom,entropy,Woningmarkt
BU00805002,0.540647308470984,Woningmarkt_Eigendom,entropy,Woningmarkt
BU00805003,0.23501898019806833,Woningmarkt_Eigendom,entropy,Woningmarkt
WK008051,0.19805465960666693,Woningmarkt_Eigendom,entropy,Woningmarkt
BU00805101,0.2120370418715515,Woningmarkt_Eigendom,entropy,Woningmarkt
BU00805102,0.257955845527964,Woningmarkt_Eigendom,entropy,Woningmarkt
BU00805103,0.0856816016178627,Woningmarkt_Eigendom,entropy,Woningmarkt
BU00805104,0.15018397818338908,Woningmarkt_Eigendom,entropy,Woningmarkt
BU00805105,0.13161668607043991,Woningmarkt_Eigendom,entropy,Woningmarkt
WK008060,0.4943719476131929,Woningmarkt_Eigendom,entropy,Woningmarkt
BU00806001,0.518205404380384,Woningmarkt_Eigendom,entropy,Woningmarkt
BU00806002,0.0466778655839143,Woningmarkt_Eigendom,entropy,Woningmarkt
BU00806003,0.42810705684631706,Woningmarkt_Eigendom,entropy,Woningmarkt
WK008061,0.5113240648048588,Woningmarkt_Eigendom,entropy,Woningmarkt
BU00806101,0.46794994563524817,Woningmarkt_Eigendom,entropy,Woningmarkt
BU00806102,0.5589416439739251,Woningmarkt_Eigendom,entropy,Woningmarkt
WK008062,0.12228738778655093,Woningmarkt_Eigendom,entropy,Woningmarkt
BU00806201,0.1286940972475885,Woningmarkt_Eigendom,entropy,Woningmarkt
BU00806202,0.1011438470646917,Woningmarkt_Eigendom,entropy,Woningmarkt
BU00806203,0.12351756158527856,Woningmarkt_Eigendom,entropy,Woningmarkt
BU00806204,0.09329235042125306,Woningmarkt_Eigendom,entropy,Woningmarkt
BU00806205,0.1877948203717027,Woningmarkt_Eigendom,entropy,Woningmarkt
BU00806206,0.10987846910362772,Woningmarkt_Eigendom,entropy,Woningmarkt
BU00806207,0.18044779115159196,Woningmarkt_Eigendom,entropy,Woningmarkt
BU00806208,0.09877575369273493,Woningmarkt_Eigendom,entropy,Woningmarkt
BU00806209,0.12580029001923798,Woningmarkt_Eigendom,entropy,Woningmarkt
BU00806210,0.13102821850415908,Woningmarkt_Eigendom,entropy,Woningmarkt
WK008063,0.1686314376944903,Woningmarkt_Eigendom,entropy,Woningmarkt
BU00806301,0.17128978042824156,Woningmarkt_Eigendom,entropy,Woningmarkt
BU00806302,0.12496812549227124,Woningmarkt_Eigendom,entropy,Woningmarkt
BU00806303,0.10799411674440694,Woningmarkt_Eigendom,entropy,Woningmarkt
BU00806304,0.14069419828454607,Woningmarkt_Eigendom,entropy,Woningmarkt
BU00806305,0.16223610886339376,Woningmarkt_Eigendom,entropy,Woningmarkt
BU00806306,0.13810414791209744,Woningmarkt_Eigendom,entropy,Woningmarkt
BU00806307,0.11986938007435818,Woningmarkt_Eigendom,entropy,Woningmarkt
WK008070,0.2791853732697756,Woningmarkt_Eigendom,entropy,Woningmarkt
BU00807001,0.13679710262108463,Woningmarkt_Eigendom,entropy,Woningmarkt
BU00807002,0.31721627719336887,Woningmarkt_Eigendom,entropy,Woningmarkt
BU00807003,0.5194022120801834,Woningmarkt_Eigendom,entropy,Woningmarkt
BU00807004,0.21240881989091906,Woningmarkt_Eigendom,entropy,Woningmarkt
WK008071,0.08097088832327798,Woningmarkt_Eigendom,entropy,Woningmarkt
BU00807101,0.08097088832327798,Woningmarkt_Eigendom,entropy,Woningmarkt
WK008072,0.10821101964927335,Woningmarkt_Eigendom,entropy,Woningmarkt
BU00807201,0.12482145573433293,Woningmarkt_Eigendom,entropy,Woningmarkt
BU00807202,0.09452153509642101,Woningmarkt_Eigendom,entropy,Woningmarkt
BU00807203,0.10668746060665651,Woningmarkt_Eigendom,entropy,Woningmarkt
WK008073,0.11768677950090214,Woningmarkt_Eigendom,entropy,Woningmarkt
BU00807301,0.16583526136894344,Woningmarkt_Eigendom,entropy,Woningmarkt
BU00807302,0.09666627672197887,Woningmarkt_Eigendom,entropy,Woningmarkt
BU00807303,0.12029326138737237,Woningmarkt_Eigendom,entropy,Woningmarkt
BU00807304,0.14219339411745469,Woningmarkt_Eigendom,entropy,Woningmarkt
BU00807305,0.03906007037083007,Woningmarkt_Eigendom,entropy,Woningmarkt
BU00807306,0.12414331839532071,Woningmarkt_Eigendom,entropy,Woningmarkt
WK008074,0.09283199167708742,Woningmarkt_Eigendom,entropy,Woningmarkt
BU00807401,0.05273294601100418,Woningmarkt_Eigendom,entropy,Woningmarkt
BU00807402,0.11989948538089462,Woningmarkt_Eigendom,entropy,Woningmarkt
BU00807403,0.09988567291568129,Woningmarkt_Eigendom,entropy,Woningmarkt
BU00807404,0.14508963375325856,Woningmarkt_Eigendom,entropy,Woningmarkt
BU00807405,0.14222145062312108,Woningmarkt_Eigendom,entropy,Woningmarkt
WK008080,0.171294377901399,Woningmarkt_Eigendom,entropy,Woningmarkt
BU00808001,0.16427535659280845,Woningmarkt_Eigendom,entropy,Woningmarkt
BU00808002,0.11839446343322972,Woningmarkt_Eigendom,entropy,Woningmarkt
BU00808003,0.12387532215253541,Woningmarkt_Eigendom,entropy,Woningmarkt
BU00808004,0.1812858362407172,Woningmarkt_Eigendom,entropy,Woningmarkt
BU00808005,0.13712245467462644,Woningmarkt_Eigendom,entropy,Woningmarkt
BU00808006,0.14219339411745469,Woningmarkt_Eigendom,entropy,Woningmarkt
BU00808007,0.1685125671644327,Woningmarkt_Eigendom,entropy,Woningmarkt
BU00808008,0.1980809756299164,Woningmarkt_Eigendom,entropy,Woningmarkt
WK008081,0.13770069117426365,Woningmarkt_Eigendom,entropy,Woningmarkt
BU00808101,0.12227751447568525,Woningmarkt_Eigendom,entropy,Woningmarkt
BU00808102,0.10655404823023493,Woningmarkt_Eigendom,entropy,Woningmarkt
BU00808103,0.11743453734358203,Woningmarkt_Eigendom,entropy,Woningmarkt
BU00808104,0.15819676973446778,Woningmarkt_Eigendom,entropy,Woningmarkt
BU00808105,0.24211167504319023,Woningmarkt_Eigendom,entropy,Woningmarkt
BU00808106,0.1327122768711917,Woningmarkt_Eigendom,entropy,Woningmarkt
BU00808107,0.1187425205711697,Woningmarkt_Eigendom,entropy,Woningmarkt
BU00808108,0.1203828830775299,Woningmarkt_Eigendom,entropy,Woningmarkt
BU00808109,0.13220142221825765,Woningmarkt_Eigendom,entropy,Woningmarkt
BU00808110,0.15483301356291754,Woningmarkt_Eigendom,entropy,Woningmarkt
BU00808111,0.09695369298386405,Woningmarkt_Eigendom,entropy,Woningmarkt
BU00808112,0.11718732466237226,Woningmarkt_Eigendom,entropy,Woningmarkt
BU00808113,0.09299797605380417,Woningmarkt_Eigendom,entropy,Woningmarkt
BU00808114,0.14219339411745469,Woningmarkt_Eigendom,entropy,Woningmarkt
BU00808115,0.11611628487795131,Woningmarkt_Eigendom,entropy,Woningmarkt
BU00808116,0.13003474468518827,Woningmarkt_Eigendom,entropy,Woningmarkt
BU00808117,0.125921652413143,Woningmarkt_Eigendom,entropy,Woningmarkt
WK008082,0.18966276262487214,Woningmarkt_Eigendom,entropy,Woningmarkt
BU00808201,0.1413786902045239,Woningmarkt_Eigendom,entropy,Woningmarkt
BU00808202,0.1194530853546088,Woningmarkt_Eigendom,entropy,Woningmarkt
BU00808203,0.11839446343322972,Woningmarkt_Eigendom,entropy,Woningmarkt
BU00808204,0.08049304518133278,Woningmarkt_Eigendom,entropy,Woningmarkt
BU00808205,0.1210399181295868,Woningmarkt_Eigendom,entropy,Woningmarkt
BU00808206,0.21126043381044193,Woningmarkt_Eigendom,entropy,Woningmarkt
BU00808207,0.14115763163034448,Woningmarkt_Eigendom,entropy,Woningmarkt
BU00808208,0.14437500866352876,Woningmarkt_Eigendom,entropy,Woningmarkt
BU00808209,0.12286537041684945,Woningmarkt_Eigendom,entropy,Woningmarkt
GM1970,0.2062094072482472,Woningmarkt_Eigendom,entropy,Woningmarkt
WK197000,0.27724259101294896,Woningmarkt_Eigendom,entropy,Woningmarkt
BU19700000,0.3909260980571897,Woningmarkt_Eigendom,entropy,Woningmarkt
BU19700001,0.33234394829422753,Woningmarkt_Eigendom,entropy,Woningmarkt
BU19700002,0.30601898327190263,Woningmarkt_Eigendom,entropy,Woningmarkt
BU19700003,0.29991452481128883,Woningmarkt_Eigendom,entropy,Woningmarkt
BU19700004,0.138090935673422,Woningmarkt_Eigendom,entropy,Woningmarkt
BU19700005,0.37836287225453025,Woningmarkt_Eigendom,entropy,Woningmarkt
BU19700006,0.13056554476648055,Woningmarkt_Eigendom,entropy,Woningmarkt
BU19700007,0.17828350454528674,Woningmarkt_Eigendom,entropy,Woningmarkt
BU19700008,0.15159117874751363,Woningmarkt_Eigendom,entropy,Woningmarkt
BU19700009,0.1896404152078741,Woningmarkt_Eigendom,entropy,Woningmarkt
BU19700010,0.08492984726615019,Woningmarkt_Eigendom,entropy,Woningmarkt
BU19700011,0.13624136539717568,Woningmarkt_Eigendom,entropy,Woningmarkt
WK197001,0.18582175797779718,Woningmarkt_Eigendom,entropy,Woningmarkt
BU19700100,0.23599502659212152,Woningmarkt_Eigendom,entropy,Woningmarkt
BU19700101,0.14219339411745469,Woningmarkt_Eigendom,entropy,Woningmarkt
BU19700102,0.1138758480694641,Woningmarkt_Eigendom,entropy,Woningmarkt
BU19700103,0.11187444588490206,Woningmarkt_Eigendom,entropy,Woningmarkt
BU19700104,0.1435135715049417,Woningmarkt_Eigendom,entropy,Woningmarkt
BU19700105,0.12451779191770149,Woningmarkt_Eigendom,entropy,Woningmarkt
BU19700107,0.13810414791209744,Woningmarkt_Eigendom,entropy,Woningmarkt
BU19700108,0.11599816549426359,Woningmarkt_Eigendom,entropy,Woningmarkt
BU19700109,0.19312849980693972,Woningmarkt_Eigendom,entropy,Woningmarkt
WK197002,0.12776503524508076,Woningmarkt_Eigendom,entropy,Woningmarkt
BU19700200,0.1239873593930787,Woningmarkt_Eigendom,entropy,Woningmarkt
BU19700201,0.12494498729214808,Woningmarkt_Eigendom,entropy,Woningmarkt
BU19700202,0.09212643947844626,Woningmarkt_Eigendom,entropy,Woningmarkt
BU19700208,0.1333306286473741,Woningmarkt_Eigendom,entropy,Woningmarkt
BU19700209,0.1386460137172433,Woningmarkt_Eigendom,entropy,Woningmarkt
WK197003,0.13856851556245692,Woningmarkt_Eigendom,entropy,Woningmarkt
BU19700300,0.14663883003373704,Woningmarkt_Eigendom,entropy,Woningmarkt
BU19700301,0.14328526878567113,Woningmarkt_Eigendom,entropy,Woningmarkt
BU19700302,0.1051715624990753,Woningmarkt_Eigendom,entropy,Woningmarkt
BU19700303,0.08370149217917731,Woningmarkt_Eigendom,entropy,Woningmarkt
BU19700307,0.13697150805230354,Woningmarkt_Eigendom,entropy,Woningmarkt
BU19700308,0.13943775340052839,Woningmarkt_Eigendom,entropy,Woningmarkt
BU19700309,0.1264771192479973,Woningmarkt_Eigendom,entropy,Woningmarkt
WK197004,0.1473767548189721,Woningmarkt_Eigendom,entropy,Woningmarkt
BU19700400,0.1446157587967278,Woningmarkt_Eigendom,entropy,Woningmarkt
BU19700401,0.15061679987792728,Woningmarkt_Eigendom,entropy,Woningmarkt
BU19700408,0.12373396083863776,Woningmarkt_Eigendom,entropy,Woningmarkt
BU19700409,0.13810414791209744,Woningmarkt_Eigendom,entropy,Woningmarkt
WK197005,0.17157822597663208,Woningmarkt_Eigendom,entropy,Woningmarkt
BU19700500,0.2187421584959754,Woningmarkt_Eigendom,entropy,Woningmarkt
BU19700501,0.13727028639333716,Woningmarkt_Eigendom,entropy,Woningmarkt
BU19700502,0.14995160702427854,Woningmarkt_Eigendom,entropy,Woningmarkt
BU19700503,0.12441880262631605,Woningmarkt_Eigendom,entropy,Woningmarkt
BU19700506,0.11509288544601007,Woningmarkt_Eigendom,entropy,Woningmarkt
BU19700507,0.11599816549426359,Woningmarkt_Eigendom,entropy,Woningmarkt
BU19700508,0.10546375118289808,Woningmarkt_Eigendom,entropy,Woningmarkt
BU19700509,0.14219339411745469,Woningmarkt_Eigendom,entropy,Woningmarkt
WK197006,0.16327235676394874,Woningmarkt_Eigendom,entropy,Woningmarkt
BU19700600,0.18511124825706984,Woningmarkt_Eigendom,entropy,Woningmarkt
BU19700601,0.09981483600220248,Woningmarkt_Eigendom,entropy,Woningmarkt
BU19700602,0.11129112255329199,Woningmarkt_Eigendom,entropy,Woningmarkt
BU19700603,0.13385629494879686,Woningmarkt_Eigendom,entropy,Woningmarkt
BU19700604,0.11489635608656634,Woningmarkt_Eigendom,entropy,Woningmarkt
BU19700605,0.11702650472918369,Woningmarkt_Eigendom,entropy,Woningmarkt
BU19700608,0.15771461973893752,Woningmarkt_Eigendom,entropy,Woningmarkt
BU19700609,0.13810414791209744,Woningmarkt_Eigendom,entropy,Woningmarkt
WK197007,0.14122216632018306,Woningmarkt_Eigendom,entropy,Woningmarkt
BU19700700,0.13877851411546815,Woningmarkt_Eigendom,entropy,Woningmarkt
BU19700701,0.1640871958422871,Woningmarkt_Eigendom,entropy,Woningmarkt
BU19700702,0.1410797926110925,Woningmarkt_Eigendom,entropy,Woningmarkt
BU19700703,0.13393314568730005,Woningmarkt_Eigendom,entropy,Woningmarkt
BU19700708,0.12484881573612891,Woningmarkt_Eigendom,entropy,Woningmarkt
BU19700709,0.14690377240309466,Woningmarkt_Eigendom,entropy,Woningmarkt
WK197008,0.18690783322346122,Woningmarkt_Eigendom,entropy,Woningmarkt
BU19700800,0.2254506191438201,Woningmarkt_Eigendom,entropy,Woningmarkt
BU19700801,0.1736798634614184,Woningmarkt_Eigendom,entropy,Woningmarkt
BU19700802,0.15954918292444864,Woningmarkt_Eigendom,entropy,Woningmarkt
BU19700803,0.14143744071090256,Woningmarkt_Eigendom,entropy,Woningmarkt
BU19700807,0.13625857903430422,Woningmarkt_Eigendom,entropy,Woningmarkt
BU19700808,0.12084527564659148,Woningmarkt_Eigendom,entropy,Woningmarkt
BU19700809,0.12906765433083,Woningmarkt_Eigendom,entropy,Woningmarkt
WK197009,0.17386008271536163,Woningmarkt_Eigendom,entropy,Woningmarkt
BU19700900,0.17225289108646125,Woningmarkt_Eigendom,entropy,Woningmarkt
BU19700909,0.1598490116805399,Woningmarkt_Eigendom,entropy,Woningmarkt
WK197010,0.13922294981924715,Woningmarkt_Eigendom,entropy,Woningmarkt
BU19701000,0.1438451698014806,Woningmarkt_Eigendom,entropy,Woningmarkt
BU19701001,0.10582688204185836,Woningmarkt_Eigendom,entropy,Woningmarkt
BU19701002,0.15081490818648932,Woningmarkt_Eigendom,entropy,Woningmarkt
BU19701003,0.11917578256644967,Woningmarkt_Eigendom,entropy,Woningmarkt
BU19701004,0.13731709715762175,Woningmarkt_Eigendom,entropy,Woningmarkt
BU19701005,0.13847799551563061,Woningmarkt_Eigendom,entropy,Woningmarkt
BU19701006,0.13676654841406483,Woningmarkt_Eigendom,entropy,Woningmarkt
BU19701008,0.15848845825473779,Woningmarkt_Eigendom,entropy,Woningmarkt
BU19701009,0.1286006890381411,Woningmarkt_Eigendom,entropy,Woningmarkt
WK197011,0.24078395457744284,Woningmarkt_Eigendom,entropy,Woningmarkt
BU19701100,0.24742760748164716,Woningmarkt_Eigendom,entropy,Woningmarkt
BU19701109,0.12074554376213789,Woningmarkt_Eigendom,entropy,Woningmarkt
WK197012,0.14665946194146126,Woningmarkt_Eigendom,entropy,Woningmarkt
BU19701200,0.15351297134083808,Woningmarkt_Eigendom,entropy,Woningmarkt
BU19701201,0.08936948375988014,Woningmarkt_Eigendom,entropy,Woningmarkt
BU19701202,0.15337042888170488,Woningmarkt_Eigendom,entropy,Woningmarkt
BU19701203,0.16226157480498177,Woningmarkt_Eigendom,entropy,Woningmarkt
BU19701204,0.15568246597418772,Woningmarkt_Eigendom,entropy,Woningmarkt
BU19701206,0.1618666001583989,Woningmarkt_Eigendom,entropy,Woningmarkt
BU19701207,0.15144281266476461,Woningmarkt_Eigendom,entropy,Woningmarkt
BU19701208,0.161331475657751,Woningmarkt_Eigendom,entropy,Woningmarkt
BU19701209,0.13440385411542122,Woningmarkt_Eigendom,entropy,Woningmarkt
WK197013,0.14088419059492946,Woningmarkt_Eigendom,entropy,Woningmarkt
BU19701300,0.15710700966830118,Woningmarkt_Eigendom,entropy,Woningmarkt
BU19701301,0.12671138764872242,Woningmarkt_Eigendom,entropy,Woningmarkt
BU19701302,0.13381817635014237,Woningmarkt_Eigendom,entropy,Woningmarkt
BU19701308,0.13894258356920983,Woningmarkt_Eigendom,entropy,Woningmarkt
BU19701309,0.13468867578077726,Woningmarkt_Eigendom,entropy,Woningmarkt
WK197014,0.1941876527112918,Woningmarkt_Eigendom,entropy,Woningmarkt
BU19701400,0.19708382417420262,Woningmarkt_Eigendom,entropy,Woningmarkt
BU19701401,0.1973639271713296,Woningmarkt_Eigendom,entropy,Woningmarkt
BU19701402,0.21378393860361197,Woningmarkt_Eigendom,entropy,Woningmarkt
BU19701409,0.1211762994650189,Woningmarkt_Eigendom,entropy,Woningmarkt
GM0085,0.2078986202579165,Woningmarkt_Eigendom,entropy,Woningmarkt
WK008501,0.2226871266300683,Woningmarkt_Eigendom,entropy,Woningmarkt
BU00850101,0.11344467725494259,Woningmarkt_Eigendom,entropy,Woningmarkt
BU00850102,0.10944066699105286,Woningmarkt_Eigendom,entropy,Woningmarkt
BU00850103,0.12093198900338548,Woningmarkt_Eigendom,entropy,Woningmarkt
BU00850104,0.3331290462448972,Woningmarkt_Eigendom,entropy,Woningmarkt
BU00850105,0.350234254993353,Woningmarkt_Eigendom,entropy,Woningmarkt
BU00850106,0.11809684823334718,Woningmarkt_Eigendom,entropy,Woningmarkt
BU00850107,0.1860533287872372,Woningmarkt_Eigendom,entropy,Woningmarkt
BU00850108,0.15600354223457452,Woningmarkt_Eigendom,entropy,Woningmarkt
BU00850109,0.31477191825359535,Woningmarkt_Eigendom,entropy,Woningmarkt
BU00850110,0.20154766565204313,Woningmarkt_Eigendom,entropy,Woningmarkt
BU00850111,0.1318128254177093,Woningmarkt_Eigendom,entropy,Woningmarkt
WK008502,0.15024760239813362,Woningmarkt_Eigendom,entropy,Woningmarkt
BU00850201,0.1269733343668656,Woningmarkt_Eigendom,entropy,Woningmarkt
BU00850202,0.2013776686882463,Woningmarkt_Eigendom,entropy,Woningmarkt
BU00850203,0.11236481068795062,Woningmarkt_Eigendom,entropy,Woningmarkt
WK008503,0.13393409452789293,Woningmarkt_Eigendom,entropy,Woningmarkt
BU00850301,0.13570268056809337,Woningmarkt_Eigendom,entropy,Woningmarkt
BU00850302,0.13636067515331804,Woningmarkt_Eigendom,entropy,Woningmarkt
WK008504,0.15050397185425884,Woningmarkt_Eigendom,entropy,Woningmarkt
BU00850401,0.08538018084071994,Woningmarkt_Eigendom,entropy,Woningmarkt
BU00850402,0.18417775753144727,Woningmarkt_Eigendom,entropy,Woningmarkt
WK008505,0.12077295882664565,Woningmarkt_Eigendom,entropy,Woningmarkt
BU00850501,0.11154221617170898,Woningmarkt_Eigendom,entropy,Woningmarkt
BU00850502,0.12192351369943653,Woningmarkt_Eigendom,entropy,Woningmarkt
WK008506,0.1969836771781085,Woningmarkt_Eigendom,entropy,Woningmarkt
BU00850601,0.23846144005671843,Woningmarkt_Eigendom,entropy,Woningmarkt
BU00850602,0.25354597144198965,Woningmarkt_Eigendom,entropy,Woningmarkt
BU00850603,0.19005492955474637,Woningmarkt_Eigendom,entropy,Woningmarkt
BU00850604,0.20399261825439138,Woningmarkt_Eigendom,entropy,Woningmarkt
BU00850605,0.08171972356410176,Woningmarkt_Eigendom,entropy,Woningmarkt
BU00850606,0.311131219077904,Woningmarkt_Eigendom,entropy,Woningmarkt
BU00850607,0.12029326138737237,Woningmarkt_Eigendom,entropy,Woningmarkt
BU00850608,0.12406366145399093,Woningmarkt_Eigendom,entropy,Woningmarkt
WK008507,0.11434074693092466,Woningmarkt_Eigendom,entropy,Woningmarkt
BU00850701,0.11919503982936559,Woningmarkt_Eigendom,entropy,Woningmarkt
BU00850702,0.10944066699105286,Woningmarkt_Eigendom,entropy,Woningmarkt
WK008508,0.14548594741948134,Woningmarkt_Eigendom,entropy,Woningmarkt
BU00850801,0.15352267590166113,Woningmarkt_Eigendom,entropy,Woningmarkt
BU00850802,0.12989724150305695,Woningmarkt_Eigendom,entropy,Woningmarkt
WK008509,0.13448838178858907,Woningmarkt_Eigendom,entropy,Woningmarkt
BU00850901,0.16563753102501674,Woningmarkt_Eigendom,entropy,Woningmarkt
BU00850902,0.12213351225244778,Woningmarkt_Eigendom,entropy,Woningmarkt
WK008510,0.16749785989812158,Woningmarkt_Eigendom,entropy,Woningmarkt
BU00851001,0.19208448252422952,Woningmarkt_Eigendom,entropy,Woningmarkt
BU00851002,0.11779315477745134,Woningmarkt_Eigendom,entropy,Woningmarkt
BU00851003,0.12008600241768203,Woningmarkt_Eigendom,entropy,Woningmarkt
WK008511,0.2489292342189065,Woningmarkt_Eigendom,entropy,Woningmarkt
BU00851101,0.1255567054771264,Woningmarkt_Eigendom,entropy,Woningmarkt
BU00851102,0.10239024537698813,Woningmarkt_Eigendom,entropy,Woningmarkt
BU00851103,0.2884333775341317,Woningmarkt_Eigendom,entropy,Woningmarkt
BU00851104,0.2955459696034746,Woningmarkt_Eigendom,entropy,Woningmarkt
BU00851105,0.559921204178352,Woningmarkt_Eigendom,entropy,Woningmarkt
BU00851106,0.2514746068711506,Woningmarkt_Eigendom,entropy,Woningmarkt
BU00851107,0.2716811249094607,Woningmarkt_Eigendom,entropy,Woningmarkt
BU00851108,0.3436432198423342,Woningmarkt_Eigendom,entropy,Woningmarkt
BU00851109,0.16054388289387783,Woningmarkt_Eigendom,entropy,Woningmarkt
BU00851110,0.19277143893319315,Woningmarkt_Eigendom,entropy,Woningmarkt
BU00851111,0.07958031903770145,Woningmarkt_Eigendom,entropy,Woningmarkt
BU00851112,0.23878285381719047,Woningmarkt_Eigendom,entropy,Woningmarkt
BU00851113,0.32195011179676436,Woningmarkt_Eigendom,entropy,Woningmarkt
BU00851114,0.1730636423061503,Woningmarkt_Eigendom,entropy,Woningmarkt
BU00851115,0.3824318602808595,Woningmarkt_Eigendom,entropy,Woningmarkt
BU00851116,0.39791229890931523,Woningmarkt_Eigendom,entropy,Woningmarkt
BU00851117,0.12021353165490274,Woningmarkt_Eigendom,entropy,Woningmarkt
BU00851118,0.13364458088651177,Woningmarkt_Eigendom,entropy,Woningmarkt
WK008512,0.13746406833986974,Woningmarkt_Eigendom,entropy,Woningmarkt
BU00851201,0.14635196474259357,Woningmarkt_Eigendom,entropy,Woningmarkt
BU00851202,0.12160956146029887,Woningmarkt_Eigendom,entropy,Woningmarkt
WK008513,0.12972566297300986,Woningmarkt_Eigendom,entropy,Woningmarkt
BU00851301,0.13095322664177167,Woningmarkt_Eigendom,entropy,Woningmarkt
BU00851302,0.12467124483242337,Woningmarkt_Eigendom,entropy,Woningmarkt
GM0086,0.2144213788926677,Woningmarkt_Eigendom,entropy,Woningmarkt
WK008601,0.15580211659479562,Woningmarkt_Eigendom,entropy,Woningmarkt
BU00860101,0.1289545940025189,Woningmarkt_Eigendom,entropy,Woningmarkt
BU00860102,0.176193572555278,Woningmarkt_Eigendom,entropy,Woningmarkt
BU00860103,0.12635414485966137,Woningmarkt_Eigendom,entropy,Woningmarkt
WK008602,0.3041623922537722,Woningmarkt_Eigendom,entropy,Woningmarkt
BU00860201,0.33886880389115487,Woningmarkt_Eigendom,entropy,Woningmarkt
BU00860202,0.3330023481902012,Woningmarkt_Eigendom,entropy,Woningmarkt
BU00860203,0.29347950519885924,Woningmarkt_Eigendom,entropy,Woningmarkt
BU00860204,0.6202903329931104,Woningmarkt_Eigendom,entropy,Woningmarkt
BU00860205,0.0750301050675325,Woningmarkt_Eigendom,entropy,Woningmarkt
BU00860206,0.21689092945924338,Woningmarkt_Eigendom,entropy,Woningmarkt
BU00860207,0.08629040069195229,Woningmarkt_Eigendom,entropy,Woningmarkt
BU00860208,0.20836714494508535,Woningmarkt_Eigendom,entropy,Woningmarkt
BU00860209,0.17030427734780107,Woningmarkt_Eigendom,entropy,Woningmarkt
WK008604,0.13690768989841515,Woningmarkt_Eigendom,entropy,Woningmarkt
BU00860401,0.13883222534484496,Woningmarkt_Eigendom,entropy,Woningmarkt
BU00860402,0.11035088684228521,Woningmarkt_Eigendom,entropy,Woningmarkt
WK008605,0.2460753161611961,Woningmarkt_Eigendom,entropy,Woningmarkt
BU00860501,0.3042395529084733,Woningmarkt_Eigendom,entropy,Woningmarkt
BU00860502,0.13306287856130786,Woningmarkt_Eigendom,entropy,Woningmarkt
BU00860503,0.2639547785370926,Woningmarkt_Eigendom,entropy,Woningmarkt
BU00860504,0.10718608751505611,Woningmarkt_Eigendom,entropy,Woningmarkt
BU00860505,0.12911978530295976,Woningmarkt_Eigendom,entropy,Woningmarkt
BU00860506,0.28368262321017657,Woningmarkt_Eigendom,entropy,Woningmarkt
BU00860507,0.3225914330230273,Woningmarkt_Eigendom,entropy,Woningmarkt
BU00860508,0.10076421159681234,Woningmarkt_Eigendom,entropy,Woningmarkt
WK008606,0.1634610068732856,Woningmarkt_Eigendom,entropy,Woningmarkt
BU00860601,0.17962212566573132,Woningmarkt_Eigendom,entropy,Woningmarkt
BU00860602,0.13448838178858907,Woningmarkt_Eigendom,entropy,Woningmarkt
WK008607,0.10029931273535178,Woningmarkt_Eigendom,entropy,Woningmarkt
BU00860701,0.08690373988333679,Woningmarkt_Eigendom,entropy,Woningmarkt
BU00860702,0.11521844462998362,Woningmarkt_Eigendom,entropy,Woningmarkt
WK008608,0.1465338490037791,Woningmarkt_Eigendom,entropy,Woningmarkt
BU00860801,0.1531807514285365,Woningmarkt_Eigendom,entropy,Woningmarkt
BU00860802,0.13162384719185888,Woningmarkt_Eigendom,entropy,Woningmarkt
WK008609,0.15191960177067437,Woningmarkt_Eigendom,entropy,Woningmarkt
BU00860901,0.16842278709408345,Woningmarkt_Eigendom,entropy,Woningmarkt
BU00860902,0.11126110669351758,Woningmarkt_Eigendom,entropy,Woningmarkt
WK008610,0.1291706324841596,Woningmarkt_Eigendom,entropy,Woningmarkt
BU00861001,0.13570268056809337,Woningmarkt_Eigendom,entropy,Woningmarkt
BU00861002,0.11187444588490206,Woningmarkt_Eigendom,entropy,Woningmarkt
WK008611,0.1613470780893648,Woningmarkt_Eigendom,entropy,Woningmarkt
BU00861101,0.16080986240795847,Woningmarkt_Eigendom,entropy,Woningmarkt
BU00861102,0.16623040705871966,Woningmarkt_Eigendom,entropy,Woningmarkt
WK008613,0.12903531498565446,Woningmarkt_Eigendom,entropy,Woningmarkt
BU00861301,0.11563974213363945,Woningmarkt_Eigendom,entropy,Woningmarkt
BU00861302,0.13847354990120336,Woningmarkt_Eigendom,entropy,Woningmarkt
WK008614,0.14164597011623786,Woningmarkt_Eigendom,entropy,Woningmarkt
BU00861401,0.1558695726886737,Woningmarkt_Eigendom,entropy,Woningmarkt
BU00861402,0.11293310606605836,Woningmarkt_Eigendom,entropy,Woningmarkt
WK008615,0.16232717202274408,Woningmarkt_Eigendom,entropy,Woningmarkt
BU00861501,0.17450375837529336,Woningmarkt_Eigendom,entropy,Woningmarkt
BU00861502,0.1416388354024138,Woningmarkt_Eigendom,entropy,Woningmarkt
WK008616,0.2227961466547012,Woningmarkt_Eigendom,entropy,Woningmarkt
BU00861601,0.2977083999114238,Woningmarkt_Eigendom,entropy,Woningmarkt
BU00861602,0.27336504121865457,Woningmarkt_Eigendom,entropy,Woningmarkt
BU00861603,0.1454622347412467,Woningmarkt_Eigendom,entropy,Woningmarkt
BU00861604,0.27583937887119747,Woningmarkt_Eigendom,entropy,Woningmarkt
BU00861605,0.10969288245616907,Woningmarkt_Eigendom,entropy,Woningmarkt
BU00861606,0.12310829383587474,Woningmarkt_Eigendom,entropy,Woningmarkt
BU00861607,0.1659471965988783,Woningmarkt_Eigendom,entropy,Woningmarkt
WK008617,0.18038785393491077,Woningmarkt_Eigendom,entropy,Woningmarkt
BU00861701,0.2671057558055851,Woningmarkt_Eigendom,entropy,Woningmarkt
BU00861702,0.16892229928847582,Woningmarkt_Eigendom,entropy,Woningmarkt
BU00861703,0.13094305190659628,Woningmarkt_Eigendom,entropy,Woningmarkt
GM0088,0.2866690301869164,Woningmarkt_Eigendom,entropy,Woningmarkt
WK008800,0.2866690301869164,Woningmarkt_Eigendom,entropy,Woningmarkt
BU00880000,0.28300482977486596,Woningmarkt_Eigendom,entropy,Woningmarkt
BU00880009,0.30044329815810616,Woningmarkt_Eigendom,entropy,Woningmarkt
GM0090,0.2550910476783235,Woningmarkt_Eigendom,entropy,Woningmarkt
WK009001,0.4717995964183362,Woningmarkt_Eigendom,entropy,Woningmarkt
BU00900101,0.4717995964183362,Woningmarkt_Eigendom,entropy,Woningmarkt
WK009002,0.3327907117394714,Woningmarkt_Eigendom,entropy,Woningmarkt
BU00900201,0.10479443103044418,Woningmarkt_Eigendom,entropy,Woningmarkt
BU00900202,0.3181949339517341,Woningmarkt_Eigendom,entropy,Woningmarkt
BU00900203,0.26564933224807347,Woningmarkt_Eigendom,entropy,Woningmarkt
BU00900204,0.4864483987117221,Woningmarkt_Eigendom,entropy,Woningmarkt
BU00900205,0.2529493535818577,Woningmarkt_Eigendom,entropy,Woningmarkt
BU00900206,0.26039452458803686,Woningmarkt_Eigendom,entropy,Woningmarkt
WK009003,0.18579298515979356,Woningmarkt_Eigendom,entropy,Woningmarkt
BU00900301,0.08051674805867592,Woningmarkt_Eigendom,entropy,Woningmarkt
BU00900302,0.12995822206319868,Woningmarkt_Eigendom,entropy,Woningmarkt
BU00900303,0.2948777441959686,Woningmarkt_Eigendom,entropy,Woningmarkt
BU00900304,0.32235702965488444,Woningmarkt_Eigendom,entropy,Woningmarkt
WK009004,0.18190519449796402,Woningmarkt_Eigendom,entropy,Woningmarkt
BU00900401,0.2581976496971985,Woningmarkt_Eigendom,entropy,Woningmarkt
BU00900402,0.2748557499925845,Woningmarkt_Eigendom,entropy,Woningmarkt
BU00900403,0.10670909316600834,Woningmarkt_Eigendom,entropy,Woningmarkt
BU00900404,0.1157475100175389,Woningmarkt_Eigendom,entropy,Woningmarkt
BU00900405,0.04454096734991296,Woningmarkt_Eigendom,entropy,Woningmarkt
BU00900406,0.2408185679103747,Woningmarkt_Eigendom,entropy,Woningmarkt
WK009005,0.08984407738127227,Woningmarkt_Eigendom,entropy,Woningmarkt
BU00900501,0.09912060707763981,Woningmarkt_Eigendom,entropy,Woningmarkt
BU00900502,0.06614809673470792,Woningmarkt_Eigendom,entropy,Woningmarkt
WK009006,0.1779643035299455,Woningmarkt_Eigendom,entropy,Woningmarkt
BU00900601,0.05380867777145025,Woningmarkt_Eigendom,entropy,Woningmarkt
BU00900602,0.2833554060817814,Woningmarkt_Eigendom,entropy,Woningmarkt
BU00900603,0.05109759608944192,Woningmarkt_Eigendom,entropy,Woningmarkt
WK009007,0.1593973034611619,Woningmarkt_Eigendom,entropy,Woningmarkt
BU00900701,0.21570825774502816,Woningmarkt_Eigendom,entropy,Woningmarkt
BU00900702,0.0803250269797201,Woningmarkt_Eigendom,entropy,Woningmarkt
BU00900703,0.14930672546958118,Woningmarkt_Eigendom,entropy,Woningmarkt
BU00900704,0.12741405788347995,Woningmarkt_Eigendom,entropy,Woningmarkt
BU00900705,0.19807513256524,Woningmarkt_Eigendom,entropy,Woningmarkt
BU00900706,0.20651469207128484,Woningmarkt_Eigendom,entropy,Woningmarkt
WK009008,0.32560868481406613,Woningmarkt_Eigendom,entropy,Woningmarkt
BU00900801,0.29808396543636057,Woningmarkt_Eigendom,entropy,Woningmarkt
BU00900802,0.40083244757212744,Woningmarkt_Eigendom,entropy,Woningmarkt
BU00900803,0.2330362597614004,Woningmarkt_Eigendom,entropy,Woningmarkt
WK009009,0.4634214176088388,Woningmarkt_Eigendom,entropy,Woningmarkt
BU00900901,0.23750726006750916,Woningmarkt_Eigendom,entropy,Woningmarkt
BU00900902,0.5895012705836422,Woningmarkt_Eigendom,entropy,Woningmarkt
BU00900903,0.33828272609558496,Woningmarkt_Eigendom,entropy,Woningmarkt
BU00900904,0.597397854623874,Woningmarkt_Eigendom,entropy,Woningmarkt
WK009010,0.37013884161561794,Woningmarkt_Eigendom,entropy,Woningmarkt
BU00901001,0.3730906734308253,Woningmarkt_Eigendom,entropy,Woningmarkt
BU00901002,0.35803179531457346,Woningmarkt_Eigendom,entropy,Woningmarkt
BU00901003,0.33279530921262873,Woningmarkt_Eigendom,entropy,Woningmarkt
BU00901004,0.3889025215944468,Woningmarkt_Eigendom,entropy,Woningmarkt
WK009011,0.22950854588022468,Woningmarkt_Eigendom,entropy,Woningmarkt
BU00901101,0.22950854588022468,Woningmarkt_Eigendom,entropy,Woningmarkt
WK009012,0.13643851417256997,Woningmarkt_Eigendom,entropy,Woningmarkt
BU00901201,0.12476976999343922,Woningmarkt_Eigendom,entropy,Woningmarkt
BU00901202,0.10869345275663524,Woningmarkt_Eigendom,entropy,Woningmarkt
WK009013,0.20614664313039427,Woningmarkt_Eigendom,entropy,Woningmarkt
BU00901301,0.4697338877454645,Woningmarkt_Eigendom,entropy,Woningmarkt
BU00901302,0.14892531713656543,Woningmarkt_Eigendom,entropy,Woningmarkt
BU00901303,0.1327460994209984,Woningmarkt_Eigendom,entropy,Woningmarkt
WK009021,0.16231634987128551,Woningmarkt_Eigendom,entropy,Woningmarkt
BU00902104,0.16677320000214396,Woningmarkt_Eigendom,entropy,Woningmarkt
BU00902105,0.11564299165419252,Woningmarkt_Eigendom,entropy,Woningmarkt
BU00902109,0.13727809327297447,Woningmarkt_Eigendom,entropy,Woningmarkt
BU00902110,0.18265612091954625,Woningmarkt_Eigendom,entropy,Woningmarkt
BU00902114,0.13134111670726129,Woningmarkt_Eigendom,entropy,Woningmarkt
WK009022,0.15525284191889743,Woningmarkt_Eigendom,entropy,Woningmarkt
BU00902201,0.12346163802894417,Woningmarkt_Eigendom,entropy,Woningmarkt
BU00902202,0.12817824919431967,Woningmarkt_Eigendom,entropy,Woningmarkt
BU00902203,0.09635654008577654,Woningmarkt_Eigendom,entropy,Woningmarkt
BU00902206,0.1807834124431768,Woningmarkt_Eigendom,entropy,Woningmarkt
BU00902212,0.11430822477875127,Woningmarkt_Eigendom,entropy,Woningmarkt
BU00902213,0.1313446770356957,Woningmarkt_Eigendom,entropy,Woningmarkt
BU00902215,0.13707891687142176,Woningmarkt_Eigendom,entropy,Woningmarkt
BU00902216,0.13306037226890888,Woningmarkt_Eigendom,entropy,Woningmarkt
WK009023,0.18363365480681795,Woningmarkt_Eigendom,entropy,Woningmarkt
BU00902307,0.17599214691549914,Woningmarkt_Eigendom,entropy,Woningmarkt
BU00902308,0.17748640663429174,Woningmarkt_Eigendom,entropy,Woningmarkt
BU00902311,0.19928228063129128,Woningmarkt_Eigendom,entropy,Woningmarkt
GM1900,0.23105959759890454,Woningmarkt_Eigendom,entropy,Woningmarkt
WK190000,0.25822274719043364,Woningmarkt_Eigendom,entropy,Woningmarkt
BU19000000,0.3385616179174884,Woningmarkt_Eigendom,entropy,Woningmarkt
BU19000001,0.38485897991569495,Woningmarkt_Eigendom,entropy,Woningmarkt
BU19000002,0.24093369530500008,Woningmarkt_Eigendom,entropy,Woningmarkt
BU19000003,0.05991998552120742,Woningmarkt_Eigendom,entropy,Woningmarkt
BU19000004,0.16644254374038603,Woningmarkt_Eigendom,entropy,Woningmarkt
BU19000009,0.21546317568473275,Woningmarkt_Eigendom,entropy,Woningmarkt
WK190001,0.29411315568919505,Woningmarkt_Eigendom,entropy,Woningmarkt
BU19000101,0.5043694050472898,Woningmarkt_Eigendom,entropy,Woningmarkt
BU19000102,0.29605149233159445,Woningmarkt_Eigendom,entropy,Woningmarkt
BU19000103,0.13855932061614207,Woningmarkt_Eigendom,entropy,Woningmarkt
BU19000104,0.2734756737578054,Woningmarkt_Eigendom,entropy,Woningmarkt
BU19000105,0.4246249105825923,Woningmarkt_Eigendom,entropy,Woningmarkt
BU19000106,0.19661901981560975,Woningmarkt_Eigendom,entropy,Woningmarkt
BU19000107,0.08581886823928764,Woningmarkt_Eigendom,entropy,Woningmarkt
BU19000108,0.23040745291217982,Woningmarkt_Eigendom,entropy,Woningmarkt
BU19000109,0.3651395562971132,Woningmarkt_Eigendom,entropy,Woningmarkt
BU19000110,0.3256622539856042,Woningmarkt_Eigendom,entropy,Woningmarkt
BU19000111,0.08744679607967139,Woningmarkt_Eigendom,entropy,Woningmarkt
BU19000112,0.603726342303754,Woningmarkt_Eigendom,entropy,Woningmarkt
BU19000113,0.32068705701681866,Woningmarkt_Eigendom,entropy,Woningmarkt
BU19000114,0.34957648548963927,Woningmarkt_Eigendom,entropy,Woningmarkt
BU19000115,0.4453813409121923,Woningmarkt_Eigendom,entropy,Woningmarkt
BU19000116,0.21188645402940076,Woningmarkt_Eigendom,entropy,Woningmarkt
BU19000117,0.13947098292284646,Woningmarkt_Eigendom,entropy,Woningmarkt
BU19000118,0.19548917109771802,Woningmarkt_Eigendom,entropy,Woningmarkt
BU19000119,0.05763965954208009,Woningmarkt_Eigendom,entropy,Woningmarkt
BU19000120,0.1259288243609596,Woningmarkt_Eigendom,entropy,Woningmarkt
WK190002,0.2111118514226793,Woningmarkt_Eigendom,entropy,Woningmarkt
BU19000200,0.22485064914545227,Woningmarkt_Eigendom,entropy,Woningmarkt
BU19000201,0.11599816549426359,Woningmarkt_Eigendom,entropy,Woningmarkt
BU19000202,0.169673880634082,Woningmarkt_Eigendom,entropy,Woningmarkt
BU19000208,0.1618520348715081,Woningmarkt_Eigendom,entropy,Woningmarkt
BU19000209,0.18553028246554426,Woningmarkt_Eigendom,entropy,Woningmarkt
WK190003,0.19515943078561152,Woningmarkt_Eigendom,entropy,Woningmarkt
BU19000300,0.20779466657179008,Woningmarkt_Eigendom,entropy,Woningmarkt
BU19000301,0.15665359532322098,Woningmarkt_Eigendom,entropy,Woningmarkt
BU19000302,0.15702124515210003,Woningmarkt_Eigendom,entropy,Woningmarkt
BU19000308,0.1435135715049417,Woningmarkt_Eigendom,entropy,Woningmarkt
BU19000309,0.132763491609061,Woningmarkt_Eigendom,entropy,Woningmarkt
WK190004,0.16307512948531577,Woningmarkt_Eigendom,entropy,Woningmarkt
BU19000400,0.14000519249823715,Woningmarkt_Eigendom,entropy,Woningmarkt
BU19000401,0.15050041089073848,Woningmarkt_Eigendom,entropy,Woningmarkt
BU19000402,0.12844599928038594,Woningmarkt_Eigendom,entropy,Woningmarkt
BU19000403,0.19407264262497503,Woningmarkt_Eigendom,entropy,Woningmarkt
BU19000408,0.15513240051516441,Woningmarkt_Eigendom,entropy,Woningmarkt
BU19000409,0.14770529582294337,Woningmarkt_Eigendom,entropy,Woningmarkt
WK190005,0.17800074736848523,Woningmarkt_Eigendom,entropy,Woningmarkt
BU19000500,0.12167486901755595,Woningmarkt_Eigendom,entropy,Woningmarkt
BU19000501,0.2608586887534783,Woningmarkt_Eigendom,entropy,Woningmarkt
BU19000502,0.09131197607159257,Woningmarkt_Eigendom,entropy,Woningmarkt
BU19000503,0.13629131068567935,Woningmarkt_Eigendom,entropy,Woningmarkt
WK190006,0.19225241242171204,Woningmarkt_Eigendom,entropy,Woningmarkt
BU19000600,0.20576989582513605,Woningmarkt_Eigendom,entropy,Woningmarkt
BU19000602,0.1721084261966122,Woningmarkt_Eigendom,entropy,Woningmarkt
BU19000603,0.14955077267830427,Woningmarkt_Eigendom,entropy,Woningmarkt
BU19000607,0.17313984006330338,Woningmarkt_Eigendom,entropy,Woningmarkt
BU19000608,0.13020384619117287,Woningmarkt_Eigendom,entropy,Woningmarkt
BU19000609,0.12117435066482313,Woningmarkt_Eigendom,entropy,Woningmarkt
WK190007,0.13737347404586853,Woningmarkt_Eigendom,entropy,Woningmarkt
BU19000700,0.1418859845290235,Woningmarkt_Eigendom,entropy,Woningmarkt
BU19000701,0.09178335666552702,Woningmarkt_Eigendom,entropy,Woningmarkt
BU19000702,0.13320850179095148,Woningmarkt_Eigendom,entropy,Woningmarkt
BU19000706,0.14905272963158783,Woningmarkt_Eigendom,entropy,Woningmarkt
BU19000707,0.16557325958808844,Woningmarkt_Eigendom,entropy,Woningmarkt
BU19000708,0.11839446343322972,Woningmarkt_Eigendom,entropy,Woningmarkt
WK190008,0.155679000148621,Woningmarkt_Eigendom,entropy,Woningmarkt
BU19000800,0.15585365944917856,Woningmarkt_Eigendom,entropy,Woningmarkt
BU19000801,0.1334342617247277,Woningmarkt_Eigendom,entropy,Woningmarkt
BU19000802,0.11599816549426359,Woningmarkt_Eigendom,entropy,Woningmarkt
BU19000804,0.13792210394185098,Woningmarkt_Eigendom,entropy,Woningmarkt
BU19000808,0.1470859160304275,Woningmarkt_Eigendom,entropy,Woningmarkt
BU19000809,0.20900878512205634,Woningmarkt_Eigendom,entropy,Woningmarkt
WK190009,0.17487322890888884,Woningmarkt_Eigendom,entropy,Woningmarkt
BU19000900,0.14848370833395824,Woningmarkt_Eigendom,entropy,Woningmarkt
BU19000901,0.24422379676203,Woningmarkt_Eigendom,entropy,Woningmarkt
BU19000902,0.1391350305676875,Woningmarkt_Eigendom,entropy,Woningmarkt
BU19000903,0.09206817833088306,Woningmarkt_Eigendom,entropy,Woningmarkt
BU19000904,0.09788349070678518,Woningmarkt_Eigendom,entropy,Woningmarkt
BU19000905,0.1084778991809367,Woningmarkt_Eigendom,entropy,Woningmarkt
BU19000906,0.11599816549426359,Woningmarkt_Eigendom,entropy,Woningmarkt
BU19000907,0.1358226686887865,Woningmarkt_Eigendom,entropy,Woningmarkt
BU19000908,0.15711584583444385,Woningmarkt_Eigendom,entropy,Woningmarkt
BU19000909,0.11384332591729071,Woningmarkt_Eigendom,entropy,Woningmarkt
WK190010,0.13044384113651358,Woningmarkt_Eigendom,entropy,Woningmarkt
BU19001000,0.11128729111372958,Woningmarkt_Eigendom,entropy,Woningmarkt
BU19001001,0.1450872987571332,Woningmarkt_Eigendom,entropy,Woningmarkt
BU19001002,0.10690836961525649,Woningmarkt_Eigendom,entropy,Woningmarkt
BU19001003,0.11839446343322972,Woningmarkt_Eigendom,entropy,Woningmarkt
BU19001007,0.12686891050638688,Woningmarkt_Eigendom,entropy,Woningmarkt
BU19001008,0.1260438572527173,Woningmarkt_Eigendom,entropy,Woningmarkt
WK190011,0.1600767983487911,Woningmarkt_Eigendom,entropy,Woningmarkt
BU19001100,0.17233853635026458,Woningmarkt_Eigendom,entropy,Woningmarkt
BU19001101,0.11686215115976459,Woningmarkt_Eigendom,entropy,Woningmarkt
BU19001108,0.15210131323248366,Woningmarkt_Eigendom,entropy,Woningmarkt
BU19001109,0.11599816549426359,Woningmarkt_Eigendom,entropy,Woningmarkt
WK190012,0.1474573874979775,Woningmarkt_Eigendom,entropy,Woningmarkt
BU19001200,0.15192915447276722,Woningmarkt_Eigendom,entropy,Woningmarkt
BU19001201,0.13224322761946067,Woningmarkt_Eigendom,entropy,Woningmarkt
BU19001202,0.12598253232055193,Woningmarkt_Eigendom,entropy,Woningmarkt
BU19001203,0.11839446343322972,Woningmarkt_Eigendom,entropy,Woningmarkt
BU19001204,0.1313446770356957,Woningmarkt_Eigendom,entropy,Woningmarkt
BU19001208,0.11677792461832076,Woningmarkt_Eigendom,entropy,Woningmarkt
BU19001209,0.16326901404811583,Woningmarkt_Eigendom,entropy,Woningmarkt
WK190013,0.16361413917923467,Woningmarkt_Eigendom,entropy,Woningmarkt
BU19001300,0.20830521041684286,Woningmarkt_Eigendom,entropy,Woningmarkt
BU19001301,0.1218338046914281,Woningmarkt_Eigendom,entropy,Woningmarkt
BU19001302,0.1296371598597671,Woningmarkt_Eigendom,entropy,Woningmarkt
BU19001303,0.13944250107435124,Woningmarkt_Eigendom,entropy,Woningmarkt
BU19001306,0.10715532842712759,Woningmarkt_Eigendom,entropy,Woningmarkt
BU19001307,0.112022886214826,Woningmarkt_Eigendom,entropy,Woningmarkt
BU19001308,0.10669042956566704,Woningmarkt_Eigendom,entropy,Woningmarkt
BU19001309,0.15252235111524298,Woningmarkt_Eigendom,entropy,Woningmarkt
WK190014,0.11221460729378183,Woningmarkt_Eigendom,entropy,Woningmarkt
BU19001400,0.12440145862831042,Woningmarkt_Eigendom,entropy,Woningmarkt
BU19001401,0.1209032637403529,Woningmarkt_Eigendom,entropy,Woningmarkt
BU19001402,0.09329485671365204,Woningmarkt_Eigendom,entropy,Woningmarkt
BU19001403,0.12315723849189938,Woningmarkt_Eigendom,entropy,Woningmarkt
BU19001404,0.09596525844189512,Woningmarkt_Eigendom,entropy,Woningmarkt
BU19001405,0.10104151438497144,Woningmarkt_Eigendom,entropy,Woningmarkt
BU19001406,0.09802853945831733,Woningmarkt_Eigendom,entropy,Woningmarkt
BU19001407,0.10486998986320233,Woningmarkt_Eigendom,entropy,Woningmarkt
BU19001408,0.14791623043117955,Woningmarkt_Eigendom,entropy,Woningmarkt
BU19001409,0.12160956146029887,Woningmarkt_Eigendom,entropy,Woningmarkt
WK190015,0.11836789539493756,Woningmarkt_Eigendom,entropy,Woningmarkt
BU19001500,0.12619657444702587,Woningmarkt_Eigendom,entropy,Woningmarkt
BU19001501,0.11958881796475448,Woningmarkt_Eigendom,entropy,Woningmarkt
BU19001502,0.12006642454599328,Woningmarkt_Eigendom,entropy,Woningmarkt
BU19001503,0.14219339411745469,Woningmarkt_Eigendom,entropy,Woningmarkt
BU19001509,0.07073835173424722,Woningmarkt_Eigendom,entropy,Woningmarkt
WK190016,0.11556957024816066,Woningmarkt_Eigendom,entropy,Woningmarkt
BU19001600,0.10408958131079801,Woningmarkt_Eigendom,entropy,Woningmarkt
BU19001601,0.1155153252898315,Woningmarkt_Eigendom,entropy,Woningmarkt
BU19001602,0.12239796526298993,Woningmarkt_Eigendom,entropy,Woningmarkt
BU19001603,0.09575735106964234,Woningmarkt_Eigendom,entropy,Woningmarkt
BU19001604,0.13009630290827562,Woningmarkt_Eigendom,entropy,Woningmarkt
BU19001606,0.1199666926615397,Woningmarkt_Eigendom,entropy,Woningmarkt
BU19001607,0.14430448160003173,Woningmarkt_Eigendom,entropy,Woningmarkt
BU19001608,0.11917578256644967,Woningmarkt_Eigendom,entropy,Woningmarkt
WK190017,0.20235316514846813,Woningmarkt_Eigendom,entropy,Woningmarkt
BU19001700,0.20470380507091296,Woningmarkt_Eigendom,entropy,Woningmarkt
BU19001709,0.14689377983983118,Woningmarkt_Eigendom,entropy,Woningmarkt
WK190018,0.11991554147827042,Woningmarkt_Eigendom,entropy,Woningmarkt
BU19001800,0.13731084772979055,Woningmarkt_Eigendom,entropy,Woningmarkt
BU19001801,0.12208651931625127,Woningmarkt_Eigendom,entropy,Woningmarkt
BU19001802,0.11885932403491306,Woningmarkt_Eigendom,entropy,Woningmarkt
BU19001803,0.11180752351997633,Woningmarkt_Eigendom,entropy,Woningmarkt
BU19001804,0.10434822475467956,Woningmarkt_Eigendom,entropy,Woningmarkt
BU19001808,0.15662432269160065,Woningmarkt_Eigendom,entropy,Woningmarkt
BU19001809,0.12117435066482313,Woningmarkt_Eigendom,entropy,Woningmarkt
WK190019,0.1314992517971168,Woningmarkt_Eigendom,entropy,Woningmarkt
BU19001900,0.11759874885516242,Woningmarkt_Eigendom,entropy,Woningmarkt
BU19001901,0.14424171748217876,Woningmarkt_Eigendom,entropy,Woningmarkt
BU19001902,0.13017818223120578,Woningmarkt_Eigendom,entropy,Woningmarkt
BU19001903,0.14593521715712415,Woningmarkt_Eigendom,entropy,Woningmarkt
BU19001904,0.10910463058782749,Woningmarkt_Eigendom,entropy,Woningmarkt
WK190020,0.1765764500359697,Woningmarkt_Eigendom,entropy,Woningmarkt
BU19002001,0.24081768262438188,Woningmarkt_Eigendom,entropy,Woningmarkt
BU19002002,0.13580501324781363,Woningmarkt_Eigendom,entropy,Woningmarkt
BU19002003,0.12859443961030986,Woningmarkt_Eigendom,entropy,Woningmarkt
BU19002004,0.14184872284585398,Woningmarkt_Eigendom,entropy,Woningmarkt
BU19002005,0.08397472565947978,Woningmarkt_Eigendom,entropy,Woningmarkt
BU19002006,0.1745805475018703,Woningmarkt_Eigendom,entropy,Woningmarkt
BU19002007,0.10408863247020514,Woningmarkt_Eigendom,entropy,Woningmarkt
BU19002008,0.11327577376733708,Woningmarkt_Eigendom,entropy,Woningmarkt
BU19002009,0.1571936848536958,Woningmarkt_Eigendom,entropy,Woningmarkt
BU19002010,0.14142287542401177,Woningmarkt_Eigendom,entropy,Woningmarkt
BU19002011,0.14076333407955588,Woningmarkt_Eigendom,entropy,Woningmarkt
BU19002012,0.10944986813610526,Woningmarkt_Eigendom,entropy,Woningmarkt
BU19002013,0.114901986098447,Woningmarkt_Eigendom,entropy,Woningmarkt
BU19002014,0.12404334035414807,Woningmarkt_Eigendom,entropy,Woningmarkt
BU19002015,0.11138996915175275,Woningmarkt_Eigendom,entropy,Woningmarkt
BU19002016,0.13055725302186513,Woningmarkt_Eigendom,entropy,Woningmarkt
BU19002017,0.1324152274613012,Woningmarkt_Eigendom,entropy,Woningmarkt
BU19002018,0.13432830508355456,Woningmarkt_Eigendom,entropy,Woningmarkt
BU19002019,0.1041082103418939,Woningmarkt_Eigendom,entropy,Woningmarkt
GM0093,0.24813505374049624,Woningmarkt_Eigendom,entropy,Woningmarkt
WK009300,0.2559915629687328,Woningmarkt_Eigendom,entropy,Woningmarkt
BU00930000,0.25376778262789484,Woningmarkt_Eigendom,entropy,Woningmarkt
BU00930002,0.3528133640517136,Woningmarkt_Eigendom,entropy,Woningmarkt
WK009301,0.25173985066481785,Woningmarkt_Eigendom,entropy,Woningmarkt
BU00930110,0.2568100399870608,Woningmarkt_Eigendom,entropy,Woningmarkt
BU00930111,0.22836221280910657,Woningmarkt_Eigendom,entropy,Woningmarkt
BU00930112,0.13362992110612035,Woningmarkt_Eigendom,entropy,Woningmarkt
WK009302,0.23772734012158458,Woningmarkt_Eigendom,entropy,Woningmarkt
BU00930213,0.23057444376996092,Woningmarkt_Eigendom,entropy,Woningmarkt
BU00930214,0.24761340231930432,Woningmarkt_Eigendom,entropy,Woningmarkt
BU00930215,0.14219339411745469,Woningmarkt_Eigendom,entropy,Woningmarkt
WK009303,0.16720860950965072,Woningmarkt_Eigendom,entropy,Woningmarkt
BU00930316,0.16387917605145996,Woningmarkt_Eigendom,entropy,Woningmarkt
BU00930317,0.14219339411745469,Woningmarkt_Eigendom,entropy,Woningmarkt
WK009304,0.2152885812477785,Woningmarkt_Eigendom,entropy,Woningmarkt
BU00930418,0.12425889347121648,Woningmarkt_Eigendom,entropy,Woningmarkt
BU00930419,0.21633648283207627,Woningmarkt_Eigendom,entropy,Woningmarkt
BU00930420,0.19085290524399345,Woningmarkt_Eigendom,entropy,Woningmarkt
WK009305,0.2869260780075924,Woningmarkt_Eigendom,entropy,Woningmarkt
BU00930521,0.28262315096580815,Woningmarkt_Eigendom,entropy,Woningmarkt
BU00930522,0.14219339411745469,Woningmarkt_Eigendom,entropy,Woningmarkt
BU00930523,0.1631564054425665,Woningmarkt_Eigendom,entropy,Woningmarkt
GM0737,0.19386910299899676,Woningmarkt_Eigendom,entropy,Woningmarkt
WK073700,0.24013688733911934,Woningmarkt_Eigendom,entropy,Woningmarkt
BU07370000,0.24584234815810427,Woningmarkt_Eigendom,entropy,Woningmarkt
BU07370009,0.12084778193899046,Woningmarkt_Eigendom,entropy,Woningmarkt
WK073701,0.23212813109092653,Woningmarkt_Eigendom,entropy,Woningmarkt
BU07370100,0.17298256356723676,Woningmarkt_Eigendom,entropy,Woningmarkt
BU07370101,0.2526646358029411,Woningmarkt_Eigendom,entropy,Woningmarkt
BU07370102,0.15268285043965873,Woningmarkt_Eigendom,entropy,Woningmarkt
BU07370108,0.13650911548324196,Woningmarkt_Eigendom,entropy,Woningmarkt
BU07370109,0.43188682387907756,Woningmarkt_Eigendom,entropy,Woningmarkt
WK073702,0.16398964964145962,Woningmarkt_Eigendom,entropy,Woningmarkt
BU07370200,0.16605307271572053,Woningmarkt_Eigendom,entropy,Woningmarkt
BU07370201,0.16679643270513483,Woningmarkt_Eigendom,entropy,Woningmarkt
BU07370208,0.11701736713873134,Woningmarkt_Eigendom,entropy,Woningmarkt
BU07370209,0.12467124483242337,Woningmarkt_Eigendom,entropy,Woningmarkt
WK073703,0.1415623375299543,Woningmarkt_Eigendom,entropy,Woningmarkt
BU07370300,0.145010432019001,Woningmarkt_Eigendom,entropy,Woningmarkt
BU07370309,0.11674200367260046,Woningmarkt_Eigendom,entropy,Woningmarkt
WK073704,0.1074651533674601,Woningmarkt_Eigendom,entropy,Woningmarkt
BU07370400,0.08438971018070433,Woningmarkt_Eigendom,entropy,Woningmarkt
BU07370401,0.12320262022258123,Woningmarkt_Eigendom,entropy,Woningmarkt
BU07370408,0.20163211571365575,Woningmarkt_Eigendom,entropy,Woningmarkt
BU07370409,0.1410797926110925,Woningmarkt_Eigendom,entropy,Woningmarkt
WK073705,0.1540202656653377,Woningmarkt_Eigendom,entropy,Woningmarkt
BU07370500,0.16022879900714945,Woningmarkt_Eigendom,entropy,Woningmarkt
BU07370501,0.15796433871254628,Woningmarkt_Eigendom,entropy,Woningmarkt
BU07370508,0.1386460137172433,Woningmarkt_Eigendom,entropy,Woningmarkt
BU07370509,0.13125700414573394,Woningmarkt_Eigendom,entropy,Woningmarkt
WK073706,0.16435059481679382,Woningmarkt_Eigendom,entropy,Woningmarkt
BU07370600,0.18073641950698027,Woningmarkt_Eigendom,entropy,Woningmarkt
BU07370609,0.12478109638934053,Woningmarkt_Eigendom,entropy,Woningmarkt
WK073707,0.16964932341901373,Woningmarkt_Eigendom,entropy,Woningmarkt
BU07370700,0.17816156730167385,Woningmarkt_Eigendom,entropy,Woningmarkt
BU07370701,0.17800445955564986,Woningmarkt_Eigendom,entropy,Woningmarkt
BU07370708,0.12131017450805204,Woningmarkt_Eigendom,entropy,Woningmarkt
BU07370709,0.17302026705425072,Woningmarkt_Eigendom,entropy,Woningmarkt
WK073708,0.17229310086587415,Woningmarkt_Eigendom,entropy,Woningmarkt
BU07370800,0.1749293692364292,Woningmarkt_Eigendom,entropy,Woningmarkt
BU07370809,0.16003498674743516,Woningmarkt_Eigendom,entropy,Woningmarkt
WK073709,0.1724599033718297,Woningmarkt_Eigendom,entropy,Woningmarkt
BU07370900,0.1703565911269287,Woningmarkt_Eigendom,entropy,Woningmarkt
BU07370909,0.1216241267471897,Woningmarkt_Eigendom,entropy,Woningmarkt
GM0096,0.33517344464549387,Woningmarkt_Eigendom,entropy,Woningmarkt
WK009600,0.33517344464549387,Woningmarkt_Eigendom,entropy,Woningmarkt
BU00960000,0.3347535895973101,Woningmarkt_Eigendom,entropy,Woningmarkt
BU00960009,0.2334409977425427,Woningmarkt_Eigendom,entropy,Woningmarkt
GM1949,0.19569544057225222,Woningmarkt_Eigendom,entropy,Woningmarkt
WK194915,0.1390138365522287,Woningmarkt_Eigendom,entropy,Woningmarkt
BU19491500,0.17301579889098,Woningmarkt_Eigendom,entropy,Woningmarkt
BU19491501,0.1380903518117389,Woningmarkt_Eigendom,entropy,Woningmarkt
WK194916,0.2569053262570872,Woningmarkt_Eigendom,entropy,Woningmarkt
BU19491600,0.11672242580091172,Woningmarkt_Eigendom,entropy,Woningmarkt
BU19491601,0.1539544305778658,Woningmarkt_Eigendom,entropy,Woningmarkt
BU19491602,0.3951464505201806,Woningmarkt_Eigendom,entropy,Woningmarkt
BU19491603,0.11949156893217298,Woningmarkt_Eigendom,entropy,Woningmarkt
BU19491604,0.23528911434455166,Woningmarkt_Eigendom,entropy,Woningmarkt
BU19491605,0.28902077080868427,Woningmarkt_Eigendom,entropy,Woningmarkt
BU19491606,0.12310829383587474,Woningmarkt_Eigendom,entropy,Woningmarkt
WK194917,0.09405663623496047,Woningmarkt_Eigendom,entropy,Woningmarkt
BU19491700,0.09405663623496047,Woningmarkt_Eigendom,entropy,Woningmarkt
WK194918,0.1698602072580178,Woningmarkt_Eigendom,entropy,Woningmarkt
BU19491800,0.09938909288411943,Woningmarkt_Eigendom,entropy,Woningmarkt
BU19491801,0.1693195999982196,Woningmarkt_Eigendom,entropy,Woningmarkt
BU19491802,0.17584061643149307,Woningmarkt_Eigendom,entropy,Woningmarkt
BU19491803,0.12310829383587474,Woningmarkt_Eigendom,entropy,Woningmarkt
BU19491804,0.11989948538089462,Woningmarkt_Eigendom,entropy,Woningmarkt
WK194919,0.13864227483787478,Woningmarkt_Eigendom,entropy,Woningmarkt
BU19491900,0.11430822477875127,Woningmarkt_Eigendom,entropy,Woningmarkt
BU19491901,0.14025847180028028,Woningmarkt_Eigendom,entropy,Woningmarkt
WK194920,0.13262522601431243,Woningmarkt_Eigendom,entropy,Woningmarkt
BU19492000,0.11947266322629754,Woningmarkt_Eigendom,entropy,Woningmarkt
BU19492001,0.1403446106789628,Woningmarkt_Eigendom,entropy,Woningmarkt
WK194921,0.22949398059333384,Woningmarkt_Eigendom,entropy,Woningmarkt
BU19492100,0.22949398059333384,Woningmarkt_Eigendom,entropy,Woningmarkt
WK194922,0.1125236677622296,Woningmarkt_Eigendom,entropy,Woningmarkt
BU19492200,0.14219339411745469,Woningmarkt_Eigendom,entropy,Woningmarkt
WK194923,0.153073548221857,Woningmarkt_Eigendom,entropy,Woningmarkt
BU19492300,0.14219339411745469,Woningmarkt_Eigendom,entropy,Woningmarkt
BU19492301,0.15655522870000402,Woningmarkt_Eigendom,entropy,Woningmarkt
WK194924,0.11733058365745563,Woningmarkt_Eigendom,entropy,Woningmarkt
BU19492400,0.12771585662525808,Woningmarkt_Eigendom,entropy,Woningmarkt
BU19492401,0.11800297477952847,Woningmarkt_Eigendom,entropy,Woningmarkt
WK194925,0.1720112556672694,Woningmarkt_Eigendom,entropy,Woningmarkt
BU19492500,0.1739453154452842,Woningmarkt_Eigendom,entropy,Woningmarkt
BU19492501,0.17344556836848934,Woningmarkt_Eigendom,entropy,Woningmarkt
WK194926,0.16837314580764923,Woningmarkt_Eigendom,entropy,Woningmarkt
BU19492600,0.17567585713400513,Woningmarkt_Eigendom,entropy,Woningmarkt
BU19492601,0.1451074506896136,Woningmarkt_Eigendom,entropy,Woningmarkt
BU19492602,0.2586525540527218,Woningmarkt_Eigendom,entropy,Woningmarkt
BU19492603,0.08555238760258707,Woningmarkt_Eigendom,entropy,Woningmarkt
BU19492604,0.1208155136561557,Woningmarkt_Eigendom,entropy,Woningmarkt
WK194927,0.14963192566439276,Woningmarkt_Eigendom,entropy,Woningmarkt
BU19492700,0.14963192566439276,Woningmarkt_Eigendom,entropy,Woningmarkt
WK194928,0.23477660051381208,Woningmarkt_Eigendom,entropy,Woningmarkt
BU19492800,0.11947266322629754,Woningmarkt_Eigendom,entropy,Woningmarkt
BU19492801,0.1119809133711682,Woningmarkt_Eigendom,entropy,Woningmarkt
BU19492802,0.42587760810497377,Woningmarkt_Eigendom,entropy,Woningmarkt
BU19492803,0.1743454238717366,Woningmarkt_Eigendom,entropy,Woningmarkt
BU19492804,0.29121760625936677,Woningmarkt_Eigendom,entropy,Woningmarkt
BU19492805,0.09585749806573643,Woningmarkt_Eigendom,entropy,Woningmarkt
BU19492806,0.12021353165490274,Woningmarkt_Eigendom,entropy,Woningmarkt
BU19492807,0.11675979428834801,Woningmarkt_Eigendom,entropy,Woningmarkt
BU19492808,0.2021059567233221,Woningmarkt_Eigendom,entropy,Woningmarkt
BU19492809,0.2354913307674557,Woningmarkt_Eigendom,entropy,Woningmarkt
BU19492810,0.338660832964302,Woningmarkt_Eigendom,entropy,Woningmarkt
BU19492811,0.33332250952533077,Woningmarkt_Eigendom,entropy,Woningmarkt
BU19492812,0.09320603299163643,Woningmarkt_Eigendom,entropy,Woningmarkt
BU19492813,0.20936856257402425,Woningmarkt_Eigendom,entropy,Woningmarkt
BU19492814,0.17751621557262415,Woningmarkt_Eigendom,entropy,Woningmarkt
BU19492815,0.06938281089324305,Woningmarkt_Eigendom,entropy,Woningmarkt
BU19492816,0.10562262950090766,Woningmarkt_Eigendom,entropy,Woningmarkt
BU19492817,0.07486370787232595,Woningmarkt_Eigendom,entropy,Woningmarkt
WK194929,0.1689948891622235,Woningmarkt_Eigendom,entropy,Woningmarkt
BU19492900,0.1689948891622235,Woningmarkt_Eigendom,entropy,Woningmarkt
WK194930,0.17067148600792167,Woningmarkt_Eigendom,entropy,Woningmarkt
BU19493000,0.17067148600792167,Woningmarkt_Eigendom,entropy,Woningmarkt
WK194931,0.07227661812159358,Woningmarkt_Eigendom,entropy,Woningmarkt
BU19493100,0.14219339411745469,Woningmarkt_Eigendom,entropy,Woningmarkt
BU19493101,0.06545418841891809,Woningmarkt_Eigendom,entropy,Woningmarkt
WK194932,0.17255083558323603,Woningmarkt_Eigendom,entropy,Woningmarkt
BU19493200,0.11778108598206802,Woningmarkt_Eigendom,entropy,Woningmarkt
BU19493201,0.22626367826660113,Woningmarkt_Eigendom,entropy,Woningmarkt
BU19493202,0.16335057145468532,Woningmarkt_Eigendom,entropy,Woningmarkt
WK194933,0.11402536988753717,Woningmarkt_Eigendom,entropy,Woningmarkt
BU19493300,0.14219339411745469,Woningmarkt_Eigendom,entropy,Woningmarkt
WK194934,0.16425814295568,Woningmarkt_Eigendom,entropy,Woningmarkt
BU19493400,0.13133271254407153,Woningmarkt_Eigendom,entropy,Woningmarkt
BU19493401,0.16861645729595903,Woningmarkt_Eigendom,entropy,Woningmarkt
WK194935,0.21109547907070744,Woningmarkt_Eigendom,entropy,Woningmarkt
BU19493500,0.11672242580091172,Woningmarkt_Eigendom,entropy,Woningmarkt
BU19493501,0.12763826376272516,Woningmarkt_Eigendom,entropy,Woningmarkt
BU19493502,0.2635393789042276,Woningmarkt_Eigendom,entropy,Woningmarkt
BU19493503,0.13541874418873015,Woningmarkt_Eigendom,entropy,Woningmarkt
WK194936,0.16995535147020538,Woningmarkt_Eigendom,entropy,Woningmarkt
BU19493600,0.11523300991687443,Woningmarkt_Eigendom,entropy,Woningmarkt
BU19493601,0.11989948538089462,Woningmarkt_Eigendom,entropy,Woningmarkt
BU19493602,0.13598379004628483,Woningmarkt_Eigendom,entropy,Woningmarkt
BU19493603,0.20362191218676584,Woningmarkt_Eigendom,entropy,Woningmarkt
WK194937,0.12133296540719846,Woningmarkt_Eigendom,entropy,Woningmarkt
BU19493700,0.12133296540719846,Woningmarkt_Eigendom,entropy,Woningmarkt
WK194938,0.15425031226438998,Woningmarkt_Eigendom,entropy,Woningmarkt
BU19493800,0.12432064314230719,Woningmarkt_Eigendom,entropy,Woningmarkt
BU19493801,0.1610253974738285,Woningmarkt_Eigendom,entropy,Woningmarkt
WK194939,0.12818503235110323,Woningmarkt_Eigendom,entropy,Woningmarkt
BU19493900,0.10683886989559097,Woningmarkt_Eigendom,entropy,Woningmarkt
BU19493901,0.13711727333978588,Woningmarkt_Eigendom,entropy,Woningmarkt
WK194940,0.1298159366582383,Woningmarkt_Eigendom,entropy,Woningmarkt
BU19494000,0.1298159366582383,Woningmarkt_Eigendom,entropy,Woningmarkt
WK194941,0.13743139432896614,Woningmarkt_Eigendom,entropy,Woningmarkt
BU19494100,0.13743139432896614,Woningmarkt_Eigendom,entropy,Woningmarkt
WK194942,0.15415252950285616,Woningmarkt_Eigendom,entropy,Woningmarkt
BU19494200,0.14069419828454607,Woningmarkt_Eigendom,entropy,Woningmarkt
BU19494201,0.15334015596775769,Woningmarkt_Eigendom,entropy,Woningmarkt
WK194943,0.13591017282870566,Woningmarkt_Eigendom,entropy,Woningmarkt
BU19494300,0.13591017282870566,Woningmarkt_Eigendom,entropy,Woningmarkt
WK194944,0.21520910433080798,Woningmarkt_Eigendom,entropy,Woningmarkt
BU19494400,0.14580846277095985,Woningmarkt_Eigendom,entropy,Woningmarkt
BU19494401,0.2266201680266166,Woningmarkt_Eigendom,entropy,Woningmarkt
BU19494402,0.11996168007674174,Woningmarkt_Eigendom,entropy,Woningmarkt
BU19494403,0.11839446343322972,Woningmarkt_Eigendom,entropy,Woningmarkt
WK194945,0.11049932717220914,Woningmarkt_Eigendom,entropy,Woningmarkt
BU19494500,0.11049932717220914,Woningmarkt_Eigendom,entropy,Woningmarkt
WK194946,0.1041082103418939,Woningmarkt_Eigendom,entropy,Woningmarkt
BU19494600,0.1041082103418939,Woningmarkt_Eigendom,entropy,Woningmarkt
WK194947,0.13623163414414874,Woningmarkt_Eigendom,entropy,Woningmarkt
BU19494700,0.13810414791209744,Woningmarkt_Eigendom,entropy,Woningmarkt
BU19494701,0.13690402526622156,Woningmarkt_Eigendom,entropy,Woningmarkt
WK194948,0.21681996059190195,Woningmarkt_Eigendom,entropy,Woningmarkt
BU19494800,0.11460510543859914,Woningmarkt_Eigendom,entropy,Woningmarkt
BU19494801,0.23238495383009167,Woningmarkt_Eigendom,entropy,Woningmarkt
WK194949,0.1815983460243828,Woningmarkt_Eigendom,entropy,Woningmarkt
BU19494900,0.13877487617547848,Woningmarkt_Eigendom,entropy,Woningmarkt
BU19494901,0.15107182542852216,Woningmarkt_Eigendom,entropy,Woningmarkt
BU19494902,0.22279447189458645,Woningmarkt_Eigendom,entropy,Woningmarkt
WK194950,0.17344454102465784,Woningmarkt_Eigendom,entropy,Woningmarkt
BU19495000,0.1179491041836807,Woningmarkt_Eigendom,entropy,Woningmarkt
BU19495001,0.18497607281640338,Woningmarkt_Eigendom,entropy,Woningmarkt
WK194951,0.11079620783205701,Woningmarkt_Eigendom,entropy,Woningmarkt
BU19495100,0.11079620783205701,Woningmarkt_Eigendom,entropy,Woningmarkt
WK194952,0.14366564977485533,Woningmarkt_Eigendom,entropy,Woningmarkt
BU19495200,0.14366564977485533,Woningmarkt_Eigendom,entropy,Woningmarkt
WK194953,0.1620794064281188,Woningmarkt_Eigendom,entropy,Woningmarkt
BU19495300,0.12404334035414807,Woningmarkt_Eigendom,entropy,Woningmarkt
BU19495301,0.16126182449667512,Woningmarkt_Eigendom,entropy,Woningmarkt
BU19495302,0.11989948538089462,Woningmarkt_Eigendom,entropy,Woningmarkt
WK194954,0.12212113264918312,Woningmarkt_Eigendom,entropy,Woningmarkt
BU19495400,0.11718732466237226,Woningmarkt_Eigendom,entropy,Woningmarkt
BU19495401,0.12103213599947957,Woningmarkt_Eigendom,entropy,Woningmarkt
WK194955,0.11010067850986104,Woningmarkt_Eigendom,entropy,Woningmarkt
BU19495500,0.11010067850986104,Woningmarkt_Eigendom,entropy,Woningmarkt
GM0098,0.21795330182756428,Woningmarkt_Eigendom,entropy,Woningmarkt
WK009800,0.26148806237942956,Woningmarkt_Eigendom,entropy,Woningmarkt
BU00980001,0.12021353165490274,Woningmarkt_Eigendom,entropy,Woningmarkt
BU00980002,0.2196395552617947,Woningmarkt_Eigendom,entropy,Woningmarkt
BU00980003,0.13958787043465623,Woningmarkt_Eigendom,entropy,Woningmarkt
BU00980004,0.21426327217332009,Woningmarkt_Eigendom,entropy,Woningmarkt
BU00980005,0.23024398565314771,Woningmarkt_Eigendom,entropy,Woningmarkt
BU00980006,0.2419453316016923,Woningmarkt_Eigendom,entropy,Woningmarkt
BU00980007,0.19185573632281056,Woningmarkt_Eigendom,entropy,Woningmarkt
BU00980008,0.28093849184578,Woningmarkt_Eigendom,entropy,Woningmarkt
BU00980009,0.1988714309166126,Woningmarkt_Eigendom,entropy,Woningmarkt
BU00980010,0.25773017132055825,Woningmarkt_Eigendom,entropy,Woningmarkt
BU00980011,0.180443815711517,Woningmarkt_Eigendom,entropy,Woningmarkt
BU00980012,0.3360787868793461,Woningmarkt_Eigendom,entropy,Woningmarkt
BU00980013,0.28587476668483397,Woningmarkt_Eigendom,entropy,Woningmarkt
BU00980014,0.5006638857570791,Woningmarkt_Eigendom,entropy,Woningmarkt
BU00980015,0.4035878861707268,Woningmarkt_Eigendom,entropy,Woningmarkt
BU00980016,0.39599074828881403,Woningmarkt_Eigendom,entropy,Woningmarkt
BU00980017,0.0896755890053073,Woningmarkt_Eigendom,entropy,Woningmarkt
BU00980018,0.5905432517483058,Woningmarkt_Eigendom,entropy,Woningmarkt
BU00980019,0.10924301905595162,Woningmarkt_Eigendom,entropy,Woningmarkt
BU00980020,0.09118458276103333,Woningmarkt_Eigendom,entropy,Woningmarkt
BU00980021,0.2270042555454343,Woningmarkt_Eigendom,entropy,Woningmarkt
WK009801,0.12214807753933857,Woningmarkt_Eigendom,entropy,Woningmarkt
BU00980101,0.10715532842712759,Woningmarkt_Eigendom,entropy,Woningmarkt
BU00980102,0.13776492443979255,Woningmarkt_Eigendom,entropy,Woningmarkt
BU00980103,0.12403137586252393,Woningmarkt_Eigendom,entropy,Woningmarkt
BU00980104,0.11674200367260046,Woningmarkt_Eigendom,entropy,Woningmarkt
WK009802,0.13628835833337222,Woningmarkt_Eigendom,entropy,Woningmarkt
BU00980201,0.11736990815087575,Woningmarkt_Eigendom,entropy,Woningmarkt
BU00980202,0.15141498248861635,Woningmarkt_Eigendom,entropy,Woningmarkt
WK009803,0.1270746872577253,Woningmarkt_Eigendom,entropy,Woningmarkt
BU00980301,0.1280935527711092,Woningmarkt_Eigendom,entropy,Woningmarkt
BU00980302,0.12023444274760596,Woningmarkt_Eigendom,entropy,Woningmarkt
BU00980303,0.1103941675913171,Woningmarkt_Eigendom,entropy,Woningmarkt
BU00980304,0.13392689625946885,Woningmarkt_Eigendom,entropy,Woningmarkt
BU00980305,0.1418877742854723,Woningmarkt_Eigendom,entropy,Woningmarkt
WK009804,0.1320736137960579,Woningmarkt_Eigendom,entropy,Woningmarkt
BU00980401,0.13659437658367243,Woningmarkt_Eigendom,entropy,Woningmarkt
BU00980402,0.13240958664468322,Woningmarkt_Eigendom,entropy,Woningmarkt
BU00980403,0.11932422289637361,Woningmarkt_Eigendom,entropy,Woningmarkt
WK009805,0.11735283657158599,Woningmarkt_Eigendom,entropy,Woningmarkt
BU00980501,0.12205488245007068,Woningmarkt_Eigendom,entropy,Woningmarkt
BU00980502,0.11188901117179287,Woningmarkt_Eigendom,entropy,Woningmarkt
WK009806,0.1204760781667978,Woningmarkt_Eigendom,entropy,Woningmarkt
BU00980601,0.1252580542452929,Woningmarkt_Eigendom,entropy,Woningmarkt
BU00980602,0.12039995465681969,Woningmarkt_Eigendom,entropy,Woningmarkt
WK009807,0.151189044003906,Woningmarkt_Eigendom,entropy,Woningmarkt
BU00980701,0.1545052125728393,Woningmarkt_Eigendom,entropy,Woningmarkt
BU00980702,0.11768386039001341,Woningmarkt_Eigendom,entropy,Woningmarkt
WK009808,0.13343885919788512,Woningmarkt_Eigendom,entropy,Woningmarkt
BU00980801,0.15083519279323676,Woningmarkt_Eigendom,entropy,Woningmarkt
BU00980802,0.1065419892357431,Woningmarkt_Eigendom,entropy,Woningmarkt
WK009809,0.12991770466073851,Woningmarkt_Eigendom,entropy,Woningmarkt
BU00980901,0.15335967028484637,Woningmarkt_Eigendom,entropy,Woningmarkt
BU00980902,0.1264771192479973,Woningmarkt_Eigendom,entropy,Woningmarkt
BU00980903,0.11430822477875127,Woningmarkt_Eigendom,entropy,Woningmarkt
WK009810,0.253281103319807,Woningmarkt_Eigendom,entropy,Woningmarkt
BU00981001,0.31183671621383324,Woningmarkt_Eigendom,entropy,Woningmarkt
BU00981002,0.16766144937661945,Woningmarkt_Eigendom,entropy,Woningmarkt
BU00981003,0.34407084848849023,Woningmarkt_Eigendom,entropy,Woningmarkt
BU00981004,0.30120499465574235,Woningmarkt_Eigendom,entropy,Woningmarkt
BU00981005,0.2975968710166323,Woningmarkt_Eigendom,entropy,Woningmarkt
BU00981006,0.12029326138737237,Woningmarkt_Eigendom,entropy,Woningmarkt
BU00981007,0.16745697302291435,Woningmarkt_Eigendom,entropy,Woningmarkt
BU00981008,0.1183014764457825,Woningmarkt_Eigendom,entropy,Woningmarkt
BU00981009,0.10990305956011442,Woningmarkt_Eigendom,entropy,Woningmarkt
WK009811,0.11241635354233356,Woningmarkt_Eigendom,entropy,Woningmarkt
BU00981101,0.12260398837592626,Woningmarkt_Eigendom,entropy,Woningmarkt
BU00981102,0.10213933030950524,Woningmarkt_Eigendom,entropy,Woningmarkt
WK009812,0.185424220707347,Woningmarkt_Eigendom,entropy,Woningmarkt
BU00981201,0.185424220707347,Woningmarkt_Eigendom,entropy,Woningmarkt
WK009813,0.14910325620401482,Woningmarkt_Eigendom,entropy,Woningmarkt
BU00981301,0.1720173222881028,Woningmarkt_Eigendom,entropy,Woningmarkt
BU00981302,0.11841400304514127,Woningmarkt_Eigendom,entropy,Woningmarkt
WK009814,0.13388960788409537,Woningmarkt_Eigendom,entropy,Woningmarkt
BU00981401,0.15245681745208073,Woningmarkt_Eigendom,entropy,Woningmarkt
BU00981402,0.11675656895949127,Woningmarkt_Eigendom,entropy,Woningmarkt
WK009815,0.14163626555541478,Woningmarkt_Eigendom,entropy,Woningmarkt
BU00981501,0.1373517104905536,Woningmarkt_Eigendom,entropy,Woningmarkt
BU00981502,0.1435135715049417,Woningmarkt_Eigendom,entropy,Woningmarkt
GM0059,0.13225795933763848,Woningmarkt_Eigendom,weighted_mean,Woningmarkt
WK005900,0.146676886840132,Woningmarkt_Eigendom,weighted_mean,Woningmarkt
BU00590000,0.15625417700938316,Woningmarkt_Eigendom,weighted_mean,Woningmarkt
BU00590001,0.1445981534469699,Woningmarkt_Eigendom,weighted_mean,Woningmarkt
BU00590002,0.19343163536222713,Woningmarkt_Eigendom,weighted_mean,Woningmarkt
BU00590003,0.2082259158866004,Woningmarkt_Eigendom,weighted_mean,Woningmarkt
BU00590004,0.10488039413887033,Woningmarkt_Eigendom,weighted_mean,Woningmarkt
BU00590005,0.06351019277430503,Woningmarkt_Eigendom,weighted_mean,Woningmarkt
BU00590006,-0.15311867713073826,Woningmarkt_Eigendom,weighted_mean,Woningmarkt
BU00590007,-0.1308956477139015,Woningmarkt_Eigendom,weighted_mean,Woningmarkt
BU00590008,-0.08098429541554371,Woningmarkt_Eigendom,weighted_mean,Woningmarkt
BU00590009,-0.10902662901085886,Woningmarkt_Eigendom,weighted_mean,Woningmarkt
WK005901,0.024786025320237284,Woningmarkt_Eigendom,weighted_mean,Woningmarkt
BU00590100,-0.07403611608142424,Woningmarkt_Eigendom,weighted_mean,Woningmarkt
BU00590102,0.03701532682100749,Woningmarkt_Eigendom,weighted_mean,Woningmarkt
BU00590103,0.05510078154282245,Woningmarkt_Eigendom,weighted_mean,Woningmarkt
BU00590107,-0.07211348554345055,Woningmarkt_Eigendom,weighted_mean,Woningmarkt
BU00590108,-0.10355982195591383,Woningmarkt_Eigendom,weighted_mean,Woningmarkt
BU00590109,-0.10962848872659225,Woningmarkt_Eigendom,weighted_mean,Woningmarkt
WK005902,0.14622418203216486,Woningmarkt_Eigendom,weighted_mean,Woningmarkt
BU00590200,0.18689579313813848,Woningmarkt_Eigendom,weighted_mean,Woningmarkt
BU00590201,0.14559177698774056,Woningmarkt_Eigendom,weighted_mean,Woningmarkt
BU00590202,0.03847957541659426,Woningmarkt_Eigendom,weighted_mean,Woningmarkt
BU00590203,0.12483299616649055,Woningmarkt_Eigendom,weighted_mean,Woningmarkt
BU00590206,0.2138791768529318,Woningmarkt_Eigendom,weighted_mean,Woningmarkt
BU00590207,-0.022811169056639408,Woningmarkt_Eigendom,weighted_mean,Woningmarkt
BU00590208,-0.12329640160558612,Woningmarkt_Eigendom,weighted_mean,Woningmarkt
BU00590209,-0.010767317064956691,Woningmarkt_Eigendom,weighted_mean,Woningmarkt
GM0060,-0.0151948584916447,Woningmarkt_Eigendom,weighted_mean,Woningmarkt
WK006000,-0.0151948584916447,Woningmarkt_Eigendom,weighted_mean,Woningmarkt
BU00600000,0.0002641628891060649,Woningmarkt_Eigendom,weighted_mean,Woningmarkt
BU00600001,-0.0734038927611037,Woningmarkt_Eigendom,weighted_mean,Woningmarkt
BU00600002,0.0042148612518573755,Woningmarkt_Eigendom,weighted_mean,Woningmarkt
BU00600003,0.003853615215341579,Woningmarkt_Eigendom,weighted_mean,Woningmarkt
BU00600007,-0.12499467959304755,Woningmarkt_Eigendom,weighted_mean,Woningmarkt
BU00600008,-0.16588567223083117,Woningmarkt_Eigendom,weighted_mean,Woningmarkt
BU00600009,0.06266837303287581,Woningmarkt_Eigendom,weighted_mean,Woningmarkt
GM1891,0.15965148123194112,Woningmarkt_Eigendom,weighted_mean,Woningmarkt
WK189100,0.11718873408404101,Woningmarkt_Eigendom,weighted_mean,Woningmarkt
BU18910000,0.13950521751038253,Woningmarkt_Eigendom,weighted_mean,Woningmarkt
BU18910001,0.07033559590094385,Woningmarkt_Eigendom,weighted_mean,Woningmarkt
BU18910002,-0.10697499134498183,Woningmarkt_Eigendom,weighted_mean,Woningmarkt
BU18910008,-0.0540009667810893,Woningmarkt_Eigendom,weighted_mean,Woningmarkt
BU18910009,-0.11158599156199929,Woningmarkt_Eigendom,weighted_mean,Woningmarkt
WK189101,0.002674397699923732,Woningmarkt_Eigendom,weighted_mean,Woningmarkt
BU18910100,-0.03896525480979632,Woningmarkt_Eigendom,weighted_mean,Woningmarkt
BU18910101,0.055373481681161345,Woningmarkt_Eigendom,weighted_mean,Woningmarkt
BU18910108,-0.10253038546161448,Woningmarkt_Eigendom,weighted_mean,Woningmarkt
BU18910109,-0.1238910259985979,Woningmarkt_Eigendom,weighted_mean,Woningmarkt
WK189102,0.2438888695850553,Woningmarkt_Eigendom,weighted_mean,Woningmarkt
BU18910200,0.288893739858212,Woningmarkt_Eigendom,weighted_mean,Woningmarkt
BU18910201,0.19980206154984415,Woningmarkt_Eigendom,weighted_mean,Woningmarkt
BU18910202,-0.11629177989028244,Woningmarkt_Eigendom,weighted_mean,Woningmarkt
BU18910208,-0.10833852306817295,Woningmarkt_Eigendom,weighted_mean,Woningmarkt
BU18910209,-0.09433651496028733,Woningmarkt_Eigendom,weighted_mean,Woningmarkt
WK189103,0.003908662460081445,Woningmarkt_Eigendom,weighted_mean,Woningmarkt
BU18910300,0.029045690882479165,Woningmarkt_Eigendom,weighted_mean,Woningmarkt
BU18910301,-0.08178682083498151,Woningmarkt_Eigendom,weighted_mean,Woningmarkt
BU18910309,-0.11645882750472841,Woningmarkt_Eigendom,weighted_mean,Woningmarkt
GM1940,0.05584977338809925,Woningmarkt_Eigendom,weighted_mean,Woningmarkt
WK194001,-0.15637224374481973,Woningmarkt_Eigendom,weighted_mean,Woningmarkt
BU19400101,-0.15637224374481973,Woningmarkt_Eigendom,weighted_mean,Woningmarkt
WK194002,-0.01221336437412364,Woningmarkt_Eigendom,weighted_mean,Woningmarkt
BU19400201,-0.01221336437412364,Woningmarkt_Eigendom,weighted_mean,Woningmarkt
WK194003,0.20012347661655505,Woningmarkt_Eigendom,weighted_mean,Woningmarkt
BU19400301,0.20012347661655505,Woningmarkt_Eigendom,weighted_mean,Woningmarkt
WK194004,-0.02118338167492096,Woningmarkt_Eigendom,weighted_mean,Woningmarkt
BU19400401,-0.02118338167492096,Woningmarkt_Eigendom,weighted_mean,Woningmarkt
WK194005,-0.08423134515913888,Woningmarkt_Eigendom,weighted_mean,Woningmarkt
BU19400501,-0.08423134515913888,Woningmarkt_Eigendom,weighted_mean,Woningmarkt
WK194006,-0.07870321064236906,Woningmarkt_Eigendom,weighted_mean,Woningmarkt
BU19400601,-0.07870321064236906,Woningmarkt_Eigendom,weighted_mean,Woningmarkt
WK194007,-0.015102417074387245,Woningmarkt_Eigendom,weighted_mean,Woningmarkt
BU19400701,0.012736728489095253,Woningmarkt_Eigendom,weighted_mean,Woningmarkt
BU19400702,-0.03960555854883861,Woningmarkt_Eigendom,weighted_mean,Woningmarkt
WK194008,0.0908991833178002,Woningmarkt_Eigendom,weighted_mean,Woningmarkt
BU19400801,0.0908991833178002,Woningmarkt_Eigendom,weighted_mean,Woningmarkt
WK194009,-0.08185785086731712,Woningmarkt_Eigendom,weighted_mean,Woningmarkt
BU19400901,-0.08185785086731712,Woningmarkt_Eigendom,weighted_mean,Woningmarkt
WK194010,-0.07864030196155536,Woningmarkt_Eigendom,weighted_mean,Woningmarkt
BU19401001,-0.07864030196155536,Woningmarkt_Eigendom,weighted_mean,Woningmarkt
WK194011,-0.003974477898662343,Woningmarkt_Eigendom,weighted_mean,Woningmarkt
BU19401101,-0.07860972909269494,Woningmarkt_Eigendom,weighted_mean,Woningmarkt
BU19401102,0.01889030962056925,Woningmarkt_Eigendom,weighted_mean,Woningmarkt
WK194012,-0.11517094209959179,Woningmarkt_Eigendom,weighted_mean,Woningmarkt
BU19401201,-0.052031722452260204,Woningmarkt_Eigendom,weighted_mean,Woningmarkt
WK194013,-0.11325395876114752,Woningmarkt_Eigendom,weighted_mean,Woningmarkt
BU19401301,-0.11325395876114752,Woningmarkt_Eigendom,weighted_mean,Woningmarkt
WK194014,-0.07860972909269494,Woningmarkt_Eigendom,weighted_mean,Woningmarkt
BU19401401,-0.07860972909269494,Woningmarkt_Eigendom,weighted_mean,Woningmarkt
WK194015,-0.0854455402504598,Woningmarkt_Eigendom,weighted_mean,Woningmarkt
BU19401501,-0.0854455402504598,Woningmarkt_Eigendom,weighted_mean,Woningmarkt
WK194016,-0.08555507345269449,Woningmarkt_Eigendom,weighted_mean,Woningmarkt
BU19401601,-0.08555507345269449,Woningmarkt_Eigendom,weighted_mean,Woningmarkt
WK194017,-0.0596683622729542,Woningmarkt_Eigendom,weighted_mean,Woningmarkt
BU19401701,-0.0596683622729542,Woningmarkt_Eigendom,weighted_mean,Woningmarkt
WK194018,0.004088157941747616,Woningmarkt_Eigendom,weighted_mean,Woningmarkt
BU19401801,0.004088157941747616,Woningmarkt_Eigendom,weighted_mean,Woningmarkt
WK194019,0.11346454241514341,Woningmarkt_Eigendom,weighted_mean,Woningmarkt
BU19401901,0.2925224313457819,Woningmarkt_Eigendom,weighted_mean,Woningmarkt
BU19401902,-0.026832188637547577,Woningmarkt_Eigendom,weighted_mean,Woningmarkt
BU19401903,0.11483149619957098,Woningmarkt_Eigendom,weighted_mean,Woningmarkt
BU19401904,0.047314899224232536,Woningmarkt_Eigendom,weighted_mean,Woningmarkt
BU19401905,0.21631855618100054,Woningmarkt_Eigendom,weighted_mean,Woningmarkt
BU19401906,-0.10926353958926927,Woningmarkt_Eigendom,weighted_mean,Woningmarkt
BU19401907,0.11863334408772684,Woningmarkt_Eigendom,weighted_mean,Woningmarkt
BU19401908,-0.034979643881727016,Woningmarkt_Eigendom,weighted_mean,Woningmarkt
BU19401909,-0.17837996057989236,Woningmarkt_Eigendom,weighted_mean,Woningmarkt
BU19401910,0.20769220908291822,Woningmarkt_Eigendom,weighted_mean,Woningmarkt
WK194020,-0.1391956799270837,Woningmarkt_Eigendom,weighted_mean,Woningmarkt
BU19402001,-0.1391956799270837,Woningmarkt_Eigendom,weighted_mean,Woningmarkt
WK194021,-0.004747375704948306,Woningmarkt_Eigendom,weighted_mean,Woningmarkt
BU19402101,-0.004747375704948306,Woningmarkt_Eigendom,weighted_mean,Woningmarkt
WK194022,-0.10388404814714684,Woningmarkt_Eigendom,weighted_mean,Woningmarkt
BU19402201,-0.06161862510184874,Woningmarkt_Eigendom,weighted_mean,Woningmarkt
WK194023,0.03937918089143082,Woningmarkt_Eigendom,weighted_mean,Woningmarkt
BU19402301,-0.08059503601652176,Woningmarkt_Eigendom,weighted_mean,Woningmarkt
BU19402302,-0.29340802867449817,Woningmarkt_Eigendom,weighted_mean,Woningmarkt
BU19402303,0.07328475682465484,Woningmarkt_Eigendom,weighted_mean,Woningmarkt
BU19402304,0.269033410223176,Woningmarkt_Eigendom,weighted_mean,Woningmarkt
BU19402305,-0.11524416964973289,Woningmarkt_Eigendom,weighted_mean,Woningmarkt
BU19402306,0.287569692502618,Woningmarkt_Eigendom,weighted_mean,Woningmarkt
BU19402307,0.4537144964392474,Woningmarkt_Eigendom,weighted_mean,Woningmarkt
BU19402308,-0.185732974889607,Woningmarkt_Eigendom,weighted_mean,Woningmarkt
WK194024,-0.10577850723623668,Woningmarkt_Eigendom,weighted_mean,Woningmarkt
BU19402401,-0.10577850723623668,Woningmarkt_Eigendom,weighted_mean,Woningmarkt
WK194025,-0.14731598436363916,Woningmarkt_Eigendom,weighted_mean,Woningmarkt
BU19402501,-0.14731598436363916,Woningmarkt_Eigendom,weighted_mean,Woningmarkt
WK194026,-0.041373143633783506,Woningmarkt_Eigendom,weighted_mean,Woningmarkt
BU19402601,-0.041373143633783506,Woningmarkt_Eigendom,weighted_mean,Woningmarkt
WK194027,-0.07698566820538384,Woningmarkt_Eigendom,weighted_mean,Woningmarkt
BU19402701,-0.07698566820538384,Woningmarkt_Eigendom,weighted_mean,Woningmarkt
WK194028,0.04337113683529851,Woningmarkt_Eigendom,weighted_mean,Woningmarkt
BU19402801,-0.1209969149377699,Woningmarkt_Eigendom,weighted_mean,Woningmarkt
BU19402802,0.13129866684687447,Woningmarkt_Eigendom,weighted_mean,Woningmarkt
WK194029,-0.07194267974785849,Woningmarkt_Eigendom,weighted_mean,Woningmarkt
BU19402901,-0.07194267974785849,Woningmarkt_Eigendom,weighted_mean,Woningmarkt
WK194030,-0.035298755130644344,Woningmarkt_Eigendom,weighted_mean,Woningmarkt
BU19403001,-0.035298755130644344,Woningmarkt_Eigendom,weighted_mean,Woningmarkt
WK194031,0.04171078134666625,Woningmarkt_Eigendom,weighted_mean,Woningmarkt
BU19403101,0.04171078134666625,Woningmarkt_Eigendom,weighted_mean,Woningmarkt
WK194032,-0.03361178556251955,Woningmarkt_Eigendom,weighted_mean,Woningmarkt
BU19403201,-0.03361178556251955,Woningmarkt_Eigendom,weighted_mean,Woningmarkt
WK194033,-0.12876320866053118,Woningmarkt_Eigendom,weighted_mean,Woningmarkt
BU19403301,-0.12876320866053118,Woningmarkt_Eigendom,weighted_mean,Woningmarkt
WK194034,-0.07760020808329804,Woningmarkt_Eigendom,weighted_mean,Woningmarkt
BU19403401,-0.07760020808329804,Woningmarkt_Eigendom,weighted_mean,Woningmarkt
WK194035,-0.15499603185944777,Woningmarkt_Eigendom,weighted_mean,Woningmarkt
BU19403501,-0.15499603185944777,Woningmarkt_Eigendom,weighted_mean,Woningmarkt
WK194036,-0.1249204624928972,Woningmarkt_Eigendom,weighted_mean,Woningmarkt
BU19403601,-0.1249204624928972,Woningmarkt_Eigendom,weighted_mean,Woningmarkt
WK194037,-0.0021212784837938564,Woningmarkt_Eigendom,weighted_mean,Woningmarkt
BU19403701,-0.0021212784837938564,Woningmarkt_Eigendom,weighted_mean,Woningmarkt
WK194038,-0.049234404956310304,Woningmarkt_Eigendom,weighted_mean,Woningmarkt
BU19403801,-0.049234404956310304,Woningmarkt_Eigendom,weighted_mean,Woningmarkt
WK194039,-0.13201133043515334,Woningmarkt_Eigendom,weighted_mean,Woningmarkt
BU19403901,-0.13201133043515334,Woningmarkt_Eigendom,weighted_mean,Woningmarkt
WK194040,0.011093288845013184,Woningmarkt_Eigendom,weighted_mean,Woningmarkt
BU19404001,0.011093288845013184,Woningmarkt_Eigendom,weighted_mean,Woningmarkt
WK194041,0.0865828758284754,Woningmarkt_Eigendom,weighted_mean,Woningmarkt
BU19404101,0.0865828758284754,Woningmarkt_Eigendom,weighted_mean,Woningmarkt
WK194042,-0.026837120142475558,Woningmarkt_Eigendom,weighted_mean,Woningmarkt
BU19404201,-0.026837120142475558,Woningmarkt_Eigendom,weighted_mean,Woningmarkt
WK194043,-0.011724874152797382,Woningmarkt_Eigendom,weighted_mean,Woningmarkt
BU19404301,-0.011724874152797382,Woningmarkt_Eigendom,weighted_mean,Woningmarkt
WK194044,-0.14517810047080956,Woningmarkt_Eigendom,weighted_mean,Woningmarkt
BU19404401,-0.14517810047080956,Woningmarkt_Eigendom,weighted_mean,Woningmarkt
WK194045,-0.0948804016467043,Woningmarkt_Eigendom,weighted_mean,Woningmarkt
BU19404501,-0.0948804016467043,Woningmarkt_Eigendom,weighted_mean,Woningmarkt
WK194046,0.023731101857811403,Woningmarkt_Eigendom,weighted_mean,Woningmarkt
BU19404601,0.023731101857811403,Woningmarkt_Eigendom,weighted_mean,Woningmarkt
WK194047,-0.08088086627809525,Woningmarkt_Eigendom,weighted_mean,Woningmarkt
BU19404701,-0.08088086627809525,Woningmarkt_Eigendom,weighted_mean,Woningmarkt
WK194048,-0.09462466538911934,Woningmarkt_Eigendom,weighted_mean,Woningmarkt
BU19404801,-0.08414493246503846,Woningmarkt_Eigendom,weighted_mean,Woningmarkt
WK194049,-0.03840695670484449,Woningmarkt_Eigendom,weighted_mean,Woningmarkt
BU19404901,-0.03840695670484449,Woningmarkt_Eigendom,weighted_mean,Woningmarkt
WK194050,-0.07772024448555648,Woningmarkt_Eigendom,weighted_mean,Woningmarkt
BU19405001,-0.07772024448555648,Woningmarkt_Eigendom,weighted_mean,Woningmarkt
WK194051,-0.026278435346757292,Woningmarkt_Eigendom,weighted_mean,Woningmarkt
BU19405101,-0.026278435346757292,Woningmarkt_Eigendom,weighted_mean,Woningmarkt
GM0072,0.12765149084415453,Woningmarkt_Eigendom,weighted_mean,Woningmarkt
WK007200,0.13360878335847923,Woningmarkt_Eigendom,weighted_mean,Woningmarkt
BU00720001,0.174746697069822,Woningmarkt_Eigendom,weighted_mean,Woningmarkt
BU00720002,0.08865616438217816,Woningmarkt_Eigendom,weighted_mean,Woningmarkt
BU00720003,0.6151470479933814,Woningmarkt_Eigendom,weighted_mean,Woningmarkt
BU00720004,0.10938639511279055,Woningmarkt_Eigendom,weighted_mean,Woningmarkt
BU00720005,-0.10279490095527193,Woningmarkt_Eigendom,weighted_mean,Woningmarkt
BU00720006,-0.0006172414503519963,Woningmarkt_Eigendom,weighted_mean,Woningmarkt
BU00720007,-0.1188432435420286,Woningmarkt_Eigendom,weighted_mean,Woningmarkt
BU00720009,-0.06324418926161825,Woningmarkt_Eigendom,weighted_mean,Woningmarkt
WK007201,0.06743749851057845,Woningmarkt_Eigendom,weighted_mean,Woningmarkt
BU00720100,0.10594761128458219,Woningmarkt_Eigendom,weighted_mean,Woningmarkt
BU00720109,-0.10597091517504426,Woningmarkt_Eigendom,weighted_mean,Woningmarkt
WK007202,0.048992338882678094,Woningmarkt_Eigendom,weighted_mean,Woningmarkt
BU00720200,0.0988045195856398,Woningmarkt_Eigendom,weighted_mean,Woningmarkt
BU00720209,-0.059406887933443585,Woningmarkt_Eigendom,weighted_mean,Woningmarkt
GM0074,0.10596020467968525,Woningmarkt_Eigendom,weighted_mean,Woningmarkt
WK007401,0.14231499081523352,Woningmarkt_Eigendom,weighted_mean,Woningmarkt
BU00740100,0.1180311207119143,Woningmarkt_Eigendom,weighted_mean,Woningmarkt
BU00740101,0.3544414314820451,Woningmarkt_Eigendom,weighted_mean,Woningmarkt
BU00740102,0.3213085167017057,Woningmarkt_Eigendom,weighted_mean,Woningmarkt
BU00740103,0.10494321605260634,Woningmarkt_Eigendom,weighted_mean,Woningmarkt
BU00740104,0.1323275390728728,Woningmarkt_Eigendom,weighted_mean,Woningmarkt
BU00740105,-0.21423292161608865,Woningmarkt_Eigendom,weighted_mean,Woningmarkt
BU00740106,0.22860493446944585,Woningmarkt_Eigendom,weighted_mean,Woningmarkt
BU00740107,-0.05510571107881245,Woningmarkt_Eigendom,weighted_mean,Woningmarkt
BU00740108,-0.17218527583936472,Woningmarkt_Eigendom,weighted_mean,Woningmarkt
BU00740109,-0.03363602764343834,Woningmarkt_Eigendom,weighted_mean,Woningmarkt
BU00740110,-0.10084446806551477,Woningmarkt_Eigendom,weighted_mean,Woningmarkt
WK007402,-0.07426729444507585,Woningmarkt_Eigendom,weighted_mean,Woningmarkt
BU00740201,0.001211662694597819,Woningmarkt_Eigendom,weighted_mean,Woningmarkt
BU00740202,-0.12627678643353613,Woningmarkt_Eigendom,weighted_mean,Woningmarkt
BU00740203,-0.06496119082390271,Woningmarkt_Eigendom,weighted_mean,Woningmarkt
BU00740204,-0.1449732722049511,Woningmarkt_Eigendom,weighted_mean,Woningmarkt
BU00740205,-0.10355982195591383,Woningmarkt_Eigendom,weighted_mean,Woningmarkt
WK007403,-0.06677218727039262,Woningmarkt_Eigendom,weighted_mean,Woningmarkt
BU00740301,-0.07623813072345956,Woningmarkt_Eigendom,weighted_mean,Woningmarkt
BU00740302,-0.06257691643905583,Woningmarkt_Eigendom,weighted_mean,Woningmarkt
WK007404,0.08432119735224122,Woningmarkt_Eigendom,weighted_mean,Woningmarkt
BU00740401,0.2823542708180958,Woningmarkt_Eigendom,weighted_mean,Woningmarkt
BU00740402,-0.08747380868345911,Woningmarkt_Eigendom,weighted_mean,Woningmarkt
BU00740403,-0.08220838029296657,Woningmarkt_Eigendom,weighted_mean,Woningmarkt
BU00740404,0.15093803845246523,Woningmarkt_Eigendom,weighted_mean,Woningmarkt
BU00740405,-0.06411524028737633,Woningmarkt_Eigendom,weighted_mean,Woningmarkt
BU00740406,0.08284480532260506,Woningmarkt_Eigendom,weighted_mean,Woningmarkt
BU00740407,-0.07414523526459457,Woningmarkt_Eigendom,weighted_mean,Woningmarkt
WK007406,-0.04905667241773691,Woningmarkt_Eigendom,weighted_mean,Woningmarkt
BU00740601,-0.04905667241773691,Woningmarkt_Eigendom,weighted_mean,Woningmarkt
WK007407,-0.09119800449892608,Woningmarkt_Eigendom,weighted_mean,Woningmarkt
BU00740701,-0.09166136669085118,Woningmarkt_Eigendom,weighted_mean,Woningmarkt
BU00740702,-0.10859225846880526,Woningmarkt_Eigendom,weighted_mean,Woningmarkt
WK007409,0.04578345626939035,Woningmarkt_Eigendom,weighted_mean,Woningmarkt
BU00740901,0.11371584101848853,Woningmarkt_Eigendom,weighted_mean,Woningmarkt
BU00740902,-0.19628565998491107,Woningmarkt_Eigendom,weighted_mean,Woningmarkt
BU00740903,-0.029436430216085177,Woningmarkt_Eigendom,weighted_mean,Woningmarkt
GM0080,0.12438690318603582,Woningmarkt_Eigendom,weighted_mean,Woningmarkt
WK008010,0.2894415604119705,Woningmarkt_Eigendom,weighted_mean,Woningmarkt
BU00801001,0.23494686826490735,Woningmarkt_Eigendom,weighted_mean,Woningmarkt
BU00801002,0.20836723798817908,Woningmarkt_Eigendom,weighted_mean,Woningmarkt
BU00801003,0.2857214142995186,Woningmarkt_Eigendom,weighted_mean,Woningmarkt
BU00801004,0.2627188201685445,Woningmarkt_Eigendom,weighted_mean,Woningmarkt
BU00801005,0.36828299965642797,Woningmarkt_Eigendom,weighted_mean,Woningmarkt
BU00801006,0.41950518242006746,Woningmarkt_Eigendom,weighted_mean,Woningmarkt
BU00801007,0.127472975905084,Woningmarkt_Eigendom,weighted_mean,Woningmarkt
BU00801008,0.31036607480330414,Woningmarkt_Eigendom,weighted_mean,Woningmarkt
WK008011,0.17895783782961544,Woningmarkt_Eigendom,weighted_mean,Woningmarkt
BU00801101,0.07594399318573637,Woningmarkt_Eigendom,weighted_mean,Woningmarkt
BU00801102,0.03197419069179583,Woningmarkt_Eigendom,weighted_mean,Woningmarkt
BU00801103,0.17330990371503002,Woningmarkt_Eigendom,weighted_mean,Woningmarkt
BU00801104,0.6270798801579535,Woningmarkt_Eigendom,weighted_mean,Woningmarkt
BU00801105,0.5777159413698956,Woningmarkt_Eigendom,weighted_mean,Woningmarkt
BU00801106,-0.20589217882034797,Woningmarkt_Eigendom,weighted_mean,Woningmarkt
BU00801107,0.25364278562145176,Woningmarkt_Eigendom,weighted_mean,Woningmarkt
BU00801108,0.11496141681612615,Woningmarkt_Eigendom,weighted_mean,Woningmarkt
BU00801109,0.05765320101010091,Woningmarkt_Eigendom,weighted_mean,Woningmarkt
WK008020,0.23241169046892962,Woningmarkt_Eigendom,weighted_mean,Woningmarkt
BU00802001,0.35862134051056416,Woningmarkt_Eigendom,weighted_mean,Woningmarkt
BU00802002,0.23878840680387747,Woningmarkt_Eigendom,weighted_mean,Woningmarkt
BU00802003,0.21503804289601863,Woningmarkt_Eigendom,weighted_mean,Woningmarkt
BU00802004,0.009992939324086653,Woningmarkt_Eigendom,weighted_mean,Woningmarkt
BU00802005,-0.12226189026763536,Woningmarkt_Eigendom,weighted_mean,Woningmarkt
BU00802006,0.24057695165271098,Woningmarkt_Eigendom,weighted_mean,Woningmarkt
BU00802007,0.41132417852637876,Woningmarkt_Eigendom,weighted_mean,Woningmarkt
BU00802008,0.14200143718459646,Woningmarkt_Eigendom,weighted_mean,Woningmarkt
BU00802009,0.289578453897974,Woningmarkt_Eigendom,weighted_mean,Woningmarkt
WK008030,0.13679688178539282,Woningmarkt_Eigendom,weighted_mean,Woningmarkt
BU00803001,-0.02949617667079242,Woningmarkt_Eigendom,weighted_mean,Woningmarkt
BU00803002,-0.237521637530505,Woningmarkt_Eigendom,weighted_mean,Woningmarkt
BU00803003,0.39692965587969714,Woningmarkt_Eigendom,weighted_mean,Woningmarkt
BU00803004,-0.04465540218591928,Woningmarkt_Eigendom,weighted_mean,Woningmarkt
BU00803005,0.030944073003805334,Woningmarkt_Eigendom,weighted_mean,Woningmarkt
BU00803006,0.4444511720283583,Woningmarkt_Eigendom,weighted_mean,Woningmarkt
BU00803007,-0.1288566902102053,Woningmarkt_Eigendom,weighted_mean,Woningmarkt
WK008031,-0.006491528074856784,Woningmarkt_Eigendom,weighted_mean,Woningmarkt
BU00803101,-0.00811558896216788,Woningmarkt_Eigendom,weighted_mean,Woningmarkt
BU00803102,-0.07239388829724414,Woningmarkt_Eigendom,weighted_mean,Woningmarkt
WK008032,-0.08235067402038851,Woningmarkt_Eigendom,weighted_mean,Woningmarkt
BU00803201,-0.0911105595971816,Woningmarkt_Eigendom,weighted_mean,Woningmarkt
BU00803202,-0.2834192647975844,Woningmarkt_Eigendom,weighted_mean,Woningmarkt
BU00803203,-0.037339528039629075,Woningmarkt_Eigendom,weighted_mean,Woningmarkt
BU00803204,0.30754552980724775,Woningmarkt_Eigendom,weighted_mean,Woningmarkt
WK008040,0.13129661652848212,Woningmarkt_Eigendom,weighted_mean,Woningmarkt
BU00804001,0.2863063409236912,Woningmarkt_Eigendom,weighted_mean,Woningmarkt
BU00804002,-0.1542169592754011,Woningmarkt_Eigendom,weighted_mean,Woningmarkt
BU00804003,-0.2042769572935632,Woningmarkt_Eigendom,weighted_mean,Woningmarkt
BU00804004,0.3788225963965237,Woningmarkt_Eigendom,weighted_mean,Woningmarkt
WK008041,0.21249376977398987,Woningmarkt_Eigendom,weighted_mean,Woningmarkt
BU00804101,0.21086970888667877,Woningmarkt_Eigendom,weighted_mean,Woningmarkt
BU00804102,-0.10685178401495225,Woningmarkt_Eigendom,weighted_mean,Woningmarkt
BU00804103,-0.13752464825491473,Woningmarkt_Eigendom,weighted_mean,Woningmarkt
BU00804104,-0.11804555875526361,Woningmarkt_Eigendom,weighted_mean,Woningmarkt
BU00804105,-0.10703019917499848,Woningmarkt_Eigendom,weighted_mean,Woningmarkt
BU00804106,-0.10544832788034343,Woningmarkt_Eigendom,weighted_mean,Woningmarkt
BU00804107,-0.1188432435420286,Woningmarkt_Eigendom,weighted_mean,Woningmarkt
BU00804108,-0.1188432435420286,Woningmarkt_Eigendom,weighted_mean,Woningmarkt
BU00804109,-0.08849171560509869,Woningmarkt_Eigendom,weighted_mean,Woningmarkt
BU00804110,-0.08414493246503846,Woningmarkt_Eigendom,weighted_mean,Woningmarkt
WK008050,0.436575499287297,Woningmarkt_Eigendom,weighted_mean,Woningmarkt
BU00805001,0.5402193625372982,Woningmarkt_Eigendom,weighted_mean,Woningmarkt
BU00805002,0.33590133594111815,Woningmarkt_Eigendom,weighted_mean,Woningmarkt
BU00805003,-0.03349782046867202,Woningmarkt_Eigendom,weighted_mean,Woningmarkt
WK008051,-0.046031586531121736,Woningmarkt_Eigendom,weighted_mean,Woningmarkt
BU00805101,-0.028177601694827206,Woningmarkt_Eigendom,weighted_mean,Woningmarkt
BU00805102,0.046807361157152616,Woningmarkt_Eigendom,weighted_mean,Woningmarkt
BU00805103,-0.2157135047300533,Woningmarkt_Eigendom,weighted_mean,Woningmarkt
BU00805104,-0.039015969960627,Woningmarkt_Eigendom,weighted_mean,Woningmarkt
BU00805105,-0.26845415093744973,Woningmarkt_Eigendom,weighted_mean,Woningmarkt
WK008060,0.3779886351101123,Woningmarkt_Eigendom,weighted_mean,Woningmarkt
BU00806001,0.41875587304117845,Woningmarkt_Eigendom,weighted_mean,Woningmarkt
BU00806002,-0.26799218802853825,Woningmarkt_Eigendom,weighted_mean,Woningmarkt
BU00806003,0.1410857469452247,Woningmarkt_Eigendom,weighted_mean,Woningmarkt
WK008061,0.42128010345975553,Woningmarkt_Eigendom,weighted_mean,Woningmarkt
BU00806101,0.3660476177260742,Woningmarkt_Eigendom,weighted_mean,Woningmarkt
BU00806102,0.4898841874949514,Woningmarkt_Eigendom,weighted_mean,Woningmarkt
WK008062,-0.06911641301934153,Woningmarkt_Eigendom,weighted_mean,Woningmarkt
BU00806201,-0.0065041531566986804,Woningmarkt_Eigendom,weighted_mean,Woningmarkt
BU00806202,-0.12128625402765758,Woningmarkt_Eigendom,weighted_mean,Woningmarkt
BU00806203,-0.06858664127643606,Woningmarkt_Eigendom,weighted_mean,Woningmarkt
BU00806204,-0.16731309317743143,Woningmarkt_Eigendom,weighted_mean,Woningmarkt
BU00806205,0.16318126972397776,Woningmarkt_Eigendom,weighted_mean,Woningmarkt
BU00806206,-0.1216168996551434,Woningmarkt_Eigendom,weighted_mean,Woningmarkt
BU00806207,0.06659300233740464,Woningmarkt_Eigendom,weighted_mean,Woningmarkt
BU00806208,-0.14918789425288942,Woningmarkt_Eigendom,weighted_mean,Woningmarkt
BU00806209,-0.034711061627183216,Woningmarkt_Eigendom,weighted_mean,Woningmarkt
BU00806210,-0.03401653812947791,Woningmarkt_Eigendom,weighted_mean,Woningmarkt
WK008063,0.0005436940494767395,Woningmarkt_Eigendom,weighted_mean,Woningmarkt
BU00806301,4.7430145570723226e-06,Woningmarkt_Eigendom,weighted_mean,Woningmarkt
BU00806302,-0.09074706263405179,Woningmarkt_Eigendom,weighted_mean,Woningmarkt
BU00806303,-0.1088252503464064,Woningmarkt_Eigendom,weighted_mean,Woningmarkt
BU00806304,-0.07626501381812378,Woningmarkt_Eigendom,weighted_mean,Woningmarkt
BU00806305,0.08649716632965428,Woningmarkt_Eigendom,weighted_mean,Woningmarkt
BU00806306,-0.08178682083498151,Woningmarkt_Eigendom,weighted_mean,Woningmarkt
BU00806307,-0.06572634411950515,Woningmarkt_Eigendom,weighted_mean,Woningmarkt
WK008070,0.051242736479745116,Woningmarkt_Eigendom,weighted_mean,Woningmarkt
BU00807001,-0.019293807227382345,Woningmarkt_Eigendom,weighted_mean,Woningmarkt
BU00807002,0.08780585970946586,Woningmarkt_Eigendom,weighted_mean,Woningmarkt
BU00807003,0.137508919700831,Woningmarkt_Eigendom,weighted_mean,Woningmarkt
BU00807004,0.03652179606091177,Woningmarkt_Eigendom,weighted_mean,Woningmarkt
WK008071,-0.18727065839671841,Woningmarkt_Eigendom,weighted_mean,Woningmarkt
BU00807101,-0.18727065839671841,Woningmarkt_Eigendom,weighted_mean,Woningmarkt
WK008072,-0.15717868237357954,Woningmarkt_Eigendom,weighted_mean,Woningmarkt
BU00807201,-0.025624738565104152,Woningmarkt_Eigendom,weighted_mean,Woningmarkt
BU00807202,-0.16986042884718683,Woningmarkt_Eigendom,weighted_mean,Woningmarkt
BU00807203,-0.16042680414820173,Woningmarkt_Eigendom,weighted_mean,Woningmarkt
WK008073,-0.14243685375428378,Woningmarkt_Eigendom,weighted_mean,Woningmarkt
BU00807301,-0.033443543419851104,Woningmarkt_Eigendom,weighted_mean,Woningmarkt
BU00807302,-0.23976905462556936,Woningmarkt_Eigendom,weighted_mean,Woningmarkt
BU00807303,-0.12828040403047591,Woningmarkt_Eigendom,weighted_mean,Woningmarkt
BU00807304,-0.08414493246503846,Woningmarkt_Eigendom,weighted_mean,Woningmarkt
BU00807305,-0.28423279690164915,Woningmarkt_Eigendom,weighted_mean,Woningmarkt
BU00807306,-0.11844827395024238,Woningmarkt_Eigendom,weighted_mean,Woningmarkt
WK008074,-0.1953014992998759,Woningmarkt_Eigendom,weighted_mean,Woningmarkt
BU00807401,-0.21640705551219852,Woningmarkt_Eigendom,weighted_mean,Woningmarkt
BU00807402,-0.13144047441694867,Woningmarkt_Eigendom,weighted_mean,Woningmarkt
BU00807403,-0.1646175466827915,Woningmarkt_Eigendom,weighted_mean,Woningmarkt
BU00807404,-0.10535820799849625,Woningmarkt_Eigendom,weighted_mean,Woningmarkt
BU00807405,-0.09849444317336933,Woningmarkt_Eigendom,weighted_mean,Woningmarkt
WK008080,0.07411868238094829,Woningmarkt_Eigendom,weighted_mean,Woningmarkt
BU00808001,0.0797597723730608,Woningmarkt_Eigendom,weighted_mean,Woningmarkt
BU00808002,-0.11378386989117031,Woningmarkt_Eigendom,weighted_mean,Woningmarkt
BU00808003,-0.05700123955377235,Woningmarkt_Eigendom,weighted_mean,Woningmarkt
BU00808004,0.0854779097180898,Woningmarkt_Eigendom,weighted_mean,Woningmarkt
BU00808005,-0.02102405103098917,Woningmarkt_Eigendom,weighted_mean,Woningmarkt
BU00808006,-0.08414493246503846,Woningmarkt_Eigendom,weighted_mean,Woningmarkt
BU00808007,0.0868542443125288,Woningmarkt_Eigendom,weighted_mean,Woningmarkt
BU00808008,0.007585247173623383,Woningmarkt_Eigendom,weighted_mean,Woningmarkt
WK008081,-0.050294414319470036,Woningmarkt_Eigendom,weighted_mean,Woningmarkt
BU00808101,-0.04176414891802684,Woningmarkt_Eigendom,weighted_mean,Woningmarkt
BU00808102,-0.15577761935180795,Woningmarkt_Eigendom,weighted_mean,Woningmarkt
BU00808103,-0.08063051285014072,Woningmarkt_Eigendom,weighted_mean,Woningmarkt
BU00808104,-0.12886327225213104,Woningmarkt_Eigendom,weighted_mean,Woningmarkt
BU00808105,0.1352460611361026,Woningmarkt_Eigendom,weighted_mean,Woningmarkt
BU00808106,-0.05359875032688517,Woningmarkt_Eigendom,weighted_mean,Woningmarkt
BU00808107,-0.12979264515483047,Woningmarkt_Eigendom,weighted_mean,Woningmarkt
BU00808108,-0.0760497132607587,Woningmarkt_Eigendom,weighted_mean,Woningmarkt
BU00808109,-0.00966255156279285,Woningmarkt_Eigendom,weighted_mean,Woningmarkt
BU00808110,-0.055384413989182826,Woningmarkt_Eigendom,weighted_mean,Woningmarkt
BU00808111,-0.12872366506602584,Woningmarkt_Eigendom,weighted_mean,Woningmarkt
BU00808112,-0.08673003352925039,Woningmarkt_Eigendom,weighted_mean,Woningmarkt
BU00808113,-0.17310855062180902,Woningmarkt_Eigendom,weighted_mean,Woningmarkt
BU00808114,-0.08414493246503846,Woningmarkt_Eigendom,weighted_mean,Woningmarkt
BU00808115,-0.07194267974785849,Woningmarkt_Eigendom,weighted_mean,Woningmarkt
BU00808116,-0.03628368483877151,Woningmarkt_Eigendom,weighted_mean,Woningmarkt
BU00808117,-0.06036719723910495,Woningmarkt_Eigendom,weighted_mean,Woningmarkt
WK008082,0.06972974985567307,Woningmarkt_Eigendom,weighted_mean,Woningmarkt
BU00808201,0.03539454246705005,Woningmarkt_Eigendom,weighted_mean,Woningmarkt
BU00808202,-0.06256152815839161,Woningmarkt_Eigendom,weighted_mean,Woningmarkt
BU00808203,-0.11378386989117031,Woningmarkt_Eigendom,weighted_mean,Woningmarkt
BU00808204,-0.18816535554835562,Woningmarkt_Eigendom,weighted_mean,Woningmarkt
BU00808205,-0.15193487318417387,Woningmarkt_Eigendom,weighted_mean,Woningmarkt
BU00808206,0.10125164757096147,Woningmarkt_Eigendom,weighted_mean,Woningmarkt
BU00808207,-0.12578285137275058,Woningmarkt_Eigendom,weighted_mean,Woningmarkt
BU00808208,0.03852929474726512,Woningmarkt_Eigendom,weighted_mean,Woningmarkt
BU00808209,-0.13517320598282295,Woningmarkt_Eigendom,weighted_mean,Woningmarkt
GM1970,0.0880398891013406,Woningmarkt_Eigendom,weighted_mean,Woningmarkt
WK197000,0.19720945007082463,Woningmarkt_Eigendom,weighted_mean,Woningmarkt
BU19700000,0.13840424034767745,Woningmarkt_Eigendom,weighted_mean,Woningmarkt
BU19700001,0.22238821793400276,Woningmarkt_Eigendom,weighted_mean,Woningmarkt
BU19700002,0.5134917957407298,Woningmarkt_Eigendom,weighted_mean,Woningmarkt
BU19700003,0.28657809588663957,Woningmarkt_Eigendom,weighted_mean,Woningmarkt
BU19700004,-0.11298277221306942,Woningmarkt_Eigendom,weighted_mean,Woningmarkt
BU19700005,0.3672168013527432,Woningmarkt_Eigendom,weighted_mean,Woningmarkt
BU19700006,-0.27072827728090415,Woningmarkt_Eigendom,weighted_mean,Woningmarkt
BU19700007,-0.05494390769560411,Woningmarkt_Eigendom,weighted_mean,Woningmarkt
BU19700008,-0.031107470628844936,Woningmarkt_Eigendom,weighted_mean,Woningmarkt
BU19700009,0.1930649720264216,Woningmarkt_Eigendom,weighted_mean,Woningmarkt
BU19700010,-0.20704678164089602,Woningmarkt_Eigendom,weighted_mean,Woningmarkt
BU19700011,-0.07571561803186691,Woningmarkt_Eigendom,weighted_mean,Woningmarkt
WK197001,0.004298431047065358,Woningmarkt_Eigendom,weighted_mean,Woningmarkt
BU19700100,0.06639558660888942,Woningmarkt_Eigendom,weighted_mean,Woningmarkt
BU19700101,-0.08414493246503846,Woningmarkt_Eigendom,weighted_mean,Woningmarkt
BU19700102,-0.11325196352309413,Woningmarkt_Eigendom,weighted_mean,Woningmarkt
BU19700103,-0.11739478244935352,Woningmarkt_Eigendom,weighted_mean,Woningmarkt
BU19700104,0.0003365895059942031,Woningmarkt_Eigendom,weighted_mean,Woningmarkt
BU19700105,-0.10844468478002796,Woningmarkt_Eigendom,weighted_mean,Woningmarkt
BU19700107,-0.08178682083498151,Woningmarkt_Eigendom,weighted_mean,Woningmarkt
BU19700108,-0.08849171560509869,Woningmarkt_Eigendom,weighted_mean,Woningmarkt
BU19700109,0.13838648534184517,Woningmarkt_Eigendom,weighted_mean,Woningmarkt
WK197002,-0.05974967284840947,Woningmarkt_Eigendom,weighted_mean,Woningmarkt
BU19700200,-0.04521216330701013,Woningmarkt_Eigendom,weighted_mean,Woningmarkt
BU19700201,-0.07326843081963699,Woningmarkt_Eigendom,weighted_mean,Woningmarkt
BU19700202,-0.25738722430808064,Woningmarkt_Eigendom,weighted_mean,Woningmarkt
BU19700208,-0.0510133741705872,Woningmarkt_Eigendom,weighted_mean,Woningmarkt
BU19700209,-0.01777592925636698,Woningmarkt_Eigendom,weighted_mean,Woningmarkt
WK197003,-0.005476479605492177,Woningmarkt_Eigendom,weighted_mean,Woningmarkt
BU19700300,0.02879960482363279,Woningmarkt_Eigendom,weighted_mean,Woningmarkt
BU19700301,0.03691940007222626,Woningmarkt_Eigendom,weighted_mean,Woningmarkt
BU19700302,-0.124916704311751,Woningmarkt_Eigendom,weighted_mean,Woningmarkt
BU19700303,-0.2426271477662061,Woningmarkt_Eigendom,weighted_mean,Woningmarkt
BU19700307,-0.02778082374435359,Woningmarkt_Eigendom,weighted_mean,Woningmarkt
BU19700308,-0.10316299955844062,Woningmarkt_Eigendom,weighted_mean,Woningmarkt
BU19700309,-0.06305722616226996,Woningmarkt_Eigendom,weighted_mean,Woningmarkt
WK197004,-0.02215910836244267,Woningmarkt_Eigendom,weighted_mean,Woningmarkt
BU19700400,-0.027588134765975197,Woningmarkt_Eigendom,weighted_mean,Woningmarkt
BU19700401,0.021052658170903696,Woningmarkt_Eigendom,weighted_mean,Woningmarkt
BU19700408,-0.09303589170603845,Woningmarkt_Eigendom,weighted_mean,Woningmarkt
BU19700409,-0.08178682083498151,Woningmarkt_Eigendom,weighted_mean,Woningmarkt
WK197005,0.0017579166809671646,Woningmarkt_Eigendom,weighted_mean,Woningmarkt
BU19700500,0.08192569716856607,Woningmarkt_Eigendom,weighted_mean,Woningmarkt
BU19700501,-0.021000432233408008,Woningmarkt_Eigendom,weighted_mean,Woningmarkt
BU19700502,0.021006187833417005,Woningmarkt_Eigendom,weighted_mean,Woningmarkt
BU19700503,-0.07738605387589557,Woningmarkt_Eigendom,weighted_mean,Woningmarkt
BU19700506,-0.1618750179372278,Woningmarkt_Eigendom,weighted_mean,Woningmarkt
BU19700507,-0.08849171560509869,Woningmarkt_Eigendom,weighted_mean,Woningmarkt
BU19700508,-0.11945910027741141,Woningmarkt_Eigendom,weighted_mean,Woningmarkt
BU19700509,-0.08414493246503846,Woningmarkt_Eigendom,weighted_mean,Woningmarkt
WK197006,0.04063139322673552,Woningmarkt_Eigendom,weighted_mean,Woningmarkt
BU19700600,0.10965760920103806,Woningmarkt_Eigendom,weighted_mean,Woningmarkt
BU19700601,-0.11989935721815818,Woningmarkt_Eigendom,weighted_mean,Woningmarkt
BU19700602,-0.12906499561763915,Woningmarkt_Eigendom,weighted_mean,Woningmarkt
BU19700603,-0.15295162951629232,Woningmarkt_Eigendom,weighted_mean,Woningmarkt
BU19700604,-0.127357611679622,Woningmarkt_Eigendom,weighted_mean,Woningmarkt
BU19700605,-0.06613454214130009,Woningmarkt_Eigendom,weighted_mean,Woningmarkt
BU19700608,-0.031203228456143206,Woningmarkt_Eigendom,weighted_mean,Woningmarkt
BU19700609,-0.08178682083498151,Woningmarkt_Eigendom,weighted_mean,Woningmarkt
WK197007,-0.008925980044566843,Woningmarkt_Eigendom,weighted_mean,Woningmarkt
BU19700700,0.009370024675567225,Woningmarkt_Eigendom,weighted_mean,Woningmarkt
BU19700701,0.08174998326164619,Woningmarkt_Eigendom,weighted_mean,Woningmarkt
BU19700702,-0.008719669875186395,Woningmarkt_Eigendom,weighted_mean,Woningmarkt
BU19700703,-0.0254272449374342,Woningmarkt_Eigendom,weighted_mean,Woningmarkt
BU19700708,-0.14381456874761842,Woningmarkt_Eigendom,weighted_mean,Woningmarkt
BU19700709,-0.05555146160362873,Woningmarkt_Eigendom,weighted_mean,Woningmarkt
WK197008,0.06869111034076834,Woningmarkt_Eigendom,weighted_mean,Woningmarkt
BU19700800,0.1270113688292161,Woningmarkt_Eigendom,weighted_mean,Woningmarkt
BU19700801,0.0823861464872167,Woningmarkt_Eigendom,weighted_mean,Woningmarkt
BU19700802,0.09138821856039654,Woningmarkt_Eigendom,weighted_mean,Woningmarkt
BU19700803,-0.09554567923121332,Woningmarkt_Eigendom,weighted_mean,Woningmarkt
BU19700807,-0.06654450310618786,Woningmarkt_Eigendom,weighted_mean,Woningmarkt
BU19700808,-0.08536650180605934,Woningmarkt_Eigendom,weighted_mean,Woningmarkt
BU19700809,-0.08053573112104831,Woningmarkt_Eigendom,weighted_mean,Woningmarkt
WK197009,0.0712996234349834,Woningmarkt_Eigendom,weighted_mean,Woningmarkt
BU19700900,0.08071561526241891,Woningmarkt_Eigendom,weighted_mean,Woningmarkt
BU19700909,-0.033087818507574314,Woningmarkt_Eigendom,weighted_mean,Woningmarkt
WK197010,-0.012730945560788295,Woningmarkt_Eigendom,weighted_mean,Woningmarkt
BU19701000,0.003987977797483357,Woningmarkt_Eigendom,weighted_mean,Woningmarkt
BU19701001,-0.09751796987294964,Woningmarkt_Eigendom,weighted_mean,Woningmarkt
BU19701002,0.027505367649536025,Woningmarkt_Eigendom,weighted_mean,Woningmarkt
BU19701003,-0.09022600430581175,Woningmarkt_Eigendom,weighted_mean,Woningmarkt
BU19701004,-0.08759242240910373,Woningmarkt_Eigendom,weighted_mean,Woningmarkt
BU19701005,-0.002663683266688789,Woningmarkt_Eigendom,weighted_mean,Woningmarkt
BU19701006,-0.08773257963007709,Woningmarkt_Eigendom,weighted_mean,Woningmarkt
BU19701008,-0.05659357826010886,Woningmarkt_Eigendom,weighted_mean,Woningmarkt
BU19701009,-0.03679567114861186,Woningmarkt_Eigendom,weighted_mean,Woningmarkt
WK197011,0.09571469651248107,Woningmarkt_Eigendom,weighted_mean,Woningmarkt
BU19701100,0.12395217785182612,Woningmarkt_Eigendom,weighted_mean,Woningmarkt
BU19701109,-0.15773033062855146,Woningmarkt_Eigendom,weighted_mean,Woningmarkt
WK197012,0.008748277015100914,Woningmarkt_Eigendom,weighted_mean,Woningmarkt
BU19701200,0.020792129006783653,Woningmarkt_Eigendom,weighted_mean,Woningmarkt
BU19701201,-0.15077389759578655,Woningmarkt_Eigendom,weighted_mean,Woningmarkt
BU19701202,0.05640664466986798,Woningmarkt_Eigendom,weighted_mean,Woningmarkt
BU19701203,0.10039652155399906,Woningmarkt_Eigendom,weighted_mean,Woningmarkt
BU19701204,0.04561788641189719,Woningmarkt_Eigendom,weighted_mean,Woningmarkt
BU19701206,-0.08546721867845503,Woningmarkt_Eigendom,weighted_mean,Woningmarkt
BU19701207,0.0005036371204401036,Woningmarkt_Eigendom,weighted_mean,Woningmarkt
BU19701208,-0.02514524660959222,Woningmarkt_Eigendom,weighted_mean,Woningmarkt
BU19701209,-0.06546287454194114,Woningmarkt_Eigendom,weighted_mean,Woningmarkt
WK197013,-0.012599683359701595,Woningmarkt_Eigendom,weighted_mean,Woningmarkt
BU19701300,0.04656358525182855,Woningmarkt_Eigendom,weighted_mean,Woningmarkt
BU19701301,-0.06459649518598101,Woningmarkt_Eigendom,weighted_mean,Woningmarkt
BU19701302,-0.04206273562656084,Woningmarkt_Eigendom,weighted_mean,Woningmarkt
BU19701308,-0.005039703952890131,Woningmarkt_Eigendom,weighted_mean,Woningmarkt
BU19701309,-0.03008031041216977,Woningmarkt_Eigendom,weighted_mean,Woningmarkt
WK197014,0.08125801589874451,Woningmarkt_Eigendom,weighted_mean,Woningmarkt
BU19701400,0.0809974867346245,Woningmarkt_Eigendom,weighted_mean,Woningmarkt
BU19701401,0.1799178405826664,Woningmarkt_Eigendom,weighted_mean,Woningmarkt
BU19701402,0.03558584111628663,Woningmarkt_Eigendom,weighted_mean,Woningmarkt
BU19701409,-0.12073638577364983,Woningmarkt_Eigendom,weighted_mean,Woningmarkt
GM0085,0.10464320252088918,Woningmarkt_Eigendom,weighted_mean,Woningmarkt
WK008501,0.12561256088062783,Woningmarkt_Eigendom,weighted_mean,Woningmarkt
BU00850101,-0.08127736099983872,Woningmarkt_Eigendom,weighted_mean,Woningmarkt
BU00850102,-0.12645104183053413,Woningmarkt_Eigendom,weighted_mean,Woningmarkt
BU00850103,-0.056436647154920236,Woningmarkt_Eigendom,weighted_mean,Woningmarkt
BU00850104,0.4832153293575194,Woningmarkt_Eigendom,weighted_mean,Woningmarkt
BU00850105,0.5627548179858676,Woningmarkt_Eigendom,weighted_mean,Woningmarkt
BU00850106,-0.2579818762412618,Woningmarkt_Eigendom,weighted_mean,Woningmarkt
BU00850107,0.20633710306410188,Woningmarkt_Eigendom,weighted_mean,Woningmarkt
BU00850108,0.0018050820770889875,Woningmarkt_Eigendom,weighted_mean,Woningmarkt
BU00850109,0.042643372990860004,Woningmarkt_Eigendom,weighted_mean,Woningmarkt
BU00850110,-0.05830861212450945,Woningmarkt_Eigendom,weighted_mean,Woningmarkt
BU00850111,-0.0455030371915994,Woningmarkt_Eigendom,weighted_mean,Woningmarkt
WK008502,-0.005278859122185842,Woningmarkt_Eigendom,weighted_mean,Woningmarkt
BU00850201,-0.11834689469773488,Woningmarkt_Eigendom,weighted_mean,Woningmarkt
BU00850202,0.16669912368332546,Woningmarkt_Eigendom,weighted_mean,Woningmarkt
BU00850203,-0.11023951977619224,Woningmarkt_Eigendom,weighted_mean,Woningmarkt
WK008503,-0.026221125901208744,Woningmarkt_Eigendom,weighted_mean,Woningmarkt
BU00850301,-0.017211336857514855,Woningmarkt_Eigendom,weighted_mean,Woningmarkt
BU00850302,-0.022648111918300268,Woningmarkt_Eigendom,weighted_mean,Woningmarkt
WK008504,-0.0965930084321922,Woningmarkt_Eigendom,weighted_mean,Woningmarkt
BU00850401,-0.18934915949491993,Woningmarkt_Eigendom,weighted_mean,Woningmarkt
BU00850402,-0.053110055350767786,Woningmarkt_Eigendom,weighted_mean,Woningmarkt
WK008505,-0.10332986566065419,Woningmarkt_Eigendom,weighted_mean,Woningmarkt
BU00850501,-0.1189129414599396,Woningmarkt_Eigendom,weighted_mean,Woningmarkt
BU00850502,-0.09467061018917909,Woningmarkt_Eigendom,weighted_mean,Woningmarkt
WK008506,0.07760220529028936,Woningmarkt_Eigendom,weighted_mean,Woningmarkt
BU00850601,0.34523104617439615,Woningmarkt_Eigendom,weighted_mean,Woningmarkt
BU00850602,0.08951875801682271,Woningmarkt_Eigendom,weighted_mean,Woningmarkt
BU00850603,0.11399084082805164,Woningmarkt_Eigendom,weighted_mean,Woningmarkt
BU00850604,-0.11091996382870309,Woningmarkt_Eigendom,weighted_mean,Woningmarkt
BU00850605,-0.19328538721222802,Woningmarkt_Eigendom,weighted_mean,Woningmarkt
BU00850606,0.29609250491524647,Woningmarkt_Eigendom,weighted_mean,Woningmarkt
BU00850607,-0.12828040403047591,Woningmarkt_Eigendom,weighted_mean,Woningmarkt
BU00850608,-0.0877967414870002,Woningmarkt_Eigendom,weighted_mean,Woningmarkt
WK008507,-0.11999605607427768,Woningmarkt_Eigendom,weighted_mean,Woningmarkt
BU00850701,-0.11175716959881637,Woningmarkt_Eigendom,weighted_mean,Woningmarkt
BU00850702,-0.12645104183053413,Woningmarkt_Eigendom,weighted_mean,Woningmarkt
WK008508,-0.011237637686601916,Woningmarkt_Eigendom,weighted_mean,Woningmarkt
BU00850801,0.02884807039917283,Woningmarkt_Eigendom,weighted_mean,Woningmarkt
BU00850802,-0.061972116309878506,Woningmarkt_Eigendom,weighted_mean,Woningmarkt
WK008509,-0.036870873300839976,Woningmarkt_Eigendom,weighted_mean,Woningmarkt
BU00850901,0.07118502772561495,Woningmarkt_Eigendom,weighted_mean,Woningmarkt
BU00850902,-0.07982410590811968,Woningmarkt_Eigendom,weighted_mean,Woningmarkt
WK008510,0.04121880983719525,Woningmarkt_Eigendom,weighted_mean,Woningmarkt
BU00851001,0.10580041992813044,Woningmarkt_Eigendom,weighted_mean,Woningmarkt
BU00851002,-0.09040522289447647,Woningmarkt_Eigendom,weighted_mean,Woningmarkt
BU00851003,-0.08441786669925334,Woningmarkt_Eigendom,weighted_mean,Woningmarkt
WK008511,0.18156697441903966,Woningmarkt_Eigendom,weighted_mean,Woningmarkt
BU00851101,-0.043747942251592835,Woningmarkt_Eigendom,weighted_mean,Woningmarkt
BU00851102,-0.11466247477173387,Woningmarkt_Eigendom,weighted_mean,Woningmarkt
BU00851103,0.32824139037566924,Woningmarkt_Eigendom,weighted_mean,Woningmarkt
BU00851104,0.4617771322796573,Woningmarkt_Eigendom,weighted_mean,Woningmarkt
BU00851105,0.40746124518973326,Woningmarkt_Eigendom,weighted_mean,Woningmarkt
BU00851106,0.03234222315230245,Woningmarkt_Eigendom,weighted_mean,Woningmarkt
BU00851107,0.15896534298713905,Woningmarkt_Eigendom,weighted_mean,Woningmarkt
BU00851108,0.7094287522947047,Woningmarkt_Eigendom,weighted_mean,Woningmarkt
BU00851109,0.023544833817098265,Woningmarkt_Eigendom,weighted_mean,Woningmarkt
BU00851110,0.08688842096672951,Woningmarkt_Eigendom,weighted_mean,Woningmarkt
BU00851111,-0.1965461891490311,Woningmarkt_Eigendom,weighted_mean,Woningmarkt
BU00851112,0.2306018308521801,Woningmarkt_Eigendom,weighted_mean,Woningmarkt
BU00851113,0.11493563513320315,Woningmarkt_Eigendom,weighted_mean,Woningmarkt
BU00851114,-0.09245167140945491,Woningmarkt_Eigendom,weighted_mean,Woningmarkt
BU00851115,-0.09560476682350641,Woningmarkt_Eigendom,weighted_mean,Woningmarkt
BU00851116,0.8865700197951296,Woningmarkt_Eigendom,weighted_mean,Woningmarkt
BU00851117,-0.12421699012704576,Woningmarkt_Eigendom,weighted_mean,Woningmarkt
BU00851118,-0.06451423943513514,Woningmarkt_Eigendom,weighted_mean,Woningmarkt
WK008512,-0.013684793212093038,Woningmarkt_Eigendom,weighted_mean,Woningmarkt
BU00851201,0.024119320912545136,Woningmarkt_Eigendom,weighted_mean,Woningmarkt
BU00851202,-0.08116974492463115,Woningmarkt_Eigendom,weighted_mean,Woningmarkt
WK008513,-0.048677561214711056,Woningmarkt_Eigendom,weighted_mean,Woningmarkt
BU00851301,-0.01914439248448602,Woningmarkt_Eigendom,weighted_mean,Woningmarkt
BU00851302,-0.09911521607254643,Woningmarkt_Eigendom,weighted_mean,Woningmarkt
GM0086,0.052048257473283746,Woningmarkt_Eigendom,weighted_mean,Woningmarkt
WK008601,-0.0060783393212255525,Woningmarkt_Eigendom,weighted_mean,Woningmarkt
BU00860101,-0.12732611087256837,Woningmarkt_Eigendom,weighted_mean,Woningmarkt
BU00860102,0.04592046774310723,Woningmarkt_Eigendom,weighted_mean,Woningmarkt
BU00860103,-0.05334194765717244,Woningmarkt_Eigendom,weighted_mean,Woningmarkt
WK008602,0.09077903675486383,Woningmarkt_Eigendom,weighted_mean,Woningmarkt
BU00860201,-0.05295994271922174,Woningmarkt_Eigendom,weighted_mean,Woningmarkt
BU00860202,0.14137998104599897,Woningmarkt_Eigendom,weighted_mean,Woningmarkt
BU00860203,0.1283092562129406,Woningmarkt_Eigendom,weighted_mean,Woningmarkt
BU00860204,0.30754552980724775,Woningmarkt_Eigendom,weighted_mean,Woningmarkt
BU00860205,-0.19093367678772571,Woningmarkt_Eigendom,weighted_mean,Woningmarkt
BU00860206,0.05563274660785249,Woningmarkt_Eigendom,weighted_mean,Woningmarkt
BU00860207,-0.18354102188836147,Woningmarkt_Eigendom,weighted_mean,Woningmarkt
BU00860208,-0.11071583040960829,Woningmarkt_Eigendom,weighted_mean,Woningmarkt
BU00860209,0.0410904565746852,Woningmarkt_Eigendom,weighted_mean,Woningmarkt
WK008604,-0.07457628918473594,Woningmarkt_Eigendom,weighted_mean,Woningmarkt
BU00860401,-0.060267249888504806,Woningmarkt_Eigendom,weighted_mean,Woningmarkt
BU00860402,-0.12064290422397571,Woningmarkt_Eigendom,weighted_mean,Woningmarkt
WK008605,0.11177757284701863,Woningmarkt_Eigendom,weighted_mean,Woningmarkt
BU00860501,0.14929599809139688,Woningmarkt_Eigendom,weighted_mean,Woningmarkt
BU00860502,-0.1082649570034012,Woningmarkt_Eigendom,weighted_mean,Woningmarkt
BU00860503,0.09695816429324426,Woningmarkt_Eigendom,weighted_mean,Woningmarkt
BU00860504,-0.14194038672731343,Woningmarkt_Eigendom,weighted_mean,Woningmarkt
BU00860505,-0.14724589544044278,Woningmarkt_Eigendom,weighted_mean,Woningmarkt
BU00860506,0.36062368173275766,Woningmarkt_Eigendom,weighted_mean,Woningmarkt
BU00860507,0.13545058496879023,Woningmarkt_Eigendom,weighted_mean,Woningmarkt
BU00860508,-0.15268386502945072,Woningmarkt_Eigendom,weighted_mean,Woningmarkt
WK008606,0.005467819428525492,Woningmarkt_Eigendom,weighted_mean,Woningmarkt
BU00860601,0.022928526849521874,Woningmarkt_Eigendom,weighted_mean,Woningmarkt
BU00860602,-0.036870873300839976,Woningmarkt_Eigendom,weighted_mean,Woningmarkt
WK008607,-0.14593977247826723,Woningmarkt_Eigendom,weighted_mean,Woningmarkt
BU00860701,-0.18610103772029776,Woningmarkt_Eigendom,weighted_mean,Woningmarkt
BU00860702,-0.10253038546161448,Woningmarkt_Eigendom,weighted_mean,Woningmarkt
WK008608,-0.008546359653578993,Woningmarkt_Eigendom,weighted_mean,Woningmarkt
BU00860801,0.02587688444525891,Woningmarkt_Eigendom,weighted_mean,Woningmarkt
BU00860802,-0.0829210775369222,Woningmarkt_Eigendom,weighted_mean,Woningmarkt
WK008609,0.0021533393716836532,Woningmarkt_Eigendom,weighted_mean,Woningmarkt
BU00860901,0.05362536637531566,Woningmarkt_Eigendom,weighted_mean,Woningmarkt
BU00860902,-0.11483476661741733,Woningmarkt_Eigendom,weighted_mean,Woningmarkt
WK008610,-0.041640880580455626,Woningmarkt_Eigendom,weighted_mean,Woningmarkt
BU00861001,-0.017211336857514855,Woningmarkt_Eigendom,weighted_mean,Woningmarkt
BU00861002,-0.11739478244935352,Woningmarkt_Eigendom,weighted_mean,Woningmarkt
WK008611,0.022709287165128586,Woningmarkt_Eigendom,weighted_mean,Woningmarkt
BU00861101,0.011490015861717249,Woningmarkt_Eigendom,weighted_mean,Woningmarkt
BU00861102,0.05326813420850676,Woningmarkt_Eigendom,weighted_mean,Woningmarkt
WK008613,-0.06699145864152474,Woningmarkt_Eigendom,weighted_mean,Woningmarkt
BU00861301,-0.10715272388355526,Woningmarkt_Eigendom,weighted_mean,Woningmarkt
BU00861302,-0.039134574555296994,Woningmarkt_Eigendom,weighted_mean,Woningmarkt
WK008614,-0.010975622472390503,Woningmarkt_Eigendom,weighted_mean,Woningmarkt
BU00861401,0.044382680622918204,Woningmarkt_Eigendom,weighted_mean,Woningmarkt
BU00861402,-0.10740256812354776,Woningmarkt_Eigendom,weighted_mean,Woningmarkt
WK008615,0.00846101127429279,Woningmarkt_Eigendom,weighted_mean,Woningmarkt
BU00861501,0.0567442211869045,Woningmarkt_Eigendom,weighted_mean,Woningmarkt
BU00861502,-0.051905949228534615,Woningmarkt_Eigendom,weighted_mean,Woningmarkt
WK008616,0.060360587516321215,Woningmarkt_Eigendom,weighted_mean,Woningmarkt
BU00861601,0.16612256921161483,Woningmarkt_Eigendom,weighted_mean,Woningmarkt
BU00861602,0.1083429971610101,Woningmarkt_Eigendom,weighted_mean,Woningmarkt
BU00861603,-0.03278027813126683,Woningmarkt_Eigendom,weighted_mean,Woningmarkt
BU00861604,0.3193250828816496,Woningmarkt_Eigendom,weighted_mean,Woningmarkt
BU00861605,-0.12180904361225164,Woningmarkt_Eigendom,weighted_mean,Woningmarkt
BU00861606,-0.11804555875526361,Woningmarkt_Eigendom,weighted_mean,Woningmarkt
BU00861607,-0.02079784877030641,Woningmarkt_Eigendom,weighted_mean,Woningmarkt
WK008617,0.023850070375612153,Woningmarkt_Eigendom,weighted_mean,Woningmarkt
BU00861701,0.14631042825911747,Woningmarkt_Eigendom,weighted_mean,Woningmarkt
BU00861702,0.10676498419030145,Woningmarkt_Eigendom,weighted_mean,Woningmarkt
BU00861703,-0.13082208164912967,Woningmarkt_Eigendom,weighted_mean,Woningmarkt
GM0088,0.14546914939238897,Woningmarkt_Eigendom,weighted_mean,Woningmarkt
WK008800,0.14546914939238897,Woningmarkt_Eigendom,weighted_mean,Woningmarkt
BU00880000,0.13782849130715136,Woningmarkt_Eigendom,weighted_mean,Woningmarkt
BU00880009,0.009784530091703686,Woningmarkt_Eigendom,weighted_mean,Woningmarkt
GM0090,0.10736875237701048,Woningmarkt_Eigendom,weighted_mean,Woningmarkt
WK009001,0.048545827161805305,Woningmarkt_Eigendom,weighted_mean,Woningmarkt
BU00900101,0.048545827161805305,Woningmarkt_Eigendom,weighted_mean,Woningmarkt
WK009002,0.23166523473640693,Woningmarkt_Eigendom,weighted_mean,Woningmarkt
BU00900201,-0.08999776220903476,Woningmarkt_Eigendom,weighted_mean,Woningmarkt
BU00900202,0.5332162044161832,Woningmarkt_Eigendom,weighted_mean,Woningmarkt
BU00900203,0.19128848384455993,Woningmarkt_Eigendom,weighted_mean,Woningmarkt
BU00900204,0.4220271276071484,Woningmarkt_Eigendom,weighted_mean,Woningmarkt
BU00900205,0.3183715121233463,Woningmarkt_Eigendom,weighted_mean,Woningmarkt
BU00900206,-0.22042772066386346,Woningmarkt_Eigendom,weighted_mean,Woningmarkt
WK009003,-0.12463312497679158,Woningmarkt_Eigendom,weighted_mean,Woningmarkt
BU00900301,-0.17322562955275206,Woningmarkt_Eigendom,weighted_mean,Woningmarkt
BU00900302,-0.09122645527409678,Woningmarkt_Eigendom,weighted_mean,Woningmarkt
BU00900303,-0.2427454536987664,Woningmarkt_Eigendom,weighted_mean,Woningmarkt
BU00900304,0.02629555234323138,Woningmarkt_Eigendom,weighted_mean,Woningmarkt
WK009004,-0.014935242816176482,Woningmarkt_Eigendom,weighted_mean,Woningmarkt
BU00900401,-0.020065073455694013,Woningmarkt_Eigendom,weighted_mean,Woningmarkt
BU00900402,0.05066703779820421,Woningmarkt_Eigendom,weighted_mean,Woningmarkt
BU00900403,-0.04833645881148897,Woningmarkt_Eigendom,weighted_mean,Woningmarkt
BU00900404,-0.09689597285965139,Woningmarkt_Eigendom,weighted_mean,Woningmarkt
BU00900405,-0.26868029397122417,Woningmarkt_Eigendom,weighted_mean,Woningmarkt
BU00900406,0.15559840687865045,Woningmarkt_Eigendom,weighted_mean,Woningmarkt
WK009005,-0.15606496320364222,Woningmarkt_Eigendom,weighted_mean,Woningmarkt
BU00900501,-0.14226578812356172,Woningmarkt_Eigendom,weighted_mean,Woningmarkt
BU00900502,-0.19554211297909355,Woningmarkt_Eigendom,weighted_mean,Woningmarkt
WK009006,0.08442150435214192,Woningmarkt_Eigendom,weighted_mean,Woningmarkt
BU00900601,-0.22828385988943545,Woningmarkt_Eigendom,weighted_mean,Woningmarkt
BU00900602,0.36425091471040577,Woningmarkt_Eigendom,weighted_mean,Woningmarkt
BU00900603,-0.2650045954180361,Woningmarkt_Eigendom,weighted_mean,Woningmarkt
WK009007,-0.05226527813802324,Woningmarkt_Eigendom,weighted_mean,Woningmarkt
BU00900701,-0.01694043768473627,Woningmarkt_Eigendom,weighted_mean,Woningmarkt
BU00900702,-0.17305310955867745,Woningmarkt_Eigendom,weighted_mean,Woningmarkt
BU00900703,-0.0013264528966807354,Woningmarkt_Eigendom,weighted_mean,Woningmarkt
BU00900704,-0.17990860390638416,Woningmarkt_Eigendom,weighted_mean,Woningmarkt
BU00900705,-0.02407179439688841,Woningmarkt_Eigendom,weighted_mean,Woningmarkt
BU00900706,0.13877933091628394,Woningmarkt_Eigendom,weighted_mean,Woningmarkt
WK009008,0.2575639627064319,Woningmarkt_Eigendom,weighted_mean,Woningmarkt
BU00900801,0.3358744266592907,Woningmarkt_Eigendom,weighted_mean,Woningmarkt
BU00900802,0.3118053017851884,Woningmarkt_Eigendom,weighted_mean,Woningmarkt
BU00900803,-0.016302560260683163,Woningmarkt_Eigendom,weighted_mean,Woningmarkt
WK009009,0.3508537971792414,Woningmarkt_Eigendom,weighted_mean,Woningmarkt
BU00900901,0.09366827139110279,Woningmarkt_Eigendom,weighted_mean,Woningmarkt
BU00900902,0.4074413297048307,Woningmarkt_Eigendom,weighted_mean,Woningmarkt
BU00900903,0.5023950652655922,Woningmarkt_Eigendom,weighted_mean,Woningmarkt
BU00900904,0.30857160867611155,Woningmarkt_Eigendom,weighted_mean,Woningmarkt
WK009010,0.43022284367207686,Woningmarkt_Eigendom,weighted_mean,Woningmarkt
BU00901001,0.4008261496874373,Woningmarkt_Eigendom,weighted_mean,Woningmarkt
BU00901002,0.22254403974962042,Woningmarkt_Eigendom,weighted_mean,Woningmarkt
BU00901003,0.30577917410279815,Woningmarkt_Eigendom,weighted_mean,Woningmarkt
BU00901004,0.6139324939633348,Woningmarkt_Eigendom,weighted_mean,Woningmarkt
WK009011,0.0072941449287714025,Woningmarkt_Eigendom,weighted_mean,Woningmarkt
BU00901101,0.0072941449287714025,Woningmarkt_Eigendom,weighted_mean,Woningmarkt
WK009012,-0.13971129341586438,Woningmarkt_Eigendom,weighted_mean,Woningmarkt
BU00901201,-0.08449824871197797,Woningmarkt_Eigendom,weighted_mean,Woningmarkt
BU00901202,-0.15251681741500484,Woningmarkt_Eigendom,weighted_mean,Woningmarkt
WK009013,0.04048941856135184,Woningmarkt_Eigendom,weighted_mean,Woningmarkt
BU00901301,0.45647228242894217,Woningmarkt_Eigendom,weighted_mean,Woningmarkt
BU00901302,-0.03828660757627651,Woningmarkt_Eigendom,weighted_mean,Woningmarkt
BU00901303,-0.09957163031704949,Woningmarkt_Eigendom,weighted_mean,Woningmarkt
WK009021,0.03660715633938201,Woningmarkt_Eigendom,weighted_mean,Woningmarkt
BU00902104,0.10205115531017062,Woningmarkt_Eigendom,weighted_mean,Woningmarkt
BU00902105,-0.10096696112406237,Woningmarkt_Eigendom,weighted_mean,Woningmarkt
BU00902109,-0.011356728913469734,Woningmarkt_Eigendom,weighted_mean,Woningmarkt
BU00902110,0.05059127174058802,Woningmarkt_Eigendom,weighted_mean,Woningmarkt
BU00902114,-0.04676239829441943,Woningmarkt_Eigendom,weighted_mean,Woningmarkt
WK009022,0.009716800066639851,Woningmarkt_Eigendom,weighted_mean,Woningmarkt
BU00902201,-0.11586420311171655,Woningmarkt_Eigendom,weighted_mean,Woningmarkt
BU00902202,-0.1045084570627198,Woningmarkt_Eigendom,weighted_mean,Woningmarkt
BU00902203,-0.18268586833122963,Woningmarkt_Eigendom,weighted_mean,Woningmarkt
BU00902206,0.10533705773620533,Woningmarkt_Eigendom,weighted_mean,Woningmarkt
BU00902212,-0.10833852306817295,Woningmarkt_Eigendom,weighted_mean,Woningmarkt
BU00902213,-0.044944707399908745,Woningmarkt_Eigendom,weighted_mean,Woningmarkt
BU00902215,-0.05434937825961837,Woningmarkt_Eigendom,weighted_mean,Woningmarkt
BU00902216,-0.1108376529975183,Woningmarkt_Eigendom,weighted_mean,Woningmarkt
WK009023,0.07582029566256851,Woningmarkt_Eigendom,weighted_mean,Woningmarkt
BU00902307,0.03803704634479271,Woningmarkt_Eigendom,weighted_mean,Woningmarkt
BU00902308,0.12557680300743806,Woningmarkt_Eigendom,weighted_mean,Woningmarkt
BU00902311,0.09234802023912252,Woningmarkt_Eigendom,weighted_mean,Woningmarkt
GM1900,0.06679059528054153,Woningmarkt_Eigendom,weighted_mean,Woningmarkt
WK190000,0.10040700136042259,Woningmarkt_Eigendom,weighted_mean,Woningmarkt
BU19000000,0.10804396889324233,Woningmarkt_Eigendom,weighted_mean,Woningmarkt
BU19000001,0.4325263208159999,Woningmarkt_Eigendom,weighted_mean,Woningmarkt
BU19000002,0.06558342624766884,Woningmarkt_Eigendom,weighted_mean,Woningmarkt
BU19000003,-0.23716039149398926,Woningmarkt_Eigendom,weighted_mean,Woningmarkt
BU19000004,-0.03379103169135377,Woningmarkt_Eigendom,weighted_mean,Woningmarkt
BU19000009,-0.19529240010421958,Woningmarkt_Eigendom,weighted_mean,Woningmarkt
WK190001,0.10346306998839333,Woningmarkt_Eigendom,weighted_mean,Woningmarkt
BU19000101,0.1874422144088833,Woningmarkt_Eigendom,weighted_mean,Woningmarkt
BU19000102,-0.07897453489129445,Woningmarkt_Eigendom,weighted_mean,Woningmarkt
BU19000103,-0.15370435833827462,Woningmarkt_Eigendom,weighted_mean,Woningmarkt
BU19000104,0.21904789590500673,Woningmarkt_Eigendom,weighted_mean,Woningmarkt
BU19000105,0.41746051762363856,Woningmarkt_Eigendom,weighted_mean,Woningmarkt
BU19000106,0.01653818932357179,Woningmarkt_Eigendom,weighted_mean,Woningmarkt
BU19000107,-0.1498618169254317,Woningmarkt_Eigendom,weighted_mean,Woningmarkt
BU19000108,-0.14021850044730128,Woningmarkt_Eigendom,weighted_mean,Woningmarkt
BU19000109,0.13818083818144816,Woningmarkt_Eigendom,weighted_mean,Woningmarkt
BU19000110,0.1568865545136381,Woningmarkt_Eigendom,weighted_mean,Woningmarkt
BU19000111,-0.2439296120745739,Woningmarkt_Eigendom,weighted_mean,Woningmarkt
BU19000112,0.3930760803223762,Woningmarkt_Eigendom,weighted_mean,Woningmarkt
BU19000113,0.06121232720216499,Woningmarkt_Eigendom,weighted_mean,Woningmarkt
BU19000114,0.21593844886881453,Woningmarkt_Eigendom,weighted_mean,Woningmarkt
BU19000115,0.3818617493918155,Woningmarkt_Eigendom,weighted_mean,Woningmarkt
BU19000116,0.21294201689778602,Woningmarkt_Eigendom,weighted_mean,Woningmarkt
BU19000117,-0.15117143408705408,Woningmarkt_Eigendom,weighted_mean,Woningmarkt
BU19000118,0.023622790512097185,Woningmarkt_Eigendom,weighted_mean,Woningmarkt
BU19000119,-0.23688718216768836,Woningmarkt_Eigendom,weighted_mean,Woningmarkt
BU19000120,-0.08381227634254326,Woningmarkt_Eigendom,weighted_mean,Woningmarkt
WK190002,0.06602743722299245,Woningmarkt_Eigendom,weighted_mean,Woningmarkt
BU19000200,0.07484454143487729,Woningmarkt_Eigendom,weighted_mean,Woningmarkt
BU19000201,-0.08849171560509869,Woningmarkt_Eigendom,weighted_mean,Woningmarkt
BU19000202,0.10281443607678674,Woningmarkt_Eigendom,weighted_mean,Woningmarkt
BU19000208,-0.06102550398129536,Woningmarkt_Eigendom,weighted_mean,Woningmarkt
BU19000209,0.10284955375980877,Woningmarkt_Eigendom,weighted_mean,Woningmarkt
WK190003,0.09772858106711503,Woningmarkt_Eigendom,weighted_mean,Woningmarkt
BU19000300,0.13299057206649656,Woningmarkt_Eigendom,weighted_mean,Woningmarkt
BU19000301,-0.012728005147344325,Woningmarkt_Eigendom,weighted_mean,Woningmarkt
BU19000302,0.016839849636914928,Woningmarkt_Eigendom,weighted_mean,Woningmarkt
BU19000308,0.0003365895059942031,Woningmarkt_Eigendom,weighted_mean,Woningmarkt
BU19000309,-0.11920580643601292,Woningmarkt_Eigendom,weighted_mean,Woningmarkt
WK190004,0.03813985362413938,Woningmarkt_Eigendom,weighted_mean,Woningmarkt
BU19000400,0.004249993011694778,Woningmarkt_Eigendom,weighted_mean,Woningmarkt
BU19000401,0.0013986936345457557,Woningmarkt_Eigendom,weighted_mean,Woningmarkt
BU19000402,-0.04725687422990581,Woningmarkt_Eigendom,weighted_mean,Woningmarkt
BU19000403,0.09377591936492072,Woningmarkt_Eigendom,weighted_mean,Woningmarkt
BU19000408,-0.0444435645565711,Woningmarkt_Eigendom,weighted_mean,Woningmarkt
BU19000409,-0.041762139520174685,Woningmarkt_Eigendom,weighted_mean,Woningmarkt
WK190005,0.047663110669324146,Woningmarkt_Eigendom,weighted_mean,Woningmarkt
BU19000500,-0.21109640639278077,Woningmarkt_Eigendom,weighted_mean,Woningmarkt
BU19000501,0.26525326830318485,Woningmarkt_Eigendom,weighted_mean,Woningmarkt
BU19000502,-0.12368067660850049,Woningmarkt_Eigendom,weighted_mean,Woningmarkt
BU19000503,-0.14276363576129933,Woningmarkt_Eigendom,weighted_mean,Woningmarkt
WK190006,0.017598044502797196,Woningmarkt_Eigendom,weighted_mean,Woningmarkt
BU19000600,0.042196121890275246,Woningmarkt_Eigendom,weighted_mean,Woningmarkt
BU19000602,0.009380682059525264,Woningmarkt_Eigendom,weighted_mean,Woningmarkt
BU19000603,0.04098540394052971,Woningmarkt_Eigendom,weighted_mean,Woningmarkt
BU19000607,-0.07043577407627015,Woningmarkt_Eigendom,weighted_mean,Woningmarkt
BU19000608,-0.08185793917916387,Woningmarkt_Eigendom,weighted_mean,Woningmarkt
BU19000609,-0.07358883702959822,Woningmarkt_Eigendom,weighted_mean,Woningmarkt
WK190007,-0.04666718134182199,Woningmarkt_Eigendom,weighted_mean,Woningmarkt
BU19000700,-0.010359347191552973,Woningmarkt_Eigendom,weighted_mean,Woningmarkt
BU19000701,-0.19500292964921334,Woningmarkt_Eigendom,weighted_mean,Woningmarkt
BU19000702,-0.10228550441328872,Woningmarkt_Eigendom,weighted_mean,Woningmarkt
BU19000706,-0.08187776635221952,Woningmarkt_Eigendom,weighted_mean,Woningmarkt
BU19000707,-0.15228343905850883,Woningmarkt_Eigendom,weighted_mean,Woningmarkt
BU19000708,-0.11378386989117031,Woningmarkt_Eigendom,weighted_mean,Woningmarkt
WK190008,-0.027403194444849732,Woningmarkt_Eigendom,weighted_mean,Woningmarkt
BU19000800,0.0008962187131795474,Woningmarkt_Eigendom,weighted_mean,Woningmarkt
BU19000801,-0.08159558630027372,Woningmarkt_Eigendom,weighted_mean,Woningmarkt
BU19000802,-0.08849171560509869,Woningmarkt_Eigendom,weighted_mean,Woningmarkt
BU19000804,-0.08294844835629328,Woningmarkt_Eigendom,weighted_mean,Woningmarkt
BU19000808,-0.1346740857058366,Woningmarkt_Eigendom,weighted_mean,Woningmarkt
BU19000809,-0.12403157384079841,Woningmarkt_Eigendom,weighted_mean,Woningmarkt
WK190009,-0.016932942526884685,Woningmarkt_Eigendom,weighted_mean,Woningmarkt
BU19000900,-0.011378098761724745,Woningmarkt_Eigendom,weighted_mean,Woningmarkt
BU19000901,0.10854361728466867,Woningmarkt_Eigendom,weighted_mean,Woningmarkt
BU19000902,-0.07854884319010402,Woningmarkt_Eigendom,weighted_mean,Woningmarkt
BU19000903,-0.15962036551944192,Woningmarkt_Eigendom,weighted_mean,Woningmarkt
BU19000904,-0.14221185016839294,Woningmarkt_Eigendom,weighted_mean,Woningmarkt
BU19000905,-0.12993164618393002,Woningmarkt_Eigendom,weighted_mean,Woningmarkt
BU19000906,-0.08849171560509869,Woningmarkt_Eigendom,weighted_mean,Woningmarkt
BU19000907,-0.1397239735780453,Woningmarkt_Eigendom,weighted_mean,Woningmarkt
BU19000908,-0.05308492732136666,Woningmarkt_Eigendom,weighted_mean,Woningmarkt
BU19000909,-0.10159443051698941,Woningmarkt_Eigendom,weighted_mean,Woningmarkt
WK190010,-0.04493174619815714,Woningmarkt_Eigendom,weighted_mean,Woningmarkt
BU19001000,-0.20585955542122375,Woningmarkt_Eigendom,weighted_mean,Woningmarkt
BU19001001,0.009079431830548726,Woningmarkt_Eigendom,weighted_mean,Woningmarkt
BU19001002,-0.1006363154965765,Woningmarkt_Eigendom,weighted_mean,Woningmarkt
BU19001003,-0.11378386989117031,Woningmarkt_Eigendom,weighted_mean,Woningmarkt
BU19001007,-0.19362127292438214,Woningmarkt_Eigendom,weighted_mean,Woningmarkt
BU19001008,-0.10262386701128866,Woningmarkt_Eigendom,weighted_mean,Woningmarkt
WK190011,0.02995107295824386,Woningmarkt_Eigendom,weighted_mean,Woningmarkt
BU19001100,0.07310553004604167,Woningmarkt_Eigendom,weighted_mean,Woningmarkt
BU19001101,-0.11380508077028606,Woningmarkt_Eigendom,weighted_mean,Woningmarkt
BU19001108,-0.032607777799531855,Woningmarkt_Eigendom,weighted_mean,Woningmarkt
BU19001109,-0.08849171560509869,Woningmarkt_Eigendom,weighted_mean,Woningmarkt
WK190012,-0.03491458556705408,Woningmarkt_Eigendom,weighted_mean,Woningmarkt
BU19001200,-0.02743376731371018,Woningmarkt_Eigendom,weighted_mean,Woningmarkt
BU19001201,-0.08981852431250904,Woningmarkt_Eigendom,weighted_mean,Woningmarkt
BU19001202,-0.057149948954935824,Woningmarkt_Eigendom,weighted_mean,Woningmarkt
BU19001203,-0.11378386989117031,Woningmarkt_Eigendom,weighted_mean,Woningmarkt
BU19001204,-0.044944707399908745,Woningmarkt_Eigendom,weighted_mean,Woningmarkt
BU19001208,-0.11568317315555574,Woningmarkt_Eigendom,weighted_mean,Woningmarkt
BU19001209,0.030472863474774972,Woningmarkt_Eigendom,weighted_mean,Woningmarkt
WK190013,0.012562445551927804,Woningmarkt_Eigendom,weighted_mean,Woningmarkt
BU19001300,0.09342244516738646,Woningmarkt_Eigendom,weighted_mean,Woningmarkt
BU19001301,-0.09299979792481057,Woningmarkt_Eigendom,weighted_mean,Woningmarkt
BU19001302,-0.010118705972165881,Woningmarkt_Eigendom,weighted_mean,Woningmarkt
BU19001303,-0.027471547965122734,Woningmarkt_Eigendom,weighted_mean,Woningmarkt
BU19001306,-0.13132322449246742,Woningmarkt_Eigendom,weighted_mean,Woningmarkt
BU19001307,-0.11321070573010623,Woningmarkt_Eigendom,weighted_mean,Woningmarkt
BU19001308,-0.12457913194128388,Woningmarkt_Eigendom,weighted_mean,Woningmarkt
BU19001309,-0.043115818246739226,Woningmarkt_Eigendom,weighted_mean,Woningmarkt
WK190014,-0.11338322572418086,Woningmarkt_Eigendom,weighted_mean,Woningmarkt
BU19001400,-0.05531774712722297,Woningmarkt_Eigendom,weighted_mean,Woningmarkt
BU19001401,-0.0831246795878193,Woningmarkt_Eigendom,weighted_mean,Woningmarkt
BU19001402,-0.16474039718331432,Woningmarkt_Eigendom,weighted_mean,Woningmarkt
BU19001403,-0.1319504445325625,Woningmarkt_Eigendom,weighted_mean,Woningmarkt
BU19001404,-0.19229375890951078,Woningmarkt_Eigendom,weighted_mean,Woningmarkt
BU19001405,-0.12501938888203065,Woningmarkt_Eigendom,weighted_mean,Woningmarkt
BU19001406,-0.17525366983736013,Woningmarkt_Eigendom,weighted_mean,Woningmarkt
BU19001407,-0.13619540715440068,Woningmarkt_Eigendom,weighted_mean,Woningmarkt
BU19001408,0.025193200819538936,Woningmarkt_Eigendom,weighted_mean,Woningmarkt
BU19001409,-0.08116974492463115,Woningmarkt_Eigendom,weighted_mean,Woningmarkt
WK190015,-0.0923010070579971,Woningmarkt_Eigendom,weighted_mean,Woningmarkt
BU19001500,-0.026560693509729276,Woningmarkt_Eigendom,weighted_mean,Woningmarkt
BU19001501,-0.10617949747547953,Woningmarkt_Eigendom,weighted_mean,Woningmarkt
BU19001502,-0.06512154399032781,Woningmarkt_Eigendom,weighted_mean,Woningmarkt
BU19001503,-0.08414493246503846,Woningmarkt_Eigendom,weighted_mean,Woningmarkt
BU19001509,-0.2050940703641525,Woningmarkt_Eigendom,weighted_mean,Woningmarkt
WK190016,-0.09562484017280938,Woningmarkt_Eigendom,weighted_mean,Woningmarkt
BU19001600,-0.11931702629656078,Woningmarkt_Eigendom,weighted_mean,Woningmarkt
BU19001601,-0.0941622320231199,Woningmarkt_Eigendom,weighted_mean,Woningmarkt
BU19001602,-0.1310018094257565,Woningmarkt_Eigendom,weighted_mean,Woningmarkt
BU19001603,-0.13559901981829606,Woningmarkt_Eigendom,weighted_mean,Woningmarkt
BU19001604,-0.025621257276959408,Woningmarkt_Eigendom,weighted_mean,Woningmarkt
BU19001606,-0.13748537281282,Woningmarkt_Eigendom,weighted_mean,Woningmarkt
BU19001607,-0.04692277900101405,Woningmarkt_Eigendom,weighted_mean,Woningmarkt
BU19001608,-0.09022600430581175,Woningmarkt_Eigendom,weighted_mean,Woningmarkt
WK190017,0.07833690842609839,Woningmarkt_Eigendom,weighted_mean,Woningmarkt
BU19001700,0.09757594901777335,Woningmarkt_Eigendom,weighted_mean,Woningmarkt
BU19001709,-0.06553301833360493,Woningmarkt_Eigendom,weighted_mean,Woningmarkt
WK190018,-0.10732539806156426,Woningmarkt_Eigendom,weighted_mean,Woningmarkt
BU19001800,-0.0938695487711504,Woningmarkt_Eigendom,weighted_mean,Woningmarkt
BU19001801,-0.11492824816709148,Woningmarkt_Eigendom,weighted_mean,Woningmarkt
BU19001802,-0.07929783503538089,Woningmarkt_Eigendom,weighted_mean,Woningmarkt
BU19001803,-0.09968113597911474,Woningmarkt_Eigendom,weighted_mean,Woningmarkt
BU19001804,-0.13720319276087417,Woningmarkt_Eigendom,weighted_mean,Woningmarkt
BU19001808,0.005115290618253332,Woningmarkt_Eigendom,weighted_mean,Woningmarkt
BU19001809,-0.07358883702959822,Woningmarkt_Eigendom,weighted_mean,Woningmarkt
WK190019,-0.04112529463184432,Woningmarkt_Eigendom,weighted_mean,Woningmarkt
BU19001900,-0.06400010784987643,Woningmarkt_Eigendom,weighted_mean,Woningmarkt
BU19001901,-0.09447324954100281,Woningmarkt_Eigendom,weighted_mean,Woningmarkt
BU19001902,-0.030642085658696985,Woningmarkt_Eigendom,weighted_mean,Woningmarkt
BU19001903,0.0006120751099192231,Woningmarkt_Eigendom,weighted_mean,Woningmarkt
BU19001904,-0.0962265498511777,Woningmarkt_Eigendom,weighted_mean,Woningmarkt
WK190020,0.013157069944939603,Woningmarkt_Eigendom,weighted_mean,Woningmarkt
BU19002001,0.12094520648455298,Woningmarkt_Eigendom,weighted_mean,Woningmarkt
BU19002002,-0.013478202003141801,Woningmarkt_Eigendom,weighted_mean,Woningmarkt
BU19002003,-0.04307279751065851,Woningmarkt_Eigendom,weighted_mean,Woningmarkt
BU19002004,-0.10385588718056107,Woningmarkt_Eigendom,weighted_mean,Woningmarkt
BU19002005,-0.17641781813415205,Woningmarkt_Eigendom,weighted_mean,Woningmarkt
BU19002006,0.04473013720768209,Woningmarkt_Eigendom,weighted_mean,Woningmarkt
BU19002007,-0.11852314533278627,Woningmarkt_Eigendom,weighted_mean,Woningmarkt
BU19002008,-0.10081831540425804,Woningmarkt_Eigendom,weighted_mean,Woningmarkt
BU19002009,-0.17014810881893086,Woningmarkt_Eigendom,weighted_mean,Woningmarkt
BU19002010,-0.07110396453405365,Woningmarkt_Eigendom,weighted_mean,Woningmarkt
BU19002011,0.0022084993952444787,Woningmarkt_Eigendom,weighted_mean,Woningmarkt
BU19002012,-0.12251668249564296,Woningmarkt_Eigendom,weighted_mean,Woningmarkt
BU19002013,-0.09160221619118367,Woningmarkt_Eigendom,weighted_mean,Woningmarkt
BU19002014,-0.07211348554345055,Woningmarkt_Eigendom,weighted_mean,Woningmarkt
BU19002015,-0.09135436718924442,Woningmarkt_Eigendom,weighted_mean,Woningmarkt
BU19002016,-0.031662832466922135,Woningmarkt_Eigendom,weighted_mean,Woningmarkt
BU19002017,-0.026558698271675923,Woningmarkt_Eigendom,weighted_mean,Woningmarkt
BU19002018,-0.01266231514751389,Woningmarkt_Eigendom,weighted_mean,Woningmarkt
BU19002019,-0.13781946804171177,Woningmarkt_Eigendom,weighted_mean,Woningmarkt
GM0093,0.05394871745317167,Woningmarkt_Eigendom,weighted_mean,Woningmarkt
WK009300,0.10512094859117968,Woningmarkt_Eigendom,weighted_mean,Woningmarkt
BU00930000,0.11091119349105846,Woningmarkt_Eigendom,weighted_mean,Woningmarkt
BU00930002,-0.13032882516389224,Woningmarkt_Eigendom,weighted_mean,Woningmarkt
WK009301,0.08702110999099935,Woningmarkt_Eigendom,weighted_mean,Woningmarkt
BU00930110,0.14990509312985173,Woningmarkt_Eigendom,weighted_mean,Woningmarkt
BU00930111,-0.10207630891080326,Woningmarkt_Eigendom,weighted_mean,Woningmarkt
BU00930112,-0.048048102870347914,Woningmarkt_Eigendom,weighted_mean,Woningmarkt
WK009302,-0.19803937903550417,Woningmarkt_Eigendom,weighted_mean,Woningmarkt
BU00930213,-0.22102408045979857,Woningmarkt_Eigendom,weighted_mean,Woningmarkt
BU00930214,-0.15505756879741733,Woningmarkt_Eigendom,weighted_mean,Woningmarkt
BU00930215,-0.08414493246503846,Woningmarkt_Eigendom,weighted_mean,Woningmarkt
WK009303,-0.10368589915267125,Woningmarkt_Eigendom,weighted_mean,Woningmarkt
BU00930316,-0.1429920108375699,Woningmarkt_Eigendom,weighted_mean,Woningmarkt
BU00930317,-0.08414493246503846,Woningmarkt_Eigendom,weighted_mean,Woningmarkt
WK009304,-0.04439860366277595,Woningmarkt_Eigendom,weighted_mean,Woningmarkt
BU00930418,-0.08194988535244682,Woningmarkt_Eigendom,weighted_mean,Woningmarkt
BU00930419,-0.04170732562975303,Woningmarkt_Eigendom,weighted_mean,Woningmarkt
BU00930420,-0.10222344104034675,Woningmarkt_Eigendom,weighted_mean,Woningmarkt
WK009305,-0.12142514275171443,Woningmarkt_Eigendom,weighted_mean,Woningmarkt
BU00930521,-0.073917925242767,Woningmarkt_Eigendom,weighted_mean,Woningmarkt
BU00930522,-0.08414493246503846,Woningmarkt_Eigendom,weighted_mean,Woningmarkt
BU00930523,-0.09404416912472911,Woningmarkt_Eigendom,weighted_mean,Woningmarkt
GM0737,0.020644941796901246,Woningmarkt_Eigendom,weighted_mean,Woningmarkt
WK073700,0.07304420237234543,Woningmarkt_Eigendom,weighted_mean,Woningmarkt
BU07370000,0.0790014948866701,Woningmarkt_Eigendom,weighted_mean,Woningmarkt
BU07370009,-0.08279380581194225,Woningmarkt_Eigendom,weighted_mean,Woningmarkt
WK073701,0.04943054550503254,Woningmarkt_Eigendom,weighted_mean,Woningmarkt
BU07370100,0.025028661777677735,Woningmarkt_Eigendom,weighted_mean,Woningmarkt
BU07370101,0.0683875329003981,Woningmarkt_Eigendom,weighted_mean,Woningmarkt
BU07370102,-0.06594615221876869,Woningmarkt_Eigendom,weighted_mean,Woningmarkt
BU07370108,-0.01846403519905296,Woningmarkt_Eigendom,weighted_mean,Woningmarkt
BU07370109,0.19808948077609959,Woningmarkt_Eigendom,weighted_mean,Woningmarkt
WK073702,0.009724007849191961,Woningmarkt_Eigendom,weighted_mean,Woningmarkt
BU07370200,0.057804230550064235,Woningmarkt_Eigendom,weighted_mean,Woningmarkt
BU07370201,0.013369133533519609,Woningmarkt_Eigendom,weighted_mean,Woningmarkt
BU07370208,-0.10551598283406328,Woningmarkt_Eigendom,weighted_mean,Woningmarkt
BU07370209,-0.09911521607254643,Woningmarkt_Eigendom,weighted_mean,Woningmarkt
WK073703,0.0016884911296671766,Woningmarkt_Eigendom,weighted_mean,Woningmarkt
BU07370300,0.019245652200520477,Woningmarkt_Eigendom,weighted_mean,Woningmarkt
BU07370309,-0.09928226368699229,Woningmarkt_Eigendom,weighted_mean,Woningmarkt
WK073704,-0.11531628135115202,Woningmarkt_Eigendom,weighted_mean,Woningmarkt
BU07370400,-0.15187020156026745,Woningmarkt_Eigendom,weighted_mean,Woningmarkt
BU07370401,-0.058162883424548964,Woningmarkt_Eigendom,weighted_mean,Woningmarkt
BU07370408,-0.03156447449265895,Woningmarkt_Eigendom,weighted_mean,Woningmarkt
BU07370409,-0.008719669875186395,Woningmarkt_Eigendom,weighted_mean,Woningmarkt
WK073705,-0.024961760651819327,Woningmarkt_Eigendom,weighted_mean,Woningmarkt
BU07370500,0.03595284057200189,Woningmarkt_Eigendom,weighted_mean,Woningmarkt
BU07370501,-0.022531011782916457,Woningmarkt_Eigendom,weighted_mean,Woningmarkt
BU07370508,-0.01777592925636698,Woningmarkt_Eigendom,weighted_mean,Woningmarkt
BU07370509,-0.1443229469136777,Woningmarkt_Eigendom,weighted_mean,Woningmarkt
WK073706,0.03132728484361577,Woningmarkt_Eigendom,weighted_mean,Woningmarkt
BU07370600,0.07023291547723359,Woningmarkt_Eigendom,weighted_mean,Woningmarkt
BU07370609,-0.08766399323582218,Woningmarkt_Eigendom,weighted_mean,Woningmarkt
WK073707,0.01746520108272154,Woningmarkt_Eigendom,weighted_mean,Woningmarkt
BU07370700,0.027067619281373897,Woningmarkt_Eigendom,weighted_mean,Woningmarkt
BU07370701,0.08712384964161787,Woningmarkt_Eigendom,weighted_mean,Woningmarkt
BU07370708,-0.09211059435724286,Woningmarkt_Eigendom,weighted_mean,Woningmarkt
BU07370709,-0.016891684733896725,Woningmarkt_Eigendom,weighted_mean,Woningmarkt
WK073708,0.04136796474496153,Woningmarkt_Eigendom,weighted_mean,Woningmarkt
BU07370800,0.06415555487391164,Woningmarkt_Eigendom,weighted_mean,Woningmarkt
BU07370809,-0.035415882806197604,Woningmarkt_Eigendom,weighted_mean,Woningmarkt
WK073709,-0.01723523867195465,Woningmarkt_Eigendom,weighted_mean,Woningmarkt
BU07370900,-0.023732968271290386,Woningmarkt_Eigendom,weighted_mean,Woningmarkt
BU07370909,-0.1056114596217908,Woningmarkt_Eigendom,weighted_mean,Woningmarkt
GM0096,0.2709203447330113,Woningmarkt_Eigendom,weighted_mean,Woningmarkt
WK009600,0.2709203447330113,Woningmarkt_Eigendom,weighted_mean,Woningmarkt
BU00960000,0.27226746979961425,Woningmarkt_Eigendom,weighted_mean,Woningmarkt
BU00960009,0.030017410999102163,Woningmarkt_Eigendom,weighted_mean,Woningmarkt
GM1949,0.07205980939234971,Woningmarkt_Eigendom,weighted_mean,Woningmarkt
WK194915,0.007075750552249783,Woningmarkt_Eigendom,weighted_mean,Woningmarkt
BU19491500,0.117379855518656,Woningmarkt_Eigendom,weighted_mean,Woningmarkt
BU19491501,-0.008606019341208526,Woningmarkt_Eigendom,weighted_mean,Woningmarkt
WK194916,0.18579803066373568,Woningmarkt_Eigendom,weighted_mean,Woningmarkt
BU19491600,-0.07998594097806677,Woningmarkt_Eigendom,weighted_mean,Woningmarkt
BU19491601,-0.10750328499594354,Woningmarkt_Eigendom,weighted_mean,Woningmarkt
BU19491602,0.3445492476260515,Woningmarkt_Eigendom,weighted_mean,Woningmarkt
BU19491603,-0.06986755014003673,Woningmarkt_Eigendom,weighted_mean,Woningmarkt
BU19491604,0.24586870412925335,Woningmarkt_Eigendom,weighted_mean,Woningmarkt
BU19491605,0.20155735709807243,Woningmarkt_Eigendom,weighted_mean,Woningmarkt
BU19491606,-0.11804555875526361,Woningmarkt_Eigendom,weighted_mean,Woningmarkt
WK194917,-0.16311633629600322,Woningmarkt_Eigendom,weighted_mean,Woningmarkt
BU19491700,-0.16311633629600322,Woningmarkt_Eigendom,weighted_mean,Woningmarkt
WK194918,0.06696490575787843,Woningmarkt_Eigendom,weighted_mean,Woningmarkt
BU19491800,-0.15174791008482558,Woningmarkt_Eigendom,weighted_mean,Woningmarkt
BU19491801,0.018519738066252518,Woningmarkt_Eigendom,weighted_mean,Woningmarkt
BU19491802,0.13565702650328923,Woningmarkt_Eigendom,weighted_mean,Woningmarkt
BU19491803,-0.11804555875526361,Woningmarkt_Eigendom,weighted_mean,Woningmarkt
BU19491804,-0.13144047441694867,Woningmarkt_Eigendom,weighted_mean,Woningmarkt
WK194919,0.009211670893764803,Woningmarkt_Eigendom,weighted_mean,Woningmarkt
BU19491900,-0.10833852306817295,Woningmarkt_Eigendom,weighted_mean,Woningmarkt
BU19491901,0.014739900579432204,Woningmarkt_Eigendom,weighted_mean,Woningmarkt
WK194920,-0.011712193990616508,Woningmarkt_Eigendom,weighted_mean,Woningmarkt
BU19492000,-0.08185785086731712,Woningmarkt_Eigendom,weighted_mean,Woningmarkt
BU19492001,0.0046484829714916395,Woningmarkt_Eigendom,weighted_mean,Woningmarkt
WK194921,0.031735859625931076,Woningmarkt_Eigendom,weighted_mean,Woningmarkt
BU19492100,0.031735859625931076,Woningmarkt_Eigendom,weighted_mean,Woningmarkt
WK194922,-0.0951255803428803,Woningmarkt_Eigendom,weighted_mean,Woningmarkt
BU19492200,-0.08414493246503846,Woningmarkt_Eigendom,weighted_mean,Woningmarkt
WK194923,0.048038491231373354,Woningmarkt_Eigendom,weighted_mean,Woningmarkt
BU19492300,-0.08414493246503846,Woningmarkt_Eigendom,weighted_mean,Woningmarkt
BU19492301,0.05978602864557687,Woningmarkt_Eigendom,weighted_mean,Woningmarkt
WK194924,-0.05228314330453336,Woningmarkt_Eigendom,weighted_mean,Woningmarkt
BU19492400,-0.09519166851741916,Woningmarkt_Eigendom,weighted_mean,Woningmarkt
BU19492401,-0.04675342756877458,Woningmarkt_Eigendom,weighted_mean,Woningmarkt
WK194925,0.11217984438156176,Woningmarkt_Eigendom,weighted_mean,Woningmarkt
BU19492500,-0.1421368572804381,Woningmarkt_Eigendom,weighted_mean,Woningmarkt
BU19492501,0.15037375463335334,Woningmarkt_Eigendom,weighted_mean,Woningmarkt
WK194926,-0.015091605506494864,Woningmarkt_Eigendom,weighted_mean,Woningmarkt
BU19492600,0.013557010121519698,Woningmarkt_Eigendom,weighted_mean,Woningmarkt
BU19492601,-0.12119655819929906,Woningmarkt_Eigendom,weighted_mean,Woningmarkt
BU19492602,0.13819482717909876,Woningmarkt_Eigendom,weighted_mean,Woningmarkt
BU19492603,-0.20567243813794106,Woningmarkt_Eigendom,weighted_mean,Woningmarkt
BU19492604,-0.03434984313083694,Woningmarkt_Eigendom,weighted_mean,Woningmarkt
WK194927,-0.040699744778070555,Woningmarkt_Eigendom,weighted_mean,Woningmarkt
BU19492700,-0.040699744778070555,Woningmarkt_Eigendom,weighted_mean,Woningmarkt
WK194928,0.07624385857142758,Woningmarkt_Eigendom,weighted_mean,Woningmarkt
BU19492800,-0.08185785086731712,Woningmarkt_Eigendom,weighted_mean,Woningmarkt
BU19492801,-0.07282268444139006,Woningmarkt_Eigendom,weighted_mean,Woningmarkt
BU19492802,0.1465683111498055,Woningmarkt_Eigendom,weighted_mean,Woningmarkt
BU19492803,-0.08877945414441155,Woningmarkt_Eigendom,weighted_mean,Woningmarkt
BU19492804,0.24498839500255087,Woningmarkt_Eigendom,weighted_mean,Woningmarkt
BU19492805,-0.13220373837396096,Woningmarkt_Eigendom,weighted_mean,Woningmarkt
BU19492806,-0.12421699012704576,Woningmarkt_Eigendom,weighted_mean,Woningmarkt
BU19492807,-0.1440489383895054,Woningmarkt_Eigendom,weighted_mean,Woningmarkt
BU19492808,0.10292941826505012,Woningmarkt_Eigendom,weighted_mean,Woningmarkt
BU19492809,0.35960871588390153,Woningmarkt_Eigendom,weighted_mean,Woningmarkt
BU19492810,0.039181877729865054,Woningmarkt_Eigendom,weighted_mean,Woningmarkt
BU19492811,0.3133105758788025,Woningmarkt_Eigendom,weighted_mean,Woningmarkt
BU19492812,-0.12841638452484835,Woningmarkt_Eigendom,weighted_mean,Woningmarkt
BU19492813,0.1063252088973472,Woningmarkt_Eigendom,weighted_mean,Woningmarkt
BU19492814,-0.09888676922097836,Woningmarkt_Eigendom,weighted_mean,Woningmarkt
BU19492815,-0.22345443812845286,Woningmarkt_Eigendom,weighted_mean,Woningmarkt
BU19492816,-0.11020892984946043,Woningmarkt_Eigendom,weighted_mean,Woningmarkt
BU19492817,-0.20790193519802785,Woningmarkt_Eigendom,weighted_mean,Woningmarkt
WK194929,0.024719667038017666,Woningmarkt_Eigendom,weighted_mean,Woningmarkt
BU19492900,0.024719667038017666,Woningmarkt_Eigendom,weighted_mean,Woningmarkt
WK194930,0.10626580489827837,Woningmarkt_Eigendom,weighted_mean,Woningmarkt
BU19493000,0.10626580489827837,Woningmarkt_Eigendom,weighted_mean,Woningmarkt
WK194931,-0.19524752965796827,Woningmarkt_Eigendom,weighted_mean,Woningmarkt
BU19493100,-0.08414493246503846,Woningmarkt_Eigendom,weighted_mean,Woningmarkt
BU19493101,-0.21567370130041788,Woningmarkt_Eigendom,weighted_mean,Woningmarkt
WK194932,0.09493167805036855,Woningmarkt_Eigendom,weighted_mean,Woningmarkt
BU19493200,-0.06999372665226108,Woningmarkt_Eigendom,weighted_mean,Woningmarkt
BU19493201,0.24222158320687232,Woningmarkt_Eigendom,weighted_mean,Woningmarkt
BU19493202,0.09839334946366207,Woningmarkt_Eigendom,weighted_mean,Woningmarkt
WK194933,-0.10043280299567775,Woningmarkt_Eigendom,weighted_mean,Woningmarkt
BU19493300,-0.08414493246503846,Woningmarkt_Eigendom,weighted_mean,Woningmarkt
WK194934,0.07058865744738177,Woningmarkt_Eigendom,weighted_mean,Woningmarkt
BU19493400,-0.0891336866708682,Woningmarkt_Eigendom,weighted_mean,Woningmarkt
BU19493401,0.09395395612479344,Woningmarkt_Eigendom,weighted_mean,Woningmarkt
WK194935,0.08100817580532133,Woningmarkt_Eigendom,weighted_mean,Woningmarkt
BU19493500,-0.07998594097806677,Woningmarkt_Eigendom,weighted_mean,Woningmarkt
BU19493501,-0.09682710424913896,Woningmarkt_Eigendom,weighted_mean,Woningmarkt
BU19493502,0.14137909509751662,Woningmarkt_Eigendom,weighted_mean,Woningmarkt
BU19493503,-0.017940700593188752,Woningmarkt_Eigendom,weighted_mean,Woningmarkt
WK194936,0.07181770966304071,Woningmarkt_Eigendom,weighted_mean,Woningmarkt
BU19493600,-0.1269721001587742,Woningmarkt_Eigendom,weighted_mean,Woningmarkt
BU19493601,-0.13144047441694867,Woningmarkt_Eigendom,weighted_mean,Woningmarkt
BU19493602,-0.02128951170003717,Woningmarkt_Eigendom,weighted_mean,Woningmarkt
BU19493603,0.17626575646861858,Woningmarkt_Eigendom,weighted_mean,Woningmarkt
WK194937,-0.04537572963331128,Woningmarkt_Eigendom,weighted_mean,Woningmarkt
BU19493700,-0.04537572963331128,Woningmarkt_Eigendom,weighted_mean,Woningmarkt
WK194938,0.07421016869256908,Woningmarkt_Eigendom,weighted_mean,Woningmarkt
BU19493800,-0.04444900939603043,Woningmarkt_Eigendom,weighted_mean,Woningmarkt
BU19493801,0.09305366409633195,Woningmarkt_Eigendom,weighted_mean,Woningmarkt
WK194939,-0.030056664286290644,Woningmarkt_Eigendom,weighted_mean,Woningmarkt
BU19493900,-0.1203950552220365,Woningmarkt_Eigendom,weighted_mean,Woningmarkt
BU19493901,0.009238762474480524,Woningmarkt_Eigendom,weighted_mean,Woningmarkt
WK194940,-0.017930015669061244,Woningmarkt_Eigendom,weighted_mean,Woningmarkt
BU19494000,-0.017930015669061244,Woningmarkt_Eigendom,weighted_mean,Woningmarkt
WK194941,-0.039670308283771286,Woningmarkt_Eigendom,weighted_mean,Woningmarkt
BU19494100,-0.039670308283771286,Woningmarkt_Eigendom,weighted_mean,Woningmarkt
WK194942,0.04234744961362939,Woningmarkt_Eigendom,weighted_mean,Woningmarkt
BU19494200,-0.07626501381812378,Woningmarkt_Eigendom,weighted_mean,Woningmarkt
BU19494201,0.03295494972813867,Woningmarkt_Eigendom,weighted_mean,Woningmarkt
WK194943,-0.004937528570572508,Woningmarkt_Eigendom,weighted_mean,Woningmarkt
BU19494300,-0.004937528570572508,Woningmarkt_Eigendom,weighted_mean,Woningmarkt
WK194944,0.17779633580625556,Woningmarkt_Eigendom,weighted_mean,Woningmarkt
BU19494400,-0.024378334517466328,Woningmarkt_Eigendom,weighted_mean,Woningmarkt
BU19494401,0.22075105446362664,Woningmarkt_Eigendom,weighted_mean,Woningmarkt
BU19494402,-0.14263076480105416,Woningmarkt_Eigendom,weighted_mean,Woningmarkt
BU19494403,-0.11378386989117031,Woningmarkt_Eigendom,weighted_mean,Woningmarkt
WK194945,-0.11645882750472841,Woningmarkt_Eigendom,weighted_mean,Woningmarkt
BU19494500,-0.11645882750472841,Woningmarkt_Eigendom,weighted_mean,Woningmarkt
WK194946,-0.13781946804171177,Woningmarkt_Eigendom,weighted_mean,Woningmarkt
BU19494600,-0.13781946804171177,Woningmarkt_Eigendom,weighted_mean,Woningmarkt
WK194947,-0.017323220301830554,Woningmarkt_Eigendom,weighted_mean,Woningmarkt
BU19494700,-0.08178682083498151,Woningmarkt_Eigendom,weighted_mean,Woningmarkt
BU19494701,-0.01179350456607178,Woningmarkt_Eigendom,weighted_mean,Woningmarkt
WK194948,0.10559755936015594,Woningmarkt_Eigendom,weighted_mean,Woningmarkt
BU19494800,-0.09997036962967831,Woningmarkt_Eigendom,weighted_mean,Woningmarkt
BU19494801,0.13478939753876756,Woningmarkt_Eigendom,weighted_mean,Woningmarkt
WK194949,0.07525225780887977,Woningmarkt_Eigendom,weighted_mean,Woningmarkt
BU19494900,0.005704470171805837,Woningmarkt_Eigendom,weighted_mean,Woningmarkt
BU19494901,0.041660829721034826,Woningmarkt_Eigendom,weighted_mean,Woningmarkt
BU19494902,0.13449108772323504,Woningmarkt_Eigendom,weighted_mean,Woningmarkt
WK194950,0.08468042061053416,Woningmarkt_Eigendom,weighted_mean,Woningmarkt
BU19495000,-0.0851059726419393,Woningmarkt_Eigendom,weighted_mean,Woningmarkt
BU19495001,0.11534716476869064,Woningmarkt_Eigendom,weighted_mean,Woningmarkt
WK194951,-0.10809067406623377,Woningmarkt_Eigendom,weighted_mean,Woningmarkt
BU19495100,-0.10809067406623377,Woningmarkt_Eigendom,weighted_mean,Woningmarkt
WK194952,0.008186220729002915,Woningmarkt_Eigendom,weighted_mean,Woningmarkt
BU19495200,0.008186220729002915,Woningmarkt_Eigendom,weighted_mean,Woningmarkt
WK194953,0.07098193486267987,Woningmarkt_Eigendom,weighted_mean,Woningmarkt
BU19495300,-0.07211348554345055,Woningmarkt_Eigendom,weighted_mean,Woningmarkt
BU19495301,0.06745390516716665,Woningmarkt_Eigendom,weighted_mean,Woningmarkt
BU19495302,-0.13144047441694867,Woningmarkt_Eigendom,weighted_mean,Woningmarkt
WK194954,-0.0550445378009221,Woningmarkt_Eigendom,weighted_mean,Woningmarkt
BU19495400,-0.08673003352925039,Woningmarkt_Eigendom,weighted_mean,Woningmarkt
BU19495401,-0.053041365710585105,Woningmarkt_Eigendom,weighted_mean,Woningmarkt
WK194955,-0.09614175798757776,Woningmarkt_Eigendom,weighted_mean,Woningmarkt
BU19495500,-0.09614175798757776,Woningmarkt_Eigendom,weighted_mean,Woningmarkt
GM0098,0.10508569990595196,Woningmarkt_Eigendom,weighted_mean,Woningmarkt
WK009800,0.16852798529632548,Woningmarkt_Eigendom,weighted_mean,Woningmarkt
BU00980001,-0.12421699012704576,Woningmarkt_Eigendom,weighted_mean,Woningmarkt
BU00980002,-0.057556684012357966,Woningmarkt_Eigendom,weighted_mean,Woningmarkt
BU00980003,-0.05827852505001081,Woningmarkt_Eigendom,weighted_mean,Woningmarkt
BU00980004,0.28544978808354576,Woningmarkt_Eigendom,weighted_mean,Woningmarkt
BU00980005,0.2724555380419642,Woningmarkt_Eigendom,weighted_mean,Woningmarkt
BU00980006,0.07622780691886702,Woningmarkt_Eigendom,weighted_mean,Woningmarkt
BU00980007,-0.02768685640031758,Woningmarkt_Eigendom,weighted_mean,Woningmarkt
BU00980008,0.12309229339798797,Woningmarkt_Eigendom,weighted_mean,Woningmarkt
BU00980009,0.10863936681882824,Woningmarkt_Eigendom,weighted_mean,Woningmarkt
BU00980010,0.374002515356994,Woningmarkt_Eigendom,weighted_mean,Woningmarkt
BU00980011,0.133743858821051,Woningmarkt_Eigendom,weighted_mean,Woningmarkt
BU00980012,0.3822773920006054,Woningmarkt_Eigendom,weighted_mean,Woningmarkt
BU00980013,0.40114417023308135,Woningmarkt_Eigendom,weighted_mean,Woningmarkt
BU00980014,0.047313916790297936,Woningmarkt_Eigendom,weighted_mean,Woningmarkt
BU00980015,0.02267106437969786,Woningmarkt_Eigendom,weighted_mean,Woningmarkt
BU00980016,0.4093660224101757,Woningmarkt_Eigendom,weighted_mean,Woningmarkt
BU00980017,-0.24457446498621857,Woningmarkt_Eigendom,weighted_mean,Woningmarkt
BU00980018,0.5410764468966831,Woningmarkt_Eigendom,weighted_mean,Woningmarkt
BU00980019,-0.03588491798597325,Woningmarkt_Eigendom,weighted_mean,Woningmarkt
BU00980020,-0.2168846285144368,Woningmarkt_Eigendom,weighted_mean,Woningmarkt
BU00980021,0.32916979206237107,Woningmarkt_Eigendom,weighted_mean,Woningmarkt
WK009801,-0.10426582060527934,Woningmarkt_Eigendom,weighted_mean,Woningmarkt
BU00980101,-0.13132322449246742,Woningmarkt_Eigendom,weighted_mean,Woningmarkt
BU00980102,-0.07246749625724473,Woningmarkt_Eigendom,weighted_mean,Woningmarkt
BU00980103,-0.11630246481440999,Woningmarkt_Eigendom,weighted_mean,Woningmarkt
BU00980104,-0.09928226368699229,Woningmarkt_Eigendom,weighted_mean,Woningmarkt
WK009802,-0.04061147577289513,Woningmarkt_Eigendom,weighted_mean,Woningmarkt
BU00980201,-0.1262839942160882,Woningmarkt_Eigendom,weighted_mean,Woningmarkt
BU00980202,0.015071719530699884,Woningmarkt_Eigendom,weighted_mean,Woningmarkt
WK009803,-0.07806357027522311,Woningmarkt_Eigendom,weighted_mean,Woningmarkt
BU00980301,-0.09769225281011708,Woningmarkt_Eigendom,weighted_mean,Woningmarkt
BU00980302,-0.08023378998000602,Woningmarkt_Eigendom,weighted_mean,Woningmarkt
BU00980303,-0.12499950093729763,Woningmarkt_Eigendom,weighted_mean,Woningmarkt
BU00980304,-0.031704371299480866,Woningmarkt_Eigendom,weighted_mean,Woningmarkt
BU00980305,-0.07784805708523718,Woningmarkt_Eigendom,weighted_mean,Woningmarkt
WK009804,-0.033897956090572064,Woningmarkt_Eigendom,weighted_mean,Woningmarkt
BU00980401,0.007138118358362706,Woningmarkt_Eigendom,weighted_mean,Woningmarkt
BU00980402,-0.028675366712056394,Woningmarkt_Eigendom,weighted_mean,Woningmarkt
BU00980403,-0.08604192758656444,Woningmarkt_Eigendom,weighted_mean,Woningmarkt
WK009805,-0.10441497551304565,Woningmarkt_Eigendom,weighted_mean,Woningmarkt
BU00980501,-0.06861751476688914,Woningmarkt_Eigendom,weighted_mean,Woningmarkt
BU00980502,-0.1418364971465132,Woningmarkt_Eigendom,weighted_mean,Woningmarkt
WK009806,-0.11169801909914878,Woningmarkt_Eigendom,weighted_mean,Woningmarkt
BU00980601,-0.12142249647828243,Woningmarkt_Eigendom,weighted_mean,Woningmarkt
BU00980602,-0.09791873196380128,Woningmarkt_Eigendom,weighted_mean,Woningmarkt
WK009807,0.02318709246232736,Woningmarkt_Eigendom,weighted_mean,Woningmarkt
BU00980701,0.05261957186032615,Woningmarkt_Eigendom,weighted_mean,Woningmarkt
BU00980702,-0.13978485948063624,Woningmarkt_Eigendom,weighted_mean,Woningmarkt
WK009808,-0.007481646933882501,Woningmarkt_Eigendom,weighted_mean,Woningmarkt
BU00980801,0.0716675363793505,Woningmarkt_Eigendom,weighted_mean,Woningmarkt
BU00980802,-0.12876320866053118,Woningmarkt_Eigendom,weighted_mean,Woningmarkt
WK009809,-0.046615238624706526,Woningmarkt_Eigendom,weighted_mean,Woningmarkt
BU00980901,0.049105708377085173,Woningmarkt_Eigendom,weighted_mean,Woningmarkt
BU00980902,-0.06305722616226996,Woningmarkt_Eigendom,weighted_mean,Woningmarkt
BU00980903,-0.10833852306817295,Woningmarkt_Eigendom,weighted_mean,Woningmarkt
WK009810,0.20966500891261647,Woningmarkt_Eigendom,weighted_mean,Woningmarkt
BU00981001,0.18558793477303956,Woningmarkt_Eigendom,weighted_mean,Woningmarkt
BU00981002,-0.08341558101257804,Woningmarkt_Eigendom,weighted_mean,Woningmarkt
BU00981003,0.11314997147090548,Woningmarkt_Eigendom,weighted_mean,Woningmarkt
BU00981004,0.394701868785575,Woningmarkt_Eigendom,weighted_mean,Woningmarkt
BU00981005,0.5035967894590058,Woningmarkt_Eigendom,weighted_mean,Woningmarkt
BU00981006,-0.12828040403047591,Woningmarkt_Eigendom,weighted_mean,Woningmarkt
BU00981007,-0.23328863064579652,Woningmarkt_Eigendom,weighted_mean,Woningmarkt
BU00981008,-0.07046577853026034,Woningmarkt_Eigendom,weighted_mean,Woningmarkt
BU00981009,-0.13576783037583479,Woningmarkt_Eigendom,weighted_mean,Woningmarkt
WK009811,-0.10326496174178718,Woningmarkt_Eigendom,weighted_mean,Woningmarkt
BU00981101,-0.04900444866105073,Woningmarkt_Eigendom,weighted_mean,Woningmarkt
BU00981102,-0.15361981997407592,Woningmarkt_Eigendom,weighted_mean,Woningmarkt
WK009812,0.13270693350462887,Woningmarkt_Eigendom,weighted_mean,Woningmarkt
BU00981201,0.13270693350462887,Woningmarkt_Eigendom,weighted_mean,Woningmarkt
WK009813,0.0214924059236885,Woningmarkt_Eigendom,weighted_mean,Woningmarkt
BU00981301,0.11657023127018958,Woningmarkt_Eigendom,weighted_mean,Woningmarkt
BU00981302,-0.09185006519312285,Woningmarkt_Eigendom,weighted_mean,Woningmarkt
WK009814,-0.05875257216606341,Woningmarkt_Eigendom,weighted_mean,Woningmarkt
BU00981401,0.013372610675095018,Woningmarkt_Eigendom,weighted_mean,Woningmarkt
BU00981402,-0.123723978384152,Woningmarkt_Eigendom,weighted_mean,Woningmarkt
WK009815,-0.01903156386477968,Woningmarkt_Eigendom,weighted_mean,Woningmarkt
BU00981501,-0.027708712042934406,Woningmarkt_Eigendom,weighted_mean,Woningmarkt
BU00981502,0.0003365895059942031,Woningmarkt_Eigendom,weighted_mean,Woningmarkt
GM0059,0.26694634078886825,Welvaart_Kwetsbaarheid,entropy,Welvaart
WK005900,0.26501222857042755,Welvaart_Kwetsbaarheid,entropy,Welvaart
BU00590000,0.22545719076630946,Welvaart_Kwetsbaarheid,entropy,Welvaart
BU00590001,0.2684650261133896,Welvaart_Kwetsbaarheid,entropy,Welvaart
BU00590002,0.2616880108061924,Welvaart_Kwetsbaarheid,entropy,Welvaart
BU00590003,0.3106822342043213,Welvaart_Kwetsbaarheid,entropy,Welvaart
BU00590004,0.26355033542652817,Welvaart_Kwetsbaarheid,entropy,Welvaart
BU00590005,0.26132308791567477,Welvaart_Kwetsbaarheid,entropy,Welvaart
BU00590006,0.2694183454119191,Welvaart_Kwetsbaarheid,entropy,Welvaart
BU00590007,0.23442966440875776,Welvaart_Kwetsbaarheid,entropy,Welvaart
BU00590008,0.2418228524035667,Welvaart_Kwetsbaarheid,entropy,Welvaart
BU00590009,0.2473817590869811,Welvaart_Kwetsbaarheid,entropy,Welvaart
WK005901,0.25776366252350574,Welvaart_Kwetsbaarheid,entropy,Welvaart
BU00590100,0.22472981528468833,Welvaart_Kwetsbaarheid,entropy,Welvaart
BU00590102,0.22130288950402593,Welvaart_Kwetsbaarheid,entropy,Welvaart
BU00590103,0.2618195273293518,Welvaart_Kwetsbaarheid,entropy,Welvaart
BU00590107,0.24019722912967306,Welvaart_Kwetsbaarheid,entropy,Welvaart
BU00590108,0.2761422045453767,Welvaart_Kwetsbaarheid,entropy,Welvaart
BU00590109,0.2682945510077002,Welvaart_Kwetsbaarheid,entropy,Welvaart
WK005902,0.2681771394733305,Welvaart_Kwetsbaarheid,entropy,Welvaart
BU00590200,0.27624240007845485,Welvaart_Kwetsbaarheid,entropy,Welvaart
BU00590201,0.27457429915651893,Welvaart_Kwetsbaarheid,entropy,Welvaart
BU00590202,0.23487730683048175,Welvaart_Kwetsbaarheid,entropy,Welvaart
BU00590203,0.2604979080531386,Welvaart_Kwetsbaarheid,entropy,Welvaart
BU00590206,0.2980441925268131,Welvaart_Kwetsbaarheid,entropy,Welvaart
BU00590207,0.2423266312315457,Welvaart_Kwetsbaarheid,entropy,Welvaart
BU00590208,0.26649188954306413,Welvaart_Kwetsbaarheid,entropy,Welvaart
BU00590209,0.30246750729434563,Welvaart_Kwetsbaarheid,entropy,Welvaart
GM0060,0.2512757002481397,Welvaart_Kwetsbaarheid,entropy,Welvaart
WK006000,0.2520652281204284,Welvaart_Kwetsbaarheid,entropy,Welvaart
BU00600000,0.2399505717043311,Welvaart_Kwetsbaarheid,entropy,Welvaart
BU00600001,0.2398539380840426,Welvaart_Kwetsbaarheid,entropy,Welvaart
BU00600002,0.24985907135267266,Welvaart_Kwetsbaarheid,entropy,Welvaart
BU00600003,0.20660591110918028,Welvaart_Kwetsbaarheid,entropy,Welvaart
BU00600007,0.286202892033472,Welvaart_Kwetsbaarheid,entropy,Welvaart
BU00600008,0.2805020834626764,Welvaart_Kwetsbaarheid,entropy,Welvaart
BU00600009,0.30277971444315965,Welvaart_Kwetsbaarheid,entropy,Welvaart
GM1891,0.2713420503762334,Welvaart_Kwetsbaarheid,entropy,Welvaart
WK189100,0.2657519820810901,Welvaart_Kwetsbaarheid,entropy,Welvaart
BU18910000,0.25005698444395347,Welvaart_Kwetsbaarheid,entropy,Welvaart
BU18910001,0.22786093056232398,Welvaart_Kwetsbaarheid,entropy,Welvaart
BU18910002,0.2850296919423329,Welvaart_Kwetsbaarheid,entropy,Welvaart
BU18910008,0.28130490508851896,Welvaart_Kwetsbaarheid,entropy,Welvaart
BU18910009,0.2899355736295163,Welvaart_Kwetsbaarheid,entropy,Welvaart
WK189101,0.2617174853247372,Welvaart_Kwetsbaarheid,entropy,Welvaart
BU18910100,0.2688830387187953,Welvaart_Kwetsbaarheid,entropy,Welvaart
BU18910101,0.25105821535769274,Welvaart_Kwetsbaarheid,entropy,Welvaart
BU18910108,0.26302573613471597,Welvaart_Kwetsbaarheid,entropy,Welvaart
BU18910109,0.24927277035261722,Welvaart_Kwetsbaarheid,entropy,Welvaart
WK189102,0.2573811026028163,Welvaart_Kwetsbaarheid,entropy,Welvaart
BU18910200,0.27383700991976484,Welvaart_Kwetsbaarheid,entropy,Welvaart
BU18910201,0.2836045557344292,Welvaart_Kwetsbaarheid,entropy,Welvaart
BU18910202,0.2505973637255534,Welvaart_Kwetsbaarheid,entropy,Welvaart
BU18910208,0.31811396555370297,Welvaart_Kwetsbaarheid,entropy,Welvaart
BU18910209,0.3126024299517436,Welvaart_Kwetsbaarheid,entropy,Welvaart
WK189103,0.252379964763631,Welvaart_Kwetsbaarheid,entropy,Welvaart
BU18910300,0.23420964278877737,Welvaart_Kwetsbaarheid,entropy,Welvaart
BU18910301,0.23839105626942433,Welvaart_Kwetsbaarheid,entropy,Welvaart
BU18910309,0.2696764306102657,Welvaart_Kwetsbaarheid,entropy,Welvaart
GM1940,0.279078499249996,Welvaart_Kwetsbaarheid,entropy,Welvaart
WK194001,0.29847944007812327,Welvaart_Kwetsbaarheid,entropy,Welvaart
BU19400101,0.29242242290201476,Welvaart_Kwetsbaarheid,entropy,Welvaart
WK194002,0.2458891234091739,Welvaart_Kwetsbaarheid,entropy,Welvaart
BU19400201,0.221992183273045,Welvaart_Kwetsbaarheid,entropy,Welvaart
WK194003,0.2561156454333632,Welvaart_Kwetsbaarheid,entropy,Welvaart
BU19400301,0.2654564267643258,Welvaart_Kwetsbaarheid,entropy,Welvaart
WK194004,0.2803438781507953,Welvaart_Kwetsbaarheid,entropy,Welvaart
BU19400401,0.28707512145953945,Welvaart_Kwetsbaarheid,entropy,Welvaart
WK194005,0.31895415042770286,Welvaart_Kwetsbaarheid,entropy,Welvaart
BU19400501,0.30615401650581436,Welvaart_Kwetsbaarheid,entropy,Welvaart
WK194006,0.36195788856685557,Welvaart_Kwetsbaarheid,entropy,Welvaart
BU19400601,0.3990388512861053,Welvaart_Kwetsbaarheid,entropy,Welvaart
WK194007,0.2526781536715999,Welvaart_Kwetsbaarheid,entropy,Welvaart
BU19400701,0.26487037725314694,Welvaart_Kwetsbaarheid,entropy,Welvaart
BU19400702,0.2987917779329224,Welvaart_Kwetsbaarheid,entropy,Welvaart
WK194008,0.33967124637885276,Welvaart_Kwetsbaarheid,entropy,Welvaart
BU19400801,0.4056639528767353,Welvaart_Kwetsbaarheid,entropy,Welvaart
WK194009,0.26573709955642166,Welvaart_Kwetsbaarheid,entropy,Welvaart
BU19400901,0.2691378194801565,Welvaart_Kwetsbaarheid,entropy,Welvaart
WK194010,0.24161876400218996,Welvaart_Kwetsbaarheid,entropy,Welvaart
BU19401001,0.2600467683263374,Welvaart_Kwetsbaarheid,entropy,Welvaart
WK194011,0.22925413025523234,Welvaart_Kwetsbaarheid,entropy,Welvaart
BU19401101,0.29666031357791045,Welvaart_Kwetsbaarheid,entropy,Welvaart
BU19401102,0.23775456161665787,Welvaart_Kwetsbaarheid,entropy,Welvaart
WK194012,0.23023842884820012,Welvaart_Kwetsbaarheid,entropy,Welvaart
BU19401201,0.26480678935667507,Welvaart_Kwetsbaarheid,entropy,Welvaart
WK194013,0.2561026761148799,Welvaart_Kwetsbaarheid,entropy,Welvaart
BU19401301,0.23925616042482675,Welvaart_Kwetsbaarheid,entropy,Welvaart
WK194014,0.30335260547180887,Welvaart_Kwetsbaarheid,entropy,Welvaart
BU19401401,0.3186436927032349,Welvaart_Kwetsbaarheid,entropy,Welvaart
WK194015,0.27841402944087,Welvaart_Kwetsbaarheid,entropy,Welvaart
BU19401501,0.2742119084205046,Welvaart_Kwetsbaarheid,entropy,Welvaart
WK194016,0.29469822187809314,Welvaart_Kwetsbaarheid,entropy,Welvaart
BU19401601,0.287730077860582,Welvaart_Kwetsbaarheid,entropy,Welvaart
WK194017,0.2698256238467581,Welvaart_Kwetsbaarheid,entropy,Welvaart
BU19401701,0.2754659836385886,Welvaart_Kwetsbaarheid,entropy,Welvaart
WK194018,0.24128352725143543,Welvaart_Kwetsbaarheid,entropy,Welvaart
BU19401801,0.24180712802397797,Welvaart_Kwetsbaarheid,entropy,Welvaart
WK194019,0.2687697257354694,Welvaart_Kwetsbaarheid,entropy,Welvaart
BU19401901,0.2635500629693567,Welvaart_Kwetsbaarheid,entropy,Welvaart
BU19401902,0.2789360316326828,Welvaart_Kwetsbaarheid,entropy,Welvaart
BU19401903,0.2404258891852611,Welvaart_Kwetsbaarheid,entropy,Welvaart
BU19401904,0.209051556889077,Welvaart_Kwetsbaarheid,entropy,Welvaart
BU19401905,0.24969624829390807,Welvaart_Kwetsbaarheid,entropy,Welvaart
BU19401906,0.21719279459910026,Welvaart_Kwetsbaarheid,entropy,Welvaart
BU19401907,0.2535483571459031,Welvaart_Kwetsbaarheid,entropy,Welvaart
BU19401908,0.3077937249445196,Welvaart_Kwetsbaarheid,entropy,Welvaart
BU19401909,0.24614772029947302,Welvaart_Kwetsbaarheid,entropy,Welvaart
BU19401910,0.29340346947699814,Welvaart_Kwetsbaarheid,entropy,Welvaart
WK194020,0.23226718772592708,Welvaart_Kwetsbaarheid,entropy,Welvaart
BU19402001,0.23271432931590308,Welvaart_Kwetsbaarheid,entropy,Welvaart
WK194021,0.25751156335836556,Welvaart_Kwetsbaarheid,entropy,Welvaart
BU19402101,0.2627961107723496,Welvaart_Kwetsbaarheid,entropy,Welvaart
WK194022,0.23750456294838357,Welvaart_Kwetsbaarheid,entropy,Welvaart
BU19402201,0.21048705776834975,Welvaart_Kwetsbaarheid,entropy,Welvaart
WK194023,0.2790133981383409,Welvaart_Kwetsbaarheid,entropy,Welvaart
BU19402301,0.31367066967215,Welvaart_Kwetsbaarheid,entropy,Welvaart
BU19402302,0.22490278972645425,Welvaart_Kwetsbaarheid,entropy,Welvaart
BU19402303,0.3531430353343249,Welvaart_Kwetsbaarheid,entropy,Welvaart
BU19402304,0.3327764456022128,Welvaart_Kwetsbaarheid,entropy,Welvaart
BU19402305,0.25818514929174574,Welvaart_Kwetsbaarheid,entropy,Welvaart
BU19402306,0.29662991798470456,Welvaart_Kwetsbaarheid,entropy,Welvaart
BU19402307,0.34681835200620886,Welvaart_Kwetsbaarheid,entropy,Welvaart
BU19402308,0.2611429963694183,Welvaart_Kwetsbaarheid,entropy,Welvaart
WK194024,0.3035836510552674,Welvaart_Kwetsbaarheid,entropy,Welvaart
BU19402401,0.2948431583278579,Welvaart_Kwetsbaarheid,entropy,Welvaart
WK194025,0.30734575753365745,Welvaart_Kwetsbaarheid,entropy,Welvaart
BU19402501,0.24669708061334883,Welvaart_Kwetsbaarheid,entropy,Welvaart
WK194026,0.2783224486350511,Welvaart_Kwetsbaarheid,entropy,Welvaart
BU19402601,0.28716111707782366,Welvaart_Kwetsbaarheid,entropy,Welvaart
WK194027,0.288866256990452,Welvaart_Kwetsbaarheid,entropy,Welvaart
BU19402701,0.28903964862872356,Welvaart_Kwetsbaarheid,entropy,Welvaart
WK194028,0.23881066421380337,Welvaart_Kwetsbaarheid,entropy,Welvaart
BU19402801,0.26745890844312104,Welvaart_Kwetsbaarheid,entropy,Welvaart
BU19402802,0.2607719890508796,Welvaart_Kwetsbaarheid,entropy,Welvaart
WK194029,0.2533450956089017,Welvaart_Kwetsbaarheid,entropy,Welvaart
BU19402901,0.23980604191116636,Welvaart_Kwetsbaarheid,entropy,Welvaart
WK194030,0.25966172421711087,Welvaart_Kwetsbaarheid,entropy,Welvaart
BU19403001,0.23900578908928016,Welvaart_Kwetsbaarheid,entropy,Welvaart
WK194031,0.2566155399943369,Welvaart_Kwetsbaarheid,entropy,Welvaart
BU19403101,0.26954546686410447,Welvaart_Kwetsbaarheid,entropy,Welvaart
WK194032,0.2593919356003501,Welvaart_Kwetsbaarheid,entropy,Welvaart
BU19403201,0.270581193994629,Welvaart_Kwetsbaarheid,entropy,Welvaart
WK194033,0.29682211036328937,Welvaart_Kwetsbaarheid,entropy,Welvaart
BU19403301,0.3007131302307826,Welvaart_Kwetsbaarheid,entropy,Welvaart
WK194034,0.2964128053729251,Welvaart_Kwetsbaarheid,entropy,Welvaart
BU19403401,0.3022663756024915,Welvaart_Kwetsbaarheid,entropy,Welvaart
WK194035,0.2617413698219193,Welvaart_Kwetsbaarheid,entropy,Welvaart
BU19403501,0.31305950920087333,Welvaart_Kwetsbaarheid,entropy,Welvaart
WK194036,0.2878678833011059,Welvaart_Kwetsbaarheid,entropy,Welvaart
BU19403601,0.2682588790242109,Welvaart_Kwetsbaarheid,entropy,Welvaart
WK194037,0.26137645707425705,Welvaart_Kwetsbaarheid,entropy,Welvaart
BU19403701,0.2505056380904938,Welvaart_Kwetsbaarheid,entropy,Welvaart
WK194038,0.24677872185992544,Welvaart_Kwetsbaarheid,entropy,Welvaart
BU19403801,0.22773420764391372,Welvaart_Kwetsbaarheid,entropy,Welvaart
WK194039,0.29093390923653556,Welvaart_Kwetsbaarheid,entropy,Welvaart
BU19403901,0.2843237326680069,Welvaart_Kwetsbaarheid,entropy,Welvaart
WK194040,0.23640484723374372,Welvaart_Kwetsbaarheid,entropy,Welvaart
BU19404001,0.2474673706815968,Welvaart_Kwetsbaarheid,entropy,Welvaart
WK194041,0.2635454906229603,Welvaart_Kwetsbaarheid,entropy,Welvaart
BU19404101,0.24880919275042335,Welvaart_Kwetsbaarheid,entropy,Welvaart
WK194042,0.24572927422219168,Welvaart_Kwetsbaarheid,entropy,Welvaart
BU19404201,0.2422631161510689,Welvaart_Kwetsbaarheid,entropy,Welvaart
WK194043,0.2452892715219463,Welvaart_Kwetsbaarheid,entropy,Welvaart
BU19404301,0.25233815087595696,Welvaart_Kwetsbaarheid,entropy,Welvaart
WK194044,0.2903406959628927,Welvaart_Kwetsbaarheid,entropy,Welvaart
BU19404401,0.3245181736285748,Welvaart_Kwetsbaarheid,entropy,Welvaart
WK194045,0.2549591328079493,Welvaart_Kwetsbaarheid,entropy,Welvaart
BU19404501,0.25909938722470377,Welvaart_Kwetsbaarheid,entropy,Welvaart
WK194046,0.2721064183075877,Welvaart_Kwetsbaarheid,entropy,Welvaart
BU19404601,0.3237551976863725,Welvaart_Kwetsbaarheid,entropy,Welvaart
WK194047,0.24308199573569314,Welvaart_Kwetsbaarheid,entropy,Welvaart
BU19404701,0.25642074914595964,Welvaart_Kwetsbaarheid,entropy,Welvaart
WK194048,0.2783463349411212,Welvaart_Kwetsbaarheid,entropy,Welvaart
BU19404801,0.2746485410572563,Welvaart_Kwetsbaarheid,entropy,Welvaart
WK194049,0.29548792416582326,Welvaart_Kwetsbaarheid,entropy,Welvaart
BU19404901,0.25468265064454076,Welvaart_Kwetsbaarheid,entropy,Welvaart
WK194050,0.26998962744847094,Welvaart_Kwetsbaarheid,entropy,Welvaart
BU19405001,0.27193526631956394,Welvaart_Kwetsbaarheid,entropy,Welvaart
WK194051,0.2643868406314096,Welvaart_Kwetsbaarheid,entropy,Welvaart
BU19405101,0.2652692287145097,Welvaart_Kwetsbaarheid,entropy,Welvaart
GM0072,0.2432797725688362,Welvaart_Kwetsbaarheid,entropy,Welvaart
WK007200,0.25026211930835146,Welvaart_Kwetsbaarheid,entropy,Welvaart
BU00720001,0.26382029425069586,Welvaart_Kwetsbaarheid,entropy,Welvaart
BU00720002,0.28499433379688793,Welvaart_Kwetsbaarheid,entropy,Welvaart
BU00720003,0.446951620694073,Welvaart_Kwetsbaarheid,entropy,Welvaart
BU00720004,0.2786543480414625,Welvaart_Kwetsbaarheid,entropy,Welvaart
BU00720005,0.25170655202700243,Welvaart_Kwetsbaarheid,entropy,Welvaart
BU00720006,0.26916745587409585,Welvaart_Kwetsbaarheid,entropy,Welvaart
BU00720007,0.2399613031353572,Welvaart_Kwetsbaarheid,entropy,Welvaart
BU00720009,0.2469474976311169,Welvaart_Kwetsbaarheid,entropy,Welvaart
WK007201,0.2238703371585672,Welvaart_Kwetsbaarheid,entropy,Welvaart
BU00720100,0.2906170058761618,Welvaart_Kwetsbaarheid,entropy,Welvaart
BU00720109,0.21228038713477104,Welvaart_Kwetsbaarheid,entropy,Welvaart
WK007202,0.23936418781264146,Welvaart_Kwetsbaarheid,entropy,Welvaart
BU00720200,0.216597236542562,Welvaart_Kwetsbaarheid,entropy,Welvaart
BU00720209,0.25612432233260624,Welvaart_Kwetsbaarheid,entropy,Welvaart
GM0074,0.27000052441993166,Welvaart_Kwetsbaarheid,entropy,Welvaart
WK007401,0.26145003474035106,Welvaart_Kwetsbaarheid,entropy,Welvaart
BU00740100,0.26832306460185523,Welvaart_Kwetsbaarheid,entropy,Welvaart
BU00740101,0.3622013651096625,Welvaart_Kwetsbaarheid,entropy,Welvaart
BU00740102,0.3304015544433943,Welvaart_Kwetsbaarheid,entropy,Welvaart
BU00740103,0.2761121222347768,Welvaart_Kwetsbaarheid,entropy,Welvaart
BU00740104,0.2833088944956316,Welvaart_Kwetsbaarheid,entropy,Welvaart
BU00740105,0.25652060685144606,Welvaart_Kwetsbaarheid,entropy,Welvaart
BU00740106,0.30450626331342795,Welvaart_Kwetsbaarheid,entropy,Welvaart
BU00740107,0.24823032242735468,Welvaart_Kwetsbaarheid,entropy,Welvaart
BU00740108,0.22788222130040445,Welvaart_Kwetsbaarheid,entropy,Welvaart
BU00740109,0.24943395860772388,Welvaart_Kwetsbaarheid,entropy,Welvaart
BU00740110,0.2953279131353773,Welvaart_Kwetsbaarheid,entropy,Welvaart
WK007402,0.27465797751824556,Welvaart_Kwetsbaarheid,entropy,Welvaart
BU00740201,0.2979303745984657,Welvaart_Kwetsbaarheid,entropy,Welvaart
BU00740202,0.25060369864548365,Welvaart_Kwetsbaarheid,entropy,Welvaart
BU00740203,0.24389783378938584,Welvaart_Kwetsbaarheid,entropy,Welvaart
BU00740204,0.279840547118908,Welvaart_Kwetsbaarheid,entropy,Welvaart
BU00740205,0.3035350727573271,Welvaart_Kwetsbaarheid,entropy,Welvaart
WK007403,0.2656398892559274,Welvaart_Kwetsbaarheid,entropy,Welvaart
BU00740301,0.21307996063517565,Welvaart_Kwetsbaarheid,entropy,Welvaart
BU00740302,0.28963594417634353,Welvaart_Kwetsbaarheid,entropy,Welvaart
WK007404,0.2736680411561595,Welvaart_Kwetsbaarheid,entropy,Welvaart
BU00740401,0.34517331806164897,Welvaart_Kwetsbaarheid,entropy,Welvaart
BU00740402,0.24624465480983357,Welvaart_Kwetsbaarheid,entropy,Welvaart
BU00740403,0.30157823081452617,Welvaart_Kwetsbaarheid,entropy,Welvaart
BU00740404,0.25450319822673406,Welvaart_Kwetsbaarheid,entropy,Welvaart
BU00740405,0.2870904839572485,Welvaart_Kwetsbaarheid,entropy,Welvaart
BU00740406,0.268504542159001,Welvaart_Kwetsbaarheid,entropy,Welvaart
BU00740407,0.2882717372890622,Welvaart_Kwetsbaarheid,entropy,Welvaart
WK007406,0.2995251150189993,Welvaart_Kwetsbaarheid,entropy,Welvaart
BU00740601,0.27313979179947306,Welvaart_Kwetsbaarheid,entropy,Welvaart
WK007407,0.2521434944458256,Welvaart_Kwetsbaarheid,entropy,Welvaart
BU00740701,0.2513362669620393,Welvaart_Kwetsbaarheid,entropy,Welvaart
BU00740702,0.23271762736001866,Welvaart_Kwetsbaarheid,entropy,Welvaart
WK007409,0.272178921449936,Welvaart_Kwetsbaarheid,entropy,Welvaart
BU00740901,0.24550180180342085,Welvaart_Kwetsbaarheid,entropy,Welvaart
BU00740902,0.25203292697234747,Welvaart_Kwetsbaarheid,entropy,Welvaart
BU00740903,0.24629962454262766,Welvaart_Kwetsbaarheid,entropy,Welvaart
GM0080,0.29292515321389656,Welvaart_Kwetsbaarheid,entropy,Welvaart
WK008010,0.29005510657701683,Welvaart_Kwetsbaarheid,entropy,Welvaart
BU00801001,0.3627532993888382,Welvaart_Kwetsbaarheid,entropy,Welvaart
BU00801002,0.31734475032308607,Welvaart_Kwetsbaarheid,entropy,Welvaart
BU00801003,0.30152395668396215,Welvaart_Kwetsbaarheid,entropy,Welvaart
BU00801004,0.40802972419083666,Welvaart_Kwetsbaarheid,entropy,Welvaart
BU00801005,0.5235872993579351,Welvaart_Kwetsbaarheid,entropy,Welvaart
BU00801006,0.4357213189621513,Welvaart_Kwetsbaarheid,entropy,Welvaart
BU00801007,0.32954333546545084,Welvaart_Kwetsbaarheid,entropy,Welvaart
BU00801008,0.27577609679162535,Welvaart_Kwetsbaarheid,entropy,Welvaart
WK008011,0.23129212884240474,Welvaart_Kwetsbaarheid,entropy,Welvaart
BU00801101,0.29535202214781364,Welvaart_Kwetsbaarheid,entropy,Welvaart
BU00801102,0.2976959541261046,Welvaart_Kwetsbaarheid,entropy,Welvaart
BU00801103,0.36320610789906027,Welvaart_Kwetsbaarheid,entropy,Welvaart
BU00801104,0.5856184820873,Welvaart_Kwetsbaarheid,entropy,Welvaart
BU00801105,0.5272737348037081,Welvaart_Kwetsbaarheid,entropy,Welvaart
BU00801106,0.22507284145620648,Welvaart_Kwetsbaarheid,entropy,Welvaart
BU00801107,0.366376169777478,Welvaart_Kwetsbaarheid,entropy,Welvaart
BU00801108,0.2924888911798652,Welvaart_Kwetsbaarheid,entropy,Welvaart
BU00801109,0.2826699757686354,Welvaart_Kwetsbaarheid,entropy,Welvaart
WK008020,0.270790251845047,Welvaart_Kwetsbaarheid,entropy,Welvaart
BU00802001,0.44831843029461116,Welvaart_Kwetsbaarheid,entropy,Welvaart
BU00802002,0.3772083308270522,Welvaart_Kwetsbaarheid,entropy,Welvaart
BU00802003,0.3681921631231458,Welvaart_Kwetsbaarheid,entropy,Welvaart
BU00802004,0.2810940444279417,Welvaart_Kwetsbaarheid,entropy,Welvaart
BU00802005,0.26822397294218536,Welvaart_Kwetsbaarheid,entropy,Welvaart
BU00802006,0.41735379027818614,Welvaart_Kwetsbaarheid,entropy,Welvaart
BU00802007,0.47927426894548286,Welvaart_Kwetsbaarheid,entropy,Welvaart
BU00802008,0.3481441143254979,Welvaart_Kwetsbaarheid,entropy,Welvaart
BU00802009,0.4033037945501676,Welvaart_Kwetsbaarheid,entropy,Welvaart
WK008030,0.281802338893552,Welvaart_Kwetsbaarheid,entropy,Welvaart
BU00803001,0.2663848872594973,Welvaart_Kwetsbaarheid,entropy,Welvaart
BU00803002,0.25447173004959783,Welvaart_Kwetsbaarheid,entropy,Welvaart
BU00803003,0.36456737291095076,Welvaart_Kwetsbaarheid,entropy,Welvaart
BU00803004,0.27021629263366753,Welvaart_Kwetsbaarheid,entropy,Welvaart
BU00803005,0.27638353208052235,Welvaart_Kwetsbaarheid,entropy,Welvaart
BU00803006,0.48337558233617195,Welvaart_Kwetsbaarheid,entropy,Welvaart
BU00803007,0.24597815316599592,Welvaart_Kwetsbaarheid,entropy,Welvaart
WK008031,0.24292488429018927,Welvaart_Kwetsbaarheid,entropy,Welvaart
BU00803101,0.222103527398798,Welvaart_Kwetsbaarheid,entropy,Welvaart
BU00803102,0.2970282324330698,Welvaart_Kwetsbaarheid,entropy,Welvaart
WK008032,0.35431743114711206,Welvaart_Kwetsbaarheid,entropy,Welvaart
BU00803201,0.23290382058855508,Welvaart_Kwetsbaarheid,entropy,Welvaart
BU00803202,0.18864276083388368,Welvaart_Kwetsbaarheid,entropy,Welvaart
BU00803203,0.3101084701220052,Welvaart_Kwetsbaarheid,entropy,Welvaart
BU00803204,0.35695929101216495,Welvaart_Kwetsbaarheid,entropy,Welvaart
WK008040,0.29689605900643556,Welvaart_Kwetsbaarheid,entropy,Welvaart
BU00804001,0.3687134358395645,Welvaart_Kwetsbaarheid,entropy,Welvaart
BU00804002,0.21072407398156603,Welvaart_Kwetsbaarheid,entropy,Welvaart
BU00804003,0.191682279641704,Welvaart_Kwetsbaarheid,entropy,Welvaart
BU00804004,0.4089650202567797,Welvaart_Kwetsbaarheid,entropy,Welvaart
WK008041,0.2397859833172134,Welvaart_Kwetsbaarheid,entropy,Welvaart
BU00804101,0.3306221242594283,Welvaart_Kwetsbaarheid,entropy,Welvaart
BU00804102,0.37177964560339366,Welvaart_Kwetsbaarheid,entropy,Welvaart
BU00804103,0.2741158262414809,Welvaart_Kwetsbaarheid,entropy,Welvaart
BU00804104,0.2914254594181246,Welvaart_Kwetsbaarheid,entropy,Welvaart
BU00804105,0.36987304147813577,Welvaart_Kwetsbaarheid,entropy,Welvaart
BU00804106,0.3128556299125989,Welvaart_Kwetsbaarheid,entropy,Welvaart
BU00804107,0.26907311889380664,Welvaart_Kwetsbaarheid,entropy,Welvaart
BU00804108,0.24762085440940085,Welvaart_Kwetsbaarheid,entropy,Welvaart
BU00804109,0.3541383886406271,Welvaart_Kwetsbaarheid,entropy,Welvaart
BU00804110,0.25874614270047763,Welvaart_Kwetsbaarheid,entropy,Welvaart
WK008050,0.3266654245838647,Welvaart_Kwetsbaarheid,entropy,Welvaart
BU00805001,0.6465733613905604,Welvaart_Kwetsbaarheid,entropy,Welvaart
BU00805002,0.4754241578303788,Welvaart_Kwetsbaarheid,entropy,Welvaart
BU00805003,0.21147581073742852,Welvaart_Kwetsbaarheid,entropy,Welvaart
WK008051,0.2555369708131896,Welvaart_Kwetsbaarheid,entropy,Welvaart
BU00805101,0.2884194393922518,Welvaart_Kwetsbaarheid,entropy,Welvaart
BU00805102,0.24958215157843638,Welvaart_Kwetsbaarheid,entropy,Welvaart
BU00805103,0.1891039193046939,Welvaart_Kwetsbaarheid,entropy,Welvaart
BU00805104,0.28015099765468515,Welvaart_Kwetsbaarheid,entropy,Welvaart
BU00805105,0.321279236365512,Welvaart_Kwetsbaarheid,entropy,Welvaart
WK008060,0.238663577595919,Welvaart_Kwetsbaarheid,entropy,Welvaart
BU00806001,0.4709848620674074,Welvaart_Kwetsbaarheid,entropy,Welvaart
BU00806002,0.2085560555124775,Welvaart_Kwetsbaarheid,entropy,Welvaart
BU00806003,0.39935377741437067,Welvaart_Kwetsbaarheid,entropy,Welvaart
WK008061,0.280379429567296,Welvaart_Kwetsbaarheid,entropy,Welvaart
BU00806101,0.47062937768944857,Welvaart_Kwetsbaarheid,entropy,Welvaart
BU00806102,0.45062816988200594,Welvaart_Kwetsbaarheid,entropy,Welvaart
WK008062,0.2772601045355395,Welvaart_Kwetsbaarheid,entropy,Welvaart
BU00806201,0.23087071575763524,Welvaart_Kwetsbaarheid,entropy,Welvaart
BU00806202,0.28933877831221644,Welvaart_Kwetsbaarheid,entropy,Welvaart
BU00806203,0.2669390456753005,Welvaart_Kwetsbaarheid,entropy,Welvaart
BU00806204,0.30721267336560387,Welvaart_Kwetsbaarheid,entropy,Welvaart
BU00806205,0.24277179006949284,Welvaart_Kwetsbaarheid,entropy,Welvaart
BU00806206,0.2862347321626221,Welvaart_Kwetsbaarheid,entropy,Welvaart
BU00806207,0.27723085664656993,Welvaart_Kwetsbaarheid,entropy,Welvaart
BU00806208,0.24151958391308123,Welvaart_Kwetsbaarheid,entropy,Welvaart
BU00806209,0.1838255525963591,Welvaart_Kwetsbaarheid,entropy,Welvaart
BU00806210,0.24190464506811238,Welvaart_Kwetsbaarheid,entropy,Welvaart
WK008063,0.2572052742193217,Welvaart_Kwetsbaarheid,entropy,Welvaart
BU00806301,0.21381331541158904,Welvaart_Kwetsbaarheid,entropy,Welvaart
BU00806302,0.2419039022358206,Welvaart_Kwetsbaarheid,entropy,Welvaart
BU00806303,0.24045267827307165,Welvaart_Kwetsbaarheid,entropy,Welvaart
BU00806304,0.2490968082632871,Welvaart_Kwetsbaarheid,entropy,Welvaart
BU00806305,0.2749359959685429,Welvaart_Kwetsbaarheid,entropy,Welvaart
BU00806306,0.26784508587345857,Welvaart_Kwetsbaarheid,entropy,Welvaart
BU00806307,0.20479165662257462,Welvaart_Kwetsbaarheid,entropy,Welvaart
WK008070,0.26786732704871347,Welvaart_Kwetsbaarheid,entropy,Welvaart
BU00807001,0.2367958881473101,Welvaart_Kwetsbaarheid,entropy,Welvaart
BU00807002,0.24603745064071725,Welvaart_Kwetsbaarheid,entropy,Welvaart
BU00807003,0.2553233566687728,Welvaart_Kwetsbaarheid,entropy,Welvaart
BU00807004,0.33914546450046357,Welvaart_Kwetsbaarheid,entropy,Welvaart
WK008071,0.29381108718581506,Welvaart_Kwetsbaarheid,entropy,Welvaart
BU00807101,0.22076526858915485,Welvaart_Kwetsbaarheid,entropy,Welvaart
WK008072,0.3146019502357008,Welvaart_Kwetsbaarheid,entropy,Welvaart
BU00807201,0.2361943912056902,Welvaart_Kwetsbaarheid,entropy,Welvaart
BU00807202,0.38809020406345823,Welvaart_Kwetsbaarheid,entropy,Welvaart
BU00807203,0.26661313448782925,Welvaart_Kwetsbaarheid,entropy,Welvaart
WK008073,0.29036216918796554,Welvaart_Kwetsbaarheid,entropy,Welvaart
BU00807301,0.22842589057180013,Welvaart_Kwetsbaarheid,entropy,Welvaart
BU00807302,0.2437691046285804,Welvaart_Kwetsbaarheid,entropy,Welvaart
BU00807303,0.2790753350436386,Welvaart_Kwetsbaarheid,entropy,Welvaart
BU00807304,0.25986519647183143,Welvaart_Kwetsbaarheid,entropy,Welvaart
BU00807305,0.24339555432607696,Welvaart_Kwetsbaarheid,entropy,Welvaart
BU00807306,0.2301791622566141,Welvaart_Kwetsbaarheid,entropy,Welvaart
WK008074,0.30221658926121764,Welvaart_Kwetsbaarheid,entropy,Welvaart
BU00807401,0.24434760608015424,Welvaart_Kwetsbaarheid,entropy,Welvaart
BU00807402,0.22511656456124368,Welvaart_Kwetsbaarheid,entropy,Welvaart
BU00807403,0.2506266484091274,Welvaart_Kwetsbaarheid,entropy,Welvaart
BU00807404,0.29444724787096643,Welvaart_Kwetsbaarheid,entropy,Welvaart
BU00807405,0.25640705176069667,Welvaart_Kwetsbaarheid,entropy,Welvaart
WK008080,0.2500068202207868,Welvaart_Kwetsbaarheid,entropy,Welvaart
BU00808001,0.2483701428368597,Welvaart_Kwetsbaarheid,entropy,Welvaart
BU00808002,0.2431516758241917,Welvaart_Kwetsbaarheid,entropy,Welvaart
BU00808003,0.2779277796513041,Welvaart_Kwetsbaarheid,entropy,Welvaart
BU00808004,0.25050089374347245,Welvaart_Kwetsbaarheid,entropy,Welvaart
BU00808005,0.31583644957178664,Welvaart_Kwetsbaarheid,entropy,Welvaart
BU00808006,0.2381177913930574,Welvaart_Kwetsbaarheid,entropy,Welvaart
BU00808007,0.2530290751563348,Welvaart_Kwetsbaarheid,entropy,Welvaart
BU00808008,0.295591253117905,Welvaart_Kwetsbaarheid,entropy,Welvaart
WK008081,0.25720987740195633,Welvaart_Kwetsbaarheid,entropy,Welvaart
BU00808101,0.26577203941106065,Welvaart_Kwetsbaarheid,entropy,Welvaart
BU00808102,0.24995644210276513,Welvaart_Kwetsbaarheid,entropy,Welvaart
BU00808103,0.22340742677917333,Welvaart_Kwetsbaarheid,entropy,Welvaart
BU00808104,0.28189572534372925,Welvaart_Kwetsbaarheid,entropy,Welvaart
BU00808105,0.24249948477686992,Welvaart_Kwetsbaarheid,entropy,Welvaart
BU00808106,0.2975968612594558,Welvaart_Kwetsbaarheid,entropy,Welvaart
BU00808107,0.2782625446889094,Welvaart_Kwetsbaarheid,entropy,Welvaart
BU00808108,0.23705913883612195,Welvaart_Kwetsbaarheid,entropy,Welvaart
BU00808109,0.22502049126335266,Welvaart_Kwetsbaarheid,entropy,Welvaart
BU00808110,0.28085062135937844,Welvaart_Kwetsbaarheid,entropy,Welvaart
BU00808111,0.22296412619375933,Welvaart_Kwetsbaarheid,entropy,Welvaart
BU00808112,0.2860869931141141,Welvaart_Kwetsbaarheid,entropy,Welvaart
BU00808113,0.2357307288354395,Welvaart_Kwetsbaarheid,entropy,Welvaart
BU00808114,0.24566112601443263,Welvaart_Kwetsbaarheid,entropy,Welvaart
BU00808115,0.22964052338319604,Welvaart_Kwetsbaarheid,entropy,Welvaart
BU00808116,0.20991206815424857,Welvaart_Kwetsbaarheid,entropy,Welvaart
BU00808117,0.28380719783689135,Welvaart_Kwetsbaarheid,entropy,Welvaart
WK008082,0.2570945469474822,Welvaart_Kwetsbaarheid,entropy,Welvaart
BU00808201,0.2357644390247865,Welvaart_Kwetsbaarheid,entropy,Welvaart
BU00808202,0.2667865893523312,Welvaart_Kwetsbaarheid,entropy,Welvaart
BU00808203,0.2667025746401007,Welvaart_Kwetsbaarheid,entropy,Welvaart
BU00808204,0.2172336047143858,Welvaart_Kwetsbaarheid,entropy,Welvaart
BU00808205,0.2583839432201089,Welvaart_Kwetsbaarheid,entropy,Welvaart
BU00808206,0.26319636121171175,Welvaart_Kwetsbaarheid,entropy,Welvaart
BU00808207,0.3327007011364301,Welvaart_Kwetsbaarheid,entropy,Welvaart
BU00808208,0.24997258917035137,Welvaart_Kwetsbaarheid,entropy,Welvaart
BU00808209,0.28296982604660204,Welvaart_Kwetsbaarheid,entropy,Welvaart
GM1970,0.26694634078886825,Welvaart_Kwetsbaarheid,entropy,Welvaart
WK197000,0.26057089282287804,Welvaart_Kwetsbaarheid,entropy,Welvaart
BU19700000,0.28017109486919484,Welvaart_Kwetsbaarheid,entropy,Welvaart
BU19700001,0.2657381772975098,Welvaart_Kwetsbaarheid,entropy,Welvaart
BU19700002,0.3319511356078354,Welvaart_Kwetsbaarheid,entropy,Welvaart
BU19700003,0.2898868080691978,Welvaart_Kwetsbaarheid,entropy,Welvaart
BU19700004,0.22918713601402224,Welvaart_Kwetsbaarheid,entropy,Welvaart
BU19700005,0.2854846977925477,Welvaart_Kwetsbaarheid,entropy,Welvaart
BU19700006,0.2081445624948641,Welvaart_Kwetsbaarheid,entropy,Welvaart
BU19700007,0.2571544846476355,Welvaart_Kwetsbaarheid,entropy,Welvaart
BU19700008,0.1983248248044196,Welvaart_Kwetsbaarheid,entropy,Welvaart
BU19700009,0.25165937120435733,Welvaart_Kwetsbaarheid,entropy,Welvaart
BU19700010,0.21438251728280133,Welvaart_Kwetsbaarheid,entropy,Welvaart
BU19700011,0.30865667709215394,Welvaart_Kwetsbaarheid,entropy,Welvaart
WK197001,0.24681786500529596,Welvaart_Kwetsbaarheid,entropy,Welvaart
BU19700100,0.22997350024015611,Welvaart_Kwetsbaarheid,entropy,Welvaart
BU19700101,0.24295143702521205,Welvaart_Kwetsbaarheid,entropy,Welvaart
BU19700102,0.21177158262509674,Welvaart_Kwetsbaarheid,entropy,Welvaart
BU19700103,0.27520890898990874,Welvaart_Kwetsbaarheid,entropy,Welvaart
BU19700104,0.21787464822838704,Welvaart_Kwetsbaarheid,entropy,Welvaart
BU19700105,0.23206319288229632,Welvaart_Kwetsbaarheid,entropy,Welvaart
BU19700107,0.2758354848564019,Welvaart_Kwetsbaarheid,entropy,Welvaart
BU19700108,0.23171335313891747,Welvaart_Kwetsbaarheid,entropy,Welvaart
BU19700109,0.21453119344349933,Welvaart_Kwetsbaarheid,entropy,Welvaart
WK197002,0.24006005490979282,Welvaart_Kwetsbaarheid,entropy,Welvaart
BU19700200,0.22676354128272183,Welvaart_Kwetsbaarheid,entropy,Welvaart
BU19700201,0.24417936788211764,Welvaart_Kwetsbaarheid,entropy,Welvaart
BU19700202,0.256784575497575,Welvaart_Kwetsbaarheid,entropy,Welvaart
BU19700208,0.22779409010849458,Welvaart_Kwetsbaarheid,entropy,Welvaart
BU19700209,0.28547911890872113,Welvaart_Kwetsbaarheid,entropy,Welvaart
WK197003,0.24542483969795664,Welvaart_Kwetsbaarheid,entropy,Welvaart
BU19700300,0.2449678774630597,Welvaart_Kwetsbaarheid,entropy,Welvaart
BU19700301,0.2025852510327845,Welvaart_Kwetsbaarheid,entropy,Welvaart
BU19700302,0.2402493542685631,Welvaart_Kwetsbaarheid,entropy,Welvaart
BU19700303,0.2624403805475275,Welvaart_Kwetsbaarheid,entropy,Welvaart
BU19700307,0.2506828434320332,Welvaart_Kwetsbaarheid,entropy,Welvaart
BU19700308,0.27655181038377724,Welvaart_Kwetsbaarheid,entropy,Welvaart
BU19700309,0.2546733859233168,Welvaart_Kwetsbaarheid,entropy,Welvaart
WK197004,0.22237546364248348,Welvaart_Kwetsbaarheid,entropy,Welvaart
BU19700400,0.22013240763389597,Welvaart_Kwetsbaarheid,entropy,Welvaart
BU19700401,0.30605181261057224,Welvaart_Kwetsbaarheid,entropy,Welvaart
BU19700408,0.2533298088818504,Welvaart_Kwetsbaarheid,entropy,Welvaart
BU19700409,0.2931025500160529,Welvaart_Kwetsbaarheid,entropy,Welvaart
WK197005,0.24043716610320734,Welvaart_Kwetsbaarheid,entropy,Welvaart
BU19700500,0.263033304800376,Welvaart_Kwetsbaarheid,entropy,Welvaart
BU19700501,0.24286452960966592,Welvaart_Kwetsbaarheid,entropy,Welvaart
BU19700502,0.24180615649238565,Welvaart_Kwetsbaarheid,entropy,Welvaart
BU19700503,0.220362899067718,Welvaart_Kwetsbaarheid,entropy,Welvaart
BU19700506,0.25621044997271214,Welvaart_Kwetsbaarheid,entropy,Welvaart
BU19700507,0.28683060286755174,Welvaart_Kwetsbaarheid,entropy,Welvaart
BU19700508,0.31219457038256465,Welvaart_Kwetsbaarheid,entropy,Welvaart
BU19700509,0.27085143761015706,Welvaart_Kwetsbaarheid,entropy,Welvaart
WK197006,0.23792932031934372,Welvaart_Kwetsbaarheid,entropy,Welvaart
BU19700600,0.30346419863976204,Welvaart_Kwetsbaarheid,entropy,Welvaart
BU19700601,0.2722173175580688,Welvaart_Kwetsbaarheid,entropy,Welvaart
BU19700602,0.2587400736417134,Welvaart_Kwetsbaarheid,entropy,Welvaart
BU19700603,0.2709742230084879,Welvaart_Kwetsbaarheid,entropy,Welvaart
BU19700604,0.23371167801729262,Welvaart_Kwetsbaarheid,entropy,Welvaart
BU19700605,0.23114393404274786,Welvaart_Kwetsbaarheid,entropy,Welvaart
BU19700608,0.247097294442099,Welvaart_Kwetsbaarheid,entropy,Welvaart
BU19700609,0.26535250847031777,Welvaart_Kwetsbaarheid,entropy,Welvaart
WK197007,0.25506949346034236,Welvaart_Kwetsbaarheid,entropy,Welvaart
BU19700700,0.24329515967419363,Welvaart_Kwetsbaarheid,entropy,Welvaart
BU19700701,0.2660690220958759,Welvaart_Kwetsbaarheid,entropy,Welvaart
BU19700702,0.2663130698642182,Welvaart_Kwetsbaarheid,entropy,Welvaart
BU19700703,0.2665250269512728,Welvaart_Kwetsbaarheid,entropy,Welvaart
BU19700708,0.22159228798511788,Welvaart_Kwetsbaarheid,entropy,Welvaart
BU19700709,0.2939854421183284,Welvaart_Kwetsbaarheid,entropy,Welvaart
WK197008,0.2405120875120781,Welvaart_Kwetsbaarheid,entropy,Welvaart
BU19700800,0.24223169563759844,Welvaart_Kwetsbaarheid,entropy,Welvaart
BU19700801,0.24552554087202627,Welvaart_Kwetsbaarheid,entropy,Welvaart
BU19700802,0.23087401452067963,Welvaart_Kwetsbaarheid,entropy,Welvaart
BU19700803,0.22324730340706286,Welvaart_Kwetsbaarheid,entropy,Welvaart
BU19700807,0.2739446254212643,Welvaart_Kwetsbaarheid,entropy,Welvaart
BU19700808,0.24097117550463076,Welvaart_Kwetsbaarheid,entropy,Welvaart
BU19700809,0.2570504718912739,Welvaart_Kwetsbaarheid,entropy,Welvaart
WK197009,0.24262202811401337,Welvaart_Kwetsbaarheid,entropy,Welvaart
BU19700900,0.23111517675122972,Welvaart_Kwetsbaarheid,entropy,Welvaart
BU19700909,0.2583388105184165,Welvaart_Kwetsbaarheid,entropy,Welvaart
WK197010,0.257626536155796,Welvaart_Kwetsbaarheid,entropy,Welvaart
BU19701000,0.23115860340772143,Welvaart_Kwetsbaarheid,entropy,Welvaart
BU19701001,0.30320847873163126,Welvaart_Kwetsbaarheid,entropy,Welvaart
BU19701002,0.2829389101241378,Welvaart_Kwetsbaarheid,entropy,Welvaart
BU19701003,0.24343764260679832,Welvaart_Kwetsbaarheid,entropy,Welvaart
BU19701004,0.24485946039694373,Welvaart_Kwetsbaarheid,entropy,Welvaart
BU19701005,0.23940274629400154,Welvaart_Kwetsbaarheid,entropy,Welvaart
BU19701006,0.3065094675774421,Welvaart_Kwetsbaarheid,entropy,Welvaart
BU19701008,0.29044121904394415,Welvaart_Kwetsbaarheid,entropy,Welvaart
BU19701009,0.2770995399066984,Welvaart_Kwetsbaarheid,entropy,Welvaart
WK197011,0.2619383230892792,Welvaart_Kwetsbaarheid,entropy,Welvaart
BU19701100,0.25104112503521037,Welvaart_Kwetsbaarheid,entropy,Welvaart
BU19701109,0.28154225728808174,Welvaart_Kwetsbaarheid,entropy,Welvaart
WK197012,0.24544428964074388,Welvaart_Kwetsbaarheid,entropy,Welvaart
BU19701200,0.20100050927369298,Welvaart_Kwetsbaarheid,entropy,Welvaart
BU19701201,0.23436466684718268,Welvaart_Kwetsbaarheid,entropy,Welvaart
BU19701202,0.29062497410355365,Welvaart_Kwetsbaarheid,entropy,Welvaart
BU19701203,0.25459106687540234,Welvaart_Kwetsbaarheid,entropy,Welvaart
BU19701204,0.24329454196860387,Welvaart_Kwetsbaarheid,entropy,Welvaart
BU19701206,0.2560407659516041,Welvaart_Kwetsbaarheid,entropy,Welvaart
BU19701207,0.2395385134379459,Welvaart_Kwetsbaarheid,entropy,Welvaart
BU19701208,0.27839691213498724,Welvaart_Kwetsbaarheid,entropy,Welvaart
BU19701209,0.27281919335504684,Welvaart_Kwetsbaarheid,entropy,Welvaart
WK197013,0.26592005522985696,Welvaart_Kwetsbaarheid,entropy,Welvaart
BU19701300,0.2554984941696574,Welvaart_Kwetsbaarheid,entropy,Welvaart
BU19701301,0.2640075014579718,Welvaart_Kwetsbaarheid,entropy,Welvaart
BU19701302,0.21375528467636642,Welvaart_Kwetsbaarheid,entropy,Welvaart
BU19701308,0.2498271853565499,Welvaart_Kwetsbaarheid,entropy,Welvaart
BU19701309,0.27069281393976163,Welvaart_Kwetsbaarheid,entropy,Welvaart
WK197014,0.2609080648705412,Welvaart_Kwetsbaarheid,entropy,Welvaart
BU19701400,0.25829606028892615,Welvaart_Kwetsbaarheid,entropy,Welvaart
BU19701401,0.29426333207776323,Welvaart_Kwetsbaarheid,entropy,Welvaart
BU19701402,0.23889654670262084,Welvaart_Kwetsbaarheid,entropy,Welvaart
BU19701409,0.27784346221179806,Welvaart_Kwetsbaarheid,entropy,Welvaart
GM0085,0.27011125169177114,Welvaart_Kwetsbaarheid,entropy,Welvaart
WK008501,0.2583486906172504,Welvaart_Kwetsbaarheid,entropy,Welvaart
BU00850101,0.247566503710288,Welvaart_Kwetsbaarheid,entropy,Welvaart
BU00850102,0.2847795953696622,Welvaart_Kwetsbaarheid,entropy,Welvaart
BU00850103,0.1974183243139081,Welvaart_Kwetsbaarheid,entropy,Welvaart
BU00850104,0.31129177495579796,Welvaart_Kwetsbaarheid,entropy,Welvaart
BU00850105,0.4165914400649041,Welvaart_Kwetsbaarheid,entropy,Welvaart
BU00850106,0.21713964483492587,Welvaart_Kwetsbaarheid,entropy,Welvaart
BU00850107,0.28098322414403626,Welvaart_Kwetsbaarheid,entropy,Welvaart
BU00850108,0.26313179372552903,Welvaart_Kwetsbaarheid,entropy,Welvaart
BU00850109,0.3000813445926401,Welvaart_Kwetsbaarheid,entropy,Welvaart
BU00850110,0.2254213082909668,Welvaart_Kwetsbaarheid,entropy,Welvaart
BU00850111,0.2851330586669003,Welvaart_Kwetsbaarheid,entropy,Welvaart
WK008502,0.2613485172589972,Welvaart_Kwetsbaarheid,entropy,Welvaart
BU00850201,0.20949796157628311,Welvaart_Kwetsbaarheid,entropy,Welvaart
BU00850202,0.28923201331306686,Welvaart_Kwetsbaarheid,entropy,Welvaart
BU00850203,0.27429473515991754,Welvaart_Kwetsbaarheid,entropy,Welvaart
WK008503,0.26717666271929447,Welvaart_Kwetsbaarheid,entropy,Welvaart
BU00850301,0.26697180522251074,Welvaart_Kwetsbaarheid,entropy,Welvaart
BU00850302,0.323623118857172,Welvaart_Kwetsbaarheid,entropy,Welvaart
WK008504,0.3069223851295963,Welvaart_Kwetsbaarheid,entropy,Welvaart
BU00850401,0.2842449592767751,Welvaart_Kwetsbaarheid,entropy,Welvaart
BU00850402,0.3289603673053291,Welvaart_Kwetsbaarheid,entropy,Welvaart
WK008505,0.27773646304630395,Welvaart_Kwetsbaarheid,entropy,Welvaart
BU00850501,0.2356504646398607,Welvaart_Kwetsbaarheid,entropy,Welvaart
BU00850502,0.33770681427442617,Welvaart_Kwetsbaarheid,entropy,Welvaart
WK008506,0.26365621789479976,Welvaart_Kwetsbaarheid,entropy,Welvaart
BU00850601,0.3054068244451469,Welvaart_Kwetsbaarheid,entropy,Welvaart
BU00850602,0.26938878651318987,Welvaart_Kwetsbaarheid,entropy,Welvaart
BU00850603,0.2666590041749727,Welvaart_Kwetsbaarheid,entropy,Welvaart
BU00850604,0.22705948831868414,Welvaart_Kwetsbaarheid,entropy,Welvaart
BU00850605,0.2848930287981957,Welvaart_Kwetsbaarheid,entropy,Welvaart
BU00850606,0.29079621244710524,Welvaart_Kwetsbaarheid,entropy,Welvaart
BU00850607,0.3530131787854171,Welvaart_Kwetsbaarheid,entropy,Welvaart
BU00850608,0.2555313332647756,Welvaart_Kwetsbaarheid,entropy,Welvaart
WK008507,0.25470536988867976,Welvaart_Kwetsbaarheid,entropy,Welvaart
BU00850701,0.2687544741387186,Welvaart_Kwetsbaarheid,entropy,Welvaart
BU00850702,0.3037795740196601,Welvaart_Kwetsbaarheid,entropy,Welvaart
WK008508,0.25844463698281955,Welvaart_Kwetsbaarheid,entropy,Welvaart
BU00850801,0.24066499731183633,Welvaart_Kwetsbaarheid,entropy,Welvaart
BU00850802,0.28130555479029135,Welvaart_Kwetsbaarheid,entropy,Welvaart
WK008509,0.25634959473187674,Welvaart_Kwetsbaarheid,entropy,Welvaart
BU00850901,0.25884338490287695,Welvaart_Kwetsbaarheid,entropy,Welvaart
BU00850902,0.2920553614983009,Welvaart_Kwetsbaarheid,entropy,Welvaart
WK008510,0.25172341971484313,Welvaart_Kwetsbaarheid,entropy,Welvaart
BU00851001,0.25017521762488,Welvaart_Kwetsbaarheid,entropy,Welvaart
BU00851002,0.26693755325852686,Welvaart_Kwetsbaarheid,entropy,Welvaart
BU00851003,0.312355532647275,Welvaart_Kwetsbaarheid,entropy,Welvaart
WK008511,0.2585716794927823,Welvaart_Kwetsbaarheid,entropy,Welvaart
BU00851101,0.229218486330017,Welvaart_Kwetsbaarheid,entropy,Welvaart
BU00851102,0.2395958572627514,Welvaart_Kwetsbaarheid,entropy,Welvaart
BU00851103,0.2889546981314469,Welvaart_Kwetsbaarheid,entropy,Welvaart
BU00851104,0.3506396589642975,Welvaart_Kwetsbaarheid,entropy,Welvaart
BU00851105,0.3002556228971141,Welvaart_Kwetsbaarheid,entropy,Welvaart
BU00851106,0.2737854394277772,Welvaart_Kwetsbaarheid,entropy,Welvaart
BU00851107,0.29023146714430514,Welvaart_Kwetsbaarheid,entropy,Welvaart
BU00851108,0.3973546219235865,Welvaart_Kwetsbaarheid,entropy,Welvaart
BU00851109,0.2305581955011844,Welvaart_Kwetsbaarheid,entropy,Welvaart
BU00851110,0.24605333644853872,Welvaart_Kwetsbaarheid,entropy,Welvaart
BU00851111,0.2209765659230679,Welvaart_Kwetsbaarheid,entropy,Welvaart
BU00851112,0.3109354218974742,Welvaart_Kwetsbaarheid,entropy,Welvaart
BU00851113,0.26825664538631433,Welvaart_Kwetsbaarheid,entropy,Welvaart
BU00851114,0.19351767526120547,Welvaart_Kwetsbaarheid,entropy,Welvaart
BU00851115,0.30538387183639915,Welvaart_Kwetsbaarheid,entropy,Welvaart
BU00851116,0.5043671258318935,Welvaart_Kwetsbaarheid,entropy,Welvaart
BU00851117,0.32504214608942084,Welvaart_Kwetsbaarheid,entropy,Welvaart
BU00851118,0.26552660823226754,Welvaart_Kwetsbaarheid,entropy,Welvaart
WK008512,0.27449772158554686,Welvaart_Kwetsbaarheid,entropy,Welvaart
BU00851201,0.27213362925700313,Welvaart_Kwetsbaarheid,entropy,Welvaart
BU00851202,0.31350315038590615,Welvaart_Kwetsbaarheid,entropy,Welvaart
WK008513,0.26387477503844814,Welvaart_Kwetsbaarheid,entropy,Welvaart
BU00851301,0.22866394947615487,Welvaart_Kwetsbaarheid,entropy,Welvaart
BU00851302,0.27154992537888384,Welvaart_Kwetsbaarheid,entropy,Welvaart
GM0086,0.27989254005581393,Welvaart_Kwetsbaarheid,entropy,Welvaart
WK008601,0.2616957783843157,Welvaart_Kwetsbaarheid,entropy,Welvaart
BU00860101,0.17326914682442257,Welvaart_Kwetsbaarheid,entropy,Welvaart
BU00860102,0.2348653221635153,Welvaart_Kwetsbaarheid,entropy,Welvaart
BU00860103,0.2931024456317571,Welvaart_Kwetsbaarheid,entropy,Welvaart
WK008602,0.2661953423801714,Welvaart_Kwetsbaarheid,entropy,Welvaart
BU00860201,0.2679173849753749,Welvaart_Kwetsbaarheid,entropy,Welvaart
BU00860202,0.2718857532900058,Welvaart_Kwetsbaarheid,entropy,Welvaart
BU00860203,0.24701265140066392,Welvaart_Kwetsbaarheid,entropy,Welvaart
BU00860204,0.28350960667111125,Welvaart_Kwetsbaarheid,entropy,Welvaart
BU00860205,0.230064693185351,Welvaart_Kwetsbaarheid,entropy,Welvaart
BU00860206,0.2589116797862581,Welvaart_Kwetsbaarheid,entropy,Welvaart
BU00860207,0.22463556239788757,Welvaart_Kwetsbaarheid,entropy,Welvaart
BU00860208,0.29088107066647695,Welvaart_Kwetsbaarheid,entropy,Welvaart
BU00860209,0.352792328965958,Welvaart_Kwetsbaarheid,entropy,Welvaart
WK008604,0.257530549828818,Welvaart_Kwetsbaarheid,entropy,Welvaart
BU00860401,0.21924741296611422,Welvaart_Kwetsbaarheid,entropy,Welvaart
BU00860402,0.23642280799477722,Welvaart_Kwetsbaarheid,entropy,Welvaart
WK008605,0.2559706937170473,Welvaart_Kwetsbaarheid,entropy,Welvaart
BU00860501,0.2662799493608421,Welvaart_Kwetsbaarheid,entropy,Welvaart
BU00860502,0.2914893528871556,Welvaart_Kwetsbaarheid,entropy,Welvaart
BU00860503,0.27151848048421773,Welvaart_Kwetsbaarheid,entropy,Welvaart
BU00860504,0.20692212528839102,Welvaart_Kwetsbaarheid,entropy,Welvaart
BU00860505,0.24975253668484165,Welvaart_Kwetsbaarheid,entropy,Welvaart
BU00860506,0.3368277137569638,Welvaart_Kwetsbaarheid,entropy,Welvaart
BU00860507,0.22564851032964525,Welvaart_Kwetsbaarheid,entropy,Welvaart
BU00860508,0.25115710366923544,Welvaart_Kwetsbaarheid,entropy,Welvaart
WK008606,0.25626851488386254,Welvaart_Kwetsbaarheid,entropy,Welvaart
BU00860601,0.2616882320241919,Welvaart_Kwetsbaarheid,entropy,Welvaart
BU00860602,0.34418750223118455,Welvaart_Kwetsbaarheid,entropy,Welvaart
WK008607,0.265403291110534,Welvaart_Kwetsbaarheid,entropy,Welvaart
BU00860701,0.32422228786754875,Welvaart_Kwetsbaarheid,entropy,Welvaart
BU00860702,0.30063814497392194,Welvaart_Kwetsbaarheid,entropy,Welvaart
WK008608,0.25705754433959255,Welvaart_Kwetsbaarheid,entropy,Welvaart
BU00860801,0.26270813093853834,Welvaart_Kwetsbaarheid,entropy,Welvaart
BU00860802,0.24774418042297658,Welvaart_Kwetsbaarheid,entropy,Welvaart
WK008609,0.25465495531689974,Welvaart_Kwetsbaarheid,entropy,Welvaart
BU00860901,0.26448332358060067,Welvaart_Kwetsbaarheid,entropy,Welvaart
BU00860902,0.2969770235817923,Welvaart_Kwetsbaarheid,entropy,Welvaart
WK008610,0.2754384353070828,Welvaart_Kwetsbaarheid,entropy,Welvaart
BU00861001,0.23608868242319667,Welvaart_Kwetsbaarheid,entropy,Welvaart
BU00861002,0.3117094935744759,Welvaart_Kwetsbaarheid,entropy,Welvaart
WK008611,0.26027390939442374,Welvaart_Kwetsbaarheid,entropy,Welvaart
BU00861101,0.25747472567870155,Welvaart_Kwetsbaarheid,entropy,Welvaart
BU00861102,0.3108832158525429,Welvaart_Kwetsbaarheid,entropy,Welvaart
WK008613,0.27391484759326445,Welvaart_Kwetsbaarheid,entropy,Welvaart
BU00861301,0.23394250443970951,Welvaart_Kwetsbaarheid,entropy,Welvaart
BU00861302,0.2995602076902282,Welvaart_Kwetsbaarheid,entropy,Welvaart
WK008614,0.2642902573571163,Welvaart_Kwetsbaarheid,entropy,Welvaart
BU00861401,0.26065060010254465,Welvaart_Kwetsbaarheid,entropy,Welvaart
BU00861402,0.2931003348156945,Welvaart_Kwetsbaarheid,entropy,Welvaart
WK008615,0.2539796705373268,Welvaart_Kwetsbaarheid,entropy,Welvaart
BU00861501,0.24851171925637044,Welvaart_Kwetsbaarheid,entropy,Welvaart
BU00861502,0.28512074209785043,Welvaart_Kwetsbaarheid,entropy,Welvaart
WK008616,0.266994379878046,Welvaart_Kwetsbaarheid,entropy,Welvaart
BU00861601,0.2713293974945956,Welvaart_Kwetsbaarheid,entropy,Welvaart
BU00861602,0.2586407793484825,Welvaart_Kwetsbaarheid,entropy,Welvaart
BU00861603,0.27473263984539853,Welvaart_Kwetsbaarheid,entropy,Welvaart
BU00861604,0.3166361191695171,Welvaart_Kwetsbaarheid,entropy,Welvaart
BU00861605,0.22551036968922672,Welvaart_Kwetsbaarheid,entropy,Welvaart
BU00861606,0.2498346400188589,Welvaart_Kwetsbaarheid,entropy,Welvaart
BU00861607,0.2666328235062869,Welvaart_Kwetsbaarheid,entropy,Welvaart
WK008617,0.26428410289206383,Welvaart_Kwetsbaarheid,entropy,Welvaart
BU00861701,0.3088742959573808,Welvaart_Kwetsbaarheid,entropy,Welvaart
BU00861702,0.2622910910667659,Welvaart_Kwetsbaarheid,entropy,Welvaart
BU00861703,0.28033892598833565,Welvaart_Kwetsbaarheid,entropy,Welvaart
GM0088,0.24819568447225593,Welvaart_Kwetsbaarheid,entropy,Welvaart
WK008800,0.2638514814182734,Welvaart_Kwetsbaarheid,entropy,Welvaart
BU00880000,0.2865783570031252,Welvaart_Kwetsbaarheid,entropy,Welvaart
BU00880009,0.28468029044455456,Welvaart_Kwetsbaarheid,entropy,Welvaart
GM0090,0.27004615058011605,Welvaart_Kwetsbaarheid,entropy,Welvaart
WK009001,0.31300869175591867,Welvaart_Kwetsbaarheid,entropy,Welvaart
BU00900101,0.25087559786505137,Welvaart_Kwetsbaarheid,entropy,Welvaart
WK009002,0.22518279753497078,Welvaart_Kwetsbaarheid,entropy,Welvaart
BU00900201,0.37601365450434565,Welvaart_Kwetsbaarheid,entropy,Welvaart
BU00900202,0.3479656892083346,Welvaart_Kwetsbaarheid,entropy,Welvaart
BU00900203,0.3493723162762914,Welvaart_Kwetsbaarheid,entropy,Welvaart
BU00900204,0.33871188599477564,Welvaart_Kwetsbaarheid,entropy,Welvaart
BU00900205,0.35458206666947445,Welvaart_Kwetsbaarheid,entropy,Welvaart
BU00900206,0.21402852282464724,Welvaart_Kwetsbaarheid,entropy,Welvaart
WK009003,0.24802097185728972,Welvaart_Kwetsbaarheid,entropy,Welvaart
BU00900301,0.2045940884789089,Welvaart_Kwetsbaarheid,entropy,Welvaart
BU00900302,0.19000033264885663,Welvaart_Kwetsbaarheid,entropy,Welvaart
BU00900303,0.19406386042070328,Welvaart_Kwetsbaarheid,entropy,Welvaart
BU00900304,0.20657382685753392,Welvaart_Kwetsbaarheid,entropy,Welvaart
WK009004,0.26002272604984894,Welvaart_Kwetsbaarheid,entropy,Welvaart
BU00900401,0.24180855113550476,Welvaart_Kwetsbaarheid,entropy,Welvaart
BU00900402,0.26220464362087903,Welvaart_Kwetsbaarheid,entropy,Welvaart
BU00900403,0.22888516172933904,Welvaart_Kwetsbaarheid,entropy,Welvaart
BU00900404,0.23205007263224192,Welvaart_Kwetsbaarheid,entropy,Welvaart
BU00900405,0.2516126493603275,Welvaart_Kwetsbaarheid,entropy,Welvaart
BU00900406,0.22578535193809127,Welvaart_Kwetsbaarheid,entropy,Welvaart
WK009005,0.32746372586572753,Welvaart_Kwetsbaarheid,entropy,Welvaart
BU00900501,0.26635942371309446,Welvaart_Kwetsbaarheid,entropy,Welvaart
BU00900502,0.28787892252040065,Welvaart_Kwetsbaarheid,entropy,Welvaart
WK009006,0.24385396482485283,Welvaart_Kwetsbaarheid,entropy,Welvaart
BU00900601,0.2873273280851434,Welvaart_Kwetsbaarheid,entropy,Welvaart
BU00900602,0.2673023673182291,Welvaart_Kwetsbaarheid,entropy,Welvaart
BU00900603,0.3072415615802182,Welvaart_Kwetsbaarheid,entropy,Welvaart
WK009007,0.2581543628766895,Welvaart_Kwetsbaarheid,entropy,Welvaart
BU00900701,0.22359854617786729,Welvaart_Kwetsbaarheid,entropy,Welvaart
BU00900702,0.2601513749932745,Welvaart_Kwetsbaarheid,entropy,Welvaart
BU00900703,0.21704726982838252,Welvaart_Kwetsbaarheid,entropy,Welvaart
BU00900704,0.21138078789786,Welvaart_Kwetsbaarheid,entropy,Welvaart
BU00900705,0.261991093523595,Welvaart_Kwetsbaarheid,entropy,Welvaart
BU00900706,0.24698882259229404,Welvaart_Kwetsbaarheid,entropy,Welvaart
WK009008,0.26179258901230856,Welvaart_Kwetsbaarheid,entropy,Welvaart
BU00900801,0.28337547853956946,Welvaart_Kwetsbaarheid,entropy,Welvaart
BU00900802,0.28847583691236167,Welvaart_Kwetsbaarheid,entropy,Welvaart
BU00900803,0.29814506275311636,Welvaart_Kwetsbaarheid,entropy,Welvaart
WK009009,0.2762025859325872,Welvaart_Kwetsbaarheid,entropy,Welvaart
BU00900901,0.32769716511196434,Welvaart_Kwetsbaarheid,entropy,Welvaart
BU00900902,0.3081996894955338,Welvaart_Kwetsbaarheid,entropy,Welvaart
BU00900903,0.32899306490808167,Welvaart_Kwetsbaarheid,entropy,Welvaart
BU00900904,0.2916261952868565,Welvaart_Kwetsbaarheid,entropy,Welvaart
WK009010,0.27864425853212926,Welvaart_Kwetsbaarheid,entropy,Welvaart
BU00901001,0.3983013543608136,Welvaart_Kwetsbaarheid,entropy,Welvaart
BU00901002,0.3936190891181144,Welvaart_Kwetsbaarheid,entropy,Welvaart
BU00901003,0.39654307052586757,Welvaart_Kwetsbaarheid,entropy,Welvaart
BU00901004,0.39590485810354425,Welvaart_Kwetsbaarheid,entropy,Welvaart
WK009011,0.26515380725705656,Welvaart_Kwetsbaarheid,entropy,Welvaart
BU00901101,0.2842531966535766,Welvaart_Kwetsbaarheid,entropy,Welvaart
WK009012,0.269035899164982,Welvaart_Kwetsbaarheid,entropy,Welvaart
BU00901201,0.23331862676809675,Welvaart_Kwetsbaarheid,entropy,Welvaart
BU00901202,0.2572358227228457,Welvaart_Kwetsbaarheid,entropy,Welvaart
WK009013,0.23984958543500387,Welvaart_Kwetsbaarheid,entropy,Welvaart
BU00901301,0.27539863760016625,Welvaart_Kwetsbaarheid,entropy,Welvaart
BU00901302,0.30760138298839274,Welvaart_Kwetsbaarheid,entropy,Welvaart
BU00901303,0.24486521290493435,Welvaart_Kwetsbaarheid,entropy,Welvaart
WK009021,0.2710254003210651,Welvaart_Kwetsbaarheid,entropy,Welvaart
BU00902104,0.23202849096061398,Welvaart_Kwetsbaarheid,entropy,Welvaart
BU00902105,0.2507119257712266,Welvaart_Kwetsbaarheid,entropy,Welvaart
BU00902109,0.2605681347806643,Welvaart_Kwetsbaarheid,entropy,Welvaart
BU00902110,0.24971035902319133,Welvaart_Kwetsbaarheid,entropy,Welvaart
BU00902114,0.2618137623373632,Welvaart_Kwetsbaarheid,entropy,Welvaart
WK009022,0.2873280636818275,Welvaart_Kwetsbaarheid,entropy,Welvaart
BU00902201,0.3048463647469423,Welvaart_Kwetsbaarheid,entropy,Welvaart
BU00902202,0.28176210688450065,Welvaart_Kwetsbaarheid,entropy,Welvaart
BU00902203,0.32367436326787186,Welvaart_Kwetsbaarheid,entropy,Welvaart
BU00902206,0.27489929286852194,Welvaart_Kwetsbaarheid,entropy,Welvaart
BU00902212,0.3193732420743229,Welvaart_Kwetsbaarheid,entropy,Welvaart
BU00902213,0.31111012739009325,Welvaart_Kwetsbaarheid,entropy,Welvaart
BU00902215,0.288287892442896,Welvaart_Kwetsbaarheid,entropy,Welvaart
BU00902216,0.31725121454671673,Welvaart_Kwetsbaarheid,entropy,Welvaart
WK009023,0.2719201519190462,Welvaart_Kwetsbaarheid,entropy,Welvaart
BU00902307,0.24291106652631392,Welvaart_Kwetsbaarheid,entropy,Welvaart
BU00902308,0.29524635115426995,Welvaart_Kwetsbaarheid,entropy,Welvaart
BU00902311,0.26227633010153273,Welvaart_Kwetsbaarheid,entropy,Welvaart
GM1900,0.26736309866751257,Welvaart_Kwetsbaarheid,entropy,Welvaart
WK190000,0.2568784967694913,Welvaart_Kwetsbaarheid,entropy,Welvaart
BU19000000,0.27695999574773456,Welvaart_Kwetsbaarheid,entropy,Welvaart
BU19000001,0.35263608252795753,Welvaart_Kwetsbaarheid,entropy,Welvaart
BU19000002,0.2534153491088771,Welvaart_Kwetsbaarheid,entropy,Welvaart
BU19000003,0.19068368017732693,Welvaart_Kwetsbaarheid,entropy,Welvaart
BU19000004,0.22894507144391724,Welvaart_Kwetsbaarheid,entropy,Welvaart
BU19000009,0.27410666400161554,Welvaart_Kwetsbaarheid,entropy,Welvaart
WK190001,0.2581743965656087,Welvaart_Kwetsbaarheid,entropy,Welvaart
BU19000101,0.3651709812591839,Welvaart_Kwetsbaarheid,entropy,Welvaart
BU19000102,0.28879093228057606,Welvaart_Kwetsbaarheid,entropy,Welvaart
BU19000103,0.22798454576901261,Welvaart_Kwetsbaarheid,entropy,Welvaart
BU19000104,0.3038829419359743,Welvaart_Kwetsbaarheid,entropy,Welvaart
BU19000105,0.41640495858649795,Welvaart_Kwetsbaarheid,entropy,Welvaart
BU19000106,0.2482212386766522,Welvaart_Kwetsbaarheid,entropy,Welvaart
BU19000107,0.208426777012741,Welvaart_Kwetsbaarheid,entropy,Welvaart
BU19000108,0.24140167783448552,Welvaart_Kwetsbaarheid,entropy,Welvaart
BU19000109,0.27899154091011613,Welvaart_Kwetsbaarheid,entropy,Welvaart
BU19000110,0.25779552278855233,Welvaart_Kwetsbaarheid,entropy,Welvaart
BU19000111,0.2419588604512136,Welvaart_Kwetsbaarheid,entropy,Welvaart
BU19000112,0.3246955729907389,Welvaart_Kwetsbaarheid,entropy,Welvaart
BU19000113,0.3221108191460729,Welvaart_Kwetsbaarheid,entropy,Welvaart
BU19000114,0.39152171117976053,Welvaart_Kwetsbaarheid,entropy,Welvaart
BU19000115,0.3888680673607303,Welvaart_Kwetsbaarheid,entropy,Welvaart
BU19000116,0.306007055613865,Welvaart_Kwetsbaarheid,entropy,Welvaart
BU19000117,0.24310742322135787,Welvaart_Kwetsbaarheid,entropy,Welvaart
BU19000118,0.2636398222399965,Welvaart_Kwetsbaarheid,entropy,Welvaart
BU19000119,0.2789105713172978,Welvaart_Kwetsbaarheid,entropy,Welvaart
BU19000120,0.23864189517764542,Welvaart_Kwetsbaarheid,entropy,Welvaart
WK190002,0.2613001106669559,Welvaart_Kwetsbaarheid,entropy,Welvaart
BU19000200,0.269340311013482,Welvaart_Kwetsbaarheid,entropy,Welvaart
BU19000201,0.27170124427335146,Welvaart_Kwetsbaarheid,entropy,Welvaart
BU19000202,0.24493898790205165,Welvaart_Kwetsbaarheid,entropy,Welvaart
BU19000208,0.252922039106882,Welvaart_Kwetsbaarheid,entropy,Welvaart
BU19000209,0.3316817028376442,Welvaart_Kwetsbaarheid,entropy,Welvaart
WK190003,0.25428589599420315,Welvaart_Kwetsbaarheid,entropy,Welvaart
BU19000300,0.25280025292165753,Welvaart_Kwetsbaarheid,entropy,Welvaart
BU19000301,0.26730009292001095,Welvaart_Kwetsbaarheid,entropy,Welvaart
BU19000302,0.28665871093259204,Welvaart_Kwetsbaarheid,entropy,Welvaart
BU19000308,0.2757243095499114,Welvaart_Kwetsbaarheid,entropy,Welvaart
BU19000309,0.25690121298106156,Welvaart_Kwetsbaarheid,entropy,Welvaart
WK190004,0.245706280298705,Welvaart_Kwetsbaarheid,entropy,Welvaart
BU19000400,0.26325232710496194,Welvaart_Kwetsbaarheid,entropy,Welvaart
BU19000401,0.27413779171281877,Welvaart_Kwetsbaarheid,entropy,Welvaart
BU19000402,0.2625925763079153,Welvaart_Kwetsbaarheid,entropy,Welvaart
BU19000403,0.2630704446044758,Welvaart_Kwetsbaarheid,entropy,Welvaart
BU19000408,0.294406882016087,Welvaart_Kwetsbaarheid,entropy,Welvaart
BU19000409,0.2898749100581393,Welvaart_Kwetsbaarheid,entropy,Welvaart
WK190005,0.2610766756230652,Welvaart_Kwetsbaarheid,entropy,Welvaart
BU19000500,0.20950951058241926,Welvaart_Kwetsbaarheid,entropy,Welvaart
BU19000501,0.2879774064509548,Welvaart_Kwetsbaarheid,entropy,Welvaart
BU19000502,0.21184450060360274,Welvaart_Kwetsbaarheid,entropy,Welvaart
BU19000503,0.31050366212863334,Welvaart_Kwetsbaarheid,entropy,Welvaart
WK190006,0.2556333284926142,Welvaart_Kwetsbaarheid,entropy,Welvaart
BU19000600,0.25580605218892555,Welvaart_Kwetsbaarheid,entropy,Welvaart
BU19000602,0.21782191653086738,Welvaart_Kwetsbaarheid,entropy,Welvaart
BU19000603,0.25714368142521327,Welvaart_Kwetsbaarheid,entropy,Welvaart
BU19000607,0.2982537131702461,Welvaart_Kwetsbaarheid,entropy,Welvaart
BU19000608,0.26659030991799826,Welvaart_Kwetsbaarheid,entropy,Welvaart
BU19000609,0.25915740644159513,Welvaart_Kwetsbaarheid,entropy,Welvaart
WK190007,0.2559816364493197,Welvaart_Kwetsbaarheid,entropy,Welvaart
BU19000700,0.23257706267698347,Welvaart_Kwetsbaarheid,entropy,Welvaart
BU19000701,0.25723122382416524,Welvaart_Kwetsbaarheid,entropy,Welvaart
BU19000702,0.24610026997461137,Welvaart_Kwetsbaarheid,entropy,Welvaart
BU19000706,0.26365816975379675,Welvaart_Kwetsbaarheid,entropy,Welvaart
BU19000707,0.30467937717418425,Welvaart_Kwetsbaarheid,entropy,Welvaart
BU19000708,0.3758091097543962,Welvaart_Kwetsbaarheid,entropy,Welvaart
WK190008,0.24353982305423336,Welvaart_Kwetsbaarheid,entropy,Welvaart
BU19000800,0.22090931123760982,Welvaart_Kwetsbaarheid,entropy,Welvaart
BU19000801,0.21880581054448073,Welvaart_Kwetsbaarheid,entropy,Welvaart
BU19000802,0.282581244017932,Welvaart_Kwetsbaarheid,entropy,Welvaart
BU19000804,0.2731941021659963,Welvaart_Kwetsbaarheid,entropy,Welvaart
BU19000808,0.27315018863731677,Welvaart_Kwetsbaarheid,entropy,Welvaart
BU19000809,0.22670208552648072,Welvaart_Kwetsbaarheid,entropy,Welvaart
WK190009,0.2565671289697719,Welvaart_Kwetsbaarheid,entropy,Welvaart
BU19000900,0.23085475385324744,Welvaart_Kwetsbaarheid,entropy,Welvaart
BU19000901,0.23550144902807696,Welvaart_Kwetsbaarheid,entropy,Welvaart
BU19000902,0.23585184050527658,Welvaart_Kwetsbaarheid,entropy,Welvaart
BU19000903,0.2817909348393989,Welvaart_Kwetsbaarheid,entropy,Welvaart
BU19000904,0.21726359949519586,Welvaart_Kwetsbaarheid,entropy,Welvaart
BU19000905,0.261214373459855,Welvaart_Kwetsbaarheid,entropy,Welvaart
BU19000906,0.26391994375095373,Welvaart_Kwetsbaarheid,entropy,Welvaart
BU19000907,0.2455285458768733,Welvaart_Kwetsbaarheid,entropy,Welvaart
BU19000908,0.2809804567704383,Welvaart_Kwetsbaarheid,entropy,Welvaart
BU19000909,0.2945117030365204,Welvaart_Kwetsbaarheid,entropy,Welvaart
WK190010,0.25411991597211253,Welvaart_Kwetsbaarheid,entropy,Welvaart
BU19001000,0.2621616571384609,Welvaart_Kwetsbaarheid,entropy,Welvaart
BU19001001,0.23591873141887465,Welvaart_Kwetsbaarheid,entropy,Welvaart
BU19001002,0.21648702279721013,Welvaart_Kwetsbaarheid,entropy,Welvaart
BU19001003,0.2266865274777409,Welvaart_Kwetsbaarheid,entropy,Welvaart
BU19001007,0.29175258243270324,Welvaart_Kwetsbaarheid,entropy,Welvaart
BU19001008,0.27833435285725977,Welvaart_Kwetsbaarheid,entropy,Welvaart
WK190011,0.2446542908912716,Welvaart_Kwetsbaarheid,entropy,Welvaart
BU19001100,0.25223556719194523,Welvaart_Kwetsbaarheid,entropy,Welvaart
BU19001101,0.3199871467021402,Welvaart_Kwetsbaarheid,entropy,Welvaart
BU19001108,0.25199674704053665,Welvaart_Kwetsbaarheid,entropy,Welvaart
BU19001109,0.281841174344523,Welvaart_Kwetsbaarheid,entropy,Welvaart
WK190012,0.2632530444276234,Welvaart_Kwetsbaarheid,entropy,Welvaart
BU19001200,0.2498387255644233,Welvaart_Kwetsbaarheid,entropy,Welvaart
BU19001201,0.29343533988525,Welvaart_Kwetsbaarheid,entropy,Welvaart
BU19001202,0.33904275700863845,Welvaart_Kwetsbaarheid,entropy,Welvaart
BU19001203,0.2599236043801418,Welvaart_Kwetsbaarheid,entropy,Welvaart
BU19001204,0.2776979091643841,Welvaart_Kwetsbaarheid,entropy,Welvaart
BU19001208,0.2432878722641768,Welvaart_Kwetsbaarheid,entropy,Welvaart
BU19001209,0.368543396563706,Welvaart_Kwetsbaarheid,entropy,Welvaart
WK190013,0.24613859578390548,Welvaart_Kwetsbaarheid,entropy,Welvaart
BU19001300,0.24204012323987745,Welvaart_Kwetsbaarheid,entropy,Welvaart
BU19001301,0.21955504034209491,Welvaart_Kwetsbaarheid,entropy,Welvaart
BU19001302,0.24069450372675794,Welvaart_Kwetsbaarheid,entropy,Welvaart
BU19001303,0.23951959151114144,Welvaart_Kwetsbaarheid,entropy,Welvaart
BU19001306,0.284855620051956,Welvaart_Kwetsbaarheid,entropy,Welvaart
BU19001307,0.28173633435486484,Welvaart_Kwetsbaarheid,entropy,Welvaart
BU19001308,0.28663158827241075,Welvaart_Kwetsbaarheid,entropy,Welvaart
BU19001309,0.3011712333800188,Welvaart_Kwetsbaarheid,entropy,Welvaart
WK190014,0.26045717305138205,Welvaart_Kwetsbaarheid,entropy,Welvaart
BU19001400,0.22789268453662503,Welvaart_Kwetsbaarheid,entropy,Welvaart
BU19001401,0.21100338346554265,Welvaart_Kwetsbaarheid,entropy,Welvaart
BU19001402,0.2458964639566856,Welvaart_Kwetsbaarheid,entropy,Welvaart
BU19001403,0.26863149434281697,Welvaart_Kwetsbaarheid,entropy,Welvaart
BU19001404,0.24380208662360492,Welvaart_Kwetsbaarheid,entropy,Welvaart
BU19001405,0.2563105203706175,Welvaart_Kwetsbaarheid,entropy,Welvaart
BU19001406,0.23921816845198907,Welvaart_Kwetsbaarheid,entropy,Welvaart
BU19001407,0.2413191750493786,Welvaart_Kwetsbaarheid,entropy,Welvaart
BU19001408,0.2566408036742735,Welvaart_Kwetsbaarheid,entropy,Welvaart
BU19001409,0.28130624644632796,Welvaart_Kwetsbaarheid,entropy,Welvaart
WK190015,0.2560047054088614,Welvaart_Kwetsbaarheid,entropy,Welvaart
BU19001500,0.2342916175466459,Welvaart_Kwetsbaarheid,entropy,Welvaart
BU19001501,0.24775974294097475,Welvaart_Kwetsbaarheid,entropy,Welvaart
BU19001502,0.2596858786176278,Welvaart_Kwetsbaarheid,entropy,Welvaart
BU19001503,0.25103383136522844,Welvaart_Kwetsbaarheid,entropy,Welvaart
BU19001509,0.21986561862135007,Welvaart_Kwetsbaarheid,entropy,Welvaart
WK190016,0.2608326363338268,Welvaart_Kwetsbaarheid,entropy,Welvaart
BU19001600,0.22349525547754004,Welvaart_Kwetsbaarheid,entropy,Welvaart
BU19001601,0.29014934307358436,Welvaart_Kwetsbaarheid,entropy,Welvaart
BU19001602,0.23172418034094155,Welvaart_Kwetsbaarheid,entropy,Welvaart
BU19001603,0.21868976940846427,Welvaart_Kwetsbaarheid,entropy,Welvaart
BU19001604,0.19355113243141597,Welvaart_Kwetsbaarheid,entropy,Welvaart
BU19001606,0.26923707574801164,Welvaart_Kwetsbaarheid,entropy,Welvaart
BU19001607,0.2713863300814164,Welvaart_Kwetsbaarheid,entropy,Welvaart
BU19001608,0.3159079487009005,Welvaart_Kwetsbaarheid,entropy,Welvaart
WK190017,0.2528127415988188,Welvaart_Kwetsbaarheid,entropy,Welvaart
BU19001700,0.24373824357148727,Welvaart_Kwetsbaarheid,entropy,Welvaart
BU19001709,0.27816155680784926,Welvaart_Kwetsbaarheid,entropy,Welvaart
WK190018,0.25866225104999085,Welvaart_Kwetsbaarheid,entropy,Welvaart
BU19001800,0.3092992755857418,Welvaart_Kwetsbaarheid,entropy,Welvaart
BU19001801,0.27625174566532157,Welvaart_Kwetsbaarheid,entropy,Welvaart
BU19001802,0.2890555033365472,Welvaart_Kwetsbaarheid,entropy,Welvaart
BU19001803,0.24747196291966309,Welvaart_Kwetsbaarheid,entropy,Welvaart
BU19001804,0.25288797970440463,Welvaart_Kwetsbaarheid,entropy,Welvaart
BU19001808,0.29179149285529266,Welvaart_Kwetsbaarheid,entropy,Welvaart
BU19001809,0.2941550369860623,Welvaart_Kwetsbaarheid,entropy,Welvaart
WK190019,0.2528304257932439,Welvaart_Kwetsbaarheid,entropy,Welvaart
BU19001900,0.2319246138015803,Welvaart_Kwetsbaarheid,entropy,Welvaart
BU19001901,0.24698945073507816,Welvaart_Kwetsbaarheid,entropy,Welvaart
BU19001902,0.25595738165426524,Welvaart_Kwetsbaarheid,entropy,Welvaart
BU19001903,0.2577359421684163,Welvaart_Kwetsbaarheid,entropy,Welvaart
BU19001904,0.25142849080708685,Welvaart_Kwetsbaarheid,entropy,Welvaart
WK190020,0.26081028798617484,Welvaart_Kwetsbaarheid,entropy,Welvaart
BU19002001,0.24696014789681414,Welvaart_Kwetsbaarheid,entropy,Welvaart
BU19002002,0.22461372774752159,Welvaart_Kwetsbaarheid,entropy,Welvaart
BU19002003,0.30739646980114826,Welvaart_Kwetsbaarheid,entropy,Welvaart
BU19002004,0.22762034715635565,Welvaart_Kwetsbaarheid,entropy,Welvaart
BU19002005,0.2090916683338142,Welvaart_Kwetsbaarheid,entropy,Welvaart
BU19002006,0.25015632667005483,Welvaart_Kwetsbaarheid,entropy,Welvaart
BU19002007,0.21953790961812653,Welvaart_Kwetsbaarheid,entropy,Welvaart
BU19002008,0.23558355340368536,Welvaart_Kwetsbaarheid,entropy,Welvaart
BU19002009,0.2568112455920336,Welvaart_Kwetsbaarheid,entropy,Welvaart
BU19002010,0.25971342710042267,Welvaart_Kwetsbaarheid,entropy,Welvaart
BU19002011,0.2359224696395142,Welvaart_Kwetsbaarheid,entropy,Welvaart
BU19002012,0.24734453828693348,Welvaart_Kwetsbaarheid,entropy,Welvaart
BU19002013,0.26523750586370043,Welvaart_Kwetsbaarheid,entropy,Welvaart
BU19002014,0.2716192646750107,Welvaart_Kwetsbaarheid,entropy,Welvaart
BU19002015,0.26044828292665934,Welvaart_Kwetsbaarheid,entropy,Welvaart
BU19002016,0.24573481490833038,Welvaart_Kwetsbaarheid,entropy,Welvaart
BU19002017,0.2266564380451944,Welvaart_Kwetsbaarheid,entropy,Welvaart
BU19002018,0.21933110265397213,Welvaart_Kwetsbaarheid,entropy,Welvaart
BU19002019,0.2739109801486575,Welvaart_Kwetsbaarheid,entropy,Welvaart
GM0093,0.257926052933137,Welvaart_Kwetsbaarheid,entropy,Welvaart
WK009300,0.2506839825460515,Welvaart_Kwetsbaarheid,entropy,Welvaart
BU00930000,0.26810810804173796,Welvaart_Kwetsbaarheid,entropy,Welvaart
BU00930002,0.41350557043282954,Welvaart_Kwetsbaarheid,entropy,Welvaart
WK009301,0.24617139909136299,Welvaart_Kwetsbaarheid,entropy,Welvaart
BU00930110,0.29871157455625147,Welvaart_Kwetsbaarheid,entropy,Welvaart
BU00930111,0.3336221070670052,Welvaart_Kwetsbaarheid,entropy,Welvaart
BU00930112,0.3273019129626654,Welvaart_Kwetsbaarheid,entropy,Welvaart
WK009302,0.28249272407566284,Welvaart_Kwetsbaarheid,entropy,Welvaart
BU00930213,0.340281723412529,Welvaart_Kwetsbaarheid,entropy,Welvaart
BU00930214,0.32396809693989187,Welvaart_Kwetsbaarheid,entropy,Welvaart
BU00930215,0.2695886629435075,Welvaart_Kwetsbaarheid,entropy,Welvaart
WK009303,0.3059047371953824,Welvaart_Kwetsbaarheid,entropy,Welvaart
BU00930316,0.3304493716512752,Welvaart_Kwetsbaarheid,entropy,Welvaart
BU00930317,0.27708640198981876,Welvaart_Kwetsbaarheid,entropy,Welvaart
WK009304,0.26065650283196035,Welvaart_Kwetsbaarheid,entropy,Welvaart
BU00930418,0.30578073558010355,Welvaart_Kwetsbaarheid,entropy,Welvaart
BU00930419,0.29561294918067976,Welvaart_Kwetsbaarheid,entropy,Welvaart
BU00930420,0.3354354129657293,Welvaart_Kwetsbaarheid,entropy,Welvaart
WK009305,0.2886968481187669,Welvaart_Kwetsbaarheid,entropy,Welvaart
BU00930521,0.3074705544935138,Welvaart_Kwetsbaarheid,entropy,Welvaart
BU00930522,0.28006056529442613,Welvaart_Kwetsbaarheid,entropy,Welvaart
BU00930523,0.3118186840854778,Welvaart_Kwetsbaarheid,entropy,Welvaart
GM0737,0.27116622199273877,Welvaart_Kwetsbaarheid,entropy,Welvaart
WK073700,0.26402235938111507,Welvaart_Kwetsbaarheid,entropy,Welvaart
BU07370000,0.2392764589367928,Welvaart_Kwetsbaarheid,entropy,Welvaart
BU07370009,0.2614698581057277,Welvaart_Kwetsbaarheid,entropy,Welvaart
WK073701,0.2522673564749886,Welvaart_Kwetsbaarheid,entropy,Welvaart
BU07370100,0.20970334943646368,Welvaart_Kwetsbaarheid,entropy,Welvaart
BU07370101,0.22780409598870882,Welvaart_Kwetsbaarheid,entropy,Welvaart
BU07370102,0.2467563096064907,Welvaart_Kwetsbaarheid,entropy,Welvaart
BU07370108,0.2577875843783576,Welvaart_Kwetsbaarheid,entropy,Welvaart
BU07370109,0.16821961483570147,Welvaart_Kwetsbaarheid,entropy,Welvaart
WK073702,0.2580045920186555,Welvaart_Kwetsbaarheid,entropy,Welvaart
BU07370200,0.2503408328010272,Welvaart_Kwetsbaarheid,entropy,Welvaart
BU07370201,0.23628895093116184,Welvaart_Kwetsbaarheid,entropy,Welvaart
BU07370208,0.2569894241315533,Welvaart_Kwetsbaarheid,entropy,Welvaart
BU07370209,0.23405803327135544,Welvaart_Kwetsbaarheid,entropy,Welvaart
WK073703,0.23631628339921887,Welvaart_Kwetsbaarheid,entropy,Welvaart
BU07370300,0.2604205439659332,Welvaart_Kwetsbaarheid,entropy,Welvaart
BU07370309,0.3084179990302508,Welvaart_Kwetsbaarheid,entropy,Welvaart
WK073704,0.2608080463277704,Welvaart_Kwetsbaarheid,entropy,Welvaart
BU07370400,0.19850453005661156,Welvaart_Kwetsbaarheid,entropy,Welvaart
BU07370401,0.23879531889136862,Welvaart_Kwetsbaarheid,entropy,Welvaart
BU07370408,0.23857226759727881,Welvaart_Kwetsbaarheid,entropy,Welvaart
BU07370409,0.26764031502094543,Welvaart_Kwetsbaarheid,entropy,Welvaart
WK073705,0.2649229375691418,Welvaart_Kwetsbaarheid,entropy,Welvaart
BU07370500,0.2498641876802548,Welvaart_Kwetsbaarheid,entropy,Welvaart
BU07370501,0.20971120722712663,Welvaart_Kwetsbaarheid,entropy,Welvaart
BU07370508,0.2821185140827259,Welvaart_Kwetsbaarheid,entropy,Welvaart
BU07370509,0.31139666669603305,Welvaart_Kwetsbaarheid,entropy,Welvaart
WK073706,0.25712355019335,Welvaart_Kwetsbaarheid,entropy,Welvaart
BU07370600,0.2510796484958719,Welvaart_Kwetsbaarheid,entropy,Welvaart
BU07370609,0.27762575158630054,Welvaart_Kwetsbaarheid,entropy,Welvaart
WK073707,0.2644703738275288,Welvaart_Kwetsbaarheid,entropy,Welvaart
BU07370700,0.25224829348188266,Welvaart_Kwetsbaarheid,entropy,Welvaart
BU07370701,0.2617820646083118,Welvaart_Kwetsbaarheid,entropy,Welvaart
BU07370708,0.26978558146649595,Welvaart_Kwetsbaarheid,entropy,Welvaart
BU07370709,0.256208064389351,Welvaart_Kwetsbaarheid,entropy,Welvaart
WK073708,0.25762150254221927,Welvaart_Kwetsbaarheid,entropy,Welvaart
BU07370800,0.24410062611793865,Welvaart_Kwetsbaarheid,entropy,Welvaart
BU07370809,0.2620111068589476,Welvaart_Kwetsbaarheid,entropy,Welvaart
WK073709,0.2451482596869337,Welvaart_Kwetsbaarheid,entropy,Welvaart
BU07370900,0.21972510571504522,Welvaart_Kwetsbaarheid,entropy,Welvaart
BU07370909,0.22058495202086217,Welvaart_Kwetsbaarheid,entropy,Welvaart
GM0096,0.249074826389729,Welvaart_Kwetsbaarheid,entropy,Welvaart
WK009600,0.24777033711741608,Welvaart_Kwetsbaarheid,entropy,Welvaart
BU00960000,0.295440306199535,Welvaart_Kwetsbaarheid,entropy,Welvaart
BU00960009,0.34990413041083596,Welvaart_Kwetsbaarheid,entropy,Welvaart
GM1949,0.2589233362597715,Welvaart_Kwetsbaarheid,entropy,Welvaart
WK194915,0.22765772297989106,Welvaart_Kwetsbaarheid,entropy,Welvaart
BU19491500,0.2701588255352748,Welvaart_Kwetsbaarheid,entropy,Welvaart
BU19491501,0.22329079036742266,Welvaart_Kwetsbaarheid,entropy,Welvaart
WK194916,0.2472483100638515,Welvaart_Kwetsbaarheid,entropy,Welvaart
BU19491600,0.2181617855767319,Welvaart_Kwetsbaarheid,entropy,Welvaart
BU19491601,0.3324080697221232,Welvaart_Kwetsbaarheid,entropy,Welvaart
BU19491602,0.25069017052612724,Welvaart_Kwetsbaarheid,entropy,Welvaart
BU19491603,0.20444716950773895,Welvaart_Kwetsbaarheid,entropy,Welvaart
BU19491604,0.30271514631074703,Welvaart_Kwetsbaarheid,entropy,Welvaart
BU19491605,0.2857884925514811,Welvaart_Kwetsbaarheid,entropy,Welvaart
BU19491606,0.2038886920637903,Welvaart_Kwetsbaarheid,entropy,Welvaart
WK194917,0.2229587538259971,Welvaart_Kwetsbaarheid,entropy,Welvaart
BU19491700,0.22241014117531238,Welvaart_Kwetsbaarheid,entropy,Welvaart
WK194918,0.23983305296827317,Welvaart_Kwetsbaarheid,entropy,Welvaart
BU19491800,0.25577033953620587,Welvaart_Kwetsbaarheid,entropy,Welvaart
BU19491801,0.2633197901446248,Welvaart_Kwetsbaarheid,entropy,Welvaart
BU19491802,0.249251285264808,Welvaart_Kwetsbaarheid,entropy,Welvaart
BU19491803,0.2433351388436812,Welvaart_Kwetsbaarheid,entropy,Welvaart
BU19491804,0.23954007473314934,Welvaart_Kwetsbaarheid,entropy,Welvaart
WK194919,0.23627959627380196,Welvaart_Kwetsbaarheid,entropy,Welvaart
BU19491900,0.24650238261489604,Welvaart_Kwetsbaarheid,entropy,Welvaart
BU19491901,0.238584543273506,Welvaart_Kwetsbaarheid,entropy,Welvaart
WK194920,0.23897803689483887,Welvaart_Kwetsbaarheid,entropy,Welvaart
BU19492000,0.24391842658525592,Welvaart_Kwetsbaarheid,entropy,Welvaart
BU19492001,0.20906623009599004,Welvaart_Kwetsbaarheid,entropy,Welvaart
WK194921,0.2625786014590081,Welvaart_Kwetsbaarheid,entropy,Welvaart
BU19492100,0.23637636465120515,Welvaart_Kwetsbaarheid,entropy,Welvaart
WK194922,0.2665315788465942,Welvaart_Kwetsbaarheid,entropy,Welvaart
BU19492200,0.297491629089069,Welvaart_Kwetsbaarheid,entropy,Welvaart
WK194923,0.23114155891355664,Welvaart_Kwetsbaarheid,entropy,Welvaart
BU19492300,0.2720233002012828,Welvaart_Kwetsbaarheid,entropy,Welvaart
BU19492301,0.24268540126108604,Welvaart_Kwetsbaarheid,entropy,Welvaart
WK194924,0.24060539885315152,Welvaart_Kwetsbaarheid,entropy,Welvaart
BU19492400,0.238914146587817,Welvaart_Kwetsbaarheid,entropy,Welvaart
BU19492401,0.19310064016698023,Welvaart_Kwetsbaarheid,entropy,Welvaart
WK194925,0.22451188930426347,Welvaart_Kwetsbaarheid,entropy,Welvaart
BU19492500,0.25548861105490417,Welvaart_Kwetsbaarheid,entropy,Welvaart
BU19492501,0.26348264085350587,Welvaart_Kwetsbaarheid,entropy,Welvaart
WK194926,0.26435953142877816,Welvaart_Kwetsbaarheid,entropy,Welvaart
BU19492600,0.23229578761490396,Welvaart_Kwetsbaarheid,entropy,Welvaart
BU19492601,0.26355153475374093,Welvaart_Kwetsbaarheid,entropy,Welvaart
BU19492602,0.24287139837174748,Welvaart_Kwetsbaarheid,entropy,Welvaart
BU19492603,0.18661702822384107,Welvaart_Kwetsbaarheid,entropy,Welvaart
BU19492604,0.2019512756946501,Welvaart_Kwetsbaarheid,entropy,Welvaart
WK194927,0.2619196549251362,Welvaart_Kwetsbaarheid,entropy,Welvaart
BU19492700,0.266474662175987,Welvaart_Kwetsbaarheid,entropy,Welvaart
WK194928,0.2533619290995992,Welvaart_Kwetsbaarheid,entropy,Welvaart
BU19492800,0.2810470884057159,Welvaart_Kwetsbaarheid,entropy,Welvaart
BU19492801,0.29403662751829235,Welvaart_Kwetsbaarheid,entropy,Welvaart
BU19492802,0.28260380865669943,Welvaart_Kwetsbaarheid,entropy,Welvaart
BU19492803,0.17983845729981054,Welvaart_Kwetsbaarheid,entropy,Welvaart
BU19492804,0.31564391942091446,Welvaart_Kwetsbaarheid,entropy,Welvaart
BU19492805,0.26663079113331495,Welvaart_Kwetsbaarheid,entropy,Welvaart
BU19492806,0.2526317821683712,Welvaart_Kwetsbaarheid,entropy,Welvaart
BU19492807,0.2671236958748438,Welvaart_Kwetsbaarheid,entropy,Welvaart
BU19492808,0.2319056272695592,Welvaart_Kwetsbaarheid,entropy,Welvaart
BU19492809,0.33833257358785035,Welvaart_Kwetsbaarheid,entropy,Welvaart
BU19492810,0.17207879830177303,Welvaart_Kwetsbaarheid,entropy,Welvaart
BU19492811,0.30503965186945264,Welvaart_Kwetsbaarheid,entropy,Welvaart
BU19492812,0.19895599052480153,Welvaart_Kwetsbaarheid,entropy,Welvaart
BU19492813,0.2609760994833182,Welvaart_Kwetsbaarheid,entropy,Welvaart
BU19492814,0.24699379545989314,Welvaart_Kwetsbaarheid,entropy,Welvaart
BU19492815,0.19444313765487425,Welvaart_Kwetsbaarheid,entropy,Welvaart
BU19492816,0.2022654757201875,Welvaart_Kwetsbaarheid,entropy,Welvaart
BU19492817,0.21597261764083198,Welvaart_Kwetsbaarheid,entropy,Welvaart
WK194929,0.2260283502896575,Welvaart_Kwetsbaarheid,entropy,Welvaart
BU19492900,0.24775558528119024,Welvaart_Kwetsbaarheid,entropy,Welvaart
WK194930,0.2502300919927317,Welvaart_Kwetsbaarheid,entropy,Welvaart
BU19493000,0.25577327188749166,Welvaart_Kwetsbaarheid,entropy,Welvaart
WK194931,0.2490229122539943,Welvaart_Kwetsbaarheid,entropy,Welvaart
BU19493100,0.24382988275676937,Welvaart_Kwetsbaarheid,entropy,Welvaart
BU19493101,0.18853283053136904,Welvaart_Kwetsbaarheid,entropy,Welvaart
WK194932,0.23235431139855395,Welvaart_Kwetsbaarheid,entropy,Welvaart
BU19493200,0.230069949180731,Welvaart_Kwetsbaarheid,entropy,Welvaart
BU19493201,0.31583589122416295,Welvaart_Kwetsbaarheid,entropy,Welvaart
BU19493202,0.2620815890726086,Welvaart_Kwetsbaarheid,entropy,Welvaart
WK194933,0.2804523728488163,Welvaart_Kwetsbaarheid,entropy,Welvaart
BU19493300,0.21483501269147845,Welvaart_Kwetsbaarheid,entropy,Welvaart
WK194934,0.21123347969917824,Welvaart_Kwetsbaarheid,entropy,Welvaart
BU19493400,0.2902948607124273,Welvaart_Kwetsbaarheid,entropy,Welvaart
BU19493401,0.22356789386699982,Welvaart_Kwetsbaarheid,entropy,Welvaart
WK194935,0.24727906062548455,Welvaart_Kwetsbaarheid,entropy,Welvaart
BU19493500,0.28410829531189774,Welvaart_Kwetsbaarheid,entropy,Welvaart
BU19493501,0.2153425814093954,Welvaart_Kwetsbaarheid,entropy,Welvaart
BU19493502,0.21313804260957037,Welvaart_Kwetsbaarheid,entropy,Welvaart
BU19493503,0.22776941923006794,Welvaart_Kwetsbaarheid,entropy,Welvaart
WK194936,0.23888017304757833,Welvaart_Kwetsbaarheid,entropy,Welvaart
BU19493600,0.2584375464664225,Welvaart_Kwetsbaarheid,entropy,Welvaart
BU19493601,0.24798217014597201,Welvaart_Kwetsbaarheid,entropy,Welvaart
BU19493602,0.2898483386438112,Welvaart_Kwetsbaarheid,entropy,Welvaart
BU19493603,0.2526850188157443,Welvaart_Kwetsbaarheid,entropy,Welvaart
WK194937,0.22575337085456681,Welvaart_Kwetsbaarheid,entropy,Welvaart
BU19493700,0.23478917368567448,Welvaart_Kwetsbaarheid,entropy,Welvaart
WK194938,0.23698614729099576,Welvaart_Kwetsbaarheid,entropy,Welvaart
BU19493800,0.24841501609461814,Welvaart_Kwetsbaarheid,entropy,Welvaart
BU19493801,0.26559703642979143,Welvaart_Kwetsbaarheid,entropy,Welvaart
WK194939,0.2390360712455482,Welvaart_Kwetsbaarheid,entropy,Welvaart
BU19493900,0.21146770844175883,Welvaart_Kwetsbaarheid,entropy,Welvaart
BU19493901,0.23762223044840847,Welvaart_Kwetsbaarheid,entropy,Welvaart
WK194940,0.2424734758194542,Welvaart_Kwetsbaarheid,entropy,Welvaart
BU19494000,0.27429164499874603,Welvaart_Kwetsbaarheid,entropy,Welvaart
WK194941,0.24047571458365957,Welvaart_Kwetsbaarheid,entropy,Welvaart
BU19494100,0.22657207579484645,Welvaart_Kwetsbaarheid,entropy,Welvaart
WK194942,0.23289170548664295,Welvaart_Kwetsbaarheid,entropy,Welvaart
BU19494200,0.24692740999142793,Welvaart_Kwetsbaarheid,entropy,Welvaart
BU19494201,0.23480255577189313,Welvaart_Kwetsbaarheid,entropy,Welvaart
WK194943,0.23217528997204395,Welvaart_Kwetsbaarheid,entropy,Welvaart
BU19494300,0.25190640263636865,Welvaart_Kwetsbaarheid,entropy,Welvaart
WK194944,0.22846067226121222,Welvaart_Kwetsbaarheid,entropy,Welvaart
BU19494400,0.228585297136684,Welvaart_Kwetsbaarheid,entropy,Welvaart
BU19494401,0.2717159536879343,Welvaart_Kwetsbaarheid,entropy,Welvaart
BU19494402,0.2584135652567651,Welvaart_Kwetsbaarheid,entropy,Welvaart
BU19494403,0.24616661251082528,Welvaart_Kwetsbaarheid,entropy,Welvaart
WK194945,0.2502861648849441,Welvaart_Kwetsbaarheid,entropy,Welvaart
BU19494500,0.24880029959985916,Welvaart_Kwetsbaarheid,entropy,Welvaart
WK194946,0.26089520424076207,Welvaart_Kwetsbaarheid,entropy,Welvaart
BU19494600,0.22081205195916978,Welvaart_Kwetsbaarheid,entropy,Welvaart
WK194947,0.23954205186443728,Welvaart_Kwetsbaarheid,entropy,Welvaart
BU19494700,0.2984925856352221,Welvaart_Kwetsbaarheid,entropy,Welvaart
BU19494701,0.218115635642088,Welvaart_Kwetsbaarheid,entropy,Welvaart
WK194948,0.2280410741592009,Welvaart_Kwetsbaarheid,entropy,Welvaart
BU19494800,0.2841661112612046,Welvaart_Kwetsbaarheid,entropy,Welvaart
BU19494801,0.2747954025980255,Welvaart_Kwetsbaarheid,entropy,Welvaart
WK194949,0.23580268963031836,Welvaart_Kwetsbaarheid,entropy,Welvaart
BU19494900,0.2544291575314369,Welvaart_Kwetsbaarheid,entropy,Welvaart
BU19494901,0.22643814620288472,Welvaart_Kwetsbaarheid,entropy,Welvaart
BU19494902,0.25095626602458365,Welvaart_Kwetsbaarheid,entropy,Welvaart
WK194950,0.23720001077517766,Welvaart_Kwetsbaarheid,entropy,Welvaart
BU19495000,0.26945197584620034,Welvaart_Kwetsbaarheid,entropy,Welvaart
BU19495001,0.2731433116361642,Welvaart_Kwetsbaarheid,entropy,Welvaart
WK194951,0.23781279464061322,Welvaart_Kwetsbaarheid,entropy,Welvaart
BU19495100,0.2367510835853144,Welvaart_Kwetsbaarheid,entropy,Welvaart
WK194952,0.23009470715175287,Welvaart_Kwetsbaarheid,entropy,Welvaart
BU19495200,0.24479346789702955,Welvaart_Kwetsbaarheid,entropy,Welvaart
WK194953,0.22606318369479014,Welvaart_Kwetsbaarheid,entropy,Welvaart
BU19495300,0.2714383979696185,Welvaart_Kwetsbaarheid,entropy,Welvaart
BU19495301,0.22306849750416252,Welvaart_Kwetsbaarheid,entropy,Welvaart
BU19495302,0.28037297562398167,Welvaart_Kwetsbaarheid,entropy,Welvaart
WK194954,0.23954001619613607,Welvaart_Kwetsbaarheid,entropy,Welvaart
BU19495400,0.23751122194121083,Welvaart_Kwetsbaarheid,entropy,Welvaart
BU19495401,0.17551312799863525,Welvaart_Kwetsbaarheid,entropy,Welvaart
WK194955,0.24511720596827408,Welvaart_Kwetsbaarheid,entropy,Welvaart
BU19495500,0.2585905316061624,Welvaart_Kwetsbaarheid,entropy,Welvaart
GM0098,0.270638736842255,Welvaart_Kwetsbaarheid,entropy,Welvaart
WK009800,0.26015413494423373,Welvaart_Kwetsbaarheid,entropy,Welvaart
BU00980001,0.2485636940712302,Welvaart_Kwetsbaarheid,entropy,Welvaart
BU00980002,0.2819561005409598,Welvaart_Kwetsbaarheid,entropy,Welvaart
BU00980003,0.3147801067183766,Welvaart_Kwetsbaarheid,entropy,Welvaart
BU00980004,0.2876335823140295,Welvaart_Kwetsbaarheid,entropy,Welvaart
BU00980005,0.2730776522701728,Welvaart_Kwetsbaarheid,entropy,Welvaart
BU00980006,0.24155643594704262,Welvaart_Kwetsbaarheid,entropy,Welvaart
BU00980007,0.22310329262957548,Welvaart_Kwetsbaarheid,entropy,Welvaart
BU00980008,0.23054416975663683,Welvaart_Kwetsbaarheid,entropy,Welvaart
BU00980009,0.24576746772967306,Welvaart_Kwetsbaarheid,entropy,Welvaart
BU00980010,0.3422039444311528,Welvaart_Kwetsbaarheid,entropy,Welvaart
BU00980011,0.2833705643580736,Welvaart_Kwetsbaarheid,entropy,Welvaart
BU00980012,0.3260827932618967,Welvaart_Kwetsbaarheid,entropy,Welvaart
BU00980013,0.28072711389507404,Welvaart_Kwetsbaarheid,entropy,Welvaart
BU00980014,0.24460251689495255,Welvaart_Kwetsbaarheid,entropy,Welvaart
BU00980015,0.21359636032244086,Welvaart_Kwetsbaarheid,entropy,Welvaart
BU00980016,0.30121961495956295,Welvaart_Kwetsbaarheid,entropy,Welvaart
BU00980017,0.17845215018919824,Welvaart_Kwetsbaarheid,entropy,Welvaart
BU00980018,0.2672570230497874,Welvaart_Kwetsbaarheid,entropy,Welvaart
BU00980019,0.23028219168359637,Welvaart_Kwetsbaarheid,entropy,Welvaart
BU00980020,0.24255213364982098,Welvaart_Kwetsbaarheid,entropy,Welvaart
BU00980021,0.21381711500007133,Welvaart_Kwetsbaarheid,entropy,Welvaart
WK009801,0.2577718630980503,Welvaart_Kwetsbaarheid,entropy,Welvaart
BU00980101,0.258077634914611,Welvaart_Kwetsbaarheid,entropy,Welvaart
BU00980102,0.3028828804312269,Welvaart_Kwetsbaarheid,entropy,Welvaart
BU00980103,0.2894027675979015,Welvaart_Kwetsbaarheid,entropy,Welvaart
BU00980104,0.2772822723864352,Welvaart_Kwetsbaarheid,entropy,Welvaart
WK009802,0.2532029260203055,Welvaart_Kwetsbaarheid,entropy,Welvaart
BU00980201,0.265122283220854,Welvaart_Kwetsbaarheid,entropy,Welvaart
BU00980202,0.28013168686314394,Welvaart_Kwetsbaarheid,entropy,Welvaart
WK009803,0.2652579665444386,Welvaart_Kwetsbaarheid,entropy,Welvaart
BU00980301,0.29960178580084695,Welvaart_Kwetsbaarheid,entropy,Welvaart
BU00980302,0.2578785783800893,Welvaart_Kwetsbaarheid,entropy,Welvaart
BU00980303,0.24443361036135516,Welvaart_Kwetsbaarheid,entropy,Welvaart
BU00980304,0.25590278312262854,Welvaart_Kwetsbaarheid,entropy,Welvaart
BU00980305,0.2867308094279862,Welvaart_Kwetsbaarheid,entropy,Welvaart
WK009804,0.26841678220096643,Welvaart_Kwetsbaarheid,entropy,Welvaart
BU00980401,0.27734501016154495,Welvaart_Kwetsbaarheid,entropy,Welvaart
BU00980402,0.2722312636624714,Welvaart_Kwetsbaarheid,entropy,Welvaart
BU00980403,0.28693726208511017,Welvaart_Kwetsbaarheid,entropy,Welvaart
WK009805,0.27171024230339,Welvaart_Kwetsbaarheid,entropy,Welvaart
BU00980501,0.29806267844970236,Welvaart_Kwetsbaarheid,entropy,Welvaart
BU00980502,0.2725604893626792,Welvaart_Kwetsbaarheid,entropy,Welvaart
WK009806,0.2816455358264986,Welvaart_Kwetsbaarheid,entropy,Welvaart
BU00980601,0.2421958427853457,Welvaart_Kwetsbaarheid,entropy,Welvaart
BU00980602,0.25986700803093665,Welvaart_Kwetsbaarheid,entropy,Welvaart
WK009807,0.2397873169188781,Welvaart_Kwetsbaarheid,entropy,Welvaart
BU00980701,0.26320928529282567,Welvaart_Kwetsbaarheid,entropy,Welvaart
BU00980702,0.29993829691445184,Welvaart_Kwetsbaarheid,entropy,Welvaart
WK009808,0.2488904354008431,Welvaart_Kwetsbaarheid,entropy,Welvaart
BU00980801,0.24411543156335236,Welvaart_Kwetsbaarheid,entropy,Welvaart
BU00980802,0.2711177346914451,Welvaart_Kwetsbaarheid,entropy,Welvaart
WK009809,0.2870075899006865,Welvaart_Kwetsbaarheid,entropy,Welvaart
BU00980901,0.27248680747600523,Welvaart_Kwetsbaarheid,entropy,Welvaart
BU00980902,0.2542706817512748,Welvaart_Kwetsbaarheid,entropy,Welvaart
BU00980903,0.29583961045015955,Welvaart_Kwetsbaarheid,entropy,Welvaart
WK009810,0.2576852486190325,Welvaart_Kwetsbaarheid,entropy,Welvaart
BU00981001,0.28957082542334656,Welvaart_Kwetsbaarheid,entropy,Welvaart
BU00981002,0.2548267425826511,Welvaart_Kwetsbaarheid,entropy,Welvaart
BU00981003,0.24763890414159084,Welvaart_Kwetsbaarheid,entropy,Welvaart
BU00981004,0.31586909632025384,Welvaart_Kwetsbaarheid,entropy,Welvaart
BU00981005,0.36634885164513936,Welvaart_Kwetsbaarheid,entropy,Welvaart
BU00981006,0.27203818925900014,Welvaart_Kwetsbaarheid,entropy,Welvaart
BU00981007,0.35941624595747196,Welvaart_Kwetsbaarheid,entropy,Welvaart
BU00981008,0.2408701039047311,Welvaart_Kwetsbaarheid,entropy,Welvaart
BU00981009,0.24826540986125575,Welvaart_Kwetsbaarheid,entropy,Welvaart
WK009811,0.2740958244313417,Welvaart_Kwetsbaarheid,entropy,Welvaart
BU00981101,0.25038790407392797,Welvaart_Kwetsbaarheid,entropy,Welvaart
BU00981102,0.22764254753054075,Welvaart_Kwetsbaarheid,entropy,Welvaart
WK009812,0.2553289117881628,Welvaart_Kwetsbaarheid,entropy,Welvaart
BU00981201,0.3199795625706896,Welvaart_Kwetsbaarheid,entropy,Welvaart
WK009813,0.25868639656518383,Welvaart_Kwetsbaarheid,entropy,Welvaart
BU00981301,0.2367972904531475,Welvaart_Kwetsbaarheid,entropy,Welvaart
BU00981302,0.282785036707298,Welvaart_Kwetsbaarheid,entropy,Welvaart
WK009814,0.27121346305419647,Welvaart_Kwetsbaarheid,entropy,Welvaart
BU00981401,0.240280856572617,Welvaart_Kwetsbaarheid,entropy,Welvaart
BU00981402,0.2600800216722221,Welvaart_Kwetsbaarheid,entropy,Welvaart
WK009815,0.2449732759952558,Welvaart_Kwetsbaarheid,entropy,Welvaart
BU00981501,0.2024199154456835,Welvaart_Kwetsbaarheid,entropy,Welvaart
BU00981502,0.29174748359598435,Welvaart_Kwetsbaarheid,entropy,Welvaart
GM0059,-0.12537441601669022,Welvaart_Kwetsbaarheid,weighted_mean,Welvaart
WK005900,-0.14049847489093362,Welvaart_Kwetsbaarheid,weighted_mean,Welvaart
BU00590000,-0.47560353609000167,Welvaart_Kwetsbaarheid,weighted_mean,Welvaart
BU00590001,-0.1179691268080999,Welvaart_Kwetsbaarheid,weighted_mean,Welvaart
BU00590002,-0.1949748756694757,Welvaart_Kwetsbaarheid,weighted_mean,Welvaart
BU00590003,0.1614515863352753,Welvaart_Kwetsbaarheid,weighted_mean,Welvaart
BU00590004,-0.17345234790285735,Welvaart_Kwetsbaarheid,weighted_mean,Welvaart
BU00590005,0.07502325284584337,Welvaart_Kwetsbaarheid,weighted_mean,Welvaart
BU00590006,0.17013932361449685,Welvaart_Kwetsbaarheid,weighted_mean,Welvaart
BU00590007,-0.08260712523597663,Welvaart_Kwetsbaarheid,weighted_mean,Welvaart
BU00590008,-0.16152097712097085,Welvaart_Kwetsbaarheid,weighted_mean,Welvaart
BU00590009,-0.04820202730737614,Welvaart_Kwetsbaarheid,weighted_mean,Welvaart
WK005901,-0.11611206484410291,Welvaart_Kwetsbaarheid,weighted_mean,Welvaart
BU00590100,-0.4402440244531863,Welvaart_Kwetsbaarheid,weighted_mean,Welvaart
BU00590102,-0.4212367610342501,Welvaart_Kwetsbaarheid,weighted_mean,Welvaart
BU00590103,-0.056059580215218396,Welvaart_Kwetsbaarheid,weighted_mean,Welvaart
BU00590107,-0.1579044285238877,Welvaart_Kwetsbaarheid,weighted_mean,Welvaart
BU00590108,0.261178274461939,Welvaart_Kwetsbaarheid,weighted_mean,Welvaart
BU00590109,0.1828180342457167,Welvaart_Kwetsbaarheid,weighted_mean,Welvaart
WK005902,-0.11575001491489931,Welvaart_Kwetsbaarheid,weighted_mean,Welvaart
BU00590200,-0.11612152523350622,Welvaart_Kwetsbaarheid,weighted_mean,Welvaart
BU00590201,-0.06483146376397803,Welvaart_Kwetsbaarheid,weighted_mean,Welvaart
BU00590202,-0.2575736188078517,Welvaart_Kwetsbaarheid,weighted_mean,Welvaart
BU00590203,-0.12587846094639757,Welvaart_Kwetsbaarheid,weighted_mean,Welvaart
BU00590206,0.43785920257545863,Welvaart_Kwetsbaarheid,weighted_mean,Welvaart
BU00590207,-0.021425936235806492,Welvaart_Kwetsbaarheid,weighted_mean,Welvaart
BU00590208,0.23804192840362728,Welvaart_Kwetsbaarheid,weighted_mean,Welvaart
BU00590209,0.3460842598279681,Welvaart_Kwetsbaarheid,weighted_mean,Welvaart
GM0060,-0.10970379290286958,Welvaart_Kwetsbaarheid,weighted_mean,Welvaart
WK006000,-0.18830010375168793,Welvaart_Kwetsbaarheid,weighted_mean,Welvaart
BU00600000,-0.25408001083940246,Welvaart_Kwetsbaarheid,weighted_mean,Welvaart
BU00600001,-0.1461871280049702,Welvaart_Kwetsbaarheid,weighted_mean,Welvaart
BU00600002,-0.1139939446985251,Welvaart_Kwetsbaarheid,weighted_mean,Welvaart
BU00600003,-0.4792258755247293,Welvaart_Kwetsbaarheid,weighted_mean,Welvaart
BU00600007,0.29480095278367136,Welvaart_Kwetsbaarheid,weighted_mean,Welvaart
BU00600008,0.2338134501266835,Welvaart_Kwetsbaarheid,weighted_mean,Welvaart
BU00600009,0.42728333294324744,Welvaart_Kwetsbaarheid,weighted_mean,Welvaart
GM1891,-0.09100155493886494,Welvaart_Kwetsbaarheid,weighted_mean,Welvaart
WK189100,-0.116124811003075,Welvaart_Kwetsbaarheid,weighted_mean,Welvaart
BU18910000,-0.20903297050281394,Welvaart_Kwetsbaarheid,weighted_mean,Welvaart
BU18910001,-0.2957523686046726,Welvaart_Kwetsbaarheid,weighted_mean,Welvaart
BU18910002,0.31846062060303004,Welvaart_Kwetsbaarheid,weighted_mean,Welvaart
BU18910008,0.3907539171620314,Welvaart_Kwetsbaarheid,weighted_mean,Welvaart
BU18910009,0.37256633282824114,Welvaart_Kwetsbaarheid,weighted_mean,Welvaart
WK189101,0.05517640529494071,Welvaart_Kwetsbaarheid,weighted_mean,Welvaart
BU18910100,0.05723081721268748,Welvaart_Kwetsbaarheid,weighted_mean,Welvaart
BU18910101,-0.03237716257495324,Welvaart_Kwetsbaarheid,weighted_mean,Welvaart
BU18910108,0.05702255914121837,Welvaart_Kwetsbaarheid,weighted_mean,Welvaart
BU18910109,-0.047922055044781725,Welvaart_Kwetsbaarheid,weighted_mean,Welvaart
WK189102,-0.1806285727383499,Welvaart_Kwetsbaarheid,weighted_mean,Welvaart
BU18910200,-0.12169168389968327,Welvaart_Kwetsbaarheid,weighted_mean,Welvaart
BU18910201,0.00792433710110152,Welvaart_Kwetsbaarheid,weighted_mean,Welvaart
BU18910202,0.05575384588383542,Welvaart_Kwetsbaarheid,weighted_mean,Welvaart
BU18910208,0.6823911724622551,Welvaart_Kwetsbaarheid,weighted_mean,Welvaart
BU18910209,0.6273969188264517,Welvaart_Kwetsbaarheid,weighted_mean,Welvaart
WK189103,0.013073314544163564,Welvaart_Kwetsbaarheid,weighted_mean,Welvaart
BU18910300,-0.2730371417841028,Welvaart_Kwetsbaarheid,weighted_mean,Welvaart
BU18910301,-0.11138339693946239,Welvaart_Kwetsbaarheid,weighted_mean,Welvaart
BU18910309,0.12996777010142824,Welvaart_Kwetsbaarheid,weighted_mean,Welvaart
GM1940,-0.03050531944189211,Welvaart_Kwetsbaarheid,weighted_mean,Welvaart
WK194001,0.4519021028072294,Welvaart_Kwetsbaarheid,weighted_mean,Welvaart
BU19400101,0.34615938474050617,Welvaart_Kwetsbaarheid,weighted_mean,Welvaart
WK194002,-0.2263313734409702,Welvaart_Kwetsbaarheid,weighted_mean,Welvaart
BU19400201,-0.40902264195086624,Welvaart_Kwetsbaarheid,weighted_mean,Welvaart
WK194003,-0.1892619908993433,Welvaart_Kwetsbaarheid,weighted_mean,Welvaart
BU19400301,-0.12670383376632893,Welvaart_Kwetsbaarheid,weighted_mean,Welvaart
WK194004,0.31228148129789746,Welvaart_Kwetsbaarheid,weighted_mean,Welvaart
BU19400401,0.30884930647118647,Welvaart_Kwetsbaarheid,weighted_mean,Welvaart
WK194005,0.650232488406036,Welvaart_Kwetsbaarheid,weighted_mean,Welvaart
BU19400501,0.6139495876582723,Welvaart_Kwetsbaarheid,weighted_mean,Welvaart
WK194006,1.0082413415055496,Welvaart_Kwetsbaarheid,weighted_mean,Welvaart
BU19400601,1.5354886572052346,Welvaart_Kwetsbaarheid,weighted_mean,Welvaart
WK194007,0.00026498209257513894,Welvaart_Kwetsbaarheid,weighted_mean,Welvaart
BU19400701,-0.010346545400334486,Welvaart_Kwetsbaarheid,weighted_mean,Welvaart
BU19400702,0.4429651227368129,Welvaart_Kwetsbaarheid,weighted_mean,Welvaart
WK194008,0.7754578382945794,Welvaart_Kwetsbaarheid,weighted_mean,Welvaart
BU19400801,1.4544151571560415,Welvaart_Kwetsbaarheid,weighted_mean,Welvaart
WK194009,0.12200457161347257,Welvaart_Kwetsbaarheid,weighted_mean,Welvaart
BU19400901,0.2354314948690576,Welvaart_Kwetsbaarheid,weighted_mean,Welvaart
WK194010,-0.1965661648682514,Welvaart_Kwetsbaarheid,weighted_mean,Welvaart
BU19401001,-0.061246253654666266,Welvaart_Kwetsbaarheid,weighted_mean,Welvaart
WK194011,-0.2384075932472787,Welvaart_Kwetsbaarheid,weighted_mean,Welvaart
BU19401101,0.41111472770653773,Welvaart_Kwetsbaarheid,weighted_mean,Welvaart
BU19401102,-0.287809215115406,Welvaart_Kwetsbaarheid,weighted_mean,Welvaart
WK194012,-0.2794432907500153,Welvaart_Kwetsbaarheid,weighted_mean,Welvaart
BU19401201,0.058323070919451894,Welvaart_Kwetsbaarheid,weighted_mean,Welvaart
WK194013,0.08411958669252567,Welvaart_Kwetsbaarheid,weighted_mean,Welvaart
BU19401301,-0.041098853044475664,Welvaart_Kwetsbaarheid,weighted_mean,Welvaart
WK194014,0.5543071808451694,Welvaart_Kwetsbaarheid,weighted_mean,Welvaart
BU19401401,0.6860556218817474,Welvaart_Kwetsbaarheid,weighted_mean,Welvaart
WK194015,0.308403570207599,Welvaart_Kwetsbaarheid,weighted_mean,Welvaart
BU19401501,0.3374556408039344,Welvaart_Kwetsbaarheid,weighted_mean,Welvaart
WK194016,0.3840866269676354,Welvaart_Kwetsbaarheid,weighted_mean,Welvaart
BU19401601,0.363091302219539,Welvaart_Kwetsbaarheid,weighted_mean,Welvaart
WK194017,0.12299907995762527,Welvaart_Kwetsbaarheid,weighted_mean,Welvaart
BU19401701,0.14317343638596886,Welvaart_Kwetsbaarheid,weighted_mean,Welvaart
WK194018,-0.23050012451560595,Welvaart_Kwetsbaarheid,weighted_mean,Welvaart
BU19401801,-0.21841576995429668,Welvaart_Kwetsbaarheid,weighted_mean,Welvaart
WK194019,-0.1353691214664454,Welvaart_Kwetsbaarheid,weighted_mean,Welvaart
BU19401901,-0.23561986785207173,Welvaart_Kwetsbaarheid,weighted_mean,Welvaart
BU19401902,0.3867977863068215,Welvaart_Kwetsbaarheid,weighted_mean,Welvaart
BU19401903,-0.3555510445748196,Welvaart_Kwetsbaarheid,weighted_mean,Welvaart
BU19401904,-0.40126755152024746,Welvaart_Kwetsbaarheid,weighted_mean,Welvaart
BU19401905,-0.15400984030948278,Welvaart_Kwetsbaarheid,weighted_mean,Welvaart
BU19401906,-0.2742925360825784,Welvaart_Kwetsbaarheid,weighted_mean,Welvaart
BU19401907,-0.22235596097389343,Welvaart_Kwetsbaarheid,weighted_mean,Welvaart
BU19401908,0.49368991072762297,Welvaart_Kwetsbaarheid,weighted_mean,Welvaart
BU19401909,0.08604587359482424,Welvaart_Kwetsbaarheid,weighted_mean,Welvaart
BU19401910,-0.01137055357163591,Welvaart_Kwetsbaarheid,weighted_mean,Welvaart
WK194020,-0.212326803729925,Welvaart_Kwetsbaarheid,weighted_mean,Welvaart
BU19402001,-0.2626638502223628,Welvaart_Kwetsbaarheid,weighted_mean,Welvaart
WK194021,-0.06069916080220121,Welvaart_Kwetsbaarheid,weighted_mean,Welvaart
BU19402101,0.009765985568297705,Welvaart_Kwetsbaarheid,weighted_mean,Welvaart
WK194022,-0.34541301739880814,Welvaart_Kwetsbaarheid,weighted_mean,Welvaart
BU19402201,-0.6468883318366004,Welvaart_Kwetsbaarheid,weighted_mean,Welvaart
WK194023,-0.006761469561007066,Welvaart_Kwetsbaarheid,weighted_mean,Welvaart
BU19402301,0.7156455775210171,Welvaart_Kwetsbaarheid,weighted_mean,Welvaart
BU19402302,-0.17251705831567063,Welvaart_Kwetsbaarheid,weighted_mean,Welvaart
BU19402303,0.7349430151837271,Welvaart_Kwetsbaarheid,weighted_mean,Welvaart
BU19402304,0.22219022371152658,Welvaart_Kwetsbaarheid,weighted_mean,Welvaart
BU19402305,0.023732763927441405,Welvaart_Kwetsbaarheid,weighted_mean,Welvaart
BU19402306,-0.1261802371878739,Welvaart_Kwetsbaarheid,weighted_mean,Welvaart
BU19402307,0.2718954748602283,Welvaart_Kwetsbaarheid,weighted_mean,Welvaart
BU19402308,0.10523216428665798,Welvaart_Kwetsbaarheid,weighted_mean,Welvaart
WK194024,0.5188675649560941,Welvaart_Kwetsbaarheid,weighted_mean,Welvaart
BU19402401,0.41743603086549697,Welvaart_Kwetsbaarheid,weighted_mean,Welvaart
WK194025,0.36414199389330915,Welvaart_Kwetsbaarheid,weighted_mean,Welvaart
BU19402501,-0.10180409563629156,Welvaart_Kwetsbaarheid,weighted_mean,Welvaart
WK194026,0.22127320425913155,Welvaart_Kwetsbaarheid,weighted_mean,Welvaart
BU19402601,0.32111949652672533,Welvaart_Kwetsbaarheid,weighted_mean,Welvaart
WK194027,0.37769889250593724,Welvaart_Kwetsbaarheid,weighted_mean,Welvaart
BU19402701,0.3284592329266976,Welvaart_Kwetsbaarheid,weighted_mean,Welvaart
WK194028,-0.13675055923863885,Welvaart_Kwetsbaarheid,weighted_mean,Welvaart
BU19402801,0.17842210296750152,Welvaart_Kwetsbaarheid,weighted_mean,Welvaart
BU19402802,-0.18916883849367172,Welvaart_Kwetsbaarheid,weighted_mean,Welvaart
WK194029,-0.0073922277098621425,Welvaart_Kwetsbaarheid,weighted_mean,Welvaart
BU19402901,-0.1622294895342387,Welvaart_Kwetsbaarheid,weighted_mean,Welvaart
WK194030,0.0035272938691548877,Welvaart_Kwetsbaarheid,weighted_mean,Welvaart
BU19403001,-0.13738105561744646,Welvaart_Kwetsbaarheid,weighted_mean,Welvaart
WK194031,-0.07637329412789559,Welvaart_Kwetsbaarheid,weighted_mean,Welvaart
BU19403101,0.025007750663736766,Welvaart_Kwetsbaarheid,weighted_mean,Welvaart
WK194032,0.0052775853981998355,Welvaart_Kwetsbaarheid,weighted_mean,Welvaart
BU19403201,0.043682384084009006,Welvaart_Kwetsbaarheid,weighted_mean,Welvaart
WK194033,0.3514257001276081,Welvaart_Kwetsbaarheid,weighted_mean,Welvaart
BU19403301,0.3472743834615256,Welvaart_Kwetsbaarheid,weighted_mean,Welvaart
WK194034,0.535524748384695,Welvaart_Kwetsbaarheid,weighted_mean,Welvaart
BU19403401,0.5668113697388912,Welvaart_Kwetsbaarheid,weighted_mean,Welvaart
WK194035,0.1255268657905144,Welvaart_Kwetsbaarheid,weighted_mean,Welvaart
BU19403501,0.44954805229077344,Welvaart_Kwetsbaarheid,weighted_mean,Welvaart
WK194036,0.32480390666062664,Welvaart_Kwetsbaarheid,weighted_mean,Welvaart
BU19403601,0.1889854591576213,Welvaart_Kwetsbaarheid,weighted_mean,Welvaart
WK194037,0.05922092254009918,Welvaart_Kwetsbaarheid,weighted_mean,Welvaart
BU19403701,-0.02234325290684218,Welvaart_Kwetsbaarheid,weighted_mean,Welvaart
WK194038,-0.06234243428482396,Welvaart_Kwetsbaarheid,weighted_mean,Welvaart
BU19403801,-0.1692347748218837,Welvaart_Kwetsbaarheid,weighted_mean,Welvaart
WK194039,0.4164701113840617,Welvaart_Kwetsbaarheid,weighted_mean,Welvaart
BU19403901,0.27565758187612494,Welvaart_Kwetsbaarheid,weighted_mean,Welvaart
WK194040,-0.1434623864284921,Welvaart_Kwetsbaarheid,weighted_mean,Welvaart
BU19404001,-0.11563265774435552,Welvaart_Kwetsbaarheid,weighted_mean,Welvaart
WK194041,-0.1063098329717284,Welvaart_Kwetsbaarheid,weighted_mean,Welvaart
BU19404101,-0.19286679839673482,Welvaart_Kwetsbaarheid,weighted_mean,Welvaart
WK194042,-0.08623093110097152,Welvaart_Kwetsbaarheid,weighted_mean,Welvaart
BU19404201,-0.12216710642007914,Welvaart_Kwetsbaarheid,weighted_mean,Welvaart
WK194043,-0.12609606897425654,Welvaart_Kwetsbaarheid,weighted_mean,Welvaart
BU19404301,-0.11236885291045755,Welvaart_Kwetsbaarheid,weighted_mean,Welvaart
WK194044,0.3087650299635714,Welvaart_Kwetsbaarheid,weighted_mean,Welvaart
BU19404401,0.6499456523352187,Welvaart_Kwetsbaarheid,weighted_mean,Welvaart
WK194045,0.037189721313471674,Welvaart_Kwetsbaarheid,weighted_mean,Welvaart
BU19404501,0.06227259690084638,Welvaart_Kwetsbaarheid,weighted_mean,Welvaart
WK194046,0.06862395930528493,Welvaart_Kwetsbaarheid,weighted_mean,Welvaart
BU19404601,0.4492713635523533,Welvaart_Kwetsbaarheid,weighted_mean,Welvaart
WK194047,-0.11043576241439071,Welvaart_Kwetsbaarheid,weighted_mean,Welvaart
BU19404701,-0.009030219700392694,Welvaart_Kwetsbaarheid,weighted_mean,Welvaart
WK194048,0.13853500776729366,Welvaart_Kwetsbaarheid,weighted_mean,Welvaart
BU19404801,0.08984211953741075,Welvaart_Kwetsbaarheid,weighted_mean,Welvaart
WK194049,0.40316286681043295,Welvaart_Kwetsbaarheid,weighted_mean,Welvaart
BU19404901,0.08267075273382404,Welvaart_Kwetsbaarheid,weighted_mean,Welvaart
WK194050,0.2033644862690573,Welvaart_Kwetsbaarheid,weighted_mean,Welvaart
BU19405001,0.15359673053868794,Welvaart_Kwetsbaarheid,weighted_mean,Welvaart
WK194051,0.11011484539078932,Welvaart_Kwetsbaarheid,weighted_mean,Welvaart
BU19405101,0.05772396131755771,Welvaart_Kwetsbaarheid,weighted_mean,Welvaart
GM0072,-0.365677955659364,Welvaart_Kwetsbaarheid,weighted_mean,Welvaart
WK007200,-0.32859775219819554,Welvaart_Kwetsbaarheid,weighted_mean,Welvaart
BU00720001,-0.27870545083248105,Welvaart_Kwetsbaarheid,weighted_mean,Welvaart
BU00720002,-0.21539375153465762,Welvaart_Kwetsbaarheid,weighted_mean,Welvaart
BU00720003,0.7280682723371226,Welvaart_Kwetsbaarheid,weighted_mean,Welvaart
BU00720004,-0.12838007563708403,Welvaart_Kwetsbaarheid,weighted_mean,Welvaart
BU00720005,-0.043272892527476535,Welvaart_Kwetsbaarheid,weighted_mean,Welvaart
BU00720006,-0.1949605037089842,Welvaart_Kwetsbaarheid,weighted_mean,Welvaart
BU00720007,-0.2759169962372834,Welvaart_Kwetsbaarheid,weighted_mean,Welvaart
BU00720009,-0.07351341445773693,Welvaart_Kwetsbaarheid,weighted_mean,Welvaart
WK007201,-0.30770138713981005,Welvaart_Kwetsbaarheid,weighted_mean,Welvaart
BU00720100,-0.062276895736159354,Welvaart_Kwetsbaarheid,weighted_mean,Welvaart
BU00720109,-0.25201706928903755,Welvaart_Kwetsbaarheid,weighted_mean,Welvaart
WK007202,-0.1372443915267178,Welvaart_Kwetsbaarheid,weighted_mean,Welvaart
BU00720200,-0.45431386910963567,Welvaart_Kwetsbaarheid,weighted_mean,Welvaart
BU00720209,-0.010594339140899675,Welvaart_Kwetsbaarheid,weighted_mean,Welvaart
GM0074,-0.1257447203646542,Welvaart_Kwetsbaarheid,weighted_mean,Welvaart
WK007401,-0.21685937795807717,Welvaart_Kwetsbaarheid,weighted_mean,Welvaart
BU00740100,-0.1513432480681155,Welvaart_Kwetsbaarheid,weighted_mean,Welvaart
BU00740101,0.2354443500639508,Welvaart_Kwetsbaarheid,weighted_mean,Welvaart
BU00740102,0.12937279824440467,Welvaart_Kwetsbaarheid,weighted_mean,Welvaart
BU00740103,-0.1366163234559182,Welvaart_Kwetsbaarheid,weighted_mean,Welvaart
BU00740104,-0.11948654975866524,Welvaart_Kwetsbaarheid,weighted_mean,Welvaart
BU00740105,0.2484114102099076,Welvaart_Kwetsbaarheid,weighted_mean,Welvaart
BU00740106,-0.0020307819261466964,Welvaart_Kwetsbaarheid,weighted_mean,Welvaart
BU00740107,-0.024621073442137653,Welvaart_Kwetsbaarheid,weighted_mean,Welvaart
BU00740108,-0.11256888845505433,Welvaart_Kwetsbaarheid,weighted_mean,Welvaart
BU00740109,-0.06238806000233235,Welvaart_Kwetsbaarheid,weighted_mean,Welvaart
BU00740110,0.23428591175455357,Welvaart_Kwetsbaarheid,weighted_mean,Welvaart
WK007402,0.1953843932579694,Welvaart_Kwetsbaarheid,weighted_mean,Welvaart
BU00740201,0.3796548792620572,Welvaart_Kwetsbaarheid,weighted_mean,Welvaart
BU00740202,0.013567481749416826,Welvaart_Kwetsbaarheid,weighted_mean,Welvaart
BU00740203,-0.07035440845593095,Welvaart_Kwetsbaarheid,weighted_mean,Welvaart
BU00740204,0.212629724623223,Welvaart_Kwetsbaarheid,weighted_mean,Welvaart
BU00740205,0.625012530836183,Welvaart_Kwetsbaarheid,weighted_mean,Welvaart
WK007403,0.05027438493499746,Welvaart_Kwetsbaarheid,weighted_mean,Welvaart
BU00740301,-0.30321594008276753,Welvaart_Kwetsbaarheid,weighted_mean,Welvaart
BU00740302,0.3427032320935108,Welvaart_Kwetsbaarheid,weighted_mean,Welvaart
WK007404,-0.029017679647954042,Welvaart_Kwetsbaarheid,weighted_mean,Welvaart
BU00740401,0.36079804114858666,Welvaart_Kwetsbaarheid,weighted_mean,Welvaart
BU00740402,-0.039063266706098526,Welvaart_Kwetsbaarheid,weighted_mean,Welvaart
BU00740403,0.4822906339972571,Welvaart_Kwetsbaarheid,weighted_mean,Welvaart
BU00740404,-0.11068161357217368,Welvaart_Kwetsbaarheid,weighted_mean,Welvaart
BU00740405,0.40915406296057744,Welvaart_Kwetsbaarheid,weighted_mean,Welvaart
BU00740406,-0.009762039578398368,Welvaart_Kwetsbaarheid,weighted_mean,Welvaart
BU00740407,0.37586983202368585,Welvaart_Kwetsbaarheid,weighted_mean,Welvaart
WK007406,0.26897979471667693,Welvaart_Kwetsbaarheid,weighted_mean,Welvaart
BU00740601,0.27324726780507413,Welvaart_Kwetsbaarheid,weighted_mean,Welvaart
WK007407,-0.05619551185047658,Welvaart_Kwetsbaarheid,weighted_mean,Welvaart
BU00740701,0.011102132879750648,Welvaart_Kwetsbaarheid,weighted_mean,Welvaart
BU00740702,-0.31156251568405313,Welvaart_Kwetsbaarheid,weighted_mean,Welvaart
WK007409,-0.06385951633919928,Welvaart_Kwetsbaarheid,weighted_mean,Welvaart
BU00740901,-0.2657265929603523,Welvaart_Kwetsbaarheid,weighted_mean,Welvaart
BU00740902,0.16696902057289573,Welvaart_Kwetsbaarheid,weighted_mean,Welvaart
BU00740903,-0.21018633216285107,Welvaart_Kwetsbaarheid,weighted_mean,Welvaart
GM0080,-0.09998817906971691,Welvaart_Kwetsbaarheid,weighted_mean,Welvaart
WK008010,-0.2994460746293586,Welvaart_Kwetsbaarheid,weighted_mean,Welvaart
BU00801001,0.1408565167782994,Welvaart_Kwetsbaarheid,weighted_mean,Welvaart
BU00801002,-0.1614121725323046,Welvaart_Kwetsbaarheid,weighted_mean,Welvaart
BU00801003,-0.1805175554589245,Welvaart_Kwetsbaarheid,weighted_mean,Welvaart
BU00801004,0.4450286562845148,Welvaart_Kwetsbaarheid,weighted_mean,Welvaart
BU00801005,1.0403601754853802,Welvaart_Kwetsbaarheid,weighted_mean,Welvaart
BU00801006,0.5265224407784531,Welvaart_Kwetsbaarheid,weighted_mean,Welvaart
BU00801007,0.07912848854955895,Welvaart_Kwetsbaarheid,weighted_mean,Welvaart
BU00801008,-0.5721104845473746,Welvaart_Kwetsbaarheid,weighted_mean,Welvaart
WK008011,-0.5496949761401698,Welvaart_Kwetsbaarheid,weighted_mean,Welvaart
BU00801101,-0.23554403367935178,Welvaart_Kwetsbaarheid,weighted_mean,Welvaart
BU00801102,-0.14839238034221242,Welvaart_Kwetsbaarheid,weighted_mean,Welvaart
BU00801103,0.2072402405873206,Welvaart_Kwetsbaarheid,weighted_mean,Welvaart
BU00801104,1.50630547763927,Welvaart_Kwetsbaarheid,weighted_mean,Welvaart
BU00801105,1.3362864582691159,Welvaart_Kwetsbaarheid,weighted_mean,Welvaart
BU00801106,-0.41290373973973926,Welvaart_Kwetsbaarheid,weighted_mean,Welvaart
BU00801107,0.1837092248101393,Welvaart_Kwetsbaarheid,weighted_mean,Welvaart
BU00801108,-0.2234241781142517,Welvaart_Kwetsbaarheid,weighted_mean,Welvaart
BU00801109,-0.31441326834877714,Welvaart_Kwetsbaarheid,weighted_mean,Welvaart
WK008020,-0.34583386298772556,Welvaart_Kwetsbaarheid,weighted_mean,Welvaart
BU00802001,0.6534391568416826,Welvaart_Kwetsbaarheid,weighted_mean,Welvaart
BU00802002,0.29588980064275383,Welvaart_Kwetsbaarheid,weighted_mean,Welvaart
BU00802003,0.2613845983244266,Welvaart_Kwetsbaarheid,weighted_mean,Welvaart
BU00802004,-0.23443060125216125,Welvaart_Kwetsbaarheid,weighted_mean,Welvaart
BU00802005,-0.32311464009639745,Welvaart_Kwetsbaarheid,weighted_mean,Welvaart
BU00802006,0.5781949425385735,Welvaart_Kwetsbaarheid,weighted_mean,Welvaart
BU00802007,0.9240275056728657,Welvaart_Kwetsbaarheid,weighted_mean,Welvaart
BU00802008,0.1089922737891475,Welvaart_Kwetsbaarheid,weighted_mean,Welvaart
BU00802009,0.4192784611233257,Welvaart_Kwetsbaarheid,weighted_mean,Welvaart
WK008030,-0.23547040319072032,Welvaart_Kwetsbaarheid,weighted_mean,Welvaart
BU00803001,-0.20707967085571155,Welvaart_Kwetsbaarheid,weighted_mean,Welvaart
BU00803002,-0.07632856937262088,Welvaart_Kwetsbaarheid,weighted_mean,Welvaart
BU00803003,-0.024358847109113402,Welvaart_Kwetsbaarheid,weighted_mean,Welvaart
BU00803004,-0.2403231252775876,Welvaart_Kwetsbaarheid,weighted_mean,Welvaart
BU00803005,-0.26442805833505695,Welvaart_Kwetsbaarheid,weighted_mean,Welvaart
BU00803006,0.9242417361273774,Welvaart_Kwetsbaarheid,weighted_mean,Welvaart
BU00803007,-0.047263038079912736,Welvaart_Kwetsbaarheid,weighted_mean,Welvaart
WK008031,-0.3751639986883313,Welvaart_Kwetsbaarheid,weighted_mean,Welvaart
BU00803101,-0.5612831202934181,Welvaart_Kwetsbaarheid,weighted_mean,Welvaart
BU00803102,0.38859387877098756,Welvaart_Kwetsbaarheid,weighted_mean,Welvaart
WK008032,0.27290606846285576,Welvaart_Kwetsbaarheid,weighted_mean,Welvaart
BU00803201,-0.41693379210192094,Welvaart_Kwetsbaarheid,weighted_mean,Welvaart
BU00803202,-0.6655075732017238,Welvaart_Kwetsbaarheid,weighted_mean,Welvaart
BU00803203,0.12148961523963908,Welvaart_Kwetsbaarheid,weighted_mean,Welvaart
BU00803204,0.05656168027271036,Welvaart_Kwetsbaarheid,weighted_mean,Welvaart
WK008040,-0.1474335934885455,Welvaart_Kwetsbaarheid,weighted_mean,Welvaart
BU00804001,0.2645114836249266,Welvaart_Kwetsbaarheid,weighted_mean,Welvaart
BU00804002,-0.6841309878822667,Welvaart_Kwetsbaarheid,weighted_mean,Welvaart
BU00804003,-0.689501803435984,Welvaart_Kwetsbaarheid,weighted_mean,Welvaart
BU00804004,0.49839027996340235,Welvaart_Kwetsbaarheid,weighted_mean,Welvaart
WK008041,-0.45015917612568657,Welvaart_Kwetsbaarheid,weighted_mean,Welvaart
BU00804101,0.011165164268147898,Welvaart_Kwetsbaarheid,weighted_mean,Welvaart
BU00804102,0.5376380133354874,Welvaart_Kwetsbaarheid,weighted_mean,Welvaart
BU00804103,0.13994925083374224,Welvaart_Kwetsbaarheid,weighted_mean,Welvaart
BU00804104,0.11536274625244103,Welvaart_Kwetsbaarheid,weighted_mean,Welvaart
BU00804105,0.6757973899047884,Welvaart_Kwetsbaarheid,weighted_mean,Welvaart
BU00804106,0.2580920692314095,Welvaart_Kwetsbaarheid,weighted_mean,Welvaart
BU00804107,-0.03844477269904541,Welvaart_Kwetsbaarheid,weighted_mean,Welvaart
BU00804108,-0.16498795043164466,Welvaart_Kwetsbaarheid,weighted_mean,Welvaart
BU00804109,0.686259465348352,Welvaart_Kwetsbaarheid,weighted_mean,Welvaart
BU00804110,-0.043831061492209396,Welvaart_Kwetsbaarheid,weighted_mean,Welvaart
WK008050,-0.04547584312498543,Welvaart_Kwetsbaarheid,weighted_mean,Welvaart
BU00805001,1.8856123026656266,Welvaart_Kwetsbaarheid,weighted_mean,Welvaart
BU00805002,0.8482935131110959,Welvaart_Kwetsbaarheid,weighted_mean,Welvaart
BU00805003,-0.443888019162011,Welvaart_Kwetsbaarheid,weighted_mean,Welvaart
WK008051,-0.287350318904805,Welvaart_Kwetsbaarheid,weighted_mean,Welvaart
BU00805101,-0.11728606912502254,Welvaart_Kwetsbaarheid,weighted_mean,Welvaart
BU00805102,-0.3464914622999487,Welvaart_Kwetsbaarheid,weighted_mean,Welvaart
BU00805103,-0.5401611871922511,Welvaart_Kwetsbaarheid,weighted_mean,Welvaart
BU00805104,0.12382085945747057,Welvaart_Kwetsbaarheid,weighted_mean,Welvaart
BU00805105,0.412388391005273,Welvaart_Kwetsbaarheid,weighted_mean,Welvaart
WK008060,-0.5321601903500472,Welvaart_Kwetsbaarheid,weighted_mean,Welvaart
BU00806001,0.8574415595580205,Welvaart_Kwetsbaarheid,weighted_mean,Welvaart
BU00806002,-0.2868833034740793,Welvaart_Kwetsbaarheid,weighted_mean,Welvaart
BU00806003,0.41598611027423704,Welvaart_Kwetsbaarheid,weighted_mean,Welvaart
WK008061,-0.2500576039064374,Welvaart_Kwetsbaarheid,weighted_mean,Welvaart
BU00806101,0.9326132259968624,Welvaart_Kwetsbaarheid,weighted_mean,Welvaart
BU00806102,0.7432309049724277,Welvaart_Kwetsbaarheid,weighted_mean,Welvaart
WK008062,0.0009334935910870618,Welvaart_Kwetsbaarheid,weighted_mean,Welvaart
BU00806201,-0.42289016376816374,Welvaart_Kwetsbaarheid,weighted_mean,Welvaart
BU00806202,0.05772176617918283,Welvaart_Kwetsbaarheid,weighted_mean,Welvaart
BU00806203,0.1337861812420468,Welvaart_Kwetsbaarheid,weighted_mean,Welvaart
BU00806204,0.6254932773805477,Welvaart_Kwetsbaarheid,weighted_mean,Welvaart
BU00806205,-0.3339818618189614,Welvaart_Kwetsbaarheid,weighted_mean,Welvaart
BU00806206,0.24172763545083614,Welvaart_Kwetsbaarheid,weighted_mean,Welvaart
BU00806207,-0.07841472791585308,Welvaart_Kwetsbaarheid,weighted_mean,Welvaart
BU00806208,-0.00507999104309087,Welvaart_Kwetsbaarheid,weighted_mean,Welvaart
BU00806209,-0.6900263031683708,Welvaart_Kwetsbaarheid,weighted_mean,Welvaart
BU00806210,-0.12450327425870343,Welvaart_Kwetsbaarheid,weighted_mean,Welvaart
WK008063,-0.1820034871814629,Welvaart_Kwetsbaarheid,weighted_mean,Welvaart
BU00806301,-0.47587294400055946,Welvaart_Kwetsbaarheid,weighted_mean,Welvaart
BU00806302,-0.008855060937057818,Welvaart_Kwetsbaarheid,weighted_mean,Welvaart
BU00806303,-0.19044614458544573,Welvaart_Kwetsbaarheid,weighted_mean,Welvaart
BU00806304,-0.09985391578740643,Welvaart_Kwetsbaarheid,weighted_mean,Welvaart
BU00806305,-0.13900527217398073,Welvaart_Kwetsbaarheid,weighted_mean,Welvaart
BU00806306,0.07060526050593327,Welvaart_Kwetsbaarheid,weighted_mean,Welvaart
BU00806307,-0.47407393220576055,Welvaart_Kwetsbaarheid,weighted_mean,Welvaart
WK008070,-0.09487321101127741,Welvaart_Kwetsbaarheid,weighted_mean,Welvaart
BU00807001,-0.4163231158037363,Welvaart_Kwetsbaarheid,weighted_mean,Welvaart
BU00807002,-0.4521012578878167,Welvaart_Kwetsbaarheid,weighted_mean,Welvaart
BU00807003,-0.2815406563033375,Welvaart_Kwetsbaarheid,weighted_mean,Welvaart
BU00807004,0.6073894405362605,Welvaart_Kwetsbaarheid,weighted_mean,Welvaart
WK008071,0.15947801387694815,Welvaart_Kwetsbaarheid,weighted_mean,Welvaart
BU00807101,-0.2158993462164224,Welvaart_Kwetsbaarheid,weighted_mean,Welvaart
WK008072,0.5137338951436796,Welvaart_Kwetsbaarheid,weighted_mean,Welvaart
BU00807201,-0.15915676655391045,Welvaart_Kwetsbaarheid,weighted_mean,Welvaart
BU00807202,1.3400674531537942,Welvaart_Kwetsbaarheid,weighted_mean,Welvaart
BU00807203,0.36372683876505835,Welvaart_Kwetsbaarheid,weighted_mean,Welvaart
WK008073,0.13079702391108092,Welvaart_Kwetsbaarheid,weighted_mean,Welvaart
BU00807301,-0.20942284801295247,Welvaart_Kwetsbaarheid,weighted_mean,Welvaart
BU00807302,-0.02620546392966913,Welvaart_Kwetsbaarheid,weighted_mean,Welvaart
BU00807303,0.18092714370491053,Welvaart_Kwetsbaarheid,weighted_mean,Welvaart
BU00807304,-0.11394690021591217,Welvaart_Kwetsbaarheid,weighted_mean,Welvaart
BU00807305,-0.022077041547850895,Welvaart_Kwetsbaarheid,weighted_mean,Welvaart
BU00807306,-0.25555868514880786,Welvaart_Kwetsbaarheid,weighted_mean,Welvaart
WK008074,0.12224579308814104,Welvaart_Kwetsbaarheid,weighted_mean,Welvaart
BU00807401,-0.3267782526434112,Welvaart_Kwetsbaarheid,weighted_mean,Welvaart
BU00807402,-0.3346213536360553,Welvaart_Kwetsbaarheid,weighted_mean,Welvaart
BU00807403,-0.10363496385484218,Welvaart_Kwetsbaarheid,weighted_mean,Welvaart
BU00807404,0.1936202204426159,Welvaart_Kwetsbaarheid,weighted_mean,Welvaart
BU00807405,0.028687725283720752,Welvaart_Kwetsbaarheid,weighted_mean,Welvaart
WK008080,-0.17244098868940877,Welvaart_Kwetsbaarheid,weighted_mean,Welvaart
BU00808001,-0.21035401672772536,Welvaart_Kwetsbaarheid,weighted_mean,Welvaart
BU00808002,-0.20251674513446985,Welvaart_Kwetsbaarheid,weighted_mean,Welvaart
BU00808003,0.2954945205998766,Welvaart_Kwetsbaarheid,weighted_mean,Welvaart
BU00808004,-0.19462540316431348,Welvaart_Kwetsbaarheid,weighted_mean,Welvaart
BU00808005,0.6653567829664369,Welvaart_Kwetsbaarheid,weighted_mean,Welvaart
BU00808006,-0.14425171856330637,Welvaart_Kwetsbaarheid,weighted_mean,Welvaart
BU00808007,-0.2262500635243349,Welvaart_Kwetsbaarheid,weighted_mean,Welvaart
BU00808008,0.3747688453975912,Welvaart_Kwetsbaarheid,weighted_mean,Welvaart
WK008081,-0.0995649706965272,Welvaart_Kwetsbaarheid,weighted_mean,Welvaart
BU00808101,-0.18831431155728473,Welvaart_Kwetsbaarheid,weighted_mean,Welvaart
BU00808102,0.0687300651151273,Welvaart_Kwetsbaarheid,weighted_mean,Welvaart
BU00808103,-0.30527298110566203,Welvaart_Kwetsbaarheid,weighted_mean,Welvaart
BU00808104,0.3575370682964503,Welvaart_Kwetsbaarheid,weighted_mean,Welvaart
BU00808105,-0.3861961204681548,Welvaart_Kwetsbaarheid,weighted_mean,Welvaart
BU00808106,0.3971711916858083,Welvaart_Kwetsbaarheid,weighted_mean,Welvaart
BU00808107,0.2669000573423373,Welvaart_Kwetsbaarheid,weighted_mean,Welvaart
BU00808108,-0.10653905410116399,Welvaart_Kwetsbaarheid,weighted_mean,Welvaart
BU00808109,-0.3631674605007466,Welvaart_Kwetsbaarheid,weighted_mean,Welvaart
BU00808110,0.3081360323999146,Welvaart_Kwetsbaarheid,weighted_mean,Welvaart
BU00808111,-0.23977909857686103,Welvaart_Kwetsbaarheid,weighted_mean,Welvaart
BU00808112,0.27394468189019094,Welvaart_Kwetsbaarheid,weighted_mean,Welvaart
BU00808113,-0.2715500411116994,Welvaart_Kwetsbaarheid,weighted_mean,Welvaart
BU00808114,-0.163444919212616,Welvaart_Kwetsbaarheid,weighted_mean,Welvaart
BU00808115,-0.21985069147802835,Welvaart_Kwetsbaarheid,weighted_mean,Welvaart
BU00808116,-0.43002552958127893,Welvaart_Kwetsbaarheid,weighted_mean,Welvaart
BU00808117,0.2858964380676989,Welvaart_Kwetsbaarheid,weighted_mean,Welvaart
WK008082,-0.20712225150546107,Welvaart_Kwetsbaarheid,weighted_mean,Welvaart
BU00808201,-0.32242689556202236,Welvaart_Kwetsbaarheid,weighted_mean,Welvaart
BU00808202,0.2052213492645224,Welvaart_Kwetsbaarheid,weighted_mean,Welvaart
BU00808203,-0.032628014271714675,Welvaart_Kwetsbaarheid,weighted_mean,Welvaart
BU00808204,-0.39916271319059415,Welvaart_Kwetsbaarheid,weighted_mean,Welvaart
BU00808205,-0.008662485531561293,Welvaart_Kwetsbaarheid,weighted_mean,Welvaart
BU00808206,-0.13841285980012635,Welvaart_Kwetsbaarheid,weighted_mean,Welvaart
BU00808207,0.8160921943305978,Welvaart_Kwetsbaarheid,weighted_mean,Welvaart
BU00808208,-0.19627110235472972,Welvaart_Kwetsbaarheid,weighted_mean,Welvaart
BU00808209,0.4042093194125429,Welvaart_Kwetsbaarheid,weighted_mean,Welvaart
GM1970,-0.12537441601669044,Welvaart_Kwetsbaarheid,weighted_mean,Welvaart
WK197000,-0.22373395017364225,Welvaart_Kwetsbaarheid,weighted_mean,Welvaart
BU19700000,-0.2385446573977959,Welvaart_Kwetsbaarheid,weighted_mean,Welvaart
BU19700001,-0.1963201236949576,Welvaart_Kwetsbaarheid,weighted_mean,Welvaart
BU19700002,0.20483097133656275,Welvaart_Kwetsbaarheid,weighted_mean,Welvaart
BU19700003,-0.13040927178136763,Welvaart_Kwetsbaarheid,weighted_mean,Welvaart
BU19700004,-0.2863888546415817,Welvaart_Kwetsbaarheid,weighted_mean,Welvaart
BU19700005,-0.19116311114687784,Welvaart_Kwetsbaarheid,weighted_mean,Welvaart
BU19700006,-0.3029488690927906,Welvaart_Kwetsbaarheid,weighted_mean,Welvaart
BU19700007,0.17151627931943883,Welvaart_Kwetsbaarheid,weighted_mean,Welvaart
BU19700008,-0.49341950997433504,Welvaart_Kwetsbaarheid,weighted_mean,Welvaart
BU19700009,-0.18515908633039915,Welvaart_Kwetsbaarheid,weighted_mean,Welvaart
BU19700010,-0.15422501869533434,Welvaart_Kwetsbaarheid,weighted_mean,Welvaart
BU19700011,0.4770550181336593,Welvaart_Kwetsbaarheid,weighted_mean,Welvaart
WK197001,-0.05843293719321656,Welvaart_Kwetsbaarheid,weighted_mean,Welvaart
BU19700100,-0.34588415184797344,Welvaart_Kwetsbaarheid,weighted_mean,Welvaart
BU19700101,-0.14667336504078382,Welvaart_Kwetsbaarheid,weighted_mean,Welvaart
BU19700102,-0.4052567404257961,Welvaart_Kwetsbaarheid,weighted_mean,Welvaart
BU19700103,0.10947012347698354,Welvaart_Kwetsbaarheid,weighted_mean,Welvaart
BU19700104,-0.20837741142667804,Welvaart_Kwetsbaarheid,weighted_mean,Welvaart
BU19700105,-0.27917304245321645,Welvaart_Kwetsbaarheid,weighted_mean,Welvaart
BU19700107,0.09326147615038877,Welvaart_Kwetsbaarheid,weighted_mean,Welvaart
BU19700108,-0.16290688409834786,Welvaart_Kwetsbaarheid,weighted_mean,Welvaart
BU19700109,-0.3036603670392587,Welvaart_Kwetsbaarheid,weighted_mean,Welvaart
WK197002,-0.1411698293284667,Welvaart_Kwetsbaarheid,weighted_mean,Welvaart
BU19700200,-0.41454898250074246,Welvaart_Kwetsbaarheid,weighted_mean,Welvaart
BU19700201,-0.23830538094093007,Welvaart_Kwetsbaarheid,weighted_mean,Welvaart
BU19700202,-0.24098686880343484,Welvaart_Kwetsbaarheid,weighted_mean,Welvaart
BU19700208,-0.22927295820668192,Welvaart_Kwetsbaarheid,weighted_mean,Welvaart
BU19700209,0.2966702677937154,Welvaart_Kwetsbaarheid,weighted_mean,Welvaart
WK197003,-0.081714018503675,Welvaart_Kwetsbaarheid,weighted_mean,Welvaart
BU19700300,-0.266242168095907,Welvaart_Kwetsbaarheid,weighted_mean,Welvaart
BU19700301,-0.5962126305874307,Welvaart_Kwetsbaarheid,weighted_mean,Welvaart
BU19700302,-0.23550776267522466,Welvaart_Kwetsbaarheid,weighted_mean,Welvaart
BU19700303,-0.15473344865069655,Welvaart_Kwetsbaarheid,weighted_mean,Welvaart
BU19700307,-0.029497125540661653,Welvaart_Kwetsbaarheid,weighted_mean,Welvaart
BU19700308,0.1190662423594562,Welvaart_Kwetsbaarheid,weighted_mean,Welvaart
BU19700309,0.00014178231633192595,Welvaart_Kwetsbaarheid,weighted_mean,Welvaart
WK197004,-0.22380453609611972,Welvaart_Kwetsbaarheid,weighted_mean,Welvaart
BU19700400,-0.3781804643173867,Welvaart_Kwetsbaarheid,weighted_mean,Welvaart
BU19700401,0.07830563868375051,Welvaart_Kwetsbaarheid,weighted_mean,Welvaart
BU19700408,0.020018137463731517,Welvaart_Kwetsbaarheid,weighted_mean,Welvaart
BU19700409,0.15103153963673874,Welvaart_Kwetsbaarheid,weighted_mean,Welvaart
WK197005,-0.22498247648550257,Welvaart_Kwetsbaarheid,weighted_mean,Welvaart
BU19700500,-0.22836223576933534,Welvaart_Kwetsbaarheid,weighted_mean,Welvaart
BU19700501,-0.3569361897722246,Welvaart_Kwetsbaarheid,weighted_mean,Welvaart
BU19700502,-0.3640673971257386,Welvaart_Kwetsbaarheid,weighted_mean,Welvaart
BU19700503,-0.49454813040298545,Welvaart_Kwetsbaarheid,weighted_mean,Welvaart
BU19700506,0.013247658408484617,Welvaart_Kwetsbaarheid,weighted_mean,Welvaart
BU19700507,0.20615509653974484,Welvaart_Kwetsbaarheid,weighted_mean,Welvaart
BU19700508,0.5272334855697606,Welvaart_Kwetsbaarheid,weighted_mean,Welvaart
BU19700509,0.0019552311898850087,Welvaart_Kwetsbaarheid,weighted_mean,Welvaart
WK197006,-0.16457918943841987,Welvaart_Kwetsbaarheid,weighted_mean,Welvaart
BU19700600,0.014177758548092279,Welvaart_Kwetsbaarheid,weighted_mean,Welvaart
BU19700601,-0.02248382157880017,Welvaart_Kwetsbaarheid,weighted_mean,Welvaart
BU19700602,-0.169855451907644,Welvaart_Kwetsbaarheid,weighted_mean,Welvaart
BU19700603,0.05936568213723953,Welvaart_Kwetsbaarheid,weighted_mean,Welvaart
BU19700604,-0.12666246607615497,Welvaart_Kwetsbaarheid,weighted_mean,Welvaart
BU19700605,-0.21139251665508457,Welvaart_Kwetsbaarheid,weighted_mean,Welvaart
BU19700608,-0.024878525612124266,Welvaart_Kwetsbaarheid,weighted_mean,Welvaart
BU19700609,0.0004256017549161689,Welvaart_Kwetsbaarheid,weighted_mean,Welvaart
WK197007,0.05463251305565449,Welvaart_Kwetsbaarheid,weighted_mean,Welvaart
BU19700700,-0.2856789550632726,Welvaart_Kwetsbaarheid,weighted_mean,Welvaart
BU19700701,-0.04876579936285522,Welvaart_Kwetsbaarheid,weighted_mean,Welvaart
BU19700702,0.1289421953822863,Welvaart_Kwetsbaarheid,weighted_mean,Welvaart
BU19700703,0.07287794298604802,Welvaart_Kwetsbaarheid,weighted_mean,Welvaart
BU19700708,-0.3525457333257096,Welvaart_Kwetsbaarheid,weighted_mean,Welvaart
BU19700709,0.2880841219698059,Welvaart_Kwetsbaarheid,weighted_mean,Welvaart
WK197008,-0.24668636861751178,Welvaart_Kwetsbaarheid,weighted_mean,Welvaart
BU19700800,-0.3798845338133517,Welvaart_Kwetsbaarheid,weighted_mean,Welvaart
BU19700801,-0.2839627549791314,Welvaart_Kwetsbaarheid,weighted_mean,Welvaart
BU19700802,-0.41260716364180544,Welvaart_Kwetsbaarheid,weighted_mean,Welvaart
BU19700803,-0.32713030094392004,Welvaart_Kwetsbaarheid,weighted_mean,Welvaart
BU19700807,0.20178781634326037,Welvaart_Kwetsbaarheid,weighted_mean,Welvaart
BU19700808,-0.04883446812184615,Welvaart_Kwetsbaarheid,weighted_mean,Welvaart
BU19700809,-0.030163421114826935,Welvaart_Kwetsbaarheid,weighted_mean,Welvaart
WK197009,-0.23018739530015545,Welvaart_Kwetsbaarheid,weighted_mean,Welvaart
BU19700900,-0.4112032884528351,Welvaart_Kwetsbaarheid,weighted_mean,Welvaart
BU19700909,0.1477596760086616,Welvaart_Kwetsbaarheid,weighted_mean,Welvaart
WK197010,-0.0058875066198746245,Welvaart_Kwetsbaarheid,weighted_mean,Welvaart
BU19701000,-0.27775208509552024,Welvaart_Kwetsbaarheid,weighted_mean,Welvaart
BU19701001,0.2644538157656552,Welvaart_Kwetsbaarheid,weighted_mean,Welvaart
BU19701002,0.16550409611134215,Welvaart_Kwetsbaarheid,weighted_mean,Welvaart
BU19701003,-0.17487655503996,Welvaart_Kwetsbaarheid,weighted_mean,Welvaart
BU19701004,-0.07426947047176977,Welvaart_Kwetsbaarheid,weighted_mean,Welvaart
BU19701005,-0.18116971626271422,Welvaart_Kwetsbaarheid,weighted_mean,Welvaart
BU19701006,0.2996634028814469,Welvaart_Kwetsbaarheid,weighted_mean,Welvaart
BU19701008,0.3867365720784673,Welvaart_Kwetsbaarheid,weighted_mean,Welvaart
BU19701009,0.2489164718890432,Welvaart_Kwetsbaarheid,weighted_mean,Welvaart
WK197011,-0.1810789716739223,Welvaart_Kwetsbaarheid,weighted_mean,Welvaart
BU19701100,-0.25926927908854513,Welvaart_Kwetsbaarheid,weighted_mean,Welvaart
BU19701109,0.38536321284995767,Welvaart_Kwetsbaarheid,weighted_mean,Welvaart
WK197012,-0.0802756824034014,Welvaart_Kwetsbaarheid,weighted_mean,Welvaart
BU19701200,-0.5012047359702052,Welvaart_Kwetsbaarheid,weighted_mean,Welvaart
BU19701201,-0.24251203073767988,Welvaart_Kwetsbaarheid,weighted_mean,Welvaart
BU19701202,0.08828140924224792,Welvaart_Kwetsbaarheid,weighted_mean,Welvaart
BU19701203,-0.29831325264327996,Welvaart_Kwetsbaarheid,weighted_mean,Welvaart
BU19701204,0.001811441244074341,Welvaart_Kwetsbaarheid,weighted_mean,Welvaart
BU19701206,0.11008667895327218,Welvaart_Kwetsbaarheid,weighted_mean,Welvaart
BU19701207,-0.22073205988428984,Welvaart_Kwetsbaarheid,weighted_mean,Welvaart
BU19701208,0.22136111448385537,Welvaart_Kwetsbaarheid,weighted_mean,Welvaart
BU19701209,0.1762494164993023,Welvaart_Kwetsbaarheid,weighted_mean,Welvaart
WK197013,0.06005630290392279,Welvaart_Kwetsbaarheid,weighted_mean,Welvaart
BU19701300,-0.0651965023917423,Welvaart_Kwetsbaarheid,weighted_mean,Welvaart
BU19701301,0.11738899442493708,Welvaart_Kwetsbaarheid,weighted_mean,Welvaart
BU19701302,-0.34883435914497385,Welvaart_Kwetsbaarheid,weighted_mean,Welvaart
BU19701308,-0.08217711069364277,Welvaart_Kwetsbaarheid,weighted_mean,Welvaart
BU19701309,0.2030935560162263,Welvaart_Kwetsbaarheid,weighted_mean,Welvaart
WK197014,-0.12693354961842368,Welvaart_Kwetsbaarheid,weighted_mean,Welvaart
BU19701400,-0.17286173981462194,Welvaart_Kwetsbaarheid,weighted_mean,Welvaart
BU19701401,0.12867671645704196,Welvaart_Kwetsbaarheid,weighted_mean,Welvaart
BU19701402,-0.23609850814863925,Welvaart_Kwetsbaarheid,weighted_mean,Welvaart
BU19701409,0.1613709551535145,Welvaart_Kwetsbaarheid,weighted_mean,Welvaart
GM0085,-0.10062595604065608,Welvaart_Kwetsbaarheid,weighted_mean,Welvaart
WK008501,-0.14709274332136396,Welvaart_Kwetsbaarheid,weighted_mean,Welvaart
BU00850101,-0.20897070006324037,Welvaart_Kwetsbaarheid,weighted_mean,Welvaart
BU00850102,0.2569028639218291,Welvaart_Kwetsbaarheid,weighted_mean,Welvaart
BU00850103,-0.4269389837090981,Welvaart_Kwetsbaarheid,weighted_mean,Welvaart
BU00850104,0.011265985491074437,Welvaart_Kwetsbaarheid,weighted_mean,Welvaart
BU00850105,0.6050861830166042,Welvaart_Kwetsbaarheid,weighted_mean,Welvaart
BU00850106,-0.2702628918265537,Welvaart_Kwetsbaarheid,weighted_mean,Welvaart
BU00850107,0.021965740306768705,Welvaart_Kwetsbaarheid,weighted_mean,Welvaart
BU00850108,-0.10811245675898931,Welvaart_Kwetsbaarheid,weighted_mean,Welvaart
BU00850109,0.17376859951228266,Welvaart_Kwetsbaarheid,weighted_mean,Welvaart
BU00850110,-0.33707714179971593,Welvaart_Kwetsbaarheid,weighted_mean,Welvaart
BU00850111,0.2690817383228971,Welvaart_Kwetsbaarheid,weighted_mean,Welvaart
WK008502,0.024308527382984293,Welvaart_Kwetsbaarheid,weighted_mean,Welvaart
BU00850201,-0.2963244721328645,Welvaart_Kwetsbaarheid,weighted_mean,Welvaart
BU00850202,0.01823543343774739,Welvaart_Kwetsbaarheid,weighted_mean,Welvaart
BU00850203,0.30823570902906705,Welvaart_Kwetsbaarheid,weighted_mean,Welvaart
WK008503,0.17002237491036326,Welvaart_Kwetsbaarheid,weighted_mean,Welvaart
BU00850301,0.054336142898428516,Welvaart_Kwetsbaarheid,weighted_mean,Welvaart
BU00850302,0.5355186320667777,Welvaart_Kwetsbaarheid,weighted_mean,Welvaart
WK008504,0.5488097641441976,Welvaart_Kwetsbaarheid,weighted_mean,Welvaart
BU00850401,0.05696184227726664,Welvaart_Kwetsbaarheid,weighted_mean,Welvaart
BU00850402,0.8515415209047121,Welvaart_Kwetsbaarheid,weighted_mean,Welvaart
WK008505,0.2936223502515894,Welvaart_Kwetsbaarheid,weighted_mean,Welvaart
BU00850501,-0.06036046190578978,Welvaart_Kwetsbaarheid,weighted_mean,Welvaart
BU00850502,0.6572519630883278,Welvaart_Kwetsbaarheid,weighted_mean,Welvaart
WK008506,-0.08119106864773039,Welvaart_Kwetsbaarheid,weighted_mean,Welvaart
BU00850601,0.0670722303918454,Welvaart_Kwetsbaarheid,weighted_mean,Welvaart
BU00850602,-0.08513601650757463,Welvaart_Kwetsbaarheid,weighted_mean,Welvaart
BU00850603,-0.10601619217502195,Welvaart_Kwetsbaarheid,weighted_mean,Welvaart
BU00850604,-0.2961736929401508,Welvaart_Kwetsbaarheid,weighted_mean,Welvaart
BU00850605,0.07329724226433998,Welvaart_Kwetsbaarheid,weighted_mean,Welvaart
BU00850606,-0.10859563008799766,Welvaart_Kwetsbaarheid,weighted_mean,Welvaart
BU00850607,0.5433065521770591,Welvaart_Kwetsbaarheid,weighted_mean,Welvaart
BU00850608,0.08042123350655225,Welvaart_Kwetsbaarheid,weighted_mean,Welvaart
WK008507,0.0496246888196053,Welvaart_Kwetsbaarheid,weighted_mean,Welvaart
BU00850701,0.16614164045892438,Welvaart_Kwetsbaarheid,weighted_mean,Welvaart
BU00850702,0.47099217942319777,Welvaart_Kwetsbaarheid,weighted_mean,Welvaart
WK008508,0.04585684914415626,Welvaart_Kwetsbaarheid,weighted_mean,Welvaart
BU00850801,-0.21762983543099707,Welvaart_Kwetsbaarheid,weighted_mean,Welvaart
BU00850802,0.3641298058890675,Welvaart_Kwetsbaarheid,weighted_mean,Welvaart
WK008509,0.06738471360867579,Welvaart_Kwetsbaarheid,weighted_mean,Welvaart
BU00850901,-0.07836744314868718,Welvaart_Kwetsbaarheid,weighted_mean,Welvaart
BU00850902,0.35353602990796595,Welvaart_Kwetsbaarheid,weighted_mean,Welvaart
WK008510,-0.06095871297494451,Welvaart_Kwetsbaarheid,weighted_mean,Welvaart
BU00851001,-0.16904786932922877,Welvaart_Kwetsbaarheid,weighted_mean,Welvaart
BU00851002,0.06676720749145303,Welvaart_Kwetsbaarheid,weighted_mean,Welvaart
BU00851003,0.6570099553541061,Welvaart_Kwetsbaarheid,weighted_mean,Welvaart
WK008511,-0.21511415916700025,Welvaart_Kwetsbaarheid,weighted_mean,Welvaart
BU00851101,-0.31131416213878,Welvaart_Kwetsbaarheid,weighted_mean,Welvaart
BU00851102,0.012563279760424567,Welvaart_Kwetsbaarheid,weighted_mean,Welvaart
BU00851103,-0.1308885176085604,Welvaart_Kwetsbaarheid,weighted_mean,Welvaart
BU00851104,0.2589854157716874,Welvaart_Kwetsbaarheid,weighted_mean,Welvaart
BU00851105,-0.2015369509842323,Welvaart_Kwetsbaarheid,weighted_mean,Welvaart
BU00851106,-0.11282915812208533,Welvaart_Kwetsbaarheid,weighted_mean,Welvaart
BU00851107,-0.024846857638167408,Welvaart_Kwetsbaarheid,weighted_mean,Welvaart
BU00851108,0.4865585419666397,Welvaart_Kwetsbaarheid,weighted_mean,Welvaart
BU00851109,-0.39993773747298444,Welvaart_Kwetsbaarheid,weighted_mean,Welvaart
BU00851110,-0.2422982394591801,Welvaart_Kwetsbaarheid,weighted_mean,Welvaart
BU00851111,-0.29323519087176864,Welvaart_Kwetsbaarheid,weighted_mean,Welvaart
BU00851112,-0.004234042910735425,Welvaart_Kwetsbaarheid,weighted_mean,Welvaart
BU00851113,-0.188043246497766,Welvaart_Kwetsbaarheid,weighted_mean,Welvaart
BU00851114,-0.5766663445967891,Welvaart_Kwetsbaarheid,weighted_mean,Welvaart
BU00851115,-0.08488326263750096,Welvaart_Kwetsbaarheid,weighted_mean,Welvaart
BU00851116,1.3685376591521072,Welvaart_Kwetsbaarheid,weighted_mean,Welvaart
BU00851117,0.409532808528372,Welvaart_Kwetsbaarheid,weighted_mean,Welvaart
BU00851118,0.19190373624157367,Welvaart_Kwetsbaarheid,weighted_mean,Welvaart
WK008512,0.22611508066129993,Welvaart_Kwetsbaarheid,weighted_mean,Welvaart
BU00851201,0.11964638487806663,Welvaart_Kwetsbaarheid,weighted_mean,Welvaart
BU00851202,0.5843404236940508,Welvaart_Kwetsbaarheid,weighted_mean,Welvaart
WK008513,0.04728612924097696,Welvaart_Kwetsbaarheid,weighted_mean,Welvaart
BU00851301,-0.23092022760444172,Welvaart_Kwetsbaarheid,weighted_mean,Welvaart
BU00851302,0.2711659185526287,Welvaart_Kwetsbaarheid,weighted_mean,Welvaart
GM0086,0.00011310265455802271,Welvaart_Kwetsbaarheid,weighted_mean,Welvaart
WK008601,0.010368141639598219,Welvaart_Kwetsbaarheid,weighted_mean,Welvaart
BU00860101,-0.5805386112477802,Welvaart_Kwetsbaarheid,weighted_mean,Welvaart
BU00860102,-0.34611933637622316,Welvaart_Kwetsbaarheid,weighted_mean,Welvaart
BU00860103,0.5125533634172939,Welvaart_Kwetsbaarheid,weighted_mean,Welvaart
WK008602,-0.08270508068410169,Welvaart_Kwetsbaarheid,weighted_mean,Welvaart
BU00860201,-0.058889742271084344,Welvaart_Kwetsbaarheid,weighted_mean,Welvaart
BU00860202,-0.02086637321227519,Welvaart_Kwetsbaarheid,weighted_mean,Welvaart
BU00860203,-0.24458821194761232,Welvaart_Kwetsbaarheid,weighted_mean,Welvaart
BU00860204,0.07743825221044291,Welvaart_Kwetsbaarheid,weighted_mean,Welvaart
BU00860205,-0.16518346525734226,Welvaart_Kwetsbaarheid,weighted_mean,Welvaart
BU00860206,-0.16488321402044404,Welvaart_Kwetsbaarheid,weighted_mean,Welvaart
BU00860207,-0.08669735620309066,Welvaart_Kwetsbaarheid,weighted_mean,Welvaart
BU00860208,0.4927093545903188,Welvaart_Kwetsbaarheid,weighted_mean,Welvaart
BU00860209,1.0745250408110383,Welvaart_Kwetsbaarheid,weighted_mean,Welvaart
WK008604,-0.036945270782353004,Welvaart_Kwetsbaarheid,weighted_mean,Welvaart
BU00860401,-0.2553623833916035,Welvaart_Kwetsbaarheid,weighted_mean,Welvaart
BU00860402,-0.1645686740895742,Welvaart_Kwetsbaarheid,weighted_mean,Welvaart
WK008605,-0.21686386969828916,Welvaart_Kwetsbaarheid,weighted_mean,Welvaart
BU00860501,-0.22614097161614694,Welvaart_Kwetsbaarheid,weighted_mean,Welvaart
BU00860502,0.2722889356361636,Welvaart_Kwetsbaarheid,weighted_mean,Welvaart
BU00860503,-0.18546221804366037,Welvaart_Kwetsbaarheid,weighted_mean,Welvaart
BU00860504,-0.42293352853543653,Welvaart_Kwetsbaarheid,weighted_mean,Welvaart
BU00860505,0.0030549567114072224,Welvaart_Kwetsbaarheid,weighted_mean,Welvaart
BU00860506,0.18295414144020977,Welvaart_Kwetsbaarheid,weighted_mean,Welvaart
BU00860507,-0.3387497750992328,Welvaart_Kwetsbaarheid,weighted_mean,Welvaart
BU00860508,0.12219176936179812,Welvaart_Kwetsbaarheid,weighted_mean,Welvaart
WK008606,0.07435534235375806,Welvaart_Kwetsbaarheid,weighted_mean,Welvaart
BU00860601,-0.0018791445014270242,Welvaart_Kwetsbaarheid,weighted_mean,Welvaart
BU00860602,0.691075328776912,Welvaart_Kwetsbaarheid,weighted_mean,Welvaart
WK008607,0.15376642143266495,Welvaart_Kwetsbaarheid,weighted_mean,Welvaart
BU00860701,0.4893053118402403,Welvaart_Kwetsbaarheid,weighted_mean,Welvaart
BU00860702,0.4861769113844356,Welvaart_Kwetsbaarheid,weighted_mean,Welvaart
WK008608,0.07444092471372074,Welvaart_Kwetsbaarheid,weighted_mean,Welvaart
BU00860801,0.021280450889198596,Welvaart_Kwetsbaarheid,weighted_mean,Welvaart
BU00860802,0.09988630243922492,Welvaart_Kwetsbaarheid,weighted_mean,Welvaart
WK008609,-0.019795823324295622,Welvaart_Kwetsbaarheid,weighted_mean,Welvaart
BU00860901,-0.027545377577909907,Welvaart_Kwetsbaarheid,weighted_mean,Welvaart
BU00860902,0.42836937235934697,Welvaart_Kwetsbaarheid,weighted_mean,Welvaart
WK008610,0.18928484566332404,Welvaart_Kwetsbaarheid,weighted_mean,Welvaart
BU00861001,-0.14176994978389704,Welvaart_Kwetsbaarheid,weighted_mean,Welvaart
BU00861002,0.6783020474395631,Welvaart_Kwetsbaarheid,weighted_mean,Welvaart
WK008611,0.030155944618478578,Welvaart_Kwetsbaarheid,weighted_mean,Welvaart
BU00861101,0.011309729424070616,Welvaart_Kwetsbaarheid,weighted_mean,Welvaart
BU00861102,0.3893320209876654,Welvaart_Kwetsbaarheid,weighted_mean,Welvaart
WK008613,0.2418593467043721,Welvaart_Kwetsbaarheid,weighted_mean,Welvaart
BU00861301,-0.055671991369476315,Welvaart_Kwetsbaarheid,weighted_mean,Welvaart
BU00861302,0.3933342574517754,Welvaart_Kwetsbaarheid,weighted_mean,Welvaart
WK008614,0.11168162681235534,Welvaart_Kwetsbaarheid,weighted_mean,Welvaart
BU00861401,-0.05474577146656935,Welvaart_Kwetsbaarheid,weighted_mean,Welvaart
BU00861402,0.4535015806209251,Welvaart_Kwetsbaarheid,weighted_mean,Welvaart
WK008615,-0.060484830586926656,Welvaart_Kwetsbaarheid,weighted_mean,Welvaart
BU00861501,-0.1965480376915878,Welvaart_Kwetsbaarheid,weighted_mean,Welvaart
BU00861502,0.3558081901682423,Welvaart_Kwetsbaarheid,weighted_mean,Welvaart
WK008616,-0.06321457755866326,Welvaart_Kwetsbaarheid,weighted_mean,Welvaart
BU00861601,-0.08341209562653468,Welvaart_Kwetsbaarheid,weighted_mean,Welvaart
BU00861602,-0.18188853449673492,Welvaart_Kwetsbaarheid,weighted_mean,Welvaart
BU00861603,0.1765738588967744,Welvaart_Kwetsbaarheid,weighted_mean,Welvaart
BU00861604,0.18469517279114656,Welvaart_Kwetsbaarheid,weighted_mean,Welvaart
BU00861605,-0.18596142253133172,Welvaart_Kwetsbaarheid,weighted_mean,Welvaart
BU00861606,-0.13071433615970146,Welvaart_Kwetsbaarheid,weighted_mean,Welvaart
BU00861607,0.16193158509935704,Welvaart_Kwetsbaarheid,weighted_mean,Welvaart
WK008617,0.11426444111430144,Welvaart_Kwetsbaarheid,weighted_mean,Welvaart
BU00861701,0.3085354479647897,Welvaart_Kwetsbaarheid,weighted_mean,Welvaart
BU00861702,-0.07464907772245963,Welvaart_Kwetsbaarheid,weighted_mean,Welvaart
BU00861703,0.2509774148812667,Welvaart_Kwetsbaarheid,weighted_mean,Welvaart
GM0088,-0.21428129698452264,Welvaart_Kwetsbaarheid,weighted_mean,Welvaart
WK008800,-0.08877024688408387,Welvaart_Kwetsbaarheid,weighted_mean,Welvaart
BU00880000,-0.028863719483760993,Welvaart_Kwetsbaarheid,weighted_mean,Welvaart
BU00880009,0.17175685535181534,Welvaart_Kwetsbaarheid,weighted_mean,Welvaart
GM0090,-0.07688210615977084,Welvaart_Kwetsbaarheid,weighted_mean,Welvaart
WK009001,-0.02412956780714831,Welvaart_Kwetsbaarheid,weighted_mean,Welvaart
BU00900101,-0.3931787976168492,Welvaart_Kwetsbaarheid,weighted_mean,Welvaart
WK009002,-0.4675298365044906,Welvaart_Kwetsbaarheid,weighted_mean,Welvaart
BU00900201,0.4937963366254011,Welvaart_Kwetsbaarheid,weighted_mean,Welvaart
BU00900202,0.17745971176066466,Welvaart_Kwetsbaarheid,weighted_mean,Welvaart
BU00900203,0.18845902730556885,Welvaart_Kwetsbaarheid,weighted_mean,Welvaart
BU00900204,0.0808453963947896,Welvaart_Kwetsbaarheid,weighted_mean,Welvaart
BU00900205,0.25345031047984456,Welvaart_Kwetsbaarheid,weighted_mean,Welvaart
BU00900206,-0.522602273805425,Welvaart_Kwetsbaarheid,weighted_mean,Welvaart
WK009003,-0.23545515709869258,Welvaart_Kwetsbaarheid,weighted_mean,Welvaart
BU00900301,-0.4891780001738495,Welvaart_Kwetsbaarheid,weighted_mean,Welvaart
BU00900302,-0.6032958989522301,Welvaart_Kwetsbaarheid,weighted_mean,Welvaart
BU00900303,-0.644279330846399,Welvaart_Kwetsbaarheid,weighted_mean,Welvaart
BU00900304,-0.4251913270947232,Welvaart_Kwetsbaarheid,weighted_mean,Welvaart
WK009004,-0.191914243690772,Welvaart_Kwetsbaarheid,weighted_mean,Welvaart
BU00900401,-0.08341907312436721,Welvaart_Kwetsbaarheid,weighted_mean,Welvaart
BU00900402,0.07607100227674306,Welvaart_Kwetsbaarheid,weighted_mean,Welvaart
BU00900403,-0.3939776068065443,Welvaart_Kwetsbaarheid,weighted_mean,Welvaart
BU00900404,-0.36922914683050995,Welvaart_Kwetsbaarheid,weighted_mean,Welvaart
BU00900405,-0.16775102944008166,Welvaart_Kwetsbaarheid,weighted_mean,Welvaart
BU00900406,-0.4424699166634638,Welvaart_Kwetsbaarheid,weighted_mean,Welvaart
WK009005,0.3878052971588389,Welvaart_Kwetsbaarheid,weighted_mean,Welvaart
BU00900501,0.13281279879234065,Welvaart_Kwetsbaarheid,weighted_mean,Welvaart
BU00900502,0.16434396004608345,Welvaart_Kwetsbaarheid,weighted_mean,Welvaart
WK009006,-0.33122290412356165,Welvaart_Kwetsbaarheid,weighted_mean,Welvaart
BU00900601,-0.057243979603369244,Welvaart_Kwetsbaarheid,weighted_mean,Welvaart
BU00900602,-0.2865906902040217,Welvaart_Kwetsbaarheid,weighted_mean,Welvaart
BU00900603,0.14698396667328512,Welvaart_Kwetsbaarheid,weighted_mean,Welvaart
WK009007,-0.12168918347201918,Welvaart_Kwetsbaarheid,weighted_mean,Welvaart
BU00900701,-0.4760818421671453,Welvaart_Kwetsbaarheid,weighted_mean,Welvaart
BU00900702,-0.11749317391386908,Welvaart_Kwetsbaarheid,weighted_mean,Welvaart
BU00900703,-0.5758162907672103,Welvaart_Kwetsbaarheid,weighted_mean,Welvaart
BU00900704,-0.2149922730178857,Welvaart_Kwetsbaarheid,weighted_mean,Welvaart
BU00900705,0.19761935562899244,Welvaart_Kwetsbaarheid,weighted_mean,Welvaart
BU00900706,-0.06543369222852949,Welvaart_Kwetsbaarheid,weighted_mean,Welvaart
WK009008,-0.04545161048973237,Welvaart_Kwetsbaarheid,weighted_mean,Welvaart
BU00900801,-0.17036001232226905,Welvaart_Kwetsbaarheid,weighted_mean,Welvaart
BU00900802,-0.0916723849967076,Welvaart_Kwetsbaarheid,weighted_mean,Welvaart
BU00900803,-0.05486719910077553,Welvaart_Kwetsbaarheid,weighted_mean,Welvaart
WK009009,-0.25336969247967234,Welvaart_Kwetsbaarheid,weighted_mean,Welvaart
BU00900901,0.07711771211301688,Welvaart_Kwetsbaarheid,weighted_mean,Welvaart
BU00900902,-0.1481042551582965,Welvaart_Kwetsbaarheid,weighted_mean,Welvaart
BU00900903,0.06299826333392289,Welvaart_Kwetsbaarheid,weighted_mean,Welvaart
BU00900904,-0.32620882701580356,Welvaart_Kwetsbaarheid,weighted_mean,Welvaart
WK009010,-0.21451939696346867,Welvaart_Kwetsbaarheid,weighted_mean,Welvaart
BU00901001,0.5318449395008367,Welvaart_Kwetsbaarheid,weighted_mean,Welvaart
BU00901002,0.47097839965590016,Welvaart_Kwetsbaarheid,weighted_mean,Welvaart
BU00901003,0.5180957950697065,Welvaart_Kwetsbaarheid,weighted_mean,Welvaart
BU00901004,0.48885228741636944,Welvaart_Kwetsbaarheid,weighted_mean,Welvaart
WK009011,0.10190345602608099,Welvaart_Kwetsbaarheid,weighted_mean,Welvaart
BU00901101,0.25402042041909556,Welvaart_Kwetsbaarheid,weighted_mean,Welvaart
WK009012,0.16724087128058696,Welvaart_Kwetsbaarheid,weighted_mean,Welvaart
BU00901201,-0.19036268106244583,Welvaart_Kwetsbaarheid,weighted_mean,Welvaart
BU00901202,-0.011289216335304789,Welvaart_Kwetsbaarheid,weighted_mean,Welvaart
WK009013,-0.27755413684819064,Welvaart_Kwetsbaarheid,weighted_mean,Welvaart
BU00901301,-0.3278899061267098,Welvaart_Kwetsbaarheid,weighted_mean,Welvaart
BU00901302,0.04518851525362405,Welvaart_Kwetsbaarheid,weighted_mean,Welvaart
BU00901303,-0.004646121444736945,Welvaart_Kwetsbaarheid,weighted_mean,Welvaart
WK009021,-0.01160833907854053,Welvaart_Kwetsbaarheid,weighted_mean,Welvaart
BU00902104,-0.20644779219575554,Welvaart_Kwetsbaarheid,weighted_mean,Welvaart
BU00902105,-0.011844247020892235,Welvaart_Kwetsbaarheid,weighted_mean,Welvaart
BU00902109,0.03342106099330515,Welvaart_Kwetsbaarheid,weighted_mean,Welvaart
BU00902110,-0.11491745819305611,Welvaart_Kwetsbaarheid,weighted_mean,Welvaart
BU00902114,0.13679366542423535,Welvaart_Kwetsbaarheid,weighted_mean,Welvaart
WK009022,0.16790348745543446,Welvaart_Kwetsbaarheid,weighted_mean,Welvaart
BU00902201,0.50652552591986,Welvaart_Kwetsbaarheid,weighted_mean,Welvaart
BU00902202,0.5594595010696655,Welvaart_Kwetsbaarheid,weighted_mean,Welvaart
BU00902203,0.8629452886496789,Welvaart_Kwetsbaarheid,weighted_mean,Welvaart
BU00902206,0.06838137801754046,Welvaart_Kwetsbaarheid,weighted_mean,Welvaart
BU00902212,0.6358918387371824,Welvaart_Kwetsbaarheid,weighted_mean,Welvaart
BU00902213,0.670536887481661,Welvaart_Kwetsbaarheid,weighted_mean,Welvaart
BU00902215,0.3843412456864737,Welvaart_Kwetsbaarheid,weighted_mean,Welvaart
BU00902216,0.6011590707431038,Welvaart_Kwetsbaarheid,weighted_mean,Welvaart
WK009023,-0.016570089821418485,Welvaart_Kwetsbaarheid,weighted_mean,Welvaart
BU00902307,-0.08624976683416784,Welvaart_Kwetsbaarheid,weighted_mean,Welvaart
BU00902308,0.1645169212390368,Welvaart_Kwetsbaarheid,weighted_mean,Welvaart
BU00902311,-0.057051009431602163,Welvaart_Kwetsbaarheid,weighted_mean,Welvaart
GM1900,-0.14636843701134952,Welvaart_Kwetsbaarheid,weighted_mean,Welvaart
WK190000,-0.25260715347901574,Welvaart_Kwetsbaarheid,weighted_mean,Welvaart
BU19000000,-0.23932850732326078,Welvaart_Kwetsbaarheid,weighted_mean,Welvaart
BU19000001,0.20006380830915188,Welvaart_Kwetsbaarheid,weighted_mean,Welvaart
BU19000002,-0.3029435454516183,Welvaart_Kwetsbaarheid,weighted_mean,Welvaart
BU19000003,-0.7052648957881985,Welvaart_Kwetsbaarheid,weighted_mean,Welvaart
BU19000004,-0.3322522882784811,Welvaart_Kwetsbaarheid,weighted_mean,Welvaart
BU19000009,0.18791641680393456,Welvaart_Kwetsbaarheid,weighted_mean,Welvaart
WK190001,-0.26672660225810974,Welvaart_Kwetsbaarheid,weighted_mean,Welvaart
BU19000101,0.3002262613888268,Welvaart_Kwetsbaarheid,weighted_mean,Welvaart
BU19000102,0.02413953607367164,Welvaart_Kwetsbaarheid,weighted_mean,Welvaart
BU19000103,-0.08832984344488662,Welvaart_Kwetsbaarheid,weighted_mean,Welvaart
BU19000104,-0.09698212958531921,Welvaart_Kwetsbaarheid,weighted_mean,Welvaart
BU19000105,0.7320550016307781,Welvaart_Kwetsbaarheid,weighted_mean,Welvaart
BU19000106,-0.3978029108550933,Welvaart_Kwetsbaarheid,weighted_mean,Welvaart
BU19000107,-0.40561126699598377,Welvaart_Kwetsbaarheid,weighted_mean,Welvaart
BU19000108,-0.24067106516259307,Welvaart_Kwetsbaarheid,weighted_mean,Welvaart
BU19000109,-0.1340553565872526,Welvaart_Kwetsbaarheid,weighted_mean,Welvaart
BU19000110,-0.25010388157611596,Welvaart_Kwetsbaarheid,weighted_mean,Welvaart
BU19000111,-0.010655205852504124,Welvaart_Kwetsbaarheid,weighted_mean,Welvaart
BU19000112,0.020326449554916526,Welvaart_Kwetsbaarheid,weighted_mean,Welvaart
BU19000113,0.10528471259801758,Welvaart_Kwetsbaarheid,weighted_mean,Welvaart
BU19000114,0.45508873543780537,Welvaart_Kwetsbaarheid,weighted_mean,Welvaart
BU19000115,0.4593868574921611,Welvaart_Kwetsbaarheid,weighted_mean,Welvaart
BU19000116,-0.005448158030842476,Welvaart_Kwetsbaarheid,weighted_mean,Welvaart
BU19000117,-0.20256876175131622,Welvaart_Kwetsbaarheid,weighted_mean,Welvaart
BU19000118,0.06536117040085285,Welvaart_Kwetsbaarheid,weighted_mean,Welvaart
BU19000119,0.3561931078915637,Welvaart_Kwetsbaarheid,weighted_mean,Welvaart
BU19000120,-0.11138108157963719,Welvaart_Kwetsbaarheid,weighted_mean,Welvaart
WK190002,-0.21032247932725942,Welvaart_Kwetsbaarheid,weighted_mean,Welvaart
BU19000200,-0.17450947736893274,Welvaart_Kwetsbaarheid,weighted_mean,Welvaart
BU19000201,0.17661504127255231,Welvaart_Kwetsbaarheid,weighted_mean,Welvaart
BU19000202,-0.32528940767427345,Welvaart_Kwetsbaarheid,weighted_mean,Welvaart
BU19000208,-0.007226769953500786,Welvaart_Kwetsbaarheid,weighted_mean,Welvaart
BU19000209,0.7547319062084369,Welvaart_Kwetsbaarheid,weighted_mean,Welvaart
WK190003,-0.14668236611033364,Welvaart_Kwetsbaarheid,weighted_mean,Welvaart
BU19000300,-0.20142380930655054,Welvaart_Kwetsbaarheid,weighted_mean,Welvaart
BU19000301,0.1030709361946273,Welvaart_Kwetsbaarheid,weighted_mean,Welvaart
BU19000302,0.08693781016884244,Welvaart_Kwetsbaarheid,weighted_mean,Welvaart
BU19000308,0.05335240913339673,Welvaart_Kwetsbaarheid,weighted_mean,Welvaart
BU19000309,0.0133161015955984,Welvaart_Kwetsbaarheid,weighted_mean,Welvaart
WK190004,-0.1763946216686168,Welvaart_Kwetsbaarheid,weighted_mean,Welvaart
BU19000400,-0.1173089285956497,Welvaart_Kwetsbaarheid,weighted_mean,Welvaart
BU19000401,-0.052971414821368946,Welvaart_Kwetsbaarheid,weighted_mean,Welvaart
BU19000402,0.05779380750668772,Welvaart_Kwetsbaarheid,weighted_mean,Welvaart
BU19000403,-0.23027260018735413,Welvaart_Kwetsbaarheid,weighted_mean,Welvaart
BU19000408,0.38022362210263505,Welvaart_Kwetsbaarheid,weighted_mean,Welvaart
BU19000409,0.31584540914812403,Welvaart_Kwetsbaarheid,weighted_mean,Welvaart
WK190005,-0.15393880485068312,Welvaart_Kwetsbaarheid,weighted_mean,Welvaart
BU19000500,-0.34699907600289137,Welvaart_Kwetsbaarheid,weighted_mean,Welvaart
BU19000501,-0.018117865502948194,Welvaart_Kwetsbaarheid,weighted_mean,Welvaart
BU19000502,-0.381956879989349,Welvaart_Kwetsbaarheid,weighted_mean,Welvaart
BU19000503,0.49338575637656495,Welvaart_Kwetsbaarheid,weighted_mean,Welvaart
WK190006,-0.12844372650979202,Welvaart_Kwetsbaarheid,weighted_mean,Welvaart
BU19000600,-0.14004921002522167,Welvaart_Kwetsbaarheid,weighted_mean,Welvaart
BU19000602,-0.35414689668921234,Welvaart_Kwetsbaarheid,weighted_mean,Welvaart
BU19000603,-0.07234960913204855,Welvaart_Kwetsbaarheid,weighted_mean,Welvaart
BU19000607,0.5923876812510497,Welvaart_Kwetsbaarheid,weighted_mean,Welvaart
BU19000608,0.18412912293103872,Welvaart_Kwetsbaarheid,weighted_mean,Welvaart
BU19000609,0.05630372565522225,Welvaart_Kwetsbaarheid,weighted_mean,Welvaart
WK190007,-0.051496154022520724,Welvaart_Kwetsbaarheid,weighted_mean,Welvaart
BU19000700,-0.2668850355766384,Welvaart_Kwetsbaarheid,weighted_mean,Welvaart
BU19000701,-0.011442143162860977,Welvaart_Kwetsbaarheid,weighted_mean,Welvaart
BU19000702,-0.1213665948385516,Welvaart_Kwetsbaarheid,weighted_mean,Welvaart
BU19000706,0.13880542438112048,Welvaart_Kwetsbaarheid,weighted_mean,Welvaart
BU19000707,0.5201743200827645,Welvaart_Kwetsbaarheid,weighted_mean,Welvaart
BU19000708,0.7752020916493225,Welvaart_Kwetsbaarheid,weighted_mean,Welvaart
WK190008,-0.0632593037385846,Welvaart_Kwetsbaarheid,weighted_mean,Welvaart
BU19000800,-0.40522961294609705,Welvaart_Kwetsbaarheid,weighted_mean,Welvaart
BU19000801,-0.3661560888691887,Welvaart_Kwetsbaarheid,weighted_mean,Welvaart
BU19000802,0.22364562686557396,Welvaart_Kwetsbaarheid,weighted_mean,Welvaart
BU19000804,0.100355777902303,Welvaart_Kwetsbaarheid,weighted_mean,Welvaart
BU19000808,0.28902701665475583,Welvaart_Kwetsbaarheid,weighted_mean,Welvaart
BU19000809,-0.16791955805297828,Welvaart_Kwetsbaarheid,weighted_mean,Welvaart
WK190009,-0.018838258468439686,Welvaart_Kwetsbaarheid,weighted_mean,Welvaart
BU19000900,-0.26123893318827063,Welvaart_Kwetsbaarheid,weighted_mean,Welvaart
BU19000901,-0.24838517706084492,Welvaart_Kwetsbaarheid,weighted_mean,Welvaart
BU19000902,-0.18655226469784242,Welvaart_Kwetsbaarheid,weighted_mean,Welvaart
BU19000903,0.15026204579910352,Welvaart_Kwetsbaarheid,weighted_mean,Welvaart
BU19000904,-0.3516301150503255,Welvaart_Kwetsbaarheid,weighted_mean,Welvaart
BU19000905,-0.0842055327659667,Welvaart_Kwetsbaarheid,weighted_mean,Welvaart
BU19000906,0.05651764471193926,Welvaart_Kwetsbaarheid,weighted_mean,Welvaart
BU19000907,-0.06894504420455463,Welvaart_Kwetsbaarheid,weighted_mean,Welvaart
BU19000908,0.08077971360995002,Welvaart_Kwetsbaarheid,weighted_mean,Welvaart
BU19000909,0.3170569128424084,Welvaart_Kwetsbaarheid,weighted_mean,Welvaart
WK190010,-0.01796606089047699,Welvaart_Kwetsbaarheid,weighted_mean,Welvaart
BU19001000,-0.020095076688881885,Welvaart_Kwetsbaarheid,weighted_mean,Welvaart
BU19001001,-0.22626214787857094,Welvaart_Kwetsbaarheid,weighted_mean,Welvaart
BU19001002,-0.27235506143826166,Welvaart_Kwetsbaarheid,weighted_mean,Welvaart
BU19001003,-0.3686036723299746,Welvaart_Kwetsbaarheid,weighted_mean,Welvaart
BU19001007,0.3265390097147599,Welvaart_Kwetsbaarheid,weighted_mean,Welvaart
BU19001008,0.27149757491612014,Welvaart_Kwetsbaarheid,weighted_mean,Welvaart
WK190011,-0.14724270716102594,Welvaart_Kwetsbaarheid,weighted_mean,Welvaart
BU19001100,-0.12746600665613905,Welvaart_Kwetsbaarheid,weighted_mean,Welvaart
BU19001101,0.46632341514195086,Welvaart_Kwetsbaarheid,weighted_mean,Welvaart
BU19001108,-0.02999669095190323,Welvaart_Kwetsbaarheid,weighted_mean,Welvaart
BU19001109,0.2942929246753069,Welvaart_Kwetsbaarheid,weighted_mean,Welvaart
WK190012,0.03810975555974186,Welvaart_Kwetsbaarheid,weighted_mean,Welvaart
BU19001200,-0.15163209164201252,Welvaart_Kwetsbaarheid,weighted_mean,Welvaart
BU19001201,0.42763603259279825,Welvaart_Kwetsbaarheid,weighted_mean,Welvaart
BU19001202,0.6899555021041369,Welvaart_Kwetsbaarheid,weighted_mean,Welvaart
BU19001203,-0.14121717492999342,Welvaart_Kwetsbaarheid,weighted_mean,Welvaart
BU19001204,0.20608885728088946,Welvaart_Kwetsbaarheid,weighted_mean,Welvaart
BU19001208,-0.1985286979748469,Welvaart_Kwetsbaarheid,weighted_mean,Welvaart
BU19001209,1.209325542674153,Welvaart_Kwetsbaarheid,weighted_mean,Welvaart
WK190013,-0.2026891064378952,Welvaart_Kwetsbaarheid,weighted_mean,Welvaart
BU19001300,-0.33999008659574276,Welvaart_Kwetsbaarheid,weighted_mean,Welvaart
BU19001301,-0.43758537088062827,Welvaart_Kwetsbaarheid,weighted_mean,Welvaart
BU19001302,-0.3359618385191802,Welvaart_Kwetsbaarheid,weighted_mean,Welvaart
BU19001303,-0.266505659495185,Welvaart_Kwetsbaarheid,weighted_mean,Welvaart
BU19001306,0.39106175113128083,Welvaart_Kwetsbaarheid,weighted_mean,Welvaart
BU19001307,0.329221777409213,Welvaart_Kwetsbaarheid,weighted_mean,Welvaart
BU19001308,0.3443218448795728,Welvaart_Kwetsbaarheid,weighted_mean,Welvaart
BU19001309,0.5137549272163846,Welvaart_Kwetsbaarheid,weighted_mean,Welvaart
WK190014,0.09186449953102187,Welvaart_Kwetsbaarheid,weighted_mean,Welvaart
BU19001400,-0.33914101010340025,Welvaart_Kwetsbaarheid,weighted_mean,Welvaart
BU19001401,-0.37463199371190936,Welvaart_Kwetsbaarheid,weighted_mean,Welvaart
BU19001402,0.012923377461041885,Welvaart_Kwetsbaarheid,weighted_mean,Welvaart
BU19001403,0.055684338647368034,Welvaart_Kwetsbaarheid,weighted_mean,Welvaart
BU19001404,-0.17963384312477632,Welvaart_Kwetsbaarheid,weighted_mean,Welvaart
BU19001405,-0.06047409629730151,Welvaart_Kwetsbaarheid,weighted_mean,Welvaart
BU19001406,-0.15444358002457995,Welvaart_Kwetsbaarheid,weighted_mean,Welvaart
BU19001407,0.01966705059549606,Welvaart_Kwetsbaarheid,weighted_mean,Welvaart
BU19001408,0.11527552421717421,Welvaart_Kwetsbaarheid,weighted_mean,Welvaart
BU19001409,0.1378264593506579,Welvaart_Kwetsbaarheid,weighted_mean,Welvaart
WK190015,0.08947304237893051,Welvaart_Kwetsbaarheid,weighted_mean,Welvaart
BU19001500,-0.35296810064617706,Welvaart_Kwetsbaarheid,weighted_mean,Welvaart
BU19001501,-0.09608408106707364,Welvaart_Kwetsbaarheid,weighted_mean,Welvaart
BU19001502,0.06436275670384212,Welvaart_Kwetsbaarheid,weighted_mean,Welvaart
BU19001503,-0.1467680541731644,Welvaart_Kwetsbaarheid,weighted_mean,Welvaart
BU19001509,-0.48945943607445164,Welvaart_Kwetsbaarheid,weighted_mean,Welvaart
WK190016,0.0630223023711559,Welvaart_Kwetsbaarheid,weighted_mean,Welvaart
BU19001600,-0.24419792221975753,Welvaart_Kwetsbaarheid,weighted_mean,Welvaart
BU19001601,0.22579342872362926,Welvaart_Kwetsbaarheid,weighted_mean,Welvaart
BU19001602,-0.2965112819635978,Welvaart_Kwetsbaarheid,weighted_mean,Welvaart
BU19001603,-0.28582747563026994,Welvaart_Kwetsbaarheid,weighted_mean,Welvaart
BU19001604,-0.5400429955611035,Welvaart_Kwetsbaarheid,weighted_mean,Welvaart
BU19001606,0.09411742621329877,Welvaart_Kwetsbaarheid,weighted_mean,Welvaart
BU19001607,0.20546181816185094,Welvaart_Kwetsbaarheid,weighted_mean,Welvaart
BU19001608,0.6552813213096637,Welvaart_Kwetsbaarheid,weighted_mean,Welvaart
WK190017,-0.21855978367699502,Welvaart_Kwetsbaarheid,weighted_mean,Welvaart
BU19001700,-0.29717218043521487,Welvaart_Kwetsbaarheid,weighted_mean,Welvaart
BU19001709,0.36681845612701114,Welvaart_Kwetsbaarheid,weighted_mean,Welvaart
WK190018,0.12292838175365503,Welvaart_Kwetsbaarheid,weighted_mean,Welvaart
BU19001800,0.5228470044135954,Welvaart_Kwetsbaarheid,weighted_mean,Welvaart
BU19001801,0.16513447276249477,Welvaart_Kwetsbaarheid,weighted_mean,Welvaart
BU19001802,0.23316212126316124,Welvaart_Kwetsbaarheid,weighted_mean,Welvaart
BU19001803,-0.09148117879724899,Welvaart_Kwetsbaarheid,weighted_mean,Welvaart
BU19001804,-0.08616854179123029,Welvaart_Kwetsbaarheid,weighted_mean,Welvaart
BU19001808,0.32053341849079603,Welvaart_Kwetsbaarheid,weighted_mean,Welvaart
BU19001809,0.30145550909253116,Welvaart_Kwetsbaarheid,weighted_mean,Welvaart
WK190019,-0.01705722510033128,Welvaart_Kwetsbaarheid,weighted_mean,Welvaart
BU19001900,-0.23541342476218519,Welvaart_Kwetsbaarheid,weighted_mean,Welvaart
BU19001901,-0.12503444815690282,Welvaart_Kwetsbaarheid,weighted_mean,Welvaart
BU19001902,-0.12775005922382537,Welvaart_Kwetsbaarheid,weighted_mean,Welvaart
BU19001903,-0.12132782770689152,Welvaart_Kwetsbaarheid,weighted_mean,Welvaart
BU19001904,-0.05939488118139162,Welvaart_Kwetsbaarheid,weighted_mean,Welvaart
WK190020,-0.12784394111778163,Welvaart_Kwetsbaarheid,weighted_mean,Welvaart
BU19002001,-0.2766013922566719,Welvaart_Kwetsbaarheid,weighted_mean,Welvaart
BU19002002,-0.3511055554079003,Welvaart_Kwetsbaarheid,weighted_mean,Welvaart
BU19002003,0.3758025498395125,Welvaart_Kwetsbaarheid,weighted_mean,Welvaart
BU19002004,-0.23302833467744544,Welvaart_Kwetsbaarheid,weighted_mean,Welvaart
BU19002005,-0.495099296167418,Welvaart_Kwetsbaarheid,weighted_mean,Welvaart
BU19002006,-0.1121998370634097,Welvaart_Kwetsbaarheid,weighted_mean,Welvaart
BU19002007,-0.3294774414370599,Welvaart_Kwetsbaarheid,weighted_mean,Welvaart
BU19002008,-0.18398190490444857,Welvaart_Kwetsbaarheid,weighted_mean,Welvaart
BU19002009,0.0722175048573585,Welvaart_Kwetsbaarheid,weighted_mean,Welvaart
BU19002010,0.18473258503014048,Welvaart_Kwetsbaarheid,weighted_mean,Welvaart
BU19002011,-0.14778855055619552,Welvaart_Kwetsbaarheid,weighted_mean,Welvaart
BU19002012,-0.10042981165047289,Welvaart_Kwetsbaarheid,weighted_mean,Welvaart
BU19002013,0.011235402454864596,Welvaart_Kwetsbaarheid,weighted_mean,Welvaart
BU19002014,0.28857721715471785,Welvaart_Kwetsbaarheid,weighted_mean,Welvaart
BU19002015,0.008503899792918851,Welvaart_Kwetsbaarheid,weighted_mean,Welvaart
BU19002016,-0.0766415709590264,Welvaart_Kwetsbaarheid,weighted_mean,Welvaart
BU19002017,-0.24769029496185602,Welvaart_Kwetsbaarheid,weighted_mean,Welvaart
BU19002018,-0.3746257968884139,Welvaart_Kwetsbaarheid,weighted_mean,Welvaart
BU19002019,0.26829888112131006,Welvaart_Kwetsbaarheid,weighted_mean,Welvaart
GM0093,-0.08384875445845684,Welvaart_Kwetsbaarheid,weighted_mean,Welvaart
WK009300,-0.28841040920760813,Welvaart_Kwetsbaarheid,weighted_mean,Welvaart
BU00930000,-0.057283176273218446,Welvaart_Kwetsbaarheid,weighted_mean,Welvaart
BU00930002,1.4924084701557094,Welvaart_Kwetsbaarheid,weighted_mean,Welvaart
WK009301,-0.12182511454699776,Welvaart_Kwetsbaarheid,weighted_mean,Welvaart
BU00930110,0.20163310837913911,Welvaart_Kwetsbaarheid,weighted_mean,Welvaart
BU00930111,0.6834226276872478,Welvaart_Kwetsbaarheid,weighted_mean,Welvaart
BU00930112,0.666697670408973,Welvaart_Kwetsbaarheid,weighted_mean,Welvaart
WK009302,0.3071586610754764,Welvaart_Kwetsbaarheid,weighted_mean,Welvaart
BU00930213,0.7419184321545351,Welvaart_Kwetsbaarheid,weighted_mean,Welvaart
BU00930214,0.6474227201067766,Welvaart_Kwetsbaarheid,weighted_mean,Welvaart
BU00930215,0.026210452239968197,Welvaart_Kwetsbaarheid,weighted_mean,Welvaart
WK009303,0.4782164357882412,Welvaart_Kwetsbaarheid,weighted_mean,Welvaart
BU00930316,0.7519886966479009,Welvaart_Kwetsbaarheid,weighted_mean,Welvaart
BU00930317,0.1254027761470562,Welvaart_Kwetsbaarheid,weighted_mean,Welvaart
WK009304,0.057981118352082,Welvaart_Kwetsbaarheid,weighted_mean,Welvaart
BU00930418,0.49361502503854127,Welvaart_Kwetsbaarheid,weighted_mean,Welvaart
BU00930419,0.3707509154422949,Welvaart_Kwetsbaarheid,weighted_mean,Welvaart
BU00930420,0.7711385157992987,Welvaart_Kwetsbaarheid,weighted_mean,Welvaart
WK009305,0.2303680996720627,Welvaart_Kwetsbaarheid,weighted_mean,Welvaart
BU00930521,0.3705972528641789,Welvaart_Kwetsbaarheid,weighted_mean,Welvaart
BU00930522,0.0012884690538755572,Welvaart_Kwetsbaarheid,weighted_mean,Welvaart
BU00930523,0.5229299990422899,Welvaart_Kwetsbaarheid,weighted_mean,Welvaart
GM0737,-0.09237646938197794,Welvaart_Kwetsbaarheid,weighted_mean,Welvaart
WK073700,-0.17249181143049688,Welvaart_Kwetsbaarheid,weighted_mean,Welvaart
BU07370000,-0.320690395278972,Welvaart_Kwetsbaarheid,weighted_mean,Welvaart
BU07370009,0.2308835356093358,Welvaart_Kwetsbaarheid,weighted_mean,Welvaart
WK073701,-0.2075970267854897,Welvaart_Kwetsbaarheid,weighted_mean,Welvaart
BU07370100,-0.4460899687038521,Welvaart_Kwetsbaarheid,weighted_mean,Welvaart
BU07370101,-0.407527994649801,Welvaart_Kwetsbaarheid,weighted_mean,Welvaart
BU07370102,-0.07323249060429904,Welvaart_Kwetsbaarheid,weighted_mean,Welvaart
BU07370108,0.16907064087236567,Welvaart_Kwetsbaarheid,weighted_mean,Welvaart
BU07370109,-0.8546622903729969,Welvaart_Kwetsbaarheid,weighted_mean,Welvaart
WK073702,-0.13848100028187493,Welvaart_Kwetsbaarheid,weighted_mean,Welvaart
BU07370200,-0.12431309801604842,Welvaart_Kwetsbaarheid,weighted_mean,Welvaart
BU07370201,-0.2992260403357448,Welvaart_Kwetsbaarheid,weighted_mean,Welvaart
BU07370208,0.041977183291595735,Welvaart_Kwetsbaarheid,weighted_mean,Welvaart
BU07370209,-0.11164903506465257,Welvaart_Kwetsbaarheid,weighted_mean,Welvaart
WK073703,-0.14701069615034873,Welvaart_Kwetsbaarheid,weighted_mean,Welvaart
BU07370300,-0.053578965868951924,Welvaart_Kwetsbaarheid,weighted_mean,Welvaart
BU07370309,0.5206986934621474,Welvaart_Kwetsbaarheid,weighted_mean,Welvaart
WK073704,0.014454484524871136,Welvaart_Kwetsbaarheid,weighted_mean,Welvaart
BU07370400,-0.4768153518767152,Welvaart_Kwetsbaarheid,weighted_mean,Welvaart
BU07370401,-0.1058880287368374,Welvaart_Kwetsbaarheid,weighted_mean,Welvaart
BU07370408,-0.043221368223755274,Welvaart_Kwetsbaarheid,weighted_mean,Welvaart
BU07370409,0.21976225541429714,Welvaart_Kwetsbaarheid,weighted_mean,Welvaart
WK073705,0.014993245312089988,Welvaart_Kwetsbaarheid,weighted_mean,Welvaart
BU07370500,-0.13804194224826938,Welvaart_Kwetsbaarheid,weighted_mean,Welvaart
BU07370501,-0.42703276082636066,Welvaart_Kwetsbaarheid,weighted_mean,Welvaart
BU07370508,0.3276145816122739,Welvaart_Kwetsbaarheid,weighted_mean,Welvaart
BU07370509,0.5377555546386381,Welvaart_Kwetsbaarheid,weighted_mean,Welvaart
WK073706,0.00035791328721179044,Welvaart_Kwetsbaarheid,weighted_mean,Welvaart
BU07370600,-0.18214692814608185,Welvaart_Kwetsbaarheid,weighted_mean,Welvaart
BU07370609,0.3195045913483248,Welvaart_Kwetsbaarheid,weighted_mean,Welvaart
WK073707,-0.010835390149258033,Welvaart_Kwetsbaarheid,weighted_mean,Welvaart
BU07370700,-0.148048946787819,Welvaart_Kwetsbaarheid,weighted_mean,Welvaart
BU07370701,-0.1430862629636761,Welvaart_Kwetsbaarheid,weighted_mean,Welvaart
BU07370708,0.25221424768979506,Welvaart_Kwetsbaarheid,weighted_mean,Welvaart
BU07370709,0.22679211105692804,Welvaart_Kwetsbaarheid,weighted_mean,Welvaart
WK073708,-0.08715980865877566,Welvaart_Kwetsbaarheid,weighted_mean,Welvaart
BU07370800,-0.21665876437460094,Welvaart_Kwetsbaarheid,weighted_mean,Welvaart
BU07370809,0.0915644257489008,Welvaart_Kwetsbaarheid,weighted_mean,Welvaart
WK073709,-0.29384278148218995,Welvaart_Kwetsbaarheid,weighted_mean,Welvaart
BU07370900,-0.4674361609964706,Welvaart_Kwetsbaarheid,weighted_mean,Welvaart
BU07370909,-0.2528270190381644,Welvaart_Kwetsbaarheid,weighted_mean,Welvaart
GM0096,-0.20740672476895744,Welvaart_Kwetsbaarheid,weighted_mean,Welvaart
WK009600,-0.21358597261341333,Welvaart_Kwetsbaarheid,weighted_mean,Welvaart
BU00960000,0.04920284362047705,Welvaart_Kwetsbaarheid,weighted_mean,Welvaart
BU00960009,0.6776696885182081,Welvaart_Kwetsbaarheid,weighted_mean,Welvaart
GM1949,-0.21236433028077448,Welvaart_Kwetsbaarheid,weighted_mean,Welvaart
WK194915,-0.2961712336480694,Welvaart_Kwetsbaarheid,weighted_mean,Welvaart
BU19491500,0.23987690264732156,Welvaart_Kwetsbaarheid,weighted_mean,Welvaart
BU19491501,-0.48136828444961477,Welvaart_Kwetsbaarheid,weighted_mean,Welvaart
WK194916,-0.26154966635978677,Welvaart_Kwetsbaarheid,weighted_mean,Welvaart
BU19491600,-0.3528751114090673,Welvaart_Kwetsbaarheid,weighted_mean,Welvaart
BU19491601,0.5888061048936566,Welvaart_Kwetsbaarheid,weighted_mean,Welvaart
BU19491602,-0.4689951627132653,Welvaart_Kwetsbaarheid,weighted_mean,Welvaart
BU19491603,-0.4796913541604868,Welvaart_Kwetsbaarheid,weighted_mean,Welvaart
BU19491604,0.0024148642960931666,Welvaart_Kwetsbaarheid,weighted_mean,Welvaart
BU19491605,-0.10312424464303022,Welvaart_Kwetsbaarheid,weighted_mean,Welvaart
BU19491606,-0.562823016981727,Welvaart_Kwetsbaarheid,weighted_mean,Welvaart
WK194917,-0.30081157859767704,Welvaart_Kwetsbaarheid,weighted_mean,Welvaart
BU19491700,-0.3854196128933395,Welvaart_Kwetsbaarheid,weighted_mean,Welvaart
WK194918,-0.30748814802662466,Welvaart_Kwetsbaarheid,weighted_mean,Welvaart
BU19491800,0.055643247255645206,Welvaart_Kwetsbaarheid,weighted_mean,Welvaart
BU19491801,-0.18045240509759536,Welvaart_Kwetsbaarheid,weighted_mean,Welvaart
BU19491802,-0.3018259718182282,Welvaart_Kwetsbaarheid,weighted_mean,Welvaart
BU19491803,-0.2567748921707465,Welvaart_Kwetsbaarheid,weighted_mean,Welvaart
BU19491804,-0.1657459708905379,Welvaart_Kwetsbaarheid,weighted_mean,Welvaart
WK194919,-0.2171937661616226,Welvaart_Kwetsbaarheid,weighted_mean,Welvaart
BU19491900,-0.038628868118879944,Welvaart_Kwetsbaarheid,weighted_mean,Welvaart
BU19491901,-0.3042751327146456,Welvaart_Kwetsbaarheid,weighted_mean,Welvaart
WK194920,-0.18782869076900777,Welvaart_Kwetsbaarheid,weighted_mean,Welvaart
BU19492000,-0.10932677249760536,Welvaart_Kwetsbaarheid,weighted_mean,Welvaart
BU19492001,-0.4820262123092105,Welvaart_Kwetsbaarheid,weighted_mean,Welvaart
WK194921,0.0327190668221231,Welvaart_Kwetsbaarheid,weighted_mean,Welvaart
BU19492100,-0.16032254044915442,Welvaart_Kwetsbaarheid,weighted_mean,Welvaart
WK194922,0.037913233159315454,Welvaart_Kwetsbaarheid,weighted_mean,Welvaart
BU19492200,0.26273556685419264,Welvaart_Kwetsbaarheid,weighted_mean,Welvaart
WK194923,-0.28584409933634397,Welvaart_Kwetsbaarheid,weighted_mean,Welvaart
BU19492300,0.1307882345445212,Welvaart_Kwetsbaarheid,weighted_mean,Welvaart
BU19492301,-0.30221289257938344,Welvaart_Kwetsbaarheid,weighted_mean,Welvaart
WK194924,-0.21779967152608598,Welvaart_Kwetsbaarheid,weighted_mean,Welvaart
BU19492400,-0.11856107644911518,Welvaart_Kwetsbaarheid,weighted_mean,Welvaart
BU19492401,-0.577834824596769,Welvaart_Kwetsbaarheid,weighted_mean,Welvaart
WK194925,-0.3695243867512808,Welvaart_Kwetsbaarheid,weighted_mean,Welvaart
BU19492500,-0.12173055717532233,Welvaart_Kwetsbaarheid,weighted_mean,Welvaart
BU19492501,-0.20046289378996662,Welvaart_Kwetsbaarheid,weighted_mean,Welvaart
WK194926,-0.0756914108752783,Welvaart_Kwetsbaarheid,weighted_mean,Welvaart
BU19492600,-0.1973239590784947,Welvaart_Kwetsbaarheid,weighted_mean,Welvaart
BU19492601,0.0850694494512541,Welvaart_Kwetsbaarheid,weighted_mean,Welvaart
BU19492602,-0.3425875253742343,Welvaart_Kwetsbaarheid,weighted_mean,Welvaart
BU19492603,-0.49943133940883994,Welvaart_Kwetsbaarheid,weighted_mean,Welvaart
BU19492604,-0.4848987821389411,Welvaart_Kwetsbaarheid,weighted_mean,Welvaart
WK194927,-0.04994963847596952,Welvaart_Kwetsbaarheid,weighted_mean,Welvaart
BU19492700,0.03244835508628824,Welvaart_Kwetsbaarheid,weighted_mean,Welvaart
WK194928,-0.2801054423412761,Welvaart_Kwetsbaarheid,weighted_mean,Welvaart
BU19492800,0.291795066129306,Welvaart_Kwetsbaarheid,weighted_mean,Welvaart
BU19492801,0.2596534539683299,Welvaart_Kwetsbaarheid,weighted_mean,Welvaart
BU19492802,-0.24996325792321444,Welvaart_Kwetsbaarheid,weighted_mean,Welvaart
BU19492803,-0.7554147958191717,Welvaart_Kwetsbaarheid,weighted_mean,Welvaart
BU19492804,-0.02540713679055323,Welvaart_Kwetsbaarheid,weighted_mean,Welvaart
BU19492805,-0.006836706122630563,Welvaart_Kwetsbaarheid,weighted_mean,Welvaart
BU19492806,-0.09751194260498534,Welvaart_Kwetsbaarheid,weighted_mean,Welvaart
BU19492807,-0.03591904964071549,Welvaart_Kwetsbaarheid,weighted_mean,Welvaart
BU19492808,-0.5276956331144609,Welvaart_Kwetsbaarheid,weighted_mean,Welvaart
BU19492809,0.17747384411661765,Welvaart_Kwetsbaarheid,weighted_mean,Welvaart
BU19492810,-0.5937908944870144,Welvaart_Kwetsbaarheid,weighted_mean,Welvaart
BU19492811,-0.11773181453182391,Welvaart_Kwetsbaarheid,weighted_mean,Welvaart
BU19492812,-0.6068494957568277,Welvaart_Kwetsbaarheid,weighted_mean,Welvaart
BU19492813,-0.2750293461018062,Welvaart_Kwetsbaarheid,weighted_mean,Welvaart
BU19492814,-0.17181599376424722,Welvaart_Kwetsbaarheid,weighted_mean,Welvaart
BU19492815,-0.39744003199953776,Welvaart_Kwetsbaarheid,weighted_mean,Welvaart
BU19492816,-0.5407957991518069,Welvaart_Kwetsbaarheid,weighted_mean,Welvaart
BU19492817,-0.19475207057845895,Welvaart_Kwetsbaarheid,weighted_mean,Welvaart
WK194929,-0.39401809752308503,Welvaart_Kwetsbaarheid,weighted_mean,Welvaart
BU19492900,-0.29461808609021023,Welvaart_Kwetsbaarheid,weighted_mean,Welvaart
WK194930,-0.16807470900557822,Welvaart_Kwetsbaarheid,weighted_mean,Welvaart
BU19493000,-0.13776017728683865,Welvaart_Kwetsbaarheid,weighted_mean,Welvaart
WK194931,-0.06326591413124817,Welvaart_Kwetsbaarheid,weighted_mean,Welvaart
BU19493100,-0.16059183461171675,Welvaart_Kwetsbaarheid,weighted_mean,Welvaart
BU19493101,-0.5853417673995744,Welvaart_Kwetsbaarheid,weighted_mean,Welvaart
WK194932,-0.2200385357333673,Welvaart_Kwetsbaarheid,weighted_mean,Welvaart
BU19493200,-0.31801789456726093,Welvaart_Kwetsbaarheid,weighted_mean,Welvaart
BU19493201,0.1037836364844969,Welvaart_Kwetsbaarheid,weighted_mean,Welvaart
BU19493202,-0.21098202375762876,Welvaart_Kwetsbaarheid,weighted_mean,Welvaart
WK194933,0.14860008968484667,Welvaart_Kwetsbaarheid,weighted_mean,Welvaart
BU19493300,-0.3387974028071814,Welvaart_Kwetsbaarheid,weighted_mean,Welvaart
WK194934,-0.3889373402500451,Welvaart_Kwetsbaarheid,weighted_mean,Welvaart
BU19493400,0.33979873022653295,Welvaart_Kwetsbaarheid,weighted_mean,Welvaart
BU19493401,-0.47058403491425266,Welvaart_Kwetsbaarheid,weighted_mean,Welvaart
WK194935,-0.2223507813117691,Welvaart_Kwetsbaarheid,weighted_mean,Welvaart
BU19493500,0.32114167396507204,Welvaart_Kwetsbaarheid,weighted_mean,Welvaart
BU19493501,-0.379161227853659,Welvaart_Kwetsbaarheid,weighted_mean,Welvaart
BU19493502,-0.5611827361571876,Welvaart_Kwetsbaarheid,weighted_mean,Welvaart
BU19493503,-0.3182937140368726,Welvaart_Kwetsbaarheid,weighted_mean,Welvaart
WK194936,-0.22240590175595015,Welvaart_Kwetsbaarheid,weighted_mean,Welvaart
BU19493600,-0.00734059329407305,Welvaart_Kwetsbaarheid,weighted_mean,Welvaart
BU19493601,-0.24807691911845797,Welvaart_Kwetsbaarheid,weighted_mean,Welvaart
BU19493602,-0.019619835132577867,Welvaart_Kwetsbaarheid,weighted_mean,Welvaart
BU19493603,-0.2802908646495994,Welvaart_Kwetsbaarheid,weighted_mean,Welvaart
WK194937,-0.3272833399467274,Welvaart_Kwetsbaarheid,weighted_mean,Welvaart
BU19493700,-0.32780861303500325,Welvaart_Kwetsbaarheid,weighted_mean,Welvaart
WK194938,-0.22452925530934864,Welvaart_Kwetsbaarheid,weighted_mean,Welvaart
BU19493800,-0.0705328797239791,Welvaart_Kwetsbaarheid,weighted_mean,Welvaart
BU19493801,-0.16378843328995513,Welvaart_Kwetsbaarheid,weighted_mean,Welvaart
WK194939,-0.11004990287680451,Welvaart_Kwetsbaarheid,weighted_mean,Welvaart
BU19493900,-0.435318958008334,Welvaart_Kwetsbaarheid,weighted_mean,Welvaart
BU19493901,-0.32948441781906224,Welvaart_Kwetsbaarheid,weighted_mean,Welvaart
WK194940,-0.22197782141451466,Welvaart_Kwetsbaarheid,weighted_mean,Welvaart
BU19494000,-0.029520529386794843,Welvaart_Kwetsbaarheid,weighted_mean,Welvaart
WK194941,-0.1350900560751125,Welvaart_Kwetsbaarheid,weighted_mean,Welvaart
BU19494100,-0.2840952199287144,Welvaart_Kwetsbaarheid,weighted_mean,Welvaart
WK194942,-0.26213022161698385,Welvaart_Kwetsbaarheid,weighted_mean,Welvaart
BU19494200,-0.13311792173986825,Welvaart_Kwetsbaarheid,weighted_mean,Welvaart
BU19494201,-0.32967834807466456,Welvaart_Kwetsbaarheid,weighted_mean,Welvaart
WK194943,-0.25386372526220374,Welvaart_Kwetsbaarheid,weighted_mean,Welvaart
BU19494300,-0.12115185681610305,Welvaart_Kwetsbaarheid,weighted_mean,Welvaart
WK194944,-0.35238846810450153,Welvaart_Kwetsbaarheid,weighted_mean,Welvaart
BU19494400,-0.31485109464339206,Welvaart_Kwetsbaarheid,weighted_mean,Welvaart
BU19494401,-0.19551736766073008,Welvaart_Kwetsbaarheid,weighted_mean,Welvaart
BU19494402,-0.2122221503765321,Welvaart_Kwetsbaarheid,weighted_mean,Welvaart
BU19494403,-0.19182881778893995,Welvaart_Kwetsbaarheid,weighted_mean,Welvaart
WK194945,-0.07224163271303895,Welvaart_Kwetsbaarheid,weighted_mean,Welvaart
BU19494500,-0.13553216874060794,Welvaart_Kwetsbaarheid,weighted_mean,Welvaart
WK194946,-0.004860391652279625,Welvaart_Kwetsbaarheid,weighted_mean,Welvaart
BU19494600,-0.2895674484306349,Welvaart_Kwetsbaarheid,weighted_mean,Welvaart
WK194947,-0.2794675400484064,Welvaart_Kwetsbaarheid,weighted_mean,Welvaart
BU19494700,0.2531025249257506,Welvaart_Kwetsbaarheid,weighted_mean,Welvaart
BU19494701,-0.4088791232121238,Welvaart_Kwetsbaarheid,weighted_mean,Welvaart
WK194948,-0.24020420680718296,Welvaart_Kwetsbaarheid,weighted_mean,Welvaart
BU19494800,0.26411021310137056,Welvaart_Kwetsbaarheid,weighted_mean,Welvaart
BU19494801,-0.1764825445799828,Welvaart_Kwetsbaarheid,weighted_mean,Welvaart
WK194949,-0.21486934853434683,Welvaart_Kwetsbaarheid,weighted_mean,Welvaart
BU19494900,0.018476251121417833,Welvaart_Kwetsbaarheid,weighted_mean,Welvaart
BU19494901,-0.3580020270102574,Welvaart_Kwetsbaarheid,weighted_mean,Welvaart
BU19494902,-0.3657966426791254,Welvaart_Kwetsbaarheid,weighted_mean,Welvaart
WK194950,-0.10477133543472479,Welvaart_Kwetsbaarheid,weighted_mean,Welvaart
BU19495000,0.2733474489328839,Welvaart_Kwetsbaarheid,weighted_mean,Welvaart
BU19495001,-0.12731176294846047,Welvaart_Kwetsbaarheid,weighted_mean,Welvaart
WK194951,-0.24130825676719136,Welvaart_Kwetsbaarheid,weighted_mean,Welvaart
BU19495100,-0.3133257903926847,Welvaart_Kwetsbaarheid,weighted_mean,Welvaart
WK194952,-0.25370228760446156,Welvaart_Kwetsbaarheid,weighted_mean,Welvaart
BU19495200,-0.19497223109558753,Welvaart_Kwetsbaarheid,weighted_mean,Welvaart
WK194953,-0.19804620116399888,Welvaart_Kwetsbaarheid,weighted_mean,Welvaart
BU19495300,0.2696763877301951,Welvaart_Kwetsbaarheid,weighted_mean,Welvaart
BU19495301,-0.3949869618858805,Welvaart_Kwetsbaarheid,weighted_mean,Welvaart
BU19495302,0.015376465596427073,Welvaart_Kwetsbaarheid,weighted_mean,Welvaart
WK194954,-0.13586947708360475,Welvaart_Kwetsbaarheid,weighted_mean,Welvaart
BU19495400,-0.13774072586919023,Welvaart_Kwetsbaarheid,weighted_mean,Welvaart
BU19495401,-0.7010740151224715,Welvaart_Kwetsbaarheid,weighted_mean,Welvaart
WK194955,-0.10726684551936595,Welvaart_Kwetsbaarheid,weighted_mean,Welvaart
BU19495500,-0.10462774183447088,Welvaart_Kwetsbaarheid,weighted_mean,Welvaart
GM0098,-0.09650121271131704,Welvaart_Kwetsbaarheid,weighted_mean,Welvaart
WK009800,-0.20273992917898329,Welvaart_Kwetsbaarheid,weighted_mean,Welvaart
BU00980001,-0.1039996816883625,Welvaart_Kwetsbaarheid,weighted_mean,Welvaart
BU00980002,0.12972812542635903,Welvaart_Kwetsbaarheid,weighted_mean,Welvaart
BU00980003,0.6066050629630841,Welvaart_Kwetsbaarheid,weighted_mean,Welvaart
BU00980004,-0.043023457278603024,Welvaart_Kwetsbaarheid,weighted_mean,Welvaart
BU00980005,-0.1566998357176147,Welvaart_Kwetsbaarheid,weighted_mean,Welvaart
BU00980006,-0.24929603593888622,Welvaart_Kwetsbaarheid,weighted_mean,Welvaart
BU00980007,-0.34610544366155027,Welvaart_Kwetsbaarheid,weighted_mean,Welvaart
BU00980008,-0.42160311301141845,Welvaart_Kwetsbaarheid,weighted_mean,Welvaart
BU00980009,-0.180485905517987,Welvaart_Kwetsbaarheid,weighted_mean,Welvaart
BU00980010,0.222209630394327,Welvaart_Kwetsbaarheid,weighted_mean,Welvaart
BU00980011,-0.0627283429186816,Welvaart_Kwetsbaarheid,weighted_mean,Welvaart
BU00980012,0.06294316109235615,Welvaart_Kwetsbaarheid,weighted_mean,Welvaart
BU00980013,-0.05360439861250272,Welvaart_Kwetsbaarheid,weighted_mean,Welvaart
BU00980014,-0.42244052087126077,Welvaart_Kwetsbaarheid,weighted_mean,Welvaart
BU00980015,-0.5075452950980038,Welvaart_Kwetsbaarheid,weighted_mean,Welvaart
BU00980016,-0.20390985787463517,Welvaart_Kwetsbaarheid,weighted_mean,Welvaart
BU00980017,-0.7089701221480631,Welvaart_Kwetsbaarheid,weighted_mean,Welvaart
BU00980018,-0.09357867008358528,Welvaart_Kwetsbaarheid,weighted_mean,Welvaart
BU00980019,-0.22453387105577252,Welvaart_Kwetsbaarheid,weighted_mean,Welvaart
BU00980020,0.05803170030425414,Welvaart_Kwetsbaarheid,weighted_mean,Welvaart
BU00980021,-0.20398633316004183,Welvaart_Kwetsbaarheid,weighted_mean,Welvaart
WK009801,0.10184980782708278,Welvaart_Kwetsbaarheid,weighted_mean,Welvaart
BU00980101,0.14085067614281854,Welvaart_Kwetsbaarheid,weighted_mean,Welvaart
BU00980102,0.5335342664928828,Welvaart_Kwetsbaarheid,weighted_mean,Welvaart
BU00980103,0.3033279933957079,Welvaart_Kwetsbaarheid,weighted_mean,Welvaart
BU00980104,0.3157767818816445,Welvaart_Kwetsbaarheid,weighted_mean,Welvaart
WK009802,0.016606851840338527,Welvaart_Kwetsbaarheid,weighted_mean,Welvaart
BU00980201,0.2707157146537136,Welvaart_Kwetsbaarheid,weighted_mean,Welvaart
BU00980202,0.2313856456403944,Welvaart_Kwetsbaarheid,weighted_mean,Welvaart
WK009803,0.20358040117408308,Welvaart_Kwetsbaarheid,weighted_mean,Welvaart
BU00980301,0.16932489737758122,Welvaart_Kwetsbaarheid,weighted_mean,Welvaart
BU00980302,0.11049356121468563,Welvaart_Kwetsbaarheid,weighted_mean,Welvaart
BU00980303,0.006364758366303236,Welvaart_Kwetsbaarheid,weighted_mean,Welvaart
BU00980304,0.004740596861808166,Welvaart_Kwetsbaarheid,weighted_mean,Welvaart
BU00980305,0.32959611876835776,Welvaart_Kwetsbaarheid,weighted_mean,Welvaart
WK009804,0.1815630007231792,Welvaart_Kwetsbaarheid,weighted_mean,Welvaart
BU00980401,0.05854233835508096,Welvaart_Kwetsbaarheid,weighted_mean,Welvaart
BU00980402,0.17022401324396053,Welvaart_Kwetsbaarheid,weighted_mean,Welvaart
BU00980403,0.41126467998529237,Welvaart_Kwetsbaarheid,weighted_mean,Welvaart
WK009805,0.21424152495972332,Welvaart_Kwetsbaarheid,weighted_mean,Welvaart
BU00980501,0.3605441950101892,Welvaart_Kwetsbaarheid,weighted_mean,Welvaart
BU00980502,0.266233691286931,Welvaart_Kwetsbaarheid,weighted_mean,Welvaart
WK009806,0.30181759746146625,Welvaart_Kwetsbaarheid,weighted_mean,Welvaart
BU00980601,-0.05004324604944346,Welvaart_Kwetsbaarheid,weighted_mean,Welvaart
BU00980602,0.1790369463720404,Welvaart_Kwetsbaarheid,weighted_mean,Welvaart
WK009807,-0.17662483437454274,Welvaart_Kwetsbaarheid,weighted_mean,Welvaart
BU00980701,-0.07885665001585743,Welvaart_Kwetsbaarheid,weighted_mean,Welvaart
BU00980702,0.2846271920138596,Welvaart_Kwetsbaarheid,weighted_mean,Welvaart
WK009808,-0.037920130897621224,Welvaart_Kwetsbaarheid,weighted_mean,Welvaart
BU00980801,-0.23586714229756173,Welvaart_Kwetsbaarheid,weighted_mean,Welvaart
BU00980802,0.21327133496252554,Welvaart_Kwetsbaarheid,weighted_mean,Welvaart
WK009809,0.3933578904077814,Welvaart_Kwetsbaarheid,weighted_mean,Welvaart
BU00980901,0.20004252216635843,Welvaart_Kwetsbaarheid,weighted_mean,Welvaart
BU00980902,0.14378667402119527,Welvaart_Kwetsbaarheid,weighted_mean,Welvaart
BU00980903,0.5120831584524373,Welvaart_Kwetsbaarheid,weighted_mean,Welvaart
WK009810,-0.14925093973077175,Welvaart_Kwetsbaarheid,weighted_mean,Welvaart
BU00981001,-0.0965475963816052,Welvaart_Kwetsbaarheid,weighted_mean,Welvaart
BU00981002,-0.05277830436648842,Welvaart_Kwetsbaarheid,weighted_mean,Welvaart
BU00981003,-0.3167677400888302,Welvaart_Kwetsbaarheid,weighted_mean,Welvaart
BU00981004,0.024691387726210212,Welvaart_Kwetsbaarheid,weighted_mean,Welvaart
BU00981005,0.354640698201462,Welvaart_Kwetsbaarheid,weighted_mean,Welvaart
BU00981006,-0.033221036140330465,Welvaart_Kwetsbaarheid,weighted_mean,Welvaart
BU00981007,1.0076097854301176,Welvaart_Kwetsbaarheid,weighted_mean,Welvaart
BU00981008,-0.11126334637790222,Welvaart_Kwetsbaarheid,weighted_mean,Welvaart
BU00981009,0.03824228560951595,Welvaart_Kwetsbaarheid,weighted_mean,Welvaart
WK009811,0.15575790854708205,Welvaart_Kwetsbaarheid,weighted_mean,Welvaart
BU00981101,-0.12496833898133047,Welvaart_Kwetsbaarheid,weighted_mean,Welvaart
BU00981102,-0.026429191477228664,Welvaart_Kwetsbaarheid,weighted_mean,Welvaart
WK009812,0.028225089061106906,Welvaart_Kwetsbaarheid,weighted_mean,Welvaart
BU00981201,0.4430525154513611,Welvaart_Kwetsbaarheid,weighted_mean,Welvaart
WK009813,0.0779352517814636,Welvaart_Kwetsbaarheid,weighted_mean,Welvaart
BU00981301,-0.3190948678028325,Welvaart_Kwetsbaarheid,weighted_mean,Welvaart
BU00981302,0.3818437588621004,Welvaart_Kwetsbaarheid,weighted_mean,Welvaart
WK009814,0.12758449598702265,Welvaart_Kwetsbaarheid,weighted_mean,Welvaart
BU00981401,-0.2800894622848519,Welvaart_Kwetsbaarheid,weighted_mean,Welvaart
BU00981402,0.3976113822822013,Welvaart_Kwetsbaarheid,weighted_mean,Welvaart
WK009815,-0.003077754603646843,Welvaart_Kwetsbaarheid,weighted_mean,Welvaart
BU00981501,-0.39126142876966885,Welvaart_Kwetsbaarheid,weighted_mean,Welvaart
BU00981502,0.4456284123945087,Welvaart_Kwetsbaarheid,weighted_mean,Welvaart
GM0059,0.18969810757179173,Groen_Verharding,entropy,Groen & Verharding
WK005900,0.18969810757179173,Groen_Verharding,entropy,Groen & Verharding
BU00590000,0.18059436768896936,Groen_Verharding,entropy,Groen & Verharding
BU00590001,0.09693984511830031,Groen_Verharding,entropy,Groen & Verharding
BU00590002,0.21259904754771153,Groen_Verharding,entropy,Groen & Verharding
BU00590003,0.12717009020934458,Groen_Verharding,entropy,Groen & Verharding
BU00590004,0.13403953248927017,Groen_Verharding,entropy,Groen & Verharding
BU00590005,0.04858093118846042,Groen_Verharding,entropy,Groen & Verharding
BU00590006,0.04898588342930924,Groen_Verharding,entropy,Groen & Verharding
BU00590007,0.06468912789655697,Groen_Verharding,entropy,Groen & Verharding
BU00590008,0.04127467647351038,Groen_Verharding,entropy,Groen & Verharding
BU00590009,0.02700729382594584,Groen_Verharding,entropy,Groen & Verharding
WK005901,0.09071641966125712,Groen_Verharding,entropy,Groen & Verharding
BU00590100,0.10020015852461603,Groen_Verharding,entropy,Groen & Verharding
BU00590102,0.06927409501072203,Groen_Verharding,entropy,Groen & Verharding
BU00590103,0.11447523103219423,Groen_Verharding,entropy,Groen & Verharding
BU00590107,0.035807515066953045,Groen_Verharding,entropy,Groen & Verharding
BU00590108,0.04247921589289748,Groen_Verharding,entropy,Groen & Verharding
BU00590109,0.05068904032698086,Groen_Verharding,entropy,Groen & Verharding
WK005902,0.18969810757179173,Groen_Verharding,entropy,Groen & Verharding
BU00590200,0.0902812867512846,Groen_Verharding,entropy,Groen & Verharding
BU00590201,0.07472664916914032,Groen_Verharding,entropy,Groen & Verharding
BU00590202,0.09804748201595008,Groen_Verharding,entropy,Groen & Verharding
BU00590203,0.06526522365360672,Groen_Verharding,entropy,Groen & Verharding
BU00590206,0.031351735113774204,Groen_Verharding,entropy,Groen & Verharding
BU00590207,0.033037168359545226,Groen_Verharding,entropy,Groen & Verharding
BU00590208,0.031216187306430446,Groen_Verharding,entropy,Groen & Verharding
BU00590209,0.026847207486651998,Groen_Verharding,entropy,Groen & Verharding
GM0060,0.13168324507940915,Groen_Verharding,entropy,Groen & Verharding
WK006000,0.0751431127809268,Groen_Verharding,entropy,Groen & Verharding
BU00600000,0.1509433093807342,Groen_Verharding,entropy,Groen & Verharding
BU00600001,0.10555276378914791,Groen_Verharding,entropy,Groen & Verharding
BU00600002,0.08612402043210408,Groen_Verharding,entropy,Groen & Verharding
BU00600003,0.09687959845975959,Groen_Verharding,entropy,Groen & Verharding
BU00600007,0.15883804008953606,Groen_Verharding,entropy,Groen & Verharding
BU00600008,0.20776387355457931,Groen_Verharding,entropy,Groen & Verharding
BU00600009,0.15975352008200758,Groen_Verharding,entropy,Groen & Verharding
GM1891,0.18969810757179173,Groen_Verharding,entropy,Groen & Verharding
WK189100,0.16354797664675974,Groen_Verharding,entropy,Groen & Verharding
BU18910000,0.11266912892663301,Groen_Verharding,entropy,Groen & Verharding
BU18910001,0.10101624758880516,Groen_Verharding,entropy,Groen & Verharding
BU18910002,0.10542714264151107,Groen_Verharding,entropy,Groen & Verharding
BU18910008,0.05476847755874697,Groen_Verharding,entropy,Groen & Verharding
BU18910009,0.045816310913287535,Groen_Verharding,entropy,Groen & Verharding
WK189101,0.06244433910176914,Groen_Verharding,entropy,Groen & Verharding
BU18910100,0.12966236459781877,Groen_Verharding,entropy,Groen & Verharding
BU18910101,0.07365349288531237,Groen_Verharding,entropy,Groen & Verharding
BU18910108,0.060765255552467895,Groen_Verharding,entropy,Groen & Verharding
BU18910109,0.04353745107650815,Groen_Verharding,entropy,Groen & Verharding
WK189102,0.16348875587406347,Groen_Verharding,entropy,Groen & Verharding
BU18910200,0.15502138086929604,Groen_Verharding,entropy,Groen & Verharding
BU18910201,0.15042215934270436,Groen_Verharding,entropy,Groen & Verharding
BU18910202,0.03862740453165449,Groen_Verharding,entropy,Groen & Verharding
BU18910208,0.08340438186469609,Groen_Verharding,entropy,Groen & Verharding
BU18910209,0.0690610146852077,Groen_Verharding,entropy,Groen & Verharding
WK189103,0.05600206703125366,Groen_Verharding,entropy,Groen & Verharding
BU18910300,0.10659526139830532,Groen_Verharding,entropy,Groen & Verharding
BU18910301,0.041101000380302906,Groen_Verharding,entropy,Groen & Verharding
BU18910309,0.05377649393865816,Groen_Verharding,entropy,Groen & Verharding
GM1940,0.18969810757179173,Groen_Verharding,entropy,Groen & Verharding
WK194001,0.06372375279325729,Groen_Verharding,entropy,Groen & Verharding
BU19400101,0.04340914262574253,Groen_Verharding,entropy,Groen & Verharding
WK194002,0.08213188497803914,Groen_Verharding,entropy,Groen & Verharding
BU19400201,0.07717111420615716,Groen_Verharding,entropy,Groen & Verharding
WK194003,0.13306059651161892,Groen_Verharding,entropy,Groen & Verharding
BU19400301,0.14343257408039928,Groen_Verharding,entropy,Groen & Verharding
WK194004,0.06438208095688941,Groen_Verharding,entropy,Groen & Verharding
BU19400401,0.03211003272515246,Groen_Verharding,entropy,Groen & Verharding
WK194005,0.06012880503353624,Groen_Verharding,entropy,Groen & Verharding
BU19400501,0.06396429281205983,Groen_Verharding,entropy,Groen & Verharding
WK194006,0.04741789916904071,Groen_Verharding,entropy,Groen & Verharding
BU19400601,0.06548050275899243,Groen_Verharding,entropy,Groen & Verharding
WK194007,0.05885142893279752,Groen_Verharding,entropy,Groen & Verharding
BU19400701,0.12864014899503626,Groen_Verharding,entropy,Groen & Verharding
BU19400702,0.04941774024502536,Groen_Verharding,entropy,Groen & Verharding
WK194008,0.05524081402064026,Groen_Verharding,entropy,Groen & Verharding
BU19400801,0.040092431767652696,Groen_Verharding,entropy,Groen & Verharding
WK194009,0.04459137533092481,Groen_Verharding,entropy,Groen & Verharding
BU19400901,0.03866780365722595,Groen_Verharding,entropy,Groen & Verharding
WK194010,0.05028929387768351,Groen_Verharding,entropy,Groen & Verharding
BU19401001,0.04405779763909263,Groen_Verharding,entropy,Groen & Verharding
WK194011,0.05996780301469173,Groen_Verharding,entropy,Groen & Verharding
BU19401101,0.06032853863195284,Groen_Verharding,entropy,Groen & Verharding
BU19401102,0.08915197370300035,Groen_Verharding,entropy,Groen & Verharding
WK194012,0.05317024800191805,Groen_Verharding,entropy,Groen & Verharding
BU19401201,0.05085908088481804,Groen_Verharding,entropy,Groen & Verharding
WK194013,0.056594920582678204,Groen_Verharding,entropy,Groen & Verharding
BU19401301,0.060568302082774715,Groen_Verharding,entropy,Groen & Verharding
WK194014,0.04414526495381596,Groen_Verharding,entropy,Groen & Verharding
BU19401401,0.052918029281942044,Groen_Verharding,entropy,Groen & Verharding
WK194015,0.06047559559266142,Groen_Verharding,entropy,Groen & Verharding
BU19401501,0.06876266585578916,Groen_Verharding,entropy,Groen & Verharding
WK194016,0.05809896822664546,Groen_Verharding,entropy,Groen & Verharding
BU19401601,0.07538796816329303,Groen_Verharding,entropy,Groen & Verharding
WK194017,0.053334148660204736,Groen_Verharding,entropy,Groen & Verharding
BU19401701,0.06013146342989858,Groen_Verharding,entropy,Groen & Verharding
WK194018,0.059109629081316804,Groen_Verharding,entropy,Groen & Verharding
BU19401801,0.07410310836370222,Groen_Verharding,entropy,Groen & Verharding
WK194019,0.18969810757179173,Groen_Verharding,entropy,Groen & Verharding
BU19401901,0.23846637004074,Groen_Verharding,entropy,Groen & Verharding
BU19401902,0.038575404942431446,Groen_Verharding,entropy,Groen & Verharding
BU19401903,0.2146416749849825,Groen_Verharding,entropy,Groen & Verharding
BU19401904,0.17392144099123383,Groen_Verharding,entropy,Groen & Verharding
BU19401905,0.2030647515758655,Groen_Verharding,entropy,Groen & Verharding
BU19401906,0.23713482318870371,Groen_Verharding,entropy,Groen & Verharding
BU19401907,0.24779323116794416,Groen_Verharding,entropy,Groen & Verharding
BU19401908,0.08490064347623892,Groen_Verharding,entropy,Groen & Verharding
BU19401909,0.13125874209308858,Groen_Verharding,entropy,Groen & Verharding
BU19401910,0.16271443775644606,Groen_Verharding,entropy,Groen & Verharding
WK194020,0.04977869666483056,Groen_Verharding,entropy,Groen & Verharding
BU19402001,0.038662002850886716,Groen_Verharding,entropy,Groen & Verharding
WK194021,0.059085264740579034,Groen_Verharding,entropy,Groen & Verharding
BU19402101,0.06506839567869083,Groen_Verharding,entropy,Groen & Verharding
WK194022,0.04963433171865709,Groen_Verharding,entropy,Groen & Verharding
BU19402201,0.08851750318277922,Groen_Verharding,entropy,Groen & Verharding
WK194023,0.18969810757179173,Groen_Verharding,entropy,Groen & Verharding
BU19402301,0.08052339334814015,Groen_Verharding,entropy,Groen & Verharding
BU19402302,0.22099102305411,Groen_Verharding,entropy,Groen & Verharding
BU19402303,0.152604054056884,Groen_Verharding,entropy,Groen & Verharding
BU19402304,0.18129724913098064,Groen_Verharding,entropy,Groen & Verharding
BU19402305,0.1460989766856479,Groen_Verharding,entropy,Groen & Verharding
BU19402306,0.16015296705954601,Groen_Verharding,entropy,Groen & Verharding
BU19402307,0.09246232906640359,Groen_Verharding,entropy,Groen & Verharding
BU19402308,0.1888364411340372,Groen_Verharding,entropy,Groen & Verharding
WK194024,0.06787818274335736,Groen_Verharding,entropy,Groen & Verharding
BU19402401,0.07248752630752936,Groen_Verharding,entropy,Groen & Verharding
WK194025,0.13118313514338414,Groen_Verharding,entropy,Groen & Verharding
BU19402501,0.05583479091751546,Groen_Verharding,entropy,Groen & Verharding
WK194026,0.05971484876556673,Groen_Verharding,entropy,Groen & Verharding
BU19402601,0.059610332858342135,Groen_Verharding,entropy,Groen & Verharding
WK194027,0.07420782895226272,Groen_Verharding,entropy,Groen & Verharding
BU19402701,0.057501941017894506,Groen_Verharding,entropy,Groen & Verharding
WK194028,0.04960217640173639,Groen_Verharding,entropy,Groen & Verharding
BU19402801,0.04457960196064515,Groen_Verharding,entropy,Groen & Verharding
BU19402802,0.13721084801986622,Groen_Verharding,entropy,Groen & Verharding
WK194029,0.049189930901458394,Groen_Verharding,entropy,Groen & Verharding
BU19402901,0.04876461051277199,Groen_Verharding,entropy,Groen & Verharding
WK194030,0.07501228542080347,Groen_Verharding,entropy,Groen & Verharding
BU19403001,0.07887377287936122,Groen_Verharding,entropy,Groen & Verharding
WK194031,0.05973701093470379,Groen_Verharding,entropy,Groen & Verharding
BU19403101,0.07289425051683564,Groen_Verharding,entropy,Groen & Verharding
WK194032,0.06067346571982418,Groen_Verharding,entropy,Groen & Verharding
BU19403201,0.056093971071118,Groen_Verharding,entropy,Groen & Verharding
WK194033,0.038928230670726705,Groen_Verharding,entropy,Groen & Verharding
BU19403301,0.030584969558370312,Groen_Verharding,entropy,Groen & Verharding
WK194034,0.0559949694072427,Groen_Verharding,entropy,Groen & Verharding
BU19403401,0.08243404960174575,Groen_Verharding,entropy,Groen & Verharding
WK194035,0.055710214491678865,Groen_Verharding,entropy,Groen & Verharding
BU19403501,0.06147376964724116,Groen_Verharding,entropy,Groen & Verharding
WK194036,0.0475881147216082,Groen_Verharding,entropy,Groen & Verharding
BU19403601,0.04311335107515752,Groen_Verharding,entropy,Groen & Verharding
WK194037,0.054341587671865046,Groen_Verharding,entropy,Groen & Verharding
BU19403701,0.05875070801346197,Groen_Verharding,entropy,Groen & Verharding
WK194038,0.059175951665102866,Groen_Verharding,entropy,Groen & Verharding
BU19403801,0.046649703134521825,Groen_Verharding,entropy,Groen & Verharding
WK194039,0.06014519127544622,Groen_Verharding,entropy,Groen & Verharding
BU19403901,0.11958141642140338,Groen_Verharding,entropy,Groen & Verharding
WK194040,0.059175951665102866,Groen_Verharding,entropy,Groen & Verharding
BU19404001,0.059241819953331144,Groen_Verharding,entropy,Groen & Verharding
WK194041,0.0948037409948118,Groen_Verharding,entropy,Groen & Verharding
BU19404101,0.09409312382868876,Groen_Verharding,entropy,Groen & Verharding
WK194042,0.05791880592089704,Groen_Verharding,entropy,Groen & Verharding
BU19404201,0.06974169355551048,Groen_Verharding,entropy,Groen & Verharding
WK194043,0.06994220837046329,Groen_Verharding,entropy,Groen & Verharding
BU19404301,0.06510752154668689,Groen_Verharding,entropy,Groen & Verharding
WK194044,0.044586464601087575,Groen_Verharding,entropy,Groen & Verharding
BU19404401,0.0437509708943208,Groen_Verharding,entropy,Groen & Verharding
WK194045,0.049600269363216494,Groen_Verharding,entropy,Groen & Verharding
BU19404501,0.046493090836856224,Groen_Verharding,entropy,Groen & Verharding
WK194046,0.07222915739490567,Groen_Verharding,entropy,Groen & Verharding
BU19404601,0.1016327232536343,Groen_Verharding,entropy,Groen & Verharding
WK194047,0.05612025367574321,Groen_Verharding,entropy,Groen & Verharding
BU19404701,0.04967309256217867,Groen_Verharding,entropy,Groen & Verharding
WK194048,0.04230560171888932,Groen_Verharding,entropy,Groen & Verharding
BU19404801,0.04568407732661907,Groen_Verharding,entropy,Groen & Verharding
WK194049,0.07669797149231891,Groen_Verharding,entropy,Groen & Verharding
BU19404901,0.03748221842683201,Groen_Verharding,entropy,Groen & Verharding
WK194050,0.054537611122469395,Groen_Verharding,entropy,Groen & Verharding
BU19405001,0.040389829516517387,Groen_Verharding,entropy,Groen & Verharding
WK194051,0.05898385101855927,Groen_Verharding,entropy,Groen & Verharding
BU19405101,0.05534779254103861,Groen_Verharding,entropy,Groen & Verharding
GM0072,0.19417567600686136,Groen_Verharding,entropy,Groen & Verharding
WK007200,0.18969810757179173,Groen_Verharding,entropy,Groen & Verharding
BU00720001,0.23114326960790804,Groen_Verharding,entropy,Groen & Verharding
BU00720002,0.17344444897420086,Groen_Verharding,entropy,Groen & Verharding
BU00720003,0.2095082352294157,Groen_Verharding,entropy,Groen & Verharding
BU00720004,0.22437418667309886,Groen_Verharding,entropy,Groen & Verharding
BU00720005,0.2269473993481175,Groen_Verharding,entropy,Groen & Verharding
BU00720006,0.24183271056557906,Groen_Verharding,entropy,Groen & Verharding
BU00720007,0.29034346321722404,Groen_Verharding,entropy,Groen & Verharding
BU00720009,0.058329826762683015,Groen_Verharding,entropy,Groen & Verharding
WK007201,0.0823257128617048,Groen_Verharding,entropy,Groen & Verharding
BU00720100,0.20527876235604245,Groen_Verharding,entropy,Groen & Verharding
BU00720109,0.1254600089120232,Groen_Verharding,entropy,Groen & Verharding
WK007202,0.054486074303095974,Groen_Verharding,entropy,Groen & Verharding
BU00720200,0.17220866521976955,Groen_Verharding,entropy,Groen & Verharding
BU00720209,0.05999333016448082,Groen_Verharding,entropy,Groen & Verharding
GM0074,0.18969810757179173,Groen_Verharding,entropy,Groen & Verharding
WK007401,0.18969810757179173,Groen_Verharding,entropy,Groen & Verharding
BU00740100,0.19066611896314253,Groen_Verharding,entropy,Groen & Verharding
BU00740101,0.23411082663620325,Groen_Verharding,entropy,Groen & Verharding
BU00740102,0.24426471363563762,Groen_Verharding,entropy,Groen & Verharding
BU00740103,0.24085171514854448,Groen_Verharding,entropy,Groen & Verharding
BU00740104,0.24371588741527425,Groen_Verharding,entropy,Groen & Verharding
BU00740105,0.19580381560847043,Groen_Verharding,entropy,Groen & Verharding
BU00740106,0.2165812496141272,Groen_Verharding,entropy,Groen & Verharding
BU00740107,0.187506687206625,Groen_Verharding,entropy,Groen & Verharding
BU00740108,0.15305728311505726,Groen_Verharding,entropy,Groen & Verharding
BU00740109,0.09104699545584877,Groen_Verharding,entropy,Groen & Verharding
BU00740110,0.22060268210347164,Groen_Verharding,entropy,Groen & Verharding
WK007402,0.06467681220236986,Groen_Verharding,entropy,Groen & Verharding
BU00740201,0.06021666792046121,Groen_Verharding,entropy,Groen & Verharding
BU00740202,0.05702025760013532,Groen_Verharding,entropy,Groen & Verharding
BU00740203,0.038198063607229334,Groen_Verharding,entropy,Groen & Verharding
BU00740204,0.055306271543795714,Groen_Verharding,entropy,Groen & Verharding
BU00740205,0.04365963965288961,Groen_Verharding,entropy,Groen & Verharding
WK007403,0.07501228542080347,Groen_Verharding,entropy,Groen & Verharding
BU00740301,0.061274414484187543,Groen_Verharding,entropy,Groen & Verharding
BU00740302,0.07210414677503364,Groen_Verharding,entropy,Groen & Verharding
WK007404,0.16348875587406347,Groen_Verharding,entropy,Groen & Verharding
BU00740401,0.11688852558750207,Groen_Verharding,entropy,Groen & Verharding
BU00740402,0.09113976065884975,Groen_Verharding,entropy,Groen & Verharding
BU00740403,0.07493665986634217,Groen_Verharding,entropy,Groen & Verharding
BU00740404,0.06025462736140031,Groen_Verharding,entropy,Groen & Verharding
BU00740405,0.06825195767720638,Groen_Verharding,entropy,Groen & Verharding
BU00740406,0.06052140436140205,Groen_Verharding,entropy,Groen & Verharding
BU00740407,0.0482511853104822,Groen_Verharding,entropy,Groen & Verharding
WK007406,0.08385265916964496,Groen_Verharding,entropy,Groen & Verharding
BU00740601,0.12045269376680055,Groen_Verharding,entropy,Groen & Verharding
WK007407,0.05971484876556673,Groen_Verharding,entropy,Groen & Verharding
BU00740701,0.06374231510223698,Groen_Verharding,entropy,Groen & Verharding
BU00740702,0.18511690800218036,Groen_Verharding,entropy,Groen & Verharding
WK007409,0.12166419485598116,Groen_Verharding,entropy,Groen & Verharding
BU00740901,0.07089793146337572,Groen_Verharding,entropy,Groen & Verharding
BU00740902,0.06446396019670302,Groen_Verharding,entropy,Groen & Verharding
BU00740903,0.04167996835790106,Groen_Verharding,entropy,Groen & Verharding
GM0080,0.22218590730670268,Groen_Verharding,entropy,Groen & Verharding
WK008010,0.23989638764069188,Groen_Verharding,entropy,Groen & Verharding
BU00801001,0.16812413477022028,Groen_Verharding,entropy,Groen & Verharding
BU00801002,0.14107218479393877,Groen_Verharding,entropy,Groen & Verharding
BU00801003,0.21044907835265125,Groen_Verharding,entropy,Groen & Verharding
BU00801004,0.20956155879906466,Groen_Verharding,entropy,Groen & Verharding
BU00801005,0.23546860931809765,Groen_Verharding,entropy,Groen & Verharding
BU00801006,0.2237713353525641,Groen_Verharding,entropy,Groen & Verharding
BU00801007,0.20311176482057236,Groen_Verharding,entropy,Groen & Verharding
BU00801008,0.24932683904580125,Groen_Verharding,entropy,Groen & Verharding
WK008011,0.18969810757179173,Groen_Verharding,entropy,Groen & Verharding
BU00801101,0.24262130955873043,Groen_Verharding,entropy,Groen & Verharding
BU00801102,0.2534324963014846,Groen_Verharding,entropy,Groen & Verharding
BU00801103,0.21666713334282542,Groen_Verharding,entropy,Groen & Verharding
BU00801104,0.20859685320298726,Groen_Verharding,entropy,Groen & Verharding
BU00801105,0.2339510113376142,Groen_Verharding,entropy,Groen & Verharding
BU00801106,0.23358099396390816,Groen_Verharding,entropy,Groen & Verharding
BU00801107,0.22673509741395723,Groen_Verharding,entropy,Groen & Verharding
BU00801108,0.23830531288754328,Groen_Verharding,entropy,Groen & Verharding
BU00801109,0.2177838978310123,Groen_Verharding,entropy,Groen & Verharding
WK008020,0.22218590730670268,Groen_Verharding,entropy,Groen & Verharding
BU00802001,0.2441392068354436,Groen_Verharding,entropy,Groen & Verharding
BU00802002,0.2506518450705396,Groen_Verharding,entropy,Groen & Verharding
BU00802003,0.2504284998510073,Groen_Verharding,entropy,Groen & Verharding
BU00802004,0.24770420087507108,Groen_Verharding,entropy,Groen & Verharding
BU00802005,0.2498775757978285,Groen_Verharding,entropy,Groen & Verharding
BU00802006,0.23973779783913016,Groen_Verharding,entropy,Groen & Verharding
BU00802007,0.2543719351750733,Groen_Verharding,entropy,Groen & Verharding
BU00802008,0.21608830505206442,Groen_Verharding,entropy,Groen & Verharding
BU00802009,0.23978820316182758,Groen_Verharding,entropy,Groen & Verharding
WK008030,0.22218590730670268,Groen_Verharding,entropy,Groen & Verharding
BU00803001,0.2221581163995098,Groen_Verharding,entropy,Groen & Verharding
BU00803002,0.2543684906272696,Groen_Verharding,entropy,Groen & Verharding
BU00803003,0.235381053874051,Groen_Verharding,entropy,Groen & Verharding
BU00803004,0.24334795929946665,Groen_Verharding,entropy,Groen & Verharding
BU00803005,0.24839325566541423,Groen_Verharding,entropy,Groen & Verharding
BU00803006,0.22481037188146788,Groen_Verharding,entropy,Groen & Verharding
BU00803007,0.19106981692624492,Groen_Verharding,entropy,Groen & Verharding
WK008031,0.1299023815356621,Groen_Verharding,entropy,Groen & Verharding
BU00803101,0.2244916916183156,Groen_Verharding,entropy,Groen & Verharding
BU00803102,0.09562090775821462,Groen_Verharding,entropy,Groen & Verharding
WK008032,0.2429565650207675,Groen_Verharding,entropy,Groen & Verharding
BU00803201,0.25417818281543325,Groen_Verharding,entropy,Groen & Verharding
BU00803202,0.2474910832130252,Groen_Verharding,entropy,Groen & Verharding
BU00803203,0.2611969067394972,Groen_Verharding,entropy,Groen & Verharding
BU00803204,0.19590575614896716,Groen_Verharding,entropy,Groen & Verharding
WK008040,0.2449154170165837,Groen_Verharding,entropy,Groen & Verharding
BU00804001,0.2428712220716647,Groen_Verharding,entropy,Groen & Verharding
BU00804002,0.2309553276769061,Groen_Verharding,entropy,Groen & Verharding
BU00804003,0.242345128570511,Groen_Verharding,entropy,Groen & Verharding
BU00804004,0.2376718471330106,Groen_Verharding,entropy,Groen & Verharding
WK008041,0.1305877414898304,Groen_Verharding,entropy,Groen & Verharding
BU00804101,0.22449339587381367,Groen_Verharding,entropy,Groen & Verharding
BU00804102,0.24785740791494662,Groen_Verharding,entropy,Groen & Verharding
BU00804103,0.21800965864385838,Groen_Verharding,entropy,Groen & Verharding
BU00804104,0.249473676415061,Groen_Verharding,entropy,Groen & Verharding
BU00804105,0.1996996930937841,Groen_Verharding,entropy,Groen & Verharding
BU00804106,0.22749669495013558,Groen_Verharding,entropy,Groen & Verharding
BU00804107,0.18204864798834602,Groen_Verharding,entropy,Groen & Verharding
BU00804108,0.11337526254438521,Groen_Verharding,entropy,Groen & Verharding
BU00804109,0.05709909518027079,Groen_Verharding,entropy,Groen & Verharding
BU00804110,0.1351238824539181,Groen_Verharding,entropy,Groen & Verharding
WK008050,0.20814970456905754,Groen_Verharding,entropy,Groen & Verharding
BU00805001,0.2382853317742302,Groen_Verharding,entropy,Groen & Verharding
BU00805002,0.22201569489285664,Groen_Verharding,entropy,Groen & Verharding
BU00805003,0.24117587843698682,Groen_Verharding,entropy,Groen & Verharding
WK008051,0.18969810757179173,Groen_Verharding,entropy,Groen & Verharding
BU00805101,0.24958854275327247,Groen_Verharding,entropy,Groen & Verharding
BU00805102,0.2600831110585299,Groen_Verharding,entropy,Groen & Verharding
BU00805103,0.2561298844806605,Groen_Verharding,entropy,Groen & Verharding
BU00805104,0.2223835585184427,Groen_Verharding,entropy,Groen & Verharding
BU00805105,0.2043293530509703,Groen_Verharding,entropy,Groen & Verharding
WK008060,0.1869421145795963,Groen_Verharding,entropy,Groen & Verharding
BU00806001,0.2527202854258395,Groen_Verharding,entropy,Groen & Verharding
BU00806002,0.2062426022011144,Groen_Verharding,entropy,Groen & Verharding
BU00806003,0.09910557414413977,Groen_Verharding,entropy,Groen & Verharding
WK008061,0.247451521561817,Groen_Verharding,entropy,Groen & Verharding
BU00806101,0.26215605951620996,Groen_Verharding,entropy,Groen & Verharding
BU00806102,0.26337791461393656,Groen_Verharding,entropy,Groen & Verharding
WK008062,0.0948037409948118,Groen_Verharding,entropy,Groen & Verharding
BU00806201,0.14962380094777122,Groen_Verharding,entropy,Groen & Verharding
BU00806202,0.11159677166284314,Groen_Verharding,entropy,Groen & Verharding
BU00806203,0.03495134662779422,Groen_Verharding,entropy,Groen & Verharding
BU00806204,0.18285611680996142,Groen_Verharding,entropy,Groen & Verharding
BU00806205,0.11006761453010988,Groen_Verharding,entropy,Groen & Verharding
BU00806206,0.06107036214002026,Groen_Verharding,entropy,Groen & Verharding
BU00806207,0.13662668399814226,Groen_Verharding,entropy,Groen & Verharding
BU00806208,0.02994084220025834,Groen_Verharding,entropy,Groen & Verharding
BU00806209,0.16209515248843828,Groen_Verharding,entropy,Groen & Verharding
BU00806210,0.04956010349797267,Groen_Verharding,entropy,Groen & Verharding
WK008063,0.16348875587406345,Groen_Verharding,entropy,Groen & Verharding
BU00806301,0.20058750751149212,Groen_Verharding,entropy,Groen & Verharding
BU00806302,0.05247608367688169,Groen_Verharding,entropy,Groen & Verharding
BU00806303,0.070957616711722,Groen_Verharding,entropy,Groen & Verharding
BU00806304,0.052642308447507086,Groen_Verharding,entropy,Groen & Verharding
BU00806305,0.13421486019209403,Groen_Verharding,entropy,Groen & Verharding
BU00806306,0.03883764838823063,Groen_Verharding,entropy,Groen & Verharding
BU00806307,0.06167350980823253,Groen_Verharding,entropy,Groen & Verharding
WK008070,0.189757328344488,Groen_Verharding,entropy,Groen & Verharding
BU00807001,0.2562238475076114,Groen_Verharding,entropy,Groen & Verharding
BU00807002,0.2527884712154119,Groen_Verharding,entropy,Groen & Verharding
BU00807003,0.21328801487479604,Groen_Verharding,entropy,Groen & Verharding
BU00807004,0.21648789227760715,Groen_Verharding,entropy,Groen & Verharding
WK008071,0.19331615776568262,Groen_Verharding,entropy,Groen & Verharding
BU00807101,0.21018866007321302,Groen_Verharding,entropy,Groen & Verharding
WK008072,0.15133357342211154,Groen_Verharding,entropy,Groen & Verharding
BU00807201,0.13573323456816042,Groen_Verharding,entropy,Groen & Verharding
BU00807202,0.11874688210755503,Groen_Verharding,entropy,Groen & Verharding
BU00807203,0.1773782393743162,Groen_Verharding,entropy,Groen & Verharding
WK008073,0.1308640712418456,Groen_Verharding,entropy,Groen & Verharding
BU00807301,0.17860643377258514,Groen_Verharding,entropy,Groen & Verharding
BU00807302,0.21209277501175125,Groen_Verharding,entropy,Groen & Verharding
BU00807303,0.14794012489105693,Groen_Verharding,entropy,Groen & Verharding
BU00807304,0.045178462258805674,Groen_Verharding,entropy,Groen & Verharding
BU00807305,0.19642058400559304,Groen_Verharding,entropy,Groen & Verharding
BU00807306,0.16426641844013443,Groen_Verharding,entropy,Groen & Verharding
WK008074,0.16709108095256653,Groen_Verharding,entropy,Groen & Verharding
BU00807401,0.03762596658456028,Groen_Verharding,entropy,Groen & Verharding
BU00807402,0.08971623418581387,Groen_Verharding,entropy,Groen & Verharding
BU00807403,0.16088241450266946,Groen_Verharding,entropy,Groen & Verharding
BU00807404,0.17240709445328797,Groen_Verharding,entropy,Groen & Verharding
BU00807405,0.13409611090737214,Groen_Verharding,entropy,Groen & Verharding
WK008080,0.064148808836307,Groen_Verharding,entropy,Groen & Verharding
BU00808001,0.16274563334934147,Groen_Verharding,entropy,Groen & Verharding
BU00808002,0.050180004249763314,Groen_Verharding,entropy,Groen & Verharding
BU00808003,0.05889852430752931,Groen_Verharding,entropy,Groen & Verharding
BU00808004,0.16242036873490165,Groen_Verharding,entropy,Groen & Verharding
BU00808005,0.046994140501913195,Groen_Verharding,entropy,Groen & Verharding
BU00808006,0.04107965485636709,Groen_Verharding,entropy,Groen & Verharding
BU00808007,0.17661009766779281,Groen_Verharding,entropy,Groen & Verharding
BU00808008,0.09242029145189462,Groen_Verharding,entropy,Groen & Verharding
WK008081,0.07514311278092681,Groen_Verharding,entropy,Groen & Verharding
BU00808101,0.18254888375698838,Groen_Verharding,entropy,Groen & Verharding
BU00808102,0.03963350521242327,Groen_Verharding,entropy,Groen & Verharding
BU00808103,0.19480212467592511,Groen_Verharding,entropy,Groen & Verharding
BU00808104,0.032545838112901564,Groen_Verharding,entropy,Groen & Verharding
BU00808105,0.15549854262630025,Groen_Verharding,entropy,Groen & Verharding
BU00808106,0.02291208201874787,Groen_Verharding,entropy,Groen & Verharding
BU00808107,0.03961795656028103,Groen_Verharding,entropy,Groen & Verharding
BU00808108,0.05211442530265293,Groen_Verharding,entropy,Groen & Verharding
BU00808109,0.17210513342779274,Groen_Verharding,entropy,Groen & Verharding
BU00808110,0.04380974544365964,Groen_Verharding,entropy,Groen & Verharding
BU00808111,0.15979477039548862,Groen_Verharding,entropy,Groen & Verharding
BU00808112,0.04292960265031532,Groen_Verharding,entropy,Groen & Verharding
BU00808113,0.044568342841823545,Groen_Verharding,entropy,Groen & Verharding
BU00808114,0.029048460030014385,Groen_Verharding,entropy,Groen & Verharding
BU00808115,0.04157802485178659,Groen_Verharding,entropy,Groen & Verharding
BU00808116,0.18716584722743607,Groen_Verharding,entropy,Groen & Verharding
BU00808117,0.04387214278156518,Groen_Verharding,entropy,Groen & Verharding
WK008082,0.16348875587406345,Groen_Verharding,entropy,Groen & Verharding
BU00808201,0.16806150227044186,Groen_Verharding,entropy,Groen & Verharding
BU00808202,0.035954214319940156,Groen_Verharding,entropy,Groen & Verharding
BU00808203,0.035109385788243,Groen_Verharding,entropy,Groen & Verharding
BU00808204,0.07740436235228017,Groen_Verharding,entropy,Groen & Verharding
BU00808205,0.027562386095660234,Groen_Verharding,entropy,Groen & Verharding
BU00808206,0.18982777337129003,Groen_Verharding,entropy,Groen & Verharding
BU00808207,0.05088827823437052,Groen_Verharding,entropy,Groen & Verharding
BU00808208,0.1779576622926477,Groen_Verharding,entropy,Groen & Verharding
BU00808209,0.035591057381288795,Groen_Verharding,entropy,Groen & Verharding
GM1970,0.18969810757179173,Groen_Verharding,entropy,Groen & Verharding
WK197000,0.18969810757179173,Groen_Verharding,entropy,Groen & Verharding
BU19700000,0.1903708663975258,Groen_Verharding,entropy,Groen & Verharding
BU19700001,0.14305877496335248,Groen_Verharding,entropy,Groen & Verharding
BU19700002,0.20989971472417326,Groen_Verharding,entropy,Groen & Verharding
BU19700003,0.1935191403328422,Groen_Verharding,entropy,Groen & Verharding
BU19700004,0.08968739321144137,Groen_Verharding,entropy,Groen & Verharding
BU19700005,0.22581580913755778,Groen_Verharding,entropy,Groen & Verharding
BU19700006,0.13905985183020186,Groen_Verharding,entropy,Groen & Verharding
BU19700007,0.07857551063127795,Groen_Verharding,entropy,Groen & Verharding
BU19700008,0.14530103025161809,Groen_Verharding,entropy,Groen & Verharding
BU19700009,0.16282384054675408,Groen_Verharding,entropy,Groen & Verharding
BU19700010,0.12734898091298574,Groen_Verharding,entropy,Groen & Verharding
BU19700011,0.19689670534253664,Groen_Verharding,entropy,Groen & Verharding
WK197001,0.05432115045117378,Groen_Verharding,entropy,Groen & Verharding
BU19700100,0.11225336400570207,Groen_Verharding,entropy,Groen & Verharding
BU19700101,0.03552684676919472,Groen_Verharding,entropy,Groen & Verharding
BU19700102,0.08893752306189397,Groen_Verharding,entropy,Groen & Verharding
BU19700103,0.04607237784307134,Groen_Verharding,entropy,Groen & Verharding
BU19700104,0.03735420672054247,Groen_Verharding,entropy,Groen & Verharding
BU19700105,0.0731529448250451,Groen_Verharding,entropy,Groen & Verharding
BU19700107,0.07407406915456012,Groen_Verharding,entropy,Groen & Verharding
BU19700108,0.05256773103660758,Groen_Verharding,entropy,Groen & Verharding
BU19700109,0.03166715035179284,Groen_Verharding,entropy,Groen & Verharding
WK197002,0.05262242208581301,Groen_Verharding,entropy,Groen & Verharding
BU19700200,0.10290527919403929,Groen_Verharding,entropy,Groen & Verharding
BU19700201,0.05188182843969908,Groen_Verharding,entropy,Groen & Verharding
BU19700202,0.13401876008351077,Groen_Verharding,entropy,Groen & Verharding
BU19700208,0.028446241331197285,Groen_Verharding,entropy,Groen & Verharding
BU19700209,0.039335033445417195,Groen_Verharding,entropy,Groen & Verharding
WK197003,0.06467681220236984,Groen_Verharding,entropy,Groen & Verharding
BU19700300,0.11345563905376817,Groen_Verharding,entropy,Groen & Verharding
BU19700301,0.07223523879202381,Groen_Verharding,entropy,Groen & Verharding
BU19700302,0.06860750790570319,Groen_Verharding,entropy,Groen & Verharding
BU19700303,0.15693062610528252,Groen_Verharding,entropy,Groen & Verharding
BU19700307,0.08675309521870272,Groen_Verharding,entropy,Groen & Verharding
BU19700308,0.03486574022513242,Groen_Verharding,entropy,Groen & Verharding
BU19700309,0.03275201516051492,Groen_Verharding,entropy,Groen & Verharding
WK197004,0.0568527556159097,Groen_Verharding,entropy,Groen & Verharding
BU19700400,0.16087844359732897,Groen_Verharding,entropy,Groen & Verharding
BU19700401,0.07748817121460612,Groen_Verharding,entropy,Groen & Verharding
BU19700408,0.05019050274034674,Groen_Verharding,entropy,Groen & Verharding
BU19700409,0.029012550150666717,Groen_Verharding,entropy,Groen & Verharding
WK197005,0.058388238461177654,Groen_Verharding,entropy,Groen & Verharding
BU19700500,0.16938600200495088,Groen_Verharding,entropy,Groen & Verharding
BU19700501,0.17991688893924812,Groen_Verharding,entropy,Groen & Verharding
BU19700502,0.14377017090617847,Groen_Verharding,entropy,Groen & Verharding
BU19700503,0.07926036912584382,Groen_Verharding,entropy,Groen & Verharding
BU19700506,0.04546749701840635,Groen_Verharding,entropy,Groen & Verharding
BU19700507,0.04517042984142944,Groen_Verharding,entropy,Groen & Verharding
BU19700508,0.03902466276769977,Groen_Verharding,entropy,Groen & Verharding
BU19700509,0.06559505431270231,Groen_Verharding,entropy,Groen & Verharding
WK197006,0.06467681220236986,Groen_Verharding,entropy,Groen & Verharding
BU19700600,0.17768577261131951,Groen_Verharding,entropy,Groen & Verharding
BU19700601,0.04370840649943153,Groen_Verharding,entropy,Groen & Verharding
BU19700602,0.17718258434672166,Groen_Verharding,entropy,Groen & Verharding
BU19700603,0.0361858019730123,Groen_Verharding,entropy,Groen & Verharding
BU19700604,0.022651670588719443,Groen_Verharding,entropy,Groen & Verharding
BU19700605,0.05118918834197071,Groen_Verharding,entropy,Groen & Verharding
BU19700608,0.03968217696130501,Groen_Verharding,entropy,Groen & Verharding
BU19700609,0.03814288455784673,Groen_Verharding,entropy,Groen & Verharding
WK197007,0.057499539972474735,Groen_Verharding,entropy,Groen & Verharding
BU19700700,0.1514788947748416,Groen_Verharding,entropy,Groen & Verharding
BU19700701,0.10835758102405638,Groen_Verharding,entropy,Groen & Verharding
BU19700702,0.03628714098266493,Groen_Verharding,entropy,Groen & Verharding
BU19700703,0.03581419054009366,Groen_Verharding,entropy,Groen & Verharding
BU19700708,0.04648576503485953,Groen_Verharding,entropy,Groen & Verharding
BU19700709,0.03245494734626601,Groen_Verharding,entropy,Groen & Verharding
WK197008,0.064148808836307,Groen_Verharding,entropy,Groen & Verharding
BU19700800,0.16377076592887216,Groen_Verharding,entropy,Groen & Verharding
BU19700801,0.17202041176029892,Groen_Verharding,entropy,Groen & Verharding
BU19700802,0.11228599687702459,Groen_Verharding,entropy,Groen & Verharding
BU19700803,0.027924353656503996,Groen_Verharding,entropy,Groen & Verharding
BU19700807,0.0242088213738936,Groen_Verharding,entropy,Groen & Verharding
BU19700808,0.04585508584881683,Groen_Verharding,entropy,Groen & Verharding
BU19700809,0.045445789885424796,Groen_Verharding,entropy,Groen & Verharding
WK197009,0.064148808836307,Groen_Verharding,entropy,Groen & Verharding
BU19700900,0.1892002424651304,Groen_Verharding,entropy,Groen & Verharding
BU19700909,0.03809958087960543,Groen_Verharding,entropy,Groen & Verharding
WK197010,0.05755103512708369,Groen_Verharding,entropy,Groen & Verharding
BU19701000,0.15763288471036457,Groen_Verharding,entropy,Groen & Verharding
BU19701001,0.07133414888649106,Groen_Verharding,entropy,Groen & Verharding
BU19701002,0.038900220150729276,Groen_Verharding,entropy,Groen & Verharding
BU19701003,0.041884998997727955,Groen_Verharding,entropy,Groen & Verharding
BU19701004,0.031527115811852295,Groen_Verharding,entropy,Groen & Verharding
BU19701005,0.042582912643426916,Groen_Verharding,entropy,Groen & Verharding
BU19701006,0.037893279552558994,Groen_Verharding,entropy,Groen & Verharding
BU19701008,0.037697238811883076,Groen_Verharding,entropy,Groen & Verharding
BU19701009,0.03702983477142158,Groen_Verharding,entropy,Groen & Verharding
WK197011,0.14686220172110756,Groen_Verharding,entropy,Groen & Verharding
BU19701100,0.1865114386870339,Groen_Verharding,entropy,Groen & Verharding
BU19701109,0.046438883083126874,Groen_Verharding,entropy,Groen & Verharding
WK197012,0.13002679946922516,Groen_Verharding,entropy,Groen & Verharding
BU19701200,0.06085322860984885,Groen_Verharding,entropy,Groen & Verharding
BU19701201,0.04545905201682229,Groen_Verharding,entropy,Groen & Verharding
BU19701202,0.05148684200116616,Groen_Verharding,entropy,Groen & Verharding
BU19701203,0.07078127161828449,Groen_Verharding,entropy,Groen & Verharding
BU19701204,0.035379278407414616,Groen_Verharding,entropy,Groen & Verharding
BU19701206,0.04934438576666683,Groen_Verharding,entropy,Groen & Verharding
BU19701207,0.06074285026767111,Groen_Verharding,entropy,Groen & Verharding
BU19701208,0.029465964148415985,Groen_Verharding,entropy,Groen & Verharding
BU19701209,0.25930374229994246,Groen_Verharding,entropy,Groen & Verharding
WK197013,0.05732970396899377,Groen_Verharding,entropy,Groen & Verharding
BU19701300,0.07812665914463937,Groen_Verharding,entropy,Groen & Verharding
BU19701301,0.06113006905122052,Groen_Verharding,entropy,Groen & Verharding
BU19701302,0.11880801684811002,Groen_Verharding,entropy,Groen & Verharding
BU19701308,0.04732433256617362,Groen_Verharding,entropy,Groen & Verharding
BU19701309,0.055749886060134715,Groen_Verharding,entropy,Groen & Verharding
WK197014,0.0948037409948118,Groen_Verharding,entropy,Groen & Verharding
BU19701400,0.09808408597788815,Groen_Verharding,entropy,Groen & Verharding
BU19701401,0.18769898712852773,Groen_Verharding,entropy,Groen & Verharding
BU19701402,0.07009867989441103,Groen_Verharding,entropy,Groen & Verharding
BU19701409,0.03531412755175565,Groen_Verharding,entropy,Groen & Verharding
GM0085,0.18969810757179173,Groen_Verharding,entropy,Groen & Verharding
WK008501,0.09864059388987911,Groen_Verharding,entropy,Groen & Verharding
BU00850101,0.17075860678799407,Groen_Verharding,entropy,Groen & Verharding
BU00850102,0.15115345565481306,Groen_Verharding,entropy,Groen & Verharding
BU00850103,0.07342467874662022,Groen_Verharding,entropy,Groen & Verharding
BU00850104,0.18135406041267066,Groen_Verharding,entropy,Groen & Verharding
BU00850105,0.18657728587218889,Groen_Verharding,entropy,Groen & Verharding
BU00850106,0.09957638355626762,Groen_Verharding,entropy,Groen & Verharding
BU00850107,0.21608544638235105,Groen_Verharding,entropy,Groen & Verharding
BU00850108,0.12467911630236583,Groen_Verharding,entropy,Groen & Verharding
BU00850109,0.1568522612312521,Groen_Verharding,entropy,Groen & Verharding
BU00850110,0.22980178203853996,Groen_Verharding,entropy,Groen & Verharding
BU00850111,0.10852313589326637,Groen_Verharding,entropy,Groen & Verharding
WK008502,0.05732970396899377,Groen_Verharding,entropy,Groen & Verharding
BU00850201,0.18186842385481267,Groen_Verharding,entropy,Groen & Verharding
BU00850202,0.21488314681786413,Groen_Verharding,entropy,Groen & Verharding
BU00850203,0.07152613470331547,Groen_Verharding,entropy,Groen & Verharding
WK008503,0.04715667362988962,Groen_Verharding,entropy,Groen & Verharding
BU00850301,0.15639670567952843,Groen_Verharding,entropy,Groen & Verharding
BU00850302,0.06586235799621493,Groen_Verharding,entropy,Groen & Verharding
WK008504,0.08316190308764242,Groen_Verharding,entropy,Groen & Verharding
BU00850401,0.1687665032321967,Groen_Verharding,entropy,Groen & Verharding
BU00850402,0.12618988626802063,Groen_Verharding,entropy,Groen & Verharding
WK008505,0.048998944490612095,Groen_Verharding,entropy,Groen & Verharding
BU00850501,0.08069372183831139,Groen_Verharding,entropy,Groen & Verharding
BU00850502,0.044381055379604205,Groen_Verharding,entropy,Groen & Verharding
WK008506,0.0948037409948118,Groen_Verharding,entropy,Groen & Verharding
BU00850601,0.11461545307744148,Groen_Verharding,entropy,Groen & Verharding
BU00850602,0.1087213660549636,Groen_Verharding,entropy,Groen & Verharding
BU00850603,0.12721497644540458,Groen_Verharding,entropy,Groen & Verharding
BU00850604,0.0994753835623979,Groen_Verharding,entropy,Groen & Verharding
BU00850605,0.10298780280303939,Groen_Verharding,entropy,Groen & Verharding
BU00850606,0.12129112750423815,Groen_Verharding,entropy,Groen & Verharding
BU00850607,0.13980185939404416,Groen_Verharding,entropy,Groen & Verharding
BU00850608,0.0479120312821296,Groen_Verharding,entropy,Groen & Verharding
WK008507,0.04475953360900111,Groen_Verharding,entropy,Groen & Verharding
BU00850701,0.09803482961306527,Groen_Verharding,entropy,Groen & Verharding
BU00850702,0.047198879910648195,Groen_Verharding,entropy,Groen & Verharding
WK008508,0.049088900556766006,Groen_Verharding,entropy,Groen & Verharding
BU00850801,0.18621020958927406,Groen_Verharding,entropy,Groen & Verharding
BU00850802,0.06756106643627716,Groen_Verharding,entropy,Groen & Verharding
WK008509,0.046478423067905186,Groen_Verharding,entropy,Groen & Verharding
BU00850901,0.13035298268240417,Groen_Verharding,entropy,Groen & Verharding
BU00850902,0.07596003685672152,Groen_Verharding,entropy,Groen & Verharding
WK008510,0.0533925339976572,Groen_Verharding,entropy,Groen & Verharding
BU00851001,0.18177299024389074,Groen_Verharding,entropy,Groen & Verharding
BU00851002,0.15914872610711586,Groen_Verharding,entropy,Groen & Verharding
BU00851003,0.07812761242672822,Groen_Verharding,entropy,Groen & Verharding
WK008511,0.18969810757179173,Groen_Verharding,entropy,Groen & Verharding
BU00851101,0.22112636597883112,Groen_Verharding,entropy,Groen & Verharding
BU00851102,0.20852967092772096,Groen_Verharding,entropy,Groen & Verharding
BU00851103,0.2363323533458163,Groen_Verharding,entropy,Groen & Verharding
BU00851104,0.20607414116467,Groen_Verharding,entropy,Groen & Verharding
BU00851105,0.189771219194518,Groen_Verharding,entropy,Groen & Verharding
BU00851106,0.21717048993364388,Groen_Verharding,entropy,Groen & Verharding
BU00851107,0.1776141443116438,Groen_Verharding,entropy,Groen & Verharding
BU00851108,0.23417591426954162,Groen_Verharding,entropy,Groen & Verharding
BU00851109,0.21969868319851552,Groen_Verharding,entropy,Groen & Verharding
BU00851110,0.20023786202129878,Groen_Verharding,entropy,Groen & Verharding
BU00851111,0.19472217708006376,Groen_Verharding,entropy,Groen & Verharding
BU00851112,0.2350672673692654,Groen_Verharding,entropy,Groen & Verharding
BU00851113,0.24533786801262059,Groen_Verharding,entropy,Groen & Verharding
BU00851114,0.23366843909756976,Groen_Verharding,entropy,Groen & Verharding
BU00851115,0.21689193251774824,Groen_Verharding,entropy,Groen & Verharding
BU00851116,0.23287840937294266,Groen_Verharding,entropy,Groen & Verharding
BU00851117,0.2051277636849983,Groen_Verharding,entropy,Groen & Verharding
BU00851118,0.06294534012659361,Groen_Verharding,entropy,Groen & Verharding
WK008512,0.03975833807102795,Groen_Verharding,entropy,Groen & Verharding
BU00851201,0.08030926764254322,Groen_Verharding,entropy,Groen & Verharding
BU00851202,0.16011322972919445,Groen_Verharding,entropy,Groen & Verharding
WK008513,0.05723032193149135,Groen_Verharding,entropy,Groen & Verharding
BU00851301,0.13296519354631173,Groen_Verharding,entropy,Groen & Verharding
BU00851302,0.03975054965983329,Groen_Verharding,entropy,Groen & Verharding
GM0086,0.18969810757179173,Groen_Verharding,entropy,Groen & Verharding
WK008601,0.0620587121647695,Groen_Verharding,entropy,Groen & Verharding
BU00860101,0.10460244908840262,Groen_Verharding,entropy,Groen & Verharding
BU00860102,0.1316436668958383,Groen_Verharding,entropy,Groen & Verharding
BU00860103,0.09463508388220396,Groen_Verharding,entropy,Groen & Verharding
WK008602,0.10387343861531403,Groen_Verharding,entropy,Groen & Verharding
BU00860201,0.20234861502738946,Groen_Verharding,entropy,Groen & Verharding
BU00860202,0.21916484038085923,Groen_Verharding,entropy,Groen & Verharding
BU00860203,0.22323560245339427,Groen_Verharding,entropy,Groen & Verharding
BU00860204,0.1596474637610343,Groen_Verharding,entropy,Groen & Verharding
BU00860205,0.21587324752885337,Groen_Verharding,entropy,Groen & Verharding
BU00860206,0.23122152712555263,Groen_Verharding,entropy,Groen & Verharding
BU00860207,0.21798801376875473,Groen_Verharding,entropy,Groen & Verharding
BU00860208,0.12035604393635926,Groen_Verharding,entropy,Groen & Verharding
BU00860209,0.13110441997766162,Groen_Verharding,entropy,Groen & Verharding
WK008604,0.05986762460653942,Groen_Verharding,entropy,Groen & Verharding
BU00860401,0.19132536335257472,Groen_Verharding,entropy,Groen & Verharding
BU00860402,0.03070931138348223,Groen_Verharding,entropy,Groen & Verharding
WK008605,0.1635479766467597,Groen_Verharding,entropy,Groen & Verharding
BU00860501,0.22513442522892743,Groen_Verharding,entropy,Groen & Verharding
BU00860502,0.205085943250998,Groen_Verharding,entropy,Groen & Verharding
BU00860503,0.2311906276154799,Groen_Verharding,entropy,Groen & Verharding
BU00860504,0.21656726318489322,Groen_Verharding,entropy,Groen & Verharding
BU00860505,0.20410511014627905,Groen_Verharding,entropy,Groen & Verharding
BU00860506,0.23917523303925972,Groen_Verharding,entropy,Groen & Verharding
BU00860507,0.21382198721129383,Groen_Verharding,entropy,Groen & Verharding
BU00860508,0.038373130576220695,Groen_Verharding,entropy,Groen & Verharding
WK008606,0.05692930099478921,Groen_Verharding,entropy,Groen & Verharding
BU00860601,0.16838467990548145,Groen_Verharding,entropy,Groen & Verharding
BU00860602,0.06905123109978005,Groen_Verharding,entropy,Groen & Verharding
WK008607,0.04454538362159123,Groen_Verharding,entropy,Groen & Verharding
BU00860701,0.18498622197627498,Groen_Verharding,entropy,Groen & Verharding
BU00860702,0.040475673636337424,Groen_Verharding,entropy,Groen & Verharding
WK008608,0.054172881225260046,Groen_Verharding,entropy,Groen & Verharding
BU00860801,0.16474819352356582,Groen_Verharding,entropy,Groen & Verharding
BU00860802,0.04613548733152416,Groen_Verharding,entropy,Groen & Verharding
WK008609,0.053377217245769,Groen_Verharding,entropy,Groen & Verharding
BU00860901,0.17404927532208347,Groen_Verharding,entropy,Groen & Verharding
BU00860902,0.06489053250461208,Groen_Verharding,entropy,Groen & Verharding
WK008610,0.049865877506726566,Groen_Verharding,entropy,Groen & Verharding
BU00861001,0.18854358413003813,Groen_Verharding,entropy,Groen & Verharding
BU00861002,0.050614660108593654,Groen_Verharding,entropy,Groen & Verharding
WK008611,0.0533925339976572,Groen_Verharding,entropy,Groen & Verharding
BU00861101,0.1693691848094331,Groen_Verharding,entropy,Groen & Verharding
BU00861102,0.05099457486504436,Groen_Verharding,entropy,Groen & Verharding
WK008613,0.06244508302979164,Groen_Verharding,entropy,Groen & Verharding
BU00861301,0.1055952388108409,Groen_Verharding,entropy,Groen & Verharding
BU00861302,0.030620077254454096,Groen_Verharding,entropy,Groen & Verharding
WK008614,0.05467250688884923,Groen_Verharding,entropy,Groen & Verharding
BU00861401,0.13910633726940022,Groen_Verharding,entropy,Groen & Verharding
BU00861402,0.06509798090655274,Groen_Verharding,entropy,Groen & Verharding
WK008615,0.06378494134001571,Groen_Verharding,entropy,Groen & Verharding
BU00861501,0.20318622838491385,Groen_Verharding,entropy,Groen & Verharding
BU00861502,0.057972063389824,Groen_Verharding,entropy,Groen & Verharding
WK008616,0.12025015759541934,Groen_Verharding,entropy,Groen & Verharding
BU00861601,0.22760972424460466,Groen_Verharding,entropy,Groen & Verharding
BU00861602,0.18754307856962457,Groen_Verharding,entropy,Groen & Verharding
BU00861603,0.21496595486090947,Groen_Verharding,entropy,Groen & Verharding
BU00861604,0.2277346544487157,Groen_Verharding,entropy,Groen & Verharding
BU00861605,0.21147984530752584,Groen_Verharding,entropy,Groen & Verharding
BU00861606,0.21576253346110671,Groen_Verharding,entropy,Groen & Verharding
BU00861607,0.05522873190048257,Groen_Verharding,entropy,Groen & Verharding
WK008617,0.06467681220236986,Groen_Verharding,entropy,Groen & Verharding
BU00861701,0.1697121002510771,Groen_Verharding,entropy,Groen & Verharding
BU00861702,0.16538045752783573,Groen_Verharding,entropy,Groen & Verharding
BU00861703,0.06440060869003177,Groen_Verharding,entropy,Groen & Verharding
GM0088,0.13096716758375002,Groen_Verharding,entropy,Groen & Verharding
WK008800,0.15962345629761363,Groen_Verharding,entropy,Groen & Verharding
BU00880000,0.15760684073594255,Groen_Verharding,entropy,Groen & Verharding
BU00880009,0.3974307035253212,Groen_Verharding,entropy,Groen & Verharding
GM0090,0.18969810757179173,Groen_Verharding,entropy,Groen & Verharding
WK009001,0.21778244873435754,Groen_Verharding,entropy,Groen & Verharding
BU00900101,0.22868270635711033,Groen_Verharding,entropy,Groen & Verharding
WK009002,0.16694431074104057,Groen_Verharding,entropy,Groen & Verharding
BU00900201,0.16239187641928365,Groen_Verharding,entropy,Groen & Verharding
BU00900202,0.23991314329151608,Groen_Verharding,entropy,Groen & Verharding
BU00900203,0.2056959775268491,Groen_Verharding,entropy,Groen & Verharding
BU00900204,0.24902484125441413,Groen_Verharding,entropy,Groen & Verharding
BU00900205,0.24895708190244306,Groen_Verharding,entropy,Groen & Verharding
BU00900206,0.2221264377932768,Groen_Verharding,entropy,Groen & Verharding
WK009003,0.18532811340940386,Groen_Verharding,entropy,Groen & Verharding
BU00900301,0.23931560646724936,Groen_Verharding,entropy,Groen & Verharding
BU00900302,0.2580624207022829,Groen_Verharding,entropy,Groen & Verharding
BU00900303,0.2339599315734188,Groen_Verharding,entropy,Groen & Verharding
BU00900304,0.20987264957660598,Groen_Verharding,entropy,Groen & Verharding
WK009004,0.17831643859883992,Groen_Verharding,entropy,Groen & Verharding
BU00900401,0.1751762466011115,Groen_Verharding,entropy,Groen & Verharding
BU00900402,0.20827042302637533,Groen_Verharding,entropy,Groen & Verharding
BU00900403,0.2553714590004419,Groen_Verharding,entropy,Groen & Verharding
BU00900404,0.2583872694952147,Groen_Verharding,entropy,Groen & Verharding
BU00900405,0.2532226361332656,Groen_Verharding,entropy,Groen & Verharding
BU00900406,0.2519934167301066,Groen_Verharding,entropy,Groen & Verharding
WK009005,0.23425207589823996,Groen_Verharding,entropy,Groen & Verharding
BU00900501,0.23659210913179163,Groen_Verharding,entropy,Groen & Verharding
BU00900502,0.23829373036941598,Groen_Verharding,entropy,Groen & Verharding
WK009006,0.23201681558229093,Groen_Verharding,entropy,Groen & Verharding
BU00900601,0.25378461955540804,Groen_Verharding,entropy,Groen & Verharding
BU00900602,0.2528537782008085,Groen_Verharding,entropy,Groen & Verharding
BU00900603,0.2153769356511252,Groen_Verharding,entropy,Groen & Verharding
WK009007,0.15133357342211154,Groen_Verharding,entropy,Groen & Verharding
BU00900701,0.1606426487614082,Groen_Verharding,entropy,Groen & Verharding
BU00900702,0.12357277605399455,Groen_Verharding,entropy,Groen & Verharding
BU00900703,0.14336235258566693,Groen_Verharding,entropy,Groen & Verharding
BU00900704,0.14184299115103874,Groen_Verharding,entropy,Groen & Verharding
BU00900705,0.10721024454587005,Groen_Verharding,entropy,Groen & Verharding
BU00900706,0.08807007688221859,Groen_Verharding,entropy,Groen & Verharding
WK009008,0.1729251432612558,Groen_Verharding,entropy,Groen & Verharding
BU00900801,0.23066832102483345,Groen_Verharding,entropy,Groen & Verharding
BU00900802,0.22062697812235424,Groen_Verharding,entropy,Groen & Verharding
BU00900803,0.17436131780466874,Groen_Verharding,entropy,Groen & Verharding
WK009009,0.23711033152085598,Groen_Verharding,entropy,Groen & Verharding
BU00900901,0.23572875448383174,Groen_Verharding,entropy,Groen & Verharding
BU00900902,0.22675183282298664,Groen_Verharding,entropy,Groen & Verharding
BU00900903,0.2550306127710811,Groen_Verharding,entropy,Groen & Verharding
BU00900904,0.22360029709531415,Groen_Verharding,entropy,Groen & Verharding
WK009010,0.2398124382777301,Groen_Verharding,entropy,Groen & Verharding
BU00901001,0.15062324683842873,Groen_Verharding,entropy,Groen & Verharding
BU00901002,0.22906603126510183,Groen_Verharding,entropy,Groen & Verharding
BU00901003,0.246104144708258,Groen_Verharding,entropy,Groen & Verharding
BU00901004,0.22943431728737684,Groen_Verharding,entropy,Groen & Verharding
WK009011,0.18352316156344375,Groen_Verharding,entropy,Groen & Verharding
BU00901101,0.19917503767544234,Groen_Verharding,entropy,Groen & Verharding
WK009012,0.08669505561703494,Groen_Verharding,entropy,Groen & Verharding
BU00901201,0.13869851919185244,Groen_Verharding,entropy,Groen & Verharding
BU00901202,0.0885947416315713,Groen_Verharding,entropy,Groen & Verharding
WK009013,0.2044796677472306,Groen_Verharding,entropy,Groen & Verharding
BU00901301,0.24875617187664484,Groen_Verharding,entropy,Groen & Verharding
BU00901302,0.2256780055084909,Groen_Verharding,entropy,Groen & Verharding
BU00901303,0.21276397042380632,Groen_Verharding,entropy,Groen & Verharding
WK009021,0.09632283253209976,Groen_Verharding,entropy,Groen & Verharding
BU00902104,0.04132314568922316,Groen_Verharding,entropy,Groen & Verharding
BU00902105,0.044542972094715354,Groen_Verharding,entropy,Groen & Verharding
BU00902109,0.05680558698205311,Groen_Verharding,entropy,Groen & Verharding
BU00902110,0.05355161617016743,Groen_Verharding,entropy,Groen & Verharding
BU00902114,0.06494651433970144,Groen_Verharding,entropy,Groen & Verharding
WK009022,0.064148808836307,Groen_Verharding,entropy,Groen & Verharding
BU00902201,0.052600987806835905,Groen_Verharding,entropy,Groen & Verharding
BU00902202,0.07037119796908504,Groen_Verharding,entropy,Groen & Verharding
BU00902203,0.21473954814053,Groen_Verharding,entropy,Groen & Verharding
BU00902206,0.06329395289958215,Groen_Verharding,entropy,Groen & Verharding
BU00902212,0.04413324190692888,Groen_Verharding,entropy,Groen & Verharding
BU00902213,0.046851739314722925,Groen_Verharding,entropy,Groen & Verharding
BU00902215,0.044870235629383415,Groen_Verharding,entropy,Groen & Verharding
BU00902216,0.07608808806960403,Groen_Verharding,entropy,Groen & Verharding
WK009023,0.0948037409948118,Groen_Verharding,entropy,Groen & Verharding
BU00902307,0.0436081030428993,Groen_Verharding,entropy,Groen & Verharding
BU00902308,0.042121974573313556,Groen_Verharding,entropy,Groen & Verharding
BU00902311,0.05218638019687319,Groen_Verharding,entropy,Groen & Verharding
GM1900,0.18969810757179173,Groen_Verharding,entropy,Groen & Verharding
WK190000,0.18969810757179173,Groen_Verharding,entropy,Groen & Verharding
BU19000000,0.2085631941931831,Groen_Verharding,entropy,Groen & Verharding
BU19000001,0.20441349569093722,Groen_Verharding,entropy,Groen & Verharding
BU19000002,0.23470174648446174,Groen_Verharding,entropy,Groen & Verharding
BU19000003,0.20724776755383553,Groen_Verharding,entropy,Groen & Verharding
BU19000004,0.2211714202266037,Groen_Verharding,entropy,Groen & Verharding
BU19000009,0.08879398872470619,Groen_Verharding,entropy,Groen & Verharding
WK190001,0.18969810757179173,Groen_Verharding,entropy,Groen & Verharding
BU19000101,0.18602621863378976,Groen_Verharding,entropy,Groen & Verharding
BU19000102,0.2306991111176363,Groen_Verharding,entropy,Groen & Verharding
BU19000103,0.19636530992687823,Groen_Verharding,entropy,Groen & Verharding
BU19000104,0.23148098651871488,Groen_Verharding,entropy,Groen & Verharding
BU19000105,0.18403062758608732,Groen_Verharding,entropy,Groen & Verharding
BU19000106,0.24768169427104472,Groen_Verharding,entropy,Groen & Verharding
BU19000107,0.2524162905869696,Groen_Verharding,entropy,Groen & Verharding
BU19000108,0.2166561131114668,Groen_Verharding,entropy,Groen & Verharding
BU19000109,0.22479259748635377,Groen_Verharding,entropy,Groen & Verharding
BU19000110,0.23726693657275022,Groen_Verharding,entropy,Groen & Verharding
BU19000111,0.20879994559096468,Groen_Verharding,entropy,Groen & Verharding
BU19000112,0.24159994939599674,Groen_Verharding,entropy,Groen & Verharding
BU19000113,0.1538489591135458,Groen_Verharding,entropy,Groen & Verharding
BU19000114,0.25641360337207597,Groen_Verharding,entropy,Groen & Verharding
BU19000115,0.25010533308468497,Groen_Verharding,entropy,Groen & Verharding
BU19000116,0.17601452020619657,Groen_Verharding,entropy,Groen & Verharding
BU19000117,0.13963999693133614,Groen_Verharding,entropy,Groen & Verharding
BU19000118,0.06386564163231408,Groen_Verharding,entropy,Groen & Verharding
BU19000119,0.07136920853993167,Groen_Verharding,entropy,Groen & Verharding
BU19000120,0.09929669464212852,Groen_Verharding,entropy,Groen & Verharding
WK190002,0.14686220172110753,Groen_Verharding,entropy,Groen & Verharding
BU19000200,0.17789746263785255,Groen_Verharding,entropy,Groen & Verharding
BU19000201,0.04668313704749602,Groen_Verharding,entropy,Groen & Verharding
BU19000202,0.1898250679079693,Groen_Verharding,entropy,Groen & Verharding
BU19000208,0.0506354187703522,Groen_Verharding,entropy,Groen & Verharding
BU19000209,0.08366308807387662,Groen_Verharding,entropy,Groen & Verharding
WK190003,0.0751431127809268,Groen_Verharding,entropy,Groen & Verharding
BU19000300,0.12998555267493095,Groen_Verharding,entropy,Groen & Verharding
BU19000301,0.04638180893052534,Groen_Verharding,entropy,Groen & Verharding
BU19000302,0.11072849346272093,Groen_Verharding,entropy,Groen & Verharding
BU19000308,0.07078803508479126,Groen_Verharding,entropy,Groen & Verharding
BU19000309,0.04787003900513018,Groen_Verharding,entropy,Groen & Verharding
WK190004,0.056775194261357756,Groen_Verharding,entropy,Groen & Verharding
BU19000400,0.10993159241076648,Groen_Verharding,entropy,Groen & Verharding
BU19000401,0.049624092909936024,Groen_Verharding,entropy,Groen & Verharding
BU19000402,0.04128518456854728,Groen_Verharding,entropy,Groen & Verharding
BU19000403,0.2305366080730175,Groen_Verharding,entropy,Groen & Verharding
BU19000408,0.07627848185403888,Groen_Verharding,entropy,Groen & Verharding
BU19000409,0.09412960064224175,Groen_Verharding,entropy,Groen & Verharding
WK190005,0.10869657065751757,Groen_Verharding,entropy,Groen & Verharding
BU19000500,0.12933520430444972,Groen_Verharding,entropy,Groen & Verharding
BU19000501,0.21170277328905315,Groen_Verharding,entropy,Groen & Verharding
BU19000502,0.2379060262246022,Groen_Verharding,entropy,Groen & Verharding
BU19000503,0.047404982499985635,Groen_Verharding,entropy,Groen & Verharding
WK190006,0.064148808836307,Groen_Verharding,entropy,Groen & Verharding
BU19000600,0.1979380403734371,Groen_Verharding,entropy,Groen & Verharding
BU19000602,0.11631028443629587,Groen_Verharding,entropy,Groen & Verharding
BU19000603,0.12247663127851588,Groen_Verharding,entropy,Groen & Verharding
BU19000607,0.07501074006606717,Groen_Verharding,entropy,Groen & Verharding
BU19000608,0.048656099209849805,Groen_Verharding,entropy,Groen & Verharding
BU19000609,0.05871659995894246,Groen_Verharding,entropy,Groen & Verharding
WK190007,0.06577364396546936,Groen_Verharding,entropy,Groen & Verharding
BU19000700,0.17014309298137445,Groen_Verharding,entropy,Groen & Verharding
BU19000701,0.11379838530894167,Groen_Verharding,entropy,Groen & Verharding
BU19000702,0.11919911769594126,Groen_Verharding,entropy,Groen & Verharding
BU19000706,0.042476669091540895,Groen_Verharding,entropy,Groen & Verharding
BU19000707,0.037230760627531834,Groen_Verharding,entropy,Groen & Verharding
BU19000708,0.0270024046953133,Groen_Verharding,entropy,Groen & Verharding
WK190008,0.06253376968571611,Groen_Verharding,entropy,Groen & Verharding
BU19000800,0.124191499133642,Groen_Verharding,entropy,Groen & Verharding
BU19000801,0.13812156770884515,Groen_Verharding,entropy,Groen & Verharding
BU19000802,0.04023934862087378,Groen_Verharding,entropy,Groen & Verharding
BU19000804,0.07255954298428983,Groen_Verharding,entropy,Groen & Verharding
BU19000808,0.056646654576172045,Groen_Verharding,entropy,Groen & Verharding
BU19000809,0.047496781897771276,Groen_Verharding,entropy,Groen & Verharding
WK190009,0.06467681220236986,Groen_Verharding,entropy,Groen & Verharding
BU19000900,0.10598649420551018,Groen_Verharding,entropy,Groen & Verharding
BU19000901,0.05770936647309435,Groen_Verharding,entropy,Groen & Verharding
BU19000902,0.046605631862447684,Groen_Verharding,entropy,Groen & Verharding
BU19000903,0.0853495143513315,Groen_Verharding,entropy,Groen & Verharding
BU19000904,0.07662662946903974,Groen_Verharding,entropy,Groen & Verharding
BU19000905,0.05822348189189688,Groen_Verharding,entropy,Groen & Verharding
BU19000906,0.032540507977302235,Groen_Verharding,entropy,Groen & Verharding
BU19000907,0.04320556052971414,Groen_Verharding,entropy,Groen & Verharding
BU19000908,0.05366550074724311,Groen_Verharding,entropy,Groen & Verharding
BU19000909,0.03843364509982427,Groen_Verharding,entropy,Groen & Verharding
WK190010,0.0533925339976572,Groen_Verharding,entropy,Groen & Verharding
BU19001000,0.09630003647131616,Groen_Verharding,entropy,Groen & Verharding
BU19001001,0.13080388127117132,Groen_Verharding,entropy,Groen & Verharding
BU19001002,0.04234542641055978,Groen_Verharding,entropy,Groen & Verharding
BU19001003,0.0405951704126285,Groen_Verharding,entropy,Groen & Verharding
BU19001007,0.03813770878224939,Groen_Verharding,entropy,Groen & Verharding
BU19001008,0.05826605538466645,Groen_Verharding,entropy,Groen & Verharding
WK190011,0.05741304372817417,Groen_Verharding,entropy,Groen & Verharding
BU19001100,0.17366885437228374,Groen_Verharding,entropy,Groen & Verharding
BU19001101,0.1300716309192133,Groen_Verharding,entropy,Groen & Verharding
BU19001108,0.06968803227804268,Groen_Verharding,entropy,Groen & Verharding
BU19001109,0.07848635733290876,Groen_Verharding,entropy,Groen & Verharding
WK190012,0.05755103512708369,Groen_Verharding,entropy,Groen & Verharding
BU19001200,0.17073070133860208,Groen_Verharding,entropy,Groen & Verharding
BU19001201,0.04740844195965392,Groen_Verharding,entropy,Groen & Verharding
BU19001202,0.04290033052360965,Groen_Verharding,entropy,Groen & Verharding
BU19001203,0.03916575684702879,Groen_Verharding,entropy,Groen & Verharding
BU19001204,0.055332955093786,Groen_Verharding,entropy,Groen & Verharding
BU19001208,0.03513803748996078,Groen_Verharding,entropy,Groen & Verharding
BU19001209,0.04121495355839812,Groen_Verharding,entropy,Groen & Verharding
WK190013,0.064148808836307,Groen_Verharding,entropy,Groen & Verharding
BU19001300,0.14704514608114294,Groen_Verharding,entropy,Groen & Verharding
BU19001301,0.13830327765626227,Groen_Verharding,entropy,Groen & Verharding
BU19001302,0.10672227564795067,Groen_Verharding,entropy,Groen & Verharding
BU19001303,0.10287869318633533,Groen_Verharding,entropy,Groen & Verharding
BU19001306,0.06220433130348288,Groen_Verharding,entropy,Groen & Verharding
BU19001307,0.05062034200563734,Groen_Verharding,entropy,Groen & Verharding
BU19001308,0.05254089444616682,Groen_Verharding,entropy,Groen & Verharding
BU19001309,0.0451568519890321,Groen_Verharding,entropy,Groen & Verharding
WK190014,0.06655555699365508,Groen_Verharding,entropy,Groen & Verharding
BU19001400,0.09766161468338408,Groen_Verharding,entropy,Groen & Verharding
BU19001401,0.09975538836923503,Groen_Verharding,entropy,Groen & Verharding
BU19001402,0.03901372277003052,Groen_Verharding,entropy,Groen & Verharding
BU19001403,0.056868570003605706,Groen_Verharding,entropy,Groen & Verharding
BU19001404,0.08932228246726345,Groen_Verharding,entropy,Groen & Verharding
BU19001405,0.03980754958885933,Groen_Verharding,entropy,Groen & Verharding
BU19001406,0.042012498139975075,Groen_Verharding,entropy,Groen & Verharding
BU19001407,0.03889259580167707,Groen_Verharding,entropy,Groen & Verharding
BU19001408,0.06332781235150257,Groen_Verharding,entropy,Groen & Verharding
BU19001409,0.04608899194758451,Groen_Verharding,entropy,Groen & Verharding
WK190015,0.054795558283027,Groen_Verharding,entropy,Groen & Verharding
BU19001500,0.1384668704931284,Groen_Verharding,entropy,Groen & Verharding
BU19001501,0.05314408239280055,Groen_Verharding,entropy,Groen & Verharding
BU19001502,0.04796690920781915,Groen_Verharding,entropy,Groen & Verharding
BU19001503,0.31353631317550745,Groen_Verharding,entropy,Groen & Verharding
BU19001509,0.15205409990608085,Groen_Verharding,entropy,Groen & Verharding
WK190016,0.06467681220236986,Groen_Verharding,entropy,Groen & Verharding
BU19001600,0.10393050149091757,Groen_Verharding,entropy,Groen & Verharding
BU19001601,0.03622230993319876,Groen_Verharding,entropy,Groen & Verharding
BU19001602,0.0411296219364987,Groen_Verharding,entropy,Groen & Verharding
BU19001603,0.11612519279683933,Groen_Verharding,entropy,Groen & Verharding
BU19001604,0.15687355198840633,Groen_Verharding,entropy,Groen & Verharding
BU19001606,0.05106879792196067,Groen_Verharding,entropy,Groen & Verharding
BU19001607,0.041682803593891996,Groen_Verharding,entropy,Groen & Verharding
BU19001608,0.04167693478241785,Groen_Verharding,entropy,Groen & Verharding
WK190017,0.10869657065751757,Groen_Verharding,entropy,Groen & Verharding
BU19001700,0.205091104256861,Groen_Verharding,entropy,Groen & Verharding
BU19001709,0.04700440617621839,Groen_Verharding,entropy,Groen & Verharding
WK190018,0.05849156533079234,Groen_Verharding,entropy,Groen & Verharding
BU19001800,0.1361321694065974,Groen_Verharding,entropy,Groen & Verharding
BU19001801,0.044273451507895835,Groen_Verharding,entropy,Groen & Verharding
BU19001802,0.0671698180240644,Groen_Verharding,entropy,Groen & Verharding
BU19001803,0.09150883871387856,Groen_Verharding,entropy,Groen & Verharding
BU19001804,0.10263488154263968,Groen_Verharding,entropy,Groen & Verharding
BU19001808,0.038142842439449674,Groen_Verharding,entropy,Groen & Verharding
BU19001809,0.061866363779429195,Groen_Verharding,entropy,Groen & Verharding
WK190019,0.05262242208581301,Groen_Verharding,entropy,Groen & Verharding
BU19001900,0.06327615254407781,Groen_Verharding,entropy,Groen & Verharding
BU19001901,0.042352557986860086,Groen_Verharding,entropy,Groen & Verharding
BU19001902,0.07266853664202517,Groen_Verharding,entropy,Groen & Verharding
BU19001903,0.04829545422843862,Groen_Verharding,entropy,Groen & Verharding
BU19001904,0.04851033035392537,Groen_Verharding,entropy,Groen & Verharding
WK190020,0.09864059388987911,Groen_Verharding,entropy,Groen & Verharding
BU19002001,0.16961595631532342,Groen_Verharding,entropy,Groen & Verharding
BU19002002,0.1404067207134866,Groen_Verharding,entropy,Groen & Verharding
BU19002003,0.039700850939517175,Groen_Verharding,entropy,Groen & Verharding
BU19002004,0.04772733165422603,Groen_Verharding,entropy,Groen & Verharding
BU19002005,0.03385021962614953,Groen_Verharding,entropy,Groen & Verharding
BU19002006,0.037880246627804155,Groen_Verharding,entropy,Groen & Verharding
BU19002007,0.04330086208694383,Groen_Verharding,entropy,Groen & Verharding
BU19002008,0.03761862787966077,Groen_Verharding,entropy,Groen & Verharding
BU19002009,0.036487650654584786,Groen_Verharding,entropy,Groen & Verharding
BU19002010,0.03480790169616367,Groen_Verharding,entropy,Groen & Verharding
BU19002011,0.03986600055494915,Groen_Verharding,entropy,Groen & Verharding
BU19002012,0.07964105817359832,Groen_Verharding,entropy,Groen & Verharding
BU19002013,0.04143242079523715,Groen_Verharding,entropy,Groen & Verharding
BU19002014,0.04368395423313896,Groen_Verharding,entropy,Groen & Verharding
BU19002015,0.04655765556130902,Groen_Verharding,entropy,Groen & Verharding
BU19002016,0.051724376951418564,Groen_Verharding,entropy,Groen & Verharding
BU19002017,0.07822882249898742,Groen_Verharding,entropy,Groen & Verharding
BU19002018,0.04506232144337322,Groen_Verharding,entropy,Groen & Verharding
BU19002019,0.040107240439060464,Groen_Verharding,entropy,Groen & Verharding
GM0093,0.05981702055026599,Groen_Verharding,entropy,Groen & Verharding
WK009300,0.064148808836307,Groen_Verharding,entropy,Groen & Verharding
BU00930000,0.19712087168309766,Groen_Verharding,entropy,Groen & Verharding
BU00930002,0.4171833017753377,Groen_Verharding,entropy,Groen & Verharding
WK009301,0.06379199299783096,Groen_Verharding,entropy,Groen & Verharding
BU00930110,0.18731487059262705,Groen_Verharding,entropy,Groen & Verharding
BU00930111,0.07733057230494561,Groen_Verharding,entropy,Groen & Verharding
BU00930112,0.3190673480502398,Groen_Verharding,entropy,Groen & Verharding
WK009302,0.053733034350417604,Groen_Verharding,entropy,Groen & Verharding
BU00930213,0.13101742510450298,Groen_Verharding,entropy,Groen & Verharding
BU00930214,0.05941949493616318,Groen_Verharding,entropy,Groen & Verharding
BU00930215,0.10097964902000951,Groen_Verharding,entropy,Groen & Verharding
WK009303,0.05228122048386476,Groen_Verharding,entropy,Groen & Verharding
BU00930316,0.09265764016561454,Groen_Verharding,entropy,Groen & Verharding
BU00930317,0.053046863026718044,Groen_Verharding,entropy,Groen & Verharding
WK009304,0.055277588611108285,Groen_Verharding,entropy,Groen & Verharding
BU00930418,0.6452603128668082,Groen_Verharding,entropy,Groen & Verharding
BU00930419,0.11075177970130626,Groen_Verharding,entropy,Groen & Verharding
BU00930420,0.0601139368940999,Groen_Verharding,entropy,Groen & Verharding
WK009305,0.16798605463244148,Groen_Verharding,entropy,Groen & Verharding
BU00930521,0.09724247676845756,Groen_Verharding,entropy,Groen & Verharding
BU00930522,0.07301287479609213,Groen_Verharding,entropy,Groen & Verharding
BU00930523,0.062398308080728215,Groen_Verharding,entropy,Groen & Verharding
GM0737,0.18969810757179173,Groen_Verharding,entropy,Groen & Verharding
WK073700,0.18969810757179173,Groen_Verharding,entropy,Groen & Verharding
BU07370000,0.18953166950780875,Groen_Verharding,entropy,Groen & Verharding
BU07370009,0.06481460578427078,Groen_Verharding,entropy,Groen & Verharding
WK073701,0.09071641966125712,Groen_Verharding,entropy,Groen & Verharding
BU07370100,0.07755171915576248,Groen_Verharding,entropy,Groen & Verharding
BU07370101,0.11063072525846146,Groen_Verharding,entropy,Groen & Verharding
BU07370102,0.03505439766350008,Groen_Verharding,entropy,Groen & Verharding
BU07370108,0.04435858941935214,Groen_Verharding,entropy,Groen & Verharding
BU07370109,0.047387579653890365,Groen_Verharding,entropy,Groen & Verharding
WK073702,0.09071641966125712,Groen_Verharding,entropy,Groen & Verharding
BU07370200,0.11208684898182897,Groen_Verharding,entropy,Groen & Verharding
BU07370201,0.11853984403007509,Groen_Verharding,entropy,Groen & Verharding
BU07370208,0.05340669386989925,Groen_Verharding,entropy,Groen & Verharding
BU07370209,0.036404694918957294,Groen_Verharding,entropy,Groen & Verharding
WK073703,0.05610312741271321,Groen_Verharding,entropy,Groen & Verharding
BU07370300,0.07564972257188751,Groen_Verharding,entropy,Groen & Verharding
BU07370309,0.06981228530904149,Groen_Verharding,entropy,Groen & Verharding
WK073704,0.056775194261357756,Groen_Verharding,entropy,Groen & Verharding
BU07370400,0.06948106893564869,Groen_Verharding,entropy,Groen & Verharding
BU07370401,0.0557598710589703,Groen_Verharding,entropy,Groen & Verharding
BU07370408,0.046718047865579725,Groen_Verharding,entropy,Groen & Verharding
BU07370409,0.03152100681207737,Groen_Verharding,entropy,Groen & Verharding
WK073705,0.058388238461177654,Groen_Verharding,entropy,Groen & Verharding
BU07370500,0.15322394791169772,Groen_Verharding,entropy,Groen & Verharding
BU07370501,0.11567806946855379,Groen_Verharding,entropy,Groen & Verharding
BU07370508,0.07131085125339819,Groen_Verharding,entropy,Groen & Verharding
BU07370509,0.07582778234379871,Groen_Verharding,entropy,Groen & Verharding
WK073706,0.05973701093470379,Groen_Verharding,entropy,Groen & Verharding
BU07370600,0.15310334530320152,Groen_Verharding,entropy,Groen & Verharding
BU07370609,0.04119351796442943,Groen_Verharding,entropy,Groen & Verharding
WK073707,0.064148808836307,Groen_Verharding,entropy,Groen & Verharding
BU07370700,0.0540484303008844,Groen_Verharding,entropy,Groen & Verharding
BU07370701,0.09700586473923495,Groen_Verharding,entropy,Groen & Verharding
BU07370708,0.04104617434514776,Groen_Verharding,entropy,Groen & Verharding
BU07370709,0.04992810846668186,Groen_Verharding,entropy,Groen & Verharding
WK073708,0.09775544169236752,Groen_Verharding,entropy,Groen & Verharding
BU07370800,0.13442550536642744,Groen_Verharding,entropy,Groen & Verharding
BU07370809,0.08851401908635416,Groen_Verharding,entropy,Groen & Verharding
WK073709,0.1442647502609328,Groen_Verharding,entropy,Groen & Verharding
BU07370900,0.12960629973936624,Groen_Verharding,entropy,Groen & Verharding
BU07370909,0.0512349708037903,Groen_Verharding,entropy,Groen & Verharding
GM0096,0.13096716758375002,Groen_Verharding,entropy,Groen & Verharding
WK009600,0.1349959513186228,Groen_Verharding,entropy,Groen & Verharding
BU00960000,0.1895191650484017,Groen_Verharding,entropy,Groen & Verharding
BU00960009,0.1896632524998434,Groen_Verharding,entropy,Groen & Verharding
GM1949,0.18969810757179173,Groen_Verharding,entropy,Groen & Verharding
WK194915,0.05971484876556673,Groen_Verharding,entropy,Groen & Verharding
BU19491500,0.02968636099876685,Groen_Verharding,entropy,Groen & Verharding
BU19491501,0.18630355104400234,Groen_Verharding,entropy,Groen & Verharding
WK194916,0.11314752241328382,Groen_Verharding,entropy,Groen & Verharding
BU19491600,0.038357011233538255,Groen_Verharding,entropy,Groen & Verharding
BU19491601,0.18145771138823444,Groen_Verharding,entropy,Groen & Verharding
BU19491602,0.20598972195604237,Groen_Verharding,entropy,Groen & Verharding
BU19491603,0.17983894672340514,Groen_Verharding,entropy,Groen & Verharding
BU19491604,0.22883156632734533,Groen_Verharding,entropy,Groen & Verharding
BU19491605,0.2176832635939231,Groen_Verharding,entropy,Groen & Verharding
BU19491606,0.18496350169603412,Groen_Verharding,entropy,Groen & Verharding
WK194917,0.05165033522800644,Groen_Verharding,entropy,Groen & Verharding
BU19491700,0.03923925760611106,Groen_Verharding,entropy,Groen & Verharding
WK194918,0.10232010759499173,Groen_Verharding,entropy,Groen & Verharding
BU19491800,0.04696836007541294,Groen_Verharding,entropy,Groen & Verharding
BU19491801,0.18203992925949905,Groen_Verharding,entropy,Groen & Verharding
BU19491802,0.20914523605171886,Groen_Verharding,entropy,Groen & Verharding
BU19491803,0.1954054780205814,Groen_Verharding,entropy,Groen & Verharding
BU19491804,0.09231998554748823,Groen_Verharding,entropy,Groen & Verharding
WK194919,0.06897292878196473,Groen_Verharding,entropy,Groen & Verharding
BU19491900,0.06408766981735492,Groen_Verharding,entropy,Groen & Verharding
BU19491901,0.19906699137963726,Groen_Verharding,entropy,Groen & Verharding
WK194920,0.05734707724503395,Groen_Verharding,entropy,Groen & Verharding
BU19492000,0.0536180619655391,Groen_Verharding,entropy,Groen & Verharding
BU19492001,0.16502793168496113,Groen_Verharding,entropy,Groen & Verharding
WK194921,0.0470717507621645,Groen_Verharding,entropy,Groen & Verharding
BU19492100,0.036445740816838386,Groen_Verharding,entropy,Groen & Verharding
WK194922,0.03885222594657621,Groen_Verharding,entropy,Groen & Verharding
BU19492200,0.03802478541072645,Groen_Verharding,entropy,Groen & Verharding
WK194923,0.061519610226965546,Groen_Verharding,entropy,Groen & Verharding
BU19492300,0.06091260650477391,Groen_Verharding,entropy,Groen & Verharding
BU19492301,0.1859217742398587,Groen_Verharding,entropy,Groen & Verharding
WK194924,0.05986762460653942,Groen_Verharding,entropy,Groen & Verharding
BU19492400,0.04038714056778039,Groen_Verharding,entropy,Groen & Verharding
BU19492401,0.18613589592201452,Groen_Verharding,entropy,Groen & Verharding
WK194925,0.05505317312514766,Groen_Verharding,entropy,Groen & Verharding
BU19492500,0.05749227961788143,Groen_Verharding,entropy,Groen & Verharding
BU19492501,0.184763254444845,Groen_Verharding,entropy,Groen & Verharding
WK194926,0.0948037409948118,Groen_Verharding,entropy,Groen & Verharding
BU19492600,0.05448128274290223,Groen_Verharding,entropy,Groen & Verharding
BU19492601,0.14900381195204293,Groen_Verharding,entropy,Groen & Verharding
BU19492602,0.16078711775643467,Groen_Verharding,entropy,Groen & Verharding
BU19492603,0.1938578236172407,Groen_Verharding,entropy,Groen & Verharding
BU19492604,0.18354470781336263,Groen_Verharding,entropy,Groen & Verharding
WK194927,0.04715834014249935,Groen_Verharding,entropy,Groen & Verharding
BU19492700,0.049229604252725156,Groen_Verharding,entropy,Groen & Verharding
WK194928,0.18969810757179173,Groen_Verharding,entropy,Groen & Verharding
BU19492800,0.06013132706136308,Groen_Verharding,entropy,Groen & Verharding
BU19492801,0.11746683970103913,Groen_Verharding,entropy,Groen & Verharding
BU19492802,0.20633869835076782,Groen_Verharding,entropy,Groen & Verharding
BU19492803,0.19957865167545652,Groen_Verharding,entropy,Groen & Verharding
BU19492804,0.2481069780609875,Groen_Verharding,entropy,Groen & Verharding
BU19492805,0.12754021960493062,Groen_Verharding,entropy,Groen & Verharding
BU19492806,0.18780797803303056,Groen_Verharding,entropy,Groen & Verharding
BU19492807,0.1842459973009061,Groen_Verharding,entropy,Groen & Verharding
BU19492808,0.2344972470450762,Groen_Verharding,entropy,Groen & Verharding
BU19492809,0.2426489152611476,Groen_Verharding,entropy,Groen & Verharding
BU19492810,0.16282107827989092,Groen_Verharding,entropy,Groen & Verharding
BU19492811,0.24752228701252965,Groen_Verharding,entropy,Groen & Verharding
BU19492812,0.21909772479764017,Groen_Verharding,entropy,Groen & Verharding
BU19492813,0.24849717052707643,Groen_Verharding,entropy,Groen & Verharding
BU19492814,0.2075438181864737,Groen_Verharding,entropy,Groen & Verharding
BU19492815,0.23877601156317974,Groen_Verharding,entropy,Groen & Verharding
BU19492816,0.20220014162939562,Groen_Verharding,entropy,Groen & Verharding
BU19492817,0.18258800635482578,Groen_Verharding,entropy,Groen & Verharding
WK194929,0.05553805290888753,Groen_Verharding,entropy,Groen & Verharding
BU19492900,0.06689412690134154,Groen_Verharding,entropy,Groen & Verharding
WK194930,0.04454866612612744,Groen_Verharding,entropy,Groen & Verharding
BU19493000,0.03725728235999705,Groen_Verharding,entropy,Groen & Verharding
WK194931,0.0634060809262134,Groen_Verharding,entropy,Groen & Verharding
BU19493100,0.04427025517025035,Groen_Verharding,entropy,Groen & Verharding
BU19493101,0.17193339154468698,Groen_Verharding,entropy,Groen & Verharding
WK194932,0.05432115045117378,Groen_Verharding,entropy,Groen & Verharding
BU19493200,0.03678313096081272,Groen_Verharding,entropy,Groen & Verharding
BU19493201,0.1925902086388091,Groen_Verharding,entropy,Groen & Verharding
BU19493202,0.20685719779297018,Groen_Verharding,entropy,Groen & Verharding
WK194933,0.04726512285211917,Groen_Verharding,entropy,Groen & Verharding
BU19493300,0.04057189070384544,Groen_Verharding,entropy,Groen & Verharding
WK194934,0.05575905174547136,Groen_Verharding,entropy,Groen & Verharding
BU19493400,0.06426395910774485,Groen_Verharding,entropy,Groen & Verharding
BU19493401,0.1707984619466976,Groen_Verharding,entropy,Groen & Verharding
WK194935,0.09071641966125712,Groen_Verharding,entropy,Groen & Verharding
BU19493500,0.06313401763680464,Groen_Verharding,entropy,Groen & Verharding
BU19493501,0.15892443509008036,Groen_Verharding,entropy,Groen & Verharding
BU19493502,0.18204379609664784,Groen_Verharding,entropy,Groen & Verharding
BU19493503,0.21261971437294166,Groen_Verharding,entropy,Groen & Verharding
WK194936,0.0655005967708105,Groen_Verharding,entropy,Groen & Verharding
BU19493600,0.05339394935825702,Groen_Verharding,entropy,Groen & Verharding
BU19493601,0.17634004504732456,Groen_Verharding,entropy,Groen & Verharding
BU19493602,0.1612521515319763,Groen_Verharding,entropy,Groen & Verharding
BU19493603,0.20679343273476308,Groen_Verharding,entropy,Groen & Verharding
WK194937,0.1666729894312325,Groen_Verharding,entropy,Groen & Verharding
BU19493700,0.17113398638310282,Groen_Verharding,entropy,Groen & Verharding
WK194938,0.04987657849711845,Groen_Verharding,entropy,Groen & Verharding
BU19493800,0.04462687615164158,Groen_Verharding,entropy,Groen & Verharding
BU19493801,0.19039335835736915,Groen_Verharding,entropy,Groen & Verharding
WK194939,0.05467250688884923,Groen_Verharding,entropy,Groen & Verharding
BU19493900,0.029963508748000217,Groen_Verharding,entropy,Groen & Verharding
BU19493901,0.15611906437034595,Groen_Verharding,entropy,Groen & Verharding
WK194940,0.046751136954056215,Groen_Verharding,entropy,Groen & Verharding
BU19494000,0.05140337494251695,Groen_Verharding,entropy,Groen & Verharding
WK194941,0.05087733115230744,Groen_Verharding,entropy,Groen & Verharding
BU19494100,0.04651283499529279,Groen_Verharding,entropy,Groen & Verharding
WK194942,0.06346303785248777,Groen_Verharding,entropy,Groen & Verharding
BU19494200,0.04303676522247363,Groen_Verharding,entropy,Groen & Verharding
BU19494201,0.19210519796756767,Groen_Verharding,entropy,Groen & Verharding
WK194943,0.042426185679443354,Groen_Verharding,entropy,Groen & Verharding
BU19494300,0.05113996872405461,Groen_Verharding,entropy,Groen & Verharding
WK194944,0.0655005967708105,Groen_Verharding,entropy,Groen & Verharding
BU19494400,0.04037790286746771,Groen_Verharding,entropy,Groen & Verharding
BU19494401,0.214390128947642,Groen_Verharding,entropy,Groen & Verharding
BU19494402,0.06909899004658067,Groen_Verharding,entropy,Groen & Verharding
BU19494403,0.03910608752132256,Groen_Verharding,entropy,Groen & Verharding
WK194945,0.04368450654270977,Groen_Verharding,entropy,Groen & Verharding
BU19494500,0.040525242920372684,Groen_Verharding,entropy,Groen & Verharding
WK194946,0.041442287256618734,Groen_Verharding,entropy,Groen & Verharding
BU19494600,0.03815230805161076,Groen_Verharding,entropy,Groen & Verharding
WK194947,0.05128641069869713,Groen_Verharding,entropy,Groen & Verharding
BU19494700,0.028198355064835038,Groen_Verharding,entropy,Groen & Verharding
BU19494701,0.16106756867557923,Groen_Verharding,entropy,Groen & Verharding
WK194948,0.05430666120652622,Groen_Verharding,entropy,Groen & Verharding
BU19494800,0.055095667452776845,Groen_Verharding,entropy,Groen & Verharding
BU19494801,0.18659846174846745,Groen_Verharding,entropy,Groen & Verharding
WK194949,0.05973701093470379,Groen_Verharding,entropy,Groen & Verharding
BU19494900,0.028167448785841365,Groen_Verharding,entropy,Groen & Verharding
BU19494901,0.19154789041339043,Groen_Verharding,entropy,Groen & Verharding
BU19494902,0.19184677996233912,Groen_Verharding,entropy,Groen & Verharding
WK194950,0.05694989565355896,Groen_Verharding,entropy,Groen & Verharding
BU19495000,0.03709185588077265,Groen_Verharding,entropy,Groen & Verharding
BU19495001,0.19805376786174375,Groen_Verharding,entropy,Groen & Verharding
WK194951,0.04676012119847719,Groen_Verharding,entropy,Groen & Verharding
BU19495100,0.035339773908409,Groen_Verharding,entropy,Groen & Verharding
WK194952,0.0551887796001557,Groen_Verharding,entropy,Groen & Verharding
BU19495200,0.06932162043369486,Groen_Verharding,entropy,Groen & Verharding
WK194953,0.05621604321620659,Groen_Verharding,entropy,Groen & Verharding
BU19495300,0.07061639948953394,Groen_Verharding,entropy,Groen & Verharding
BU19495301,0.2074974373354756,Groen_Verharding,entropy,Groen & Verharding
BU19495302,0.20432594810977323,Groen_Verharding,entropy,Groen & Verharding
WK194954,0.05448607430309597,Groen_Verharding,entropy,Groen & Verharding
BU19495400,0.04433345937020243,Groen_Verharding,entropy,Groen & Verharding
BU19495401,0.17393411683695115,Groen_Verharding,entropy,Groen & Verharding
WK194955,0.0461646398337838,Groen_Verharding,entropy,Groen & Verharding
BU19495500,0.05564341125283849,Groen_Verharding,entropy,Groen & Verharding
GM0098,0.18969810757179173,Groen_Verharding,entropy,Groen & Verharding
WK009800,0.18969810757179173,Groen_Verharding,entropy,Groen & Verharding
BU00980001,0.17210973592196344,Groen_Verharding,entropy,Groen & Verharding
BU00980002,0.18005889761918475,Groen_Verharding,entropy,Groen & Verharding
BU00980003,0.14522115452330786,Groen_Verharding,entropy,Groen & Verharding
BU00980004,0.23343575662952534,Groen_Verharding,entropy,Groen & Verharding
BU00980005,0.2231287205641566,Groen_Verharding,entropy,Groen & Verharding
BU00980006,0.2244273068461184,Groen_Verharding,entropy,Groen & Verharding
BU00980007,0.24936386034482055,Groen_Verharding,entropy,Groen & Verharding
BU00980008,0.23517317818266673,Groen_Verharding,entropy,Groen & Verharding
BU00980009,0.2105124761515815,Groen_Verharding,entropy,Groen & Verharding
BU00980010,0.23517155029712097,Groen_Verharding,entropy,Groen & Verharding
BU00980011,0.21466805426269658,Groen_Verharding,entropy,Groen & Verharding
BU00980012,0.24677154793747647,Groen_Verharding,entropy,Groen & Verharding
BU00980013,0.2282584175638653,Groen_Verharding,entropy,Groen & Verharding
BU00980014,0.21206968130523346,Groen_Verharding,entropy,Groen & Verharding
BU00980015,0.20541888863100005,Groen_Verharding,entropy,Groen & Verharding
BU00980016,0.23654408023611467,Groen_Verharding,entropy,Groen & Verharding
BU00980017,0.22203180223870686,Groen_Verharding,entropy,Groen & Verharding
BU00980018,0.11153681974202503,Groen_Verharding,entropy,Groen & Verharding
BU00980019,0.21025040682494797,Groen_Verharding,entropy,Groen & Verharding
BU00980020,0.18131397592712126,Groen_Verharding,entropy,Groen & Verharding
BU00980021,0.147928042712946,Groen_Verharding,entropy,Groen & Verharding
WK009801,0.0550657351266169,Groen_Verharding,entropy,Groen & Verharding
BU00980101,0.045061949254370494,Groen_Verharding,entropy,Groen & Verharding
BU00980102,0.051641432403324986,Groen_Verharding,entropy,Groen & Verharding
BU00980103,0.13214390790954944,Groen_Verharding,entropy,Groen & Verharding
BU00980104,0.03262667582645036,Groen_Verharding,entropy,Groen & Verharding
WK009802,0.08709776110009851,Groen_Verharding,entropy,Groen & Verharding
BU00980201,0.04167083939212214,Groen_Verharding,entropy,Groen & Verharding
BU00980202,0.04978666753386439,Groen_Verharding,entropy,Groen & Verharding
WK009803,0.06253376968571611,Groen_Verharding,entropy,Groen & Verharding
BU00980301,0.09127267308451517,Groen_Verharding,entropy,Groen & Verharding
BU00980302,0.04571334965459897,Groen_Verharding,entropy,Groen & Verharding
BU00980303,0.11220885250640672,Groen_Verharding,entropy,Groen & Verharding
BU00980304,0.04407374402142489,Groen_Verharding,entropy,Groen & Verharding
BU00980305,0.1486987361544389,Groen_Verharding,entropy,Groen & Verharding
WK009804,0.053491504848023855,Groen_Verharding,entropy,Groen & Verharding
BU00980401,0.10964878713076677,Groen_Verharding,entropy,Groen & Verharding
BU00980402,0.04230854935423162,Groen_Verharding,entropy,Groen & Verharding
BU00980403,0.03916281354709675,Groen_Verharding,entropy,Groen & Verharding
WK009805,0.04804624111295278,Groen_Verharding,entropy,Groen & Verharding
BU00980501,0.03712362697665767,Groen_Verharding,entropy,Groen & Verharding
BU00980502,0.0361128318260181,Groen_Verharding,entropy,Groen & Verharding
WK009806,0.04722052731416607,Groen_Verharding,entropy,Groen & Verharding
BU00980601,0.0691839714890482,Groen_Verharding,entropy,Groen & Verharding
BU00980602,0.03474864624838763,Groen_Verharding,entropy,Groen & Verharding
WK009807,0.052598027247140404,Groen_Verharding,entropy,Groen & Verharding
BU00980701,0.05540552943973174,Groen_Verharding,entropy,Groen & Verharding
BU00980702,0.08347552661921451,Groen_Verharding,entropy,Groen & Verharding
WK009808,0.056317285547176785,Groen_Verharding,entropy,Groen & Verharding
BU00980801,0.06608826741191222,Groen_Verharding,entropy,Groen & Verharding
BU00980802,0.03243368245702898,Groen_Verharding,entropy,Groen & Verharding
WK009809,0.05680252270163637,Groen_Verharding,entropy,Groen & Verharding
BU00980901,0.0856384777208309,Groen_Verharding,entropy,Groen & Verharding
BU00980902,0.04163283152853817,Groen_Verharding,entropy,Groen & Verharding
BU00980903,0.03578603375777005,Groen_Verharding,entropy,Groen & Verharding
WK009810,0.10387343861531403,Groen_Verharding,entropy,Groen & Verharding
BU00981001,0.124183037510524,Groen_Verharding,entropy,Groen & Verharding
BU00981002,0.0771500254500598,Groen_Verharding,entropy,Groen & Verharding
BU00981003,0.12021436283308533,Groen_Verharding,entropy,Groen & Verharding
BU00981004,0.14458446789414015,Groen_Verharding,entropy,Groen & Verharding
BU00981005,0.12435884756500454,Groen_Verharding,entropy,Groen & Verharding
BU00981006,0.14873740918834696,Groen_Verharding,entropy,Groen & Verharding
BU00981007,0.11440660315414253,Groen_Verharding,entropy,Groen & Verharding
BU00981008,0.08114602660904359,Groen_Verharding,entropy,Groen & Verharding
BU00981009,0.06513602045652299,Groen_Verharding,entropy,Groen & Verharding
WK009811,0.04977565806506148,Groen_Verharding,entropy,Groen & Verharding
BU00981101,0.09600576663145863,Groen_Verharding,entropy,Groen & Verharding
BU00981102,0.04168186079475532,Groen_Verharding,entropy,Groen & Verharding
WK009812,0.05184403051282244,Groen_Verharding,entropy,Groen & Verharding
BU00981201,0.051853633586334186,Groen_Verharding,entropy,Groen & Verharding
WK009813,0.05517125041814071,Groen_Verharding,entropy,Groen & Verharding
BU00981301,0.07854665755365074,Groen_Verharding,entropy,Groen & Verharding
BU00981302,0.03145325076206,Groen_Verharding,entropy,Groen & Verharding
WK009814,0.05529832184963704,Groen_Verharding,entropy,Groen & Verharding
BU00981401,0.08163032856540312,Groen_Verharding,entropy,Groen & Verharding
BU00981402,0.04831548905032583,Groen_Verharding,entropy,Groen & Verharding
WK009815,0.05248682316123353,Groen_Verharding,entropy,Groen & Verharding
BU00981501,0.18675508898644144,Groen_Verharding,entropy,Groen & Verharding
BU00981502,0.059140744897837494,Groen_Verharding,entropy,Groen & Verharding
GM0059,0.4222885557633378,Groen_Verharding,weighted_mean,Groen & Verharding
WK005900,0.4222885557633378,Groen_Verharding,weighted_mean,Groen & Verharding
BU00590000,0.19313854369820305,Groen_Verharding,weighted_mean,Groen & Verharding
BU00590001,-0.2753773432652859,Groen_Verharding,weighted_mean,Groen & Verharding
BU00590002,0.38739055142379525,Groen_Verharding,weighted_mean,Groen & Verharding
BU00590003,-0.08297168290542163,Groen_Verharding,weighted_mean,Groen & Verharding
BU00590004,-0.21208149558496353,Groen_Verharding,weighted_mean,Groen & Verharding
BU00590005,-0.5987638150638029,Groen_Verharding,weighted_mean,Groen & Verharding
BU00590006,-0.7596787082710783,Groen_Verharding,weighted_mean,Groen & Verharding
BU00590007,-0.3392481853237086,Groen_Verharding,weighted_mean,Groen & Verharding
BU00590008,-0.6570532619595385,Groen_Verharding,weighted_mean,Groen & Verharding
BU00590009,-0.9654871263799555,Groen_Verharding,weighted_mean,Groen & Verharding
WK005901,-0.06043355280969786,Groen_Verharding,weighted_mean,Groen & Verharding
BU00590100,-0.19620041675979444,Groen_Verharding,weighted_mean,Groen & Verharding
BU00590102,-0.6790893356996035,Groen_Verharding,weighted_mean,Groen & Verharding
BU00590103,-0.22889447539315122,Groen_Verharding,weighted_mean,Groen & Verharding
BU00590107,-0.619672255676347,Groen_Verharding,weighted_mean,Groen & Verharding
BU00590108,-0.7764633668243736,Groen_Verharding,weighted_mean,Groen & Verharding
BU00590109,-0.6066004202539252,Groen_Verharding,weighted_mean,Groen & Verharding
WK005902,0.4222885557633379,Groen_Verharding,weighted_mean,Groen & Verharding
BU00590200,-0.5442945513785791,Groen_Verharding,weighted_mean,Groen & Verharding
BU00590201,-0.6175035715588928,Groen_Verharding,weighted_mean,Groen & Verharding
BU00590202,-0.3103386386634909,Groen_Verharding,weighted_mean,Groen & Verharding
BU00590203,-0.5293904453231316,Groen_Verharding,weighted_mean,Groen & Verharding
BU00590206,-0.8902944764810157,Groen_Verharding,weighted_mean,Groen & Verharding
BU00590207,-0.7176061755505937,Groen_Verharding,weighted_mean,Groen & Verharding
BU00590208,-0.7518501764450809,Groen_Verharding,weighted_mean,Groen & Verharding
BU00590209,-1.0520258674668714,Groen_Verharding,weighted_mean,Groen & Verharding
GM0060,0.022962068219995843,Groen_Verharding,weighted_mean,Groen & Verharding
WK006000,-0.12785605575316036,Groen_Verharding,weighted_mean,Groen & Verharding
BU00600000,0.263454472195683,Groen_Verharding,weighted_mean,Groen & Verharding
BU00600001,0.29914968325886565,Groen_Verharding,weighted_mean,Groen & Verharding
BU00600002,-0.3170231154124671,Groen_Verharding,weighted_mean,Groen & Verharding
BU00600003,-0.30232343230756414,Groen_Verharding,weighted_mean,Groen & Verharding
BU00600007,-0.0629355369974576,Groen_Verharding,weighted_mean,Groen & Verharding
BU00600008,1.5406450701661947,Groen_Verharding,weighted_mean,Groen & Verharding
BU00600009,0.5886339080664226,Groen_Verharding,weighted_mean,Groen & Verharding
GM1891,0.4222885557633379,Groen_Verharding,weighted_mean,Groen & Verharding
WK189100,0.2592795442380637,Groen_Verharding,weighted_mean,Groen & Verharding
BU18910000,-0.024589863944681566,Groen_Verharding,weighted_mean,Groen & Verharding
BU18910001,-0.21980148699363397,Groen_Verharding,weighted_mean,Groen & Verharding
BU18910002,0.38017974375450353,Groen_Verharding,weighted_mean,Groen & Verharding
BU18910008,-0.532090083152326,Groen_Verharding,weighted_mean,Groen & Verharding
BU18910009,-0.44428799987377565,Groen_Verharding,weighted_mean,Groen & Verharding
WK189101,-0.3187774721942031,Groen_Verharding,weighted_mean,Groen & Verharding
BU18910100,-0.030655356982719296,Groen_Verharding,weighted_mean,Groen & Verharding
BU18910101,-0.09252941419447835,Groen_Verharding,weighted_mean,Groen & Verharding
BU18910108,0.0866932073981593,Groen_Verharding,weighted_mean,Groen & Verharding
BU18910109,-0.6778513637058287,Groen_Verharding,weighted_mean,Groen & Verharding
WK189102,0.23131236612935316,Groen_Verharding,weighted_mean,Groen & Verharding
BU18910200,0.275864106785061,Groen_Verharding,weighted_mean,Groen & Verharding
BU18910201,0.22814941912116854,Groen_Verharding,weighted_mean,Groen & Verharding
BU18910202,-0.5934662195292116,Groen_Verharding,weighted_mean,Groen & Verharding
BU18910208,0.1970843231498132,Groen_Verharding,weighted_mean,Groen & Verharding
BU18910209,-0.3106398836288592,Groen_Verharding,weighted_mean,Groen & Verharding
WK189103,-0.306478121547289,Groen_Verharding,weighted_mean,Groen & Verharding
BU18910300,0.05183374954305965,Groen_Verharding,weighted_mean,Groen & Verharding
BU18910301,-0.527194324822521,Groen_Verharding,weighted_mean,Groen & Verharding
BU18910309,-0.4255093738599501,Groen_Verharding,weighted_mean,Groen & Verharding
GM1940,0.4222885557633379,Groen_Verharding,weighted_mean,Groen & Verharding
WK194001,-0.16967913165744636,Groen_Verharding,weighted_mean,Groen & Verharding
BU19400101,-0.5473423038598263,Groen_Verharding,weighted_mean,Groen & Verharding
WK194002,-0.38851727018271953,Groen_Verharding,weighted_mean,Groen & Verharding
BU19400201,-0.28383189577953843,Groen_Verharding,weighted_mean,Groen & Verharding
WK194003,0.06734786523787849,Groen_Verharding,weighted_mean,Groen & Verharding
BU19400301,0.24464949637838324,Groen_Verharding,weighted_mean,Groen & Verharding
WK194004,-0.12407765644504336,Groen_Verharding,weighted_mean,Groen & Verharding
BU19400401,-0.9006878883138624,Groen_Verharding,weighted_mean,Groen & Verharding
WK194005,-0.40426920980658254,Groen_Verharding,weighted_mean,Groen & Verharding
BU19400501,-0.37959435263744506,Groen_Verharding,weighted_mean,Groen & Verharding
WK194006,-0.5648792163214374,Groen_Verharding,weighted_mean,Groen & Verharding
BU19400601,-0.12829500133232744,Groen_Verharding,weighted_mean,Groen & Verharding
WK194007,-0.392402711436862,Groen_Verharding,weighted_mean,Groen & Verharding
BU19400701,0.22463388695169556,Groen_Verharding,weighted_mean,Groen & Verharding
BU19400702,-0.3342151860467339,Groen_Verharding,weighted_mean,Groen & Verharding
WK194008,-0.25587298216988547,Groen_Verharding,weighted_mean,Groen & Verharding
BU19400801,-0.5780074916300432,Groen_Verharding,weighted_mean,Groen & Verharding
WK194009,-0.7167946524943032,Groen_Verharding,weighted_mean,Groen & Verharding
BU19400901,-0.6464765154877471,Groen_Verharding,weighted_mean,Groen & Verharding
WK194010,-0.49827352608407494,Groen_Verharding,weighted_mean,Groen & Verharding
BU19401001,-0.5748794314951039,Groen_Verharding,weighted_mean,Groen & Verharding
WK194011,-0.3755212085163964,Groen_Verharding,weighted_mean,Groen & Verharding
BU19401101,-0.0028924930379506226,Groen_Verharding,weighted_mean,Groen & Verharding
BU19401102,-0.3702784135621141,Groen_Verharding,weighted_mean,Groen & Verharding
WK194012,-0.3858032234293605,Groen_Verharding,weighted_mean,Groen & Verharding
BU19401201,-0.47625550353977425,Groen_Verharding,weighted_mean,Groen & Verharding
WK194013,-0.4396094399987071,Groen_Verharding,weighted_mean,Groen & Verharding
BU19401301,-0.389448297400791,Groen_Verharding,weighted_mean,Groen & Verharding
WK194014,-0.5200138079453074,Groen_Verharding,weighted_mean,Groen & Verharding
BU19401401,-0.32669758651784786,Groen_Verharding,weighted_mean,Groen & Verharding
WK194015,-0.28853759334365764,Groen_Verharding,weighted_mean,Groen & Verharding
BU19401501,-0.2082280091802805,Groen_Verharding,weighted_mean,Groen & Verharding
WK194016,-0.2211866472490447,Groen_Verharding,weighted_mean,Groen & Verharding
BU19401601,0.24227417027281148,Groen_Verharding,weighted_mean,Groen & Verharding
WK194017,-0.3896316555214975,Groen_Verharding,weighted_mean,Groen & Verharding
BU19401701,-0.34857999929395156,Groen_Verharding,weighted_mean,Groen & Verharding
WK194018,-0.4680481360100044,Groen_Verharding,weighted_mean,Groen & Verharding
BU19401801,-0.21865410742384603,Groen_Verharding,weighted_mean,Groen & Verharding
WK194019,0.4222885557633379,Groen_Verharding,weighted_mean,Groen & Verharding
BU19401901,1.2308606860990967,Groen_Verharding,weighted_mean,Groen & Verharding
BU19401902,-0.601581722992811,Groen_Verharding,weighted_mean,Groen & Verharding
BU19401903,0.6210975440747935,Groen_Verharding,weighted_mean,Groen & Verharding
BU19401904,0.7623766972013339,Groen_Verharding,weighted_mean,Groen & Verharding
BU19401905,0.4659915266408843,Groen_Verharding,weighted_mean,Groen & Verharding
BU19401906,1.0025446988403661,Groen_Verharding,weighted_mean,Groen & Verharding
BU19401907,0.8073037696672968,Groen_Verharding,weighted_mean,Groen & Verharding
BU19401908,-0.18768170687293304,Groen_Verharding,weighted_mean,Groen & Verharding
BU19401909,0.17362844459207064,Groen_Verharding,weighted_mean,Groen & Verharding
BU19401910,0.3885599157040243,Groen_Verharding,weighted_mean,Groen & Verharding
WK194020,-0.46198181270551913,Groen_Verharding,weighted_mean,Groen & Verharding
BU19402001,-0.578300685863622,Groen_Verharding,weighted_mean,Groen & Verharding
WK194021,-0.47885905548815566,Groen_Verharding,weighted_mean,Groen & Verharding
BU19402101,-0.27216160821243934,Groen_Verharding,weighted_mean,Groen & Verharding
WK194022,-0.40661203896174253,Groen_Verharding,weighted_mean,Groen & Verharding
BU19402201,0.24267546956813146,Groen_Verharding,weighted_mean,Groen & Verharding
WK194023,0.4222885557633379,Groen_Verharding,weighted_mean,Groen & Verharding
BU19402301,0.3131552419712122,Groen_Verharding,weighted_mean,Groen & Verharding
BU19402302,0.6756893871733599,Groen_Verharding,weighted_mean,Groen & Verharding
BU19402303,-0.11091138385921293,Groen_Verharding,weighted_mean,Groen & Verharding
BU19402304,0.6696835303324965,Groen_Verharding,weighted_mean,Groen & Verharding
BU19402305,0.30876844777100887,Groen_Verharding,weighted_mean,Groen & Verharding
BU19402306,0.06564772866908405,Groen_Verharding,weighted_mean,Groen & Verharding
BU19402307,-0.0612736454191035,Groen_Verharding,weighted_mean,Groen & Verharding
BU19402308,0.7087269989846945,Groen_Verharding,weighted_mean,Groen & Verharding
WK194024,-0.054536882994456345,Groen_Verharding,weighted_mean,Groen & Verharding
BU19402401,-0.1835398231512162,Groen_Verharding,weighted_mean,Groen & Verharding
WK194025,-0.08821805503924002,Groen_Verharding,weighted_mean,Groen & Verharding
BU19402501,-0.4063387354305635,Groen_Verharding,weighted_mean,Groen & Verharding
WK194026,-0.2298361673973552,Groen_Verharding,weighted_mean,Groen & Verharding
BU19402601,-0.348572450534695,Groen_Verharding,weighted_mean,Groen & Verharding
WK194027,-0.06544975430551403,Groen_Verharding,weighted_mean,Groen & Verharding
BU19402701,-0.35816674933371273,Groen_Verharding,weighted_mean,Groen & Verharding
WK194028,-0.4281936465596735,Groen_Verharding,weighted_mean,Groen & Verharding
BU19402801,-0.675954993137124,Groen_Verharding,weighted_mean,Groen & Verharding
BU19402802,0.19964567276102876,Groen_Verharding,weighted_mean,Groen & Verharding
WK194029,-0.4228434833901931,Groen_Verharding,weighted_mean,Groen & Verharding
BU19402901,-0.4699601460913313,Groen_Verharding,weighted_mean,Groen & Verharding
WK194030,-0.1467385490842756,Groen_Verharding,weighted_mean,Groen & Verharding
BU19403001,-0.24639839447464656,Groen_Verharding,weighted_mean,Groen & Verharding
WK194031,-0.3319364772312144,Groen_Verharding,weighted_mean,Groen & Verharding
BU19403101,-0.056334972489247535,Groen_Verharding,weighted_mean,Groen & Verharding
WK194032,-0.4014578829395851,Groen_Verharding,weighted_mean,Groen & Verharding
BU19403201,-0.47570805721331766,Groen_Verharding,weighted_mean,Groen & Verharding
WK194033,-0.6870179490604725,Groen_Verharding,weighted_mean,Groen & Verharding
BU19403301,-0.7500433471018343,Groen_Verharding,weighted_mean,Groen & Verharding
WK194034,-0.30325285842627653,Groen_Verharding,weighted_mean,Groen & Verharding
BU19403401,0.1847245031615459,Groen_Verharding,weighted_mean,Groen & Verharding
WK194035,-0.2886642652048157,Groen_Verharding,weighted_mean,Groen & Verharding
BU19403501,-0.26929536576576596,Groen_Verharding,weighted_mean,Groen & Verharding
WK194036,-0.492151460281079,Groen_Verharding,weighted_mean,Groen & Verharding
BU19403601,-0.6191899110729613,Groen_Verharding,weighted_mean,Groen & Verharding
WK194037,-0.4371649747717399,Groen_Verharding,weighted_mean,Groen & Verharding
BU19403701,-0.2530484268461605,Groen_Verharding,weighted_mean,Groen & Verharding
WK194038,-0.3908702008338982,Groen_Verharding,weighted_mean,Groen & Verharding
BU19403801,-0.6068901367901639,Groen_Verharding,weighted_mean,Groen & Verharding
WK194039,-0.3457277583962204,Groen_Verharding,weighted_mean,Groen & Verharding
BU19403901,0.9748609084650606,Groen_Verharding,weighted_mean,Groen & Verharding
WK194040,-0.3908702008338983,Groen_Verharding,weighted_mean,Groen & Verharding
BU19404001,-0.5081840810674192,Groen_Verharding,weighted_mean,Groen & Verharding
WK194041,-0.05812449198878888,Groen_Verharding,weighted_mean,Groen & Verharding
BU19404101,-0.0027434540182663947,Groen_Verharding,weighted_mean,Groen & Verharding
WK194042,-0.476683377230358,Groen_Verharding,weighted_mean,Groen & Verharding
BU19404201,-0.11254646075938658,Groen_Verharding,weighted_mean,Groen & Verharding
WK194043,-0.39565629524480506,Groen_Verharding,weighted_mean,Groen & Verharding
BU19404301,-0.24941205511519224,Groen_Verharding,weighted_mean,Groen & Verharding
WK194044,-0.5320180320609316,Groen_Verharding,weighted_mean,Groen & Verharding
BU19404401,-0.6128297112816226,Groen_Verharding,weighted_mean,Groen & Verharding
WK194045,-0.558813199602567,Groen_Verharding,weighted_mean,Groen & Verharding
BU19404501,-0.5737303646208536,Groen_Verharding,weighted_mean,Groen & Verharding
WK194046,-0.24846035988765733,Groen_Verharding,weighted_mean,Groen & Verharding
BU19404601,0.21115690570197918,Groen_Verharding,weighted_mean,Groen & Verharding
WK194047,-0.3737823972854985,Groen_Verharding,weighted_mean,Groen & Verharding
BU19404701,-0.40329542036825844,Groen_Verharding,weighted_mean,Groen & Verharding
WK194048,-0.5545150138584447,Groen_Verharding,weighted_mean,Groen & Verharding
BU19404801,-0.46270389234291537,Groen_Verharding,weighted_mean,Groen & Verharding
WK194049,-0.24832301008573301,Groen_Verharding,weighted_mean,Groen & Verharding
BU19404901,-0.7489398865268752,Groen_Verharding,weighted_mean,Groen & Verharding
WK194050,-0.3435264204450665,Groen_Verharding,weighted_mean,Groen & Verharding
BU19405001,-0.5277816257058128,Groen_Verharding,weighted_mean,Groen & Verharding
WK194051,-0.16943389067036102,Groen_Verharding,weighted_mean,Groen & Verharding
BU19405101,-0.2533154436026876,Groen_Verharding,weighted_mean,Groen & Verharding
GM0072,0.5262294932501171,Groen_Verharding,weighted_mean,Groen & Verharding
WK007200,0.4222885557633379,Groen_Verharding,weighted_mean,Groen & Verharding
BU00720001,0.5763538733513055,Groen_Verharding,weighted_mean,Groen & Verharding
BU00720002,0.12420447480567662,Groen_Verharding,weighted_mean,Groen & Verharding
BU00720003,0.8660865555399527,Groen_Verharding,weighted_mean,Groen & Verharding
BU00720004,0.8430246449773157,Groen_Verharding,weighted_mean,Groen & Verharding
BU00720005,0.5585286717156545,Groen_Verharding,weighted_mean,Groen & Verharding
BU00720006,0.43770854275873944,Groen_Verharding,weighted_mean,Groen & Verharding
BU00720007,0.48052363865186126,Groen_Verharding,weighted_mean,Groen & Verharding
BU00720009,0.0947199552895214,Groen_Verharding,weighted_mean,Groen & Verharding
WK007201,-0.32941837416214714,Groen_Verharding,weighted_mean,Groen & Verharding
BU00720100,0.5679759591651032,Groen_Verharding,weighted_mean,Groen & Verharding
BU00720109,-0.037320524155354834,Groen_Verharding,weighted_mean,Groen & Verharding
WK007202,-0.4760365656138424,Groen_Verharding,weighted_mean,Groen & Verharding
BU00720200,0.4587386304847149,Groen_Verharding,weighted_mean,Groen & Verharding
BU00720209,-0.4286477067163688,Groen_Verharding,weighted_mean,Groen & Verharding
GM0074,0.42228855576333796,Groen_Verharding,weighted_mean,Groen & Verharding
WK007401,0.4222885557633379,Groen_Verharding,weighted_mean,Groen & Verharding
BU00740100,0.9460697648620193,Groen_Verharding,weighted_mean,Groen & Verharding
BU00740101,0.6897724063278784,Groen_Verharding,weighted_mean,Groen & Verharding
BU00740102,0.9620148567917081,Groen_Verharding,weighted_mean,Groen & Verharding
BU00740103,0.8579508662449397,Groen_Verharding,weighted_mean,Groen & Verharding
BU00740104,0.9302910842252421,Groen_Verharding,weighted_mean,Groen & Verharding
BU00740105,1.4275980472832441,Groen_Verharding,weighted_mean,Groen & Verharding
BU00740106,1.0237294450555794,Groen_Verharding,weighted_mean,Groen & Verharding
BU00740107,0.8011885074739832,Groen_Verharding,weighted_mean,Groen & Verharding
BU00740108,0.318171580842738,Groen_Verharding,weighted_mean,Groen & Verharding
BU00740109,-0.24778440494562123,Groen_Verharding,weighted_mean,Groen & Verharding
BU00740110,0.5124026152367614,Groen_Verharding,weighted_mean,Groen & Verharding
WK007402,-0.2645134599326772,Groen_Verharding,weighted_mean,Groen & Verharding
BU00740201,-0.07958691104774826,Groen_Verharding,weighted_mean,Groen & Verharding
BU00740202,-0.3401900397726111,Groen_Verharding,weighted_mean,Groen & Verharding
BU00740203,-0.918303231259956,Groen_Verharding,weighted_mean,Groen & Verharding
BU00740204,-0.34589121093463426,Groen_Verharding,weighted_mean,Groen & Verharding
BU00740205,-0.5606114636681148,Groen_Verharding,weighted_mean,Groen & Verharding
WK007403,-0.1467385490842755,Groen_Verharding,weighted_mean,Groen & Verharding
BU00740301,-0.3555847977889792,Groen_Verharding,weighted_mean,Groen & Verharding
BU00740302,-0.08219885531006392,Groen_Verharding,weighted_mean,Groen & Verharding
WK007404,0.2313123661293531,Groen_Verharding,weighted_mean,Groen & Verharding
BU00740401,0.18477210913356792,Groen_Verharding,weighted_mean,Groen & Verharding
BU00740402,-0.013018024570551135,Groen_Verharding,weighted_mean,Groen & Verharding
BU00740403,0.029780159968963663,Groen_Verharding,weighted_mean,Groen & Verharding
BU00740404,-0.2893728710654782,Groen_Verharding,weighted_mean,Groen & Verharding
BU00740405,-0.0696552352414137,Groen_Verharding,weighted_mean,Groen & Verharding
BU00740406,-0.31367576095301714,Groen_Verharding,weighted_mean,Groen & Verharding
BU00740407,-0.4894402013562252,Groen_Verharding,weighted_mean,Groen & Verharding
WK007406,-0.07726467187721785,Groen_Verharding,weighted_mean,Groen & Verharding
BU00740601,0.6257156479382554,Groen_Verharding,weighted_mean,Groen & Verharding
WK007407,-0.22983616739735532,Groen_Verharding,weighted_mean,Groen & Verharding
BU00740701,-0.3001387362120694,Groen_Verharding,weighted_mean,Groen & Verharding
BU00740702,1.5245327613787072,Groen_Verharding,weighted_mean,Groen & Verharding
WK007409,-0.038620519859526206,Groen_Verharding,weighted_mean,Groen & Verharding
BU00740901,-0.2876666681227657,Groen_Verharding,weighted_mean,Groen & Verharding
BU00740902,0.09407393818927148,Groen_Verharding,weighted_mean,Groen & Verharding
BU00740903,-0.5300923593675985,Groen_Verharding,weighted_mean,Groen & Verharding
GM0080,0.7539304382964812,Groen_Verharding,weighted_mean,Groen & Verharding
WK008010,0.9156539401347895,Groen_Verharding,weighted_mean,Groen & Verharding
BU00801001,-0.26752951297456073,Groen_Verharding,weighted_mean,Groen & Verharding
BU00801002,-0.4726813179361327,Groen_Verharding,weighted_mean,Groen & Verharding
BU00801003,0.8237937435764536,Groen_Verharding,weighted_mean,Groen & Verharding
BU00801004,0.4420432780415376,Groen_Verharding,weighted_mean,Groen & Verharding
BU00801005,0.40277754938732974,Groen_Verharding,weighted_mean,Groen & Verharding
BU00801006,0.18844106763447233,Groen_Verharding,weighted_mean,Groen & Verharding
BU00801007,-0.02080398300205577,Groen_Verharding,weighted_mean,Groen & Verharding
BU00801008,0.46783408193496107,Groen_Verharding,weighted_mean,Groen & Verharding
WK008011,0.422288555763338,Groen_Verharding,weighted_mean,Groen & Verharding
BU00801101,0.4787272199766446,Groen_Verharding,weighted_mean,Groen & Verharding
BU00801102,0.642392088285604,Groen_Verharding,weighted_mean,Groen & Verharding
BU00801103,0.6814767277911892,Groen_Verharding,weighted_mean,Groen & Verharding
BU00801104,0.3961359617992828,Groen_Verharding,weighted_mean,Groen & Verharding
BU00801105,1.0248805696437846,Groen_Verharding,weighted_mean,Groen & Verharding
BU00801106,1.0819368018485245,Groen_Verharding,weighted_mean,Groen & Verharding
BU00801107,0.634719491350573,Groen_Verharding,weighted_mean,Groen & Verharding
BU00801108,0.6344625406687949,Groen_Verharding,weighted_mean,Groen & Verharding
BU00801109,0.4672709088445793,Groen_Verharding,weighted_mean,Groen & Verharding
WK008020,0.7539304382964812,Groen_Verharding,weighted_mean,Groen & Verharding
BU00802001,0.503138737445421,Groen_Verharding,weighted_mean,Groen & Verharding
BU00802002,0.620208025042275,Groen_Verharding,weighted_mean,Groen & Verharding
BU00802003,0.44125887796688607,Groen_Verharding,weighted_mean,Groen & Verharding
BU00802004,0.8333715617190338,Groen_Verharding,weighted_mean,Groen & Verharding
BU00802005,1.4978385840520687,Groen_Verharding,weighted_mean,Groen & Verharding
BU00802006,0.4287161224824441,Groen_Verharding,weighted_mean,Groen & Verharding
BU00802007,0.46003374388750123,Groen_Verharding,weighted_mean,Groen & Verharding
BU00802008,0.2237038125928464,Groen_Verharding,weighted_mean,Groen & Verharding
BU00802009,0.4329950917468619,Groen_Verharding,weighted_mean,Groen & Verharding
WK008030,0.7539304382964812,Groen_Verharding,weighted_mean,Groen & Verharding
BU00803001,0.5160766356428329,Groen_Verharding,weighted_mean,Groen & Verharding
BU00803002,0.640143572528138,Groen_Verharding,weighted_mean,Groen & Verharding
BU00803003,1.3281805395135786,Groen_Verharding,weighted_mean,Groen & Verharding
BU00803004,0.42036184993570813,Groen_Verharding,weighted_mean,Groen & Verharding
BU00803005,0.6631928393526939,Groen_Verharding,weighted_mean,Groen & Verharding
BU00803006,0.5709514428713699,Groen_Verharding,weighted_mean,Groen & Verharding
BU00803007,1.0621896275037785,Groen_Verharding,weighted_mean,Groen & Verharding
WK008031,0.22569171164410776,Groen_Verharding,weighted_mean,Groen & Verharding
BU00803101,0.8578928997171611,Groen_Verharding,weighted_mean,Groen & Verharding
BU00803102,-0.4358530062770515,Groen_Verharding,weighted_mean,Groen & Verharding
WK008032,1.0431418793204779,Groen_Verharding,weighted_mean,Groen & Verharding
BU00803201,0.5790501460247637,Groen_Verharding,weighted_mean,Groen & Verharding
BU00803202,0.6108270113634938,Groen_Verharding,weighted_mean,Groen & Verharding
BU00803203,0.4667800870319251,Groen_Verharding,weighted_mean,Groen & Verharding
BU00803204,0.5153479519039798,Groen_Verharding,weighted_mean,Groen & Verharding
WK008040,0.9127560733306542,Groen_Verharding,weighted_mean,Groen & Verharding
BU00804001,0.455325835145108,Groen_Verharding,weighted_mean,Groen & Verharding
BU00804002,0.316438463394499,Groen_Verharding,weighted_mean,Groen & Verharding
BU00804003,0.7653827886703714,Groen_Verharding,weighted_mean,Groen & Verharding
BU00804004,0.7177235915167908,Groen_Verharding,weighted_mean,Groen & Verharding
WK008041,0.23100308151330756,Groen_Verharding,weighted_mean,Groen & Verharding
BU00804101,1.1119889641594893,Groen_Verharding,weighted_mean,Groen & Verharding
BU00804102,0.45455594033799707,Groen_Verharding,weighted_mean,Groen & Verharding
BU00804103,0.39635785561011455,Groen_Verharding,weighted_mean,Groen & Verharding
BU00804104,0.5341392578804851,Groen_Verharding,weighted_mean,Groen & Verharding
BU00804105,0.38885431246727437,Groen_Verharding,weighted_mean,Groen & Verharding
BU00804106,1.3096207443913062,Groen_Verharding,weighted_mean,Groen & Verharding
BU00804107,1.4815230415258616,Groen_Verharding,weighted_mean,Groen & Verharding
BU00804108,0.6985108507359303,Groen_Verharding,weighted_mean,Groen & Verharding
BU00804109,-0.4788885371434752,Groen_Verharding,weighted_mean,Groen & Verharding
BU00804110,0.2440332850057822,Groen_Verharding,weighted_mean,Groen & Verharding
WK008050,0.7891228838248892,Groen_Verharding,weighted_mean,Groen & Verharding
BU00805001,1.6836898678921985,Groen_Verharding,weighted_mean,Groen & Verharding
BU00805002,1.2314196764436562,Groen_Verharding,weighted_mean,Groen & Verharding
BU00805003,0.5762470236359596,Groen_Verharding,weighted_mean,Groen & Verharding
WK008051,0.4222885557633379,Groen_Verharding,weighted_mean,Groen & Verharding
BU00805101,1.0974996301388131,Groen_Verharding,weighted_mean,Groen & Verharding
BU00805102,0.8951198963670876,Groen_Verharding,weighted_mean,Groen & Verharding
BU00805103,1.0459566344202922,Groen_Verharding,weighted_mean,Groen & Verharding
BU00805104,0.2960756234550655,Groen_Verharding,weighted_mean,Groen & Verharding
BU00805105,2.1377464331097924,Groen_Verharding,weighted_mean,Groen & Verharding
WK008060,0.4403682328885425,Groen_Verharding,weighted_mean,Groen & Verharding
BU00806001,1.1139148612871377,Groen_Verharding,weighted_mean,Groen & Verharding
BU00806002,0.7512470265086493,Groen_Verharding,weighted_mean,Groen & Verharding
BU00806003,0.3926585683972018,Groen_Verharding,weighted_mean,Groen & Verharding
WK008061,0.7900350401194295,Groen_Verharding,weighted_mean,Groen & Verharding
BU00806101,0.9949552784456135,Groen_Verharding,weighted_mean,Groen & Verharding
BU00806102,1.268488413698993,Groen_Verharding,weighted_mean,Groen & Verharding
WK008062,-0.05812449198878888,Groen_Verharding,weighted_mean,Groen & Verharding
BU00806201,0.4714777838463609,Groen_Verharding,weighted_mean,Groen & Verharding
BU00806202,0.2062963307438479,Groen_Verharding,weighted_mean,Groen & Verharding
BU00806203,-0.8080845022259409,Groen_Verharding,weighted_mean,Groen & Verharding
BU00806204,0.6578637163456453,Groen_Verharding,weighted_mean,Groen & Verharding
BU00806205,-0.08301289357255516,Groen_Verharding,weighted_mean,Groen & Verharding
BU00806206,0.026308319137335244,Groen_Verharding,weighted_mean,Groen & Verharding
BU00806207,0.33889913063066845,Groen_Verharding,weighted_mean,Groen & Verharding
BU00806208,-0.9582533474847104,Groen_Verharding,weighted_mean,Groen & Verharding
BU00806209,0.1349474329595513,Groen_Verharding,weighted_mean,Groen & Verharding
BU00806210,-0.5230873177179314,Groen_Verharding,weighted_mean,Groen & Verharding
WK008063,0.23131236612935316,Groen_Verharding,weighted_mean,Groen & Verharding
BU00806301,0.6086640213426768,Groen_Verharding,weighted_mean,Groen & Verharding
BU00806302,-0.12619190894952012,Groen_Verharding,weighted_mean,Groen & Verharding
BU00806303,-0.3571720769049455,Groen_Verharding,weighted_mean,Groen & Verharding
BU00806304,-0.08437349181448464,Groen_Verharding,weighted_mean,Groen & Verharding
BU00806305,0.4814970985256337,Groen_Verharding,weighted_mean,Groen & Verharding
BU00806306,-0.5440172816015949,Groen_Verharding,weighted_mean,Groen & Verharding
BU00806307,-0.3266652226259834,Groen_Verharding,weighted_mean,Groen & Verharding
WK008070,0.4502557338720483,Groen_Verharding,weighted_mean,Groen & Verharding
BU00807001,0.9734553840617896,Groen_Verharding,weighted_mean,Groen & Verharding
BU00807002,0.9200731018942507,Groen_Verharding,weighted_mean,Groen & Verharding
BU00807003,0.8225404070516066,Groen_Verharding,weighted_mean,Groen & Verharding
BU00807004,0.4631556173123825,Groen_Verharding,weighted_mean,Groen & Verharding
WK008071,0.6626028671262765,Groen_Verharding,weighted_mean,Groen & Verharding
BU00807101,0.7740930516655719,Groen_Verharding,weighted_mean,Groen & Verharding
WK008072,0.2292649579227766,Groen_Verharding,weighted_mean,Groen & Verharding
BU00807201,0.33197970566380475,Groen_Verharding,weighted_mean,Groen & Verharding
BU00807202,0.5150485766150102,Groen_Verharding,weighted_mean,Groen & Verharding
BU00807203,0.7423892183184095,Groen_Verharding,weighted_mean,Groen & Verharding
WK008073,0.09352993721551056,Groen_Verharding,weighted_mean,Groen & Verharding
BU00807301,-0.07657907410006748,Groen_Verharding,weighted_mean,Groen & Verharding
BU00807302,0.6799184654482742,Groen_Verharding,weighted_mean,Groen & Verharding
BU00807303,0.38714282421776475,Groen_Verharding,weighted_mean,Groen & Verharding
BU00807304,-0.7418924218576062,Groen_Verharding,weighted_mean,Groen & Verharding
BU00807305,0.43005543019248943,Groen_Verharding,weighted_mean,Groen & Verharding
BU00807306,0.4328384344146105,Groen_Verharding,weighted_mean,Groen & Verharding
WK008074,0.39101052403481934,Groen_Verharding,weighted_mean,Groen & Verharding
BU00807401,-0.9205787665475864,Groen_Verharding,weighted_mean,Groen & Verharding
BU00807402,-0.04808109511426678,Groen_Verharding,weighted_mean,Groen & Verharding
BU00807403,0.4393158274124451,Groen_Verharding,weighted_mean,Groen & Verharding
BU00807404,0.07771564549082152,Groen_Verharding,weighted_mean,Groen & Verharding
BU00807405,-0.09203405866470996,Groen_Verharding,weighted_mean,Groen & Verharding
WK008080,-0.30578788082505093,Groen_Verharding,weighted_mean,Groen & Verharding
BU00808001,0.5110978164413912,Groen_Verharding,weighted_mean,Groen & Verharding
BU00808002,-0.4913869659278818,Groen_Verharding,weighted_mean,Groen & Verharding
BU00808003,-0.3488360239317891,Groen_Verharding,weighted_mean,Groen & Verharding
BU00808004,0.19000475749243198,Groen_Verharding,weighted_mean,Groen & Verharding
BU00808005,-0.6273363494752184,Groen_Verharding,weighted_mean,Groen & Verharding
BU00808006,-0.7093443707027479,Groen_Verharding,weighted_mean,Groen & Verharding
BU00808007,0.15950358149049912,Groen_Verharding,weighted_mean,Groen & Verharding
BU00808008,0.19205734644681333,Groen_Verharding,weighted_mean,Groen & Verharding
WK008081,-0.1278560557531603,Groen_Verharding,weighted_mean,Groen & Verharding
BU00808101,0.34340359037178614,Groen_Verharding,weighted_mean,Groen & Verharding
BU00808102,-0.6699203590699171,Groen_Verharding,weighted_mean,Groen & Verharding
BU00808103,0.6689390904912544,Groen_Verharding,weighted_mean,Groen & Verharding
BU00808104,-1.2914289272046287,Groen_Verharding,weighted_mean,Groen & Verharding
BU00808105,0.145691038219999,Groen_Verharding,weighted_mean,Groen & Verharding
BU00808106,-1.0847516822675896,Groen_Verharding,weighted_mean,Groen & Verharding
BU00808107,-0.6396798341587159,Groen_Verharding,weighted_mean,Groen & Verharding
BU00808108,-0.4576176667619957,Groen_Verharding,weighted_mean,Groen & Verharding
BU00808109,0.20027608976993377,Groen_Verharding,weighted_mean,Groen & Verharding
BU00808110,-0.4562001683042739,Groen_Verharding,weighted_mean,Groen & Verharding
BU00808111,0.19098795830614754,Groen_Verharding,weighted_mean,Groen & Verharding
BU00808112,-0.7691085452455227,Groen_Verharding,weighted_mean,Groen & Verharding
BU00808113,-0.48708861886193444,Groen_Verharding,weighted_mean,Groen & Verharding
BU00808114,-0.8685041243898289,Groen_Verharding,weighted_mean,Groen & Verharding
BU00808115,-0.6090407432017573,Groen_Verharding,weighted_mean,Groen & Verharding
BU00808116,0.7955237134717508,Groen_Verharding,weighted_mean,Groen & Verharding
BU00808117,-0.34330066772015344,Groen_Verharding,weighted_mean,Groen & Verharding
WK008082,0.23131236612935316,Groen_Verharding,weighted_mean,Groen & Verharding
BU00808201,0.24111138676552313,Groen_Verharding,weighted_mean,Groen & Verharding
BU00808202,-1.112177700002707,Groen_Verharding,weighted_mean,Groen & Verharding
BU00808203,-0.5913324180990284,Groen_Verharding,weighted_mean,Groen & Verharding
BU00808204,-0.19375508671387698,Groen_Verharding,weighted_mean,Groen & Verharding
BU00808205,-0.819305591335382,Groen_Verharding,weighted_mean,Groen & Verharding
BU00808206,0.4135934701935862,Groen_Verharding,weighted_mean,Groen & Verharding
BU00808207,-0.408919882732108,Groen_Verharding,weighted_mean,Groen & Verharding
BU00808208,0.3815747072248254,Groen_Verharding,weighted_mean,Groen & Verharding
BU00808209,-0.6760277430253608,Groen_Verharding,weighted_mean,Groen & Verharding
GM1970,0.4222885557633379,Groen_Verharding,weighted_mean,Groen & Verharding
WK197000,0.42228855576333785,Groen_Verharding,weighted_mean,Groen & Verharding
BU19700000,0.13189081515885562,Groen_Verharding,weighted_mean,Groen & Verharding
BU19700001,0.1084022847950166,Groen_Verharding,weighted_mean,Groen & Verharding
BU19700002,0.42502725287314974,Groen_Verharding,weighted_mean,Groen & Verharding
BU19700003,0.5043650653082793,Groen_Verharding,weighted_mean,Groen & Verharding
BU19700004,-0.5148601853314834,Groen_Verharding,weighted_mean,Groen & Verharding
BU19700005,0.5168841551374627,Groen_Verharding,weighted_mean,Groen & Verharding
BU19700006,-0.08761924973299215,Groen_Verharding,weighted_mean,Groen & Verharding
BU19700007,-0.4498929994631381,Groen_Verharding,weighted_mean,Groen & Verharding
BU19700008,-0.050657340802503135,Groen_Verharding,weighted_mean,Groen & Verharding
BU19700009,0.4414542168248804,Groen_Verharding,weighted_mean,Groen & Verharding
BU19700010,-0.037958317942761825,Groen_Verharding,weighted_mean,Groen & Verharding
BU19700011,0.41622228815130025,Groen_Verharding,weighted_mean,Groen & Verharding
WK197001,-0.3422559378841907,Groen_Verharding,weighted_mean,Groen & Verharding
BU19700100,-0.12375329046652565,Groen_Verharding,weighted_mean,Groen & Verharding
BU19700101,-0.6592793489503989,Groen_Verharding,weighted_mean,Groen & Verharding
BU19700102,-0.3804618020232971,Groen_Verharding,weighted_mean,Groen & Verharding
BU19700103,-0.5475946421580181,Groen_Verharding,weighted_mean,Groen & Verharding
BU19700104,-0.6934296357138913,Groen_Verharding,weighted_mean,Groen & Verharding
BU19700105,-0.4331809336087442,Groen_Verharding,weighted_mean,Groen & Verharding
BU19700107,0.13861834595629757,Groen_Verharding,weighted_mean,Groen & Verharding
BU19700108,-0.1975919003789476,Groen_Verharding,weighted_mean,Groen & Verharding
BU19700109,-0.9678570723945735,Groen_Verharding,weighted_mean,Groen & Verharding
WK197002,-0.4613810929430915,Groen_Verharding,weighted_mean,Groen & Verharding
BU19700200,-0.3144021173725693,Groen_Verharding,weighted_mean,Groen & Verharding
BU19700201,-0.598111128059449,Groen_Verharding,weighted_mean,Groen & Verharding
BU19700202,0.28172693876938393,Groen_Verharding,weighted_mean,Groen & Verharding
BU19700208,-0.9739421619627354,Groen_Verharding,weighted_mean,Groen & Verharding
BU19700209,-0.9172601006826085,Groen_Verharding,weighted_mean,Groen & Verharding
WK197003,-0.2645134599326772,Groen_Verharding,weighted_mean,Groen & Verharding
BU19700300,-0.40118255715856466,Groen_Verharding,weighted_mean,Groen & Verharding
BU19700301,-0.5322911494708342,Groen_Verharding,weighted_mean,Groen & Verharding
BU19700302,-0.5832119545681541,Groen_Verharding,weighted_mean,Groen & Verharding
BU19700303,0.7678764376276653,Groen_Verharding,weighted_mean,Groen & Verharding
BU19700307,0.3182102598279248,Groen_Verharding,weighted_mean,Groen & Verharding
BU19700308,-0.7576073748173581,Groen_Verharding,weighted_mean,Groen & Verharding
BU19700309,-0.9315551541975491,Groen_Verharding,weighted_mean,Groen & Verharding
WK197004,-0.3287045764508936,Groen_Verharding,weighted_mean,Groen & Verharding
BU19700400,0.11944414667419465,Groen_Verharding,weighted_mean,Groen & Verharding
BU19700401,-0.9273774971325286,Groen_Verharding,weighted_mean,Groen & Verharding
BU19700408,-0.458232756544932,Groen_Verharding,weighted_mean,Groen & Verharding
BU19700409,-1.0874081366164057,Groen_Verharding,weighted_mean,Groen & Verharding
WK197005,-0.31083303872680024,Groen_Verharding,weighted_mean,Groen & Verharding
BU19700500,0.2505200376363448,Groen_Verharding,weighted_mean,Groen & Verharding
BU19700501,0.34644320031250647,Groen_Verharding,weighted_mean,Groen & Verharding
BU19700502,0.04066070656924861,Groen_Verharding,weighted_mean,Groen & Verharding
BU19700503,-0.4647269477374637,Groen_Verharding,weighted_mean,Groen & Verharding
BU19700506,-0.7562834832064217,Groen_Verharding,weighted_mean,Groen & Verharding
BU19700507,-0.6927017517933182,Groen_Verharding,weighted_mean,Groen & Verharding
BU19700508,-0.719809233895158,Groen_Verharding,weighted_mean,Groen & Verharding
BU19700509,-0.10436731547753109,Groen_Verharding,weighted_mean,Groen & Verharding
WK197006,-0.2645134599326772,Groen_Verharding,weighted_mean,Groen & Verharding
BU19700600,0.31112321430086765,Groen_Verharding,weighted_mean,Groen & Verharding
BU19700601,-0.6110287549464809,Groen_Verharding,weighted_mean,Groen & Verharding
BU19700602,0.226971664317493,Groen_Verharding,weighted_mean,Groen & Verharding
BU19700603,-0.7073313474496066,Groen_Verharding,weighted_mean,Groen & Verharding
BU19700604,-1.2758896358554144,Groen_Verharding,weighted_mean,Groen & Verharding
BU19700605,-0.4711368723036048,Groen_Verharding,weighted_mean,Groen & Verharding
BU19700608,-0.7923414516904779,Groen_Verharding,weighted_mean,Groen & Verharding
BU19700609,-0.8631226409113509,Groen_Verharding,weighted_mean,Groen & Verharding
WK197007,-0.28468806180911266,Groen_Verharding,weighted_mean,Groen & Verharding
BU19700700,-0.011104722745663672,Groen_Verharding,weighted_mean,Groen & Verharding
BU19700701,-0.20344182071380532,Groen_Verharding,weighted_mean,Groen & Verharding
BU19700702,-0.6529673672430762,Groen_Verharding,weighted_mean,Groen & Verharding
BU19700703,-0.8267529990130922,Groen_Verharding,weighted_mean,Groen & Verharding
BU19700708,-0.47293534537067566,Groen_Verharding,weighted_mean,Groen & Verharding
BU19700709,-0.7963152065734598,Groen_Verharding,weighted_mean,Groen & Verharding
WK197008,-0.30578788082505093,Groen_Verharding,weighted_mean,Groen & Verharding
BU19700800,0.16040140974331732,Groen_Verharding,weighted_mean,Groen & Verharding
BU19700801,0.1938132345417125,Groen_Verharding,weighted_mean,Groen & Verharding
BU19700802,-0.1453952077409425,Groen_Verharding,weighted_mean,Groen & Verharding
BU19700803,-0.9157620439292383,Groen_Verharding,weighted_mean,Groen & Verharding
BU19700807,-1.0427208288501058,Groen_Verharding,weighted_mean,Groen & Verharding
BU19700808,-0.5946259600441561,Groen_Verharding,weighted_mean,Groen & Verharding
BU19700809,-0.44438998156229664,Groen_Verharding,weighted_mean,Groen & Verharding
WK197009,-0.30578788082505093,Groen_Verharding,weighted_mean,Groen & Verharding
BU19700900,0.30216078671982716,Groen_Verharding,weighted_mean,Groen & Verharding
BU19700909,-0.8946262583968071,Groen_Verharding,weighted_mean,Groen & Verharding
WK197010,-0.37476004716969585,Groen_Verharding,weighted_mean,Groen & Verharding
BU19701000,0.127910350602329,Groen_Verharding,weighted_mean,Groen & Verharding
BU19701001,-0.37810174579666617,Groen_Verharding,weighted_mean,Groen & Verharding
BU19701002,-0.657909668567984,Groen_Verharding,weighted_mean,Groen & Verharding
BU19701003,-0.7119038983786029,Groen_Verharding,weighted_mean,Groen & Verharding
BU19701004,-0.8734803714853885,Groen_Verharding,weighted_mean,Groen & Verharding
BU19701005,-0.46530857100328604,Groen_Verharding,weighted_mean,Groen & Verharding
BU19701006,-0.7102564293929456,Groen_Verharding,weighted_mean,Groen & Verharding
BU19701008,-0.7103170217617868,Groen_Verharding,weighted_mean,Groen & Verharding
BU19701009,-0.7352178667082785,Groen_Verharding,weighted_mean,Groen & Verharding
WK197011,0.13595993561610706,Groen_Verharding,weighted_mean,Groen & Verharding
BU19701100,0.559226516425148,Groen_Verharding,weighted_mean,Groen & Verharding
BU19701109,-0.5666628455960192,Groen_Verharding,weighted_mean,Groen & Verharding
WK197012,-0.07044839834626901,Groen_Verharding,weighted_mean,Groen & Verharding
BU19701200,-0.46350442466329583,Groen_Verharding,weighted_mean,Groen & Verharding
BU19701201,-0.5882404559710646,Groen_Verharding,weighted_mean,Groen & Verharding
BU19701202,-0.5287874067105869,Groen_Verharding,weighted_mean,Groen & Verharding
BU19701203,-0.3484941293775816,Groen_Verharding,weighted_mean,Groen & Verharding
BU19701204,-0.6959634837616484,Groen_Verharding,weighted_mean,Groen & Verharding
BU19701206,-0.4303800866476946,Groen_Verharding,weighted_mean,Groen & Verharding
BU19701207,-0.377053837210501,Groen_Verharding,weighted_mean,Groen & Verharding
BU19701208,-1.162776034303641,Groen_Verharding,weighted_mean,Groen & Verharding
BU19701209,0.44878792345460905,Groen_Verharding,weighted_mean,Groen & Verharding
WK197013,-0.29622808544505197,Groen_Verharding,weighted_mean,Groen & Verharding
BU19701300,-0.21398212513613427,Groen_Verharding,weighted_mean,Groen & Verharding
BU19701301,-0.31944489267457654,Groen_Verharding,weighted_mean,Groen & Verharding
BU19701302,0.1366164774052108,Groen_Verharding,weighted_mean,Groen & Verharding
BU19701308,-0.24254319968606042,Groen_Verharding,weighted_mean,Groen & Verharding
BU19701309,-0.2440811335973872,Groen_Verharding,weighted_mean,Groen & Verharding
WK197014,-0.05812449198878888,Groen_Verharding,weighted_mean,Groen & Verharding
BU19701400,0.08531400402893635,Groen_Verharding,weighted_mean,Groen & Verharding
BU19701401,0.18294576818057975,Groen_Verharding,weighted_mean,Groen & Verharding
BU19701402,-0.09806488099692123,Groen_Verharding,weighted_mean,Groen & Verharding
BU19701409,-0.8343647926937797,Groen_Verharding,weighted_mean,Groen & Verharding
GM0085,0.4222885557633379,Groen_Verharding,weighted_mean,Groen & Verharding
WK008501,-0.07056232805073401,Groen_Verharding,weighted_mean,Groen & Verharding
BU00850101,0.38533913405505404,Groen_Verharding,weighted_mean,Groen & Verharding
BU00850102,0.6985351319224196,Groen_Verharding,weighted_mean,Groen & Verharding
BU00850103,-0.1567524285560226,Groen_Verharding,weighted_mean,Groen & Verharding
BU00850104,0.1877996498258559,Groen_Verharding,weighted_mean,Groen & Verharding
BU00850105,0.23736369335748866,Groen_Verharding,weighted_mean,Groen & Verharding
BU00850106,-0.2773412170204537,Groen_Verharding,weighted_mean,Groen & Verharding
BU00850107,1.0560809281057306,Groen_Verharding,weighted_mean,Groen & Verharding
BU00850108,-0.046618373668634874,Groen_Verharding,weighted_mean,Groen & Verharding
BU00850109,-0.055715961471715,Groen_Verharding,weighted_mean,Groen & Verharding
BU00850110,0.5196473970614952,Groen_Verharding,weighted_mean,Groen & Verharding
BU00850111,0.49489796369584627,Groen_Verharding,weighted_mean,Groen & Verharding
WK008502,-0.29622808544505197,Groen_Verharding,weighted_mean,Groen & Verharding
BU00850201,0.26077724224320353,Groen_Verharding,weighted_mean,Groen & Verharding
BU00850202,0.5983181884738399,Groen_Verharding,weighted_mean,Groen & Verharding
BU00850203,0.1547234489671664,Groen_Verharding,weighted_mean,Groen & Verharding
WK008503,-0.5171150002113244,Groen_Verharding,weighted_mean,Groen & Verharding
BU00850301,0.43424468426809154,Groen_Verharding,weighted_mean,Groen & Verharding
BU00850302,-0.44251251692688,Groen_Verharding,weighted_mean,Groen & Verharding
WK008504,-0.1206953671238024,Groen_Verharding,weighted_mean,Groen & Verharding
BU00850401,0.36863541074491374,Groen_Verharding,weighted_mean,Groen & Verharding
BU00850402,0.057012031568043395,Groen_Verharding,weighted_mean,Groen & Verharding
WK008505,-0.46311099949467915,Groen_Verharding,weighted_mean,Groen & Verharding
BU00850501,-0.3113158012787164,Groen_Verharding,weighted_mean,Groen & Verharding
BU00850502,-0.7170729143129314,Groen_Verharding,weighted_mean,Groen & Verharding
WK008506,-0.05812449198878888,Groen_Verharding,weighted_mean,Groen & Verharding
BU00850601,-0.25519803655936973,Groen_Verharding,weighted_mean,Groen & Verharding
BU00850602,-0.2759731878143813,Groen_Verharding,weighted_mean,Groen & Verharding
BU00850603,-0.09735608367836365,Groen_Verharding,weighted_mean,Groen & Verharding
BU00850604,-0.4614030086890577,Groen_Verharding,weighted_mean,Groen & Verharding
BU00850605,-0.22294847463305079,Groen_Verharding,weighted_mean,Groen & Verharding
BU00850606,-0.3822638407319047,Groen_Verharding,weighted_mean,Groen & Verharding
BU00850607,0.18044467309789874,Groen_Verharding,weighted_mean,Groen & Verharding
BU00850608,-0.2017110092794021,Groen_Verharding,weighted_mean,Groen & Verharding
WK008507,-0.4661860097023525,Groen_Verharding,weighted_mean,Groen & Verharding
BU00850701,-0.06523113099093994,Groen_Verharding,weighted_mean,Groen & Verharding
BU00850702,-0.4866990797296483,Groen_Verharding,weighted_mean,Groen & Verharding
WK008508,-0.5364637540812242,Groen_Verharding,weighted_mean,Groen & Verharding
BU00850801,0.3647061306936304,Groen_Verharding,weighted_mean,Groen & Verharding
BU00850802,0.1520153131343575,Groen_Verharding,weighted_mean,Groen & Verharding
WK008509,-0.5974661407109872,Groen_Verharding,weighted_mean,Groen & Verharding
BU00850901,0.20406104127345598,Groen_Verharding,weighted_mean,Groen & Verharding
BU00850902,-0.12065764509306828,Groen_Verharding,weighted_mean,Groen & Verharding
WK008510,-0.37178627624954225,Groen_Verharding,weighted_mean,Groen & Verharding
BU00851001,0.6580218277136315,Groen_Verharding,weighted_mean,Groen & Verharding
BU00851002,0.772575386383946,Groen_Verharding,weighted_mean,Groen & Verharding
BU00851003,-0.11408393106864707,Groen_Verharding,weighted_mean,Groen & Verharding
WK008511,0.42228855576333796,Groen_Verharding,weighted_mean,Groen & Verharding
BU00851101,0.6309572309603563,Groen_Verharding,weighted_mean,Groen & Verharding
BU00851102,0.8565793076901717,Groen_Verharding,weighted_mean,Groen & Verharding
BU00851103,0.9187151963201904,Groen_Verharding,weighted_mean,Groen & Verharding
BU00851104,0.35374431792678207,Groen_Verharding,weighted_mean,Groen & Verharding
BU00851105,1.1947958899535682,Groen_Verharding,weighted_mean,Groen & Verharding
BU00851106,0.6475359135570125,Groen_Verharding,weighted_mean,Groen & Verharding
BU00851107,0.5236365087502328,Groen_Verharding,weighted_mean,Groen & Verharding
BU00851108,0.7772470113413381,Groen_Verharding,weighted_mean,Groen & Verharding
BU00851109,0.9818305118724358,Groen_Verharding,weighted_mean,Groen & Verharding
BU00851110,0.6339181304730481,Groen_Verharding,weighted_mean,Groen & Verharding
BU00851111,0.8028877817400718,Groen_Verharding,weighted_mean,Groen & Verharding
BU00851112,0.6759411312096368,Groen_Verharding,weighted_mean,Groen & Verharding
BU00851113,0.7745619187650273,Groen_Verharding,weighted_mean,Groen & Verharding
BU00851114,0.7885328634722296,Groen_Verharding,weighted_mean,Groen & Verharding
BU00851115,1.0794173483913676,Groen_Verharding,weighted_mean,Groen & Verharding
BU00851116,0.5856298634971945,Groen_Verharding,weighted_mean,Groen & Verharding
BU00851117,0.47505794266683105,Groen_Verharding,weighted_mean,Groen & Verharding
BU00851118,-0.16174657900704342,Groen_Verharding,weighted_mean,Groen & Verharding
WK008512,-0.6888517067058475,Groen_Verharding,weighted_mean,Groen & Verharding
BU00851201,-0.13964090766829237,Groen_Verharding,weighted_mean,Groen & Verharding
BU00851202,0.6835679824056151,Groen_Verharding,weighted_mean,Groen & Verharding
WK008513,-0.4864443870566196,Groen_Verharding,weighted_mean,Groen & Verharding
BU00851301,0.1844091180765052,Groen_Verharding,weighted_mean,Groen & Verharding
BU00851302,-0.4654272788306068,Groen_Verharding,weighted_mean,Groen & Verharding
GM0086,0.422288555763338,Groen_Verharding,weighted_mean,Groen & Verharding
WK008601,-0.297377565431126,Groen_Verharding,weighted_mean,Groen & Verharding
BU00860101,-0.08597717346690686,Groen_Verharding,weighted_mean,Groen & Verharding
BU00860102,0.21197954511593128,Groen_Verharding,weighted_mean,Groen & Verharding
BU00860103,0.3727421882048927,Groen_Verharding,weighted_mean,Groen & Verharding
WK008602,-0.02625739351889941,Groen_Verharding,weighted_mean,Groen & Verharding
BU00860201,1.08514419537211,Groen_Verharding,weighted_mean,Groen & Verharding
BU00860202,0.7651244375226705,Groen_Verharding,weighted_mean,Groen & Verharding
BU00860203,0.8537133763218496,Groen_Verharding,weighted_mean,Groen & Verharding
BU00860204,0.5929043512930315,Groen_Verharding,weighted_mean,Groen & Verharding
BU00860205,0.9152698580691377,Groen_Verharding,weighted_mean,Groen & Verharding
BU00860206,0.9369137251321011,Groen_Verharding,weighted_mean,Groen & Verharding
BU00860207,0.820904562524565,Groen_Verharding,weighted_mean,Groen & Verharding
BU00860208,0.2605771972112583,Groen_Verharding,weighted_mean,Groen & Verharding
BU00860209,0.670969390071178,Groen_Verharding,weighted_mean,Groen & Verharding
WK008604,-0.4748556461751741,Groen_Verharding,weighted_mean,Groen & Verharding
BU00860401,0.5651893979897664,Groen_Verharding,weighted_mean,Groen & Verharding
BU00860402,-0.8763948013935818,Groen_Verharding,weighted_mean,Groen & Verharding
WK008605,0.2592795442380636,Groen_Verharding,weighted_mean,Groen & Verharding
BU00860501,0.37562325861326257,Groen_Verharding,weighted_mean,Groen & Verharding
BU00860502,0.549865581311718,Groen_Verharding,weighted_mean,Groen & Verharding
BU00860503,0.9505310143370373,Groen_Verharding,weighted_mean,Groen & Verharding
BU00860504,0.8173880460804135,Groen_Verharding,weighted_mean,Groen & Verharding
BU00860505,0.9208115503137424,Groen_Verharding,weighted_mean,Groen & Verharding
BU00860506,0.8266976659048135,Groen_Verharding,weighted_mean,Groen & Verharding
BU00860507,1.3964582752739008,Groen_Verharding,weighted_mean,Groen & Verharding
BU00860508,-0.8049553729312867,Groen_Verharding,weighted_mean,Groen & Verharding
WK008606,-0.282640951882899,Groen_Verharding,weighted_mean,Groen & Verharding
BU00860601,0.665900549389409,Groen_Verharding,weighted_mean,Groen & Verharding
BU00860602,-0.10202800476976942,Groen_Verharding,weighted_mean,Groen & Verharding
WK008607,-0.4706161617523784,Groen_Verharding,weighted_mean,Groen & Verharding
BU00860701,0.15840751151647878,Groen_Verharding,weighted_mean,Groen & Verharding
BU00860702,-0.6117937425706295,Groen_Verharding,weighted_mean,Groen & Verharding
WK008608,-0.3766192682906005,Groen_Verharding,weighted_mean,Groen & Verharding
BU00860801,0.47345426545099883,Groen_Verharding,weighted_mean,Groen & Verharding
BU00860802,-0.4808165065441899,Groen_Verharding,weighted_mean,Groen & Verharding
WK008609,-0.4352784087511731,Groen_Verharding,weighted_mean,Groen & Verharding
BU00860901,0.2991602210775685,Groen_Verharding,weighted_mean,Groen & Verharding
BU00860902,-0.3788133966961686,Groen_Verharding,weighted_mean,Groen & Verharding
WK008610,-0.47011959123590313,Groen_Verharding,weighted_mean,Groen & Verharding
BU00861001,0.6584161503470737,Groen_Verharding,weighted_mean,Groen & Verharding
BU00861002,-0.6071689764521373,Groen_Verharding,weighted_mean,Groen & Verharding
WK008611,-0.37178627624954236,Groen_Verharding,weighted_mean,Groen & Verharding
BU00861101,0.4109217444571131,Groen_Verharding,weighted_mean,Groen & Verharding
BU00861102,-0.4766346073964206,Groen_Verharding,weighted_mean,Groen & Verharding
WK008613,-0.14977993240344684,Groen_Verharding,weighted_mean,Groen & Verharding
BU00861301,0.39701087157317316,Groen_Verharding,weighted_mean,Groen & Verharding
BU00861302,-0.927856090631016,Groen_Verharding,weighted_mean,Groen & Verharding
WK008614,-0.3781006856511942,Groen_Verharding,weighted_mean,Groen & Verharding
BU00861401,0.3381874980906175,Groen_Verharding,weighted_mean,Groen & Verharding
BU00861402,-0.18463084566042975,Groen_Verharding,weighted_mean,Groen & Verharding
WK008615,-0.2976998140745775,Groen_Verharding,weighted_mean,Groen & Verharding
BU00861501,0.7737837231981272,Groen_Verharding,weighted_mean,Groen & Verharding
BU00861502,-0.1688747335925191,Groen_Verharding,weighted_mean,Groen & Verharding
WK008616,0.027682326151318173,Groen_Verharding,weighted_mean,Groen & Verharding
BU00861601,0.4163274828509935,Groen_Verharding,weighted_mean,Groen & Verharding
BU00861602,0.6790398348008216,Groen_Verharding,weighted_mean,Groen & Verharding
BU00861603,0.3808330502577164,Groen_Verharding,weighted_mean,Groen & Verharding
BU00861604,0.3587184457237135,Groen_Verharding,weighted_mean,Groen & Verharding
BU00861605,0.696683709708583,Groen_Verharding,weighted_mean,Groen & Verharding
BU00861606,0.44316541700327006,Groen_Verharding,weighted_mean,Groen & Verharding
BU00861607,-0.24065099454427585,Groen_Verharding,weighted_mean,Groen & Verharding
WK008617,-0.2645134599326772,Groen_Verharding,weighted_mean,Groen & Verharding
BU00861701,0.14037149353404624,Groen_Verharding,weighted_mean,Groen & Verharding
BU00861702,0.6666636010027934,Groen_Verharding,weighted_mean,Groen & Verharding
BU00861703,-0.6519607477837516,Groen_Verharding,weighted_mean,Groen & Verharding
GM0088,-0.049944711585845875,Groen_Verharding,weighted_mean,Groen & Verharding
WK008800,0.031810624034201096,Groen_Verharding,weighted_mean,Groen & Verharding
BU00880000,0.7358949435314585,Groen_Verharding,weighted_mean,Groen & Verharding
BU00880009,1.2295394101209651,Groen_Verharding,weighted_mean,Groen & Verharding
GM0090,0.42228855576333785,Groen_Verharding,weighted_mean,Groen & Verharding
WK009001,0.5540049614525585,Groen_Verharding,weighted_mean,Groen & Verharding
BU00900101,0.31900836764242707,Groen_Verharding,weighted_mean,Groen & Verharding
WK009002,0.28457049728246836,Groen_Verharding,weighted_mean,Groen & Verharding
BU00900201,0.7164927964119188,Groen_Verharding,weighted_mean,Groen & Verharding
BU00900202,1.0417249307397105,Groen_Verharding,weighted_mean,Groen & Verharding
BU00900203,0.6983000673219503,Groen_Verharding,weighted_mean,Groen & Verharding
BU00900204,0.7908043614502034,Groen_Verharding,weighted_mean,Groen & Verharding
BU00900205,0.7673197835094959,Groen_Verharding,weighted_mean,Groen & Verharding
BU00900206,1.0916361477251504,Groen_Verharding,weighted_mean,Groen & Verharding
WK009003,0.45118752423272435,Groen_Verharding,weighted_mean,Groen & Verharding
BU00900301,0.49462974724191033,Groen_Verharding,weighted_mean,Groen & Verharding
BU00900302,1.15676427555808,Groen_Verharding,weighted_mean,Groen & Verharding
BU00900303,1.1174788266144733,Groen_Verharding,weighted_mean,Groen & Verharding
BU00900304,0.7886631853800753,Groen_Verharding,weighted_mean,Groen & Verharding
WK009004,0.3760428203120294,Groen_Verharding,weighted_mean,Groen & Verharding
BU00900401,0.8152224707621839,Groen_Verharding,weighted_mean,Groen & Verharding
BU00900402,1.2807470472418103,Groen_Verharding,weighted_mean,Groen & Verharding
BU00900403,1.17290577176449,Groen_Verharding,weighted_mean,Groen & Verharding
BU00900404,1.0404091849166333,Groen_Verharding,weighted_mean,Groen & Verharding
BU00900405,0.8972747473414178,Groen_Verharding,weighted_mean,Groen & Verharding
BU00900406,1.0179148435999668,Groen_Verharding,weighted_mean,Groen & Verharding
WK009005,0.7905766643538031,Groen_Verharding,weighted_mean,Groen & Verharding
BU00900501,0.787957335904337,Groen_Verharding,weighted_mean,Groen & Verharding
BU00900502,0.757618756513903,Groen_Verharding,weighted_mean,Groen & Verharding
WK009006,0.9648016833438927,Groen_Verharding,weighted_mean,Groen & Verharding
BU00900601,1.1078136461865042,Groen_Verharding,weighted_mean,Groen & Verharding
BU00900602,0.8007707525068545,Groen_Verharding,weighted_mean,Groen & Verharding
BU00900603,0.7353164251739055,Groen_Verharding,weighted_mean,Groen & Verharding
WK009007,0.22926495792277654,Groen_Verharding,weighted_mean,Groen & Verharding
BU00900701,0.47218371188327984,Groen_Verharding,weighted_mean,Groen & Verharding
BU00900702,0.08890745698588633,Groen_Verharding,weighted_mean,Groen & Verharding
BU00900703,0.14517568160827715,Groen_Verharding,weighted_mean,Groen & Verharding
BU00900704,0.42901728538845785,Groen_Verharding,weighted_mean,Groen & Verharding
BU00900705,-0.023279375378969548,Groen_Verharding,weighted_mean,Groen & Verharding
BU00900706,-0.22724109776610385,Groen_Verharding,weighted_mean,Groen & Verharding
WK009008,0.3942626454839589,Groen_Verharding,weighted_mean,Groen & Verharding
BU00900801,0.5011793122650597,Groen_Verharding,weighted_mean,Groen & Verharding
BU00900802,0.8003985738612301,Groen_Verharding,weighted_mean,Groen & Verharding
BU00900803,0.03364444753607205,Groen_Verharding,weighted_mean,Groen & Verharding
WK009009,0.7610679143680854,Groen_Verharding,weighted_mean,Groen & Verharding
BU00900901,0.6463652688604384,Groen_Verharding,weighted_mean,Groen & Verharding
BU00900902,0.5540902640726632,Groen_Verharding,weighted_mean,Groen & Verharding
BU00900903,0.5590913347358683,Groen_Verharding,weighted_mean,Groen & Verharding
BU00900904,1.0288323486133626,Groen_Verharding,weighted_mean,Groen & Verharding
WK009010,1.0005703469737923,Groen_Verharding,weighted_mean,Groen & Verharding
BU00901001,-0.05491209347614287,Groen_Verharding,weighted_mean,Groen & Verharding
BU00901002,0.5527916381059358,Groen_Verharding,weighted_mean,Groen & Verharding
BU00901003,0.4184861675692313,Groen_Verharding,weighted_mean,Groen & Verharding
BU00901004,0.6784308736853717,Groen_Verharding,weighted_mean,Groen & Verharding
WK009011,0.22680030586458627,Groen_Verharding,weighted_mean,Groen & Verharding
BU00901101,0.12060199146505107,Groen_Verharding,weighted_mean,Groen & Verharding
WK009012,-0.27611280971037,Groen_Verharding,weighted_mean,Groen & Verharding
BU00901201,0.17656350666202145,Groen_Verharding,weighted_mean,Groen & Verharding
BU00901202,0.09181577812918394,Groen_Verharding,weighted_mean,Groen & Verharding
WK009013,0.7632395626901317,Groen_Verharding,weighted_mean,Groen & Verharding
BU00901301,0.6206169275532564,Groen_Verharding,weighted_mean,Groen & Verharding
BU00901302,0.8784841844994836,Groen_Verharding,weighted_mean,Groen & Verharding
BU00901303,1.025653355726099,Groen_Verharding,weighted_mean,Groen & Verharding
WK009021,-0.0768052501320695,Groen_Verharding,weighted_mean,Groen & Verharding
BU00902104,-1.0787878307320087,Groen_Verharding,weighted_mean,Groen & Verharding
BU00902105,-1.0652518911283266,Groen_Verharding,weighted_mean,Groen & Verharding
BU00902109,-0.3669788374275074,Groen_Verharding,weighted_mean,Groen & Verharding
BU00902110,-0.39476116166360664,Groen_Verharding,weighted_mean,Groen & Verharding
BU00902114,-0.371819741128856,Groen_Verharding,weighted_mean,Groen & Verharding
WK009022,-0.30578788082505093,Groen_Verharding,weighted_mean,Groen & Verharding
BU00902201,-0.6386796405048162,Groen_Verharding,weighted_mean,Groen & Verharding
BU00902202,-0.2957052288667165,Groen_Verharding,weighted_mean,Groen & Verharding
BU00902203,0.569628603157236,Groen_Verharding,weighted_mean,Groen & Verharding
BU00902206,-0.2593009391605316,Groen_Verharding,weighted_mean,Groen & Verharding
BU00902212,-0.5470341635776357,Groen_Verharding,weighted_mean,Groen & Verharding
BU00902213,-0.5145554997457507,Groen_Verharding,weighted_mean,Groen & Verharding
BU00902215,-0.5672598973979666,Groen_Verharding,weighted_mean,Groen & Verharding
BU00902216,0.09549239437823816,Groen_Verharding,weighted_mean,Groen & Verharding
WK009023,-0.05812449198878888,Groen_Verharding,weighted_mean,Groen & Verharding
BU00902307,-0.6370918931829833,Groen_Verharding,weighted_mean,Groen & Verharding
BU00902308,-0.6469674819574058,Groen_Verharding,weighted_mean,Groen & Verharding
BU00902311,-0.5643361886589763,Groen_Verharding,weighted_mean,Groen & Verharding
GM1900,0.4222885557633379,Groen_Verharding,weighted_mean,Groen & Verharding
WK190000,0.42228855576333796,Groen_Verharding,weighted_mean,Groen & Verharding
BU19000000,0.32431459040166566,Groen_Verharding,weighted_mean,Groen & Verharding
BU19000001,0.6234919121768808,Groen_Verharding,weighted_mean,Groen & Verharding
BU19000002,1.0699843052534552,Groen_Verharding,weighted_mean,Groen & Verharding
BU19000003,0.4783031888204296,Groen_Verharding,weighted_mean,Groen & Verharding
BU19000004,0.7560308817548164,Groen_Verharding,weighted_mean,Groen & Verharding
BU19000009,-0.29460358120849717,Groen_Verharding,weighted_mean,Groen & Verharding
WK190001,0.42228855576333796,Groen_Verharding,weighted_mean,Groen & Verharding
BU19000101,-0.0692424107932576,Groen_Verharding,weighted_mean,Groen & Verharding
BU19000102,1.0458378038230023,Groen_Verharding,weighted_mean,Groen & Verharding
BU19000103,0.5671028505595224,Groen_Verharding,weighted_mean,Groen & Verharding
BU19000104,1.019287569676646,Groen_Verharding,weighted_mean,Groen & Verharding
BU19000105,0.9271319233782018,Groen_Verharding,weighted_mean,Groen & Verharding
BU19000106,0.7476496534747391,Groen_Verharding,weighted_mean,Groen & Verharding
BU19000107,1.0558321271764033,Groen_Verharding,weighted_mean,Groen & Verharding
BU19000108,0.971663668404881,Groen_Verharding,weighted_mean,Groen & Verharding
BU19000109,1.13572083176771,Groen_Verharding,weighted_mean,Groen & Verharding
BU19000110,0.9728417256383401,Groen_Verharding,weighted_mean,Groen & Verharding
BU19000111,1.2487336478036475,Groen_Verharding,weighted_mean,Groen & Verharding
BU19000112,0.7320349926449629,Groen_Verharding,weighted_mean,Groen & Verharding
BU19000113,0.2547062684671672,Groen_Verharding,weighted_mean,Groen & Verharding
BU19000114,1.127797233401173,Groen_Verharding,weighted_mean,Groen & Verharding
BU19000115,0.8210730463523169,Groen_Verharding,weighted_mean,Groen & Verharding
BU19000116,0.8711039516261823,Groen_Verharding,weighted_mean,Groen & Verharding
BU19000117,0.30358589436588523,Groen_Verharding,weighted_mean,Groen & Verharding
BU19000118,-0.2665664659961032,Groen_Verharding,weighted_mean,Groen & Verharding
BU19000119,0.003285221071435406,Groen_Verharding,weighted_mean,Groen & Verharding
BU19000120,-0.06939170210933646,Groen_Verharding,weighted_mean,Groen & Verharding
WK190002,0.13595993561610686,Groen_Verharding,weighted_mean,Groen & Verharding
BU19000200,0.4498438545131715,Groen_Verharding,weighted_mean,Groen & Verharding
BU19000201,-0.46332613478311824,Groen_Verharding,weighted_mean,Groen & Verharding
BU19000202,0.5770937073423589,Groen_Verharding,weighted_mean,Groen & Verharding
BU19000208,-0.4576737619483017,Groen_Verharding,weighted_mean,Groen & Verharding
BU19000209,-0.2346830486738112,Groen_Verharding,weighted_mean,Groen & Verharding
WK190003,-0.1278560557531603,Groen_Verharding,weighted_mean,Groen & Verharding
BU19000300,0.21660411501662324,Groen_Verharding,weighted_mean,Groen & Verharding
BU19000301,-0.4275739255654819,Groen_Verharding,weighted_mean,Groen & Verharding
BU19000302,-0.06933441854593411,Groen_Verharding,weighted_mean,Groen & Verharding
BU19000308,-0.4555833796251989,Groen_Verharding,weighted_mean,Groen & Verharding
BU19000309,-0.5586893723766297,Groen_Verharding,weighted_mean,Groen & Verharding
WK190004,-0.3071030498035491,Groen_Verharding,weighted_mean,Groen & Verharding
BU19000400,0.0985726812655754,Groen_Verharding,weighted_mean,Groen & Verharding
BU19000401,-0.5812078033006186,Groen_Verharding,weighted_mean,Groen & Verharding
BU19000402,-0.65419279177805,Groen_Verharding,weighted_mean,Groen & Verharding
BU19000403,0.7661556384394937,Groen_Verharding,weighted_mean,Groen & Verharding
BU19000408,0.06029759301414929,Groen_Verharding,weighted_mean,Groen & Verharding
BU19000409,0.10096978846853918,Groen_Verharding,weighted_mean,Groen & Verharding
WK190005,0.047931483205139284,Groen_Verharding,weighted_mean,Groen & Verharding
BU19000500,0.07985287574529985,Groen_Verharding,weighted_mean,Groen & Verharding
BU19000501,0.5088088050140642,Groen_Verharding,weighted_mean,Groen & Verharding
BU19000502,0.9543204273705259,Groen_Verharding,weighted_mean,Groen & Verharding
BU19000503,-0.4003208877912091,Groen_Verharding,weighted_mean,Groen & Verharding
WK190006,-0.3057878808250508,Groen_Verharding,weighted_mean,Groen & Verharding
BU19000600,0.650833821839362,Groen_Verharding,weighted_mean,Groen & Verharding
BU19000602,0.15159498785726347,Groen_Verharding,weighted_mean,Groen & Verharding
BU19000603,0.1620847006928239,Groen_Verharding,weighted_mean,Groen & Verharding
BU19000607,-0.3902463961975468,Groen_Verharding,weighted_mean,Groen & Verharding
BU19000608,-0.5817050753179405,Groen_Verharding,weighted_mean,Groen & Verharding
BU19000609,-0.3097703682896465,Groen_Verharding,weighted_mean,Groen & Verharding
WK190007,-0.2492336677707021,Groen_Verharding,weighted_mean,Groen & Verharding
BU19000700,0.5916735985233152,Groen_Verharding,weighted_mean,Groen & Verharding
BU19000701,0.18984863695140136,Groen_Verharding,weighted_mean,Groen & Verharding
BU19000702,0.04628548172058405,Groen_Verharding,weighted_mean,Groen & Verharding
BU19000706,-0.6032899480367021,Groen_Verharding,weighted_mean,Groen & Verharding
BU19000707,-0.7833761991555693,Groen_Verharding,weighted_mean,Groen & Verharding
BU19000708,-0.8979337298589588,Groen_Verharding,weighted_mean,Groen & Verharding
WK190008,-0.23538119039766628,Groen_Verharding,weighted_mean,Groen & Verharding
BU19000800,0.1187477053305908,Groen_Verharding,weighted_mean,Groen & Verharding
BU19000801,0.10123256893570046,Groen_Verharding,weighted_mean,Groen & Verharding
BU19000802,-0.45702675126414233,Groen_Verharding,weighted_mean,Groen & Verharding
BU19000804,-0.12410084865747009,Groen_Verharding,weighted_mean,Groen & Verharding
BU19000808,-0.12841765191599097,Groen_Verharding,weighted_mean,Groen & Verharding
BU19000809,-0.46870535030913696,Groen_Verharding,weighted_mean,Groen & Verharding
WK190009,-0.2645134599326772,Groen_Verharding,weighted_mean,Groen & Verharding
BU19000900,-0.18340718671855064,Groen_Verharding,weighted_mean,Groen & Verharding
BU19000901,-0.428604030227279,Groen_Verharding,weighted_mean,Groen & Verharding
BU19000902,-0.42763455709293713,Groen_Verharding,weighted_mean,Groen & Verharding
BU19000903,-0.20287605969201059,Groen_Verharding,weighted_mean,Groen & Verharding
BU19000904,-0.2624593537769904,Groen_Verharding,weighted_mean,Groen & Verharding
BU19000905,-0.4569004875182256,Groen_Verharding,weighted_mean,Groen & Verharding
BU19000906,-0.7121983461188929,Groen_Verharding,weighted_mean,Groen & Verharding
BU19000907,-0.5699097796523597,Groen_Verharding,weighted_mean,Groen & Verharding
BU19000908,-0.09332903828335924,Groen_Verharding,weighted_mean,Groen & Verharding
BU19000909,-0.7198379051750813,Groen_Verharding,weighted_mean,Groen & Verharding
WK190010,-0.37178627624954225,Groen_Verharding,weighted_mean,Groen & Verharding
BU19001000,-0.11920020978198786,Groen_Verharding,weighted_mean,Groen & Verharding
BU19001001,0.014650464213378761,Groen_Verharding,weighted_mean,Groen & Verharding
BU19001002,-0.6349025017094098,Groen_Verharding,weighted_mean,Groen & Verharding
BU19001003,-0.6433097861942538,Groen_Verharding,weighted_mean,Groen & Verharding
BU19001007,-0.6209947848577761,Groen_Verharding,weighted_mean,Groen & Verharding
BU19001008,-0.18209698265596183,Groen_Verharding,weighted_mean,Groen & Verharding
WK190011,-0.3917864422911608,Groen_Verharding,weighted_mean,Groen & Verharding
BU19001100,0.5804444470845107,Groen_Verharding,weighted_mean,Groen & Verharding
BU19001101,0.012010927838342062,Groen_Verharding,weighted_mean,Groen & Verharding
BU19001108,-0.5034796473071137,Groen_Verharding,weighted_mean,Groen & Verharding
BU19001109,-0.09001068691335563,Groen_Verharding,weighted_mean,Groen & Verharding
WK190012,-0.37476004716969585,Groen_Verharding,weighted_mean,Groen & Verharding
BU19001200,0.8197004810326661,Groen_Verharding,weighted_mean,Groen & Verharding
BU19001201,-0.48251370971512725,Groen_Verharding,weighted_mean,Groen & Verharding
BU19001202,-0.5425572281337006,Groen_Verharding,weighted_mean,Groen & Verharding
BU19001203,-0.6381578420177842,Groen_Verharding,weighted_mean,Groen & Verharding
BU19001204,-0.727762724194929,Groen_Verharding,weighted_mean,Groen & Verharding
BU19001208,-0.5078531102006216,Groen_Verharding,weighted_mean,Groen & Verharding
BU19001209,-0.5896343775702234,Groen_Verharding,weighted_mean,Groen & Verharding
WK190013,-0.305787880825051,Groen_Verharding,weighted_mean,Groen & Verharding
BU19001300,0.33440942051654304,Groen_Verharding,weighted_mean,Groen & Verharding
BU19001301,0.2582177753046555,Groen_Verharding,weighted_mean,Groen & Verharding
BU19001302,-0.0262434785011676,Groen_Verharding,weighted_mean,Groen & Verharding
BU19001303,0.020031499568137764,Groen_Verharding,weighted_mean,Groen & Verharding
BU19001306,-0.4361065747345968,Groen_Verharding,weighted_mean,Groen & Verharding
BU19001307,-0.3830920065718306,Groen_Verharding,weighted_mean,Groen & Verharding
BU19001308,-0.7309911554037787,Groen_Verharding,weighted_mean,Groen & Verharding
BU19001309,-0.7094261538590677,Groen_Verharding,weighted_mean,Groen & Verharding
WK190014,-0.2179105434013645,Groen_Verharding,weighted_mean,Groen & Verharding
BU19001400,-0.14555835148612795,Groen_Verharding,weighted_mean,Groen & Verharding
BU19001401,0.014883252816115938,Groen_Verharding,weighted_mean,Groen & Verharding
BU19001402,-0.6059075462802778,Groen_Verharding,weighted_mean,Groen & Verharding
BU19001403,-0.08627000800758264,Groen_Verharding,weighted_mean,Groen & Verharding
BU19001404,-0.1548121839239262,Groen_Verharding,weighted_mean,Groen & Verharding
BU19001405,-0.682044534951905,Groen_Verharding,weighted_mean,Groen & Verharding
BU19001406,-0.5819220654374888,Groen_Verharding,weighted_mean,Groen & Verharding
BU19001407,-0.7331736672567613,Groen_Verharding,weighted_mean,Groen & Verharding
BU19001408,0.10924690750333826,Groen_Verharding,weighted_mean,Groen & Verharding
BU19001409,-0.8009076991475,Groen_Verharding,weighted_mean,Groen & Verharding
WK190015,-0.30401324112971934,Groen_Verharding,weighted_mean,Groen & Verharding
BU19001500,0.08473218406200109,Groen_Verharding,weighted_mean,Groen & Verharding
BU19001501,-0.3994642713092752,Groen_Verharding,weighted_mean,Groen & Verharding
BU19001502,-0.5684469843903212,Groen_Verharding,weighted_mean,Groen & Verharding
BU19001503,0.8353736939138178,Groen_Verharding,weighted_mean,Groen & Verharding
BU19001509,0.35978872865586525,Groen_Verharding,weighted_mean,Groen & Verharding
WK190016,-0.2645134599326772,Groen_Verharding,weighted_mean,Groen & Verharding
BU19001600,-0.0608903179964311,Groen_Verharding,weighted_mean,Groen & Verharding
BU19001601,-0.6637624231118139,Groen_Verharding,weighted_mean,Groen & Verharding
BU19001602,-0.6273672800471957,Groen_Verharding,weighted_mean,Groen & Verharding
BU19001603,0.0050978752254027485,Groen_Verharding,weighted_mean,Groen & Verharding
BU19001604,0.26469757190466864,Groen_Verharding,weighted_mean,Groen & Verharding
BU19001606,-0.4274345034262813,Groen_Verharding,weighted_mean,Groen & Verharding
BU19001607,-0.5985967017573799,Groen_Verharding,weighted_mean,Groen & Verharding
BU19001608,-0.6583175279497018,Groen_Verharding,weighted_mean,Groen & Verharding
WK190017,0.047931483205139146,Groen_Verharding,weighted_mean,Groen & Verharding
BU19001700,0.5469900310617835,Groen_Verharding,weighted_mean,Groen & Verharding
BU19001709,-0.5343120376900243,Groen_Verharding,weighted_mean,Groen & Verharding
WK190018,-0.2998711355317429,Groen_Verharding,weighted_mean,Groen & Verharding
BU19001800,0.5545894462816622,Groen_Verharding,weighted_mean,Groen & Verharding
BU19001801,-0.36888653242342023,Groen_Verharding,weighted_mean,Groen & Verharding
BU19001802,-0.20530004933887974,Groen_Verharding,weighted_mean,Groen & Verharding
BU19001803,-0.18639915912864896,Groen_Verharding,weighted_mean,Groen & Verharding
BU19001804,-0.14055684018930542,Groen_Verharding,weighted_mean,Groen & Verharding
BU19001808,-0.7117561883042824,Groen_Verharding,weighted_mean,Groen & Verharding
BU19001809,-0.23601790771264136,Groen_Verharding,weighted_mean,Groen & Verharding
WK190019,-0.4613810929430915,Groen_Verharding,weighted_mean,Groen & Verharding
BU19001900,0.16799887711553838,Groen_Verharding,weighted_mean,Groen & Verharding
BU19001901,-0.4650046323973249,Groen_Verharding,weighted_mean,Groen & Verharding
BU19001902,0.25236856973706057,Groen_Verharding,weighted_mean,Groen & Verharding
BU19001903,-0.3404592805925863,Groen_Verharding,weighted_mean,Groen & Verharding
BU19001904,-0.4700881945413252,Groen_Verharding,weighted_mean,Groen & Verharding
WK190020,-0.07056232805073398,Groen_Verharding,weighted_mean,Groen & Verharding
BU19002001,0.3433929337829011,Groen_Verharding,weighted_mean,Groen & Verharding
BU19002002,0.15303526333914264,Groen_Verharding,weighted_mean,Groen & Verharding
BU19002003,-0.5925526155103837,Groen_Verharding,weighted_mean,Groen & Verharding
BU19002004,-0.5005491752019549,Groen_Verharding,weighted_mean,Groen & Verharding
BU19002005,-0.779409372884248,Groen_Verharding,weighted_mean,Groen & Verharding
BU19002006,-0.6356926450597905,Groen_Verharding,weighted_mean,Groen & Verharding
BU19002007,-0.5454899501858089,Groen_Verharding,weighted_mean,Groen & Verharding
BU19002008,-0.6941505892070801,Groen_Verharding,weighted_mean,Groen & Verharding
BU19002009,-0.7888319994454225,Groen_Verharding,weighted_mean,Groen & Verharding
BU19002010,-0.7104874779435196,Groen_Verharding,weighted_mean,Groen & Verharding
BU19002011,-0.605779129287528,Groen_Verharding,weighted_mean,Groen & Verharding
BU19002012,-0.17127296772186718,Groen_Verharding,weighted_mean,Groen & Verharding
BU19002013,-0.5966384476182534,Groen_Verharding,weighted_mean,Groen & Verharding
BU19002014,-0.6061992819211941,Groen_Verharding,weighted_mean,Groen & Verharding
BU19002015,-0.37852220751704435,Groen_Verharding,weighted_mean,Groen & Verharding
BU19002016,-0.39850043303818133,Groen_Verharding,weighted_mean,Groen & Verharding
BU19002017,-0.1990293753625536,Groen_Verharding,weighted_mean,Groen & Verharding
BU19002018,-0.5357239130373829,Groen_Verharding,weighted_mean,Groen & Verharding
BU19002019,-0.816320892545723,Groen_Verharding,weighted_mean,Groen & Verharding
GM0093,-0.4018710654835585,Groen_Verharding,weighted_mean,Groen & Verharding
WK009300,-0.30578788082505093,Groen_Verharding,weighted_mean,Groen & Verharding
BU00930000,1.1410569060634719,Groen_Verharding,weighted_mean,Groen & Verharding
BU00930002,1.7910116040951607,Groen_Verharding,weighted_mean,Groen & Verharding
WK009301,-0.15631092469675192,Groen_Verharding,weighted_mean,Groen & Verharding
BU00930110,0.3456187775576912,Groen_Verharding,weighted_mean,Groen & Verharding
BU00930111,-0.2673984840250009,Groen_Verharding,weighted_mean,Groen & Verharding
BU00930112,1.3321307286391482,Groen_Verharding,weighted_mean,Groen & Verharding
WK009302,-0.4233226921401845,Groen_Verharding,weighted_mean,Groen & Verharding
BU00930213,0.3883677316681118,Groen_Verharding,weighted_mean,Groen & Verharding
BU00930214,-0.36993988992066873,Groen_Verharding,weighted_mean,Groen & Verharding
BU00930215,0.7164033924231624,Groen_Verharding,weighted_mean,Groen & Verharding
WK009303,-0.422985110874373,Groen_Verharding,weighted_mean,Groen & Verharding
BU00930316,-0.3984824103470023,Groen_Verharding,weighted_mean,Groen & Verharding
BU00930317,-0.4909743563160996,Groen_Verharding,weighted_mean,Groen & Verharding
WK009304,-0.4432708128132455,Groen_Verharding,weighted_mean,Groen & Verharding
BU00930418,2.0370749369755012,Groen_Verharding,weighted_mean,Groen & Verharding
BU00930419,-0.2255817909988141,Groen_Verharding,weighted_mean,Groen & Verharding
BU00930420,-0.32104854655478177,Groen_Verharding,weighted_mean,Groen & Verharding
WK009305,0.23524000744743603,Groen_Verharding,weighted_mean,Groen & Verharding
BU00930521,-0.19749773137819768,Groen_Verharding,weighted_mean,Groen & Verharding
BU00930522,-0.5513008003657609,Groen_Verharding,weighted_mean,Groen & Verharding
BU00930523,-0.007226652908739514,Groen_Verharding,weighted_mean,Groen & Verharding
GM0737,0.42228855576333785,Groen_Verharding,weighted_mean,Groen & Verharding
WK073700,0.42228855576333796,Groen_Verharding,weighted_mean,Groen & Verharding
BU07370000,0.27375757965003417,Groen_Verharding,weighted_mean,Groen & Verharding
BU07370009,-0.3411738495660253,Groen_Verharding,weighted_mean,Groen & Verharding
WK073701,-0.06043355280969786,Groen_Verharding,weighted_mean,Groen & Verharding
BU07370100,-0.3150590159121282,Groen_Verharding,weighted_mean,Groen & Verharding
BU07370101,0.027797825239840937,Groen_Verharding,weighted_mean,Groen & Verharding
BU07370102,-0.7029668394888272,Groen_Verharding,weighted_mean,Groen & Verharding
BU07370108,-0.4708922374658943,Groen_Verharding,weighted_mean,Groen & Verharding
BU07370109,-0.3549059050422351,Groen_Verharding,weighted_mean,Groen & Verharding
WK073702,-0.06043355280969786,Groen_Verharding,weighted_mean,Groen & Verharding
BU07370200,-0.040258903482371405,Groen_Verharding,weighted_mean,Groen & Verharding
BU07370201,-0.07622159567107865,Groen_Verharding,weighted_mean,Groen & Verharding
BU07370208,0.052618075658732416,Groen_Verharding,weighted_mean,Groen & Verharding
BU07370209,-0.62142942083644,Groen_Verharding,weighted_mean,Groen & Verharding
WK073703,-0.4648121781128863,Groen_Verharding,weighted_mean,Groen & Verharding
BU07370300,-0.42383844640500834,Groen_Verharding,weighted_mean,Groen & Verharding
BU07370309,-0.32124902425413865,Groen_Verharding,weighted_mean,Groen & Verharding
WK073704,-0.3071030498035491,Groen_Verharding,weighted_mean,Groen & Verharding
BU07370400,-0.3431020567334582,Groen_Verharding,weighted_mean,Groen & Verharding
BU07370401,-0.6191633571261306,Groen_Verharding,weighted_mean,Groen & Verharding
BU07370408,-0.3975790950832679,Groen_Verharding,weighted_mean,Groen & Verharding
BU07370409,-0.8147132955490919,Groen_Verharding,weighted_mean,Groen & Verharding
WK073705,-0.31083303872680024,Groen_Verharding,weighted_mean,Groen & Verharding
BU07370500,0.11488676778487547,Groen_Verharding,weighted_mean,Groen & Verharding
BU07370501,-0.19109392210060386,Groen_Verharding,weighted_mean,Groen & Verharding
BU07370508,-0.24198464715726173,Groen_Verharding,weighted_mean,Groen & Verharding
BU07370509,0.006909252525692779,Groen_Verharding,weighted_mean,Groen & Verharding
WK073706,-0.3319364772312144,Groen_Verharding,weighted_mean,Groen & Verharding
BU07370600,0.3423782008206405,Groen_Verharding,weighted_mean,Groen & Verharding
BU07370609,-0.9639097154476488,Groen_Verharding,weighted_mean,Groen & Verharding
WK073707,-0.3057878808250509,Groen_Verharding,weighted_mean,Groen & Verharding
BU07370700,-0.7596160903936933,Groen_Verharding,weighted_mean,Groen & Verharding
BU07370701,-0.32678388228659816,Groen_Verharding,weighted_mean,Groen & Verharding
BU07370708,-0.8690956717592185,Groen_Verharding,weighted_mean,Groen & Verharding
BU07370709,-0.6746338029866055,Groen_Verharding,weighted_mean,Groen & Verharding
WK073708,-0.05600056205213956,Groen_Verharding,weighted_mean,Groen & Verharding
BU07370800,0.029000425146770478,Groen_Verharding,weighted_mean,Groen & Verharding
BU07370809,-0.08897243216749016,Groen_Verharding,weighted_mean,Groen & Verharding
WK073709,0.12904518708156223,Groen_Verharding,weighted_mean,Groen & Verharding
BU07370900,-0.0438363475091546,Groen_Verharding,weighted_mean,Groen & Verharding
BU07370909,-0.5468518248654728,Groen_Verharding,weighted_mean,Groen & Verharding
GM0096,-0.049944711585845875,Groen_Verharding,weighted_mean,Groen & Verharding
WK009600,0.07612753753168362,Groen_Verharding,weighted_mean,Groen & Verharding
BU00960000,0.8136222655734805,Groen_Verharding,weighted_mean,Groen & Verharding
BU00960009,-0.018797247465247413,Groen_Verharding,weighted_mean,Groen & Verharding
GM1949,0.4222885557633379,Groen_Verharding,weighted_mean,Groen & Verharding
WK194915,-0.22983616739735516,Groen_Verharding,weighted_mean,Groen & Verharding
BU19491500,-0.9582181444474412,Groen_Verharding,weighted_mean,Groen & Verharding
BU19491501,0.7133268190226805,Groen_Verharding,weighted_mean,Groen & Verharding
WK194916,0.03590090484949578,Groen_Verharding,weighted_mean,Groen & Verharding
BU19491600,-0.5997208052908097,Groen_Verharding,weighted_mean,Groen & Verharding
BU19491601,0.18352646834388103,Groen_Verharding,weighted_mean,Groen & Verharding
BU19491602,0.6545035956218282,Groen_Verharding,weighted_mean,Groen & Verharding
BU19491603,0.39325921895830734,Groen_Verharding,weighted_mean,Groen & Verharding
BU19491604,0.39133873387854845,Groen_Verharding,weighted_mean,Groen & Verharding
BU19491605,0.7310084358365129,Groen_Verharding,weighted_mean,Groen & Verharding
BU19491606,0.07302793437404506,Groen_Verharding,weighted_mean,Groen & Verharding
WK194917,-0.5237557980094542,Groen_Verharding,weighted_mean,Groen & Verharding
BU19491700,-0.6697306391375702,Groen_Verharding,weighted_mean,Groen & Verharding
WK194918,-0.01294271975331014,Groen_Verharding,weighted_mean,Groen & Verharding
BU19491800,-0.47299660427843565,Groen_Verharding,weighted_mean,Groen & Verharding
BU19491801,0.19176150111302714,Groen_Verharding,weighted_mean,Groen & Verharding
BU19491802,0.7181078571028588,Groen_Verharding,weighted_mean,Groen & Verharding
BU19491803,0.175505737496146,Groen_Verharding,weighted_mean,Groen & Verharding
BU19491804,0.31442218927409865,Groen_Verharding,weighted_mean,Groen & Verharding
WK194919,-0.4699692577971613,Groen_Verharding,weighted_mean,Groen & Verharding
BU19491900,-0.4316705475475566,Groen_Verharding,weighted_mean,Groen & Verharding
BU19491901,0.4941042249005876,Groen_Verharding,weighted_mean,Groen & Verharding
WK194920,-0.4253465444443814,Groen_Verharding,weighted_mean,Groen & Verharding
BU19492000,-0.2132943647149626,Groen_Verharding,weighted_mean,Groen & Verharding
BU19492001,0.16940539668692595,Groen_Verharding,weighted_mean,Groen & Verharding
WK194921,-0.5522000931471076,Groen_Verharding,weighted_mean,Groen & Verharding
BU19492100,-0.7530029455075763,Groen_Verharding,weighted_mean,Groen & Verharding
WK194922,-0.6599599624454182,Groen_Verharding,weighted_mean,Groen & Verharding
BU19492200,-0.6662313284841219,Groen_Verharding,weighted_mean,Groen & Verharding
WK194923,-0.29618933052202545,Groen_Verharding,weighted_mean,Groen & Verharding
BU19492300,-0.5009795556435654,Groen_Verharding,weighted_mean,Groen & Verharding
BU19492301,0.42257300348152355,Groen_Verharding,weighted_mean,Groen & Verharding
WK194924,-0.4748556461751741,Groen_Verharding,weighted_mean,Groen & Verharding
BU19492400,-0.7620626276719576,Groen_Verharding,weighted_mean,Groen & Verharding
BU19492401,0.41915209445344404,Groen_Verharding,weighted_mean,Groen & Verharding
WK194925,-0.3188957067640546,Groen_Verharding,weighted_mean,Groen & Verharding
BU19492500,-0.06297874256214926,Groen_Verharding,weighted_mean,Groen & Verharding
BU19492501,0.4949622310417413,Groen_Verharding,weighted_mean,Groen & Verharding
WK194926,-0.05812449198878888,Groen_Verharding,weighted_mean,Groen & Verharding
BU19492600,-0.7850016175482394,Groen_Verharding,weighted_mean,Groen & Verharding
BU19492601,0.042938891541383355,Groen_Verharding,weighted_mean,Groen & Verharding
BU19492602,0.19875065462088226,Groen_Verharding,weighted_mean,Groen & Verharding
BU19492603,0.4398421484844077,Groen_Verharding,weighted_mean,Groen & Verharding
BU19492604,0.6545431321042483,Groen_Verharding,weighted_mean,Groen & Verharding
WK194927,-0.5594554447043649,Groen_Verharding,weighted_mean,Groen & Verharding
BU19492700,-0.6645149790465229,Groen_Verharding,weighted_mean,Groen & Verharding
WK194928,0.42228855576333796,Groen_Verharding,weighted_mean,Groen & Verharding
BU19492800,-0.284496426810229,Groen_Verharding,weighted_mean,Groen & Verharding
BU19492801,0.543789845567223,Groen_Verharding,weighted_mean,Groen & Verharding
BU19492802,0.28504089056517085,Groen_Verharding,weighted_mean,Groen & Verharding
BU19492803,0.7197193029324418,Groen_Verharding,weighted_mean,Groen & Verharding
BU19492804,0.935471514246432,Groen_Verharding,weighted_mean,Groen & Verharding
BU19492805,-0.12944319822622127,Groen_Verharding,weighted_mean,Groen & Verharding
BU19492806,0.13013086653182357,Groen_Verharding,weighted_mean,Groen & Verharding
BU19492807,0.07610051532950901,Groen_Verharding,weighted_mean,Groen & Verharding
BU19492808,1.1200551822303355,Groen_Verharding,weighted_mean,Groen & Verharding
BU19492809,0.9035673180496365,Groen_Verharding,weighted_mean,Groen & Verharding
BU19492810,0.5657883203342998,Groen_Verharding,weighted_mean,Groen & Verharding
BU19492811,1.066592412763819,Groen_Verharding,weighted_mean,Groen & Verharding
BU19492812,0.7170630486431323,Groen_Verharding,weighted_mean,Groen & Verharding
BU19492813,0.7692470709486993,Groen_Verharding,weighted_mean,Groen & Verharding
BU19492814,0.5641756466977641,Groen_Verharding,weighted_mean,Groen & Verharding
BU19492815,0.9501414161306562,Groen_Verharding,weighted_mean,Groen & Verharding
BU19492816,0.17105110094109272,Groen_Verharding,weighted_mean,Groen & Verharding
BU19492817,0.5279109015056141,Groen_Verharding,weighted_mean,Groen & Verharding
WK194929,-0.33833504094471767,Groen_Verharding,weighted_mean,Groen & Verharding
BU19492900,-0.33576140821795397,Groen_Verharding,weighted_mean,Groen & Verharding
WK194930,-0.5307104691756137,Groen_Verharding,weighted_mean,Groen & Verharding
BU19493000,-0.6285775036071708,Groen_Verharding,weighted_mean,Groen & Verharding
WK194931,-0.3918939856732398,Groen_Verharding,weighted_mean,Groen & Verharding
BU19493100,-0.6252201265558006,Groen_Verharding,weighted_mean,Groen & Verharding
BU19493101,0.3397970193119309,Groen_Verharding,weighted_mean,Groen & Verharding
WK194932,-0.34225593788419073,Groen_Verharding,weighted_mean,Groen & Verharding
BU19493200,-0.8695754335981688,Groen_Verharding,weighted_mean,Groen & Verharding
BU19493201,0.6138785127904578,Groen_Verharding,weighted_mean,Groen & Verharding
BU19493202,0.5542449833446048,Groen_Verharding,weighted_mean,Groen & Verharding
WK194933,-0.4790688980295576,Groen_Verharding,weighted_mean,Groen & Verharding
BU19493300,-0.7454012266358694,Groen_Verharding,weighted_mean,Groen & Verharding
WK194934,-0.4575450385549037,Groen_Verharding,weighted_mean,Groen & Verharding
BU19493400,-0.309878265554489,Groen_Verharding,weighted_mean,Groen & Verharding
BU19493401,0.22273325761919371,Groen_Verharding,weighted_mean,Groen & Verharding
WK194935,-0.06043355280969786,Groen_Verharding,weighted_mean,Groen & Verharding
BU19493500,-0.22529961447437416,Groen_Verharding,weighted_mean,Groen & Verharding
BU19493501,-0.10619653209420742,Groen_Verharding,weighted_mean,Groen & Verharding
BU19493502,0.25380411356648164,Groen_Verharding,weighted_mean,Groen & Verharding
BU19493503,0.47164866676008327,Groen_Verharding,weighted_mean,Groen & Verharding
WK194936,-0.28314867316977604,Groen_Verharding,weighted_mean,Groen & Verharding
BU19493600,-0.5458550434906712,Groen_Verharding,weighted_mean,Groen & Verharding
BU19493601,0.01917022615897253,Groen_Verharding,weighted_mean,Groen & Verharding
BU19493602,0.17398376978694802,Groen_Verharding,weighted_mean,Groen & Verharding
BU19493603,0.3439988678320352,Groen_Verharding,weighted_mean,Groen & Verharding
WK194937,0.3343411089966634,Groen_Verharding,weighted_mean,Groen & Verharding
BU19493700,0.32643401377441694,Groen_Verharding,weighted_mean,Groen & Verharding
WK194938,-0.5882334133920367,Groen_Verharding,weighted_mean,Groen & Verharding
BU19493800,-0.5780879807541581,Groen_Verharding,weighted_mean,Groen & Verharding
BU19493801,0.439427064396841,Groen_Verharding,weighted_mean,Groen & Verharding
WK194939,-0.3781006856511942,Groen_Verharding,weighted_mean,Groen & Verharding
BU19493900,-0.8736289478900158,Groen_Verharding,weighted_mean,Groen & Verharding
BU19493901,0.2023146342669822,Groen_Verharding,weighted_mean,Groen & Verharding
WK194940,-0.5066001245238013,Groen_Verharding,weighted_mean,Groen & Verharding
BU19494000,-0.455263037456948,Groen_Verharding,weighted_mean,Groen & Verharding
WK194941,-0.42726156021695116,Groen_Verharding,weighted_mean,Groen & Verharding
BU19494100,-0.5302261950812862,Groen_Verharding,weighted_mean,Groen & Verharding
WK194942,-0.2318189903839153,Groen_Verharding,weighted_mean,Groen & Verharding
BU19494200,-0.5817867548819753,Groen_Verharding,weighted_mean,Groen & Verharding
BU19494201,0.5099618402249534,Groen_Verharding,weighted_mean,Groen & Verharding
WK194943,-0.5731590407341884,Groen_Verharding,weighted_mean,Groen & Verharding
BU19494300,-0.40808713007160563,Groen_Verharding,weighted_mean,Groen & Verharding
WK194944,-0.28314867316977604,Groen_Verharding,weighted_mean,Groen & Verharding
BU19494400,-0.8632687438360638,Groen_Verharding,weighted_mean,Groen & Verharding
BU19494401,0.618778054507905,Groen_Verharding,weighted_mean,Groen & Verharding
BU19494402,-0.7785805876712637,Groen_Verharding,weighted_mean,Groen & Verharding
BU19494403,-0.49774934801509496,Groen_Verharding,weighted_mean,Groen & Verharding
WK194945,-0.614882324352758,Groen_Verharding,weighted_mean,Groen & Verharding
BU19494500,-0.5471435796508421,Groen_Verharding,weighted_mean,Groen & Verharding
WK194946,-0.6403988418494836,Groen_Verharding,weighted_mean,Groen & Verharding
BU19494600,-0.6487792125662637,Groen_Verharding,weighted_mean,Groen & Verharding
WK194947,-0.47758504706805577,Groen_Verharding,weighted_mean,Groen & Verharding
BU19494700,-1.3265024865803632,Groen_Verharding,weighted_mean,Groen & Verharding
BU19494701,0.23323909663138395,Groen_Verharding,weighted_mean,Groen & Verharding
WK194948,-0.45602982944748066,Groen_Verharding,weighted_mean,Groen & Verharding
BU19494800,-0.1674366040260223,Groen_Verharding,weighted_mean,Groen & Verharding
BU19494801,0.3395767084668848,Groen_Verharding,weighted_mean,Groen & Verharding
WK194949,-0.3319364772312144,Groen_Verharding,weighted_mean,Groen & Verharding
BU19494900,-1.1792561604355427,Groen_Verharding,weighted_mean,Groen & Verharding
BU19494901,0.587138870958969,Groen_Verharding,weighted_mean,Groen & Verharding
BU19494902,0.7656250314541176,Groen_Verharding,weighted_mean,Groen & Verharding
WK194950,-0.23857696831388958,Groen_Verharding,weighted_mean,Groen & Verharding
BU19495000,-0.8767158706279747,Groen_Verharding,weighted_mean,Groen & Verharding
BU19495001,0.4818057208452986,Groen_Verharding,weighted_mean,Groen & Verharding
WK194951,-0.5063380379099588,Groen_Verharding,weighted_mean,Groen & Verharding
BU19495100,-0.8418722617708354,Groen_Verharding,weighted_mean,Groen & Verharding
WK194952,-0.4529192098264106,Groen_Verharding,weighted_mean,Groen & Verharding
BU19495200,-0.310074683552778,Groen_Verharding,weighted_mean,Groen & Verharding
WK194953,-0.36920585104509873,Groen_Verharding,weighted_mean,Groen & Verharding
BU19495300,-0.30747020248903884,Groen_Verharding,weighted_mean,Groen & Verharding
BU19495301,0.7284894030055045,Groen_Verharding,weighted_mean,Groen & Verharding
BU19495302,0.16695816719795842,Groen_Verharding,weighted_mean,Groen & Verharding
WK194954,-0.47603656561384244,Groen_Verharding,weighted_mean,Groen & Verharding
BU19495400,-0.600452270387734,Groen_Verharding,weighted_mean,Groen & Verharding
BU19495401,0.3173627512585309,Groen_Verharding,weighted_mean,Groen & Verharding
WK194955,-0.5476496120571596,Groen_Verharding,weighted_mean,Groen & Verharding
BU19495500,-0.5182662245495803,Groen_Verharding,weighted_mean,Groen & Verharding
GM0098,0.4222885557633379,Groen_Verharding,weighted_mean,Groen & Verharding
WK009800,0.4222885557633379,Groen_Verharding,weighted_mean,Groen & Verharding
BU00980001,0.18457889228602675,Groen_Verharding,weighted_mean,Groen & Verharding
BU00980002,0.09811506968307997,Groen_Verharding,weighted_mean,Groen & Verharding
BU00980003,0.40037167146931113,Groen_Verharding,weighted_mean,Groen & Verharding
BU00980004,1.1639573865218864,Groen_Verharding,weighted_mean,Groen & Verharding
BU00980005,0.2583603764224621,Groen_Verharding,weighted_mean,Groen & Verharding
BU00980006,0.39147381626456634,Groen_Verharding,weighted_mean,Groen & Verharding
BU00980007,0.6800185424641996,Groen_Verharding,weighted_mean,Groen & Verharding
BU00980008,0.992107114301735,Groen_Verharding,weighted_mean,Groen & Verharding
BU00980009,0.5347447202283859,Groen_Verharding,weighted_mean,Groen & Verharding
BU00980010,0.8789697810183208,Groen_Verharding,weighted_mean,Groen & Verharding
BU00980011,0.9289747424813491,Groen_Verharding,weighted_mean,Groen & Verharding
BU00980012,0.704512790411304,Groen_Verharding,weighted_mean,Groen & Verharding
BU00980013,0.793084984700027,Groen_Verharding,weighted_mean,Groen & Verharding
BU00980014,0.30577801176112035,Groen_Verharding,weighted_mean,Groen & Verharding
BU00980015,0.5835160860196226,Groen_Verharding,weighted_mean,Groen & Verharding
BU00980016,0.5153245614768792,Groen_Verharding,weighted_mean,Groen & Verharding
BU00980017,0.5024313480012541,Groen_Verharding,weighted_mean,Groen & Verharding
BU00980018,0.593500753604518,Groen_Verharding,weighted_mean,Groen & Verharding
BU00980019,0.6487301125345882,Groen_Verharding,weighted_mean,Groen & Verharding
BU00980020,1.0807960820519007,Groen_Verharding,weighted_mean,Groen & Verharding
BU00980021,0.6527633061357127,Groen_Verharding,weighted_mean,Groen & Verharding
WK009801,-0.4306661883022491,Groen_Verharding,weighted_mean,Groen & Verharding
BU00980101,-0.2498931524342238,Groen_Verharding,weighted_mean,Groen & Verharding
BU00980102,-0.6570215327154679,Groen_Verharding,weighted_mean,Groen & Verharding
BU00980103,0.1327634825792054,Groen_Verharding,weighted_mean,Groen & Verharding
BU00980104,-0.8857508792125082,Groen_Verharding,weighted_mean,Groen & Verharding
WK009802,-0.415376230567644,Groen_Verharding,weighted_mean,Groen & Verharding
BU00980201,-0.4898887791577045,Groen_Verharding,weighted_mean,Groen & Verharding
BU00980202,-0.582981221053884,Groen_Verharding,weighted_mean,Groen & Verharding
WK009803,-0.23538119039766622,Groen_Verharding,weighted_mean,Groen & Verharding
BU00980301,-0.1779865046503833,Groen_Verharding,weighted_mean,Groen & Verharding
BU00980302,-0.5269683972991391,Groen_Verharding,weighted_mean,Groen & Verharding
BU00980303,-0.15093381363183375,Groen_Verharding,weighted_mean,Groen & Verharding
BU00980304,-0.6997788096720038,Groen_Verharding,weighted_mean,Groen & Verharding
BU00980305,1.0272776083782986,Groen_Verharding,weighted_mean,Groen & Verharding
WK009804,-0.38380598458421245,Groen_Verharding,weighted_mean,Groen & Verharding
BU00980401,-0.162903478675058,Groen_Verharding,weighted_mean,Groen & Verharding
BU00980402,-0.601794587285786,Groen_Verharding,weighted_mean,Groen & Verharding
BU00980403,-0.6670345728397065,Groen_Verharding,weighted_mean,Groen & Verharding
WK009805,-0.44023064679760665,Groen_Verharding,weighted_mean,Groen & Verharding
BU00980501,-0.6689181058546084,Groen_Verharding,weighted_mean,Groen & Verharding
BU00980502,-0.850906025456266,Groen_Verharding,weighted_mean,Groen & Verharding
WK009806,-0.4701175554643541,Groen_Verharding,weighted_mean,Groen & Verharding
BU00980601,-0.4250203890503149,Groen_Verharding,weighted_mean,Groen & Verharding
BU00980602,-0.778421547297279,Groen_Verharding,weighted_mean,Groen & Verharding
WK009807,-0.5866717889482952,Groen_Verharding,weighted_mean,Groen & Verharding
BU00980701,-0.6337558017457858,Groen_Verharding,weighted_mean,Groen & Verharding
BU00980702,-0.2161768924892333,Groen_Verharding,weighted_mean,Groen & Verharding
WK009808,-0.37025722346673456,Groen_Verharding,weighted_mean,Groen & Verharding
BU00980801,-0.5874660332831587,Groen_Verharding,weighted_mean,Groen & Verharding
BU00980802,-0.8623345284588692,Groen_Verharding,weighted_mean,Groen & Verharding
WK009809,-0.2809515630885596,Groen_Verharding,weighted_mean,Groen & Verharding
BU00980901,-0.07503481081566989,Groen_Verharding,weighted_mean,Groen & Verharding
BU00980902,-0.5026816450400694,Groen_Verharding,weighted_mean,Groen & Verharding
BU00980903,-0.6226688548099589,Groen_Verharding,weighted_mean,Groen & Verharding
WK009810,-0.02625739351889941,Groen_Verharding,weighted_mean,Groen & Verharding
BU00981001,0.008454275976118007,Groen_Verharding,weighted_mean,Groen & Verharding
BU00981002,-0.626426628541198,Groen_Verharding,weighted_mean,Groen & Verharding
BU00981003,-0.2829490595930575,Groen_Verharding,weighted_mean,Groen & Verharding
BU00981004,0.3143242451059179,Groen_Verharding,weighted_mean,Groen & Verharding
BU00981005,0.015899668030790633,Groen_Verharding,weighted_mean,Groen & Verharding
BU00981006,1.1953266107405163,Groen_Verharding,weighted_mean,Groen & Verharding
BU00981007,0.5397198212744463,Groen_Verharding,weighted_mean,Groen & Verharding
BU00981008,-0.18958967077553013,Groen_Verharding,weighted_mean,Groen & Verharding
BU00981009,-0.08449170758553913,Groen_Verharding,weighted_mean,Groen & Verharding
WK009811,-0.6799695548664023,Groen_Verharding,weighted_mean,Groen & Verharding
BU00981101,-0.14881765387736787,Groen_Verharding,weighted_mean,Groen & Verharding
BU00981102,-0.49164055434097836,Groen_Verharding,weighted_mean,Groen & Verharding
WK009812,-0.4594480810923495,Groen_Verharding,weighted_mean,Groen & Verharding
BU00981201,-0.34766521125258704,Groen_Verharding,weighted_mean,Groen & Verharding
WK009813,-0.3183788570987825,Groen_Verharding,weighted_mean,Groen & Verharding
BU00981301,-0.2858520217689645,Groen_Verharding,weighted_mean,Groen & Verharding
BU00981302,-0.8389572665955429,Groen_Verharding,weighted_mean,Groen & Verharding
WK009814,-0.4562178859099926,Groen_Verharding,weighted_mean,Groen & Verharding
BU00981401,-0.21440187071294947,Groen_Verharding,weighted_mean,Groen & Verharding
BU00981402,-0.40280582345961424,Groen_Verharding,weighted_mean,Groen & Verharding
WK009815,-0.3465374861548967,Groen_Verharding,weighted_mean,Groen & Verharding
BU00981501,0.36726063978640183,Groen_Verharding,weighted_mean,Groen & Verharding
BU00981502,-0.6260361250577525,Groen_Verharding,weighted_mean,Groen & Verharding
GM0059,0.06466249355826527,Water_En_Klimaatrisico,entropy,Water & Klimaat
WK005900,0.06466249355826528,Water_En_Klimaatrisico,entropy,Water & Klimaat
BU00590000,0.03820831023599714,Water_En_Klimaatrisico,entropy,Water & Klimaat
BU00590001,0.03765954144135586,Water_En_Klimaatrisico,entropy,Water & Klimaat
BU00590002,0.04489399576589973,Water_En_Klimaatrisico,entropy,Water & Klimaat
BU00590003,0.028684737287058136,Water_En_Klimaatrisico,entropy,Water & Klimaat
BU00590004,0.10069717918422727,Water_En_Klimaatrisico,entropy,Water & Klimaat
BU00590005,0.05189365512251949,Water_En_Klimaatrisico,entropy,Water & Klimaat
BU00590006,0.03125230209755404,Water_En_Klimaatrisico,entropy,Water & Klimaat
BU00590007,0.04526095070221528,Water_En_Klimaatrisico,entropy,Water & Klimaat
BU00590008,0.054460108737819306,Water_En_Klimaatrisico,entropy,Water & Klimaat
BU00590009,0.053580318306691285,Water_En_Klimaatrisico,entropy,Water & Klimaat
WK005901,0.07616236645295835,Water_En_Klimaatrisico,entropy,Water & Klimaat
BU00590100,0.11520513443330745,Water_En_Klimaatrisico,entropy,Water & Klimaat
BU00590102,0.07949463169278959,Water_En_Klimaatrisico,entropy,Water & Klimaat
BU00590103,0.07013327349926021,Water_En_Klimaatrisico,entropy,Water & Klimaat
BU00590107,0.10184391561239924,Water_En_Klimaatrisico,entropy,Water & Klimaat
BU00590108,0.03312487336831546,Water_En_Klimaatrisico,entropy,Water & Klimaat
BU00590109,0.045579818162783045,Water_En_Klimaatrisico,entropy,Water & Klimaat
WK005902,0.06466249355826527,Water_En_Klimaatrisico,entropy,Water & Klimaat
BU00590200,0.031508922597903624,Water_En_Klimaatrisico,entropy,Water & Klimaat
BU00590201,0.07322320638660663,Water_En_Klimaatrisico,entropy,Water & Klimaat
BU00590202,0.07840580031075968,Water_En_Klimaatrisico,entropy,Water & Klimaat
BU00590203,0.08429155485672982,Water_En_Klimaatrisico,entropy,Water & Klimaat
BU00590206,0.03715513936004914,Water_En_Klimaatrisico,entropy,Water & Klimaat
BU00590207,0.08357742820560798,Water_En_Klimaatrisico,entropy,Water & Klimaat
BU00590208,0.04132463227186896,Water_En_Klimaatrisico,entropy,Water & Klimaat
BU00590209,0.09348796987164788,Water_En_Klimaatrisico,entropy,Water & Klimaat
GM0060,0.12265012197858521,Water_En_Klimaatrisico,entropy,Water & Klimaat
WK006000,0.10020003882310101,Water_En_Klimaatrisico,entropy,Water & Klimaat
BU00600000,0.07195359639968843,Water_En_Klimaatrisico,entropy,Water & Klimaat
BU00600001,0.04718488554035884,Water_En_Klimaatrisico,entropy,Water & Klimaat
BU00600002,0.10443267755334025,Water_En_Klimaatrisico,entropy,Water & Klimaat
BU00600003,0.0634506976913834,Water_En_Klimaatrisico,entropy,Water & Klimaat
BU00600007,0.06557345131913751,Water_En_Klimaatrisico,entropy,Water & Klimaat
BU00600008,0.04727136178206759,Water_En_Klimaatrisico,entropy,Water & Klimaat
BU00600009,0.05036824426896073,Water_En_Klimaatrisico,entropy,Water & Klimaat
GM1891,0.06466249355826525,Water_En_Klimaatrisico,entropy,Water & Klimaat
WK189100,0.07759246670573818,Water_En_Klimaatrisico,entropy,Water & Klimaat
BU18910000,0.062173233575079534,Water_En_Klimaatrisico,entropy,Water & Klimaat
BU18910001,0.07592910654081021,Water_En_Klimaatrisico,entropy,Water & Klimaat
BU18910002,0.10786926646799065,Water_En_Klimaatrisico,entropy,Water & Klimaat
BU18910008,0.10707899183201468,Water_En_Klimaatrisico,entropy,Water & Klimaat
BU18910009,0.10172459301451561,Water_En_Klimaatrisico,entropy,Water & Klimaat
WK189101,0.070149760059977,Water_En_Klimaatrisico,entropy,Water & Klimaat
BU18910100,0.06797189884802474,Water_En_Klimaatrisico,entropy,Water & Klimaat
BU18910101,0.07654542920793263,Water_En_Klimaatrisico,entropy,Water & Klimaat
BU18910108,0.17424640928407814,Water_En_Klimaatrisico,entropy,Water & Klimaat
BU18910109,0.11512931016511584,Water_En_Klimaatrisico,entropy,Water & Klimaat
WK189102,0.06867832376651695,Water_En_Klimaatrisico,entropy,Water & Klimaat
BU18910200,0.07229696066985591,Water_En_Klimaatrisico,entropy,Water & Klimaat
BU18910201,0.06320771613263323,Water_En_Klimaatrisico,entropy,Water & Klimaat
BU18910202,0.10178204091408999,Water_En_Klimaatrisico,entropy,Water & Klimaat
BU18910208,0.11166379347699146,Water_En_Klimaatrisico,entropy,Water & Klimaat
BU18910209,0.08959758185193115,Water_En_Klimaatrisico,entropy,Water & Klimaat
WK189103,0.08070194895020107,Water_En_Klimaatrisico,entropy,Water & Klimaat
BU18910300,0.12595377215653084,Water_En_Klimaatrisico,entropy,Water & Klimaat
BU18910301,0.17986344582678154,Water_En_Klimaatrisico,entropy,Water & Klimaat
BU18910309,0.13554588299890596,Water_En_Klimaatrisico,entropy,Water & Klimaat
GM1940,0.06466249355826528,Water_En_Klimaatrisico,entropy,Water & Klimaat
WK194001,0.14661146710339712,Water_En_Klimaatrisico,entropy,Water & Klimaat
BU19400101,0.16012557217300588,Water_En_Klimaatrisico,entropy,Water & Klimaat
WK194002,0.06898891628643525,Water_En_Klimaatrisico,entropy,Water & Klimaat
BU19400201,0.11311563751097677,Water_En_Klimaatrisico,entropy,Water & Klimaat
WK194003,0.08717293049001411,Water_En_Klimaatrisico,entropy,Water & Klimaat
BU19400301,0.10051673957241711,Water_En_Klimaatrisico,entropy,Water & Klimaat
WK194004,0.09192878931407034,Water_En_Klimaatrisico,entropy,Water & Klimaat
BU19400401,0.10049174362485494,Water_En_Klimaatrisico,entropy,Water & Klimaat
WK194005,0.1308237502756046,Water_En_Klimaatrisico,entropy,Water & Klimaat
BU19400501,0.12656201300857517,Water_En_Klimaatrisico,entropy,Water & Klimaat
WK194006,0.10420862951172596,Water_En_Klimaatrisico,entropy,Water & Klimaat
BU19400601,0.12765429799121455,Water_En_Klimaatrisico,entropy,Water & Klimaat
WK194007,0.13454088626456942,Water_En_Klimaatrisico,entropy,Water & Klimaat
BU19400701,0.14102156824806325,Water_En_Klimaatrisico,entropy,Water & Klimaat
BU19400702,0.17898421207678955,Water_En_Klimaatrisico,entropy,Water & Klimaat
WK194008,0.2005586702519172,Water_En_Klimaatrisico,entropy,Water & Klimaat
BU19400801,0.16829052792330057,Water_En_Klimaatrisico,entropy,Water & Klimaat
WK194009,0.17443323176785142,Water_En_Klimaatrisico,entropy,Water & Klimaat
BU19400901,0.13054738319861986,Water_En_Klimaatrisico,entropy,Water & Klimaat
WK194010,0.1620106771756195,Water_En_Klimaatrisico,entropy,Water & Klimaat
BU19401001,0.17076842963708017,Water_En_Klimaatrisico,entropy,Water & Klimaat
WK194011,0.0717163371648094,Water_En_Klimaatrisico,entropy,Water & Klimaat
BU19401101,0.1523270680401154,Water_En_Klimaatrisico,entropy,Water & Klimaat
BU19401102,0.10750427543103515,Water_En_Klimaatrisico,entropy,Water & Klimaat
WK194012,0.18123285709298248,Water_En_Klimaatrisico,entropy,Water & Klimaat
BU19401201,0.20847716915499068,Water_En_Klimaatrisico,entropy,Water & Klimaat
WK194013,0.1295247846759737,Water_En_Klimaatrisico,entropy,Water & Klimaat
BU19401301,0.17511114028783265,Water_En_Klimaatrisico,entropy,Water & Klimaat
WK194014,0.15992537628202508,Water_En_Klimaatrisico,entropy,Water & Klimaat
BU19401401,0.2712285168218779,Water_En_Klimaatrisico,entropy,Water & Klimaat
WK194015,0.15265179123947814,Water_En_Klimaatrisico,entropy,Water & Klimaat
BU19401501,0.1592968307092276,Water_En_Klimaatrisico,entropy,Water & Klimaat
WK194016,0.0816751229536952,Water_En_Klimaatrisico,entropy,Water & Klimaat
BU19401601,0.08769366472376514,Water_En_Klimaatrisico,entropy,Water & Klimaat
WK194017,0.07289446109839068,Water_En_Klimaatrisico,entropy,Water & Klimaat
BU19401701,0.03870647563422552,Water_En_Klimaatrisico,entropy,Water & Klimaat
WK194018,0.09459927821777842,Water_En_Klimaatrisico,entropy,Water & Klimaat
BU19401801,0.06761689083901508,Water_En_Klimaatrisico,entropy,Water & Klimaat
WK194019,0.06466249355826528,Water_En_Klimaatrisico,entropy,Water & Klimaat
BU19401901,0.04418922393853515,Water_En_Klimaatrisico,entropy,Water & Klimaat
BU19401902,0.057070122965274014,Water_En_Klimaatrisico,entropy,Water & Klimaat
BU19401903,0.05699745066633285,Water_En_Klimaatrisico,entropy,Water & Klimaat
BU19401904,0.07251109571896396,Water_En_Klimaatrisico,entropy,Water & Klimaat
BU19401905,0.050428815208947556,Water_En_Klimaatrisico,entropy,Water & Klimaat
BU19401906,0.08034767098608939,Water_En_Klimaatrisico,entropy,Water & Klimaat
BU19401907,0.08384417626247193,Water_En_Klimaatrisico,entropy,Water & Klimaat
BU19401908,0.10169587403107344,Water_En_Klimaatrisico,entropy,Water & Klimaat
BU19401909,0.04310884533502374,Water_En_Klimaatrisico,entropy,Water & Klimaat
BU19401910,0.06413519328317241,Water_En_Klimaatrisico,entropy,Water & Klimaat
WK194020,0.20128832157047558,Water_En_Klimaatrisico,entropy,Water & Klimaat
BU19402001,0.17193878451609257,Water_En_Klimaatrisico,entropy,Water & Klimaat
WK194021,0.081789880796093,Water_En_Klimaatrisico,entropy,Water & Klimaat
BU19402101,0.10903491970645154,Water_En_Klimaatrisico,entropy,Water & Klimaat
WK194022,0.20642982309482313,Water_En_Klimaatrisico,entropy,Water & Klimaat
BU19402201,0.04090445723545101,Water_En_Klimaatrisico,entropy,Water & Klimaat
WK194023,0.06466249355826525,Water_En_Klimaatrisico,entropy,Water & Klimaat
BU19402301,0.12035231198415078,Water_En_Klimaatrisico,entropy,Water & Klimaat
BU19402302,0.1316116496379333,Water_En_Klimaatrisico,entropy,Water & Klimaat
BU19402303,0.10739030956942805,Water_En_Klimaatrisico,entropy,Water & Klimaat
BU19402304,0.09409387273361015,Water_En_Klimaatrisico,entropy,Water & Klimaat
BU19402305,0.1208354105587245,Water_En_Klimaatrisico,entropy,Water & Klimaat
BU19402306,0.0975902688162661,Water_En_Klimaatrisico,entropy,Water & Klimaat
BU19402307,0.07750545296115384,Water_En_Klimaatrisico,entropy,Water & Klimaat
BU19402308,0.10103758952690219,Water_En_Klimaatrisico,entropy,Water & Klimaat
WK194024,0.12693190243400918,Water_En_Klimaatrisico,entropy,Water & Klimaat
BU19402401,0.09893335054598468,Water_En_Klimaatrisico,entropy,Water & Klimaat
WK194025,0.09218050046240492,Water_En_Klimaatrisico,entropy,Water & Klimaat
BU19402501,0.08644793069781109,Water_En_Klimaatrisico,entropy,Water & Klimaat
WK194026,0.07115307249862574,Water_En_Klimaatrisico,entropy,Water & Klimaat
BU19402601,0.06713643832595183,Water_En_Klimaatrisico,entropy,Water & Klimaat
WK194027,0.1449772612134282,Water_En_Klimaatrisico,entropy,Water & Klimaat
BU19402701,0.15940069362579276,Water_En_Klimaatrisico,entropy,Water & Klimaat
WK194028,0.08269478631189131,Water_En_Klimaatrisico,entropy,Water & Klimaat
BU19402801,0.1976092900342076,Water_En_Klimaatrisico,entropy,Water & Klimaat
BU19402802,0.10013452676949373,Water_En_Klimaatrisico,entropy,Water & Klimaat
WK194029,0.1160942942863293,Water_En_Klimaatrisico,entropy,Water & Klimaat
BU19402901,0.07160431203117536,Water_En_Klimaatrisico,entropy,Water & Klimaat
WK194030,0.06188080653653885,Water_En_Klimaatrisico,entropy,Water & Klimaat
BU19403001,0.0680523328990741,Water_En_Klimaatrisico,entropy,Water & Klimaat
WK194031,0.06619010695078877,Water_En_Klimaatrisico,entropy,Water & Klimaat
BU19403101,0.07881700922414896,Water_En_Klimaatrisico,entropy,Water & Klimaat
WK194032,0.0880492644415834,Water_En_Klimaatrisico,entropy,Water & Klimaat
BU19403201,0.054080653882605564,Water_En_Klimaatrisico,entropy,Water & Klimaat
WK194033,0.14521089362822848,Water_En_Klimaatrisico,entropy,Water & Klimaat
BU19403301,0.07808288961928306,Water_En_Klimaatrisico,entropy,Water & Klimaat
WK194034,0.12624015341125439,Water_En_Klimaatrisico,entropy,Water & Klimaat
BU19403401,0.09151704762309218,Water_En_Klimaatrisico,entropy,Water & Klimaat
WK194035,0.10143213167861867,Water_En_Klimaatrisico,entropy,Water & Klimaat
BU19403501,0.12178565034687744,Water_En_Klimaatrisico,entropy,Water & Klimaat
WK194036,0.11633265842665488,Water_En_Klimaatrisico,entropy,Water & Klimaat
BU19403601,0.06383340416596343,Water_En_Klimaatrisico,entropy,Water & Klimaat
WK194037,0.06732212704180636,Water_En_Klimaatrisico,entropy,Water & Klimaat
BU19403701,0.07862800557281596,Water_En_Klimaatrisico,entropy,Water & Klimaat
WK194038,0.07491125333167431,Water_En_Klimaatrisico,entropy,Water & Klimaat
BU19403801,0.03956507222584526,Water_En_Klimaatrisico,entropy,Water & Klimaat
WK194039,0.10309926879424713,Water_En_Klimaatrisico,entropy,Water & Klimaat
BU19403901,0.07133504483762805,Water_En_Klimaatrisico,entropy,Water & Klimaat
WK194040,0.07491125333167431,Water_En_Klimaatrisico,entropy,Water & Klimaat
BU19404001,0.05027483819851679,Water_En_Klimaatrisico,entropy,Water & Klimaat
WK194041,0.06751222768939394,Water_En_Klimaatrisico,entropy,Water & Klimaat
BU19404101,0.0603161378856251,Water_En_Klimaatrisico,entropy,Water & Klimaat
WK194042,0.06684711294447712,Water_En_Klimaatrisico,entropy,Water & Klimaat
BU19404201,0.05990657771234343,Water_En_Klimaatrisico,entropy,Water & Klimaat
WK194043,0.1247272300464842,Water_En_Klimaatrisico,entropy,Water & Klimaat
BU19404301,0.2154182233186661,Water_En_Klimaatrisico,entropy,Water & Klimaat
WK194044,0.12767017991928759,Water_En_Klimaatrisico,entropy,Water & Klimaat
BU19404401,0.11195966805865362,Water_En_Klimaatrisico,entropy,Water & Klimaat
WK194045,0.059954498698537015,Water_En_Klimaatrisico,entropy,Water & Klimaat
BU19404501,0.08876423860583896,Water_En_Klimaatrisico,entropy,Water & Klimaat
WK194046,0.09449935144960162,Water_En_Klimaatrisico,entropy,Water & Klimaat
BU19404601,0.10944355324099203,Water_En_Klimaatrisico,entropy,Water & Klimaat
WK194047,0.1029985994973156,Water_En_Klimaatrisico,entropy,Water & Klimaat
BU19404701,0.1264309026533671,Water_En_Klimaatrisico,entropy,Water & Klimaat
WK194048,0.21503640851199474,Water_En_Klimaatrisico,entropy,Water & Klimaat
BU19404801,0.20187145536226925,Water_En_Klimaatrisico,entropy,Water & Klimaat
WK194049,0.08686339088174025,Water_En_Klimaatrisico,entropy,Water & Klimaat
BU19404901,0.11526401175797511,Water_En_Klimaatrisico,entropy,Water & Klimaat
WK194050,0.06974749322420194,Water_En_Klimaatrisico,entropy,Water & Klimaat
BU19405001,0.06578989296748708,Water_En_Klimaatrisico,entropy,Water & Klimaat
WK194051,0.09067340775950826,Water_En_Klimaatrisico,entropy,Water & Klimaat
BU19405101,0.0971648464823113,Water_En_Klimaatrisico,entropy,Water & Klimaat
GM0072,0.07079535575370045,Water_En_Klimaatrisico,entropy,Water & Klimaat
WK007200,0.06466249355826527,Water_En_Klimaatrisico,entropy,Water & Klimaat
BU00720001,0.17336175294003628,Water_En_Klimaatrisico,entropy,Water & Klimaat
BU00720002,0.13260157789033428,Water_En_Klimaatrisico,entropy,Water & Klimaat
BU00720003,0.09614878611934666,Water_En_Klimaatrisico,entropy,Water & Klimaat
BU00720004,0.11420060681025523,Water_En_Klimaatrisico,entropy,Water & Klimaat
BU00720005,0.1389257482429825,Water_En_Klimaatrisico,entropy,Water & Klimaat
BU00720006,0.442707136362033,Water_En_Klimaatrisico,entropy,Water & Klimaat
BU00720007,0.20111065235773193,Water_En_Klimaatrisico,entropy,Water & Klimaat
BU00720009,0.1454805888773172,Water_En_Klimaatrisico,entropy,Water & Klimaat
WK007201,0.1212723313688433,Water_En_Klimaatrisico,entropy,Water & Klimaat
BU00720100,0.16600071064897925,Water_En_Klimaatrisico,entropy,Water & Klimaat
BU00720109,0.10729665549214751,Water_En_Klimaatrisico,entropy,Water & Klimaat
WK007202,0.07924433543528248,Water_En_Klimaatrisico,entropy,Water & Klimaat
BU00720200,0.08751032707741331,Water_En_Klimaatrisico,entropy,Water & Klimaat
BU00720209,0.16495644796362663,Water_En_Klimaatrisico,entropy,Water & Klimaat
GM0074,0.06466249355826528,Water_En_Klimaatrisico,entropy,Water & Klimaat
WK007401,0.06466249355826528,Water_En_Klimaatrisico,entropy,Water & Klimaat
BU00740100,0.07624390613199056,Water_En_Klimaatrisico,entropy,Water & Klimaat
BU00740101,0.06688736600290972,Water_En_Klimaatrisico,entropy,Water & Klimaat
BU00740102,0.054937429316445616,Water_En_Klimaatrisico,entropy,Water & Klimaat
BU00740103,0.06159677724161608,Water_En_Klimaatrisico,entropy,Water & Klimaat
BU00740104,0.04209408253382112,Water_En_Klimaatrisico,entropy,Water & Klimaat
BU00740105,0.11487915066803285,Water_En_Klimaatrisico,entropy,Water & Klimaat
BU00740106,0.07162978211834362,Water_En_Klimaatrisico,entropy,Water & Klimaat
BU00740107,0.043675458846907884,Water_En_Klimaatrisico,entropy,Water & Klimaat
BU00740108,0.03830604105655859,Water_En_Klimaatrisico,entropy,Water & Klimaat
BU00740109,0.06522529865790565,Water_En_Klimaatrisico,entropy,Water & Klimaat
BU00740110,0.10850206751470325,Water_En_Klimaatrisico,entropy,Water & Klimaat
WK007402,0.10568181923317216,Water_En_Klimaatrisico,entropy,Water & Klimaat
BU00740201,0.11254714181025036,Water_En_Klimaatrisico,entropy,Water & Klimaat
BU00740202,0.13367689245150022,Water_En_Klimaatrisico,entropy,Water & Klimaat
BU00740203,0.10019127657941303,Water_En_Klimaatrisico,entropy,Water & Klimaat
BU00740204,0.11627491988276592,Water_En_Klimaatrisico,entropy,Water & Klimaat
BU00740205,0.12850954242504592,Water_En_Klimaatrisico,entropy,Water & Klimaat
WK007403,0.06188080653653885,Water_En_Klimaatrisico,entropy,Water & Klimaat
BU00740301,0.042866252567939495,Water_En_Klimaatrisico,entropy,Water & Klimaat
BU00740302,0.1013771891324925,Water_En_Klimaatrisico,entropy,Water & Klimaat
WK007404,0.06867832376651695,Water_En_Klimaatrisico,entropy,Water & Klimaat
BU00740401,0.05539919983038602,Water_En_Klimaatrisico,entropy,Water & Klimaat
BU00740402,0.05558053444476307,Water_En_Klimaatrisico,entropy,Water & Klimaat
BU00740403,0.06103273538434048,Water_En_Klimaatrisico,entropy,Water & Klimaat
BU00740404,0.058814255819015504,Water_En_Klimaatrisico,entropy,Water & Klimaat
BU00740405,0.0498520440536315,Water_En_Klimaatrisico,entropy,Water & Klimaat
BU00740406,0.04985530087247109,Water_En_Klimaatrisico,entropy,Water & Klimaat
BU00740407,0.08524767769381661,Water_En_Klimaatrisico,entropy,Water & Klimaat
WK007406,0.06180784390088418,Water_En_Klimaatrisico,entropy,Water & Klimaat
BU00740601,0.052818802999336695,Water_En_Klimaatrisico,entropy,Water & Klimaat
WK007407,0.07115307249862574,Water_En_Klimaatrisico,entropy,Water & Klimaat
BU00740701,0.1268549168417583,Water_En_Klimaatrisico,entropy,Water & Klimaat
BU00740702,0.0887302498452863,Water_En_Klimaatrisico,entropy,Water & Klimaat
WK007409,0.060146741751479875,Water_En_Klimaatrisico,entropy,Water & Klimaat
BU00740901,0.09680518404408216,Water_En_Klimaatrisico,entropy,Water & Klimaat
BU00740902,0.08357279137112833,Water_En_Klimaatrisico,entropy,Water & Klimaat
BU00740903,0.2279466259622253,Water_En_Klimaatrisico,entropy,Water & Klimaat
GM0080,0.068093889473475,Water_En_Klimaatrisico,entropy,Water & Klimaat
WK008010,0.07495373935770899,Water_En_Klimaatrisico,entropy,Water & Klimaat
BU00801001,0.7619505539546969,Water_En_Klimaatrisico,entropy,Water & Klimaat
BU00801002,0.606305691773966,Water_En_Klimaatrisico,entropy,Water & Klimaat
BU00801003,0.6289732209429612,Water_En_Klimaatrisico,entropy,Water & Klimaat
BU00801004,0.5884115992358475,Water_En_Klimaatrisico,entropy,Water & Klimaat
BU00801005,0.650008713426677,Water_En_Klimaatrisico,entropy,Water & Klimaat
BU00801006,0.4198137448219439,Water_En_Klimaatrisico,entropy,Water & Klimaat
BU00801007,0.3392981989747061,Water_En_Klimaatrisico,entropy,Water & Klimaat
BU00801008,0.36042442100368555,Water_En_Klimaatrisico,entropy,Water & Klimaat
WK008011,0.06466249355826528,Water_En_Klimaatrisico,entropy,Water & Klimaat
BU00801101,0.31161714818947134,Water_En_Klimaatrisico,entropy,Water & Klimaat
BU00801102,0.2590805514119576,Water_En_Klimaatrisico,entropy,Water & Klimaat
BU00801103,0.19632495737010383,Water_En_Klimaatrisico,entropy,Water & Klimaat
BU00801104,0.060921103291114456,Water_En_Klimaatrisico,entropy,Water & Klimaat
BU00801105,0.053497769959695796,Water_En_Klimaatrisico,entropy,Water & Klimaat
BU00801106,0.12238159233988548,Water_En_Klimaatrisico,entropy,Water & Klimaat
BU00801107,0.19033780494343783,Water_En_Klimaatrisico,entropy,Water & Klimaat
BU00801108,0.14520946407253252,Water_En_Klimaatrisico,entropy,Water & Klimaat
BU00801109,0.1323693566300758,Water_En_Klimaatrisico,entropy,Water & Klimaat
WK008020,0.068093889473475,Water_En_Klimaatrisico,entropy,Water & Klimaat
BU00802001,0.1730453927244209,Water_En_Klimaatrisico,entropy,Water & Klimaat
BU00802002,0.13697570836152495,Water_En_Klimaatrisico,entropy,Water & Klimaat
BU00802003,0.1600569961685452,Water_En_Klimaatrisico,entropy,Water & Klimaat
BU00802004,0.1191550911201231,Water_En_Klimaatrisico,entropy,Water & Klimaat
BU00802005,0.02557169218138885,Water_En_Klimaatrisico,entropy,Water & Klimaat
BU00802006,0.23883368955874626,Water_En_Klimaatrisico,entropy,Water & Klimaat
BU00802007,0.20412265418212552,Water_En_Klimaatrisico,entropy,Water & Klimaat
BU00802008,0.2749310350492737,Water_En_Klimaatrisico,entropy,Water & Klimaat
BU00802009,0.2431281489887281,Water_En_Klimaatrisico,entropy,Water & Klimaat
WK008030,0.068093889473475,Water_En_Klimaatrisico,entropy,Water & Klimaat
BU00803001,0.2640875033567436,Water_En_Klimaatrisico,entropy,Water & Klimaat
BU00803002,0.08598477145734132,Water_En_Klimaatrisico,entropy,Water & Klimaat
BU00803003,0.1541796400386422,Water_En_Klimaatrisico,entropy,Water & Klimaat
BU00803004,0.1528476892454637,Water_En_Klimaatrisico,entropy,Water & Klimaat
BU00803005,0.1421580041672183,Water_En_Klimaatrisico,entropy,Water & Klimaat
BU00803006,0.04717356318796097,Water_En_Klimaatrisico,entropy,Water & Klimaat
BU00803007,0.09981740183976158,Water_En_Klimaatrisico,entropy,Water & Klimaat
WK008031,0.07941793675334963,Water_En_Klimaatrisico,entropy,Water & Klimaat
BU00803101,0.061175912388407847,Water_En_Klimaatrisico,entropy,Water & Klimaat
BU00803102,0.1080274456540102,Water_En_Klimaatrisico,entropy,Water & Klimaat
WK008032,0.051373428702519285,Water_En_Klimaatrisico,entropy,Water & Klimaat
BU00803201,0.13954303571241022,Water_En_Klimaatrisico,entropy,Water & Klimaat
BU00803202,0.06486270907512723,Water_En_Klimaatrisico,entropy,Water & Klimaat
BU00803203,0.09843983916917846,Water_En_Klimaatrisico,entropy,Water & Klimaat
BU00803204,0.07864625905060119,Water_En_Klimaatrisico,entropy,Water & Klimaat
WK008040,0.07951757085159745,Water_En_Klimaatrisico,entropy,Water & Klimaat
BU00804001,0.2019909230605249,Water_En_Klimaatrisico,entropy,Water & Klimaat
BU00804002,0.19236195198114556,Water_En_Klimaatrisico,entropy,Water & Klimaat
BU00804003,0.10182826248205074,Water_En_Klimaatrisico,entropy,Water & Klimaat
BU00804004,0.08376434493057407,Water_En_Klimaatrisico,entropy,Water & Klimaat
WK008041,0.09927374672505666,Water_En_Klimaatrisico,entropy,Water & Klimaat
BU00804101,0.07846028880918815,Water_En_Klimaatrisico,entropy,Water & Klimaat
BU00804102,0.060776496248725026,Water_En_Klimaatrisico,entropy,Water & Klimaat
BU00804103,0.051135775972761255,Water_En_Klimaatrisico,entropy,Water & Klimaat
BU00804104,0.08625289322086971,Water_En_Klimaatrisico,entropy,Water & Klimaat
BU00804105,0.10993409576814461,Water_En_Klimaatrisico,entropy,Water & Klimaat
BU00804106,0.04661026328254524,Water_En_Klimaatrisico,entropy,Water & Klimaat
BU00804107,0.11414876442029567,Water_En_Klimaatrisico,entropy,Water & Klimaat
BU00804108,0.1417435742634902,Water_En_Klimaatrisico,entropy,Water & Klimaat
BU00804109,0.12056680343116946,Water_En_Klimaatrisico,entropy,Water & Klimaat
BU00804110,0.22210575172292807,Water_En_Klimaatrisico,entropy,Water & Klimaat
WK008050,0.08739003465756434,Water_En_Klimaatrisico,entropy,Water & Klimaat
BU00805001,0.08504504068376614,Water_En_Klimaatrisico,entropy,Water & Klimaat
BU00805002,0.09880681458260818,Water_En_Klimaatrisico,entropy,Water & Klimaat
BU00805003,0.08300919970767233,Water_En_Klimaatrisico,entropy,Water & Klimaat
WK008051,0.06466249355826528,Water_En_Klimaatrisico,entropy,Water & Klimaat
BU00805101,0.053720285791644604,Water_En_Klimaatrisico,entropy,Water & Klimaat
BU00805102,0.0495747745539557,Water_En_Klimaatrisico,entropy,Water & Klimaat
BU00805103,0.055408131183101686,Water_En_Klimaatrisico,entropy,Water & Klimaat
BU00805104,0.13111060607658653,Water_En_Klimaatrisico,entropy,Water & Klimaat
BU00805105,0.14610574991758818,Water_En_Klimaatrisico,entropy,Water & Klimaat
WK008060,0.06723684601961233,Water_En_Klimaatrisico,entropy,Water & Klimaat
BU00806001,0.048665902173952294,Water_En_Klimaatrisico,entropy,Water & Klimaat
BU00806002,0.13036103860186324,Water_En_Klimaatrisico,entropy,Water & Klimaat
BU00806003,0.16858849089533012,Water_En_Klimaatrisico,entropy,Water & Klimaat
WK008061,0.08204351707905917,Water_En_Klimaatrisico,entropy,Water & Klimaat
BU00806101,0.05862962126390671,Water_En_Klimaatrisico,entropy,Water & Klimaat
BU00806102,0.07649819658770099,Water_En_Klimaatrisico,entropy,Water & Klimaat
WK008062,0.06325588675951298,Water_En_Klimaatrisico,entropy,Water & Klimaat
BU00806201,0.15583349857701922,Water_En_Klimaatrisico,entropy,Water & Klimaat
BU00806202,0.2672987812403848,Water_En_Klimaatrisico,entropy,Water & Klimaat
BU00806203,0.16951935684895808,Water_En_Klimaatrisico,entropy,Water & Klimaat
BU00806204,0.1270795576324675,Water_En_Klimaatrisico,entropy,Water & Klimaat
BU00806205,0.2862419555990752,Water_En_Klimaatrisico,entropy,Water & Klimaat
BU00806206,0.31582242136638133,Water_En_Klimaatrisico,entropy,Water & Klimaat
BU00806207,0.16208133461697627,Water_En_Klimaatrisico,entropy,Water & Klimaat
BU00806208,0.26737988584454087,Water_En_Klimaatrisico,entropy,Water & Klimaat
BU00806209,0.18103340654810213,Water_En_Klimaatrisico,entropy,Water & Klimaat
BU00806210,0.22492230625527526,Water_En_Klimaatrisico,entropy,Water & Klimaat
WK008063,0.06867832376651695,Water_En_Klimaatrisico,entropy,Water & Klimaat
BU00806301,0.08699170862724397,Water_En_Klimaatrisico,entropy,Water & Klimaat
BU00806302,0.19020155909259748,Water_En_Klimaatrisico,entropy,Water & Klimaat
BU00806303,0.21973794911475933,Water_En_Klimaatrisico,entropy,Water & Klimaat
BU00806304,0.3019811850295339,Water_En_Klimaatrisico,entropy,Water & Klimaat
BU00806305,0.2786951072016053,Water_En_Klimaatrisico,entropy,Water & Klimaat
BU00806306,0.24680603163133424,Water_En_Klimaatrisico,entropy,Water & Klimaat
BU00806307,0.2368230636795463,Water_En_Klimaatrisico,entropy,Water & Klimaat
WK008070,0.0735766364974865,Water_En_Klimaatrisico,entropy,Water & Klimaat
BU00807001,0.049757935537292894,Water_En_Klimaatrisico,entropy,Water & Klimaat
BU00807002,0.1043219555725089,Water_En_Klimaatrisico,entropy,Water & Klimaat
BU00807003,0.10781926514500509,Water_En_Klimaatrisico,entropy,Water & Klimaat
BU00807004,0.0840319674275456,Water_En_Klimaatrisico,entropy,Water & Klimaat
WK008071,0.0899224828116188,Water_En_Klimaatrisico,entropy,Water & Klimaat
BU00807101,0.08156322424426347,Water_En_Klimaatrisico,entropy,Water & Klimaat
WK008072,0.06633564209662571,Water_En_Klimaatrisico,entropy,Water & Klimaat
BU00807201,0.08792279396232099,Water_En_Klimaatrisico,entropy,Water & Klimaat
BU00807202,0.08443789636813864,Water_En_Klimaatrisico,entropy,Water & Klimaat
BU00807203,0.08961543615406378,Water_En_Klimaatrisico,entropy,Water & Klimaat
WK008073,0.09503931424134161,Water_En_Klimaatrisico,entropy,Water & Klimaat
BU00807301,0.061046163023332774,Water_En_Klimaatrisico,entropy,Water & Klimaat
BU00807302,0.07672301713388575,Water_En_Klimaatrisico,entropy,Water & Klimaat
BU00807303,0.25012934374593015,Water_En_Klimaatrisico,entropy,Water & Klimaat
BU00807304,0.10089208897286313,Water_En_Klimaatrisico,entropy,Water & Klimaat
BU00807305,0.08669194400592806,Water_En_Klimaatrisico,entropy,Water & Klimaat
BU00807306,0.14833389307722655,Water_En_Klimaatrisico,entropy,Water & Klimaat
WK008074,0.10503660033642412,Water_En_Klimaatrisico,entropy,Water & Klimaat
BU00807401,0.12174276850552006,Water_En_Klimaatrisico,entropy,Water & Klimaat
BU00807402,0.1361624656881173,Water_En_Klimaatrisico,entropy,Water & Klimaat
BU00807403,0.1480243515873437,Water_En_Klimaatrisico,entropy,Water & Klimaat
BU00807404,0.10039184142315942,Water_En_Klimaatrisico,entropy,Water & Klimaat
BU00807405,0.09591028982482032,Water_En_Klimaatrisico,entropy,Water & Klimaat
WK008080,0.1009726512675404,Water_En_Klimaatrisico,entropy,Water & Klimaat
BU00808001,0.11646460602553609,Water_En_Klimaatrisico,entropy,Water & Klimaat
BU00808002,0.16755335496620574,Water_En_Klimaatrisico,entropy,Water & Klimaat
BU00808003,0.13244102677261585,Water_En_Klimaatrisico,entropy,Water & Klimaat
BU00808004,0.12500098831496412,Water_En_Klimaatrisico,entropy,Water & Klimaat
BU00808005,0.2287576677381764,Water_En_Klimaatrisico,entropy,Water & Klimaat
BU00808006,0.17763441802112126,Water_En_Klimaatrisico,entropy,Water & Klimaat
BU00808007,0.17182763092972206,Water_En_Klimaatrisico,entropy,Water & Klimaat
BU00808008,0.13726794324046326,Water_En_Klimaatrisico,entropy,Water & Klimaat
WK008081,0.10020003882310101,Water_En_Klimaatrisico,entropy,Water & Klimaat
BU00808101,0.13963121948154072,Water_En_Klimaatrisico,entropy,Water & Klimaat
BU00808102,0.1585006509251519,Water_En_Klimaatrisico,entropy,Water & Klimaat
BU00808103,0.15234119201180277,Water_En_Klimaatrisico,entropy,Water & Klimaat
BU00808104,0.29749382210103315,Water_En_Klimaatrisico,entropy,Water & Klimaat
BU00808105,0.13020021890214958,Water_En_Klimaatrisico,entropy,Water & Klimaat
BU00808106,0.18438615607497108,Water_En_Klimaatrisico,entropy,Water & Klimaat
BU00808107,0.20508583948845013,Water_En_Klimaatrisico,entropy,Water & Klimaat
BU00808108,0.19920441793718796,Water_En_Klimaatrisico,entropy,Water & Klimaat
BU00808109,0.17187550871371488,Water_En_Klimaatrisico,entropy,Water & Klimaat
BU00808110,0.24619198471365644,Water_En_Klimaatrisico,entropy,Water & Klimaat
BU00808111,0.16795449642071647,Water_En_Klimaatrisico,entropy,Water & Klimaat
BU00808112,0.24399488405338698,Water_En_Klimaatrisico,entropy,Water & Klimaat
BU00808113,0.22679747169414943,Water_En_Klimaatrisico,entropy,Water & Klimaat
BU00808114,0.20888342171925298,Water_En_Klimaatrisico,entropy,Water & Klimaat
BU00808115,0.20356432884665232,Water_En_Klimaatrisico,entropy,Water & Klimaat
BU00808116,0.1930934192528747,Water_En_Klimaatrisico,entropy,Water & Klimaat
BU00808117,0.15646450062121647,Water_En_Klimaatrisico,entropy,Water & Klimaat
WK008082,0.06867832376651695,Water_En_Klimaatrisico,entropy,Water & Klimaat
BU00808201,0.1262522586438007,Water_En_Klimaatrisico,entropy,Water & Klimaat
BU00808202,0.2174099115147707,Water_En_Klimaatrisico,entropy,Water & Klimaat
BU00808203,0.16294697210279618,Water_En_Klimaatrisico,entropy,Water & Klimaat
BU00808204,0.15522055426669307,Water_En_Klimaatrisico,entropy,Water & Klimaat
BU00808205,0.18483048060540266,Water_En_Klimaatrisico,entropy,Water & Klimaat
BU00808206,0.09308786191820853,Water_En_Klimaatrisico,entropy,Water & Klimaat
BU00808207,0.14409220931123776,Water_En_Klimaatrisico,entropy,Water & Klimaat
BU00808208,0.11519027843587384,Water_En_Klimaatrisico,entropy,Water & Klimaat
BU00808209,0.21057333134518505,Water_En_Klimaatrisico,entropy,Water & Klimaat
GM1970,0.06466249355826525,Water_En_Klimaatrisico,entropy,Water & Klimaat
WK197000,0.06466249355826527,Water_En_Klimaatrisico,entropy,Water & Klimaat
BU19700000,0.2501950787870708,Water_En_Klimaatrisico,entropy,Water & Klimaat
BU19700001,0.1530883136841028,Water_En_Klimaatrisico,entropy,Water & Klimaat
BU19700002,0.11478131322832696,Water_En_Klimaatrisico,entropy,Water & Klimaat
BU19700003,0.11068380135986246,Water_En_Klimaatrisico,entropy,Water & Klimaat
BU19700004,0.11746932786451009,Water_En_Klimaatrisico,entropy,Water & Klimaat
BU19700005,0.09493521397382321,Water_En_Klimaatrisico,entropy,Water & Klimaat
BU19700006,0.10839367230440158,Water_En_Klimaatrisico,entropy,Water & Klimaat
BU19700007,0.11156291636958227,Water_En_Klimaatrisico,entropy,Water & Klimaat
BU19700008,0.11926082022383169,Water_En_Klimaatrisico,entropy,Water & Klimaat
BU19700009,0.11794245313535029,Water_En_Klimaatrisico,entropy,Water & Klimaat
BU19700010,0.12106993606413724,Water_En_Klimaatrisico,entropy,Water & Klimaat
BU19700011,0.11604462727515544,Water_En_Klimaatrisico,entropy,Water & Klimaat
WK197001,0.11110354633411614,Water_En_Klimaatrisico,entropy,Water & Klimaat
BU19700100,0.2604184436633322,Water_En_Klimaatrisico,entropy,Water & Klimaat
BU19700101,0.1383894268718583,Water_En_Klimaatrisico,entropy,Water & Klimaat
BU19700102,0.12337411017494461,Water_En_Klimaatrisico,entropy,Water & Klimaat
BU19700103,0.16356667355779717,Water_En_Klimaatrisico,entropy,Water & Klimaat
BU19700104,0.19394846569657428,Water_En_Klimaatrisico,entropy,Water & Klimaat
BU19700105,0.12923616916346614,Water_En_Klimaatrisico,entropy,Water & Klimaat
BU19700107,0.17968590099871318,Water_En_Klimaatrisico,entropy,Water & Klimaat
BU19700108,0.1531728373191914,Water_En_Klimaatrisico,entropy,Water & Klimaat
BU19700109,0.15340292269907355,Water_En_Klimaatrisico,entropy,Water & Klimaat
WK197002,0.10692482762508067,Water_En_Klimaatrisico,entropy,Water & Klimaat
BU19700200,0.14871298792240628,Water_En_Klimaatrisico,entropy,Water & Klimaat
BU19700201,0.18174176914567902,Water_En_Klimaatrisico,entropy,Water & Klimaat
BU19700202,0.27428245875709145,Water_En_Klimaatrisico,entropy,Water & Klimaat
BU19700208,0.1577177391214837,Water_En_Klimaatrisico,entropy,Water & Klimaat
BU19700209,0.1679049867071908,Water_En_Klimaatrisico,entropy,Water & Klimaat
WK197003,0.10568181923317216,Water_En_Klimaatrisico,entropy,Water & Klimaat
BU19700300,0.1457592059474997,Water_En_Klimaatrisico,entropy,Water & Klimaat
BU19700301,0.2129178911831014,Water_En_Klimaatrisico,entropy,Water & Klimaat
BU19700302,0.2273578013813221,Water_En_Klimaatrisico,entropy,Water & Klimaat
BU19700303,0.08207233496873731,Water_En_Klimaatrisico,entropy,Water & Klimaat
BU19700307,0.13410124154684963,Water_En_Klimaatrisico,entropy,Water & Klimaat
BU19700308,0.2800736588211203,Water_En_Klimaatrisico,entropy,Water & Klimaat
BU19700309,0.19826133119256212,Water_En_Klimaatrisico,entropy,Water & Klimaat
WK197004,0.06649344698845187,Water_En_Klimaatrisico,entropy,Water & Klimaat
BU19700400,0.13285951735447257,Water_En_Klimaatrisico,entropy,Water & Klimaat
BU19700401,0.3177626563951148,Water_En_Klimaatrisico,entropy,Water & Klimaat
BU19700408,0.185157466173818,Water_En_Klimaatrisico,entropy,Water & Klimaat
BU19700409,0.23778791299235508,Water_En_Klimaatrisico,entropy,Water & Klimaat
WK197005,0.10279019736566247,Water_En_Klimaatrisico,entropy,Water & Klimaat
BU19700500,0.19106924733803382,Water_En_Klimaatrisico,entropy,Water & Klimaat
BU19700501,0.17826469346586638,Water_En_Klimaatrisico,entropy,Water & Klimaat
BU19700502,0.15902874287711827,Water_En_Klimaatrisico,entropy,Water & Klimaat
BU19700503,0.17592981572632538,Water_En_Klimaatrisico,entropy,Water & Klimaat
BU19700506,0.23090498253221867,Water_En_Klimaatrisico,entropy,Water & Klimaat
BU19700507,0.14926144244318995,Water_En_Klimaatrisico,entropy,Water & Klimaat
BU19700508,0.29524526984663746,Water_En_Klimaatrisico,entropy,Water & Klimaat
BU19700509,0.2819691018691917,Water_En_Klimaatrisico,entropy,Water & Klimaat
WK197006,0.10568181923317216,Water_En_Klimaatrisico,entropy,Water & Klimaat
BU19700600,0.17272386486418975,Water_En_Klimaatrisico,entropy,Water & Klimaat
BU19700601,0.30993686539316145,Water_En_Klimaatrisico,entropy,Water & Klimaat
BU19700602,0.1732431956188983,Water_En_Klimaatrisico,entropy,Water & Klimaat
BU19700603,0.18666171632110062,Water_En_Klimaatrisico,entropy,Water & Klimaat
BU19700604,0.18507171852332405,Water_En_Klimaatrisico,entropy,Water & Klimaat
BU19700605,0.11569142765613977,Water_En_Klimaatrisico,entropy,Water & Klimaat
BU19700608,0.18269846713651008,Water_En_Klimaatrisico,entropy,Water & Klimaat
BU19700609,0.14221707685635357,Water_En_Klimaatrisico,entropy,Water & Klimaat
WK197007,0.07493077838872875,Water_En_Klimaatrisico,entropy,Water & Klimaat
BU19700700,0.17635771040792486,Water_En_Klimaatrisico,entropy,Water & Klimaat
BU19700701,0.343423545643833,Water_En_Klimaatrisico,entropy,Water & Klimaat
BU19700702,0.15672886726657914,Water_En_Klimaatrisico,entropy,Water & Klimaat
BU19700703,0.21438252549862033,Water_En_Klimaatrisico,entropy,Water & Klimaat
BU19700708,0.18899887911550878,Water_En_Klimaatrisico,entropy,Water & Klimaat
BU19700709,0.21707036553884176,Water_En_Klimaatrisico,entropy,Water & Klimaat
WK197008,0.1009726512675404,Water_En_Klimaatrisico,entropy,Water & Klimaat
BU19700800,0.1952143206775584,Water_En_Klimaatrisico,entropy,Water & Klimaat
BU19700801,0.16059434459955751,Water_En_Klimaatrisico,entropy,Water & Klimaat
BU19700802,0.17637063136365863,Water_En_Klimaatrisico,entropy,Water & Klimaat
BU19700803,0.30548605674576784,Water_En_Klimaatrisico,entropy,Water & Klimaat
BU19700807,0.22845237340884167,Water_En_Klimaatrisico,entropy,Water & Klimaat
BU19700808,0.22247060051528397,Water_En_Klimaatrisico,entropy,Water & Klimaat
BU19700809,0.1957411238309349,Water_En_Klimaatrisico,entropy,Water & Klimaat
WK197009,0.09956816709600015,Water_En_Klimaatrisico,entropy,Water & Klimaat
BU19700900,0.14378498850765511,Water_En_Klimaatrisico,entropy,Water & Klimaat
BU19700909,0.19032388201662925,Water_En_Klimaatrisico,entropy,Water & Klimaat
WK197010,0.11210149125430302,Water_En_Klimaatrisico,entropy,Water & Klimaat
BU19701000,0.1302552786942162,Water_En_Klimaatrisico,entropy,Water & Klimaat
BU19701001,0.13682489522313587,Water_En_Klimaatrisico,entropy,Water & Klimaat
BU19701002,0.1622891684749136,Water_En_Klimaatrisico,entropy,Water & Klimaat
BU19701003,0.2929753641563374,Water_En_Klimaatrisico,entropy,Water & Klimaat
BU19701004,0.13264440009067952,Water_En_Klimaatrisico,entropy,Water & Klimaat
BU19701005,0.18122772481901642,Water_En_Klimaatrisico,entropy,Water & Klimaat
BU19701006,0.2924576516262069,Water_En_Klimaatrisico,entropy,Water & Klimaat
BU19701008,0.14237289345564574,Water_En_Klimaatrisico,entropy,Water & Klimaat
BU19701009,0.1513417920422615,Water_En_Klimaatrisico,entropy,Water & Klimaat
WK197011,0.06287194699978413,Water_En_Klimaatrisico,entropy,Water & Klimaat
BU19701100,0.05529275623787308,Water_En_Klimaatrisico,entropy,Water & Klimaat
BU19701109,0.09407054314126612,Water_En_Klimaatrisico,entropy,Water & Klimaat
WK197012,0.12540890329074247,Water_En_Klimaatrisico,entropy,Water & Klimaat
BU19701200,0.110572860312489,Water_En_Klimaatrisico,entropy,Water & Klimaat
BU19701201,0.05705056286816988,Water_En_Klimaatrisico,entropy,Water & Klimaat
BU19701202,0.09466654477438985,Water_En_Klimaatrisico,entropy,Water & Klimaat
BU19701203,0.06674420570148472,Water_En_Klimaatrisico,entropy,Water & Klimaat
BU19701204,0.1126228767147831,Water_En_Klimaatrisico,entropy,Water & Klimaat
BU19701206,0.12357525179049796,Water_En_Klimaatrisico,entropy,Water & Klimaat
BU19701207,0.12393521978630097,Water_En_Klimaatrisico,entropy,Water & Klimaat
BU19701208,0.11499411000225095,Water_En_Klimaatrisico,entropy,Water & Klimaat
BU19701209,0.05599391507494406,Water_En_Klimaatrisico,entropy,Water & Klimaat
WK197013,0.10866552833931367,Water_En_Klimaatrisico,entropy,Water & Klimaat
BU19701300,0.04685172323038776,Water_En_Klimaatrisico,entropy,Water & Klimaat
BU19701301,0.08487111460443295,Water_En_Klimaatrisico,entropy,Water & Klimaat
BU19701302,0.09302399150378726,Water_En_Klimaatrisico,entropy,Water & Klimaat
BU19701308,0.1223222938564405,Water_En_Klimaatrisico,entropy,Water & Klimaat
BU19701309,0.16478206124598338,Water_En_Klimaatrisico,entropy,Water & Klimaat
WK197014,0.06325588675951298,Water_En_Klimaatrisico,entropy,Water & Klimaat
BU19701400,0.056655298933583995,Water_En_Klimaatrisico,entropy,Water & Klimaat
BU19701401,0.09439792668975308,Water_En_Klimaatrisico,entropy,Water & Klimaat
BU19701402,0.05390217430480933,Water_En_Klimaatrisico,entropy,Water & Klimaat
BU19701409,0.08132693594775445,Water_En_Klimaatrisico,entropy,Water & Klimaat
GM0085,0.06466249355826528,Water_En_Klimaatrisico,entropy,Water & Klimaat
WK008501,0.06617732259525662,Water_En_Klimaatrisico,entropy,Water & Klimaat
BU00850101,0.06149600720734975,Water_En_Klimaatrisico,entropy,Water & Klimaat
BU00850102,0.1325172541554044,Water_En_Klimaatrisico,entropy,Water & Klimaat
BU00850103,0.12119709810743065,Water_En_Klimaatrisico,entropy,Water & Klimaat
BU00850104,0.05401642117962126,Water_En_Klimaatrisico,entropy,Water & Klimaat
BU00850105,0.05404509786824287,Water_En_Klimaatrisico,entropy,Water & Klimaat
BU00850106,0.09282160765791317,Water_En_Klimaatrisico,entropy,Water & Klimaat
BU00850107,0.08167758091113778,Water_En_Klimaatrisico,entropy,Water & Klimaat
BU00850108,0.08650057539893241,Water_En_Klimaatrisico,entropy,Water & Klimaat
BU00850109,0.08709303439142567,Water_En_Klimaatrisico,entropy,Water & Klimaat
BU00850110,0.07947372104256224,Water_En_Klimaatrisico,entropy,Water & Klimaat
BU00850111,0.0663596025774587,Water_En_Klimaatrisico,entropy,Water & Klimaat
WK008502,0.10866552833931367,Water_En_Klimaatrisico,entropy,Water & Klimaat
BU00850201,0.1025948619921147,Water_En_Klimaatrisico,entropy,Water & Klimaat
BU00850202,0.11543784652741826,Water_En_Klimaatrisico,entropy,Water & Klimaat
BU00850203,0.08360251290515472,Water_En_Klimaatrisico,entropy,Water & Klimaat
WK008503,0.09033688360785189,Water_En_Klimaatrisico,entropy,Water & Klimaat
BU00850301,0.07437091641691011,Water_En_Klimaatrisico,entropy,Water & Klimaat
BU00850302,0.05597928647248184,Water_En_Klimaatrisico,entropy,Water & Klimaat
WK008504,0.08692652835249252,Water_En_Klimaatrisico,entropy,Water & Klimaat
BU00850401,0.07730638377463656,Water_En_Klimaatrisico,entropy,Water & Klimaat
BU00850402,0.06189349960491799,Water_En_Klimaatrisico,entropy,Water & Klimaat
WK008505,0.07885030105081255,Water_En_Klimaatrisico,entropy,Water & Klimaat
BU00850501,0.12572857753703504,Water_En_Klimaatrisico,entropy,Water & Klimaat
BU00850502,0.07882598052850556,Water_En_Klimaatrisico,entropy,Water & Klimaat
WK008506,0.06751222768939394,Water_En_Klimaatrisico,entropy,Water & Klimaat
BU00850601,0.08474497391239025,Water_En_Klimaatrisico,entropy,Water & Klimaat
BU00850602,0.07385536814349805,Water_En_Klimaatrisico,entropy,Water & Klimaat
BU00850603,0.08854521637552656,Water_En_Klimaatrisico,entropy,Water & Klimaat
BU00850604,0.07981939761420881,Water_En_Klimaatrisico,entropy,Water & Klimaat
BU00850605,0.06904632423171024,Water_En_Klimaatrisico,entropy,Water & Klimaat
BU00850606,0.07317475275872501,Water_En_Klimaatrisico,entropy,Water & Klimaat
BU00850607,0.0957921101308839,Water_En_Klimaatrisico,entropy,Water & Klimaat
BU00850608,0.057157241712478976,Water_En_Klimaatrisico,entropy,Water & Klimaat
WK008507,0.12010795871184876,Water_En_Klimaatrisico,entropy,Water & Klimaat
BU00850701,0.06967907849176042,Water_En_Klimaatrisico,entropy,Water & Klimaat
BU00850702,0.08331103240867252,Water_En_Klimaatrisico,entropy,Water & Klimaat
WK008508,0.07542427116847869,Water_En_Klimaatrisico,entropy,Water & Klimaat
BU00850801,0.09421282582642418,Water_En_Klimaatrisico,entropy,Water & Klimaat
BU00850802,0.0517821100615126,Water_En_Klimaatrisico,entropy,Water & Klimaat
WK008509,0.14629475095995048,Water_En_Klimaatrisico,entropy,Water & Klimaat
BU00850901,0.0757349146674437,Water_En_Klimaatrisico,entropy,Water & Klimaat
BU00850902,0.07619900591391776,Water_En_Klimaatrisico,entropy,Water & Klimaat
WK008510,0.10837597356231696,Water_En_Klimaatrisico,entropy,Water & Klimaat
BU00851001,0.1466726306869578,Water_En_Klimaatrisico,entropy,Water & Klimaat
BU00851002,0.11687031879285409,Water_En_Klimaatrisico,entropy,Water & Klimaat
BU00851003,0.04640620702665394,Water_En_Klimaatrisico,entropy,Water & Klimaat
WK008511,0.06466249355826525,Water_En_Klimaatrisico,entropy,Water & Klimaat
BU00851101,0.10401461702905382,Water_En_Klimaatrisico,entropy,Water & Klimaat
BU00851102,0.0988356461691795,Water_En_Klimaatrisico,entropy,Water & Klimaat
BU00851103,0.1025789093762722,Water_En_Klimaatrisico,entropy,Water & Klimaat
BU00851104,0.11146713094791882,Water_En_Klimaatrisico,entropy,Water & Klimaat
BU00851105,0.10913588572531197,Water_En_Klimaatrisico,entropy,Water & Klimaat
BU00851106,0.11707697202610438,Water_En_Klimaatrisico,entropy,Water & Klimaat
BU00851107,0.11679768275662639,Water_En_Klimaatrisico,entropy,Water & Klimaat
BU00851108,0.08592371068311061,Water_En_Klimaatrisico,entropy,Water & Klimaat
BU00851109,0.09505068335320346,Water_En_Klimaatrisico,entropy,Water & Klimaat
BU00851110,0.11143641465364809,Water_En_Klimaatrisico,entropy,Water & Klimaat
BU00851111,0.07082482128401589,Water_En_Klimaatrisico,entropy,Water & Klimaat
BU00851112,0.0758429598289632,Water_En_Klimaatrisico,entropy,Water & Klimaat
BU00851113,0.12488140882082105,Water_En_Klimaatrisico,entropy,Water & Klimaat
BU00851114,0.10078223235445048,Water_En_Klimaatrisico,entropy,Water & Klimaat
BU00851115,0.09415205983374998,Water_En_Klimaatrisico,entropy,Water & Klimaat
BU00851116,0.07065315697525368,Water_En_Klimaatrisico,entropy,Water & Klimaat
BU00851117,0.05523573064102712,Water_En_Klimaatrisico,entropy,Water & Klimaat
BU00851118,0.0746844054600148,Water_En_Klimaatrisico,entropy,Water & Klimaat
WK008512,0.06232777355119648,Water_En_Klimaatrisico,entropy,Water & Klimaat
BU00851201,0.06585939465550081,Water_En_Klimaatrisico,entropy,Water & Klimaat
BU00851202,0.05211913163123436,Water_En_Klimaatrisico,entropy,Water & Klimaat
WK008513,0.07660398999904441,Water_En_Klimaatrisico,entropy,Water & Klimaat
BU00851301,0.0921192224805563,Water_En_Klimaatrisico,entropy,Water & Klimaat
BU00851302,0.09204857078947778,Water_En_Klimaatrisico,entropy,Water & Klimaat
GM0086,0.06466249355826527,Water_En_Klimaatrisico,entropy,Water & Klimaat
WK008601,0.10367991295896026,Water_En_Klimaatrisico,entropy,Water & Klimaat
BU00860101,0.10505955975922916,Water_En_Klimaatrisico,entropy,Water & Klimaat
BU00860102,0.10031510647936263,Water_En_Klimaatrisico,entropy,Water & Klimaat
BU00860103,0.07688595220142727,Water_En_Klimaatrisico,entropy,Water & Klimaat
WK008602,0.07165104747811744,Water_En_Klimaatrisico,entropy,Water & Klimaat
BU00860201,0.2036734213068414,Water_En_Klimaatrisico,entropy,Water & Klimaat
BU00860202,0.09424622471931807,Water_En_Klimaatrisico,entropy,Water & Klimaat
BU00860203,0.09807889253752297,Water_En_Klimaatrisico,entropy,Water & Klimaat
BU00860204,0.10230126321615754,Water_En_Klimaatrisico,entropy,Water & Klimaat
BU00860205,0.10024000539614844,Water_En_Klimaatrisico,entropy,Water & Klimaat
BU00860206,0.08165490252438834,Water_En_Klimaatrisico,entropy,Water & Klimaat
BU00860207,0.07745589043345233,Water_En_Klimaatrisico,entropy,Water & Klimaat
BU00860208,0.08205726392343801,Water_En_Klimaatrisico,entropy,Water & Klimaat
BU00860209,0.07765484231073083,Water_En_Klimaatrisico,entropy,Water & Klimaat
WK008604,0.08286967737773925,Water_En_Klimaatrisico,entropy,Water & Klimaat
BU00860401,0.10964432173817132,Water_En_Klimaatrisico,entropy,Water & Klimaat
BU00860402,0.11833091561513266,Water_En_Klimaatrisico,entropy,Water & Klimaat
WK008605,0.07759246670573818,Water_En_Klimaatrisico,entropy,Water & Klimaat
BU00860501,0.14159684706056813,Water_En_Klimaatrisico,entropy,Water & Klimaat
BU00860502,0.03930956826408274,Water_En_Klimaatrisico,entropy,Water & Klimaat
BU00860503,0.07079186127674317,Water_En_Klimaatrisico,entropy,Water & Klimaat
BU00860504,0.05700645455353988,Water_En_Klimaatrisico,entropy,Water & Klimaat
BU00860505,0.04252402311833168,Water_En_Klimaatrisico,entropy,Water & Klimaat
BU00860506,0.0827522825183632,Water_En_Klimaatrisico,entropy,Water & Klimaat
BU00860507,0.10098687752114968,Water_En_Klimaatrisico,entropy,Water & Klimaat
BU00860508,0.04050756930494248,Water_En_Klimaatrisico,entropy,Water & Klimaat
WK008606,0.07225822477447344,Water_En_Klimaatrisico,entropy,Water & Klimaat
BU00860601,0.0967179403937574,Water_En_Klimaatrisico,entropy,Water & Klimaat
BU00860602,0.09360730756444265,Water_En_Klimaatrisico,entropy,Water & Klimaat
WK008607,0.12111256961019798,Water_En_Klimaatrisico,entropy,Water & Klimaat
BU00860701,0.062316737642527945,Water_En_Klimaatrisico,entropy,Water & Klimaat
BU00860702,0.09282296555691416,Water_En_Klimaatrisico,entropy,Water & Klimaat
WK008608,0.06757930201876469,Water_En_Klimaatrisico,entropy,Water & Klimaat
BU00860801,0.05118625501384653,Water_En_Klimaatrisico,entropy,Water & Klimaat
BU00860802,0.05190228929073233,Water_En_Klimaatrisico,entropy,Water & Klimaat
WK008609,0.06467323127330526,Water_En_Klimaatrisico,entropy,Water & Klimaat
BU00860901,0.10955232742673865,Water_En_Klimaatrisico,entropy,Water & Klimaat
BU00860902,0.0784036933072272,Water_En_Klimaatrisico,entropy,Water & Klimaat
WK008610,0.11488090609660215,Water_En_Klimaatrisico,entropy,Water & Klimaat
BU00861001,0.07392457480153276,Water_En_Klimaatrisico,entropy,Water & Klimaat
BU00861002,0.09368431705298208,Water_En_Klimaatrisico,entropy,Water & Klimaat
WK008611,0.11050525943734377,Water_En_Klimaatrisico,entropy,Water & Klimaat
BU00861101,0.09870562451991784,Water_En_Klimaatrisico,entropy,Water & Klimaat
BU00861102,0.12963833214549045,Water_En_Klimaatrisico,entropy,Water & Klimaat
WK008613,0.08511713796815258,Water_En_Klimaatrisico,entropy,Water & Klimaat
BU00861301,0.08781019038856519,Water_En_Klimaatrisico,entropy,Water & Klimaat
BU00861302,0.08826155729751006,Water_En_Klimaatrisico,entropy,Water & Klimaat
WK008614,0.07692747050760354,Water_En_Klimaatrisico,entropy,Water & Klimaat
BU00861401,0.03754622659066545,Water_En_Klimaatrisico,entropy,Water & Klimaat
BU00861402,0.08235776952157364,Water_En_Klimaatrisico,entropy,Water & Klimaat
WK008615,0.06884098700903109,Water_En_Klimaatrisico,entropy,Water & Klimaat
BU00861501,0.0898385336264785,Water_En_Klimaatrisico,entropy,Water & Klimaat
BU00861502,0.12780078812782653,Water_En_Klimaatrisico,entropy,Water & Klimaat
WK008616,0.066373663092236,Water_En_Klimaatrisico,entropy,Water & Klimaat
BU00861601,0.08650804131886922,Water_En_Klimaatrisico,entropy,Water & Klimaat
BU00861602,0.08603570650347511,Water_En_Klimaatrisico,entropy,Water & Klimaat
BU00861603,0.09905800210260225,Water_En_Klimaatrisico,entropy,Water & Klimaat
BU00861604,0.102821244201833,Water_En_Klimaatrisico,entropy,Water & Klimaat
BU00861605,0.12080938105467615,Water_En_Klimaatrisico,entropy,Water & Klimaat
BU00861606,0.06046585582922352,Water_En_Klimaatrisico,entropy,Water & Klimaat
BU00861607,0.0948432272025351,Water_En_Klimaatrisico,entropy,Water & Klimaat
WK008617,0.10436683793146961,Water_En_Klimaatrisico,entropy,Water & Klimaat
BU00861701,0.10478621190043658,Water_En_Klimaatrisico,entropy,Water & Klimaat
BU00861702,0.08101944961525123,Water_En_Klimaatrisico,entropy,Water & Klimaat
BU00861703,0.09276533177782378,Water_En_Klimaatrisico,entropy,Water & Klimaat
GM0088,0.11099531547491182,Water_En_Klimaatrisico,entropy,Water & Klimaat
WK008800,0.08725951303260669,Water_En_Klimaatrisico,entropy,Water & Klimaat
BU00880000,0.06278322436201891,Water_En_Klimaatrisico,entropy,Water & Klimaat
BU00880009,0.03604450387975574,Water_En_Klimaatrisico,entropy,Water & Klimaat
GM0090,0.06466249355826528,Water_En_Klimaatrisico,entropy,Water & Klimaat
WK009001,0.181690100991004,Water_En_Klimaatrisico,entropy,Water & Klimaat
BU00900101,0.11631889580143928,Water_En_Klimaatrisico,entropy,Water & Klimaat
WK009002,0.05235466196737805,Water_En_Klimaatrisico,entropy,Water & Klimaat
BU00900201,0.07637676998629747,Water_En_Klimaatrisico,entropy,Water & Klimaat
BU00900202,0.09473675034032011,Water_En_Klimaatrisico,entropy,Water & Klimaat
BU00900203,0.05470746319122898,Water_En_Klimaatrisico,entropy,Water & Klimaat
BU00900204,0.030538537379023546,Water_En_Klimaatrisico,entropy,Water & Klimaat
BU00900205,0.035616670627173046,Water_En_Klimaatrisico,entropy,Water & Klimaat
BU00900206,0.06613364946674907,Water_En_Klimaatrisico,entropy,Water & Klimaat
WK009003,0.17541888343781448,Water_En_Klimaatrisico,entropy,Water & Klimaat
BU00900301,0.06795727859390419,Water_En_Klimaatrisico,entropy,Water & Klimaat
BU00900302,0.05672768389148648,Water_En_Klimaatrisico,entropy,Water & Klimaat
BU00900303,0.05725387999417975,Water_En_Klimaatrisico,entropy,Water & Klimaat
BU00900304,0.035099996218966145,Water_En_Klimaatrisico,entropy,Water & Klimaat
WK009004,0.07621637123829689,Water_En_Klimaatrisico,entropy,Water & Klimaat
BU00900401,0.04736024010759797,Water_En_Klimaatrisico,entropy,Water & Klimaat
BU00900402,0.06404774679279307,Water_En_Klimaatrisico,entropy,Water & Klimaat
BU00900403,0.028795000811697495,Water_En_Klimaatrisico,entropy,Water & Klimaat
BU00900404,0.03309062614666357,Water_En_Klimaatrisico,entropy,Water & Klimaat
BU00900405,0.05546571183689924,Water_En_Klimaatrisico,entropy,Water & Klimaat
BU00900406,0.09326272738345073,Water_En_Klimaatrisico,entropy,Water & Klimaat
WK009005,0.07369821308970817,Water_En_Klimaatrisico,entropy,Water & Klimaat
BU00900501,0.08537469218642678,Water_En_Klimaatrisico,entropy,Water & Klimaat
BU00900502,0.062230677576929176,Water_En_Klimaatrisico,entropy,Water & Klimaat
WK009006,0.07147572347489375,Water_En_Klimaatrisico,entropy,Water & Klimaat
BU00900601,0.02693511743438108,Water_En_Klimaatrisico,entropy,Water & Klimaat
BU00900602,0.012298958274537634,Water_En_Klimaatrisico,entropy,Water & Klimaat
BU00900603,0.07380313246349589,Water_En_Klimaatrisico,entropy,Water & Klimaat
WK009007,0.06633564209662571,Water_En_Klimaatrisico,entropy,Water & Klimaat
BU00900701,0.04349328018346905,Water_En_Klimaatrisico,entropy,Water & Klimaat
BU00900702,0.030004755044051142,Water_En_Klimaatrisico,entropy,Water & Klimaat
BU00900703,0.08763419060757469,Water_En_Klimaatrisico,entropy,Water & Klimaat
BU00900704,0.06988782164692242,Water_En_Klimaatrisico,entropy,Water & Klimaat
BU00900705,0.09666709386405567,Water_En_Klimaatrisico,entropy,Water & Klimaat
BU00900706,0.07136340343778907,Water_En_Klimaatrisico,entropy,Water & Klimaat
WK009008,0.0673109679357061,Water_En_Klimaatrisico,entropy,Water & Klimaat
BU00900801,0.07698748135581869,Water_En_Klimaatrisico,entropy,Water & Klimaat
BU00900802,0.09392912798576626,Water_En_Klimaatrisico,entropy,Water & Klimaat
BU00900803,0.07544835439581896,Water_En_Klimaatrisico,entropy,Water & Klimaat
WK009009,0.13746092426228246,Water_En_Klimaatrisico,entropy,Water & Klimaat
BU00900901,0.07254953815302198,Water_En_Klimaatrisico,entropy,Water & Klimaat
BU00900902,0.07672590080648442,Water_En_Klimaatrisico,entropy,Water & Klimaat
BU00900903,0.03259771692286387,Water_En_Klimaatrisico,entropy,Water & Klimaat
BU00900904,0.036929826295263674,Water_En_Klimaatrisico,entropy,Water & Klimaat
WK009010,0.052529824081577504,Water_En_Klimaatrisico,entropy,Water & Klimaat
BU00901001,0.1124881008805293,Water_En_Klimaatrisico,entropy,Water & Klimaat
BU00901002,0.09534973471333705,Water_En_Klimaatrisico,entropy,Water & Klimaat
BU00901003,0.07947938750970228,Water_En_Klimaatrisico,entropy,Water & Klimaat
BU00901004,0.09041182518015778,Water_En_Klimaatrisico,entropy,Water & Klimaat
WK009011,0.07204808053252347,Water_En_Klimaatrisico,entropy,Water & Klimaat
BU00901101,0.044530623810373746,Water_En_Klimaatrisico,entropy,Water & Klimaat
WK009012,0.05302084974317095,Water_En_Klimaatrisico,entropy,Water & Klimaat
BU00901201,0.1113569393071521,Water_En_Klimaatrisico,entropy,Water & Klimaat
BU00901202,0.10625732469951309,Water_En_Klimaatrisico,entropy,Water & Klimaat
WK009013,0.06724853584602089,Water_En_Klimaatrisico,entropy,Water & Klimaat
BU00901301,0.06496301239543409,Water_En_Klimaatrisico,entropy,Water & Klimaat
BU00901302,0.0393358096615311,Water_En_Klimaatrisico,entropy,Water & Klimaat
BU00901303,0.09097946287538738,Water_En_Klimaatrisico,entropy,Water & Klimaat
WK009021,0.07686827890603225,Water_En_Klimaatrisico,entropy,Water & Klimaat
BU00902104,0.05579255883560693,Water_En_Klimaatrisico,entropy,Water & Klimaat
BU00902105,0.07850201191012418,Water_En_Klimaatrisico,entropy,Water & Klimaat
BU00902109,0.04456443356952678,Water_En_Klimaatrisico,entropy,Water & Klimaat
BU00902110,0.08050021164412906,Water_En_Klimaatrisico,entropy,Water & Klimaat
BU00902114,0.03677799826939485,Water_En_Klimaatrisico,entropy,Water & Klimaat
WK009022,0.10059552385837825,Water_En_Klimaatrisico,entropy,Water & Klimaat
BU00902201,0.03302370447019327,Water_En_Klimaatrisico,entropy,Water & Klimaat
BU00902202,0.06915334964020263,Water_En_Klimaatrisico,entropy,Water & Klimaat
BU00902203,0.14839526901132996,Water_En_Klimaatrisico,entropy,Water & Klimaat
BU00902206,0.06308338506522378,Water_En_Klimaatrisico,entropy,Water & Klimaat
BU00902212,0.05309122801564826,Water_En_Klimaatrisico,entropy,Water & Klimaat
BU00902213,0.10280380640610344,Water_En_Klimaatrisico,entropy,Water & Klimaat
BU00902215,0.11135374187662159,Water_En_Klimaatrisico,entropy,Water & Klimaat
BU00902216,0.06136854190397997,Water_En_Klimaatrisico,entropy,Water & Klimaat
WK009023,0.06325588675951298,Water_En_Klimaatrisico,entropy,Water & Klimaat
BU00902307,0.102142634363921,Water_En_Klimaatrisico,entropy,Water & Klimaat
BU00902308,0.07983368455853798,Water_En_Klimaatrisico,entropy,Water & Klimaat
BU00902311,0.0666352559000442,Water_En_Klimaatrisico,entropy,Water & Klimaat
GM1900,0.06466249355826528,Water_En_Klimaatrisico,entropy,Water & Klimaat
WK190000,0.06466249355826527,Water_En_Klimaatrisico,entropy,Water & Klimaat
BU19000000,0.3502720954517688,Water_En_Klimaatrisico,entropy,Water & Klimaat
BU19000001,0.09209689965307671,Water_En_Klimaatrisico,entropy,Water & Klimaat
BU19000002,0.09563406321826783,Water_En_Klimaatrisico,entropy,Water & Klimaat
BU19000003,0.17601826117035832,Water_En_Klimaatrisico,entropy,Water & Klimaat
BU19000004,0.08463987746987203,Water_En_Klimaatrisico,entropy,Water & Klimaat
BU19000009,0.15638919857143496,Water_En_Klimaatrisico,entropy,Water & Klimaat
WK190001,0.06466249355826527,Water_En_Klimaatrisico,entropy,Water & Klimaat
BU19000101,0.5201610953326979,Water_En_Klimaatrisico,entropy,Water & Klimaat
BU19000102,0.14889540951539867,Water_En_Klimaatrisico,entropy,Water & Klimaat
BU19000103,0.08967705607396123,Water_En_Klimaatrisico,entropy,Water & Klimaat
BU19000104,0.09248086890209278,Water_En_Klimaatrisico,entropy,Water & Klimaat
BU19000105,0.09285864419381326,Water_En_Klimaatrisico,entropy,Water & Klimaat
BU19000106,0.1952687793528606,Water_En_Klimaatrisico,entropy,Water & Klimaat
BU19000107,0.04890800716896154,Water_En_Klimaatrisico,entropy,Water & Klimaat
BU19000108,0.11460077569391215,Water_En_Klimaatrisico,entropy,Water & Klimaat
BU19000109,0.08810944258297573,Water_En_Klimaatrisico,entropy,Water & Klimaat
BU19000110,0.05146339767470169,Water_En_Klimaatrisico,entropy,Water & Klimaat
BU19000111,0.08326028287534229,Water_En_Klimaatrisico,entropy,Water & Klimaat
BU19000112,0.09630105614480924,Water_En_Klimaatrisico,entropy,Water & Klimaat
BU19000113,0.1624867659911684,Water_En_Klimaatrisico,entropy,Water & Klimaat
BU19000114,0.07726306103438182,Water_En_Klimaatrisico,entropy,Water & Klimaat
BU19000115,0.0442662962764423,Water_En_Klimaatrisico,entropy,Water & Klimaat
BU19000116,0.09201143933155992,Water_En_Klimaatrisico,entropy,Water & Klimaat
BU19000117,0.09303114473327201,Water_En_Klimaatrisico,entropy,Water & Klimaat
BU19000118,0.15882597612070523,Water_En_Klimaatrisico,entropy,Water & Klimaat
BU19000119,0.09285735888442032,Water_En_Klimaatrisico,entropy,Water & Klimaat
BU19000120,0.1410534278598945,Water_En_Klimaatrisico,entropy,Water & Klimaat
WK190002,0.06287194699978414,Water_En_Klimaatrisico,entropy,Water & Klimaat
BU19000200,0.13588084806517092,Water_En_Klimaatrisico,entropy,Water & Klimaat
BU19000201,0.3597730293425802,Water_En_Klimaatrisico,entropy,Water & Klimaat
BU19000202,0.13153402799141972,Water_En_Klimaatrisico,entropy,Water & Klimaat
BU19000208,0.1307535997687138,Water_En_Klimaatrisico,entropy,Water & Klimaat
BU19000209,0.13738459669644032,Water_En_Klimaatrisico,entropy,Water & Klimaat
WK190003,0.09982291141393886,Water_En_Klimaatrisico,entropy,Water & Klimaat
BU19000300,0.12165577930002025,Water_En_Klimaatrisico,entropy,Water & Klimaat
BU19000301,0.16722701319264238,Water_En_Klimaatrisico,entropy,Water & Klimaat
BU19000302,0.1776866005926495,Water_En_Klimaatrisico,entropy,Water & Klimaat
BU19000308,0.10290128918188891,Water_En_Klimaatrisico,entropy,Water & Klimaat
BU19000309,0.14273242352814247,Water_En_Klimaatrisico,entropy,Water & Klimaat
WK190004,0.10917088558098301,Water_En_Klimaatrisico,entropy,Water & Klimaat
BU19000400,0.09127917021489243,Water_En_Klimaatrisico,entropy,Water & Klimaat
BU19000401,0.13308195269897308,Water_En_Klimaatrisico,entropy,Water & Klimaat
BU19000402,0.17641653884623604,Water_En_Klimaatrisico,entropy,Water & Klimaat
BU19000403,0.12345423329755337,Water_En_Klimaatrisico,entropy,Water & Klimaat
BU19000408,0.13987292335984802,Water_En_Klimaatrisico,entropy,Water & Klimaat
BU19000409,0.08414432604863915,Water_En_Klimaatrisico,entropy,Water & Klimaat
WK190005,0.07972802325918894,Water_En_Klimaatrisico,entropy,Water & Klimaat
BU19000500,0.565787642695243,Water_En_Klimaatrisico,entropy,Water & Klimaat
BU19000501,0.10175245153758414,Water_En_Klimaatrisico,entropy,Water & Klimaat
BU19000502,0.06343541285722287,Water_En_Klimaatrisico,entropy,Water & Klimaat
BU19000503,0.19379832013742698,Water_En_Klimaatrisico,entropy,Water & Klimaat
WK190006,0.10059552385837825,Water_En_Klimaatrisico,entropy,Water & Klimaat
BU19000600,0.12219966671635493,Water_En_Klimaatrisico,entropy,Water & Klimaat
BU19000602,0.13095385434527312,Water_En_Klimaatrisico,entropy,Water & Klimaat
BU19000603,0.16186104647872337,Water_En_Klimaatrisico,entropy,Water & Klimaat
BU19000607,0.12419114894567945,Water_En_Klimaatrisico,entropy,Water & Klimaat
BU19000608,0.1335845873142923,Water_En_Klimaatrisico,entropy,Water & Klimaat
BU19000609,0.21617947199022117,Water_En_Klimaatrisico,entropy,Water & Klimaat
WK190007,0.06985343893031827,Water_En_Klimaatrisico,entropy,Water & Klimaat
BU19000700,0.0863473381613287,Water_En_Klimaatrisico,entropy,Water & Klimaat
BU19000701,0.14928373856114674,Water_En_Klimaatrisico,entropy,Water & Klimaat
BU19000702,0.11249685555514558,Water_En_Klimaatrisico,entropy,Water & Klimaat
BU19000706,0.15513039869462408,Water_En_Klimaatrisico,entropy,Water & Klimaat
BU19000707,0.1792912580035198,Water_En_Klimaatrisico,entropy,Water & Klimaat
BU19000708,0.30163754872586174,Water_En_Klimaatrisico,entropy,Water & Klimaat
WK190008,0.06880410702736962,Water_En_Klimaatrisico,entropy,Water & Klimaat
BU19000800,0.08823474758194866,Water_En_Klimaatrisico,entropy,Water & Klimaat
BU19000801,0.14734485507046224,Water_En_Klimaatrisico,entropy,Water & Klimaat
BU19000802,0.15153268487978558,Water_En_Klimaatrisico,entropy,Water & Klimaat
BU19000804,0.24791844889276507,Water_En_Klimaatrisico,entropy,Water & Klimaat
BU19000808,0.15456762366402962,Water_En_Klimaatrisico,entropy,Water & Klimaat
BU19000809,0.15509983516523146,Water_En_Klimaatrisico,entropy,Water & Klimaat
WK190009,0.10568181923317216,Water_En_Klimaatrisico,entropy,Water & Klimaat
BU19000900,0.21618456791678636,Water_En_Klimaatrisico,entropy,Water & Klimaat
BU19000901,0.12303295211926488,Water_En_Klimaatrisico,entropy,Water & Klimaat
BU19000902,0.199939844441436,Water_En_Klimaatrisico,entropy,Water & Klimaat
BU19000903,0.1551628070632305,Water_En_Klimaatrisico,entropy,Water & Klimaat
BU19000904,0.14115065094541246,Water_En_Klimaatrisico,entropy,Water & Klimaat
BU19000905,0.11750787746677302,Water_En_Klimaatrisico,entropy,Water & Klimaat
BU19000906,0.189613600343727,Water_En_Klimaatrisico,entropy,Water & Klimaat
BU19000907,0.2341960750359732,Water_En_Klimaatrisico,entropy,Water & Klimaat
BU19000908,0.13889538664061066,Water_En_Klimaatrisico,entropy,Water & Klimaat
BU19000909,0.19394692531067897,Water_En_Klimaatrisico,entropy,Water & Klimaat
WK190010,0.10962069846535986,Water_En_Klimaatrisico,entropy,Water & Klimaat
BU19001000,0.1737633796423784,Water_En_Klimaatrisico,entropy,Water & Klimaat
BU19001001,0.16601452450881626,Water_En_Klimaatrisico,entropy,Water & Klimaat
BU19001002,0.14648319980030663,Water_En_Klimaatrisico,entropy,Water & Klimaat
BU19001003,0.18037496421523647,Water_En_Klimaatrisico,entropy,Water & Klimaat
BU19001007,0.17839174301091654,Water_En_Klimaatrisico,entropy,Water & Klimaat
BU19001008,0.17948196035600997,Water_En_Klimaatrisico,entropy,Water & Klimaat
WK190011,0.05343337744501715,Water_En_Klimaatrisico,entropy,Water & Klimaat
BU19001100,0.14979556540471495,Water_En_Klimaatrisico,entropy,Water & Klimaat
BU19001101,0.11375400525636878,Water_En_Klimaatrisico,entropy,Water & Klimaat
BU19001108,0.11601237067943496,Water_En_Klimaatrisico,entropy,Water & Klimaat
BU19001109,0.11471993995892893,Water_En_Klimaatrisico,entropy,Water & Klimaat
WK190012,0.11341647255600557,Water_En_Klimaatrisico,entropy,Water & Klimaat
BU19001200,0.22639924858868365,Water_En_Klimaatrisico,entropy,Water & Klimaat
BU19001201,0.14766464122766035,Water_En_Klimaatrisico,entropy,Water & Klimaat
BU19001202,0.13962260234676926,Water_En_Klimaatrisico,entropy,Water & Klimaat
BU19001203,0.11132381898455898,Water_En_Klimaatrisico,entropy,Water & Klimaat
BU19001204,0.0878659204633767,Water_En_Klimaatrisico,entropy,Water & Klimaat
BU19001208,0.15193318462203242,Water_En_Klimaatrisico,entropy,Water & Klimaat
BU19001209,0.13926025703696354,Water_En_Klimaatrisico,entropy,Water & Klimaat
WK190013,0.1009726512675404,Water_En_Klimaatrisico,entropy,Water & Klimaat
BU19001300,0.18814272085952188,Water_En_Klimaatrisico,entropy,Water & Klimaat
BU19001301,0.2721778728986991,Water_En_Klimaatrisico,entropy,Water & Klimaat
BU19001302,0.254558609236874,Water_En_Klimaatrisico,entropy,Water & Klimaat
BU19001303,0.2448317469229598,Water_En_Klimaatrisico,entropy,Water & Klimaat
BU19001306,0.20655856932885044,Water_En_Klimaatrisico,entropy,Water & Klimaat
BU19001307,0.2573353897390201,Water_En_Klimaatrisico,entropy,Water & Klimaat
BU19001308,0.21757192385984453,Water_En_Klimaatrisico,entropy,Water & Klimaat
BU19001309,0.2514873190894954,Water_En_Klimaatrisico,entropy,Water & Klimaat
WK190014,0.11469022541108882,Water_En_Klimaatrisico,entropy,Water & Klimaat
BU19001400,0.19180910668747608,Water_En_Klimaatrisico,entropy,Water & Klimaat
BU19001401,0.19476506433615062,Water_En_Klimaatrisico,entropy,Water & Klimaat
BU19001402,0.25932168668283084,Water_En_Klimaatrisico,entropy,Water & Klimaat
BU19001403,0.18236197746674682,Water_En_Klimaatrisico,entropy,Water & Klimaat
BU19001404,0.17094372759373674,Water_En_Klimaatrisico,entropy,Water & Klimaat
BU19001405,0.26482909067851784,Water_En_Klimaatrisico,entropy,Water & Klimaat
BU19001406,0.25884161849414744,Water_En_Klimaatrisico,entropy,Water & Klimaat
BU19001407,0.22810717988997004,Water_En_Klimaatrisico,entropy,Water & Klimaat
BU19001408,0.2690671312770868,Water_En_Klimaatrisico,entropy,Water & Klimaat
BU19001409,0.25552489342030227,Water_En_Klimaatrisico,entropy,Water & Klimaat
WK190015,0.08473860353894525,Water_En_Klimaatrisico,entropy,Water & Klimaat
BU19001500,0.1428672329392134,Water_En_Klimaatrisico,entropy,Water & Klimaat
BU19001501,0.21438194173926328,Water_En_Klimaatrisico,entropy,Water & Klimaat
BU19001502,0.17311838236761104,Water_En_Klimaatrisico,entropy,Water & Klimaat
BU19001503,0.052393429922358556,Water_En_Klimaatrisico,entropy,Water & Klimaat
BU19001509,0.11081891374875054,Water_En_Klimaatrisico,entropy,Water & Klimaat
WK190016,0.11559334490395175,Water_En_Klimaatrisico,entropy,Water & Klimaat
BU19001600,0.18508990584237803,Water_En_Klimaatrisico,entropy,Water & Klimaat
BU19001601,0.3972547284723657,Water_En_Klimaatrisico,entropy,Water & Klimaat
BU19001602,0.27957973233677147,Water_En_Klimaatrisico,entropy,Water & Klimaat
BU19001603,0.22224894770146889,Water_En_Klimaatrisico,entropy,Water & Klimaat
BU19001604,0.146645392086545,Water_En_Klimaatrisico,entropy,Water & Klimaat
BU19001606,0.10817351533034548,Water_En_Klimaatrisico,entropy,Water & Klimaat
BU19001607,0.2790788137383758,Water_En_Klimaatrisico,entropy,Water & Klimaat
BU19001608,0.14107337940985348,Water_En_Klimaatrisico,entropy,Water & Klimaat
WK190017,0.07972802325918894,Water_En_Klimaatrisico,entropy,Water & Klimaat
BU19001700,0.07539016208951695,Water_En_Klimaatrisico,entropy,Water & Klimaat
BU19001709,0.15741164893760093,Water_En_Klimaatrisico,entropy,Water & Klimaat
WK190018,0.11048822275654817,Water_En_Klimaatrisico,entropy,Water & Klimaat
BU19001800,0.0832770253652999,Water_En_Klimaatrisico,entropy,Water & Klimaat
BU19001801,0.21504121229544187,Water_En_Klimaatrisico,entropy,Water & Klimaat
BU19001802,0.19786224705061276,Water_En_Klimaatrisico,entropy,Water & Klimaat
BU19001803,0.05041681959845142,Water_En_Klimaatrisico,entropy,Water & Klimaat
BU19001804,0.22222523610669628,Water_En_Klimaatrisico,entropy,Water & Klimaat
BU19001808,0.25112193818053363,Water_En_Klimaatrisico,entropy,Water & Klimaat
BU19001809,0.10975831211184464,Water_En_Klimaatrisico,entropy,Water & Klimaat
WK190019,0.10692482762508065,Water_En_Klimaatrisico,entropy,Water & Klimaat
BU19001900,0.12673000939060863,Water_En_Klimaatrisico,entropy,Water & Klimaat
BU19001901,0.24858219733546438,Water_En_Klimaatrisico,entropy,Water & Klimaat
BU19001902,0.1467526265087614,Water_En_Klimaatrisico,entropy,Water & Klimaat
BU19001903,0.14557519232383515,Water_En_Klimaatrisico,entropy,Water & Klimaat
BU19001904,0.1866452433072578,Water_En_Klimaatrisico,entropy,Water & Klimaat
WK190020,0.06406136225048492,Water_En_Klimaatrisico,entropy,Water & Klimaat
BU19002001,0.12741015892104374,Water_En_Klimaatrisico,entropy,Water & Klimaat
BU19002002,0.1393560992908687,Water_En_Klimaatrisico,entropy,Water & Klimaat
BU19002003,0.19354974164228228,Water_En_Klimaatrisico,entropy,Water & Klimaat
BU19002004,0.23725441343242065,Water_En_Klimaatrisico,entropy,Water & Klimaat
BU19002005,0.3261446055011689,Water_En_Klimaatrisico,entropy,Water & Klimaat
BU19002006,0.2211825389132545,Water_En_Klimaatrisico,entropy,Water & Klimaat
BU19002007,0.23718975233714157,Water_En_Klimaatrisico,entropy,Water & Klimaat
BU19002008,0.18128575451211387,Water_En_Klimaatrisico,entropy,Water & Klimaat
BU19002009,0.15151441878130367,Water_En_Klimaatrisico,entropy,Water & Klimaat
BU19002010,0.25290525901004435,Water_En_Klimaatrisico,entropy,Water & Klimaat
BU19002011,0.31393643986261593,Water_En_Klimaatrisico,entropy,Water & Klimaat
BU19002012,0.2671698141662578,Water_En_Klimaatrisico,entropy,Water & Klimaat
BU19002013,0.23941722353414607,Water_En_Klimaatrisico,entropy,Water & Klimaat
BU19002014,0.36861759511565345,Water_En_Klimaatrisico,entropy,Water & Klimaat
BU19002015,0.24876391047845503,Water_En_Klimaatrisico,entropy,Water & Klimaat
BU19002016,0.15962692390841893,Water_En_Klimaatrisico,entropy,Water & Klimaat
BU19002017,0.23359684221508464,Water_En_Klimaatrisico,entropy,Water & Klimaat
BU19002018,0.14833286008399757,Water_En_Klimaatrisico,entropy,Water & Klimaat
BU19002019,0.2747111548071315,Water_En_Klimaatrisico,entropy,Water & Klimaat
GM0093,0.15192384122344926,Water_En_Klimaatrisico,entropy,Water & Klimaat
WK009300,0.10623566616192642,Water_En_Klimaatrisico,entropy,Water & Klimaat
BU00930000,0.038747447382217276,Water_En_Klimaatrisico,entropy,Water & Klimaat
BU00930002,0.04438038477533962,Water_En_Klimaatrisico,entropy,Water & Klimaat
WK009301,0.06237253542017979,Water_En_Klimaatrisico,entropy,Water & Klimaat
BU00930110,0.02940302886812283,Water_En_Klimaatrisico,entropy,Water & Klimaat
BU00930111,0.04027499472506883,Water_En_Klimaatrisico,entropy,Water & Klimaat
BU00930112,0.032131310105990324,Water_En_Klimaatrisico,entropy,Water & Klimaat
WK009302,0.06830404601289783,Water_En_Klimaatrisico,entropy,Water & Klimaat
BU00930213,0.05622417578716334,Water_En_Klimaatrisico,entropy,Water & Klimaat
BU00930214,0.03978706141712196,Water_En_Klimaatrisico,entropy,Water & Klimaat
BU00930215,0.031604489665322213,Water_En_Klimaatrisico,entropy,Water & Klimaat
WK009303,0.08395125584964841,Water_En_Klimaatrisico,entropy,Water & Klimaat
BU00930316,0.06554707120268119,Water_En_Klimaatrisico,entropy,Water & Klimaat
BU00930317,0.02766204106550475,Water_En_Klimaatrisico,entropy,Water & Klimaat
WK009304,0.07311914523983865,Water_En_Klimaatrisico,entropy,Water & Klimaat
BU00930418,0.05132561791526658,Water_En_Klimaatrisico,entropy,Water & Klimaat
BU00930419,0.06484815941215721,Water_En_Klimaatrisico,entropy,Water & Klimaat
BU00930420,0.03497966511815765,Water_En_Klimaatrisico,entropy,Water & Klimaat
WK009305,0.08909424496300242,Water_En_Klimaatrisico,entropy,Water & Klimaat
BU00930521,0.06430911283529192,Water_En_Klimaatrisico,entropy,Water & Klimaat
BU00930522,0.05593604991057577,Water_En_Klimaatrisico,entropy,Water & Klimaat
BU00930523,0.050575944115235735,Water_En_Klimaatrisico,entropy,Water & Klimaat
GM0737,0.06466249355826528,Water_En_Klimaatrisico,entropy,Water & Klimaat
WK073700,0.06466249355826527,Water_En_Klimaatrisico,entropy,Water & Klimaat
BU07370000,0.04851714722210241,Water_En_Klimaatrisico,entropy,Water & Klimaat
BU07370009,0.06640790108128077,Water_En_Klimaatrisico,entropy,Water & Klimaat
WK073701,0.07616236645295835,Water_En_Klimaatrisico,entropy,Water & Klimaat
BU07370100,0.11541538712138485,Water_En_Klimaatrisico,entropy,Water & Klimaat
BU07370101,0.07690602132139523,Water_En_Klimaatrisico,entropy,Water & Klimaat
BU07370102,0.16301512251675243,Water_En_Klimaatrisico,entropy,Water & Klimaat
BU07370108,0.11622069424458123,Water_En_Klimaatrisico,entropy,Water & Klimaat
BU07370109,0.11104142774531636,Water_En_Klimaatrisico,entropy,Water & Klimaat
WK073702,0.07616236645295835,Water_En_Klimaatrisico,entropy,Water & Klimaat
BU07370200,0.05841998927988158,Water_En_Klimaatrisico,entropy,Water & Klimaat
BU07370201,0.08821501302876482,Water_En_Klimaatrisico,entropy,Water & Klimaat
BU07370208,0.07679001987801941,Water_En_Klimaatrisico,entropy,Water & Klimaat
BU07370209,0.1044438999596944,Water_En_Klimaatrisico,entropy,Water & Klimaat
WK073703,0.055626418328391755,Water_En_Klimaatrisico,entropy,Water & Klimaat
BU07370300,0.10776221025493415,Water_En_Klimaatrisico,entropy,Water & Klimaat
BU07370309,0.09815591727647349,Water_En_Klimaatrisico,entropy,Water & Klimaat
WK073704,0.10917088558098301,Water_En_Klimaatrisico,entropy,Water & Klimaat
BU07370400,0.07537170495563848,Water_En_Klimaatrisico,entropy,Water & Klimaat
BU07370401,0.04652412510232743,Water_En_Klimaatrisico,entropy,Water & Klimaat
BU07370408,0.07151634948882196,Water_En_Klimaatrisico,entropy,Water & Klimaat
BU07370409,0.10150556473735017,Water_En_Klimaatrisico,entropy,Water & Klimaat
WK073705,0.10279019736566247,Water_En_Klimaatrisico,entropy,Water & Klimaat
BU07370500,0.08328051222001039,Water_En_Klimaatrisico,entropy,Water & Klimaat
BU07370501,0.038571334021931004,Water_En_Klimaatrisico,entropy,Water & Klimaat
BU07370508,0.1200399376576042,Water_En_Klimaatrisico,entropy,Water & Klimaat
BU07370509,0.07183338963467364,Water_En_Klimaatrisico,entropy,Water & Klimaat
WK073706,0.0672910278421853,Water_En_Klimaatrisico,entropy,Water & Klimaat
BU07370600,0.061207581841070974,Water_En_Klimaatrisico,entropy,Water & Klimaat
BU07370609,0.04911691125842593,Water_En_Klimaatrisico,entropy,Water & Klimaat
WK073707,0.10623566616192641,Water_En_Klimaatrisico,entropy,Water & Klimaat
BU07370700,0.04443747589183286,Water_En_Klimaatrisico,entropy,Water & Klimaat
BU07370701,0.0898710320370667,Water_En_Klimaatrisico,entropy,Water & Klimaat
BU07370708,0.0718424823256665,Water_En_Klimaatrisico,entropy,Water & Klimaat
BU07370709,0.07547814825295072,Water_En_Klimaatrisico,entropy,Water & Klimaat
WK073708,0.07953236184533338,Water_En_Klimaatrisico,entropy,Water & Klimaat
BU07370800,0.08960100515146387,Water_En_Klimaatrisico,entropy,Water & Klimaat
BU07370809,0.05779507026398789,Water_En_Klimaatrisico,entropy,Water & Klimaat
WK073709,0.06457453196125579,Water_En_Klimaatrisico,entropy,Water & Klimaat
BU07370900,0.04967741575292928,Water_En_Klimaatrisico,entropy,Water & Klimaat
BU07370909,0.0546606196149066,Water_En_Klimaatrisico,entropy,Water & Klimaat
GM0096,0.11099531547491183,Water_En_Klimaatrisico,entropy,Water & Klimaat
WK009600,0.09943820276528266,Water_En_Klimaatrisico,entropy,Water & Klimaat
BU00960000,0.0456509382480285,Water_En_Klimaatrisico,entropy,Water & Klimaat
BU00960009,0.049940181331763964,Water_En_Klimaatrisico,entropy,Water & Klimaat
GM1949,0.06466249355826528,Water_En_Klimaatrisico,entropy,Water & Klimaat
WK194915,0.07115307249862574,Water_En_Klimaatrisico,entropy,Water & Klimaat
BU19491500,0.16882332656292903,Water_En_Klimaatrisico,entropy,Water & Klimaat
BU19491501,0.15676436458036877,Water_En_Klimaatrisico,entropy,Water & Klimaat
WK194916,0.07254468527755625,Water_En_Klimaatrisico,entropy,Water & Klimaat
BU19491600,0.18903071545264105,Water_En_Klimaatrisico,entropy,Water & Klimaat
BU19491601,0.05254629645836778,Water_En_Klimaatrisico,entropy,Water & Klimaat
BU19491602,0.058928303960989685,Water_En_Klimaatrisico,entropy,Water & Klimaat
BU19491603,0.1363180321959421,Water_En_Klimaatrisico,entropy,Water & Klimaat
BU19491604,0.09350107612146605,Water_En_Klimaatrisico,entropy,Water & Klimaat
BU19491605,0.10527495830464506,Water_En_Klimaatrisico,entropy,Water & Klimaat
BU19491606,0.09804732493812358,Water_En_Klimaatrisico,entropy,Water & Klimaat
WK194917,0.22035476475630777,Water_En_Klimaatrisico,entropy,Water & Klimaat
BU19491700,0.2857291227593194,Water_En_Klimaatrisico,entropy,Water & Klimaat
WK194918,0.08472948263841526,Water_En_Klimaatrisico,entropy,Water & Klimaat
BU19491800,0.13994809160443536,Water_En_Klimaatrisico,entropy,Water & Klimaat
BU19491801,0.11999191617034083,Water_En_Klimaatrisico,entropy,Water & Klimaat
BU19491802,0.11046618315995016,Water_En_Klimaatrisico,entropy,Water & Klimaat
BU19491803,0.12212438731087052,Water_En_Klimaatrisico,entropy,Water & Klimaat
BU19491804,0.133130681301865,Water_En_Klimaatrisico,entropy,Water & Klimaat
WK194919,0.0741627577713147,Water_En_Klimaatrisico,entropy,Water & Klimaat
BU19491900,0.1362312423167843,Water_En_Klimaatrisico,entropy,Water & Klimaat
BU19491901,0.14203142629786755,Water_En_Klimaatrisico,entropy,Water & Klimaat
WK194920,0.06422878283995526,Water_En_Klimaatrisico,entropy,Water & Klimaat
BU19492000,0.20488827527798226,Water_En_Klimaatrisico,entropy,Water & Klimaat
BU19492001,0.14155943584545888,Water_En_Klimaatrisico,entropy,Water & Klimaat
WK194921,0.17855652553757365,Water_En_Klimaatrisico,entropy,Water & Klimaat
BU19492100,0.2668125165370726,Water_En_Klimaatrisico,entropy,Water & Klimaat
WK194922,0.18190601244611643,Water_En_Klimaatrisico,entropy,Water & Klimaat
BU19492200,0.14406880546023723,Water_En_Klimaatrisico,entropy,Water & Klimaat
WK194923,0.0809975505725089,Water_En_Klimaatrisico,entropy,Water & Klimaat
BU19492300,0.2144560391272085,Water_En_Klimaatrisico,entropy,Water & Klimaat
BU19492301,0.12168140767147187,Water_En_Klimaatrisico,entropy,Water & Klimaat
WK194924,0.08284093683838974,Water_En_Klimaatrisico,entropy,Water & Klimaat
BU19492400,0.1731592886965683,Water_En_Klimaatrisico,entropy,Water & Klimaat
BU19492401,0.11802131296134434,Water_En_Klimaatrisico,entropy,Water & Klimaat
WK194925,0.13398373300454106,Water_En_Klimaatrisico,entropy,Water & Klimaat
BU19492500,0.24490190462983935,Water_En_Klimaatrisico,entropy,Water & Klimaat
BU19492501,0.11863661498319741,Water_En_Klimaatrisico,entropy,Water & Klimaat
WK194926,0.06751222768939395,Water_En_Klimaatrisico,entropy,Water & Klimaat
BU19492600,0.2188923093282213,Water_En_Klimaatrisico,entropy,Water & Klimaat
BU19492601,0.11462039009410918,Water_En_Klimaatrisico,entropy,Water & Klimaat
BU19492602,0.1447343272802744,Water_En_Klimaatrisico,entropy,Water & Klimaat
BU19492603,0.12727702087259518,Water_En_Klimaatrisico,entropy,Water & Klimaat
BU19492604,0.12614957235495394,Water_En_Klimaatrisico,entropy,Water & Klimaat
WK194927,0.20695185491502333,Water_En_Klimaatrisico,entropy,Water & Klimaat
BU19492700,0.19031418066440992,Water_En_Klimaatrisico,entropy,Water & Klimaat
WK194928,0.06466249355826527,Water_En_Klimaatrisico,entropy,Water & Klimaat
BU19492800,0.16389400446426888,Water_En_Klimaatrisico,entropy,Water & Klimaat
BU19492801,0.12058340927582126,Water_En_Klimaatrisico,entropy,Water & Klimaat
BU19492802,0.31311953458419756,Water_En_Klimaatrisico,entropy,Water & Klimaat
BU19492803,0.16274622341676853,Water_En_Klimaatrisico,entropy,Water & Klimaat
BU19492804,0.1160369362022225,Water_En_Klimaatrisico,entropy,Water & Klimaat
BU19492805,0.10511160942341277,Water_En_Klimaatrisico,entropy,Water & Klimaat
BU19492806,0.13778643849308106,Water_En_Klimaatrisico,entropy,Water & Klimaat
BU19492807,0.13118558227316823,Water_En_Klimaatrisico,entropy,Water & Klimaat
BU19492808,0.14105836451873666,Water_En_Klimaatrisico,entropy,Water & Klimaat
BU19492809,0.11906515787487122,Water_En_Klimaatrisico,entropy,Water & Klimaat
BU19492810,0.1256301554346918,Water_En_Klimaatrisico,entropy,Water & Klimaat
BU19492811,0.1338945791496301,Water_En_Klimaatrisico,entropy,Water & Klimaat
BU19492812,0.13118930542383778,Water_En_Klimaatrisico,entropy,Water & Klimaat
BU19492813,0.1252486570213858,Water_En_Klimaatrisico,entropy,Water & Klimaat
BU19492814,0.1566644941723051,Water_En_Klimaatrisico,entropy,Water & Klimaat
BU19492815,0.13044052852473118,Water_En_Klimaatrisico,entropy,Water & Klimaat
BU19492816,0.20412047836330732,Water_En_Klimaatrisico,entropy,Water & Klimaat
BU19492817,0.14428715613863796,Water_En_Klimaatrisico,entropy,Water & Klimaat
WK194929,0.1412811932320743,Water_En_Klimaatrisico,entropy,Water & Klimaat
BU19492900,0.08277478630580457,Water_En_Klimaatrisico,entropy,Water & Klimaat
WK194930,0.17623609949822552,Water_En_Klimaatrisico,entropy,Water & Klimaat
BU19493000,0.15545253880202597,Water_En_Klimaatrisico,entropy,Water & Klimaat
WK194931,0.0652242887802506,Water_En_Klimaatrisico,entropy,Water & Klimaat
BU19493100,0.14279967645313407,Water_En_Klimaatrisico,entropy,Water & Klimaat
BU19493101,0.19138329223847395,Water_En_Klimaatrisico,entropy,Water & Klimaat
WK194932,0.11110354633411614,Water_En_Klimaatrisico,entropy,Water & Klimaat
BU19493200,0.24083068320103984,Water_En_Klimaatrisico,entropy,Water & Klimaat
BU19493201,0.1749735133447936,Water_En_Klimaatrisico,entropy,Water & Klimaat
BU19493202,0.13597213383235457,Water_En_Klimaatrisico,entropy,Water & Klimaat
WK194933,0.2025794606908245,Water_En_Klimaatrisico,entropy,Water & Klimaat
BU19493300,0.11935888722692681,Water_En_Klimaatrisico,entropy,Water & Klimaat
WK194934,0.08169962484098865,Water_En_Klimaatrisico,entropy,Water & Klimaat
BU19493400,0.22943479015798984,Water_En_Klimaatrisico,entropy,Water & Klimaat
BU19493401,0.2537320102026116,Water_En_Klimaatrisico,entropy,Water & Klimaat
WK194935,0.07980723101917933,Water_En_Klimaatrisico,entropy,Water & Klimaat
BU19493500,0.2126454594880004,Water_En_Klimaatrisico,entropy,Water & Klimaat
BU19493501,0.12939597291961363,Water_En_Klimaatrisico,entropy,Water & Klimaat
BU19493502,0.12633091877195957,Water_En_Klimaatrisico,entropy,Water & Klimaat
BU19493503,0.1227409036942314,Water_En_Klimaatrisico,entropy,Water & Klimaat
WK194936,0.06708044778150131,Water_En_Klimaatrisico,entropy,Water & Klimaat
BU19493600,0.19735843689102325,Water_En_Klimaatrisico,entropy,Water & Klimaat
BU19493601,0.12749409122006122,Water_En_Klimaatrisico,entropy,Water & Klimaat
BU19493602,0.13768123692973683,Water_En_Klimaatrisico,entropy,Water & Klimaat
BU19493603,0.11330463809014217,Water_En_Klimaatrisico,entropy,Water & Klimaat
WK194937,0.12314462530813323,Water_En_Klimaatrisico,entropy,Water & Klimaat
BU19493700,0.10087309943529515,Water_En_Klimaatrisico,entropy,Water & Klimaat
WK194938,0.07970516789162915,Water_En_Klimaatrisico,entropy,Water & Klimaat
BU19493800,0.09738554606447059,Water_En_Klimaatrisico,entropy,Water & Klimaat
BU19493801,0.14584061838039736,Water_En_Klimaatrisico,entropy,Water & Klimaat
WK194939,0.07692747050760354,Water_En_Klimaatrisico,entropy,Water & Klimaat
BU19493900,0.13649676509191297,Water_En_Klimaatrisico,entropy,Water & Klimaat
BU19493901,0.1309378029775093,Water_En_Klimaatrisico,entropy,Water & Klimaat
WK194940,0.16311723412703072,Water_En_Klimaatrisico,entropy,Water & Klimaat
BU19494000,0.1450045440660973,Water_En_Klimaatrisico,entropy,Water & Klimaat
WK194941,0.2021129451859019,Water_En_Klimaatrisico,entropy,Water & Klimaat
BU19494100,0.1378731491402311,Water_En_Klimaatrisico,entropy,Water & Klimaat
WK194942,0.09894077687794185,Water_En_Klimaatrisico,entropy,Water & Klimaat
BU19494200,0.21822638877841685,Water_En_Klimaatrisico,entropy,Water & Klimaat
BU19494201,0.17444726367142782,Water_En_Klimaatrisico,entropy,Water & Klimaat
WK194943,0.23378007133916234,Water_En_Klimaatrisico,entropy,Water & Klimaat
BU19494300,0.18877633064623836,Water_En_Klimaatrisico,entropy,Water & Klimaat
WK194944,0.06708044778150131,Water_En_Klimaatrisico,entropy,Water & Klimaat
BU19494400,0.18117686997065002,Water_En_Klimaatrisico,entropy,Water & Klimaat
BU19494401,0.13989612510184363,Water_En_Klimaatrisico,entropy,Water & Klimaat
BU19494402,0.10405052893422809,Water_En_Klimaatrisico,entropy,Water & Klimaat
BU19494403,0.31556089211846056,Water_En_Klimaatrisico,entropy,Water & Klimaat
WK194945,0.2272253829268849,Water_En_Klimaatrisico,entropy,Water & Klimaat
BU19494500,0.14236757206482686,Water_En_Klimaatrisico,entropy,Water & Klimaat
WK194946,0.1935356374327246,Water_En_Klimaatrisico,entropy,Water & Klimaat
BU19494600,0.14233653264743018,Water_En_Klimaatrisico,entropy,Water & Klimaat
WK194947,0.15080998477351867,Water_En_Klimaatrisico,entropy,Water & Klimaat
BU19494700,0.3827540497450988,Water_En_Klimaatrisico,entropy,Water & Klimaat
BU19494701,0.24256734503227362,Water_En_Klimaatrisico,entropy,Water & Klimaat
WK194948,0.06950628421562094,Water_En_Klimaatrisico,entropy,Water & Klimaat
BU19494800,0.1909822906426602,Water_En_Klimaatrisico,entropy,Water & Klimaat
BU19494801,0.14263119721786693,Water_En_Klimaatrisico,entropy,Water & Klimaat
WK194949,0.05994665479464026,Water_En_Klimaatrisico,entropy,Water & Klimaat
BU19494900,0.1861316490575971,Water_En_Klimaatrisico,entropy,Water & Klimaat
BU19494901,0.1636185474342829,Water_En_Klimaatrisico,entropy,Water & Klimaat
BU19494902,0.15698571558570176,Water_En_Klimaatrisico,entropy,Water & Klimaat
WK194950,0.07818844929793375,Water_En_Klimaatrisico,entropy,Water & Klimaat
BU19495000,0.1454351578527306,Water_En_Klimaatrisico,entropy,Water & Klimaat
BU19495001,0.1322933746879337,Water_En_Klimaatrisico,entropy,Water & Klimaat
WK194951,0.16311723412703072,Water_En_Klimaatrisico,entropy,Water & Klimaat
BU19495100,0.23981073620247156,Water_En_Klimaatrisico,entropy,Water & Klimaat
WK194952,0.20557713801487093,Water_En_Klimaatrisico,entropy,Water & Klimaat
BU19495200,0.21476876079856583,Water_En_Klimaatrisico,entropy,Water & Klimaat
WK194953,0.07813383406057842,Water_En_Klimaatrisico,entropy,Water & Klimaat
BU19495300,0.16510060118575015,Water_En_Klimaatrisico,entropy,Water & Klimaat
BU19495301,0.1419822738980055,Water_En_Klimaatrisico,entropy,Water & Klimaat
BU19495302,0.13273328972258244,Water_En_Klimaatrisico,entropy,Water & Klimaat
WK194954,0.07924433543528248,Water_En_Klimaatrisico,entropy,Water & Klimaat
BU19495400,0.2367823087646464,Water_En_Klimaatrisico,entropy,Water & Klimaat
BU19495401,0.2052544344076248,Water_En_Klimaatrisico,entropy,Water & Klimaat
WK194955,0.19999319768312906,Water_En_Klimaatrisico,entropy,Water & Klimaat
BU19495500,0.1354751233171694,Water_En_Klimaatrisico,entropy,Water & Klimaat
GM0098,0.06466249355826527,Water_En_Klimaatrisico,entropy,Water & Klimaat
WK009800,0.06466249355826527,Water_En_Klimaatrisico,entropy,Water & Klimaat
BU00980001,0.07898943831428912,Water_En_Klimaatrisico,entropy,Water & Klimaat
BU00980002,0.12060067850461899,Water_En_Klimaatrisico,entropy,Water & Klimaat
BU00980003,0.10801732393854897,Water_En_Klimaatrisico,entropy,Water & Klimaat
BU00980004,0.10127450123902172,Water_En_Klimaatrisico,entropy,Water & Klimaat
BU00980005,0.09920929506305341,Water_En_Klimaatrisico,entropy,Water & Klimaat
BU00980006,0.13595296295743103,Water_En_Klimaatrisico,entropy,Water & Klimaat
BU00980007,0.17946869650589742,Water_En_Klimaatrisico,entropy,Water & Klimaat
BU00980008,0.09938316875648245,Water_En_Klimaatrisico,entropy,Water & Klimaat
BU00980009,0.036078056508459064,Water_En_Klimaatrisico,entropy,Water & Klimaat
BU00980010,0.10998799562662535,Water_En_Klimaatrisico,entropy,Water & Klimaat
BU00980011,0.09632778723909032,Water_En_Klimaatrisico,entropy,Water & Klimaat
BU00980012,0.07123384794855721,Water_En_Klimaatrisico,entropy,Water & Klimaat
BU00980013,0.10284703486478522,Water_En_Klimaatrisico,entropy,Water & Klimaat
BU00980014,0.12210918975520438,Water_En_Klimaatrisico,entropy,Water & Klimaat
BU00980015,0.10085644669646407,Water_En_Klimaatrisico,entropy,Water & Klimaat
BU00980016,0.1328518842410766,Water_En_Klimaatrisico,entropy,Water & Klimaat
BU00980017,0.12158242075174731,Water_En_Klimaatrisico,entropy,Water & Klimaat
BU00980018,0.07371514638660354,Water_En_Klimaatrisico,entropy,Water & Klimaat
BU00980019,0.08600513210634844,Water_En_Klimaatrisico,entropy,Water & Klimaat
BU00980020,0.07561457714801256,Water_En_Klimaatrisico,entropy,Water & Klimaat
BU00980021,0.12492845452256854,Water_En_Klimaatrisico,entropy,Water & Klimaat
WK009801,0.12631160732665542,Water_En_Klimaatrisico,entropy,Water & Klimaat
BU00980101,0.08890077714899068,Water_En_Klimaatrisico,entropy,Water & Klimaat
BU00980102,0.11166423720676366,Water_En_Klimaatrisico,entropy,Water & Klimaat
BU00980103,0.11640215135353127,Water_En_Klimaatrisico,entropy,Water & Klimaat
BU00980104,0.09811660705470553,Water_En_Klimaatrisico,entropy,Water & Klimaat
WK009802,0.14656847498391218,Water_En_Klimaatrisico,entropy,Water & Klimaat
BU00980201,0.12752580582441791,Water_En_Klimaatrisico,entropy,Water & Klimaat
BU00980202,0.1431975803394206,Water_En_Klimaatrisico,entropy,Water & Klimaat
WK009803,0.07747409972502652,Water_En_Klimaatrisico,entropy,Water & Klimaat
BU00980301,0.10341595814848115,Water_En_Klimaatrisico,entropy,Water & Klimaat
BU00980302,0.18955924569896937,Water_En_Klimaatrisico,entropy,Water & Klimaat
BU00980303,0.14248571884786318,Water_En_Klimaatrisico,entropy,Water & Klimaat
BU00980304,0.12738619212212404,Water_En_Klimaatrisico,entropy,Water & Klimaat
BU00980305,0.11890153815769113,Water_En_Klimaatrisico,entropy,Water & Klimaat
WK009804,0.08355317082609548,Water_En_Klimaatrisico,entropy,Water & Klimaat
BU00980401,0.07509489639393649,Water_En_Klimaatrisico,entropy,Water & Klimaat
BU00980402,0.14467510675905734,Water_En_Klimaatrisico,entropy,Water & Klimaat
BU00980403,0.1488799898815341,Water_En_Klimaatrisico,entropy,Water & Klimaat
WK009805,0.07518681319745851,Water_En_Klimaatrisico,entropy,Water & Klimaat
BU00980501,0.07780370052300326,Water_En_Klimaatrisico,entropy,Water & Klimaat
BU00980502,0.0951855110232606,Water_En_Klimaatrisico,entropy,Water & Klimaat
WK009806,0.0680002302845039,Water_En_Klimaatrisico,entropy,Water & Klimaat
BU00980601,0.13801739450998635,Water_En_Klimaatrisico,entropy,Water & Klimaat
BU00980602,0.08461654383190327,Water_En_Klimaatrisico,entropy,Water & Klimaat
WK009807,0.0640150729417998,Water_En_Klimaatrisico,entropy,Water & Klimaat
BU00980701,0.08211730901636433,Water_En_Klimaatrisico,entropy,Water & Klimaat
BU00980702,0.09558608644764699,Water_En_Klimaatrisico,entropy,Water & Klimaat
WK009808,0.07289267106117495,Water_En_Klimaatrisico,entropy,Water & Klimaat
BU00980801,0.09109741770418162,Water_En_Klimaatrisico,entropy,Water & Klimaat
BU00980802,0.07519853446704083,Water_En_Klimaatrisico,entropy,Water & Klimaat
WK009809,0.08251861793931005,Water_En_Klimaatrisico,entropy,Water & Klimaat
BU00980901,0.1490417052568661,Water_En_Klimaatrisico,entropy,Water & Klimaat
BU00980902,0.048369980831842255,Water_En_Klimaatrisico,entropy,Water & Klimaat
BU00980903,0.08425169102916752,Water_En_Klimaatrisico,entropy,Water & Klimaat
WK009810,0.07165104747811744,Water_En_Klimaatrisico,entropy,Water & Klimaat
BU00981001,0.08684510078741159,Water_En_Klimaatrisico,entropy,Water & Klimaat
BU00981002,0.06702326274745628,Water_En_Klimaatrisico,entropy,Water & Klimaat
BU00981003,0.05698632457004906,Water_En_Klimaatrisico,entropy,Water & Klimaat
BU00981004,0.08106358468389539,Water_En_Klimaatrisico,entropy,Water & Klimaat
BU00981005,0.07334714316707742,Water_En_Klimaatrisico,entropy,Water & Klimaat
BU00981006,0.10229444011112318,Water_En_Klimaatrisico,entropy,Water & Klimaat
BU00981007,0.09998233488246083,Water_En_Klimaatrisico,entropy,Water & Klimaat
BU00981008,0.12834728840833878,Water_En_Klimaatrisico,entropy,Water & Klimaat
BU00981009,0.10651128194064657,Water_En_Klimaatrisico,entropy,Water & Klimaat
WK009811,0.07066582699208795,Water_En_Klimaatrisico,entropy,Water & Klimaat
BU00981101,0.12164311299953717,Water_En_Klimaatrisico,entropy,Water & Klimaat
BU00981102,0.11418625945607039,Water_En_Klimaatrisico,entropy,Water & Klimaat
WK009812,0.10358016241811367,Water_En_Klimaatrisico,entropy,Water & Klimaat
BU00981201,0.0993547726129069,Water_En_Klimaatrisico,entropy,Water & Klimaat
WK009813,0.08442391923917977,Water_En_Klimaatrisico,entropy,Water & Klimaat
BU00981301,0.06713520052461738,Water_En_Klimaatrisico,entropy,Water & Klimaat
BU00981302,0.09800518353662752,Water_En_Klimaatrisico,entropy,Water & Klimaat
WK009814,0.0556304528721892,Water_En_Klimaatrisico,entropy,Water & Klimaat
BU00981401,0.10985290430384534,Water_En_Klimaatrisico,entropy,Water & Klimaat
BU00981402,0.062161998223658546,Water_En_Klimaatrisico,entropy,Water & Klimaat
WK009815,0.0746690179363809,Water_En_Klimaatrisico,entropy,Water & Klimaat
BU00981501,0.15645063886533866,Water_En_Klimaatrisico,entropy,Water & Klimaat
BU00981502,0.06858855210817238,Water_En_Klimaatrisico,entropy,Water & Klimaat
GM0059,-0.2082318335370434,Water_En_Klimaatrisico,weighted_mean,Water & Klimaat
WK005900,-0.2082318335370433,Water_En_Klimaatrisico,weighted_mean,Water & Klimaat
BU00590000,-0.3636883134014707,Water_En_Klimaatrisico,weighted_mean,Water & Klimaat
BU00590001,-0.27938125210992165,Water_En_Klimaatrisico,weighted_mean,Water & Klimaat
BU00590002,-0.46861362314004185,Water_En_Klimaatrisico,weighted_mean,Water & Klimaat
BU00590003,-0.7741535700143469,Water_En_Klimaatrisico,weighted_mean,Water & Klimaat
BU00590004,-0.22961059666749822,Water_En_Klimaatrisico,weighted_mean,Water & Klimaat
BU00590005,-0.733604578702139,Water_En_Klimaatrisico,weighted_mean,Water & Klimaat
BU00590006,-0.6212175352255536,Water_En_Klimaatrisico,weighted_mean,Water & Klimaat
BU00590007,-0.4655232212396907,Water_En_Klimaatrisico,weighted_mean,Water & Klimaat
BU00590008,-0.5604977920772231,Water_En_Klimaatrisico,weighted_mean,Water & Klimaat
BU00590009,-0.732869193409058,Water_En_Klimaatrisico,weighted_mean,Water & Klimaat
WK005901,-0.15581179405788453,Water_En_Klimaatrisico,weighted_mean,Water & Klimaat
BU00590100,-0.0024321726926545273,Water_En_Klimaatrisico,weighted_mean,Water & Klimaat
BU00590102,-0.2517833839009864,Water_En_Klimaatrisico,weighted_mean,Water & Klimaat
BU00590103,-0.38319589426821027,Water_En_Klimaatrisico,weighted_mean,Water & Klimaat
BU00590107,-0.5753198352774217,Water_En_Klimaatrisico,weighted_mean,Water & Klimaat
BU00590108,-0.6769530938880296,Water_En_Klimaatrisico,weighted_mean,Water & Klimaat
BU00590109,-0.8237215906844225,Water_En_Klimaatrisico,weighted_mean,Water & Klimaat
WK005902,-0.2082318335370434,Water_En_Klimaatrisico,weighted_mean,Water & Klimaat
BU00590200,-0.5018821586505808,Water_En_Klimaatrisico,weighted_mean,Water & Klimaat
BU00590201,0.06814051157072518,Water_En_Klimaatrisico,weighted_mean,Water & Klimaat
BU00590202,-0.3643152026203603,Water_En_Klimaatrisico,weighted_mean,Water & Klimaat
BU00590203,-0.018998691155632234,Water_En_Klimaatrisico,weighted_mean,Water & Klimaat
BU00590206,-0.335718808701975,Water_En_Klimaatrisico,weighted_mean,Water & Klimaat
BU00590207,-0.2701873381749457,Water_En_Klimaatrisico,weighted_mean,Water & Klimaat
BU00590208,-0.7875257117036208,Water_En_Klimaatrisico,weighted_mean,Water & Klimaat
BU00590209,-0.19269015229625047,Water_En_Klimaatrisico,weighted_mean,Water & Klimaat
GM0060,-0.13470362577299885,Water_En_Klimaatrisico,weighted_mean,Water & Klimaat
WK006000,-0.2787434270780708,Water_En_Klimaatrisico,weighted_mean,Water & Klimaat
BU00600000,-0.29144219739908905,Water_En_Klimaatrisico,weighted_mean,Water & Klimaat
BU00600001,-0.5814976556923032,Water_En_Klimaatrisico,weighted_mean,Water & Klimaat
BU00600002,0.008800495962248522,Water_En_Klimaatrisico,weighted_mean,Water & Klimaat
BU00600003,-0.5261756016775639,Water_En_Klimaatrisico,weighted_mean,Water & Klimaat
BU00600007,-0.12317408980170534,Water_En_Klimaatrisico,weighted_mean,Water & Klimaat
BU00600008,-0.6858474848836085,Water_En_Klimaatrisico,weighted_mean,Water & Klimaat
BU00600009,-0.5523421099121719,Water_En_Klimaatrisico,weighted_mean,Water & Klimaat
GM1891,-0.2082318335370434,Water_En_Klimaatrisico,weighted_mean,Water & Klimaat
WK189100,-0.2209331796138383,Water_En_Klimaatrisico,weighted_mean,Water & Klimaat
BU18910000,-0.24256954991568735,Water_En_Klimaatrisico,weighted_mean,Water & Klimaat
BU18910001,-0.36117514478662577,Water_En_Klimaatrisico,weighted_mean,Water & Klimaat
BU18910002,-0.38673056937222483,Water_En_Klimaatrisico,weighted_mean,Water & Klimaat
BU18910008,-0.3309003774687497,Water_En_Klimaatrisico,weighted_mean,Water & Klimaat
BU18910009,-0.4203593238470128,Water_En_Klimaatrisico,weighted_mean,Water & Klimaat
WK189101,-0.26106798377515994,Water_En_Klimaatrisico,weighted_mean,Water & Klimaat
BU18910100,-0.02695697360750325,Water_En_Klimaatrisico,weighted_mean,Water & Klimaat
BU18910101,-0.39411348276675556,Water_En_Klimaatrisico,weighted_mean,Water & Klimaat
BU18910108,-0.0824044904490718,Water_En_Klimaatrisico,weighted_mean,Water & Klimaat
BU18910109,-0.39333057829711715,Water_En_Klimaatrisico,weighted_mean,Water & Klimaat
WK189102,-0.19841456377279076,Water_En_Klimaatrisico,weighted_mean,Water & Klimaat
BU18910200,-0.2752047827253467,Water_En_Klimaatrisico,weighted_mean,Water & Klimaat
BU18910201,0.0584485058255797,Water_En_Klimaatrisico,weighted_mean,Water & Klimaat
BU18910202,-0.44566027299223776,Water_En_Klimaatrisico,weighted_mean,Water & Klimaat
BU18910208,-0.2926778645596321,Water_En_Klimaatrisico,weighted_mean,Water & Klimaat
BU18910209,-0.5419927539025412,Water_En_Klimaatrisico,weighted_mean,Water & Klimaat
WK189103,-0.09003591937505023,Water_En_Klimaatrisico,weighted_mean,Water & Klimaat
BU18910300,0.10601534192248269,Water_En_Klimaatrisico,weighted_mean,Water & Klimaat
BU18910301,0.04259536343659198,Water_En_Klimaatrisico,weighted_mean,Water & Klimaat
BU18910309,-0.2830868121277301,Water_En_Klimaatrisico,weighted_mean,Water & Klimaat
GM1940,-0.2082318335370433,Water_En_Klimaatrisico,weighted_mean,Water & Klimaat
WK194001,0.03530964489776041,Water_En_Klimaatrisico,weighted_mean,Water & Klimaat
BU19400101,-0.326043800461138,Water_En_Klimaatrisico,weighted_mean,Water & Klimaat
WK194002,-0.024623204727431625,Water_En_Klimaatrisico,weighted_mean,Water & Klimaat
BU19400201,0.7710319048710637,Water_En_Klimaatrisico,weighted_mean,Water & Klimaat
WK194003,-0.06155771827967704,Water_En_Klimaatrisico,weighted_mean,Water & Klimaat
BU19400301,0.2545409612223499,Water_En_Klimaatrisico,weighted_mean,Water & Klimaat
WK194004,-0.2638161621310309,Water_En_Klimaatrisico,weighted_mean,Water & Klimaat
BU19400401,-0.0964806847737178,Water_En_Klimaatrisico,weighted_mean,Water & Klimaat
WK194005,-0.1739240452336924,Water_En_Klimaatrisico,weighted_mean,Water & Klimaat
BU19400501,-0.1693877517617248,Water_En_Klimaatrisico,weighted_mean,Water & Klimaat
WK194006,-0.2750136790891845,Water_En_Klimaatrisico,weighted_mean,Water & Klimaat
BU19400601,-0.31432004728883434,Water_En_Klimaatrisico,weighted_mean,Water & Klimaat
WK194007,-0.07701133573943068,Water_En_Klimaatrisico,weighted_mean,Water & Klimaat
BU19400701,-0.1090336250048369,Water_En_Klimaatrisico,weighted_mean,Water & Klimaat
BU19400702,0.2506854119542489,Water_En_Klimaatrisico,weighted_mean,Water & Klimaat
WK194008,0.1540285148068239,Water_En_Klimaatrisico,weighted_mean,Water & Klimaat
BU19400801,0.10647809769174416,Water_En_Klimaatrisico,weighted_mean,Water & Klimaat
WK194009,0.029118036000828615,Water_En_Klimaatrisico,weighted_mean,Water & Klimaat
BU19400901,-0.10682201797939203,Water_En_Klimaatrisico,weighted_mean,Water & Klimaat
WK194010,0.06211430254549041,Water_En_Klimaatrisico,weighted_mean,Water & Klimaat
BU19401001,-0.03855898958377056,Water_En_Klimaatrisico,weighted_mean,Water & Klimaat
WK194011,-0.5073201452442926,Water_En_Klimaatrisico,weighted_mean,Water & Klimaat
BU19401101,-0.19696786844608236,Water_En_Klimaatrisico,weighted_mean,Water & Klimaat
BU19401102,-0.29674248274878356,Water_En_Klimaatrisico,weighted_mean,Water & Klimaat
WK194012,0.09298673716795268,Water_En_Klimaatrisico,weighted_mean,Water & Klimaat
BU19401201,0.24503021832918995,Water_En_Klimaatrisico,weighted_mean,Water & Klimaat
WK194013,-0.24084359918718096,Water_En_Klimaatrisico,weighted_mean,Water & Klimaat
BU19401301,0.048748194979649655,Water_En_Klimaatrisico,weighted_mean,Water & Klimaat
WK194014,-0.06803039868137947,Water_En_Klimaatrisico,weighted_mean,Water & Klimaat
BU19401401,0.47990133312209293,Water_En_Klimaatrisico,weighted_mean,Water & Klimaat
WK194015,0.1516638349378312,Water_En_Klimaatrisico,weighted_mean,Water & Klimaat
BU19401501,0.3093750079157263,Water_En_Klimaatrisico,weighted_mean,Water & Klimaat
WK194016,-0.5003205311301804,Water_En_Klimaatrisico,weighted_mean,Water & Klimaat
BU19401601,-0.3673139243786155,Water_En_Klimaatrisico,weighted_mean,Water & Klimaat
WK194017,-0.4165530041840802,Water_En_Klimaatrisico,weighted_mean,Water & Klimaat
BU19401701,-0.7257762579323112,Water_En_Klimaatrisico,weighted_mean,Water & Klimaat
WK194018,-0.1667128913339259,Water_En_Klimaatrisico,weighted_mean,Water & Klimaat
BU19401801,-0.0034137940995344895,Water_En_Klimaatrisico,weighted_mean,Water & Klimaat
WK194019,-0.2082318335370433,Water_En_Klimaatrisico,weighted_mean,Water & Klimaat
BU19401901,-0.3604497304536056,Water_En_Klimaatrisico,weighted_mean,Water & Klimaat
BU19401902,-0.7640306574444565,Water_En_Klimaatrisico,weighted_mean,Water & Klimaat
BU19401903,-0.18422365552234582,Water_En_Klimaatrisico,weighted_mean,Water & Klimaat
BU19401904,0.11055209318109421,Water_En_Klimaatrisico,weighted_mean,Water & Klimaat
BU19401905,-0.2797937994240057,Water_En_Klimaatrisico,weighted_mean,Water & Klimaat
BU19401906,-0.019166266586119834,Water_En_Klimaatrisico,weighted_mean,Water & Klimaat
BU19401907,-0.07621026975929249,Water_En_Klimaatrisico,weighted_mean,Water & Klimaat
BU19401908,-0.13616237819096402,Water_En_Klimaatrisico,weighted_mean,Water & Klimaat
BU19401909,-0.5360438348711444,Water_En_Klimaatrisico,weighted_mean,Water & Klimaat
BU19401910,-0.3418429314866248,Water_En_Klimaatrisico,weighted_mean,Water & Klimaat
WK194020,0.1532889877813487,Water_En_Klimaatrisico,weighted_mean,Water & Klimaat
BU19402001,0.10278046256436847,Water_En_Klimaatrisico,weighted_mean,Water & Klimaat
WK194021,-0.15866361051710873,Water_En_Klimaatrisico,weighted_mean,Water & Klimaat
BU19402101,-0.2127506346044178,Water_En_Klimaatrisico,weighted_mean,Water & Klimaat
WK194022,0.2591938630171844,Water_En_Klimaatrisico,weighted_mean,Water & Klimaat
BU19402201,-0.42315529282737296,Water_En_Klimaatrisico,weighted_mean,Water & Klimaat
WK194023,-0.2082318335370434,Water_En_Klimaatrisico,weighted_mean,Water & Klimaat
BU19402301,-0.25177652131158024,Water_En_Klimaatrisico,weighted_mean,Water & Klimaat
BU19402302,0.7310468857530001,Water_En_Klimaatrisico,weighted_mean,Water & Klimaat
BU19402303,1.612912340088472,Water_En_Klimaatrisico,weighted_mean,Water & Klimaat
BU19402304,0.7362578892819376,Water_En_Klimaatrisico,weighted_mean,Water & Klimaat
BU19402305,0.12035785446776431,Water_En_Klimaatrisico,weighted_mean,Water & Klimaat
BU19402306,1.2637582201715183,Water_En_Klimaatrisico,weighted_mean,Water & Klimaat
BU19402307,0.24094555912908158,Water_En_Klimaatrisico,weighted_mean,Water & Klimaat
BU19402308,0.4161696896609277,Water_En_Klimaatrisico,weighted_mean,Water & Klimaat
WK194024,-0.036509451696562716,Water_En_Klimaatrisico,weighted_mean,Water & Klimaat
BU19402401,0.7602077311839216,Water_En_Klimaatrisico,weighted_mean,Water & Klimaat
WK194025,-0.09928449347118654,Water_En_Klimaatrisico,weighted_mean,Water & Klimaat
BU19402501,-0.5484125506285392,Water_En_Klimaatrisico,weighted_mean,Water & Klimaat
WK194026,-0.4694142799695333,Water_En_Klimaatrisico,weighted_mean,Water & Klimaat
BU19402601,-0.17982646663242022,Water_En_Klimaatrisico,weighted_mean,Water & Klimaat
WK194027,0.07670520995608493,Water_En_Klimaatrisico,weighted_mean,Water & Klimaat
BU19402701,0.3299947643891892,Water_En_Klimaatrisico,weighted_mean,Water & Klimaat
WK194028,-0.46500446323840466,Water_En_Klimaatrisico,weighted_mean,Water & Klimaat
BU19402801,0.3790838012213696,Water_En_Klimaatrisico,weighted_mean,Water & Klimaat
BU19402802,-0.38542973734682845,Water_En_Klimaatrisico,weighted_mean,Water & Klimaat
WK194029,-0.30719488357316216,Water_En_Klimaatrisico,weighted_mean,Water & Klimaat
BU19402901,-0.5902985943385283,Water_En_Klimaatrisico,weighted_mean,Water & Klimaat
WK194030,-0.47428131206588764,Water_En_Klimaatrisico,weighted_mean,Water & Klimaat
BU19403001,-0.5542231451752831,Water_En_Klimaatrisico,weighted_mean,Water & Klimaat
WK194031,-0.20729831311649988,Water_En_Klimaatrisico,weighted_mean,Water & Klimaat
BU19403101,1.0288923228067306,Water_En_Klimaatrisico,weighted_mean,Water & Klimaat
WK194032,-0.28198703596421265,Water_En_Klimaatrisico,weighted_mean,Water & Klimaat
BU19403201,-0.5594991467726053,Water_En_Klimaatrisico,weighted_mean,Water & Klimaat
WK194033,0.03507971787156629,Water_En_Klimaatrisico,weighted_mean,Water & Klimaat
BU19403301,-0.5965815819628955,Water_En_Klimaatrisico,weighted_mean,Water & Klimaat
WK194034,0.10533768221330887,Water_En_Klimaatrisico,weighted_mean,Water & Klimaat
BU19403401,0.746339602271304,Water_En_Klimaatrisico,weighted_mean,Water & Klimaat
WK194035,-0.06293332224461685,Water_En_Klimaatrisico,weighted_mean,Water & Klimaat
BU19403501,-0.04844323059434347,Water_En_Klimaatrisico,weighted_mean,Water & Klimaat
WK194036,-0.2981052720569398,Water_En_Klimaatrisico,weighted_mean,Water & Klimaat
BU19403601,-0.5602700984642116,Water_En_Klimaatrisico,weighted_mean,Water & Klimaat
WK194037,-0.4317584417867583,Water_En_Klimaatrisico,weighted_mean,Water & Klimaat
BU19403701,-0.49410344139212525,Water_En_Klimaatrisico,weighted_mean,Water & Klimaat
WK194038,-0.4310849810550769,Water_En_Klimaatrisico,weighted_mean,Water & Klimaat
BU19403801,-0.7330265315747129,Water_En_Klimaatrisico,weighted_mean,Water & Klimaat
WK194039,-0.08467834093979269,Water_En_Klimaatrisico,weighted_mean,Water & Klimaat
BU19403901,-0.32182958015887136,Water_En_Klimaatrisico,weighted_mean,Water & Klimaat
WK194040,-0.43108498105507687,Water_En_Klimaatrisico,weighted_mean,Water & Klimaat
BU19404001,-0.5011354560341297,Water_En_Klimaatrisico,weighted_mean,Water & Klimaat
WK194041,-0.3022005085127456,Water_En_Klimaatrisico,weighted_mean,Water & Klimaat
BU19404101,-0.2822520936136703,Water_En_Klimaatrisico,weighted_mean,Water & Klimaat
WK194042,-0.5111959516645039,Water_En_Klimaatrisico,weighted_mean,Water & Klimaat
BU19404201,-0.635668242969559,Water_En_Klimaatrisico,weighted_mean,Water & Klimaat
WK194043,0.005590643484290069,Water_En_Klimaatrisico,weighted_mean,Water & Klimaat
BU19404301,0.5261638315243,Water_En_Klimaatrisico,weighted_mean,Water & Klimaat
WK194044,-0.1941537380513543,Water_En_Klimaatrisico,weighted_mean,Water & Klimaat
BU19404401,-0.4735770708431194,Water_En_Klimaatrisico,weighted_mean,Water & Klimaat
WK194045,-0.5140772896690298,Water_En_Klimaatrisico,weighted_mean,Water & Klimaat
BU19404501,-0.30565350690684495,Water_En_Klimaatrisico,weighted_mean,Water & Klimaat
WK194046,-0.2541407586971145,Water_En_Klimaatrisico,weighted_mean,Water & Klimaat
BU19404601,-0.21361672188717074,Water_En_Klimaatrisico,weighted_mean,Water & Klimaat
WK194047,-0.29807715508415056,Water_En_Klimaatrisico,weighted_mean,Water & Klimaat
BU19404701,-0.24249760310511856,Water_En_Klimaatrisico,weighted_mean,Water & Klimaat
WK194048,0.23758358326800655,Water_En_Klimaatrisico,weighted_mean,Water & Klimaat
BU19404801,0.35295406061155077,Water_En_Klimaatrisico,weighted_mean,Water & Klimaat
WK194049,-0.40439938789212504,Water_En_Klimaatrisico,weighted_mean,Water & Klimaat
BU19404901,-0.044387936088535196,Water_En_Klimaatrisico,weighted_mean,Water & Klimaat
WK194050,-0.46370264105504455,Water_En_Klimaatrisico,weighted_mean,Water & Klimaat
BU19405001,-0.6693448704920782,Water_En_Klimaatrisico,weighted_mean,Water & Klimaat
WK194051,-0.34620669945146376,Water_En_Klimaatrisico,weighted_mean,Water & Klimaat
BU19405101,-0.11200064857217433,Water_En_Klimaatrisico,weighted_mean,Water & Klimaat
GM0072,-0.15636931179006466,Water_En_Klimaatrisico,weighted_mean,Water & Klimaat
WK007200,-0.2082318335370434,Water_En_Klimaatrisico,weighted_mean,Water & Klimaat
BU00720001,0.49197883518838403,Water_En_Klimaatrisico,weighted_mean,Water & Klimaat
BU00720002,0.30475568969391037,Water_En_Klimaatrisico,weighted_mean,Water & Klimaat
BU00720003,-0.1532895495709946,Water_En_Klimaatrisico,weighted_mean,Water & Klimaat
BU00720004,-0.07293821587095398,Water_En_Klimaatrisico,weighted_mean,Water & Klimaat
BU00720005,0.4575547894434042,Water_En_Klimaatrisico,weighted_mean,Water & Klimaat
BU00720006,3.9442982306240815,Water_En_Klimaatrisico,weighted_mean,Water & Klimaat
BU00720007,4.221956317269419,Water_En_Klimaatrisico,weighted_mean,Water & Klimaat
BU00720009,0.09051599373057677,Water_En_Klimaatrisico,weighted_mean,Water & Klimaat
WK007201,-0.0937130432424457,Water_En_Klimaatrisico,weighted_mean,Water & Klimaat
BU00720100,0.7253171463016372,Water_En_Klimaatrisico,weighted_mean,Water & Klimaat
BU00720109,0.32265018386267313,Water_En_Klimaatrisico,weighted_mean,Water & Klimaat
WK007202,-0.418387367546531,Water_En_Klimaatrisico,weighted_mean,Water & Klimaat
BU00720200,0.10211869862637817,Water_En_Klimaatrisico,weighted_mean,Water & Klimaat
BU00720209,0.4898121948114389,Water_En_Klimaatrisico,weighted_mean,Water & Klimaat
GM0074,-0.2082318335370433,Water_En_Klimaatrisico,weighted_mean,Water & Klimaat
WK007401,-0.2082318335370433,Water_En_Klimaatrisico,weighted_mean,Water & Klimaat
BU00740100,-0.09918886734655741,Water_En_Klimaatrisico,weighted_mean,Water & Klimaat
BU00740101,-0.10558629375602016,Water_En_Klimaatrisico,weighted_mean,Water & Klimaat
BU00740102,-0.2993172130897283,Water_En_Klimaatrisico,weighted_mean,Water & Klimaat
BU00740103,0.0548169609116832,Water_En_Klimaatrisico,weighted_mean,Water & Klimaat
BU00740104,-0.2916558987369509,Water_En_Klimaatrisico,weighted_mean,Water & Klimaat
BU00740105,0.15851213935111502,Water_En_Klimaatrisico,weighted_mean,Water & Klimaat
BU00740106,-0.05868527597978984,Water_En_Klimaatrisico,weighted_mean,Water & Klimaat
BU00740107,-0.47120022837312336,Water_En_Klimaatrisico,weighted_mean,Water & Klimaat
BU00740108,-0.5888123649643173,Water_En_Klimaatrisico,weighted_mean,Water & Klimaat
BU00740109,-0.18317181477689004,Water_En_Klimaatrisico,weighted_mean,Water & Klimaat
BU00740110,0.9088976566710701,Water_En_Klimaatrisico,weighted_mean,Water & Klimaat
WK007402,-0.3174076203294527,Water_En_Klimaatrisico,weighted_mean,Water & Klimaat
BU00740201,-0.36944213693819716,Water_En_Klimaatrisico,weighted_mean,Water & Klimaat
BU00740202,-0.16194396471207712,Water_En_Klimaatrisico,weighted_mean,Water & Klimaat
BU00740203,-0.39143073137048484,Water_En_Klimaatrisico,weighted_mean,Water & Klimaat
BU00740204,-0.40335192960308236,Water_En_Klimaatrisico,weighted_mean,Water & Klimaat
BU00740205,-0.2995991791134376,Water_En_Klimaatrisico,weighted_mean,Water & Klimaat
WK007403,-0.47428131206588775,Water_En_Klimaatrisico,weighted_mean,Water & Klimaat
BU00740301,-0.5567423181901268,Water_En_Klimaatrisico,weighted_mean,Water & Klimaat
BU00740302,-0.04992197099958525,Water_En_Klimaatrisico,weighted_mean,Water & Klimaat
WK007404,-0.19841456377279076,Water_En_Klimaatrisico,weighted_mean,Water & Klimaat
BU00740401,0.04450269026452225,Water_En_Klimaatrisico,weighted_mean,Water & Klimaat
BU00740402,-0.0922939313306389,Water_En_Klimaatrisico,weighted_mean,Water & Klimaat
BU00740403,-0.3524519976039933,Water_En_Klimaatrisico,weighted_mean,Water & Klimaat
BU00740404,-0.34076874375872107,Water_En_Klimaatrisico,weighted_mean,Water & Klimaat
BU00740405,-0.40499181668679773,Water_En_Klimaatrisico,weighted_mean,Water & Klimaat
BU00740406,-0.6683316856419896,Water_En_Klimaatrisico,weighted_mean,Water & Klimaat
BU00740407,-0.34141699424832817,Water_En_Klimaatrisico,weighted_mean,Water & Klimaat
WK007406,-0.31677409478067714,Water_En_Klimaatrisico,weighted_mean,Water & Klimaat
BU00740601,-0.2792632212705078,Water_En_Klimaatrisico,weighted_mean,Water & Klimaat
WK007407,-0.4694142799695332,Water_En_Klimaatrisico,weighted_mean,Water & Klimaat
BU00740701,-0.2941286530967267,Water_En_Klimaatrisico,weighted_mean,Water & Klimaat
BU00740702,0.11420256393381725,Water_En_Klimaatrisico,weighted_mean,Water & Klimaat
WK007409,-0.38102711556433544,Water_En_Klimaatrisico,weighted_mean,Water & Klimaat
BU00740901,-0.4037316611449939,Water_En_Klimaatrisico,weighted_mean,Water & Klimaat
BU00740902,-0.5994086340130206,Water_En_Klimaatrisico,weighted_mean,Water & Klimaat
BU00740903,0.06597492243488981,Water_En_Klimaatrisico,weighted_mean,Water & Klimaat
GM0080,-0.1460315017412977,Water_En_Klimaatrisico,weighted_mean,Water & Klimaat
WK008010,-0.10754857989244003,Water_En_Klimaatrisico,weighted_mean,Water & Klimaat
BU00801001,4.045689630929147,Water_En_Klimaatrisico,weighted_mean,Water & Klimaat
BU00801002,3.0780352865760565,Water_En_Klimaatrisico,weighted_mean,Water & Klimaat
BU00801003,3.3857833113678932,Water_En_Klimaatrisico,weighted_mean,Water & Klimaat
BU00801004,2.8360539764981088,Water_En_Klimaatrisico,weighted_mean,Water & Klimaat
BU00801005,2.9530584025988222,Water_En_Klimaatrisico,weighted_mean,Water & Klimaat
BU00801006,2.0078015355501866,Water_En_Klimaatrisico,weighted_mean,Water & Klimaat
BU00801007,1.7230928285474845,Water_En_Klimaatrisico,weighted_mean,Water & Klimaat
BU00801008,1.6528152015443478,Water_En_Klimaatrisico,weighted_mean,Water & Klimaat
WK008011,-0.2082318335370433,Water_En_Klimaatrisico,weighted_mean,Water & Klimaat
BU00801101,1.3586854727978848,Water_En_Klimaatrisico,weighted_mean,Water & Klimaat
BU00801102,0.947724371210687,Water_En_Klimaatrisico,weighted_mean,Water & Klimaat
BU00801103,0.43223611297045866,Water_En_Klimaatrisico,weighted_mean,Water & Klimaat
BU00801104,-0.11568082997883261,Water_En_Klimaatrisico,weighted_mean,Water & Klimaat
BU00801105,-0.25170334428973784,Water_En_Klimaatrisico,weighted_mean,Water & Klimaat
BU00801106,0.22656124902957364,Water_En_Klimaatrisico,weighted_mean,Water & Klimaat
BU00801107,0.41366211701513556,Water_En_Klimaatrisico,weighted_mean,Water & Klimaat
BU00801108,0.3001436790959887,Water_En_Klimaatrisico,weighted_mean,Water & Klimaat
BU00801109,0.33677012260003575,Water_En_Klimaatrisico,weighted_mean,Water & Klimaat
WK008020,-0.14603150174129775,Water_En_Klimaatrisico,weighted_mean,Water & Klimaat
BU00802001,0.45983639376406,Water_En_Klimaatrisico,weighted_mean,Water & Klimaat
BU00802002,0.2677383175913911,Water_En_Klimaatrisico,weighted_mean,Water & Klimaat
BU00802003,0.27824362513509765,Water_En_Klimaatrisico,weighted_mean,Water & Klimaat
BU00802004,-0.10529133602442786,Water_En_Klimaatrisico,weighted_mean,Water & Klimaat
BU00802005,-0.5868461661634096,Water_En_Klimaatrisico,weighted_mean,Water & Klimaat
BU00802006,0.862874157349999,Water_En_Klimaatrisico,weighted_mean,Water & Klimaat
BU00802007,0.48429779113884686,Water_En_Klimaatrisico,weighted_mean,Water & Klimaat
BU00802008,1.0219718401845035,Water_En_Klimaatrisico,weighted_mean,Water & Klimaat
BU00802009,0.712976170246272,Water_En_Klimaatrisico,weighted_mean,Water & Klimaat
WK008030,-0.1460315017412976,Water_En_Klimaatrisico,weighted_mean,Water & Klimaat
BU00803001,1.0516843761697767,Water_En_Klimaatrisico,weighted_mean,Water & Klimaat
BU00803002,-0.22256232556184452,Water_En_Klimaatrisico,weighted_mean,Water & Klimaat
BU00803003,0.15948733516709748,Water_En_Klimaatrisico,weighted_mean,Water & Klimaat
BU00803004,0.42597286980119614,Water_En_Klimaatrisico,weighted_mean,Water & Klimaat
BU00803005,0.41182648762934276,Water_En_Klimaatrisico,weighted_mean,Water & Klimaat
BU00803006,-0.13621607276427375,Water_En_Klimaatrisico,weighted_mean,Water & Klimaat
BU00803007,0.3774519951336699,Water_En_Klimaatrisico,weighted_mean,Water & Klimaat
WK008031,-0.09443663101145847,Water_En_Klimaatrisico,weighted_mean,Water & Klimaat
BU00803101,-0.09720512876618284,Water_En_Klimaatrisico,weighted_mean,Water & Klimaat
BU00803102,-0.22436770198666142,Water_En_Klimaatrisico,weighted_mean,Water & Klimaat
WK008032,-0.23218543413020457,Water_En_Klimaatrisico,weighted_mean,Water & Klimaat
BU00803201,0.37698338668108033,Water_En_Klimaatrisico,weighted_mean,Water & Klimaat
BU00803202,-0.12270830680964673,Water_En_Klimaatrisico,weighted_mean,Water & Klimaat
BU00803203,0.31898261824053986,Water_En_Klimaatrisico,weighted_mean,Water & Klimaat
BU00803204,-0.2996906114918161,Water_En_Klimaatrisico,weighted_mean,Water & Klimaat
WK008040,-0.07321785557755106,Water_En_Klimaatrisico,weighted_mean,Water & Klimaat
BU00804001,0.6861411264408981,Water_En_Klimaatrisico,weighted_mean,Water & Klimaat
BU00804002,0.6274305439543175,Water_En_Klimaatrisico,weighted_mean,Water & Klimaat
BU00804003,0.023326218939766996,Water_En_Klimaatrisico,weighted_mean,Water & Klimaat
BU00804004,-0.011598831424368156,Water_En_Klimaatrisico,weighted_mean,Water & Klimaat
WK008041,-0.07419735295295454,Water_En_Klimaatrisico,weighted_mean,Water & Klimaat
BU00804101,-0.06860166691323508,Water_En_Klimaatrisico,weighted_mean,Water & Klimaat
BU00804102,-0.058217767332035625,Water_En_Klimaatrisico,weighted_mean,Water & Klimaat
BU00804103,-0.1503988018516994,Water_En_Klimaatrisico,weighted_mean,Water & Klimaat
BU00804104,0.23600316693415632,Water_En_Klimaatrisico,weighted_mean,Water & Klimaat
BU00804105,0.049473122905896574,Water_En_Klimaatrisico,weighted_mean,Water & Klimaat
BU00804106,-0.34421228211577914,Water_En_Klimaatrisico,weighted_mean,Water & Klimaat
BU00804107,-0.16761415032858773,Water_En_Klimaatrisico,weighted_mean,Water & Klimaat
BU00804108,0.6670512509278668,Water_En_Klimaatrisico,weighted_mean,Water & Klimaat
BU00804109,-0.14109639411355573,Water_En_Klimaatrisico,weighted_mean,Water & Klimaat
BU00804110,0.3851450323757773,Water_En_Klimaatrisico,weighted_mean,Water & Klimaat
WK008050,-0.13259394515885678,Water_En_Klimaatrisico,weighted_mean,Water & Klimaat
BU00805001,-0.10029251043505846,Water_En_Klimaatrisico,weighted_mean,Water & Klimaat
BU00805002,-0.06608554067868684,Water_En_Klimaatrisico,weighted_mean,Water & Klimaat
BU00805003,-0.0013679223787106953,Water_En_Klimaatrisico,weighted_mean,Water & Klimaat
WK008051,-0.2082318335370433,Water_En_Klimaatrisico,weighted_mean,Water & Klimaat
BU00805101,-0.18376218262821892,Water_En_Klimaatrisico,weighted_mean,Water & Klimaat
BU00805102,-0.2080855535562962,Water_En_Klimaatrisico,weighted_mean,Water & Klimaat
BU00805103,-0.1827271606590743,Water_En_Klimaatrisico,weighted_mean,Water & Klimaat
BU00805104,-0.19743338353264794,Water_En_Klimaatrisico,weighted_mean,Water & Klimaat
BU00805105,0.04405606115716214,Water_En_Klimaatrisico,weighted_mean,Water & Klimaat
WK008060,-0.2613352516192403,Water_En_Klimaatrisico,weighted_mean,Water & Klimaat
BU00806001,-0.1908804996718526,Water_En_Klimaatrisico,weighted_mean,Water & Klimaat
BU00806002,0.07746486463262645,Water_En_Klimaatrisico,weighted_mean,Water & Klimaat
BU00806003,0.12841663088470684,Water_En_Klimaatrisico,weighted_mean,Water & Klimaat
WK008061,-0.08078217120061143,Water_En_Klimaatrisico,weighted_mean,Water & Klimaat
BU00806101,-0.1487653014971858,Water_En_Klimaatrisico,weighted_mean,Water & Klimaat
BU00806102,-0.07811630392189706,Water_En_Klimaatrisico,weighted_mean,Water & Klimaat
WK008062,-0.3278691439409835,Water_En_Klimaatrisico,weighted_mean,Water & Klimaat
BU00806201,0.049711055807378945,Water_En_Klimaatrisico,weighted_mean,Water & Klimaat
BU00806202,0.5710195756139311,Water_En_Klimaatrisico,weighted_mean,Water & Klimaat
BU00806203,-0.09646567248016302,Water_En_Klimaatrisico,weighted_mean,Water & Klimaat
BU00806204,-0.12678658881957156,Water_En_Klimaatrisico,weighted_mean,Water & Klimaat
BU00806205,1.1631694805982837,Water_En_Klimaatrisico,weighted_mean,Water & Klimaat
BU00806206,0.911016046049301,Water_En_Klimaatrisico,weighted_mean,Water & Klimaat
BU00806207,0.2421251097964141,Water_En_Klimaatrisico,weighted_mean,Water & Klimaat
BU00806208,0.7205366226050679,Water_En_Klimaatrisico,weighted_mean,Water & Klimaat
BU00806209,0.31979305385414747,Water_En_Klimaatrisico,weighted_mean,Water & Klimaat
BU00806210,0.46415938954768365,Water_En_Klimaatrisico,weighted_mean,Water & Klimaat
WK008063,-0.19841456377279076,Water_En_Klimaatrisico,weighted_mean,Water & Klimaat
BU00806301,-0.11951123356925274,Water_En_Klimaatrisico,weighted_mean,Water & Klimaat
BU00806302,0.2632728638300119,Water_En_Klimaatrisico,weighted_mean,Water & Klimaat
BU00806303,0.5684377363781775,Water_En_Klimaatrisico,weighted_mean,Water & Klimaat
BU00806304,0.8981944381100655,Water_En_Klimaatrisico,weighted_mean,Water & Klimaat
BU00806305,0.821545427793695,Water_En_Klimaatrisico,weighted_mean,Water & Klimaat
BU00806306,0.5295188932668815,Water_En_Klimaatrisico,weighted_mean,Water & Klimaat
BU00806307,0.7786661108980486,Water_En_Klimaatrisico,weighted_mean,Water & Klimaat
WK008070,-0.23075044937809097,Water_En_Klimaatrisico,weighted_mean,Water & Klimaat
BU00807001,-0.09426017559133099,Water_En_Klimaatrisico,weighted_mean,Water & Klimaat
BU00807002,0.22724796586446844,Water_En_Klimaatrisico,weighted_mean,Water & Klimaat
BU00807003,0.14856817438464748,Water_En_Klimaatrisico,weighted_mean,Water & Klimaat
BU00807004,-0.019761217846655528,Water_En_Klimaatrisico,weighted_mean,Water & Klimaat
WK008071,-0.11027766836946022,Water_En_Klimaatrisico,weighted_mean,Water & Klimaat
BU00807101,-0.058230132656155204,Water_En_Klimaatrisico,weighted_mean,Water & Klimaat
WK008072,-0.2402695886242475,Water_En_Klimaatrisico,weighted_mean,Water & Klimaat
BU00807201,-0.29038507083401927,Water_En_Klimaatrisico,weighted_mean,Water & Klimaat
BU00807202,-0.2254251272436204,Water_En_Klimaatrisico,weighted_mean,Water & Klimaat
BU00807203,-0.016696249717253267,Water_En_Klimaatrisico,weighted_mean,Water & Klimaat
WK008073,0.05812653203481625,Water_En_Klimaatrisico,weighted_mean,Water & Klimaat
BU00807301,-0.5265482047034115,Water_En_Klimaatrisico,weighted_mean,Water & Klimaat
BU00807302,-0.18169926654875956,Water_En_Klimaatrisico,weighted_mean,Water & Klimaat
BU00807303,0.5140575564389293,Water_En_Klimaatrisico,weighted_mean,Water & Klimaat
BU00807304,-0.2923545562945462,Water_En_Klimaatrisico,weighted_mean,Water & Klimaat
BU00807305,-0.3619366917012139,Water_En_Klimaatrisico,weighted_mean,Water & Klimaat
BU00807306,0.9609366437601503,Water_En_Klimaatrisico,weighted_mean,Water & Klimaat
WK008074,0.03186868549994453,Water_En_Klimaatrisico,weighted_mean,Water & Klimaat
BU00807401,-0.030925688263902906,Water_En_Klimaatrisico,weighted_mean,Water & Klimaat
BU00807402,-0.050128434925693716,Water_En_Klimaatrisico,weighted_mean,Water & Klimaat
BU00807403,0.9409334885064768,Water_En_Klimaatrisico,weighted_mean,Water & Klimaat
BU00807404,0.03514160608109791,Water_En_Klimaatrisico,weighted_mean,Water & Klimaat
BU00807405,-0.1208874074264461,Water_En_Klimaatrisico,weighted_mean,Water & Klimaat
WK008080,-0.3866419569361097,Water_En_Klimaatrisico,weighted_mean,Water & Klimaat
BU00808001,-0.13590545480194738,Water_En_Klimaatrisico,weighted_mean,Water & Klimaat
BU00808002,0.10197505028410327,Water_En_Klimaatrisico,weighted_mean,Water & Klimaat
BU00808003,-0.12030531389492406,Water_En_Klimaatrisico,weighted_mean,Water & Klimaat
BU00808004,-0.06129573822621115,Water_En_Klimaatrisico,weighted_mean,Water & Klimaat
BU00808005,0.23516899131987992,Water_En_Klimaatrisico,weighted_mean,Water & Klimaat
BU00808006,-0.13623321067881952,Water_En_Klimaatrisico,weighted_mean,Water & Klimaat
BU00808007,0.032562529832617676,Water_En_Klimaatrisico,weighted_mean,Water & Klimaat
BU00808008,-0.21677891634821708,Water_En_Klimaatrisico,weighted_mean,Water & Klimaat
WK008081,-0.27874342707807076,Water_En_Klimaatrisico,weighted_mean,Water & Klimaat
BU00808101,0.013578293063753688,Water_En_Klimaatrisico,weighted_mean,Water & Klimaat
BU00808102,0.03521962689494801,Water_En_Klimaatrisico,weighted_mean,Water & Klimaat
BU00808103,0.28719484973027215,Water_En_Klimaatrisico,weighted_mean,Water & Klimaat
BU00808104,0.7158881033269375,Water_En_Klimaatrisico,weighted_mean,Water & Klimaat
BU00808105,0.12150451675553889,Water_En_Klimaatrisico,weighted_mean,Water & Klimaat
BU00808106,0.1603786212255337,Water_En_Klimaatrisico,weighted_mean,Water & Klimaat
BU00808107,0.24394425470801417,Water_En_Klimaatrisico,weighted_mean,Water & Klimaat
BU00808108,0.2233229298844948,Water_En_Klimaatrisico,weighted_mean,Water & Klimaat
BU00808109,0.04749258817816329,Water_En_Klimaatrisico,weighted_mean,Water & Klimaat
BU00808110,0.3932838963430585,Water_En_Klimaatrisico,weighted_mean,Water & Klimaat
BU00808111,0.18837994566098462,Water_En_Klimaatrisico,weighted_mean,Water & Klimaat
BU00808112,0.43543917080070615,Water_En_Klimaatrisico,weighted_mean,Water & Klimaat
BU00808113,0.4472119103948532,Water_En_Klimaatrisico,weighted_mean,Water & Klimaat
BU00808114,0.16932626895881292,Water_En_Klimaatrisico,weighted_mean,Water & Klimaat
BU00808115,0.27314825111824476,Water_En_Klimaatrisico,weighted_mean,Water & Klimaat
BU00808116,0.41411632262880077,Water_En_Klimaatrisico,weighted_mean,Water & Klimaat
BU00808117,0.10058838116211068,Water_En_Klimaatrisico,weighted_mean,Water & Klimaat
WK008082,-0.19841456377279076,Water_En_Klimaatrisico,weighted_mean,Water & Klimaat
BU00808201,-0.08785277307263584,Water_En_Klimaatrisico,weighted_mean,Water & Klimaat
BU00808202,0.24738257693520735,Water_En_Klimaatrisico,weighted_mean,Water & Klimaat
BU00808203,-0.009769984143116306,Water_En_Klimaatrisico,weighted_mean,Water & Klimaat
BU00808204,-0.030114353297525806,Water_En_Klimaatrisico,weighted_mean,Water & Klimaat
BU00808205,-0.004267954299295468,Water_En_Klimaatrisico,weighted_mean,Water & Klimaat
BU00808206,-0.1677647400627164,Water_En_Klimaatrisico,weighted_mean,Water & Klimaat
BU00808207,-0.16090747385173695,Water_En_Klimaatrisico,weighted_mean,Water & Klimaat
BU00808208,-0.12023519561641774,Water_En_Klimaatrisico,weighted_mean,Water & Klimaat
BU00808209,0.08036758298186575,Water_En_Klimaatrisico,weighted_mean,Water & Klimaat
GM1970,-0.2082318335370434,Water_En_Klimaatrisico,weighted_mean,Water & Klimaat
WK197000,-0.2082318335370434,Water_En_Klimaatrisico,weighted_mean,Water & Klimaat
BU19700000,1.7226150051985074,Water_En_Klimaatrisico,weighted_mean,Water & Klimaat
BU19700001,0.2954962015507032,Water_En_Klimaatrisico,weighted_mean,Water & Klimaat
BU19700002,-0.17349555287897891,Water_En_Klimaatrisico,weighted_mean,Water & Klimaat
BU19700003,-0.06287565298132403,Water_En_Klimaatrisico,weighted_mean,Water & Klimaat
BU19700004,0.012108013751561092,Water_En_Klimaatrisico,weighted_mean,Water & Klimaat
BU19700005,-0.38395103463706914,Water_En_Klimaatrisico,weighted_mean,Water & Klimaat
BU19700006,-0.06215229737175981,Water_En_Klimaatrisico,weighted_mean,Water & Klimaat
BU19700007,-0.3150436763333345,Water_En_Klimaatrisico,weighted_mean,Water & Klimaat
BU19700008,-0.001551767979418861,Water_En_Klimaatrisico,weighted_mean,Water & Klimaat
BU19700009,0.008965143903641087,Water_En_Klimaatrisico,weighted_mean,Water & Klimaat
BU19700010,0.005183550151474592,Water_En_Klimaatrisico,weighted_mean,Water & Klimaat
BU19700011,-0.03431275964369601,Water_En_Klimaatrisico,weighted_mean,Water & Klimaat
WK197001,-0.06501110714696715,Water_En_Klimaatrisico,weighted_mean,Water & Klimaat
BU19700100,0.9600258632961449,Water_En_Klimaatrisico,weighted_mean,Water & Klimaat
BU19700101,-0.19419984113872119,Water_En_Klimaatrisico,weighted_mean,Water & Klimaat
BU19700102,0.2682917236701774,Water_En_Klimaatrisico,weighted_mean,Water & Klimaat
BU19700103,0.0974633119753689,Water_En_Klimaatrisico,weighted_mean,Water & Klimaat
BU19700104,0.43699592134186943,Water_En_Klimaatrisico,weighted_mean,Water & Klimaat
BU19700105,-0.07157769041501151,Water_En_Klimaatrisico,weighted_mean,Water & Klimaat
BU19700107,0.49236532046262244,Water_En_Klimaatrisico,weighted_mean,Water & Klimaat
BU19700108,0.26657583192392176,Water_En_Klimaatrisico,weighted_mean,Water & Klimaat
BU19700109,-0.09436269739145732,Water_En_Klimaatrisico,weighted_mean,Water & Klimaat
WK197002,-0.3802420235023014,Water_En_Klimaatrisico,weighted_mean,Water & Klimaat
BU19700200,0.37893658877688075,Water_En_Klimaatrisico,weighted_mean,Water & Klimaat
BU19700201,0.5723951424665993,Water_En_Klimaatrisico,weighted_mean,Water & Klimaat
BU19700202,1.2276183949767472,Water_En_Klimaatrisico,weighted_mean,Water & Klimaat
BU19700208,0.03813094284259308,Water_En_Klimaatrisico,weighted_mean,Water & Klimaat
BU19700209,0.16285806470555836,Water_En_Klimaatrisico,weighted_mean,Water & Klimaat
WK197003,-0.3174076203294527,Water_En_Klimaatrisico,weighted_mean,Water & Klimaat
BU19700300,0.14266193474048255,Water_En_Klimaatrisico,weighted_mean,Water & Klimaat
BU19700301,0.7659032104516155,Water_En_Klimaatrisico,weighted_mean,Water & Klimaat
BU19700302,0.7804963394087934,Water_En_Klimaatrisico,weighted_mean,Water & Klimaat
BU19700303,-0.2861397070432487,Water_En_Klimaatrisico,weighted_mean,Water & Klimaat
BU19700307,-0.1421140330786298,Water_En_Klimaatrisico,weighted_mean,Water & Klimaat
BU19700308,0.8707361085080035,Water_En_Klimaatrisico,weighted_mean,Water & Klimaat
BU19700309,0.24823516742952537,Water_En_Klimaatrisico,weighted_mean,Water & Klimaat
WK197004,-0.5450233631576903,Water_En_Klimaatrisico,weighted_mean,Water & Klimaat
BU19700400,0.4763004390915543,Water_En_Klimaatrisico,weighted_mean,Water & Klimaat
BU19700401,0.9507016577826158,Water_En_Klimaatrisico,weighted_mean,Water & Klimaat
BU19700408,0.4458335087608307,Water_En_Klimaatrisico,weighted_mean,Water & Klimaat
BU19700409,0.4369853214461674,Water_En_Klimaatrisico,weighted_mean,Water & Klimaat
WK197005,-0.14114131690860654,Water_En_Klimaatrisico,weighted_mean,Water & Klimaat
BU19700500,0.5096108898813873,Water_En_Klimaatrisico,weighted_mean,Water & Klimaat
BU19700501,0.3399235329357634,Water_En_Klimaatrisico,weighted_mean,Water & Klimaat
BU19700502,0.6578662276808147,Water_En_Klimaatrisico,weighted_mean,Water & Klimaat
BU19700503,0.2937941168775101,Water_En_Klimaatrisico,weighted_mean,Water & Klimaat
BU19700506,0.48512955581500594,Water_En_Klimaatrisico,weighted_mean,Water & Klimaat
BU19700507,0.17365796991797122,Water_En_Klimaatrisico,weighted_mean,Water & Klimaat
BU19700508,1.2784075374996615,Water_En_Klimaatrisico,weighted_mean,Water & Klimaat
BU19700509,0.8227740985827467,Water_En_Klimaatrisico,weighted_mean,Water & Klimaat
WK197006,-0.3174076203294527,Water_En_Klimaatrisico,weighted_mean,Water & Klimaat
BU19700600,0.5621806684145962,Water_En_Klimaatrisico,weighted_mean,Water & Klimaat
BU19700601,0.8773016544421172,Water_En_Klimaatrisico,weighted_mean,Water & Klimaat
BU19700602,0.5287793505563603,Water_En_Klimaatrisico,weighted_mean,Water & Klimaat
BU19700603,0.11685538898896083,Water_En_Klimaatrisico,weighted_mean,Water & Klimaat
BU19700604,0.17535791731739142,Water_En_Klimaatrisico,weighted_mean,Water & Klimaat
BU19700605,-0.19308294025934938,Water_En_Klimaatrisico,weighted_mean,Water & Klimaat
BU19700608,0.27753044320234,Water_En_Klimaatrisico,weighted_mean,Water & Klimaat
BU19700609,-0.002551250269098748,Water_En_Klimaatrisico,weighted_mean,Water & Klimaat
WK197007,-0.5121532147862049,Water_En_Klimaatrisico,weighted_mean,Water & Klimaat
BU19700700,0.47060997086205575,Water_En_Klimaatrisico,weighted_mean,Water & Klimaat
BU19700701,1.4200121595762765,Water_En_Klimaatrisico,weighted_mean,Water & Klimaat
BU19700702,0.17333059640449422,Water_En_Klimaatrisico,weighted_mean,Water & Klimaat
BU19700703,0.4124692392343433,Water_En_Klimaatrisico,weighted_mean,Water & Klimaat
BU19700708,0.23129483146781174,Water_En_Klimaatrisico,weighted_mean,Water & Klimaat
BU19700709,0.5545424088656977,Water_En_Klimaatrisico,weighted_mean,Water & Klimaat
WK197008,-0.3866419569361097,Water_En_Klimaatrisico,weighted_mean,Water & Klimaat
BU19700800,0.5439377188566484,Water_En_Klimaatrisico,weighted_mean,Water & Klimaat
BU19700801,0.31466761263259596,Water_En_Klimaatrisico,weighted_mean,Water & Klimaat
BU19700802,0.47769187113290834,Water_En_Klimaatrisico,weighted_mean,Water & Klimaat
BU19700803,0.8096146937590869,Water_En_Klimaatrisico,weighted_mean,Water & Klimaat
BU19700807,0.47342181565400376,Water_En_Klimaatrisico,weighted_mean,Water & Klimaat
BU19700808,0.40607823777656477,Water_En_Klimaatrisico,weighted_mean,Water & Klimaat
BU19700809,0.38092044947729986,Water_En_Klimaatrisico,weighted_mean,Water & Klimaat
WK197009,-0.3951119532916427,Water_En_Klimaatrisico,weighted_mean,Water & Klimaat
BU19700900,0.10474660568244644,Water_En_Klimaatrisico,weighted_mean,Water & Klimaat
BU19700909,0.24131302846110408,Water_En_Klimaatrisico,weighted_mean,Water & Klimaat
WK197010,-0.06720508946899373,Water_En_Klimaatrisico,weighted_mean,Water & Klimaat
BU19701000,0.11228618991906122,Water_En_Klimaatrisico,weighted_mean,Water & Klimaat
BU19701001,-0.07796379373397239,Water_En_Klimaatrisico,weighted_mean,Water & Klimaat
BU19701002,-0.008265575834641992,Water_En_Klimaatrisico,weighted_mean,Water & Klimaat
BU19701003,0.776589354234039,Water_En_Klimaatrisico,weighted_mean,Water & Klimaat
BU19701004,-0.10526061180478052,Water_En_Klimaatrisico,weighted_mean,Water & Klimaat
BU19701005,0.011161275221275219,Water_En_Klimaatrisico,weighted_mean,Water & Klimaat
BU19701006,0.5612096092069536,Water_En_Klimaatrisico,weighted_mean,Water & Klimaat
BU19701008,-0.24689884945685903,Water_En_Klimaatrisico,weighted_mean,Water & Klimaat
BU19701009,-0.1106209688160309,Water_En_Klimaatrisico,weighted_mean,Water & Klimaat
WK197011,-0.2919712952258662,Water_En_Klimaatrisico,weighted_mean,Water & Klimaat
BU19701100,-0.27243524477499936,Water_En_Klimaatrisico,weighted_mean,Water & Klimaat
BU19701109,-0.30766863321206617,Water_En_Klimaatrisico,weighted_mean,Water & Klimaat
WK197012,-0.1287019956108546,Water_En_Klimaatrisico,weighted_mean,Water & Klimaat
BU19701200,-0.18829872766424396,Water_En_Klimaatrisico,weighted_mean,Water & Klimaat
BU19701201,-0.6394081935403204,Water_En_Klimaatrisico,weighted_mean,Water & Klimaat
BU19701202,-0.2840550573631638,Water_En_Klimaatrisico,weighted_mean,Water & Klimaat
BU19701203,-0.027407336779062527,Water_En_Klimaatrisico,weighted_mean,Water & Klimaat
BU19701204,-0.3935084403690957,Water_En_Klimaatrisico,weighted_mean,Water & Klimaat
BU19701206,-0.24813237526370635,Water_En_Klimaatrisico,weighted_mean,Water & Klimaat
BU19701207,-0.27591180183916153,Water_En_Klimaatrisico,weighted_mean,Water & Klimaat
BU19701208,-0.19420950174594537,Water_En_Klimaatrisico,weighted_mean,Water & Klimaat
BU19701209,-0.6061531837261986,Water_En_Klimaatrisico,weighted_mean,Water & Klimaat
WK197013,-0.11149159014938533,Water_En_Klimaatrisico,weighted_mean,Water & Klimaat
BU19701300,-0.10044289067296397,Water_En_Klimaatrisico,weighted_mean,Water & Klimaat
BU19701301,-0.44091347419188637,Water_En_Klimaatrisico,weighted_mean,Water & Klimaat
BU19701302,-0.20739302275635912,Water_En_Klimaatrisico,weighted_mean,Water & Klimaat
BU19701308,-0.1453743645660464,Water_En_Klimaatrisico,weighted_mean,Water & Klimaat
BU19701309,-0.05603977604463056,Water_En_Klimaatrisico,weighted_mean,Water & Klimaat
WK197014,-0.32786914394098343,Water_En_Klimaatrisico,weighted_mean,Water & Klimaat
BU19701400,-0.27979356047150505,Water_En_Klimaatrisico,weighted_mean,Water & Klimaat
BU19701401,-0.25827960227607116,Water_En_Klimaatrisico,weighted_mean,Water & Klimaat
BU19701402,-0.36070414479011403,Water_En_Klimaatrisico,weighted_mean,Water & Klimaat
BU19701409,-0.48490433540174893,Water_En_Klimaatrisico,weighted_mean,Water & Klimaat
GM0085,-0.2082318335370433,Water_En_Klimaatrisico,weighted_mean,Water & Klimaat
WK008501,-0.3871549995400051,Water_En_Klimaatrisico,weighted_mean,Water & Klimaat
BU00850101,-0.384475193949152,Water_En_Klimaatrisico,weighted_mean,Water & Klimaat
BU00850102,1.6326943116452004,Water_En_Klimaatrisico,weighted_mean,Water & Klimaat
BU00850103,1.1203872662341814,Water_En_Klimaatrisico,weighted_mean,Water & Klimaat
BU00850104,-0.49857782883400303,Water_En_Klimaatrisico,weighted_mean,Water & Klimaat
BU00850105,-0.6968032932416335,Water_En_Klimaatrisico,weighted_mean,Water & Klimaat
BU00850106,-0.2500166574383501,Water_En_Klimaatrisico,weighted_mean,Water & Klimaat
BU00850107,-0.33802788389193905,Water_En_Klimaatrisico,weighted_mean,Water & Klimaat
BU00850108,-0.14839651573693813,Water_En_Klimaatrisico,weighted_mean,Water & Klimaat
BU00850109,-0.19956327056887405,Water_En_Klimaatrisico,weighted_mean,Water & Klimaat
BU00850110,-0.0182004740676635,Water_En_Klimaatrisico,weighted_mean,Water & Klimaat
BU00850111,-0.10367200179016377,Water_En_Klimaatrisico,weighted_mean,Water & Klimaat
WK008502,-0.11149159014938533,Water_En_Klimaatrisico,weighted_mean,Water & Klimaat
BU00850201,-0.11814390698592421,Water_En_Klimaatrisico,weighted_mean,Water & Klimaat
BU00850202,0.013096818493579937,Water_En_Klimaatrisico,weighted_mean,Water & Klimaat
BU00850203,-0.3770715585811344,Water_En_Klimaatrisico,weighted_mean,Water & Klimaat
WK008503,-0.3323637950430805,Water_En_Klimaatrisico,weighted_mean,Water & Klimaat
BU00850301,-0.29580548069799883,Water_En_Klimaatrisico,weighted_mean,Water & Klimaat
BU00850302,-0.5242458926412701,Water_En_Klimaatrisico,weighted_mean,Water & Klimaat
WK008504,-0.41879414399603987,Water_En_Klimaatrisico,weighted_mean,Water & Klimaat
BU00850401,-0.1843116704380933,Water_En_Klimaatrisico,weighted_mean,Water & Klimaat
BU00850402,-0.6828816478668612,Water_En_Klimaatrisico,weighted_mean,Water & Klimaat
WK008505,-0.5097599304797863,Water_En_Klimaatrisico,weighted_mean,Water & Klimaat
BU00850501,0.6518272787903395,Water_En_Klimaatrisico,weighted_mean,Water & Klimaat
BU00850502,-0.3781142518150075,Water_En_Klimaatrisico,weighted_mean,Water & Klimaat
WK008506,-0.3022005085127456,Water_En_Klimaatrisico,weighted_mean,Water & Klimaat
BU00850601,-0.045664811789476206,Water_En_Klimaatrisico,weighted_mean,Water & Klimaat
BU00850602,-0.09229580565837278,Water_En_Klimaatrisico,weighted_mean,Water & Klimaat
BU00850603,-0.013764460123521047,Water_En_Klimaatrisico,weighted_mean,Water & Klimaat
BU00850604,0.03280053069729802,Water_En_Klimaatrisico,weighted_mean,Water & Klimaat
BU00850605,-0.2523495868410527,Water_En_Klimaatrisico,weighted_mean,Water & Klimaat
BU00850606,-0.05637560736837775,Water_En_Klimaatrisico,weighted_mean,Water & Klimaat
BU00850607,-0.15878828949607862,Water_En_Klimaatrisico,weighted_mean,Water & Klimaat
BU00850608,-0.5998843636535106,Water_En_Klimaatrisico,weighted_mean,Water & Klimaat
WK008507,-0.22158181598859836,Water_En_Klimaatrisico,weighted_mean,Water & Klimaat
BU00850701,-0.6448248645859076,Water_En_Klimaatrisico,weighted_mean,Water & Klimaat
BU00850702,-0.5127412813048171,Water_En_Klimaatrisico,weighted_mean,Water & Klimaat
WK008508,-0.14104007458709095,Water_En_Klimaatrisico,weighted_mean,Water & Klimaat
BU00850801,0.16636422284459607,Water_En_Klimaatrisico,weighted_mean,Water & Klimaat
BU00850802,-0.6816797030470253,Water_En_Klimaatrisico,weighted_mean,Water & Klimaat
WK008509,-0.04211036991396408,Water_En_Klimaatrisico,weighted_mean,Water & Klimaat
BU00850901,-0.4699312013739956,Water_En_Klimaatrisico,weighted_mean,Water & Klimaat
BU00850902,-0.5128492803798502,Water_En_Klimaatrisico,weighted_mean,Water & Klimaat
WK008510,-0.09605242187881909,Water_En_Klimaatrisico,weighted_mean,Water & Klimaat
BU00851001,0.5192390179654615,Water_En_Klimaatrisico,weighted_mean,Water & Klimaat
BU00851002,0.03185139230679668,Water_En_Klimaatrisico,weighted_mean,Water & Klimaat
BU00851003,-0.6945243324077356,Water_En_Klimaatrisico,weighted_mean,Water & Klimaat
WK008511,-0.2082318335370434,Water_En_Klimaatrisico,weighted_mean,Water & Klimaat
BU00851101,-0.07320854162237897,Water_En_Klimaatrisico,weighted_mean,Water & Klimaat
BU00851102,0.15314197607503005,Water_En_Klimaatrisico,weighted_mean,Water & Klimaat
BU00851103,0.23143155206773325,Water_En_Klimaatrisico,weighted_mean,Water & Klimaat
BU00851104,0.533422914238939,Water_En_Klimaatrisico,weighted_mean,Water & Klimaat
BU00851105,0.15325838300291858,Water_En_Klimaatrisico,weighted_mean,Water & Klimaat
BU00851106,0.5531930027349913,Water_En_Klimaatrisico,weighted_mean,Water & Klimaat
BU00851107,0.5142962246444014,Water_En_Klimaatrisico,weighted_mean,Water & Klimaat
BU00851108,0.19864050408952577,Water_En_Klimaatrisico,weighted_mean,Water & Klimaat
BU00851109,0.1866252705822647,Water_En_Klimaatrisico,weighted_mean,Water & Klimaat
BU00851110,0.41838607705289693,Water_En_Klimaatrisico,weighted_mean,Water & Klimaat
BU00851111,-0.23445532380835246,Water_En_Klimaatrisico,weighted_mean,Water & Klimaat
BU00851112,-0.22555809750784023,Water_En_Klimaatrisico,weighted_mean,Water & Klimaat
BU00851113,0.5809156171283001,Water_En_Klimaatrisico,weighted_mean,Water & Klimaat
BU00851114,0.11022658589229624,Water_En_Klimaatrisico,weighted_mean,Water & Klimaat
BU00851115,0.3049926748125533,Water_En_Klimaatrisico,weighted_mean,Water & Klimaat
BU00851116,-0.08696666319471844,Water_En_Klimaatrisico,weighted_mean,Water & Klimaat
BU00851117,-0.3321626835320313,Water_En_Klimaatrisico,weighted_mean,Water & Klimaat
BU00851118,-0.3746961735359886,Water_En_Klimaatrisico,weighted_mean,Water & Klimaat
WK008512,-0.5820603023004547,Water_En_Klimaatrisico,weighted_mean,Water & Klimaat
BU00851201,-0.603714783100833,Water_En_Klimaatrisico,weighted_mean,Water & Klimaat
BU00851202,-0.7612902196033177,Water_En_Klimaatrisico,weighted_mean,Water & Klimaat
WK008513,-0.300437250864854,Water_En_Klimaatrisico,weighted_mean,Water & Klimaat
BU00851301,-0.10513760511115029,Water_En_Klimaatrisico,weighted_mean,Water & Klimaat
BU00851302,-0.3565163377149558,Water_En_Klimaatrisico,weighted_mean,Water & Klimaat
GM0086,-0.2082318335370434,Water_En_Klimaatrisico,weighted_mean,Water & Klimaat
WK008601,-0.13490211763139118,Water_En_Klimaatrisico,weighted_mean,Water & Klimaat
BU00860101,0.3460608072576798,Water_En_Klimaatrisico,weighted_mean,Water & Klimaat
BU00860102,0.13158584363626913,Water_En_Klimaatrisico,weighted_mean,Water & Klimaat
BU00860103,-0.29192121637817475,Water_En_Klimaatrisico,weighted_mean,Water & Klimaat
WK008602,-0.22327657479651505,Water_En_Klimaatrisico,weighted_mean,Water & Klimaat
BU00860201,0.9019473908114426,Water_En_Klimaatrisico,weighted_mean,Water & Klimaat
BU00860202,0.19722231093531484,Water_En_Klimaatrisico,weighted_mean,Water & Klimaat
BU00860203,0.14348764304986306,Water_En_Klimaatrisico,weighted_mean,Water & Klimaat
BU00860204,0.42195902402573104,Water_En_Klimaatrisico,weighted_mean,Water & Klimaat
BU00860205,-0.20525703736006465,Water_En_Klimaatrisico,weighted_mean,Water & Klimaat
BU00860206,-0.4859327754175742,Water_En_Klimaatrisico,weighted_mean,Water & Klimaat
BU00860207,-0.34360723316066566,Water_En_Klimaatrisico,weighted_mean,Water & Klimaat
BU00860208,-0.6705790338123557,Water_En_Klimaatrisico,weighted_mean,Water & Klimaat
BU00860209,-0.5118223065431862,Water_En_Klimaatrisico,weighted_mean,Water & Klimaat
WK008604,-0.12390947141908003,Water_En_Klimaatrisico,weighted_mean,Water & Klimaat
BU00860401,0.1259035868138066,Water_En_Klimaatrisico,weighted_mean,Water & Klimaat
BU00860402,-0.1770438760968978,Water_En_Klimaatrisico,weighted_mean,Water & Klimaat
WK008605,-0.2209331796138384,Water_En_Klimaatrisico,weighted_mean,Water & Klimaat
BU00860501,0.029816604197136748,Water_En_Klimaatrisico,weighted_mean,Water & Klimaat
BU00860502,-0.45500297480395235,Water_En_Klimaatrisico,weighted_mean,Water & Klimaat
BU00860503,-0.30021837268535884,Water_En_Klimaatrisico,weighted_mean,Water & Klimaat
BU00860504,-0.3008940967116625,Water_En_Klimaatrisico,weighted_mean,Water & Klimaat
BU00860505,-0.46743173777334973,Water_En_Klimaatrisico,weighted_mean,Water & Klimaat
BU00860506,-0.45327192804687066,Water_En_Klimaatrisico,weighted_mean,Water & Klimaat
BU00860507,-0.2879833724818055,Water_En_Klimaatrisico,weighted_mean,Water & Klimaat
BU00860508,-0.737095282402255,Water_En_Klimaatrisico,weighted_mean,Water & Klimaat
WK008606,-0.37710553768655997,Water_En_Klimaatrisico,weighted_mean,Water & Klimaat
BU00860601,-0.07814749928841334,Water_En_Klimaatrisico,weighted_mean,Water & Klimaat
BU00860602,-0.3983043231801201,Water_En_Klimaatrisico,weighted_mean,Water & Klimaat
WK008607,-0.20172434279477475,Water_En_Klimaatrisico,weighted_mean,Water & Klimaat
BU00860701,-0.577166582982675,Water_En_Klimaatrisico,weighted_mean,Water & Klimaat
BU00860702,-0.33495237214308365,Water_En_Klimaatrisico,weighted_mean,Water & Klimaat
WK008608,-0.1966057553083722,Water_En_Klimaatrisico,weighted_mean,Water & Klimaat
BU00860801,-0.476145313507908,Water_En_Klimaatrisico,weighted_mean,Water & Klimaat
BU00860802,-0.688332161403529,Water_En_Klimaatrisico,weighted_mean,Water & Klimaat
WK008609,-0.27870432932469985,Water_En_Klimaatrisico,weighted_mean,Water & Klimaat
BU00860901,-0.28050581426400184,Water_En_Klimaatrisico,weighted_mean,Water & Klimaat
BU00860902,-0.5823891859202563,Water_En_Klimaatrisico,weighted_mean,Water & Klimaat
WK008610,-0.18275183243690576,Water_En_Klimaatrisico,weighted_mean,Water & Klimaat
BU00861001,-0.5182995289043153,Water_En_Klimaatrisico,weighted_mean,Water & Klimaat
BU00861002,-0.47378078740675916,Water_En_Klimaatrisico,weighted_mean,Water & Klimaat
WK008611,-0.08321137748200932,Water_En_Klimaatrisico,weighted_mean,Water & Klimaat
BU00861101,-0.33075010811998296,Water_En_Klimaatrisico,weighted_mean,Water & Klimaat
BU00861102,-0.2853321810708841,Water_En_Klimaatrisico,weighted_mean,Water & Klimaat
WK008613,-0.3856867486334717,Water_En_Klimaatrisico,weighted_mean,Water & Klimaat
BU00861301,-0.4095923142820395,Water_En_Klimaatrisico,weighted_mean,Water & Klimaat
BU00861302,-0.49087243998962404,Water_En_Klimaatrisico,weighted_mean,Water & Klimaat
WK008614,-0.12252918573404216,Water_En_Klimaatrisico,weighted_mean,Water & Klimaat
BU00861401,-0.6318173200386449,Water_En_Klimaatrisico,weighted_mean,Water & Klimaat
BU00861402,-0.62541948922318,Water_En_Klimaatrisico,weighted_mean,Water & Klimaat
WK008615,-0.19472149978586228,Water_En_Klimaatrisico,weighted_mean,Water & Klimaat
BU00861501,-0.3657834407987669,Water_En_Klimaatrisico,weighted_mean,Water & Klimaat
BU00861502,-0.3630625939104359,Water_En_Klimaatrisico,weighted_mean,Water & Klimaat
WK008616,-0.24865320042633055,Water_En_Klimaatrisico,weighted_mean,Water & Klimaat
BU00861601,-0.22314701952511345,Water_En_Klimaatrisico,weighted_mean,Water & Klimaat
BU00861602,-0.24988780284367668,Water_En_Klimaatrisico,weighted_mean,Water & Klimaat
BU00861603,-0.07462970075485052,Water_En_Klimaatrisico,weighted_mean,Water & Klimaat
BU00861604,0.015858333110790407,Water_En_Klimaatrisico,weighted_mean,Water & Klimaat
BU00861605,0.2815575940538647,Water_En_Klimaatrisico,weighted_mean,Water & Klimaat
BU00861606,-0.2277979056947067,Water_En_Klimaatrisico,weighted_mean,Water & Klimaat
BU00861607,-0.4259364497935879,Water_En_Klimaatrisico,weighted_mean,Water & Klimaat
WK008617,-0.32533785340626964,Water_En_Klimaatrisico,weighted_mean,Water & Klimaat
BU00861701,-0.29833204816010583,Water_En_Klimaatrisico,weighted_mean,Water & Klimaat
BU00861702,-0.23926060753308603,Water_En_Klimaatrisico,weighted_mean,Water & Klimaat
BU00861703,-0.3371417689302257,Water_En_Klimaatrisico,weighted_mean,Water & Klimaat
GM0088,-0.183966266287329,Water_En_Klimaatrisico,weighted_mean,Water & Klimaat
WK008800,-0.3106587840856886,Water_En_Klimaatrisico,weighted_mean,Water & Klimaat
BU00880000,-0.3084147793869681,Water_En_Klimaatrisico,weighted_mean,Water & Klimaat
BU00880009,-0.5535051704697735,Water_En_Klimaatrisico,weighted_mean,Water & Klimaat
GM0090,-0.2082318335370433,Water_En_Klimaatrisico,weighted_mean,Water & Klimaat
WK009001,0.3688198215565136,Water_En_Klimaatrisico,weighted_mean,Water & Klimaat
BU00900101,-0.2594774082417191,Water_En_Klimaatrisico,weighted_mean,Water & Klimaat
WK009002,-0.35539413705257816,Water_En_Klimaatrisico,weighted_mean,Water & Klimaat
BU00900201,-0.05783302180446375,Water_En_Klimaatrisico,weighted_mean,Water & Klimaat
BU00900202,-0.06259651971402048,Water_En_Klimaatrisico,weighted_mean,Water & Klimaat
BU00900203,-0.1562372036477332,Water_En_Klimaatrisico,weighted_mean,Water & Klimaat
BU00900204,-0.5867888256743394,Water_En_Klimaatrisico,weighted_mean,Water & Klimaat
BU00900205,-0.6899668106936532,Water_En_Klimaatrisico,weighted_mean,Water & Klimaat
BU00900206,-0.14897873385665006,Water_En_Klimaatrisico,weighted_mean,Water & Klimaat
WK009003,0.7200832673800205,Water_En_Klimaatrisico,weighted_mean,Water & Klimaat
BU00900301,-0.5988610124854132,Water_En_Klimaatrisico,weighted_mean,Water & Klimaat
BU00900302,-0.32774444510635525,Water_En_Klimaatrisico,weighted_mean,Water & Klimaat
BU00900303,-0.3236445929529446,Water_En_Klimaatrisico,weighted_mean,Water & Klimaat
BU00900304,-0.4380517210444662,Water_En_Klimaatrisico,weighted_mean,Water & Klimaat
WK009004,-0.22690631858570076,Water_En_Klimaatrisico,weighted_mean,Water & Klimaat
BU00900401,-0.46300623179741973,Water_En_Klimaatrisico,weighted_mean,Water & Klimaat
BU00900402,-0.22191548498777489,Water_En_Klimaatrisico,weighted_mean,Water & Klimaat
BU00900403,-0.5649767239383187,Water_En_Klimaatrisico,weighted_mean,Water & Klimaat
BU00900404,-0.40124777617786933,Water_En_Klimaatrisico,weighted_mean,Water & Klimaat
BU00900405,-0.5021416604678052,Water_En_Klimaatrisico,weighted_mean,Water & Klimaat
BU00900406,-0.1514073600208433,Water_En_Klimaatrisico,weighted_mean,Water & Klimaat
WK009005,-0.06842769408719529,Water_En_Klimaatrisico,weighted_mean,Water & Klimaat
BU00900501,0.12089072159838055,Water_En_Klimaatrisico,weighted_mean,Water & Klimaat
BU00900502,-0.42048949193946633,Water_En_Klimaatrisico,weighted_mean,Water & Klimaat
WK009006,-0.23750804860180147,Water_En_Klimaatrisico,weighted_mean,Water & Klimaat
BU00900601,-0.9177862995549003,Water_En_Klimaatrisico,weighted_mean,Water & Klimaat
BU00900602,-1.101187884121582,Water_En_Klimaatrisico,weighted_mean,Water & Klimaat
BU00900603,-0.3255835151664977,Water_En_Klimaatrisico,weighted_mean,Water & Klimaat
WK009007,-0.2402695886242473,Water_En_Klimaatrisico,weighted_mean,Water & Klimaat
BU00900701,-0.48868457245628993,Water_En_Klimaatrisico,weighted_mean,Water & Klimaat
BU00900702,-0.5720180051919362,Water_En_Klimaatrisico,weighted_mean,Water & Klimaat
BU00900703,-0.27103422778045233,Water_En_Klimaatrisico,weighted_mean,Water & Klimaat
BU00900704,-0.21347453713167353,Water_En_Klimaatrisico,weighted_mean,Water & Klimaat
BU00900705,-0.22943409455446565,Water_En_Klimaatrisico,weighted_mean,Water & Klimaat
BU00900706,-0.49341098930140426,Water_En_Klimaatrisico,weighted_mean,Water & Klimaat
WK009008,-0.27905198627257166,Water_En_Klimaatrisico,weighted_mean,Water & Klimaat
BU00900801,-0.3577042822859801,Water_En_Klimaatrisico,weighted_mean,Water & Klimaat
BU00900802,-0.27438125748046066,Water_En_Klimaatrisico,weighted_mean,Water & Klimaat
BU00900803,-0.00980581284175791,Water_En_Klimaatrisico,weighted_mean,Water & Klimaat
WK009009,0.6994013111847668,Water_En_Klimaatrisico,weighted_mean,Water & Klimaat
BU00900901,-0.6772259984514526,Water_En_Klimaatrisico,weighted_mean,Water & Klimaat
BU00900902,-0.556958555111773,Water_En_Klimaatrisico,weighted_mean,Water & Klimaat
BU00900903,-0.9863569873633834,Water_En_Klimaatrisico,weighted_mean,Water & Klimaat
BU00900904,-0.6529367086662545,Water_En_Klimaatrisico,weighted_mean,Water & Klimaat
WK009010,-0.19132979111198137,Water_En_Klimaatrisico,weighted_mean,Water & Klimaat
BU00901001,0.11962522338885223,Water_En_Klimaatrisico,weighted_mean,Water & Klimaat
BU00901002,-0.1919757632125414,Water_En_Klimaatrisico,weighted_mean,Water & Klimaat
BU00901003,-0.6027622107750525,Water_En_Klimaatrisico,weighted_mean,Water & Klimaat
BU00901004,-0.26118945737357757,Water_En_Klimaatrisico,weighted_mean,Water & Klimaat
WK009011,-0.026173357279341794,Water_En_Klimaatrisico,weighted_mean,Water & Klimaat
BU00901101,-0.3170756825913823,Water_En_Klimaatrisico,weighted_mean,Water & Klimaat
WK009012,-0.398838673909397,Water_En_Klimaatrisico,weighted_mean,Water & Klimaat
BU00901201,-0.0032721091107700967,Water_En_Klimaatrisico,weighted_mean,Water & Klimaat
BU00901202,-0.29155348246657703,Water_En_Klimaatrisico,weighted_mean,Water & Klimaat
WK009013,-0.26776791190467036,Water_En_Klimaatrisico,weighted_mean,Water & Klimaat
BU00901301,-0.3140083240381947,Water_En_Klimaatrisico,weighted_mean,Water & Klimaat
BU00901302,-0.3775914991142637,Water_En_Klimaatrisico,weighted_mean,Water & Klimaat
BU00901303,0.17219889127688495,Water_En_Klimaatrisico,weighted_mean,Water & Klimaat
WK009021,-0.25076899929715024,Water_En_Klimaatrisico,weighted_mean,Water & Klimaat
BU00902104,-0.5876377586003346,Water_En_Klimaatrisico,weighted_mean,Water & Klimaat
BU00902105,-0.37030536780521994,Water_En_Klimaatrisico,weighted_mean,Water & Klimaat
BU00902109,-0.7666219631086116,Water_En_Klimaatrisico,weighted_mean,Water & Klimaat
BU00902110,-0.5811840420564477,Water_En_Klimaatrisico,weighted_mean,Water & Klimaat
BU00902114,-0.8143898863765967,Water_En_Klimaatrisico,weighted_mean,Water & Klimaat
WK009022,-0.3889162921304124,Water_En_Klimaatrisico,weighted_mean,Water & Klimaat
BU00902201,-0.8502212142274317,Water_En_Klimaatrisico,weighted_mean,Water & Klimaat
BU00902202,-0.6308046662906116,Water_En_Klimaatrisico,weighted_mean,Water & Klimaat
BU00902203,0.4279562418388147,Water_En_Klimaatrisico,weighted_mean,Water & Klimaat
BU00902206,-0.6339706461668454,Water_En_Klimaatrisico,weighted_mean,Water & Klimaat
BU00902212,-0.8348981051267546,Water_En_Klimaatrisico,weighted_mean,Water & Klimaat
BU00902213,-0.5542075144007242,Water_En_Klimaatrisico,weighted_mean,Water & Klimaat
BU00902215,-0.4509842094911426,Water_En_Klimaatrisico,weighted_mean,Water & Klimaat
BU00902216,-0.5092940534190692,Water_En_Klimaatrisico,weighted_mean,Water & Klimaat
WK009023,-0.3278691439409834,Water_En_Klimaatrisico,weighted_mean,Water & Klimaat
BU00902307,-0.3124898597134913,Water_En_Klimaatrisico,weighted_mean,Water & Klimaat
BU00902308,-0.07562150599424965,Water_En_Klimaatrisico,weighted_mean,Water & Klimaat
BU00902311,-0.5631808039580817,Water_En_Klimaatrisico,weighted_mean,Water & Klimaat
GM1900,-0.2082318335370433,Water_En_Klimaatrisico,weighted_mean,Water & Klimaat
WK190000,-0.2082318335370434,Water_En_Klimaatrisico,weighted_mean,Water & Klimaat
BU19000000,1.6218094141502437,Water_En_Klimaatrisico,weighted_mean,Water & Klimaat
BU19000001,-0.061810974092732944,Water_En_Klimaatrisico,weighted_mean,Water & Klimaat
BU19000002,-0.12977115620235313,Water_En_Klimaatrisico,weighted_mean,Water & Klimaat
BU19000003,0.2653362069761879,Water_En_Klimaatrisico,weighted_mean,Water & Klimaat
BU19000004,-0.2287746428761038,Water_En_Klimaatrisico,weighted_mean,Water & Klimaat
BU19000009,0.11836247400522754,Water_En_Klimaatrisico,weighted_mean,Water & Klimaat
WK190001,-0.2082318335370434,Water_En_Klimaatrisico,weighted_mean,Water & Klimaat
BU19000101,2.3159191870277755,Water_En_Klimaatrisico,weighted_mean,Water & Klimaat
BU19000102,0.11462724436593158,Water_En_Klimaatrisico,weighted_mean,Water & Klimaat
BU19000103,-0.1748623383735997,Water_En_Klimaatrisico,weighted_mean,Water & Klimaat
BU19000104,0.013302295346224763,Water_En_Klimaatrisico,weighted_mean,Water & Klimaat
BU19000105,-0.2364543864488765,Water_En_Klimaatrisico,weighted_mean,Water & Klimaat
BU19000106,0.43961288877359217,Water_En_Klimaatrisico,weighted_mean,Water & Klimaat
BU19000107,-0.46903497696686103,Water_En_Klimaatrisico,weighted_mean,Water & Klimaat
BU19000108,-0.04335159541993813,Water_En_Klimaatrisico,weighted_mean,Water & Klimaat
BU19000109,-0.20809336707287707,Water_En_Klimaatrisico,weighted_mean,Water & Klimaat
BU19000110,-0.45171654271265016,Water_En_Klimaatrisico,weighted_mean,Water & Klimaat
BU19000111,-0.24902569953591644,Water_En_Klimaatrisico,weighted_mean,Water & Klimaat
BU19000112,-0.08663432818835201,Water_En_Klimaatrisico,weighted_mean,Water & Klimaat
BU19000113,0.15964489611809904,Water_En_Klimaatrisico,weighted_mean,Water & Klimaat
BU19000114,-0.2172204789404667,Water_En_Klimaatrisico,weighted_mean,Water & Klimaat
BU19000115,-0.4931634837748101,Water_En_Klimaatrisico,weighted_mean,Water & Klimaat
BU19000116,-0.44871274428185426,Water_En_Klimaatrisico,weighted_mean,Water & Klimaat
BU19000117,-0.35789737687972284,Water_En_Klimaatrisico,weighted_mean,Water & Klimaat
BU19000118,-0.044728466755417674,Water_En_Klimaatrisico,weighted_mean,Water & Klimaat
BU19000119,-0.35192109494443885,Water_En_Klimaatrisico,weighted_mean,Water & Klimaat
BU19000120,-0.05679209032870691,Water_En_Klimaatrisico,weighted_mean,Water & Klimaat
WK190002,-0.2919712952258662,Water_En_Klimaatrisico,weighted_mean,Water & Klimaat
BU19000200,0.12243227156408365,Water_En_Klimaatrisico,weighted_mean,Water & Klimaat
BU19000201,0.9178595164553754,Water_En_Klimaatrisico,weighted_mean,Water & Klimaat
BU19000202,0.26267965115438335,Water_En_Klimaatrisico,weighted_mean,Water & Klimaat
BU19000208,-0.19759423665294115,Water_En_Klimaatrisico,weighted_mean,Water & Klimaat
BU19000209,-0.18513664399595983,Water_En_Klimaatrisico,weighted_mean,Water & Klimaat
WK190003,-0.28101776227237346,Water_En_Klimaatrisico,weighted_mean,Water & Klimaat
BU19000300,0.8820425684456311,Water_En_Klimaatrisico,weighted_mean,Water & Klimaat
BU19000301,0.16710347062183922,Water_En_Klimaatrisico,weighted_mean,Water & Klimaat
BU19000302,0.09336553159593333,Water_En_Klimaatrisico,weighted_mean,Water & Klimaat
BU19000308,-0.31798753984327227,Water_En_Klimaatrisico,weighted_mean,Water & Klimaat
BU19000309,-0.2523838898298236,Water_En_Klimaatrisico,weighted_mean,Water & Klimaat
WK190004,-0.09936127774788989,Water_En_Klimaatrisico,weighted_mean,Water & Klimaat
BU19000400,0.9332708138011114,Water_En_Klimaatrisico,weighted_mean,Water & Klimaat
BU19000401,0.02118077536171646,Water_En_Klimaatrisico,weighted_mean,Water & Klimaat
BU19000402,-0.18715374878957614,Water_En_Klimaatrisico,weighted_mean,Water & Klimaat
BU19000403,0.033946568464373425,Water_En_Klimaatrisico,weighted_mean,Water & Klimaat
BU19000408,0.06549516173321761,Water_En_Klimaatrisico,weighted_mean,Water & Klimaat
BU19000409,-0.5859911262197972,Water_En_Klimaatrisico,weighted_mean,Water & Klimaat
WK190005,-0.0050572481917916245,Water_En_Klimaatrisico,weighted_mean,Water & Klimaat
BU19000500,1.9413447859998891,Water_En_Klimaatrisico,weighted_mean,Water & Klimaat
BU19000501,-0.26409945828521847,Water_En_Klimaatrisico,weighted_mean,Water & Klimaat
BU19000502,-0.41931359025243164,Water_En_Klimaatrisico,weighted_mean,Water & Klimaat
BU19000503,-0.01487818071255989,Water_En_Klimaatrisico,weighted_mean,Water & Klimaat
WK190006,-0.3889162921304125,Water_En_Klimaatrisico,weighted_mean,Water & Klimaat
BU19000600,-0.07416313125674487,Water_En_Klimaatrisico,weighted_mean,Water & Klimaat
BU19000602,-0.22885680251761076,Water_En_Klimaatrisico,weighted_mean,Water & Klimaat
BU19000603,-0.04692757118932675,Water_En_Klimaatrisico,weighted_mean,Water & Klimaat
BU19000607,-0.20678458493387314,Water_En_Klimaatrisico,weighted_mean,Water & Klimaat
BU19000608,-0.3255568485368662,Water_En_Klimaatrisico,weighted_mean,Water & Klimaat
BU19000609,0.105363898996229,Water_En_Klimaatrisico,weighted_mean,Water & Klimaat
WK190007,-0.21625085087011336,Water_En_Klimaatrisico,weighted_mean,Water & Klimaat
BU19000700,-0.3180800476591596,Water_En_Klimaatrisico,weighted_mean,Water & Klimaat
BU19000701,-0.08002533776786538,Water_En_Klimaatrisico,weighted_mean,Water & Klimaat
BU19000702,-0.28499763910007403,Water_En_Klimaatrisico,weighted_mean,Water & Klimaat
BU19000706,-0.02734301868148263,Water_En_Klimaatrisico,weighted_mean,Water & Klimaat
BU19000707,-0.03339813355761989,Water_En_Klimaatrisico,weighted_mean,Water & Klimaat
BU19000708,0.4615278237232042,Water_En_Klimaatrisico,weighted_mean,Water & Klimaat
WK190008,-0.48584276787550623,Water_En_Klimaatrisico,weighted_mean,Water & Klimaat
BU19000800,-0.40312286127461,Water_En_Klimaatrisico,weighted_mean,Water & Klimaat
BU19000801,-0.13806856094391357,Water_En_Klimaatrisico,weighted_mean,Water & Klimaat
BU19000802,-0.20563463243051713,Water_En_Klimaatrisico,weighted_mean,Water & Klimaat
BU19000804,0.6305501467055369,Water_En_Klimaatrisico,weighted_mean,Water & Klimaat
BU19000808,-0.003065392257085686,Water_En_Klimaatrisico,weighted_mean,Water & Klimaat
BU19000809,-0.07644776620326489,Water_En_Klimaatrisico,weighted_mean,Water & Klimaat
WK190009,-0.3174076203294527,Water_En_Klimaatrisico,weighted_mean,Water & Klimaat
BU19000900,0.14961394236688005,Water_En_Klimaatrisico,weighted_mean,Water & Klimaat
BU19000901,-0.2208574697314467,Water_En_Klimaatrisico,weighted_mean,Water & Klimaat
BU19000902,0.20583228862200592,Water_En_Klimaatrisico,weighted_mean,Water & Klimaat
BU19000903,0.0324632618663416,Water_En_Klimaatrisico,weighted_mean,Water & Klimaat
BU19000904,-0.11953861353259018,Water_En_Klimaatrisico,weighted_mean,Water & Klimaat
BU19000905,-0.47413267439728146,Water_En_Klimaatrisico,weighted_mean,Water & Klimaat
BU19000906,0.0035080967012734166,Water_En_Klimaatrisico,weighted_mean,Water & Klimaat
BU19000907,0.2084704448792876,Water_En_Klimaatrisico,weighted_mean,Water & Klimaat
BU19000908,-0.1811585410192425,Water_En_Klimaatrisico,weighted_mean,Water & Klimaat
BU19000909,0.13340228270585472,Water_En_Klimaatrisico,weighted_mean,Water & Klimaat
WK190010,-0.08854588274790631,Water_En_Klimaatrisico,weighted_mean,Water & Klimaat
BU19001000,0.11509494706837252,Water_En_Klimaatrisico,weighted_mean,Water & Klimaat
BU19001001,0.10249003612313426,Water_En_Klimaatrisico,weighted_mean,Water & Klimaat
BU19001002,-0.0745307879230849,Water_En_Klimaatrisico,weighted_mean,Water & Klimaat
BU19001003,0.07381576413643773,Water_En_Klimaatrisico,weighted_mean,Water & Klimaat
BU19001007,0.1583454655645753,Water_En_Klimaatrisico,weighted_mean,Water & Klimaat
BU19001008,0.1637409886316113,Water_En_Klimaatrisico,weighted_mean,Water & Klimaat
WK190011,-0.5579954999250154,Water_En_Klimaatrisico,weighted_mean,Water & Klimaat
BU19001100,0.1028709217701436,Water_En_Klimaatrisico,weighted_mean,Water & Klimaat
BU19001101,0.027877415397161813,Water_En_Klimaatrisico,weighted_mean,Water & Klimaat
BU19001108,-0.3814782451595752,Water_En_Klimaatrisico,weighted_mean,Water & Klimaat
BU19001109,-0.29359062601167313,Water_En_Klimaatrisico,weighted_mean,Water & Klimaat
WK190012,-0.05927485639217671,Water_En_Klimaatrisico,weighted_mean,Water & Klimaat
BU19001200,0.421036610968739,Water_En_Klimaatrisico,weighted_mean,Water & Klimaat
BU19001201,0.1186444379989347,Water_En_Klimaatrisico,weighted_mean,Water & Klimaat
BU19001202,-0.09305040916727349,Water_En_Klimaatrisico,weighted_mean,Water & Klimaat
BU19001203,-0.5126756461141295,Water_En_Klimaatrisico,weighted_mean,Water & Klimaat
BU19001204,-0.6382537631992821,Water_En_Klimaatrisico,weighted_mean,Water & Klimaat
BU19001208,-0.33561307817293956,Water_En_Klimaatrisico,weighted_mean,Water & Klimaat
BU19001209,-0.17900641548199586,Water_En_Klimaatrisico,weighted_mean,Water & Klimaat
WK190013,-0.3866419569361097,Water_En_Klimaatrisico,weighted_mean,Water & Klimaat
BU19001300,0.5943817590376915,Water_En_Klimaatrisico,weighted_mean,Water & Klimaat
BU19001301,1.1650980554349906,Water_En_Klimaatrisico,weighted_mean,Water & Klimaat
BU19001302,0.9816588848963157,Water_En_Klimaatrisico,weighted_mean,Water & Klimaat
BU19001303,0.8902857555014269,Water_En_Klimaatrisico,weighted_mean,Water & Klimaat
BU19001306,0.5074333087772127,Water_En_Klimaatrisico,weighted_mean,Water & Klimaat
BU19001307,0.8067884279279021,Water_En_Klimaatrisico,weighted_mean,Water & Klimaat
BU19001308,0.6040430391045704,Water_En_Klimaatrisico,weighted_mean,Water & Klimaat
BU19001309,0.7770871877712019,Water_En_Klimaatrisico,weighted_mean,Water & Klimaat
WK190014,-0.2147685657609525,Water_En_Klimaatrisico,weighted_mean,Water & Klimaat
BU19001400,0.3075105354598302,Water_En_Klimaatrisico,weighted_mean,Water & Klimaat
BU19001401,0.35536503628708493,Water_En_Klimaatrisico,weighted_mean,Water & Klimaat
BU19001402,0.5160418840026724,Water_En_Klimaatrisico,weighted_mean,Water & Klimaat
BU19001403,0.2954226311126199,Water_En_Klimaatrisico,weighted_mean,Water & Klimaat
BU19001404,0.27591424741839743,Water_En_Klimaatrisico,weighted_mean,Water & Klimaat
BU19001405,0.6041872983390686,Water_En_Klimaatrisico,weighted_mean,Water & Klimaat
BU19001406,0.5706626440799056,Water_En_Klimaatrisico,weighted_mean,Water & Klimaat
BU19001407,0.5051963797273462,Water_En_Klimaatrisico,weighted_mean,Water & Klimaat
BU19001408,0.6134480542805709,Water_En_Klimaatrisico,weighted_mean,Water & Klimaat
BU19001409,0.6507211724836321,Water_En_Klimaatrisico,weighted_mean,Water & Klimaat
WK190015,-0.4667388014240197,Water_En_Klimaatrisico,weighted_mean,Water & Klimaat
BU19001500,0.3204325375456365,Water_En_Klimaatrisico,weighted_mean,Water & Klimaat
BU19001501,0.38059254013483645,Water_En_Klimaatrisico,weighted_mean,Water & Klimaat
BU19001502,0.1064829468108768,Water_En_Klimaatrisico,weighted_mean,Water & Klimaat
BU19001503,-0.15178273270532627,Water_En_Klimaatrisico,weighted_mean,Water & Klimaat
BU19001509,0.2034534346147896,Water_En_Klimaatrisico,weighted_mean,Water & Klimaat
WK190016,-0.2576343683338764,Water_En_Klimaatrisico,weighted_mean,Water & Klimaat
BU19001600,0.13902060643592057,Water_En_Klimaatrisico,weighted_mean,Water & Klimaat
BU19001601,0.9807580207051175,Water_En_Klimaatrisico,weighted_mean,Water & Klimaat
BU19001602,0.49083957745610723,Water_En_Klimaatrisico,weighted_mean,Water & Klimaat
BU19001603,0.32756723139530536,Water_En_Klimaatrisico,weighted_mean,Water & Klimaat
BU19001604,-0.024134347184558508,Water_En_Klimaatrisico,weighted_mean,Water & Klimaat
BU19001606,-0.43362742685732114,Water_En_Klimaatrisico,weighted_mean,Water & Klimaat
BU19001607,0.5974005007162926,Water_En_Klimaatrisico,weighted_mean,Water & Klimaat
BU19001608,-0.08683454016433054,Water_En_Klimaatrisico,weighted_mean,Water & Klimaat
WK190017,-0.00505724819179168,Water_En_Klimaatrisico,weighted_mean,Water & Klimaat
BU19001700,-0.11406349419665701,Water_En_Klimaatrisico,weighted_mean,Water & Klimaat
BU19001709,-0.038979215597851266,Water_En_Klimaatrisico,weighted_mean,Water & Klimaat
WK190018,-0.1946517466210848,Water_En_Klimaatrisico,weighted_mean,Water & Klimaat
BU19001800,-0.31530228766825946,Water_En_Klimaatrisico,weighted_mean,Water & Klimaat
BU19001801,0.04737101918213208,Water_En_Klimaatrisico,weighted_mean,Water & Klimaat
BU19001802,0.24172100371054306,Water_En_Klimaatrisico,weighted_mean,Water & Klimaat
BU19001803,-0.4921576279130061,Water_En_Klimaatrisico,weighted_mean,Water & Klimaat
BU19001804,0.31278013135028004,Water_En_Klimaatrisico,weighted_mean,Water & Klimaat
BU19001808,0.3210343145643495,Water_En_Klimaatrisico,weighted_mean,Water & Klimaat
BU19001809,-0.34161344481637745,Water_En_Klimaatrisico,weighted_mean,Water & Klimaat
WK190019,-0.38024202350230146,Water_En_Klimaatrisico,weighted_mean,Water & Klimaat
BU19001900,-0.18074327078219787,Water_En_Klimaatrisico,weighted_mean,Water & Klimaat
BU19001901,0.30938312367754667,Water_En_Klimaatrisico,weighted_mean,Water & Klimaat
BU19001902,-0.16373497280941432,Water_En_Klimaatrisico,weighted_mean,Water & Klimaat
BU19001903,-0.2270642668762293,Water_En_Klimaatrisico,weighted_mean,Water & Klimaat
BU19001904,0.14600910360391123,Water_En_Klimaatrisico,weighted_mean,Water & Klimaat
WK190020,-0.3999156819113938,Water_En_Klimaatrisico,weighted_mean,Water & Klimaat
BU19002001,0.01351736638362821,Water_En_Klimaatrisico,weighted_mean,Water & Klimaat
BU19002002,0.04828505639258593,Water_En_Klimaatrisico,weighted_mean,Water & Klimaat
BU19002003,0.2294595149691671,Water_En_Klimaatrisico,weighted_mean,Water & Klimaat
BU19002004,0.43659300639890114,Water_En_Klimaatrisico,weighted_mean,Water & Klimaat
BU19002005,0.8533559681998694,Water_En_Klimaatrisico,weighted_mean,Water & Klimaat
BU19002006,0.32251262452103496,Water_En_Klimaatrisico,weighted_mean,Water & Klimaat
BU19002007,0.4075103119085399,Water_En_Klimaatrisico,weighted_mean,Water & Klimaat
BU19002008,0.10770524780052677,Water_En_Klimaatrisico,weighted_mean,Water & Klimaat
BU19002009,0.01904399005136609,Water_En_Klimaatrisico,weighted_mean,Water & Klimaat
BU19002010,0.5066041031643225,Water_En_Klimaatrisico,weighted_mean,Water & Klimaat
BU19002011,0.8274816935048394,Water_En_Klimaatrisico,weighted_mean,Water & Klimaat
BU19002012,0.5781258002836167,Water_En_Klimaatrisico,weighted_mean,Water & Klimaat
BU19002013,0.4653167768852218,Water_En_Klimaatrisico,weighted_mean,Water & Klimaat
BU19002014,1.0854701731757874,Water_En_Klimaatrisico,weighted_mean,Water & Klimaat
BU19002015,0.5164408463644246,Water_En_Klimaatrisico,weighted_mean,Water & Klimaat
BU19002016,0.04772536174669716,Water_En_Klimaatrisico,weighted_mean,Water & Klimaat
BU19002017,0.37424348214037556,Water_En_Klimaatrisico,weighted_mean,Water & Klimaat
BU19002018,0.007608731104209704,Water_En_Klimaatrisico,weighted_mean,Water & Klimaat
BU19002019,0.5584841028863674,Water_En_Klimaatrisico,weighted_mean,Water & Klimaat
GM0093,0.024803654670965423,Water_En_Klimaatrisico,weighted_mean,Water & Klimaat
WK009300,-0.35490239170791793,Water_En_Klimaatrisico,weighted_mean,Water & Klimaat
BU00930000,-0.49147674792876717,Water_En_Klimaatrisico,weighted_mean,Water & Klimaat
BU00930002,-0.6011121441546992,Water_En_Klimaatrisico,weighted_mean,Water & Klimaat
WK009301,-0.2600303777759633,Water_En_Klimaatrisico,weighted_mean,Water & Klimaat
BU00930110,-0.6637911190760524,Water_En_Klimaatrisico,weighted_mean,Water & Klimaat
BU00930111,-0.4388778867684142,Water_En_Klimaatrisico,weighted_mean,Water & Klimaat
BU00930112,-0.6644725035342063,Water_En_Klimaatrisico,weighted_mean,Water & Klimaat
WK009302,-0.18105959576528366,Water_En_Klimaatrisico,weighted_mean,Water & Klimaat
BU00930213,-0.4197607736714144,Water_En_Klimaatrisico,weighted_mean,Water & Klimaat
BU00930214,-0.4622059220630504,Water_En_Klimaatrisico,weighted_mean,Water & Klimaat
BU00930215,-0.5666252610249636,Water_En_Klimaatrisico,weighted_mean,Water & Klimaat
WK009303,-0.6109892662318779,Water_En_Klimaatrisico,weighted_mean,Water & Klimaat
BU00930316,-0.5191648414481334,Water_En_Klimaatrisico,weighted_mean,Water & Klimaat
BU00930317,-0.7350512144860707,Water_En_Klimaatrisico,weighted_mean,Water & Klimaat
WK009304,-0.337727213942907,Water_En_Klimaatrisico,weighted_mean,Water & Klimaat
BU00930418,-0.6115137505571042,Water_En_Klimaatrisico,weighted_mean,Water & Klimaat
BU00930419,-0.3410775025631494,Water_En_Klimaatrisico,weighted_mean,Water & Klimaat
BU00930420,-0.5646644047773607,Water_En_Klimaatrisico,weighted_mean,Water & Klimaat
WK009305,-0.22428800390384984,Water_En_Klimaatrisico,weighted_mean,Water & Klimaat
BU00930521,-0.48332215728340583,Water_En_Klimaatrisico,weighted_mean,Water & Klimaat
BU00930522,-0.3936268104504633,Water_En_Klimaatrisico,weighted_mean,Water & Klimaat
BU00930523,-0.4128163706708615,Water_En_Klimaatrisico,weighted_mean,Water & Klimaat
GM0737,-0.2082318335370433,Water_En_Klimaatrisico,weighted_mean,Water & Klimaat
WK073700,-0.2082318335370434,Water_En_Klimaatrisico,weighted_mean,Water & Klimaat
BU07370000,-0.05517166085747824,Water_En_Klimaatrisico,weighted_mean,Water & Klimaat
BU07370009,-0.16319917056962696,Water_En_Klimaatrisico,weighted_mean,Water & Klimaat
WK073701,-0.15581179405788437,Water_En_Klimaatrisico,weighted_mean,Water & Klimaat
BU07370100,-0.0796637281112887,Water_En_Klimaatrisico,weighted_mean,Water & Klimaat
BU07370101,-0.25665181809441534,Water_En_Klimaatrisico,weighted_mean,Water & Klimaat
BU07370102,-0.07587927116402299,Water_En_Klimaatrisico,weighted_mean,Water & Klimaat
BU07370108,-0.2073615735840401,Water_En_Klimaatrisico,weighted_mean,Water & Klimaat
BU07370109,-0.27939945069925726,Water_En_Klimaatrisico,weighted_mean,Water & Klimaat
WK073702,-0.15581179405788453,Water_En_Klimaatrisico,weighted_mean,Water & Klimaat
BU07370200,-0.2433827516979738,Water_En_Klimaatrisico,weighted_mean,Water & Klimaat
BU07370201,-0.262819219765011,Water_En_Klimaatrisico,weighted_mean,Water & Klimaat
BU07370208,-0.587253155066654,Water_En_Klimaatrisico,weighted_mean,Water & Klimaat
BU07370209,-0.4630219654831965,Water_En_Klimaatrisico,weighted_mean,Water & Klimaat
WK073703,-0.5472996553694238,Water_En_Klimaatrisico,weighted_mean,Water & Klimaat
BU07370300,-0.17666235415860515,Water_En_Klimaatrisico,weighted_mean,Water & Klimaat
BU07370309,-0.442833513022009,Water_En_Klimaatrisico,weighted_mean,Water & Klimaat
WK073704,-0.09936127774788985,Water_En_Klimaatrisico,weighted_mean,Water & Klimaat
BU07370400,-0.44516039518059736,Water_En_Klimaatrisico,weighted_mean,Water & Klimaat
BU07370401,-0.6221891885326418,Water_En_Klimaatrisico,weighted_mean,Water & Klimaat
BU07370408,-0.6585122304398816,Water_En_Klimaatrisico,weighted_mean,Water & Klimaat
BU07370409,-0.46258141259748525,Water_En_Klimaatrisico,weighted_mean,Water & Klimaat
WK073705,-0.14114131690860654,Water_En_Klimaatrisico,weighted_mean,Water & Klimaat
BU07370500,-0.3139957076974912,Water_En_Klimaatrisico,weighted_mean,Water & Klimaat
BU07370501,-0.43404345967801317,Water_En_Klimaatrisico,weighted_mean,Water & Klimaat
BU07370508,-0.4711656610611672,Water_En_Klimaatrisico,weighted_mean,Water & Klimaat
BU07370509,-0.5761452097637122,Water_En_Klimaatrisico,weighted_mean,Water & Klimaat
WK073706,-0.20065901014191934,Water_En_Klimaatrisico,weighted_mean,Water & Klimaat
BU07370600,0.06456087254216775,Water_En_Klimaatrisico,weighted_mean,Water & Klimaat
BU07370609,-0.6062396892284602,Water_En_Klimaatrisico,weighted_mean,Water & Klimaat
WK073707,-0.354902391707918,Water_En_Klimaatrisico,weighted_mean,Water & Klimaat
BU07370700,-0.5603693925648068,Water_En_Klimaatrisico,weighted_mean,Water & Klimaat
BU07370701,-0.08875415744416375,Water_En_Klimaatrisico,weighted_mean,Water & Klimaat
BU07370708,-0.38935944616608054,Water_En_Klimaatrisico,weighted_mean,Water & Klimaat
BU07370709,-0.4631248615722675,Water_En_Klimaatrisico,weighted_mean,Water & Klimaat
WK073708,-0.16975280062660264,Water_En_Klimaatrisico,weighted_mean,Water & Klimaat
BU07370800,0.12348439243428237,Water_En_Klimaatrisico,weighted_mean,Water & Klimaat
BU07370809,-0.349088915513859,Water_En_Klimaatrisico,weighted_mean,Water & Klimaat
WK073709,-0.18452665474745422,Water_En_Klimaatrisico,weighted_mean,Water & Klimaat
BU07370900,-0.2957115889171162,Water_En_Klimaatrisico,weighted_mean,Water & Klimaat
BU07370909,-0.5526689297289924,Water_En_Klimaatrisico,weighted_mean,Water & Klimaat
GM0096,-0.18396626628732898,Water_En_Klimaatrisico,weighted_mean,Water & Klimaat
WK009600,-0.2714282467125111,Water_En_Klimaatrisico,weighted_mean,Water & Klimaat
BU00960000,-0.5755901236680204,Water_En_Klimaatrisico,weighted_mean,Water & Klimaat
BU00960009,-0.4194395080524719,Water_En_Klimaatrisico,weighted_mean,Water & Klimaat
GM1949,-0.2082318335370433,Water_En_Klimaatrisico,weighted_mean,Water & Klimaat
WK194915,-0.4694142799695333,Water_En_Klimaatrisico,weighted_mean,Water & Klimaat
BU19491500,0.24923159476521972,Water_En_Klimaatrisico,weighted_mean,Water & Klimaat
BU19491501,0.3442604651678259,Water_En_Klimaatrisico,weighted_mean,Water & Klimaat
WK194916,-0.22157758200786026,Water_En_Klimaatrisico,weighted_mean,Water & Klimaat
BU19491600,0.4359603122047265,Water_En_Klimaatrisico,weighted_mean,Water & Klimaat
BU19491601,-0.034304304677591185,Water_En_Klimaatrisico,weighted_mean,Water & Klimaat
BU19491602,-0.10495355402909944,Water_En_Klimaatrisico,weighted_mean,Water & Klimaat
BU19491603,0.3836421547394143,Water_En_Klimaatrisico,weighted_mean,Water & Klimaat
BU19491604,0.22772668357339618,Water_En_Klimaatrisico,weighted_mean,Water & Klimaat
BU19491605,0.13515623421552286,Water_En_Klimaatrisico,weighted_mean,Water & Klimaat
BU19491606,0.12839232021444152,Water_En_Klimaatrisico,weighted_mean,Water & Klimaat
WK194917,0.4329070762181523,Water_En_Klimaatrisico,weighted_mean,Water & Klimaat
BU19491700,0.8453415050666608,Water_En_Klimaatrisico,weighted_mean,Water & Klimaat
WK194918,-0.06931079330990972,Water_En_Klimaatrisico,weighted_mean,Water & Klimaat
BU19491800,0.2612740929482452,Water_En_Klimaatrisico,weighted_mean,Water & Klimaat
BU19491801,0.33636954367661326,Water_En_Klimaatrisico,weighted_mean,Water & Klimaat
BU19491802,0.17304087100985388,Water_En_Klimaatrisico,weighted_mean,Water & Klimaat
BU19491803,0.2200094783067642,Water_En_Klimaatrisico,weighted_mean,Water & Klimaat
BU19491804,0.48383513984193216,Water_En_Klimaatrisico,weighted_mean,Water & Klimaat
WK194919,-0.109693807014365,Water_En_Klimaatrisico,weighted_mean,Water & Klimaat
BU19491900,0.29893096786023415,Water_En_Klimaatrisico,weighted_mean,Water & Klimaat
BU19491901,0.4138561270336155,Water_En_Klimaatrisico,weighted_mean,Water & Klimaat
WK194920,-0.424470865483638,Water_En_Klimaatrisico,weighted_mean,Water & Klimaat
BU19492000,0.47142238384234736,Water_En_Klimaatrisico,weighted_mean,Water & Klimaat
BU19492001,0.27133630216766613,Water_En_Klimaatrisico,weighted_mean,Water & Klimaat
WK194921,0.3323794536083806,Water_En_Klimaatrisico,weighted_mean,Water & Klimaat
BU19492100,0.5556893502188976,Water_En_Klimaatrisico,weighted_mean,Water & Klimaat
WK194922,0.12724670394773668,Water_En_Klimaatrisico,weighted_mean,Water & Klimaat
BU19492200,0.1950441864953409,Water_En_Klimaatrisico,weighted_mean,Water & Klimaat
WK194923,-0.4113722220421494,Water_En_Klimaatrisico,weighted_mean,Water & Klimaat
BU19492300,0.28178158859717894,Water_En_Klimaatrisico,weighted_mean,Water & Klimaat
BU19492301,-0.14540322358879912,Water_En_Klimaatrisico,weighted_mean,Water & Klimaat
WK194924,-0.12408279645077444,Water_En_Klimaatrisico,weighted_mean,Water & Klimaat
BU19492400,0.24869493025456385,Water_En_Klimaatrisico,weighted_mean,Water & Klimaat
BU19492401,-0.10309022779387773,Water_En_Klimaatrisico,weighted_mean,Water & Klimaat
WK194925,-0.12504982229021855,Water_En_Klimaatrisico,weighted_mean,Water & Klimaat
BU19492500,0.6418375427504683,Water_En_Klimaatrisico,weighted_mean,Water & Klimaat
BU19492501,0.25285962028674747,Water_En_Klimaatrisico,weighted_mean,Water & Klimaat
WK194926,-0.3022005085127454,Water_En_Klimaatrisico,weighted_mean,Water & Klimaat
BU19492600,0.5825846701425198,Water_En_Klimaatrisico,weighted_mean,Water & Klimaat
BU19492601,0.1614387556493196,Water_En_Klimaatrisico,weighted_mean,Water & Klimaat
BU19492602,0.2867913605828176,Water_En_Klimaatrisico,weighted_mean,Water & Klimaat
BU19492603,0.24798216187026745,Water_En_Klimaatrisico,weighted_mean,Water & Klimaat
BU19492604,0.18622812896065688,Water_En_Klimaatrisico,weighted_mean,Water & Klimaat
WK194927,0.4625640729325461,Water_En_Klimaatrisico,weighted_mean,Water & Klimaat
BU19492700,0.6498637436580762,Water_En_Klimaatrisico,weighted_mean,Water & Klimaat
WK194928,-0.2082318335370434,Water_En_Klimaatrisico,weighted_mean,Water & Klimaat
BU19492800,0.27421161009655237,Water_En_Klimaatrisico,weighted_mean,Water & Klimaat
BU19492801,-0.10578710595201404,Water_En_Klimaatrisico,weighted_mean,Water & Klimaat
BU19492802,1.0537335101324574,Water_En_Klimaatrisico,weighted_mean,Water & Klimaat
BU19492803,0.4229056765439109,Water_En_Klimaatrisico,weighted_mean,Water & Klimaat
BU19492804,0.006986600211805527,Water_En_Klimaatrisico,weighted_mean,Water & Klimaat
BU19492805,0.05439908286465372,Water_En_Klimaatrisico,weighted_mean,Water & Klimaat
BU19492806,0.575371597862248,Water_En_Klimaatrisico,weighted_mean,Water & Klimaat
BU19492807,0.31888710283662436,Water_En_Klimaatrisico,weighted_mean,Water & Klimaat
BU19492808,0.30820646669381413,Water_En_Klimaatrisico,weighted_mean,Water & Klimaat
BU19492809,0.10816421546848845,Water_En_Klimaatrisico,weighted_mean,Water & Klimaat
BU19492810,0.08308128657966493,Water_En_Klimaatrisico,weighted_mean,Water & Klimaat
BU19492811,0.07163621291064606,Water_En_Klimaatrisico,weighted_mean,Water & Klimaat
BU19492812,0.3347587135192984,Water_En_Klimaatrisico,weighted_mean,Water & Klimaat
BU19492813,0.26157308989482175,Water_En_Klimaatrisico,weighted_mean,Water & Klimaat
BU19492814,0.3506477933089066,Water_En_Klimaatrisico,weighted_mean,Water & Klimaat
BU19492815,0.4045554669386712,Water_En_Klimaatrisico,weighted_mean,Water & Klimaat
BU19492816,0.7653426015999181,Water_En_Klimaatrisico,weighted_mean,Water & Klimaat
BU19492817,0.7704617855657139,Water_En_Klimaatrisico,weighted_mean,Water & Klimaat
WK194929,-0.07932544070322939,Water_En_Klimaatrisico,weighted_mean,Water & Klimaat
BU19492900,-0.16752781494657404,Water_En_Klimaatrisico,weighted_mean,Water & Klimaat
WK194930,0.29166259403871364,Water_En_Klimaatrisico,weighted_mean,Water & Klimaat
BU19493000,0.12411355062256473,Water_En_Klimaatrisico,weighted_mean,Water & Klimaat
WK194931,-0.3971488232774393,Water_En_Klimaatrisico,weighted_mean,Water & Klimaat
BU19493100,0.2455014195721154,Water_En_Klimaatrisico,weighted_mean,Water & Klimaat
BU19493101,0.5014347794009861,Water_En_Klimaatrisico,weighted_mean,Water & Klimaat
WK194932,-0.06501110714696715,Water_En_Klimaatrisico,weighted_mean,Water & Klimaat
BU19493200,0.6627245913291566,Water_En_Klimaatrisico,weighted_mean,Water & Klimaat
BU19493201,0.5175548916323003,Water_En_Klimaatrisico,weighted_mean,Water & Klimaat
BU19493202,0.2169150932136439,Water_En_Klimaatrisico,weighted_mean,Water & Klimaat
WK194933,0.28611495920415675,Water_En_Klimaatrisico,weighted_mean,Water & Klimaat
BU19493300,0.21765672590293966,Water_En_Klimaatrisico,weighted_mean,Water & Klimaat
WK194934,-0.4853792003115634,Water_En_Klimaatrisico,weighted_mean,Water & Klimaat
BU19493400,0.551577084227182,Water_En_Klimaatrisico,weighted_mean,Water & Klimaat
BU19493401,0.702277620891315,Water_En_Klimaatrisico,weighted_mean,Water & Klimaat
WK194935,-0.13383077766917972,Water_En_Klimaatrisico,weighted_mean,Water & Klimaat
BU19493500,0.5372105607441436,Water_En_Klimaatrisico,weighted_mean,Water & Klimaat
BU19493501,0.3553488218267868,Water_En_Klimaatrisico,weighted_mean,Water & Klimaat
BU19493502,0.16148039778200196,Water_En_Klimaatrisico,weighted_mean,Water & Klimaat
BU19493503,0.16512600122967985,Water_En_Klimaatrisico,weighted_mean,Water & Klimaat
WK194936,-0.21265020325044004,Water_En_Klimaatrisico,weighted_mean,Water & Klimaat
BU19493600,0.6396168718515027,Water_En_Klimaatrisico,weighted_mean,Water & Klimaat
BU19493601,0.7516494726973673,Water_En_Klimaatrisico,weighted_mean,Water & Klimaat
BU19493602,0.5961746320407462,Water_En_Klimaatrisico,weighted_mean,Water & Klimaat
BU19493603,0.28921933446788683,Water_En_Klimaatrisico,weighted_mean,Water & Klimaat
WK194937,0.04126423759434094,Water_En_Klimaatrisico,weighted_mean,Water & Klimaat
BU19493700,0.21336170017793793,Water_En_Klimaatrisico,weighted_mean,Water & Klimaat
WK194938,-0.3929137557683052,Water_En_Klimaatrisico,weighted_mean,Water & Klimaat
BU19493800,0.21239452827496,Water_En_Klimaatrisico,weighted_mean,Water & Klimaat
BU19493801,0.8627936822913015,Water_En_Klimaatrisico,weighted_mean,Water & Klimaat
WK194939,-0.1225291857340422,Water_En_Klimaatrisico,weighted_mean,Water & Klimaat
BU19493900,0.12297502739345403,Water_En_Klimaatrisico,weighted_mean,Water & Klimaat
BU19493901,0.28536362637289714,Water_En_Klimaatrisico,weighted_mean,Water & Klimaat
WK194940,0.23150495642673835,Water_En_Klimaatrisico,weighted_mean,Water & Klimaat
BU19494000,0.30704151842491134,Water_En_Klimaatrisico,weighted_mean,Water & Klimaat
WK194941,0.4579098100122142,Water_En_Klimaatrisico,weighted_mean,Water & Klimaat
BU19494100,0.31391061454953084,Water_En_Klimaatrisico,weighted_mean,Water & Klimaat
WK194942,-0.19628072940185204,Water_En_Klimaatrisico,weighted_mean,Water & Klimaat
BU19494200,0.6913640879186842,Water_En_Klimaatrisico,weighted_mean,Water & Klimaat
BU19494201,0.6559181537011274,Water_En_Klimaatrisico,weighted_mean,Water & Klimaat
WK194943,0.5235423079187087,Water_En_Klimaatrisico,weighted_mean,Water & Klimaat
BU19494300,0.5589274598918869,Water_En_Klimaatrisico,weighted_mean,Water & Klimaat
WK194944,-0.21265020325044004,Water_En_Klimaatrisico,weighted_mean,Water & Klimaat
BU19494400,0.533624860470457,Water_En_Klimaatrisico,weighted_mean,Water & Klimaat
BU19494401,0.5589798638041843,Water_En_Klimaatrisico,weighted_mean,Water & Klimaat
BU19494402,0.33121325533799284,Water_En_Klimaatrisico,weighted_mean,Water & Klimaat
BU19494403,0.9328818346400167,Water_En_Klimaatrisico,weighted_mean,Water & Klimaat
WK194945,0.5526200830047466,Water_En_Klimaatrisico,weighted_mean,Water & Klimaat
BU19494500,0.37770064702966377,Water_En_Klimaatrisico,weighted_mean,Water & Klimaat
WK194946,0.37810851541374746,Water_En_Klimaatrisico,weighted_mean,Water & Klimaat
BU19494600,0.351731542069821,Water_En_Klimaatrisico,weighted_mean,Water & Klimaat
WK194947,0.15591981304681718,Water_En_Klimaatrisico,weighted_mean,Water & Klimaat
BU19494700,1.2148430568788227,Water_En_Klimaatrisico,weighted_mean,Water & Klimaat
BU19494701,0.631203350046313,Water_En_Klimaatrisico,weighted_mean,Water & Klimaat
WK194948,-0.20538018033111183,Water_En_Klimaatrisico,weighted_mean,Water & Klimaat
BU19494800,0.33182000047061233,Water_En_Klimaatrisico,weighted_mean,Water & Klimaat
BU19494801,0.1722260337084245,Water_En_Klimaatrisico,weighted_mean,Water & Klimaat
WK194949,-0.24495058295342376,Water_En_Klimaatrisico,weighted_mean,Water & Klimaat
BU19494900,0.6207492841299372,Water_En_Klimaatrisico,weighted_mean,Water & Klimaat
BU19494901,0.690442267422166,Water_En_Klimaatrisico,weighted_mean,Water & Klimaat
BU19494902,0.5532072164963981,Water_En_Klimaatrisico,weighted_mean,Water & Klimaat
WK194950,-0.43715446259761853,Water_En_Klimaatrisico,weighted_mean,Water & Klimaat
BU19495000,0.2046869131877209,Water_En_Klimaatrisico,weighted_mean,Water & Klimaat
BU19495001,0.23826608471128294,Water_En_Klimaatrisico,weighted_mean,Water & Klimaat
WK194951,0.23150495642673846,Water_En_Klimaatrisico,weighted_mean,Water & Klimaat
BU19495100,0.8717272915988686,Water_En_Klimaatrisico,weighted_mean,Water & Klimaat
WK194952,0.489599425722378,Water_En_Klimaatrisico,weighted_mean,Water & Klimaat
BU19495200,0.686960428959433,Water_En_Klimaatrisico,weighted_mean,Water & Klimaat
WK194953,-0.5077582743861906,Water_En_Klimaatrisico,weighted_mean,Water & Klimaat
BU19495300,0.17561934265570825,Water_En_Klimaatrisico,weighted_mean,Water & Klimaat
BU19495301,0.25188116011835715,Water_En_Klimaatrisico,weighted_mean,Water & Klimaat
BU19495302,0.4189028791049924,Water_En_Klimaatrisico,weighted_mean,Water & Klimaat
WK194954,-0.418387367546531,Water_En_Klimaatrisico,weighted_mean,Water & Klimaat
BU19495400,0.6021532133322823,Water_En_Klimaatrisico,weighted_mean,Water & Klimaat
BU19495401,0.6418070247150278,Water_En_Klimaatrisico,weighted_mean,Water & Klimaat
WK194955,0.42530094502532434,Water_En_Klimaatrisico,weighted_mean,Water & Klimaat
BU19495500,0.2726293312372622,Water_En_Klimaatrisico,weighted_mean,Water & Klimaat
GM0098,-0.2082318335370434,Water_En_Klimaatrisico,weighted_mean,Water & Klimaat
WK009800,-0.2082318335370434,Water_En_Klimaatrisico,weighted_mean,Water & Klimaat
BU00980001,0.2245892198779474,Water_En_Klimaatrisico,weighted_mean,Water & Klimaat
BU00980002,0.48350512763555253,Water_En_Klimaatrisico,weighted_mean,Water & Klimaat
BU00980003,0.20922383949269024,Water_En_Klimaatrisico,weighted_mean,Water & Klimaat
BU00980004,0.45098692648852834,Water_En_Klimaatrisico,weighted_mean,Water & Klimaat
BU00980005,0.6499691241532485,Water_En_Klimaatrisico,weighted_mean,Water & Klimaat
BU00980006,0.8849693666751488,Water_En_Klimaatrisico,weighted_mean,Water & Klimaat
BU00980007,1.1485274391690177,Water_En_Klimaatrisico,weighted_mean,Water & Klimaat
BU00980008,0.3855378722015833,Water_En_Klimaatrisico,weighted_mean,Water & Klimaat
BU00980009,-0.2288475247148305,Water_En_Klimaatrisico,weighted_mean,Water & Klimaat
BU00980010,0.7785842050028233,Water_En_Klimaatrisico,weighted_mean,Water & Klimaat
BU00980011,0.4128265953531372,Water_En_Klimaatrisico,weighted_mean,Water & Klimaat
BU00980012,0.49586298750740865,Water_En_Klimaatrisico,weighted_mean,Water & Klimaat
BU00980013,0.7035488590231308,Water_En_Klimaatrisico,weighted_mean,Water & Klimaat
BU00980014,0.925552226259246,Water_En_Klimaatrisico,weighted_mean,Water & Klimaat
BU00980015,0.7650360255232711,Water_En_Klimaatrisico,weighted_mean,Water & Klimaat
BU00980016,1.255575713929792,Water_En_Klimaatrisico,weighted_mean,Water & Klimaat
BU00980017,0.8684802493088112,Water_En_Klimaatrisico,weighted_mean,Water & Klimaat
BU00980018,-0.2723469981487236,Water_En_Klimaatrisico,weighted_mean,Water & Klimaat
BU00980019,-0.06910800460262878,Water_En_Klimaatrisico,weighted_mean,Water & Klimaat
BU00980020,-0.30748153436690273,Water_En_Klimaatrisico,weighted_mean,Water & Klimaat
BU00980021,-0.24776703225369218,Water_En_Klimaatrisico,weighted_mean,Water & Klimaat
WK009801,-0.08093874126806322,Water_En_Klimaatrisico,weighted_mean,Water & Klimaat
BU00980101,-0.455785140779399,Water_En_Klimaatrisico,weighted_mean,Water & Klimaat
BU00980102,-0.2809475243841011,Water_En_Klimaatrisico,weighted_mean,Water & Klimaat
BU00980103,0.7070037219334736,Water_En_Klimaatrisico,weighted_mean,Water & Klimaat
BU00980104,-0.11767478608379109,Water_En_Klimaatrisico,weighted_mean,Water & Klimaat
WK009802,0.0500936606634014,Water_En_Klimaatrisico,weighted_mean,Water & Klimaat
BU00980201,-0.3203748708826897,Water_En_Klimaatrisico,weighted_mean,Water & Klimaat
BU00980202,-0.260153433898372,Water_En_Klimaatrisico,weighted_mean,Water & Klimaat
WK009803,-0.4335568054989297,Water_En_Klimaatrisico,weighted_mean,Water & Klimaat
BU00980301,-0.2118756878354133,Water_En_Klimaatrisico,weighted_mean,Water & Klimaat
BU00980302,0.07803630578967151,Water_En_Klimaatrisico,weighted_mean,Water & Klimaat
BU00980303,-0.10867723926988443,Water_En_Klimaatrisico,weighted_mean,Water & Klimaat
BU00980304,-0.37417932151391353,Water_En_Klimaatrisico,weighted_mean,Water & Klimaat
BU00980305,-0.2814377513561517,Water_En_Klimaatrisico,weighted_mean,Water & Klimaat
WK009804,-0.4205151948897773,Water_En_Klimaatrisico,weighted_mean,Water & Klimaat
BU00980401,-0.6460939164040312,Water_En_Klimaatrisico,weighted_mean,Water & Klimaat
BU00980402,-0.2525229321838912,Water_En_Klimaatrisico,weighted_mean,Water & Klimaat
BU00980403,-0.21506776672184436,Water_En_Klimaatrisico,weighted_mean,Water & Klimaat
WK009805,-0.38520476390220953,Water_En_Klimaatrisico,weighted_mean,Water & Klimaat
BU00980501,-0.5979819593461532,Water_En_Klimaatrisico,weighted_mean,Water & Klimaat
BU00980502,-0.10800045793415083,Water_En_Klimaatrisico,weighted_mean,Water & Klimaat
WK009806,-0.5963218982535204,Water_En_Klimaatrisico,weighted_mean,Water & Klimaat
BU00980601,1.2465016930882955,Water_En_Klimaatrisico,weighted_mean,Water & Klimaat
BU00980602,0.32603136338444016,Water_En_Klimaatrisico,weighted_mean,Water & Klimaat
WK009807,-0.4365195651041246,Water_En_Klimaatrisico,weighted_mean,Water & Klimaat
BU00980701,0.19123550889560256,Water_En_Klimaatrisico,weighted_mean,Water & Klimaat
BU00980702,-0.3068304290067665,Water_En_Klimaatrisico,weighted_mean,Water & Klimaat
WK009808,-0.15693119694735364,Water_En_Klimaatrisico,weighted_mean,Water & Klimaat
BU00980801,-0.19271380805805502,Water_En_Klimaatrisico,weighted_mean,Water & Klimaat
BU00980802,-0.37324311627419043,Water_En_Klimaatrisico,weighted_mean,Water & Klimaat
WK009809,-0.3410523121659447,Water_En_Klimaatrisico,weighted_mean,Water & Klimaat
BU00980901,0.9920306663474847,Water_En_Klimaatrisico,weighted_mean,Water & Klimaat
BU00980902,-0.5032586868365164,Water_En_Klimaatrisico,weighted_mean,Water & Klimaat
BU00980903,-0.3827401556683385,Water_En_Klimaatrisico,weighted_mean,Water & Klimaat
WK009810,-0.223276574796515,Water_En_Klimaatrisico,weighted_mean,Water & Klimaat
BU00981001,-0.34747815547282423,Water_En_Klimaatrisico,weighted_mean,Water & Klimaat
BU00981002,-0.490360978517233,Water_En_Klimaatrisico,weighted_mean,Water & Klimaat
BU00981003,-0.3937239337044609,Water_En_Klimaatrisico,weighted_mean,Water & Klimaat
BU00981004,-0.18148358778359674,Water_En_Klimaatrisico,weighted_mean,Water & Klimaat
BU00981005,-0.26455592624780455,Water_En_Klimaatrisico,weighted_mean,Water & Klimaat
BU00981006,0.2064087197893193,Water_En_Klimaatrisico,weighted_mean,Water & Klimaat
BU00981007,-0.13904852374699594,Water_En_Klimaatrisico,weighted_mean,Water & Klimaat
BU00981008,0.6641678858256979,Water_En_Klimaatrisico,weighted_mean,Water & Klimaat
BU00981009,0.02428662621358002,Water_En_Klimaatrisico,weighted_mean,Water & Klimaat
WK009811,-0.3629695585011228,Water_En_Klimaatrisico,weighted_mean,Water & Klimaat
BU00981101,0.4119330500021153,Water_En_Klimaatrisico,weighted_mean,Water & Klimaat
BU00981102,-0.1514804320664006,Water_En_Klimaatrisico,weighted_mean,Water & Klimaat
WK009812,-0.31918512624728584,Water_En_Klimaatrisico,weighted_mean,Water & Klimaat
BU00981201,-0.15000783897459,Water_En_Klimaatrisico,weighted_mean,Water & Klimaat
WK009813,-0.36726819835591545,Water_En_Klimaatrisico,weighted_mean,Water & Klimaat
BU00981301,-0.4796940318215508,Water_En_Klimaatrisico,weighted_mean,Water & Klimaat
BU00981302,-0.29398764300024804,Water_En_Klimaatrisico,weighted_mean,Water & Klimaat
WK009814,-0.5545135636587857,Water_En_Klimaatrisico,weighted_mean,Water & Klimaat
BU00981401,0.4904675400127691,Water_En_Klimaatrisico,weighted_mean,Water & Klimaat
BU00981402,-0.5112915805542801,Water_En_Klimaatrisico,weighted_mean,Water & Klimaat
WK009815,-0.48524625108085956,Water_En_Klimaatrisico,weighted_mean,Water & Klimaat
BU00981501,1.6092206131154811,Water_En_Klimaatrisico,weighted_mean,Water & Klimaat
BU00981502,-0.1300238360052999,Water_En_Klimaatrisico,weighted_mean,Water & Klimaat
GM0059,0.1288980136335313,Bereikbaarheid_Voorzieningen,entropy,Voorzieningen
WK005900,0.12512241148722322,Bereikbaarheid_Voorzieningen,entropy,Voorzieningen
BU00590000,0.08837785700936882,Bereikbaarheid_Voorzieningen,entropy,Voorzieningen
BU00590001,0.15009196776362804,Bereikbaarheid_Voorzieningen,entropy,Voorzieningen
BU00590002,0.09174513003184584,Bereikbaarheid_Voorzieningen,entropy,Voorzieningen
BU00590003,0.15061066421973998,Bereikbaarheid_Voorzieningen,entropy,Voorzieningen
BU00590004,0.24154732420549174,Bereikbaarheid_Voorzieningen,entropy,Voorzieningen
BU00590005,0.18389869641520995,Bereikbaarheid_Voorzieningen,entropy,Voorzieningen
BU00590006,0.1889498939865587,Bereikbaarheid_Voorzieningen,entropy,Voorzieningen
BU00590007,0.18499846943487197,Bereikbaarheid_Voorzieningen,entropy,Voorzieningen
BU00590008,0.24372776763178663,Bereikbaarheid_Voorzieningen,entropy,Voorzieningen
BU00590009,0.31233792114238645,Bereikbaarheid_Voorzieningen,entropy,Voorzieningen
WK005901,0.17921751387245383,Bereikbaarheid_Voorzieningen,entropy,Voorzieningen
BU00590100,0.26286266899988703,Bereikbaarheid_Voorzieningen,entropy,Voorzieningen
BU00590102,0.12539888181079092,Bereikbaarheid_Voorzieningen,entropy,Voorzieningen
BU00590103,0.2077977233347274,Bereikbaarheid_Voorzieningen,entropy,Voorzieningen
BU00590107,0.3484559498084484,Bereikbaarheid_Voorzieningen,entropy,Voorzieningen
BU00590108,0.18967974290353826,Bereikbaarheid_Voorzieningen,entropy,Voorzieningen
BU00590109,0.29462243333389726,Bereikbaarheid_Voorzieningen,entropy,Voorzieningen
WK005902,0.12285097868887404,Bereikbaarheid_Voorzieningen,entropy,Voorzieningen
BU00590200,0.09871010091273585,Bereikbaarheid_Voorzieningen,entropy,Voorzieningen
BU00590201,0.08346645490573944,Bereikbaarheid_Voorzieningen,entropy,Voorzieningen
BU00590202,0.22725796204035797,Bereikbaarheid_Voorzieningen,entropy,Voorzieningen
BU00590203,0.15857941726711275,Bereikbaarheid_Voorzieningen,entropy,Voorzieningen
BU00590206,0.18082727162618684,Bereikbaarheid_Voorzieningen,entropy,Voorzieningen
BU00590207,0.1808903069341826,Bereikbaarheid_Voorzieningen,entropy,Voorzieningen
BU00590208,0.2884319383013779,Bereikbaarheid_Voorzieningen,entropy,Voorzieningen
BU00590209,0.2306266542573516,Bereikbaarheid_Voorzieningen,entropy,Voorzieningen
GM0060,0.10381875888143455,Bereikbaarheid_Voorzieningen,entropy,Voorzieningen
WK006000,0.10381875888143455,Bereikbaarheid_Voorzieningen,entropy,Voorzieningen
BU00600000,0.051674599075349895,Bereikbaarheid_Voorzieningen,entropy,Voorzieningen
BU00600001,0.11430175961164794,Bereikbaarheid_Voorzieningen,entropy,Voorzieningen
BU00600002,0.132567022694273,Bereikbaarheid_Voorzieningen,entropy,Voorzieningen
BU00600003,0.12843790252544215,Bereikbaarheid_Voorzieningen,entropy,Voorzieningen
BU00600007,0.2217152181196917,Bereikbaarheid_Voorzieningen,entropy,Voorzieningen
BU00600008,0.11150488881425537,Bereikbaarheid_Voorzieningen,entropy,Voorzieningen
BU00600009,0.17907677160607882,Bereikbaarheid_Voorzieningen,entropy,Voorzieningen
GM1891,0.11832657225388984,Bereikbaarheid_Voorzieningen,entropy,Voorzieningen
WK189100,0.11826097451689611,Bereikbaarheid_Voorzieningen,entropy,Voorzieningen
BU18910000,0.10750129070061007,Bereikbaarheid_Voorzieningen,entropy,Voorzieningen
BU18910001,0.13296892514391964,Bereikbaarheid_Voorzieningen,entropy,Voorzieningen
BU18910002,0.21055271610986015,Bereikbaarheid_Voorzieningen,entropy,Voorzieningen
BU18910008,0.2280497019762587,Bereikbaarheid_Voorzieningen,entropy,Voorzieningen
BU18910009,0.21470801718582913,Bereikbaarheid_Voorzieningen,entropy,Voorzieningen
WK189101,0.16999797555667645,Bereikbaarheid_Voorzieningen,entropy,Voorzieningen
BU18910100,0.17791102202521789,Bereikbaarheid_Voorzieningen,entropy,Voorzieningen
BU18910101,0.1399397208270387,Bereikbaarheid_Voorzieningen,entropy,Voorzieningen
BU18910108,0.3022049958002608,Bereikbaarheid_Voorzieningen,entropy,Voorzieningen
BU18910109,0.2566520672105693,Bereikbaarheid_Voorzieningen,entropy,Voorzieningen
WK189102,0.10325458676755364,Bereikbaarheid_Voorzieningen,entropy,Voorzieningen
BU18910200,0.10093601539392485,Bereikbaarheid_Voorzieningen,entropy,Voorzieningen
BU18910201,0.08887755543439302,Bereikbaarheid_Voorzieningen,entropy,Voorzieningen
BU18910202,0.24192312037266936,Bereikbaarheid_Voorzieningen,entropy,Voorzieningen
BU18910208,0.23157496145277767,Bereikbaarheid_Voorzieningen,entropy,Voorzieningen
BU18910209,0.25679997816094025,Bereikbaarheid_Voorzieningen,entropy,Voorzieningen
WK189103,0.16400653085966654,Bereikbaarheid_Voorzieningen,entropy,Voorzieningen
BU18910300,0.1373607784918755,Bereikbaarheid_Voorzieningen,entropy,Voorzieningen
BU18910301,0.24845197870480673,Bereikbaarheid_Voorzieningen,entropy,Voorzieningen
BU18910309,0.2595348661109656,Bereikbaarheid_Voorzieningen,entropy,Voorzieningen
GM1940,0.14920913739657496,Bereikbaarheid_Voorzieningen,entropy,Voorzieningen
WK194001,0.30744533928434026,Bereikbaarheid_Voorzieningen,entropy,Voorzieningen
BU19400101,0.30744533928434026,Bereikbaarheid_Voorzieningen,entropy,Voorzieningen
WK194002,0.0596695625517909,Bereikbaarheid_Voorzieningen,entropy,Voorzieningen
BU19400201,0.0596695625517909,Bereikbaarheid_Voorzieningen,entropy,Voorzieningen
WK194003,0.07587674558746993,Bereikbaarheid_Voorzieningen,entropy,Voorzieningen
BU19400301,0.07587674558746993,Bereikbaarheid_Voorzieningen,entropy,Voorzieningen
WK194004,0.3777931867114923,Bereikbaarheid_Voorzieningen,entropy,Voorzieningen
BU19400401,0.3777931867114923,Bereikbaarheid_Voorzieningen,entropy,Voorzieningen
WK194005,0.35341615337996585,Bereikbaarheid_Voorzieningen,entropy,Voorzieningen
BU19400501,0.35341615337996585,Bereikbaarheid_Voorzieningen,entropy,Voorzieningen
WK194006,0.24575717234947192,Bereikbaarheid_Voorzieningen,entropy,Voorzieningen
BU19400601,0.24575717234947192,Bereikbaarheid_Voorzieningen,entropy,Voorzieningen
WK194007,0.12011416427372366,Bereikbaarheid_Voorzieningen,entropy,Voorzieningen
BU19400701,0.052148781358070856,Bereikbaarheid_Voorzieningen,entropy,Voorzieningen
BU19400702,0.22526241859827303,Bereikbaarheid_Voorzieningen,entropy,Voorzieningen
WK194008,0.23185269483995188,Bereikbaarheid_Voorzieningen,entropy,Voorzieningen
BU19400801,0.23185269483995188,Bereikbaarheid_Voorzieningen,entropy,Voorzieningen
WK194009,0.2773698099680078,Bereikbaarheid_Voorzieningen,entropy,Voorzieningen
BU19400901,0.2773698099680078,Bereikbaarheid_Voorzieningen,entropy,Voorzieningen
WK194010,0.19817299535225974,Bereikbaarheid_Voorzieningen,entropy,Voorzieningen
BU19401001,0.19817299535225974,Bereikbaarheid_Voorzieningen,entropy,Voorzieningen
WK194011,0.06064429555909767,Bereikbaarheid_Voorzieningen,entropy,Voorzieningen
BU19401101,0.16864778722512352,Bereikbaarheid_Voorzieningen,entropy,Voorzieningen
BU19401102,0.0395699747015971,Bereikbaarheid_Voorzieningen,entropy,Voorzieningen
WK194012,0.23168043458196108,Bereikbaarheid_Voorzieningen,entropy,Voorzieningen
BU19401201,0.23168043458196108,Bereikbaarheid_Voorzieningen,entropy,Voorzieningen
WK194013,0.36858166991529573,Bereikbaarheid_Voorzieningen,entropy,Voorzieningen
BU19401301,0.36858166991529573,Bereikbaarheid_Voorzieningen,entropy,Voorzieningen
WK194014,0.344042142440675,Bereikbaarheid_Voorzieningen,entropy,Voorzieningen
BU19401401,0.344042142440675,Bereikbaarheid_Voorzieningen,entropy,Voorzieningen
WK194015,0.3287346280124654,Bereikbaarheid_Voorzieningen,entropy,Voorzieningen
BU19401501,0.3287346280124654,Bereikbaarheid_Voorzieningen,entropy,Voorzieningen
WK194016,0.22833158716530383,Bereikbaarheid_Voorzieningen,entropy,Voorzieningen
BU19401601,0.22833158716530383,Bereikbaarheid_Voorzieningen,entropy,Voorzieningen
WK194017,0.20890763081922864,Bereikbaarheid_Voorzieningen,entropy,Voorzieningen
BU19401701,0.20890763081922864,Bereikbaarheid_Voorzieningen,entropy,Voorzieningen
WK194018,0.27836032337684674,Bereikbaarheid_Voorzieningen,entropy,Voorzieningen
BU19401801,0.27836032337684674,Bereikbaarheid_Voorzieningen,entropy,Voorzieningen
WK194019,0.1420485481379502,Bereikbaarheid_Voorzieningen,entropy,Voorzieningen
BU19401901,0.11753981903814913,Bereikbaarheid_Voorzieningen,entropy,Voorzieningen
BU19401902,0.3239075135127827,Bereikbaarheid_Voorzieningen,entropy,Voorzieningen
BU19401903,0.10672710383002984,Bereikbaarheid_Voorzieningen,entropy,Voorzieningen
BU19401904,0.14564803890108918,Bereikbaarheid_Voorzieningen,entropy,Voorzieningen
BU19401905,0.19314218340775016,Bereikbaarheid_Voorzieningen,entropy,Voorzieningen
BU19401906,0.1727349052484175,Bereikbaarheid_Voorzieningen,entropy,Voorzieningen
BU19401907,0.12585195867291687,Bereikbaarheid_Voorzieningen,entropy,Voorzieningen
BU19401908,0.20903919804629628,Bereikbaarheid_Voorzieningen,entropy,Voorzieningen
BU19401909,0.23039774862043694,Bereikbaarheid_Voorzieningen,entropy,Voorzieningen
BU19401910,0.13699065623559564,Bereikbaarheid_Voorzieningen,entropy,Voorzieningen
WK194020,0.29572727685326183,Bereikbaarheid_Voorzieningen,entropy,Voorzieningen
BU19402001,0.29572727685326183,Bereikbaarheid_Voorzieningen,entropy,Voorzieningen
WK194021,0.13528093111916462,Bereikbaarheid_Voorzieningen,entropy,Voorzieningen
BU19402101,0.13528093111916462,Bereikbaarheid_Voorzieningen,entropy,Voorzieningen
WK194022,0.2723228305967999,Bereikbaarheid_Voorzieningen,entropy,Voorzieningen
BU19402201,0.2723228305967999,Bereikbaarheid_Voorzieningen,entropy,Voorzieningen
WK194023,0.11549459483272426,Bereikbaarheid_Voorzieningen,entropy,Voorzieningen
BU19402301,0.3972608370412829,Bereikbaarheid_Voorzieningen,entropy,Voorzieningen
BU19402302,0.15662273533167534,Bereikbaarheid_Voorzieningen,entropy,Voorzieningen
BU19402303,0.08757880009354616,Bereikbaarheid_Voorzieningen,entropy,Voorzieningen
BU19402304,0.08752816401441735,Bereikbaarheid_Voorzieningen,entropy,Voorzieningen
BU19402305,0.11439328433023241,Bereikbaarheid_Voorzieningen,entropy,Voorzieningen
BU19402306,0.0841979748659479,Bereikbaarheid_Voorzieningen,entropy,Voorzieningen
BU19402307,0.09544872355763187,Bereikbaarheid_Voorzieningen,entropy,Voorzieningen
BU19402308,0.18138085374260587,Bereikbaarheid_Voorzieningen,entropy,Voorzieningen
WK194024,0.13373231581453718,Bereikbaarheid_Voorzieningen,entropy,Voorzieningen
BU19402401,0.13373231581453718,Bereikbaarheid_Voorzieningen,entropy,Voorzieningen
WK194025,0.19675200062073656,Bereikbaarheid_Voorzieningen,entropy,Voorzieningen
BU19402501,0.19675200062073656,Bereikbaarheid_Voorzieningen,entropy,Voorzieningen
WK194026,0.27099702620825666,Bereikbaarheid_Voorzieningen,entropy,Voorzieningen
BU19402601,0.27099702620825666,Bereikbaarheid_Voorzieningen,entropy,Voorzieningen
WK194027,0.3595466758601259,Bereikbaarheid_Voorzieningen,entropy,Voorzieningen
BU19402701,0.3595466758601259,Bereikbaarheid_Voorzieningen,entropy,Voorzieningen
WK194028,0.18412133025930844,Bereikbaarheid_Voorzieningen,entropy,Voorzieningen
BU19402801,0.24578595438784967,Bereikbaarheid_Voorzieningen,entropy,Voorzieningen
BU19402802,0.14974326078494743,Bereikbaarheid_Voorzieningen,entropy,Voorzieningen
WK194029,0.25594808430654264,Bereikbaarheid_Voorzieningen,entropy,Voorzieningen
BU19402901,0.25594808430654264,Bereikbaarheid_Voorzieningen,entropy,Voorzieningen
WK194030,0.06275551370699392,Bereikbaarheid_Voorzieningen,entropy,Voorzieningen
BU19403001,0.06275551370699392,Bereikbaarheid_Voorzieningen,entropy,Voorzieningen
WK194031,0.28064688230360857,Bereikbaarheid_Voorzieningen,entropy,Voorzieningen
BU19403101,0.28064688230360857,Bereikbaarheid_Voorzieningen,entropy,Voorzieningen
WK194032,0.20522792909332177,Bereikbaarheid_Voorzieningen,entropy,Voorzieningen
BU19403201,0.20522792909332177,Bereikbaarheid_Voorzieningen,entropy,Voorzieningen
WK194033,0.27192298619011,Bereikbaarheid_Voorzieningen,entropy,Voorzieningen
BU19403301,0.27192298619011,Bereikbaarheid_Voorzieningen,entropy,Voorzieningen
WK194034,0.2386546078645615,Bereikbaarheid_Voorzieningen,entropy,Voorzieningen
BU19403401,0.2386546078645615,Bereikbaarheid_Voorzieningen,entropy,Voorzieningen
WK194035,0.2546564932243125,Bereikbaarheid_Voorzieningen,entropy,Voorzieningen
BU19403501,0.2546564932243125,Bereikbaarheid_Voorzieningen,entropy,Voorzieningen
WK194036,0.43061015625654314,Bereikbaarheid_Voorzieningen,entropy,Voorzieningen
BU19403601,0.43061015625654314,Bereikbaarheid_Voorzieningen,entropy,Voorzieningen
WK194037,0.12171363571840993,Bereikbaarheid_Voorzieningen,entropy,Voorzieningen
BU19403701,0.12171363571840993,Bereikbaarheid_Voorzieningen,entropy,Voorzieningen
WK194038,0.22760034091079998,Bereikbaarheid_Voorzieningen,entropy,Voorzieningen
BU19403801,0.22760034091079998,Bereikbaarheid_Voorzieningen,entropy,Voorzieningen
WK194039,0.2129464746473591,Bereikbaarheid_Voorzieningen,entropy,Voorzieningen
BU19403901,0.2129464746473591,Bereikbaarheid_Voorzieningen,entropy,Voorzieningen
WK194040,0.17318570770645975,Bereikbaarheid_Voorzieningen,entropy,Voorzieningen
BU19404001,0.17318570770645975,Bereikbaarheid_Voorzieningen,entropy,Voorzieningen
WK194041,0.07933906528477813,Bereikbaarheid_Voorzieningen,entropy,Voorzieningen
BU19404101,0.07933906528477813,Bereikbaarheid_Voorzieningen,entropy,Voorzieningen
WK194042,0.09565818311827834,Bereikbaarheid_Voorzieningen,entropy,Voorzieningen
BU19404201,0.09565818311827834,Bereikbaarheid_Voorzieningen,entropy,Voorzieningen
WK194043,0.14760268354562833,Bereikbaarheid_Voorzieningen,entropy,Voorzieningen
BU19404301,0.14760268354562833,Bereikbaarheid_Voorzieningen,entropy,Voorzieningen
WK194044,0.24852172557302346,Bereikbaarheid_Voorzieningen,entropy,Voorzieningen
BU19404401,0.24852172557302346,Bereikbaarheid_Voorzieningen,entropy,Voorzieningen
WK194045,0.31166953453754936,Bereikbaarheid_Voorzieningen,entropy,Voorzieningen
BU19404501,0.31166953453754936,Bereikbaarheid_Voorzieningen,entropy,Voorzieningen
WK194046,0.20619105831242818,Bereikbaarheid_Voorzieningen,entropy,Voorzieningen
BU19404601,0.20619105831242818,Bereikbaarheid_Voorzieningen,entropy,Voorzieningen
WK194047,0.2813216609721425,Bereikbaarheid_Voorzieningen,entropy,Voorzieningen
BU19404701,0.2813216609721425,Bereikbaarheid_Voorzieningen,entropy,Voorzieningen
WK194048,0.36558493710985146,Bereikbaarheid_Voorzieningen,entropy,Voorzieningen
BU19404801,0.36558493710985146,Bereikbaarheid_Voorzieningen,entropy,Voorzieningen
WK194049,0.307370316225041,Bereikbaarheid_Voorzieningen,entropy,Voorzieningen
BU19404901,0.307370316225041,Bereikbaarheid_Voorzieningen,entropy,Voorzieningen
WK194050,0.4739947678959784,Bereikbaarheid_Voorzieningen,entropy,Voorzieningen
BU19405001,0.4739947678959784,Bereikbaarheid_Voorzieningen,entropy,Voorzieningen
WK194051,0.19612081417075056,Bereikbaarheid_Voorzieningen,entropy,Voorzieningen
BU19405101,0.19612081417075056,Bereikbaarheid_Voorzieningen,entropy,Voorzieningen
GM0072,0.13199651838039939,Bereikbaarheid_Voorzieningen,entropy,Voorzieningen
WK007200,0.12339690141672549,Bereikbaarheid_Voorzieningen,entropy,Voorzieningen
BU00720001,0.14039450781860094,Bereikbaarheid_Voorzieningen,entropy,Voorzieningen
BU00720002,0.14215991408368722,Bereikbaarheid_Voorzieningen,entropy,Voorzieningen
BU00720003,0.1238543291368556,Bereikbaarheid_Voorzieningen,entropy,Voorzieningen
BU00720004,0.11958279424476408,Bereikbaarheid_Voorzieningen,entropy,Voorzieningen
BU00720005,0.19184954997264111,Bereikbaarheid_Voorzieningen,entropy,Voorzieningen
BU00720006,0.10489763731077958,Bereikbaarheid_Voorzieningen,entropy,Voorzieningen
BU00720007,0.27356013075831326,Bereikbaarheid_Voorzieningen,entropy,Voorzieningen
BU00720009,0.2460401780134702,Bereikbaarheid_Voorzieningen,entropy,Voorzieningen
WK007201,0.12667741954362796,Bereikbaarheid_Voorzieningen,entropy,Voorzieningen
BU00720100,0.1145286980043608,Bereikbaarheid_Voorzieningen,entropy,Voorzieningen
BU00720109,0.17263638552213467,Bereikbaarheid_Voorzieningen,entropy,Voorzieningen
WK007202,0.35234941420505717,Bereikbaarheid_Voorzieningen,entropy,Voorzieningen
BU00720200,0.35628283568911373,Bereikbaarheid_Voorzieningen,entropy,Voorzieningen
BU00720209,0.3378748581090713,Bereikbaarheid_Voorzieningen,entropy,Voorzieningen
GM0074,0.191642787455985,Bereikbaarheid_Voorzieningen,entropy,Voorzieningen
WK007401,0.20054426180085044,Bereikbaarheid_Voorzieningen,entropy,Voorzieningen
BU00740100,0.1951153045184612,Bereikbaarheid_Voorzieningen,entropy,Voorzieningen
BU00740101,0.214330730721273,Bereikbaarheid_Voorzieningen,entropy,Voorzieningen
BU00740102,0.2537597686777986,Bereikbaarheid_Voorzieningen,entropy,Voorzieningen
BU00740103,0.18131265899102877,Bereikbaarheid_Voorzieningen,entropy,Voorzieningen
BU00740104,0.18002993394329722,Bereikbaarheid_Voorzieningen,entropy,Voorzieningen
BU00740105,0.24530883427305206,Bereikbaarheid_Voorzieningen,entropy,Voorzieningen
BU00740106,0.15914202906182098,Bereikbaarheid_Voorzieningen,entropy,Voorzieningen
BU00740107,0.2156251607111066,Bereikbaarheid_Voorzieningen,entropy,Voorzieningen
BU00740108,0.2297251356394002,Bereikbaarheid_Voorzieningen,entropy,Voorzieningen
BU00740109,0.23692576740650806,Bereikbaarheid_Voorzieningen,entropy,Voorzieningen
BU00740110,0.2120245322437993,Bereikbaarheid_Voorzieningen,entropy,Voorzieningen
WK007402,0.28057647671199093,Bereikbaarheid_Voorzieningen,entropy,Voorzieningen
BU00740201,0.35074003990330643,Bereikbaarheid_Voorzieningen,entropy,Voorzieningen
BU00740202,0.28956079403611035,Bereikbaarheid_Voorzieningen,entropy,Voorzieningen
BU00740203,0.2464505935972544,Bereikbaarheid_Voorzieningen,entropy,Voorzieningen
BU00740204,0.3102025563161873,Bereikbaarheid_Voorzieningen,entropy,Voorzieningen
BU00740205,0.3312883058146801,Bereikbaarheid_Voorzieningen,entropy,Voorzieningen
WK007403,0.1981779322915632,Bereikbaarheid_Voorzieningen,entropy,Voorzieningen
BU00740301,0.17173076603947923,Bereikbaarheid_Voorzieningen,entropy,Voorzieningen
BU00740302,0.27319511465547347,Bereikbaarheid_Voorzieningen,entropy,Voorzieningen
WK007404,0.15771482263005784,Bereikbaarheid_Voorzieningen,entropy,Voorzieningen
BU00740401,0.18520277572052626,Bereikbaarheid_Voorzieningen,entropy,Voorzieningen
BU00740402,0.28479775383803785,Bereikbaarheid_Voorzieningen,entropy,Voorzieningen
BU00740403,0.25003566617477696,Bereikbaarheid_Voorzieningen,entropy,Voorzieningen
BU00740404,0.05747825385661537,Bereikbaarheid_Voorzieningen,entropy,Voorzieningen
BU00740405,0.1732123088106926,Bereikbaarheid_Voorzieningen,entropy,Voorzieningen
BU00740406,0.1220946222393175,Bereikbaarheid_Voorzieningen,entropy,Voorzieningen
BU00740407,0.24434105466864578,Bereikbaarheid_Voorzieningen,entropy,Voorzieningen
WK007406,0.1861542415843397,Bereikbaarheid_Voorzieningen,entropy,Voorzieningen
BU00740601,0.1861542415843397,Bereikbaarheid_Voorzieningen,entropy,Voorzieningen
WK007407,0.3858062173556297,Bereikbaarheid_Voorzieningen,entropy,Voorzieningen
BU00740701,0.4108364344297248,Bereikbaarheid_Voorzieningen,entropy,Voorzieningen
BU00740702,0.34869620686681685,Bereikbaarheid_Voorzieningen,entropy,Voorzieningen
WK007409,0.12629475644917845,Bereikbaarheid_Voorzieningen,entropy,Voorzieningen
BU00740901,0.07663771448551586,Bereikbaarheid_Voorzieningen,entropy,Voorzieningen
BU00740902,0.13649076436156604,Bereikbaarheid_Voorzieningen,entropy,Voorzieningen
BU00740903,0.2318361693914474,Bereikbaarheid_Voorzieningen,entropy,Voorzieningen
GM0080,0.1944482618202933,Bereikbaarheid_Voorzieningen,entropy,Voorzieningen
WK008010,0.29684688737326304,Bereikbaarheid_Voorzieningen,entropy,Voorzieningen
BU00801001,0.29683893900690494,Bereikbaarheid_Voorzieningen,entropy,Voorzieningen
BU00801002,0.2929062027061166,Bereikbaarheid_Voorzieningen,entropy,Voorzieningen
BU00801003,0.2812332009324001,Bereikbaarheid_Voorzieningen,entropy,Voorzieningen
BU00801004,0.2738237856844171,Bereikbaarheid_Voorzieningen,entropy,Voorzieningen
BU00801005,0.29319059953905013,Bereikbaarheid_Voorzieningen,entropy,Voorzieningen
BU00801006,0.3298073224863671,Bereikbaarheid_Voorzieningen,entropy,Voorzieningen
BU00801007,0.3151203390917623,Bereikbaarheid_Voorzieningen,entropy,Voorzieningen
BU00801008,0.31022739614984707,Bereikbaarheid_Voorzieningen,entropy,Voorzieningen
WK008011,0.24791285733167828,Bereikbaarheid_Voorzieningen,entropy,Voorzieningen
BU00801101,0.33607635335412084,Bereikbaarheid_Voorzieningen,entropy,Voorzieningen
BU00801102,0.32297841494985,Bereikbaarheid_Voorzieningen,entropy,Voorzieningen
BU00801103,0.2548155944190246,Bereikbaarheid_Voorzieningen,entropy,Voorzieningen
BU00801104,0.21830422826970705,Bereikbaarheid_Voorzieningen,entropy,Voorzieningen
BU00801105,0.1666227286608505,Bereikbaarheid_Voorzieningen,entropy,Voorzieningen
BU00801106,0.21946315458694018,Bereikbaarheid_Voorzieningen,entropy,Voorzieningen
BU00801107,0.26060972979520786,Bereikbaarheid_Voorzieningen,entropy,Voorzieningen
BU00801108,0.2273036291131884,Bereikbaarheid_Voorzieningen,entropy,Voorzieningen
BU00801109,0.22731701420201622,Bereikbaarheid_Voorzieningen,entropy,Voorzieningen
WK008020,0.26384068405141575,Bereikbaarheid_Voorzieningen,entropy,Voorzieningen
BU00802001,0.26011128540553596,Bereikbaarheid_Voorzieningen,entropy,Voorzieningen
BU00802002,0.23898697456596743,Bereikbaarheid_Voorzieningen,entropy,Voorzieningen
BU00802003,0.2889330221610544,Bereikbaarheid_Voorzieningen,entropy,Voorzieningen
BU00802004,0.24188189176634375,Bereikbaarheid_Voorzieningen,entropy,Voorzieningen
BU00802005,0.2398259276763787,Bereikbaarheid_Voorzieningen,entropy,Voorzieningen
BU00802006,0.3059625555887614,Bereikbaarheid_Voorzieningen,entropy,Voorzieningen
BU00802007,0.24742290017773816,Bereikbaarheid_Voorzieningen,entropy,Voorzieningen
BU00802008,0.2965239855146761,Bereikbaarheid_Voorzieningen,entropy,Voorzieningen
BU00802009,0.267542740094372,Bereikbaarheid_Voorzieningen,entropy,Voorzieningen
WK008030,0.24192501477079947,Bereikbaarheid_Voorzieningen,entropy,Voorzieningen
BU00803001,0.26726392987098646,Bereikbaarheid_Voorzieningen,entropy,Voorzieningen
BU00803002,0.22204158081225797,Bereikbaarheid_Voorzieningen,entropy,Voorzieningen
BU00803003,0.2520512758149703,Bereikbaarheid_Voorzieningen,entropy,Voorzieningen
BU00803004,0.2554572209793941,Bereikbaarheid_Voorzieningen,entropy,Voorzieningen
BU00803005,0.23454197349499434,Bereikbaarheid_Voorzieningen,entropy,Voorzieningen
BU00803006,0.22279095395301818,Bereikbaarheid_Voorzieningen,entropy,Voorzieningen
BU00803007,0.21772480747729994,Bereikbaarheid_Voorzieningen,entropy,Voorzieningen
WK008031,0.21409277817685407,Bereikbaarheid_Voorzieningen,entropy,Voorzieningen
BU00803101,0.21409277817685407,Bereikbaarheid_Voorzieningen,entropy,Voorzieningen
BU00803102,0.23617411515707218,Bereikbaarheid_Voorzieningen,entropy,Voorzieningen
WK008032,0.2612790123886889,Bereikbaarheid_Voorzieningen,entropy,Voorzieningen
BU00803201,0.2549156535852665,Bereikbaarheid_Voorzieningen,entropy,Voorzieningen
BU00803202,0.2517539073279017,Bereikbaarheid_Voorzieningen,entropy,Voorzieningen
BU00803203,0.259569678925201,Bereikbaarheid_Voorzieningen,entropy,Voorzieningen
BU00803204,0.28743662495966327,Bereikbaarheid_Voorzieningen,entropy,Voorzieningen
WK008040,0.2360051261734115,Bereikbaarheid_Voorzieningen,entropy,Voorzieningen
BU00804001,0.2627393735489239,Bereikbaarheid_Voorzieningen,entropy,Voorzieningen
BU00804002,0.2235841388546862,Bereikbaarheid_Voorzieningen,entropy,Voorzieningen
BU00804003,0.22274279043157047,Bereikbaarheid_Voorzieningen,entropy,Voorzieningen
BU00804004,0.21966341727618927,Bereikbaarheid_Voorzieningen,entropy,Voorzieningen
WK008041,0.1844921065847378,Bereikbaarheid_Voorzieningen,entropy,Voorzieningen
BU00804101,0.18340600763169398,Bereikbaarheid_Voorzieningen,entropy,Voorzieningen
BU00804102,0.2733116073395207,Bereikbaarheid_Voorzieningen,entropy,Voorzieningen
BU00804103,0.24456248371045314,Bereikbaarheid_Voorzieningen,entropy,Voorzieningen
BU00804104,0.2615800351398535,Bereikbaarheid_Voorzieningen,entropy,Voorzieningen
BU00804105,0.24106119008197258,Bereikbaarheid_Voorzieningen,entropy,Voorzieningen
BU00804106,0.27356013075831326,Bereikbaarheid_Voorzieningen,entropy,Voorzieningen
BU00804107,0.27356013075831326,Bereikbaarheid_Voorzieningen,entropy,Voorzieningen
BU00804108,0.2735601307583132,Bereikbaarheid_Voorzieningen,entropy,Voorzieningen
BU00804109,0.22478501146281413,Bereikbaarheid_Voorzieningen,entropy,Voorzieningen
BU00804110,0.27547500419835236,Bereikbaarheid_Voorzieningen,entropy,Voorzieningen
WK008050,0.20072651589215632,Bereikbaarheid_Voorzieningen,entropy,Voorzieningen
BU00805001,0.19998161084312008,Bereikbaarheid_Voorzieningen,entropy,Voorzieningen
BU00805002,0.20400002430073577,Bereikbaarheid_Voorzieningen,entropy,Voorzieningen
BU00805003,0.24077048573217344,Bereikbaarheid_Voorzieningen,entropy,Voorzieningen
WK008051,0.12108055270919467,Bereikbaarheid_Voorzieningen,entropy,Voorzieningen
BU00805101,0.13164039637442126,Bereikbaarheid_Voorzieningen,entropy,Voorzieningen
BU00805102,0.10647215593493375,Bereikbaarheid_Voorzieningen,entropy,Voorzieningen
BU00805103,0.10578558543980128,Bereikbaarheid_Voorzieningen,entropy,Voorzieningen
BU00805104,0.26698242830239444,Bereikbaarheid_Voorzieningen,entropy,Voorzieningen
BU00805105,0.4009315684663861,Bereikbaarheid_Voorzieningen,entropy,Voorzieningen
WK008060,0.2161205509375178,Bereikbaarheid_Voorzieningen,entropy,Voorzieningen
BU00806001,0.21555593995876804,Bereikbaarheid_Voorzieningen,entropy,Voorzieningen
BU00806002,0.21916388805174294,Bereikbaarheid_Voorzieningen,entropy,Voorzieningen
BU00806003,0.23748209370202839,Bereikbaarheid_Voorzieningen,entropy,Voorzieningen
WK008061,0.20886311299583907,Bereikbaarheid_Voorzieningen,entropy,Voorzieningen
BU00806101,0.21350866020353873,Bereikbaarheid_Voorzieningen,entropy,Voorzieningen
BU00806102,0.19914919664632325,Bereikbaarheid_Voorzieningen,entropy,Voorzieningen
WK008062,0.1847485620567679,Bereikbaarheid_Voorzieningen,entropy,Voorzieningen
BU00806201,0.13943612406491054,Bereikbaarheid_Voorzieningen,entropy,Voorzieningen
BU00806202,0.18980436485342364,Bereikbaarheid_Voorzieningen,entropy,Voorzieningen
BU00806203,0.2564491820765608,Bereikbaarheid_Voorzieningen,entropy,Voorzieningen
BU00806204,0.2272996608814454,Bereikbaarheid_Voorzieningen,entropy,Voorzieningen
BU00806205,0.23519678981487174,Bereikbaarheid_Voorzieningen,entropy,Voorzieningen
BU00806206,0.2669593582934042,Bereikbaarheid_Voorzieningen,entropy,Voorzieningen
BU00806207,0.1777272293964889,Bereikbaarheid_Voorzieningen,entropy,Voorzieningen
BU00806208,0.2449540790604264,Bereikbaarheid_Voorzieningen,entropy,Voorzieningen
BU00806209,0.10986444531654774,Bereikbaarheid_Voorzieningen,entropy,Voorzieningen
BU00806210,0.19999970033603848,Bereikbaarheid_Voorzieningen,entropy,Voorzieningen
WK008063,0.11880242557983972,Bereikbaarheid_Voorzieningen,entropy,Voorzieningen
BU00806301,0.10644241801930579,Bereikbaarheid_Voorzieningen,entropy,Voorzieningen
BU00806302,0.26172014737459504,Bereikbaarheid_Voorzieningen,entropy,Voorzieningen
BU00806303,0.21175433013986394,Bereikbaarheid_Voorzieningen,entropy,Voorzieningen
BU00806304,0.24172300847303455,Bereikbaarheid_Voorzieningen,entropy,Voorzieningen
BU00806305,0.130892881634121,Bereikbaarheid_Voorzieningen,entropy,Voorzieningen
BU00806306,0.20659195202288008,Bereikbaarheid_Voorzieningen,entropy,Voorzieningen
BU00806307,0.27291387096061415,Bereikbaarheid_Voorzieningen,entropy,Voorzieningen
WK008070,0.1306399801085178,Bereikbaarheid_Voorzieningen,entropy,Voorzieningen
BU00807001,0.09304126097080408,Bereikbaarheid_Voorzieningen,entropy,Voorzieningen
BU00807002,0.1456554575015705,Bereikbaarheid_Voorzieningen,entropy,Voorzieningen
BU00807003,0.19092787021415986,Bereikbaarheid_Voorzieningen,entropy,Voorzieningen
BU00807004,0.23691084483485053,Bereikbaarheid_Voorzieningen,entropy,Voorzieningen
WK008071,0.2020494134355863,Bereikbaarheid_Voorzieningen,entropy,Voorzieningen
BU00807101,0.2020494134355863,Bereikbaarheid_Voorzieningen,entropy,Voorzieningen
WK008072,0.18947461324643958,Bereikbaarheid_Voorzieningen,entropy,Voorzieningen
BU00807201,0.19782468905477651,Bereikbaarheid_Voorzieningen,entropy,Voorzieningen
BU00807202,0.22665115654709744,Bereikbaarheid_Voorzieningen,entropy,Voorzieningen
BU00807203,0.18411389890533167,Bereikbaarheid_Voorzieningen,entropy,Voorzieningen
WK008073,0.16477764170999387,Bereikbaarheid_Voorzieningen,entropy,Voorzieningen
BU00807301,0.14970805153636213,Bereikbaarheid_Voorzieningen,entropy,Voorzieningen
BU00807302,0.20490239624793985,Bereikbaarheid_Voorzieningen,entropy,Voorzieningen
BU00807303,0.23431061845237489,Bereikbaarheid_Voorzieningen,entropy,Voorzieningen
BU00807304,0.27547500419835236,Bereikbaarheid_Voorzieningen,entropy,Voorzieningen
BU00807305,0.14551006274762246,Bereikbaarheid_Voorzieningen,entropy,Voorzieningen
BU00807306,0.12206837804312182,Bereikbaarheid_Voorzieningen,entropy,Voorzieningen
WK008074,0.23545987952533137,Bereikbaarheid_Voorzieningen,entropy,Voorzieningen
BU00807401,0.2583197251539592,Bereikbaarheid_Voorzieningen,entropy,Voorzieningen
BU00807402,0.1892426789532551,Bereikbaarheid_Voorzieningen,entropy,Voorzieningen
BU00807403,0.1827626465562374,Bereikbaarheid_Voorzieningen,entropy,Voorzieningen
BU00807404,0.20555915301142688,Bereikbaarheid_Voorzieningen,entropy,Voorzieningen
BU00807405,0.15267543680802198,Bereikbaarheid_Voorzieningen,entropy,Voorzieningen
WK008080,0.09600148335719984,Bereikbaarheid_Voorzieningen,entropy,Voorzieningen
BU00808001,0.08191945965683357,Bereikbaarheid_Voorzieningen,entropy,Voorzieningen
BU00808002,0.1512674577130371,Bereikbaarheid_Voorzieningen,entropy,Voorzieningen
BU00808003,0.18258484228291522,Bereikbaarheid_Voorzieningen,entropy,Voorzieningen
BU00808004,0.04666302700460765,Bereikbaarheid_Voorzieningen,entropy,Voorzieningen
BU00808005,0.1693237641496103,Bereikbaarheid_Voorzieningen,entropy,Voorzieningen
BU00808006,0.2571841787382195,Bereikbaarheid_Voorzieningen,entropy,Voorzieningen
BU00808007,0.1688182982923729,Bereikbaarheid_Voorzieningen,entropy,Voorzieningen
BU00808008,0.2843781120129836,Bereikbaarheid_Voorzieningen,entropy,Voorzieningen
WK008081,0.20048939127171625,Bereikbaarheid_Voorzieningen,entropy,Voorzieningen
BU00808101,0.0687164708136265,Bereikbaarheid_Voorzieningen,entropy,Voorzieningen
BU00808102,0.17105838572081056,Bereikbaarheid_Voorzieningen,entropy,Voorzieningen
BU00808103,0.15421824593789032,Bereikbaarheid_Voorzieningen,entropy,Voorzieningen
BU00808104,0.2067256381862996,Bereikbaarheid_Voorzieningen,entropy,Voorzieningen
BU00808105,0.1547202270696762,Bereikbaarheid_Voorzieningen,entropy,Voorzieningen
BU00808106,0.19655752912748173,Bereikbaarheid_Voorzieningen,entropy,Voorzieningen
BU00808107,0.29758751083718304,Bereikbaarheid_Voorzieningen,entropy,Voorzieningen
BU00808108,0.2927504126622754,Bereikbaarheid_Voorzieningen,entropy,Voorzieningen
BU00808109,0.3373196175508613,Bereikbaarheid_Voorzieningen,entropy,Voorzieningen
BU00808110,0.34953644847101073,Bereikbaarheid_Voorzieningen,entropy,Voorzieningen
BU00808111,0.40928744917708904,Bereikbaarheid_Voorzieningen,entropy,Voorzieningen
BU00808112,0.4436574367246928,Bereikbaarheid_Voorzieningen,entropy,Voorzieningen
BU00808113,0.27483633873807906,Bereikbaarheid_Voorzieningen,entropy,Voorzieningen
BU00808114,0.21903358761352307,Bereikbaarheid_Voorzieningen,entropy,Voorzieningen
BU00808115,0.1357300316487315,Bereikbaarheid_Voorzieningen,entropy,Voorzieningen
BU00808116,0.2074801500434849,Bereikbaarheid_Voorzieningen,entropy,Voorzieningen
BU00808117,0.2717731812759151,Bereikbaarheid_Voorzieningen,entropy,Voorzieningen
WK008082,0.12226936325595031,Bereikbaarheid_Voorzieningen,entropy,Voorzieningen
BU00808201,0.17268435099170204,Bereikbaarheid_Voorzieningen,entropy,Voorzieningen
BU00808202,0.26825120849786954,Bereikbaarheid_Voorzieningen,entropy,Voorzieningen
BU00808203,0.2948565212242617,Bereikbaarheid_Voorzieningen,entropy,Voorzieningen
BU00808204,0.3023138673313245,Bereikbaarheid_Voorzieningen,entropy,Voorzieningen
BU00808205,0.36941866300468756,Bereikbaarheid_Voorzieningen,entropy,Voorzieningen
BU00808206,0.07759723594337457,Bereikbaarheid_Voorzieningen,entropy,Voorzieningen
BU00808207,0.3273066307858016,Bereikbaarheid_Voorzieningen,entropy,Voorzieningen
BU00808208,0.17958005846086234,Bereikbaarheid_Voorzieningen,entropy,Voorzieningen
BU00808209,0.3028753033399099,Bereikbaarheid_Voorzieningen,entropy,Voorzieningen
GM1970,0.15238093835521177,Bereikbaarheid_Voorzieningen,entropy,Voorzieningen
WK197000,0.17698276768804122,Bereikbaarheid_Voorzieningen,entropy,Voorzieningen
BU19700000,0.1824348848862366,Bereikbaarheid_Voorzieningen,entropy,Voorzieningen
BU19700001,0.17673229145785296,Bereikbaarheid_Voorzieningen,entropy,Voorzieningen
BU19700002,0.15347124632808493,Bereikbaarheid_Voorzieningen,entropy,Voorzieningen
BU19700003,0.19164071557950133,Bereikbaarheid_Voorzieningen,entropy,Voorzieningen
BU19700004,0.20964524823277741,Bereikbaarheid_Voorzieningen,entropy,Voorzieningen
BU19700005,0.14418517520046256,Bereikbaarheid_Voorzieningen,entropy,Voorzieningen
BU19700006,0.1712022555933668,Bereikbaarheid_Voorzieningen,entropy,Voorzieningen
BU19700007,0.1767504444125615,Bereikbaarheid_Voorzieningen,entropy,Voorzieningen
BU19700008,0.18515551359088028,Bereikbaarheid_Voorzieningen,entropy,Voorzieningen
BU19700009,0.1697932720109512,Bereikbaarheid_Voorzieningen,entropy,Voorzieningen
BU19700010,0.20490343029760483,Bereikbaarheid_Voorzieningen,entropy,Voorzieningen
BU19700011,0.17451514408668936,Bereikbaarheid_Voorzieningen,entropy,Voorzieningen
WK197001,0.16889107291432356,Bereikbaarheid_Voorzieningen,entropy,Voorzieningen
BU19700100,0.11406009063228575,Bereikbaarheid_Voorzieningen,entropy,Voorzieningen
BU19700101,0.2830487827836264,Bereikbaarheid_Voorzieningen,entropy,Voorzieningen
BU19700102,0.1485851832444325,Bereikbaarheid_Voorzieningen,entropy,Voorzieningen
BU19700103,0.26110735564518245,Bereikbaarheid_Voorzieningen,entropy,Voorzieningen
BU19700104,0.22989943779116417,Bereikbaarheid_Voorzieningen,entropy,Voorzieningen
BU19700105,0.34276838713228586,Bereikbaarheid_Voorzieningen,entropy,Voorzieningen
BU19700107,0.16394509858057504,Bereikbaarheid_Voorzieningen,entropy,Voorzieningen
BU19700108,0.20334767269360593,Bereikbaarheid_Voorzieningen,entropy,Voorzieningen
BU19700109,0.2991009033892514,Bereikbaarheid_Voorzieningen,entropy,Voorzieningen
WK197002,0.27001503001786,Bereikbaarheid_Voorzieningen,entropy,Voorzieningen
BU19700200,0.23778193217784707,Bereikbaarheid_Voorzieningen,entropy,Voorzieningen
BU19700201,0.28931587991273217,Bereikbaarheid_Voorzieningen,entropy,Voorzieningen
BU19700202,0.3201673277200966,Bereikbaarheid_Voorzieningen,entropy,Voorzieningen
BU19700208,0.27532726187701906,Bereikbaarheid_Voorzieningen,entropy,Voorzieningen
BU19700209,0.34640331610603914,Bereikbaarheid_Voorzieningen,entropy,Voorzieningen
WK197003,0.11937760932683619,Bereikbaarheid_Voorzieningen,entropy,Voorzieningen
BU19700300,0.02781043794117872,Bereikbaarheid_Voorzieningen,entropy,Voorzieningen
BU19700301,0.22404787239175658,Bereikbaarheid_Voorzieningen,entropy,Voorzieningen
BU19700302,0.2247930608882703,Bereikbaarheid_Voorzieningen,entropy,Voorzieningen
BU19700303,0.2342807575842358,Bereikbaarheid_Voorzieningen,entropy,Voorzieningen
BU19700307,0.1452987031817181,Bereikbaarheid_Voorzieningen,entropy,Voorzieningen
BU19700308,0.2324650834199171,Bereikbaarheid_Voorzieningen,entropy,Voorzieningen
BU19700309,0.251446928738713,Bereikbaarheid_Voorzieningen,entropy,Voorzieningen
WK197004,0.14058997077894428,Bereikbaarheid_Voorzieningen,entropy,Voorzieningen
BU19700400,0.08682217742572723,Bereikbaarheid_Voorzieningen,entropy,Voorzieningen
BU19700401,0.3455732546128959,Bereikbaarheid_Voorzieningen,entropy,Voorzieningen
BU19700408,0.16573950216513456,Bereikbaarheid_Voorzieningen,entropy,Voorzieningen
BU19700409,0.286758714550839,Bereikbaarheid_Voorzieningen,entropy,Voorzieningen
WK197005,0.17351423986367692,Bereikbaarheid_Voorzieningen,entropy,Voorzieningen
BU19700500,0.04359228739885268,Bereikbaarheid_Voorzieningen,entropy,Voorzieningen
BU19700501,0.41642081573715806,Bereikbaarheid_Voorzieningen,entropy,Voorzieningen
BU19700502,0.2649830458858496,Bereikbaarheid_Voorzieningen,entropy,Voorzieningen
BU19700503,0.3716743590905868,Bereikbaarheid_Voorzieningen,entropy,Voorzieningen
BU19700506,0.13848445557178007,Bereikbaarheid_Voorzieningen,entropy,Voorzieningen
BU19700507,0.32140292236860724,Bereikbaarheid_Voorzieningen,entropy,Voorzieningen
BU19700508,0.27143780754635943,Bereikbaarheid_Voorzieningen,entropy,Voorzieningen
BU19700509,0.3356625958375083,Bereikbaarheid_Voorzieningen,entropy,Voorzieningen
WK197006,0.0988568705857547,Bereikbaarheid_Voorzieningen,entropy,Voorzieningen
BU19700600,0.03633719398476894,Bereikbaarheid_Voorzieningen,entropy,Voorzieningen
BU19700601,0.17539071139780768,Bereikbaarheid_Voorzieningen,entropy,Voorzieningen
BU19700602,0.25559285476636506,Bereikbaarheid_Voorzieningen,entropy,Voorzieningen
BU19700603,0.28601315787442894,Bereikbaarheid_Voorzieningen,entropy,Voorzieningen
BU19700604,0.17560290603405856,Bereikbaarheid_Voorzieningen,entropy,Voorzieningen
BU19700605,0.19840752758746572,Bereikbaarheid_Voorzieningen,entropy,Voorzieningen
BU19700608,0.1615192713062249,Bereikbaarheid_Voorzieningen,entropy,Voorzieningen
BU19700609,0.3064562450700179,Bereikbaarheid_Voorzieningen,entropy,Voorzieningen
WK197007,0.2516740779368016,Bereikbaarheid_Voorzieningen,entropy,Voorzieningen
BU19700700,0.21349667754824217,Bereikbaarheid_Voorzieningen,entropy,Voorzieningen
BU19700701,0.33391416152529496,Bereikbaarheid_Voorzieningen,entropy,Voorzieningen
BU19700702,0.30750270325036927,Bereikbaarheid_Voorzieningen,entropy,Voorzieningen
BU19700703,0.30024332609007004,Bereikbaarheid_Voorzieningen,entropy,Voorzieningen
BU19700708,0.20766819180794163,Bereikbaarheid_Voorzieningen,entropy,Voorzieningen
BU19700709,0.25824787046192904,Bereikbaarheid_Voorzieningen,entropy,Voorzieningen
WK197008,0.10737670320915492,Bereikbaarheid_Voorzieningen,entropy,Voorzieningen
BU19700800,0.05909700320668303,Bereikbaarheid_Voorzieningen,entropy,Voorzieningen
BU19700801,0.09609806029167843,Bereikbaarheid_Voorzieningen,entropy,Voorzieningen
BU19700802,0.1447166107251562,Bereikbaarheid_Voorzieningen,entropy,Voorzieningen
BU19700803,0.23596023680091172,Bereikbaarheid_Voorzieningen,entropy,Voorzieningen
BU19700807,0.16945606734505558,Bereikbaarheid_Voorzieningen,entropy,Voorzieningen
BU19700808,0.17200058466653012,Bereikbaarheid_Voorzieningen,entropy,Voorzieningen
BU19700809,0.21681493631542398,Bereikbaarheid_Voorzieningen,entropy,Voorzieningen
WK197009,0.09317396037172698,Bereikbaarheid_Voorzieningen,entropy,Voorzieningen
BU19700900,0.07591374668618783,Bereikbaarheid_Voorzieningen,entropy,Voorzieningen
BU19700909,0.19586780906745876,Bereikbaarheid_Voorzieningen,entropy,Voorzieningen
WK197010,0.23727946779197204,Bereikbaarheid_Voorzieningen,entropy,Voorzieningen
BU19701000,0.1838781564504749,Bereikbaarheid_Voorzieningen,entropy,Voorzieningen
BU19701001,0.26150667329771804,Bereikbaarheid_Voorzieningen,entropy,Voorzieningen
BU19701002,0.2530974269625949,Bereikbaarheid_Voorzieningen,entropy,Voorzieningen
BU19701003,0.318983880351173,Bereikbaarheid_Voorzieningen,entropy,Voorzieningen
BU19701004,0.40322662846240664,Bereikbaarheid_Voorzieningen,entropy,Voorzieningen
BU19701005,0.3476067002812407,Bereikbaarheid_Voorzieningen,entropy,Voorzieningen
BU19701006,0.37352439573424223,Bereikbaarheid_Voorzieningen,entropy,Voorzieningen
BU19701008,0.2216297879693442,Bereikbaarheid_Voorzieningen,entropy,Voorzieningen
BU19701009,0.3279421645206078,Bereikbaarheid_Voorzieningen,entropy,Voorzieningen
WK197011,0.09454027347058698,Bereikbaarheid_Voorzieningen,entropy,Voorzieningen
BU19701100,0.08541916853261905,Bereikbaarheid_Voorzieningen,entropy,Voorzieningen
BU19701109,0.21272780911181843,Bereikbaarheid_Voorzieningen,entropy,Voorzieningen
WK197012,0.2963897859136312,Bereikbaarheid_Voorzieningen,entropy,Voorzieningen
BU19701200,0.2461549352396222,Bereikbaarheid_Voorzieningen,entropy,Voorzieningen
BU19701201,0.3691598535101506,Bereikbaarheid_Voorzieningen,entropy,Voorzieningen
BU19701202,0.42747941457649885,Bereikbaarheid_Voorzieningen,entropy,Voorzieningen
BU19701203,0.2132861528751887,Bereikbaarheid_Voorzieningen,entropy,Voorzieningen
BU19701204,0.26921845383577714,Bereikbaarheid_Voorzieningen,entropy,Voorzieningen
BU19701206,0.31173050611968195,Bereikbaarheid_Voorzieningen,entropy,Voorzieningen
BU19701207,0.3814755124478728,Bereikbaarheid_Voorzieningen,entropy,Voorzieningen
BU19701208,0.39579109818698527,Bereikbaarheid_Voorzieningen,entropy,Voorzieningen
BU19701209,0.3138237984449247,Bereikbaarheid_Voorzieningen,entropy,Voorzieningen
WK197013,0.18130707603147933,Bereikbaarheid_Voorzieningen,entropy,Voorzieningen
BU19701300,0.1699618830729427,Bereikbaarheid_Voorzieningen,entropy,Voorzieningen
BU19701301,0.1737914125997279,Bereikbaarheid_Voorzieningen,entropy,Voorzieningen
BU19701302,0.16283629223262527,Bereikbaarheid_Voorzieningen,entropy,Voorzieningen
BU19701308,0.2280066480407209,Bereikbaarheid_Voorzieningen,entropy,Voorzieningen
BU19701309,0.3033546724535173,Bereikbaarheid_Voorzieningen,entropy,Voorzieningen
WK197014,0.0900140405749825,Bereikbaarheid_Voorzieningen,entropy,Voorzieningen
BU19701400,0.07142337361194911,Bereikbaarheid_Voorzieningen,entropy,Voorzieningen
BU19701401,0.1365559658930821,Bereikbaarheid_Voorzieningen,entropy,Voorzieningen
BU19701402,0.14654919947233214,Bereikbaarheid_Voorzieningen,entropy,Voorzieningen
BU19701409,0.2219433974028464,Bereikbaarheid_Voorzieningen,entropy,Voorzieningen
GM0085,0.1317581524012877,Bereikbaarheid_Voorzieningen,entropy,Voorzieningen
WK008501,0.11685586741459228,Bereikbaarheid_Voorzieningen,entropy,Voorzieningen
BU00850101,0.09768845841933367,Bereikbaarheid_Voorzieningen,entropy,Voorzieningen
BU00850102,0.11123015047711621,Bereikbaarheid_Voorzieningen,entropy,Voorzieningen
BU00850103,0.06595855650819413,Bereikbaarheid_Voorzieningen,entropy,Voorzieningen
BU00850104,0.03861045324373839,Bereikbaarheid_Voorzieningen,entropy,Voorzieningen
BU00850105,0.06529835998523956,Bereikbaarheid_Voorzieningen,entropy,Voorzieningen
BU00850106,0.16974841254434722,Bereikbaarheid_Voorzieningen,entropy,Voorzieningen
BU00850107,0.08856735348136574,Bereikbaarheid_Voorzieningen,entropy,Voorzieningen
BU00850108,0.12414288785450756,Bereikbaarheid_Voorzieningen,entropy,Voorzieningen
BU00850109,0.09237838015735457,Bereikbaarheid_Voorzieningen,entropy,Voorzieningen
BU00850110,0.04862941469810553,Bereikbaarheid_Voorzieningen,entropy,Voorzieningen
BU00850111,0.22032367389172008,Bereikbaarheid_Voorzieningen,entropy,Voorzieningen
WK008502,0.10002402871682341,Bereikbaarheid_Voorzieningen,entropy,Voorzieningen
BU00850201,0.046724691946067154,Bereikbaarheid_Voorzieningen,entropy,Voorzieningen
BU00850202,0.048612493019221194,Bereikbaarheid_Voorzieningen,entropy,Voorzieningen
BU00850203,0.19168037476315739,Bereikbaarheid_Voorzieningen,entropy,Voorzieningen
WK008503,0.29920684181773255,Bereikbaarheid_Voorzieningen,entropy,Voorzieningen
BU00850301,0.2675182755366358,Bereikbaarheid_Voorzieningen,entropy,Voorzieningen
BU00850302,0.33812871196364314,Bereikbaarheid_Voorzieningen,entropy,Voorzieningen
WK008504,0.2855390583669976,Bereikbaarheid_Voorzieningen,entropy,Voorzieningen
BU00850401,0.2697061375385098,Bereikbaarheid_Voorzieningen,entropy,Voorzieningen
BU00850402,0.2957462622580093,Bereikbaarheid_Voorzieningen,entropy,Voorzieningen
WK008505,0.285169654288419,Bereikbaarheid_Voorzieningen,entropy,Voorzieningen
BU00850501,0.3150769022996273,Bereikbaarheid_Voorzieningen,entropy,Voorzieningen
BU00850502,0.27130576082740365,Bereikbaarheid_Voorzieningen,entropy,Voorzieningen
WK008506,0.06901476974776921,Bereikbaarheid_Voorzieningen,entropy,Voorzieningen
BU00850601,0.0561484857623893,Bereikbaarheid_Voorzieningen,entropy,Voorzieningen
BU00850602,0.045154791300715376,Bereikbaarheid_Voorzieningen,entropy,Voorzieningen
BU00850603,0.03438772797015539,Bereikbaarheid_Voorzieningen,entropy,Voorzieningen
BU00850604,0.03601847481329939,Bereikbaarheid_Voorzieningen,entropy,Voorzieningen
BU00850605,0.06526959070035723,Bereikbaarheid_Voorzieningen,entropy,Voorzieningen
BU00850606,0.06526959070035723,Bereikbaarheid_Voorzieningen,entropy,Voorzieningen
BU00850607,0.04323656712866522,Bereikbaarheid_Voorzieningen,entropy,Voorzieningen
BU00850608,0.14924733621522268,Bereikbaarheid_Voorzieningen,entropy,Voorzieningen
WK008507,0.29239927485786676,Bereikbaarheid_Voorzieningen,entropy,Voorzieningen
BU00850701,0.2876720996200581,Bereikbaarheid_Voorzieningen,entropy,Voorzieningen
BU00850702,0.3111702358911866,Bereikbaarheid_Voorzieningen,entropy,Voorzieningen
WK008508,0.16007951935660245,Bereikbaarheid_Voorzieningen,entropy,Voorzieningen
BU00850801,0.11372100769096928,Bereikbaarheid_Voorzieningen,entropy,Voorzieningen
BU00850802,0.2298991661946462,Bereikbaarheid_Voorzieningen,entropy,Voorzieningen
WK008509,0.3244590411339906,Bereikbaarheid_Voorzieningen,entropy,Voorzieningen
BU00850901,0.34695031116947994,Bereikbaarheid_Voorzieningen,entropy,Voorzieningen
BU00850902,0.3151801168582742,Bereikbaarheid_Voorzieningen,entropy,Voorzieningen
WK008510,0.07784839735683098,Bereikbaarheid_Voorzieningen,entropy,Voorzieningen
BU00851001,0.0514446040007859,Bereikbaarheid_Voorzieningen,entropy,Voorzieningen
BU00851002,0.05077255987183333,Bereikbaarheid_Voorzieningen,entropy,Voorzieningen
BU00851003,0.17818055167447827,Bereikbaarheid_Voorzieningen,entropy,Voorzieningen
WK008511,0.12592618995953686,Bereikbaarheid_Voorzieningen,entropy,Voorzieningen
BU00851101,0.15910277896429317,Bereikbaarheid_Voorzieningen,entropy,Voorzieningen
BU00851102,0.17734498884022903,Bereikbaarheid_Voorzieningen,entropy,Voorzieningen
BU00851103,0.1317546756998374,Bereikbaarheid_Voorzieningen,entropy,Voorzieningen
BU00851104,0.08990954160685775,Bereikbaarheid_Voorzieningen,entropy,Voorzieningen
BU00851105,0.08237354886368965,Bereikbaarheid_Voorzieningen,entropy,Voorzieningen
BU00851106,0.09246938680896435,Bereikbaarheid_Voorzieningen,entropy,Voorzieningen
BU00851107,0.09530149779052906,Bereikbaarheid_Voorzieningen,entropy,Voorzieningen
BU00851108,0.11262645691350032,Bereikbaarheid_Voorzieningen,entropy,Voorzieningen
BU00851109,0.14250316353749926,Bereikbaarheid_Voorzieningen,entropy,Voorzieningen
BU00851110,0.10026661646925986,Bereikbaarheid_Voorzieningen,entropy,Voorzieningen
BU00851111,0.12351621572882063,Bereikbaarheid_Voorzieningen,entropy,Voorzieningen
BU00851112,0.10469404976428781,Bereikbaarheid_Voorzieningen,entropy,Voorzieningen
BU00851113,0.09682494504386938,Bereikbaarheid_Voorzieningen,entropy,Voorzieningen
BU00851114,0.0990306465448257,Bereikbaarheid_Voorzieningen,entropy,Voorzieningen
BU00851115,0.10443699553427777,Bereikbaarheid_Voorzieningen,entropy,Voorzieningen
BU00851116,0.11789844715770267,Bereikbaarheid_Voorzieningen,entropy,Voorzieningen
BU00851117,0.13173946415038934,Bereikbaarheid_Voorzieningen,entropy,Voorzieningen
BU00851118,0.25773090298052315,Bereikbaarheid_Voorzieningen,entropy,Voorzieningen
WK008512,0.2763756827241356,Bereikbaarheid_Voorzieningen,entropy,Voorzieningen
BU00851201,0.25484085365053233,Bereikbaarheid_Voorzieningen,entropy,Voorzieningen
BU00851202,0.3139462014290511,Bereikbaarheid_Voorzieningen,entropy,Voorzieningen
WK008513,0.17573299931690126,Bereikbaarheid_Voorzieningen,entropy,Voorzieningen
BU00851301,0.14561433368115634,Bereikbaarheid_Voorzieningen,entropy,Voorzieningen
BU00851302,0.22666098321377862,Bereikbaarheid_Voorzieningen,entropy,Voorzieningen
GM0086,0.12456797154092951,Bereikbaarheid_Voorzieningen,entropy,Voorzieningen
WK008601,0.07892236525639931,Bereikbaarheid_Voorzieningen,entropy,Voorzieningen
BU00860101,0.042657429783735566,Bereikbaarheid_Voorzieningen,entropy,Voorzieningen
BU00860102,0.04734609999589091,Bereikbaarheid_Voorzieningen,entropy,Voorzieningen
BU00860103,0.18466801541540462,Bereikbaarheid_Voorzieningen,entropy,Voorzieningen
WK008602,0.07932539121815986,Bereikbaarheid_Voorzieningen,entropy,Voorzieningen
BU00860201,0.03376631992033163,Bereikbaarheid_Voorzieningen,entropy,Voorzieningen
BU00860202,0.044802285086899644,Bereikbaarheid_Voorzieningen,entropy,Voorzieningen
BU00860203,0.06228790942409476,Bereikbaarheid_Voorzieningen,entropy,Voorzieningen
BU00860204,0.07694299420986435,Bereikbaarheid_Voorzieningen,entropy,Voorzieningen
BU00860205,0.057468997096611664,Bereikbaarheid_Voorzieningen,entropy,Voorzieningen
BU00860206,0.1084725714588641,Bereikbaarheid_Voorzieningen,entropy,Voorzieningen
BU00860207,0.12574004832749322,Bereikbaarheid_Voorzieningen,entropy,Voorzieningen
BU00860208,0.26942677569225526,Bereikbaarheid_Voorzieningen,entropy,Voorzieningen
BU00860209,0.1325750269846386,Bereikbaarheid_Voorzieningen,entropy,Voorzieningen
WK008604,0.17568919112917739,Bereikbaarheid_Voorzieningen,entropy,Voorzieningen
BU00860401,0.17390857331464302,Bereikbaarheid_Voorzieningen,entropy,Voorzieningen
BU00860402,0.2058233182059535,Bereikbaarheid_Voorzieningen,entropy,Voorzieningen
WK008605,0.10968132064187178,Bereikbaarheid_Voorzieningen,entropy,Voorzieningen
BU00860501,0.09311311417393475,Bereikbaarheid_Voorzieningen,entropy,Voorzieningen
BU00860502,0.14124516944429805,Bereikbaarheid_Voorzieningen,entropy,Voorzieningen
BU00860503,0.12096443522425615,Bereikbaarheid_Voorzieningen,entropy,Voorzieningen
BU00860504,0.12272691283757739,Bereikbaarheid_Voorzieningen,entropy,Voorzieningen
BU00860505,0.10968188949395594,Bereikbaarheid_Voorzieningen,entropy,Voorzieningen
BU00860506,0.07845100082457243,Bereikbaarheid_Voorzieningen,entropy,Voorzieningen
BU00860507,0.11411124372379591,Bereikbaarheid_Voorzieningen,entropy,Voorzieningen
BU00860508,0.24886194531597236,Bereikbaarheid_Voorzieningen,entropy,Voorzieningen
WK008606,0.3124983633163093,Bereikbaarheid_Voorzieningen,entropy,Voorzieningen
BU00860601,0.3036917948626936,Bereikbaarheid_Voorzieningen,entropy,Voorzieningen
BU00860602,0.3263317153901154,Bereikbaarheid_Voorzieningen,entropy,Voorzieningen
WK008607,0.2768688757914397,Bereikbaarheid_Voorzieningen,entropy,Voorzieningen
BU00860701,0.26871455549442047,Bereikbaarheid_Voorzieningen,entropy,Voorzieningen
BU00860702,0.28359590323140765,Bereikbaarheid_Voorzieningen,entropy,Voorzieningen
WK008608,0.15318740939579611,Bereikbaarheid_Voorzieningen,entropy,Voorzieningen
BU00860801,0.12425419393654051,Bereikbaarheid_Voorzieningen,entropy,Voorzieningen
BU00860802,0.2187476523952238,Bereikbaarheid_Voorzieningen,entropy,Voorzieningen
WK008609,0.16538286867708807,Bereikbaarheid_Voorzieningen,entropy,Voorzieningen
BU00860901,0.1470820743556653,Bereikbaarheid_Voorzieningen,entropy,Voorzieningen
BU00860902,0.209375580522496,Bereikbaarheid_Voorzieningen,entropy,Voorzieningen
WK008610,0.3261143909015788,Bereikbaarheid_Voorzieningen,entropy,Voorzieningen
BU00861001,0.34290683318792525,Bereikbaarheid_Voorzieningen,entropy,Voorzieningen
BU00861002,0.2947208150240613,Bereikbaarheid_Voorzieningen,entropy,Voorzieningen
WK008611,0.11308570199075386,Bereikbaarheid_Voorzieningen,entropy,Voorzieningen
BU00861101,0.06924140087888313,Bereikbaarheid_Voorzieningen,entropy,Voorzieningen
BU00861102,0.22137208656277782,Bereikbaarheid_Voorzieningen,entropy,Voorzieningen
WK008613,0.19466880115553514,Bereikbaarheid_Voorzieningen,entropy,Voorzieningen
BU00861301,0.15065633702685335,Bereikbaarheid_Voorzieningen,entropy,Voorzieningen
BU00861302,0.22624506641604353,Bereikbaarheid_Voorzieningen,entropy,Voorzieningen
WK008614,0.16899030780658514,Bereikbaarheid_Voorzieningen,entropy,Voorzieningen
BU00861401,0.13329964180846554,Bereikbaarheid_Voorzieningen,entropy,Voorzieningen
BU00861402,0.22653062281013767,Bereikbaarheid_Voorzieningen,entropy,Voorzieningen
WK008615,0.19060305569853664,Bereikbaarheid_Voorzieningen,entropy,Voorzieningen
BU00861501,0.1457992331288072,Bereikbaarheid_Voorzieningen,entropy,Voorzieningen
BU00861502,0.28006891179336235,Bereikbaarheid_Voorzieningen,entropy,Voorzieningen
WK008616,0.08957669227468598,Bereikbaarheid_Voorzieningen,entropy,Voorzieningen
BU00861601,0.04744408085280016,Bereikbaarheid_Voorzieningen,entropy,Voorzieningen
BU00861602,0.06625021652421764,Bereikbaarheid_Voorzieningen,entropy,Voorzieningen
BU00861603,0.08487281051308257,Bereikbaarheid_Voorzieningen,entropy,Voorzieningen
BU00861604,0.03798486250679727,Bereikbaarheid_Voorzieningen,entropy,Voorzieningen
BU00861605,0.05971519720013507,Bereikbaarheid_Voorzieningen,entropy,Voorzieningen
BU00861606,0.2615800351398535,Bereikbaarheid_Voorzieningen,entropy,Voorzieningen
BU00861607,0.2128934432555259,Bereikbaarheid_Voorzieningen,entropy,Voorzieningen
WK008617,0.11210690262751372,Bereikbaarheid_Voorzieningen,entropy,Voorzieningen
BU00861701,0.030642548922743422,Bereikbaarheid_Voorzieningen,entropy,Voorzieningen
BU00861702,0.046037436267666536,Bereikbaarheid_Voorzieningen,entropy,Voorzieningen
BU00861703,0.21601915347173456,Bereikbaarheid_Voorzieningen,entropy,Voorzieningen
GM0088,0.035043741805992616,Bereikbaarheid_Voorzieningen,entropy,Voorzieningen
WK008800,0.035043741805992616,Bereikbaarheid_Voorzieningen,entropy,Voorzieningen
BU00880000,0.030642548922743422,Bereikbaarheid_Voorzieningen,entropy,Voorzieningen
BU00880009,0.11462029443760886,Bereikbaarheid_Voorzieningen,entropy,Voorzieningen
GM0090,0.19397309367761156,Bereikbaarheid_Voorzieningen,entropy,Voorzieningen
WK009001,0.253882246261156,Bereikbaarheid_Voorzieningen,entropy,Voorzieningen
BU00900101,0.253882246261156,Bereikbaarheid_Voorzieningen,entropy,Voorzieningen
WK009002,0.18089261582159882,Bereikbaarheid_Voorzieningen,entropy,Voorzieningen
BU00900201,0.20593260772267233,Bereikbaarheid_Voorzieningen,entropy,Voorzieningen
BU00900202,0.18217994609463734,Bereikbaarheid_Voorzieningen,entropy,Voorzieningen
BU00900203,0.1923036954949197,Bereikbaarheid_Voorzieningen,entropy,Voorzieningen
BU00900204,0.17713222522473882,Bereikbaarheid_Voorzieningen,entropy,Voorzieningen
BU00900205,0.17238983843748204,Bereikbaarheid_Voorzieningen,entropy,Voorzieningen
BU00900206,0.1850731831482879,Bereikbaarheid_Voorzieningen,entropy,Voorzieningen
WK009003,0.2524131179908956,Bereikbaarheid_Voorzieningen,entropy,Voorzieningen
BU00900301,0.277787859356554,Bereikbaarheid_Voorzieningen,entropy,Voorzieningen
BU00900302,0.24316210517018685,Bereikbaarheid_Voorzieningen,entropy,Voorzieningen
BU00900303,0.2468331692621628,Bereikbaarheid_Voorzieningen,entropy,Voorzieningen
BU00900304,0.22389699876549646,Bereikbaarheid_Voorzieningen,entropy,Voorzieningen
WK009004,0.16301264432706591,Bereikbaarheid_Voorzieningen,entropy,Voorzieningen
BU00900401,0.1440358675508433,Bereikbaarheid_Voorzieningen,entropy,Voorzieningen
BU00900402,0.1850597381708538,Bereikbaarheid_Voorzieningen,entropy,Voorzieningen
BU00900403,0.20202791643729076,Bereikbaarheid_Voorzieningen,entropy,Voorzieningen
BU00900404,0.16589052351737388,Bereikbaarheid_Voorzieningen,entropy,Voorzieningen
BU00900405,0.1631503842449808,Bereikbaarheid_Voorzieningen,entropy,Voorzieningen
BU00900406,0.14321724928216176,Bereikbaarheid_Voorzieningen,entropy,Voorzieningen
WK009005,0.2120593843482121,Bereikbaarheid_Voorzieningen,entropy,Voorzieningen
BU00900501,0.20627402161236724,Bereikbaarheid_Voorzieningen,entropy,Voorzieningen
BU00900502,0.23006353802522567,Bereikbaarheid_Voorzieningen,entropy,Voorzieningen
WK009006,0.18884348213252547,Bereikbaarheid_Voorzieningen,entropy,Voorzieningen
BU00900601,0.19068507970525117,Bereikbaarheid_Voorzieningen,entropy,Voorzieningen
BU00900602,0.1858158655312262,Bereikbaarheid_Voorzieningen,entropy,Voorzieningen
BU00900603,0.19545119526039825,Bereikbaarheid_Voorzieningen,entropy,Voorzieningen
WK009007,0.1827502564409353,Bereikbaarheid_Voorzieningen,entropy,Voorzieningen
BU00900701,0.16948140258787883,Bereikbaarheid_Voorzieningen,entropy,Voorzieningen
BU00900702,0.13797238530519412,Bereikbaarheid_Voorzieningen,entropy,Voorzieningen
BU00900703,0.17485481683454637,Bereikbaarheid_Voorzieningen,entropy,Voorzieningen
BU00900704,0.21994328612879246,Bereikbaarheid_Voorzieningen,entropy,Voorzieningen
BU00900705,0.16554459082766027,Bereikbaarheid_Voorzieningen,entropy,Voorzieningen
BU00900706,0.21811128716325484,Bereikbaarheid_Voorzieningen,entropy,Voorzieningen
WK009008,0.23275631516346795,Bereikbaarheid_Voorzieningen,entropy,Voorzieningen
BU00900801,0.24718441786744244,Bereikbaarheid_Voorzieningen,entropy,Voorzieningen
BU00900802,0.22352315909649484,Bereikbaarheid_Voorzieningen,entropy,Voorzieningen
BU00900803,0.21465739825910068,Bereikbaarheid_Voorzieningen,entropy,Voorzieningen
WK009009,0.22050835873193922,Bereikbaarheid_Voorzieningen,entropy,Voorzieningen
BU00900901,0.22831686714614857,Bereikbaarheid_Voorzieningen,entropy,Voorzieningen
BU00900902,0.23671554176761825,Bereikbaarheid_Voorzieningen,entropy,Voorzieningen
BU00900903,0.21220960418599927,Bereikbaarheid_Voorzieningen,entropy,Voorzieningen
BU00900904,0.22425690172280127,Bereikbaarheid_Voorzieningen,entropy,Voorzieningen
WK009010,0.21276569794630676,Bereikbaarheid_Voorzieningen,entropy,Voorzieningen
BU00901001,0.21680322219301038,Bereikbaarheid_Voorzieningen,entropy,Voorzieningen
BU00901002,0.2210305318895014,Bereikbaarheid_Voorzieningen,entropy,Voorzieningen
BU00901003,0.20906936760361067,Bereikbaarheid_Voorzieningen,entropy,Voorzieningen
BU00901004,0.20911975379115638,Bereikbaarheid_Voorzieningen,entropy,Voorzieningen
WK009011,0.2310152574306208,Bereikbaarheid_Voorzieningen,entropy,Voorzieningen
BU00901101,0.2310152574306208,Bereikbaarheid_Voorzieningen,entropy,Voorzieningen
WK009012,0.2531886661245153,Bereikbaarheid_Voorzieningen,entropy,Voorzieningen
BU00901201,0.2522139331172085,Bereikbaarheid_Voorzieningen,entropy,Voorzieningen
BU00901202,0.2564197367119072,Bereikbaarheid_Voorzieningen,entropy,Voorzieningen
WK009013,0.1614254385508475,Bereikbaarheid_Voorzieningen,entropy,Voorzieningen
BU00901301,0.14870809046200673,Bereikbaarheid_Voorzieningen,entropy,Voorzieningen
BU00901302,0.14829472082118364,Bereikbaarheid_Voorzieningen,entropy,Voorzieningen
BU00901303,0.18837412968857595,Bereikbaarheid_Voorzieningen,entropy,Voorzieningen
WK009021,0.12091949851267556,Bereikbaarheid_Voorzieningen,entropy,Voorzieningen
BU00902104,0.11308534039576386,Bereikbaarheid_Voorzieningen,entropy,Voorzieningen
BU00902105,0.12031851070017861,Bereikbaarheid_Voorzieningen,entropy,Voorzieningen
BU00902109,0.22584917007697386,Bereikbaarheid_Voorzieningen,entropy,Voorzieningen
BU00902110,0.06523916760146112,Bereikbaarheid_Voorzieningen,entropy,Voorzieningen
BU00902114,0.3086085134433503,Bereikbaarheid_Voorzieningen,entropy,Voorzieningen
WK009022,0.19120957918341466,Bereikbaarheid_Voorzieningen,entropy,Voorzieningen
BU00902201,0.20171865678229717,Bereikbaarheid_Voorzieningen,entropy,Voorzieningen
BU00902202,0.25406022234052944,Bereikbaarheid_Voorzieningen,entropy,Voorzieningen
BU00902203,0.25162524450417156,Bereikbaarheid_Voorzieningen,entropy,Voorzieningen
BU00902206,0.11597645373322796,Bereikbaarheid_Voorzieningen,entropy,Voorzieningen
BU00902212,0.30001460032294425,Bereikbaarheid_Voorzieningen,entropy,Voorzieningen
BU00902213,0.540353740674669,Bereikbaarheid_Voorzieningen,entropy,Voorzieningen
BU00902215,0.44130912743543604,Bereikbaarheid_Voorzieningen,entropy,Voorzieningen
BU00902216,0.20551949162343097,Bereikbaarheid_Voorzieningen,entropy,Voorzieningen
WK009023,0.17201267308551665,Bereikbaarheid_Voorzieningen,entropy,Voorzieningen
BU00902307,0.20940360013262896,Bereikbaarheid_Voorzieningen,entropy,Voorzieningen
BU00902308,0.19052967761401418,Bereikbaarheid_Voorzieningen,entropy,Voorzieningen
BU00902311,0.12296156050143148,Bereikbaarheid_Voorzieningen,entropy,Voorzieningen
GM1900,0.16250733295978173,Bereikbaarheid_Voorzieningen,entropy,Voorzieningen
WK190000,0.11539049207007718,Bereikbaarheid_Voorzieningen,entropy,Voorzieningen
BU19000000,0.09730610153188979,Bereikbaarheid_Voorzieningen,entropy,Voorzieningen
BU19000001,0.09593240891875585,Bereikbaarheid_Voorzieningen,entropy,Voorzieningen
BU19000002,0.08607782757274385,Bereikbaarheid_Voorzieningen,entropy,Voorzieningen
BU19000003,0.13314177063101426,Bereikbaarheid_Voorzieningen,entropy,Voorzieningen
BU19000004,0.14350179242898983,Bereikbaarheid_Voorzieningen,entropy,Voorzieningen
BU19000009,0.1716412541344933,Bereikbaarheid_Voorzieningen,entropy,Voorzieningen
WK190001,0.17462398115932282,Bereikbaarheid_Voorzieningen,entropy,Voorzieningen
BU19000101,0.17774260441223186,Bereikbaarheid_Voorzieningen,entropy,Voorzieningen
BU19000102,0.18054834142161866,Bereikbaarheid_Voorzieningen,entropy,Voorzieningen
BU19000103,0.18927018054675382,Bereikbaarheid_Voorzieningen,entropy,Voorzieningen
BU19000104,0.16670131528119436,Bereikbaarheid_Voorzieningen,entropy,Voorzieningen
BU19000105,0.1669942293325702,Bereikbaarheid_Voorzieningen,entropy,Voorzieningen
BU19000106,0.15375340326570539,Bereikbaarheid_Voorzieningen,entropy,Voorzieningen
BU19000107,0.1770053587517632,Bereikbaarheid_Voorzieningen,entropy,Voorzieningen
BU19000108,0.15668961700991713,Bereikbaarheid_Voorzieningen,entropy,Voorzieningen
BU19000109,0.15142505706509823,Bereikbaarheid_Voorzieningen,entropy,Voorzieningen
BU19000110,0.1892739634552097,Bereikbaarheid_Voorzieningen,entropy,Voorzieningen
BU19000111,0.22268077662371416,Bereikbaarheid_Voorzieningen,entropy,Voorzieningen
BU19000112,0.14317749022115608,Bereikbaarheid_Voorzieningen,entropy,Voorzieningen
BU19000113,0.17587950073771375,Bereikbaarheid_Voorzieningen,entropy,Voorzieningen
BU19000114,0.17231908385231232,Bereikbaarheid_Voorzieningen,entropy,Voorzieningen
BU19000115,0.17985811800524565,Bereikbaarheid_Voorzieningen,entropy,Voorzieningen
BU19000116,0.16853227662388323,Bereikbaarheid_Voorzieningen,entropy,Voorzieningen
BU19000117,0.13929235671544954,Bereikbaarheid_Voorzieningen,entropy,Voorzieningen
BU19000118,0.2475615189318966,Bereikbaarheid_Voorzieningen,entropy,Voorzieningen
BU19000119,0.21620804545146854,Bereikbaarheid_Voorzieningen,entropy,Voorzieningen
BU19000120,0.16078927147247588,Bereikbaarheid_Voorzieningen,entropy,Voorzieningen
WK190002,0.11375860394958105,Bereikbaarheid_Voorzieningen,entropy,Voorzieningen
BU19000200,0.09162077520275869,Bereikbaarheid_Voorzieningen,entropy,Voorzieningen
BU19000201,0.3077180536704401,Bereikbaarheid_Voorzieningen,entropy,Voorzieningen
BU19000202,0.15747973962417833,Bereikbaarheid_Voorzieningen,entropy,Voorzieningen
BU19000208,0.25043812328445336,Bereikbaarheid_Voorzieningen,entropy,Voorzieningen
BU19000209,0.20550974768169902,Bereikbaarheid_Voorzieningen,entropy,Voorzieningen
WK190003,0.12328883952583224,Bereikbaarheid_Voorzieningen,entropy,Voorzieningen
BU19000300,0.05360467085339803,Bereikbaarheid_Voorzieningen,entropy,Voorzieningen
BU19000301,0.4440131397656651,Bereikbaarheid_Voorzieningen,entropy,Voorzieningen
BU19000302,0.28290636857148654,Bereikbaarheid_Voorzieningen,entropy,Voorzieningen
BU19000308,0.19258549446264656,Bereikbaarheid_Voorzieningen,entropy,Voorzieningen
BU19000309,0.2381403658441423,Bereikbaarheid_Voorzieningen,entropy,Voorzieningen
WK190004,0.13518643516466655,Bereikbaarheid_Voorzieningen,entropy,Voorzieningen
BU19000400,0.15310664470097246,Bereikbaarheid_Voorzieningen,entropy,Voorzieningen
BU19000401,0.13696039683186664,Bereikbaarheid_Voorzieningen,entropy,Voorzieningen
BU19000402,0.24787707588669722,Bereikbaarheid_Voorzieningen,entropy,Voorzieningen
BU19000403,0.10936736666563505,Bereikbaarheid_Voorzieningen,entropy,Voorzieningen
BU19000408,0.2183355021792654,Bereikbaarheid_Voorzieningen,entropy,Voorzieningen
BU19000409,0.15551457508078634,Bereikbaarheid_Voorzieningen,entropy,Voorzieningen
WK190005,0.09416934165095148,Bereikbaarheid_Voorzieningen,entropy,Voorzieningen
BU19000500,0.06715992064661484,Bereikbaarheid_Voorzieningen,entropy,Voorzieningen
BU19000501,0.08304585563772075,Bereikbaarheid_Voorzieningen,entropy,Voorzieningen
BU19000502,0.11098678754293956,Bereikbaarheid_Voorzieningen,entropy,Voorzieningen
BU19000503,0.1924599419136296,Bereikbaarheid_Voorzieningen,entropy,Voorzieningen
WK190006,0.1049111687135019,Bereikbaarheid_Voorzieningen,entropy,Voorzieningen
BU19000600,0.03880413240285264,Bereikbaarheid_Voorzieningen,entropy,Voorzieningen
BU19000602,0.2160697813748047,Bereikbaarheid_Voorzieningen,entropy,Voorzieningen
BU19000603,0.25143376155128816,Bereikbaarheid_Voorzieningen,entropy,Voorzieningen
BU19000607,0.17319076915300585,Bereikbaarheid_Voorzieningen,entropy,Voorzieningen
BU19000608,0.36079657130847564,Bereikbaarheid_Voorzieningen,entropy,Voorzieningen
BU19000609,0.26103610575256614,Bereikbaarheid_Voorzieningen,entropy,Voorzieningen
WK190007,0.14012991508374176,Bereikbaarheid_Voorzieningen,entropy,Voorzieningen
BU19000700,0.10934432308101288,Bereikbaarheid_Voorzieningen,entropy,Voorzieningen
BU19000701,0.19555049472095576,Bereikbaarheid_Voorzieningen,entropy,Voorzieningen
BU19000702,0.20666568442886973,Bereikbaarheid_Voorzieningen,entropy,Voorzieningen
BU19000706,0.17558292108841672,Bereikbaarheid_Voorzieningen,entropy,Voorzieningen
BU19000707,0.21729969031179835,Bereikbaarheid_Voorzieningen,entropy,Voorzieningen
BU19000708,0.2031775596114678,Bereikbaarheid_Voorzieningen,entropy,Voorzieningen
WK190008,0.24066527349589859,Bereikbaarheid_Voorzieningen,entropy,Voorzieningen
BU19000800,0.19226328684048422,Bereikbaarheid_Voorzieningen,entropy,Voorzieningen
BU19000801,0.31503429946441946,Bereikbaarheid_Voorzieningen,entropy,Voorzieningen
BU19000802,0.32845474809923614,Bereikbaarheid_Voorzieningen,entropy,Voorzieningen
BU19000804,0.38783462340951835,Bereikbaarheid_Voorzieningen,entropy,Voorzieningen
BU19000808,0.2517960054630041,Bereikbaarheid_Voorzieningen,entropy,Voorzieningen
BU19000809,0.3889952289460391,Bereikbaarheid_Voorzieningen,entropy,Voorzieningen
WK190009,0.2999049191013697,Bereikbaarheid_Voorzieningen,entropy,Voorzieningen
BU19000900,0.22336576607408976,Bereikbaarheid_Voorzieningen,entropy,Voorzieningen
BU19000901,0.29038176588554326,Bereikbaarheid_Voorzieningen,entropy,Voorzieningen
BU19000902,0.3269395291114498,Bereikbaarheid_Voorzieningen,entropy,Voorzieningen
BU19000903,0.40950041086936184,Bereikbaarheid_Voorzieningen,entropy,Voorzieningen
BU19000904,0.3495734069352396,Bereikbaarheid_Voorzieningen,entropy,Voorzieningen
BU19000905,0.36647019369975764,Bereikbaarheid_Voorzieningen,entropy,Voorzieningen
BU19000906,0.45106626676847417,Bereikbaarheid_Voorzieningen,entropy,Voorzieningen
BU19000907,0.21150212655102432,Bereikbaarheid_Voorzieningen,entropy,Voorzieningen
BU19000908,0.38703730218046317,Bereikbaarheid_Voorzieningen,entropy,Voorzieningen
BU19000909,0.34110617041198754,Bereikbaarheid_Voorzieningen,entropy,Voorzieningen
WK190010,0.2163238714400261,Bereikbaarheid_Voorzieningen,entropy,Voorzieningen
BU19001000,0.3193329235195698,Bereikbaarheid_Voorzieningen,entropy,Voorzieningen
BU19001001,0.14186915463374436,Bereikbaarheid_Voorzieningen,entropy,Voorzieningen
BU19001002,0.30436981419207443,Bereikbaarheid_Voorzieningen,entropy,Voorzieningen
BU19001003,0.26964593283490346,Bereikbaarheid_Voorzieningen,entropy,Voorzieningen
BU19001007,0.3635111553523582,Bereikbaarheid_Voorzieningen,entropy,Voorzieningen
BU19001008,0.24324188958727527,Bereikbaarheid_Voorzieningen,entropy,Voorzieningen
WK190011,0.1667697137166818,Bereikbaarheid_Voorzieningen,entropy,Voorzieningen
BU19001100,0.13751859782962397,Bereikbaarheid_Voorzieningen,entropy,Voorzieningen
BU19001101,0.24725933441414535,Bereikbaarheid_Voorzieningen,entropy,Voorzieningen
BU19001108,0.3328221921238106,Bereikbaarheid_Voorzieningen,entropy,Voorzieningen
BU19001109,0.3191469428352305,Bereikbaarheid_Voorzieningen,entropy,Voorzieningen
WK190012,0.19071787723921013,Bereikbaarheid_Voorzieningen,entropy,Voorzieningen
BU19001200,0.16708452992327025,Bereikbaarheid_Voorzieningen,entropy,Voorzieningen
BU19001201,0.24958138233716695,Bereikbaarheid_Voorzieningen,entropy,Voorzieningen
BU19001202,0.2520789592872996,Bereikbaarheid_Voorzieningen,entropy,Voorzieningen
BU19001203,0.426654863350463,Bereikbaarheid_Voorzieningen,entropy,Voorzieningen
BU19001204,0.3160795289892542,Bereikbaarheid_Voorzieningen,entropy,Voorzieningen
BU19001208,0.2637167866792971,Bereikbaarheid_Voorzieningen,entropy,Voorzieningen
BU19001209,0.33144469564776446,Bereikbaarheid_Voorzieningen,entropy,Voorzieningen
WK190013,0.13050544514347778,Bereikbaarheid_Voorzieningen,entropy,Voorzieningen
BU19001300,0.04770113508281021,Bereikbaarheid_Voorzieningen,entropy,Voorzieningen
BU19001301,0.26909130748850785,Bereikbaarheid_Voorzieningen,entropy,Voorzieningen
BU19001302,0.18389641899940368,Bereikbaarheid_Voorzieningen,entropy,Voorzieningen
BU19001303,0.1148963775839531,Bereikbaarheid_Voorzieningen,entropy,Voorzieningen
BU19001306,0.18274127402491222,Bereikbaarheid_Voorzieningen,entropy,Voorzieningen
BU19001307,0.33320558213348134,Bereikbaarheid_Voorzieningen,entropy,Voorzieningen
BU19001308,0.21892713836615185,Bereikbaarheid_Voorzieningen,entropy,Voorzieningen
BU19001309,0.20365986555289903,Bereikbaarheid_Voorzieningen,entropy,Voorzieningen
WK190014,0.3697397028896306,Bereikbaarheid_Voorzieningen,entropy,Voorzieningen
BU19001400,0.49185322971553513,Bereikbaarheid_Voorzieningen,entropy,Voorzieningen
BU19001401,0.36058282247130075,Bereikbaarheid_Voorzieningen,entropy,Voorzieningen
BU19001402,0.32382324027838605,Bereikbaarheid_Voorzieningen,entropy,Voorzieningen
BU19001403,0.23318790232729553,Bereikbaarheid_Voorzieningen,entropy,Voorzieningen
BU19001404,0.2899875569418199,Bereikbaarheid_Voorzieningen,entropy,Voorzieningen
BU19001405,0.417683026073371,Bereikbaarheid_Voorzieningen,entropy,Voorzieningen
BU19001406,0.35590663426330205,Bereikbaarheid_Voorzieningen,entropy,Voorzieningen
BU19001407,0.45658538565153217,Bereikbaarheid_Voorzieningen,entropy,Voorzieningen
BU19001408,0.3706441709617459,Bereikbaarheid_Voorzieningen,entropy,Voorzieningen
BU19001409,0.33450629749534766,Bereikbaarheid_Voorzieningen,entropy,Voorzieningen
WK190015,0.434592593561609,Bereikbaarheid_Voorzieningen,entropy,Voorzieningen
BU19001500,0.5995743516814356,Bereikbaarheid_Voorzieningen,entropy,Voorzieningen
BU19001501,0.3393294935690461,Bereikbaarheid_Voorzieningen,entropy,Voorzieningen
BU19001502,0.3102507233859167,Bereikbaarheid_Voorzieningen,entropy,Voorzieningen
BU19001503,0.27547500419835247,Bereikbaarheid_Voorzieningen,entropy,Voorzieningen
BU19001509,0.6563239598713142,Bereikbaarheid_Voorzieningen,entropy,Voorzieningen
WK190016,0.3369979743554039,Bereikbaarheid_Voorzieningen,entropy,Voorzieningen
BU19001600,0.33211211220819914,Bereikbaarheid_Voorzieningen,entropy,Voorzieningen
BU19001601,0.48993715950664185,Bereikbaarheid_Voorzieningen,entropy,Voorzieningen
BU19001602,0.3595152912265114,Bereikbaarheid_Voorzieningen,entropy,Voorzieningen
BU19001603,0.16624324154081827,Bereikbaarheid_Voorzieningen,entropy,Voorzieningen
BU19001604,0.4308063642887609,Bereikbaarheid_Voorzieningen,entropy,Voorzieningen
BU19001606,0.3719741584033833,Bereikbaarheid_Voorzieningen,entropy,Voorzieningen
BU19001607,0.2598101132844274,Bereikbaarheid_Voorzieningen,entropy,Voorzieningen
BU19001608,0.3780668869575529,Bereikbaarheid_Voorzieningen,entropy,Voorzieningen
WK190017,0.08119100653656637,Bereikbaarheid_Voorzieningen,entropy,Voorzieningen
BU19001700,0.07680502520276525,Bereikbaarheid_Voorzieningen,entropy,Voorzieningen
BU19001709,0.16846137124909924,Bereikbaarheid_Voorzieningen,entropy,Voorzieningen
WK190018,0.2917844448078648,Bereikbaarheid_Voorzieningen,entropy,Voorzieningen
BU19001800,0.2269155730621663,Bereikbaarheid_Voorzieningen,entropy,Voorzieningen
BU19001801,0.36327429687336565,Bereikbaarheid_Voorzieningen,entropy,Voorzieningen
BU19001802,0.2752914102317121,Bereikbaarheid_Voorzieningen,entropy,Voorzieningen
BU19001803,0.4089746391488523,Bereikbaarheid_Voorzieningen,entropy,Voorzieningen
BU19001804,0.2209248350140018,Bereikbaarheid_Voorzieningen,entropy,Voorzieningen
BU19001808,0.2508669387028067,Bereikbaarheid_Voorzieningen,entropy,Voorzieningen
BU19001809,0.42393095967115013,Bereikbaarheid_Voorzieningen,entropy,Voorzieningen
WK190019,0.2668012082459122,Bereikbaarheid_Voorzieningen,entropy,Voorzieningen
BU19001900,0.23948649224514115,Bereikbaarheid_Voorzieningen,entropy,Voorzieningen
BU19001901,0.3146733969656844,Bereikbaarheid_Voorzieningen,entropy,Voorzieningen
BU19001902,0.22133522807761552,Bereikbaarheid_Voorzieningen,entropy,Voorzieningen
BU19001903,0.3357111509615588,Bereikbaarheid_Voorzieningen,entropy,Voorzieningen
BU19001904,0.29308067680592115,Bereikbaarheid_Voorzieningen,entropy,Voorzieningen
WK190020,0.15739123558820275,Bereikbaarheid_Voorzieningen,entropy,Voorzieningen
BU19002001,0.06743161757398877,Bereikbaarheid_Voorzieningen,entropy,Voorzieningen
BU19002002,0.14397239443257195,Bereikbaarheid_Voorzieningen,entropy,Voorzieningen
BU19002003,0.3245076571763384,Bereikbaarheid_Voorzieningen,entropy,Voorzieningen
BU19002004,0.1918886111986002,Bereikbaarheid_Voorzieningen,entropy,Voorzieningen
BU19002005,0.21331372814048025,Bereikbaarheid_Voorzieningen,entropy,Voorzieningen
BU19002006,0.25217203781539316,Bereikbaarheid_Voorzieningen,entropy,Voorzieningen
BU19002007,0.34765075836054765,Bereikbaarheid_Voorzieningen,entropy,Voorzieningen
BU19002008,0.2202167678616484,Bereikbaarheid_Voorzieningen,entropy,Voorzieningen
BU19002009,0.16529350308599666,Bereikbaarheid_Voorzieningen,entropy,Voorzieningen
BU19002010,0.21255078093760646,Bereikbaarheid_Voorzieningen,entropy,Voorzieningen
BU19002011,0.2614021133863937,Bereikbaarheid_Voorzieningen,entropy,Voorzieningen
BU19002012,0.25226844210326527,Bereikbaarheid_Voorzieningen,entropy,Voorzieningen
BU19002013,0.35342448429577034,Bereikbaarheid_Voorzieningen,entropy,Voorzieningen
BU19002014,0.30178953152342586,Bereikbaarheid_Voorzieningen,entropy,Voorzieningen
BU19002015,0.3417960322084684,Bereikbaarheid_Voorzieningen,entropy,Voorzieningen
BU19002016,0.3349616707202665,Bereikbaarheid_Voorzieningen,entropy,Voorzieningen
BU19002017,0.10269689013039923,Bereikbaarheid_Voorzieningen,entropy,Voorzieningen
BU19002018,0.2745029768692456,Bereikbaarheid_Voorzieningen,entropy,Voorzieningen
BU19002019,0.21654195089426753,Bereikbaarheid_Voorzieningen,entropy,Voorzieningen
GM0093,0.10686478385933845,Bereikbaarheid_Voorzieningen,entropy,Voorzieningen
WK009300,0.06691807796605284,Bereikbaarheid_Voorzieningen,entropy,Voorzieningen
BU00930000,0.06691807796605284,Bereikbaarheid_Voorzieningen,entropy,Voorzieningen
BU00930002,0.18550765370908406,Bereikbaarheid_Voorzieningen,entropy,Voorzieningen
WK009301,0.05611806266349319,Bereikbaarheid_Voorzieningen,entropy,Voorzieningen
BU00930110,0.032499926897001354,Bereikbaarheid_Voorzieningen,entropy,Voorzieningen
BU00930111,0.10173879890278091,Bereikbaarheid_Voorzieningen,entropy,Voorzieningen
BU00930112,0.30246952401873656,Bereikbaarheid_Voorzieningen,entropy,Voorzieningen
WK009302,0.16287733430744084,Bereikbaarheid_Voorzieningen,entropy,Voorzieningen
BU00930213,0.17501810748034993,Bereikbaarheid_Voorzieningen,entropy,Voorzieningen
BU00930214,0.13934795619374893,Bereikbaarheid_Voorzieningen,entropy,Voorzieningen
BU00930215,0.27351027533899297,Bereikbaarheid_Voorzieningen,entropy,Voorzieningen
WK009303,0.20897972877504445,Bereikbaarheid_Voorzieningen,entropy,Voorzieningen
BU00930316,0.20755243591799308,Bereikbaarheid_Voorzieningen,entropy,Voorzieningen
BU00930317,0.27547500419835247,Bereikbaarheid_Voorzieningen,entropy,Voorzieningen
WK009304,0.25982327427836094,Bereikbaarheid_Voorzieningen,entropy,Voorzieningen
BU00930418,0.24711134804768253,Bereikbaarheid_Voorzieningen,entropy,Voorzieningen
BU00930419,0.25982327427836094,Bereikbaarheid_Voorzieningen,entropy,Voorzieningen
BU00930420,0.27426282285254266,Bereikbaarheid_Voorzieningen,entropy,Voorzieningen
WK009305,0.4873637320918013,Bereikbaarheid_Voorzieningen,entropy,Voorzieningen
BU00930521,0.4887910249488526,Bereikbaarheid_Voorzieningen,entropy,Voorzieningen
BU00930522,0.25161829631665866,Bereikbaarheid_Voorzieningen,entropy,Voorzieningen
BU00930523,0.35641756485032616,Bereikbaarheid_Voorzieningen,entropy,Voorzieningen
GM0737,0.12592103311136088,Bereikbaarheid_Voorzieningen,entropy,Voorzieningen
WK073700,0.11274411188126862,Bereikbaarheid_Voorzieningen,entropy,Voorzieningen
BU07370000,0.1097702118550708,Bereikbaarheid_Voorzieningen,entropy,Voorzieningen
BU07370009,0.20691453492096593,Bereikbaarheid_Voorzieningen,entropy,Voorzieningen
WK073701,0.17905544277867008,Bereikbaarheid_Voorzieningen,entropy,Voorzieningen
BU07370100,0.19579525540897402,Bereikbaarheid_Voorzieningen,entropy,Voorzieningen
BU07370101,0.1361150073309362,Bereikbaarheid_Voorzieningen,entropy,Voorzieningen
BU07370102,0.44425711063813333,Bereikbaarheid_Voorzieningen,entropy,Voorzieningen
BU07370108,0.28526101149929495,Bereikbaarheid_Voorzieningen,entropy,Voorzieningen
BU07370109,0.19643189028033178,Bereikbaarheid_Voorzieningen,entropy,Voorzieningen
WK073702,0.13075008844571867,Bereikbaarheid_Voorzieningen,entropy,Voorzieningen
BU07370200,0.16925961495156766,Bereikbaarheid_Voorzieningen,entropy,Voorzieningen
BU07370201,0.11704373087497431,Bereikbaarheid_Voorzieningen,entropy,Voorzieningen
BU07370208,0.2036655958809363,Bereikbaarheid_Voorzieningen,entropy,Voorzieningen
BU07370209,0.16303425765654544,Bereikbaarheid_Voorzieningen,entropy,Voorzieningen
WK073703,0.16830822620557562,Bereikbaarheid_Voorzieningen,entropy,Voorzieningen
BU07370300,0.16392950805486445,Bereikbaarheid_Voorzieningen,entropy,Voorzieningen
BU07370309,0.22163307911863514,Bereikbaarheid_Voorzieningen,entropy,Voorzieningen
WK073704,0.21002932442996922,Bereikbaarheid_Voorzieningen,entropy,Voorzieningen
BU07370400,0.16866742317721334,Bereikbaarheid_Voorzieningen,entropy,Voorzieningen
BU07370401,0.2167438545936945,Bereikbaarheid_Voorzieningen,entropy,Voorzieningen
BU07370408,0.39226325799765993,Bereikbaarheid_Voorzieningen,entropy,Voorzieningen
BU07370409,0.43264069050233805,Bereikbaarheid_Voorzieningen,entropy,Voorzieningen
WK073705,0.08450902554535301,Bereikbaarheid_Voorzieningen,entropy,Voorzieningen
BU07370500,0.1296935856469428,Bereikbaarheid_Voorzieningen,entropy,Voorzieningen
BU07370501,0.05225288412071793,Bereikbaarheid_Voorzieningen,entropy,Voorzieningen
BU07370508,0.17128166550991236,Bereikbaarheid_Voorzieningen,entropy,Voorzieningen
BU07370509,0.15975736254498776,Bereikbaarheid_Voorzieningen,entropy,Voorzieningen
WK073706,0.17591354327877085,Bereikbaarheid_Voorzieningen,entropy,Voorzieningen
BU07370600,0.13702222979215548,Bereikbaarheid_Voorzieningen,entropy,Voorzieningen
BU07370609,0.2562095620620968,Bereikbaarheid_Voorzieningen,entropy,Voorzieningen
WK073707,0.11165605290720543,Bereikbaarheid_Voorzieningen,entropy,Voorzieningen
BU07370700,0.05613327421294124,Bereikbaarheid_Voorzieningen,entropy,Voorzieningen
BU07370701,0.137319046656355,Bereikbaarheid_Voorzieningen,entropy,Voorzieningen
BU07370708,0.2206079036083602,Bereikbaarheid_Voorzieningen,entropy,Voorzieningen
BU07370709,0.17881332834953273,Bereikbaarheid_Voorzieningen,entropy,Voorzieningen
WK073708,0.09766472965144335,Bereikbaarheid_Voorzieningen,entropy,Voorzieningen
BU07370800,0.0630608477896357,Bereikbaarheid_Voorzieningen,entropy,Voorzieningen
BU07370809,0.16310483959510869,Bereikbaarheid_Voorzieningen,entropy,Voorzieningen
WK073709,0.09817100607628933,Bereikbaarheid_Voorzieningen,entropy,Voorzieningen
BU07370900,0.09376981319304013,Bereikbaarheid_Voorzieningen,entropy,Voorzieningen
BU07370909,0.17521830372098857,Bereikbaarheid_Voorzieningen,entropy,Voorzieningen
GM0096,0.0614787770046011,Bereikbaarheid_Voorzieningen,entropy,Voorzieningen
WK009600,0.0614787770046011,Bereikbaarheid_Voorzieningen,entropy,Voorzieningen
BU00960000,0.05235767206663316,Bereikbaarheid_Voorzieningen,entropy,Voorzieningen
BU00960009,0.21149248528444506,Bereikbaarheid_Voorzieningen,entropy,Voorzieningen
GM1949,0.1265088040059168,Bereikbaarheid_Voorzieningen,entropy,Voorzieningen
WK194915,0.18872182889996314,Bereikbaarheid_Voorzieningen,entropy,Voorzieningen
BU19491500,0.2789941214248855,Bereikbaarheid_Voorzieningen,entropy,Voorzieningen
BU19491501,0.17709459533499,Bereikbaarheid_Voorzieningen,entropy,Voorzieningen
WK194916,0.08799966200664339,Bereikbaarheid_Voorzieningen,entropy,Voorzieningen
BU19491600,0.2143798894101483,Bereikbaarheid_Voorzieningen,entropy,Voorzieningen
BU19491601,0.09853535989610304,Bereikbaarheid_Voorzieningen,entropy,Voorzieningen
BU19491602,0.03910151811913631,Bereikbaarheid_Voorzieningen,entropy,Voorzieningen
BU19491603,0.08281924173582195,Bereikbaarheid_Voorzieningen,entropy,Voorzieningen
BU19491604,0.07375980173931351,Bereikbaarheid_Voorzieningen,entropy,Voorzieningen
BU19491605,0.05788099637089843,Bereikbaarheid_Voorzieningen,entropy,Voorzieningen
BU19491606,0.07412095873197064,Bereikbaarheid_Voorzieningen,entropy,Voorzieningen
WK194917,0.2092683972638763,Bereikbaarheid_Voorzieningen,entropy,Voorzieningen
BU19491700,0.2092683972638763,Bereikbaarheid_Voorzieningen,entropy,Voorzieningen
WK194918,0.06504548844234687,Bereikbaarheid_Voorzieningen,entropy,Voorzieningen
BU19491800,0.16727270701623814,Bereikbaarheid_Voorzieningen,entropy,Voorzieningen
BU19491801,0.06944668132559606,Bereikbaarheid_Voorzieningen,entropy,Voorzieningen
BU19491802,0.04678806701696294,Bereikbaarheid_Voorzieningen,entropy,Voorzieningen
BU19491803,0.10817222710810487,Bereikbaarheid_Voorzieningen,entropy,Voorzieningen
BU19491804,0.1314257256073055,Bereikbaarheid_Voorzieningen,entropy,Voorzieningen
WK194919,0.1681806400909017,Bereikbaarheid_Voorzieningen,entropy,Voorzieningen
BU19491900,0.2073516161004642,Bereikbaarheid_Voorzieningen,entropy,Voorzieningen
BU19491901,0.16094733622608778,Bereikbaarheid_Voorzieningen,entropy,Voorzieningen
WK194920,0.11527569678687298,Bereikbaarheid_Voorzieningen,entropy,Voorzieningen
BU19492000,0.1988314391112891,Bereikbaarheid_Voorzieningen,entropy,Voorzieningen
BU19492001,0.1080423929220591,Bereikbaarheid_Voorzieningen,entropy,Voorzieningen
WK194921,0.2643196697649536,Bereikbaarheid_Voorzieningen,entropy,Voorzieningen
BU19492100,0.2643196697649536,Bereikbaarheid_Voorzieningen,entropy,Voorzieningen
WK194922,0.24537665110295992,Bereikbaarheid_Voorzieningen,entropy,Voorzieningen
BU19492200,0.24537665110295992,Bereikbaarheid_Voorzieningen,entropy,Voorzieningen
WK194923,0.2605897022669897,Bereikbaarheid_Voorzieningen,entropy,Voorzieningen
BU19492300,0.2533411868527277,Bereikbaarheid_Voorzieningen,entropy,Voorzieningen
BU19492301,0.2605897022669897,Bereikbaarheid_Voorzieningen,entropy,Voorzieningen
WK194924,0.13502387688915457,Bereikbaarheid_Voorzieningen,entropy,Voorzieningen
BU19492400,0.27266151285691903,Bereikbaarheid_Voorzieningen,entropy,Voorzieningen
BU19492401,0.11703872124322873,Bereikbaarheid_Voorzieningen,entropy,Voorzieningen
WK194925,0.1937136350314003,Bereikbaarheid_Voorzieningen,entropy,Voorzieningen
BU19492500,0.21108589984594459,Bereikbaarheid_Voorzieningen,entropy,Voorzieningen
BU19492501,0.19040580428428483,Bereikbaarheid_Voorzieningen,entropy,Voorzieningen
WK194926,0.0863859531735677,Bereikbaarheid_Voorzieningen,entropy,Voorzieningen
BU19492600,0.21196447845696242,Bereikbaarheid_Voorzieningen,entropy,Voorzieningen
BU19492601,0.1595399546179832,Bereikbaarheid_Voorzieningen,entropy,Voorzieningen
BU19492602,0.06295605984372046,Bereikbaarheid_Voorzieningen,entropy,Voorzieningen
BU19492603,0.09031450678723876,Bereikbaarheid_Voorzieningen,entropy,Voorzieningen
BU19492604,0.08405772330414454,Bereikbaarheid_Voorzieningen,entropy,Voorzieningen
WK194927,0.24630139770138249,Bereikbaarheid_Voorzieningen,entropy,Voorzieningen
BU19492700,0.24630139770138249,Bereikbaarheid_Voorzieningen,entropy,Voorzieningen
WK194928,0.13621433669738953,Bereikbaarheid_Voorzieningen,entropy,Voorzieningen
BU19492800,0.2516044799010699,Bereikbaarheid_Voorzieningen,entropy,Voorzieningen
BU19492801,0.24943646468209968,Bereikbaarheid_Voorzieningen,entropy,Voorzieningen
BU19492802,0.09237729876860874,Bereikbaarheid_Voorzieningen,entropy,Voorzieningen
BU19492803,0.1445570329914525,Bereikbaarheid_Voorzieningen,entropy,Voorzieningen
BU19492804,0.12134093732676043,Bereikbaarheid_Voorzieningen,entropy,Voorzieningen
BU19492805,0.22173754810404936,Bereikbaarheid_Voorzieningen,entropy,Voorzieningen
BU19492806,0.23431061845237489,Bereikbaarheid_Voorzieningen,entropy,Voorzieningen
BU19492807,0.23232726413684915,Bereikbaarheid_Voorzieningen,entropy,Voorzieningen
BU19492808,0.11064993174344073,Bereikbaarheid_Voorzieningen,entropy,Voorzieningen
BU19492809,0.12787095522005837,Bereikbaarheid_Voorzieningen,entropy,Voorzieningen
BU19492810,0.17067561077089677,Bereikbaarheid_Voorzieningen,entropy,Voorzieningen
BU19492811,0.0968857912416616,Bereikbaarheid_Voorzieningen,entropy,Voorzieningen
BU19492812,0.18954183481473658,Bereikbaarheid_Voorzieningen,entropy,Voorzieningen
BU19492813,0.09925727767593963,Bereikbaarheid_Voorzieningen,entropy,Voorzieningen
BU19492814,0.14203569281499923,Bereikbaarheid_Voorzieningen,entropy,Voorzieningen
BU19492815,0.15521905848451412,Bereikbaarheid_Voorzieningen,entropy,Voorzieningen
BU19492816,0.11722722177241739,Bereikbaarheid_Voorzieningen,entropy,Voorzieningen
BU19492817,0.14328187285809685,Bereikbaarheid_Voorzieningen,entropy,Voorzieningen
WK194929,0.29167190402888127,Bereikbaarheid_Voorzieningen,entropy,Voorzieningen
BU19492900,0.29167190402888127,Bereikbaarheid_Voorzieningen,entropy,Voorzieningen
WK194930,0.35698020238420886,Bereikbaarheid_Voorzieningen,entropy,Voorzieningen
BU19493000,0.35698020238420886,Bereikbaarheid_Voorzieningen,entropy,Voorzieningen
WK194931,0.22716153856614157,Bereikbaarheid_Voorzieningen,entropy,Voorzieningen
BU19493100,0.25188111839552435,Bereikbaarheid_Voorzieningen,entropy,Voorzieningen
BU19493101,0.21992823470132766,Bereikbaarheid_Voorzieningen,entropy,Voorzieningen
WK194932,0.12296738067588339,Bereikbaarheid_Voorzieningen,entropy,Voorzieningen
BU19493200,0.2533653027978415,Bereikbaarheid_Voorzieningen,entropy,Voorzieningen
BU19493201,0.07876585536688976,Bereikbaarheid_Voorzieningen,entropy,Voorzieningen
BU19493202,0.08050391902905256,Bereikbaarheid_Voorzieningen,entropy,Voorzieningen
WK194933,0.2459687210158172,Bereikbaarheid_Voorzieningen,entropy,Voorzieningen
BU19493300,0.2459687210158172,Bereikbaarheid_Voorzieningen,entropy,Voorzieningen
WK194934,0.11433720705291424,Bereikbaarheid_Voorzieningen,entropy,Voorzieningen
BU19493400,0.23224534729199675,Bereikbaarheid_Voorzieningen,entropy,Voorzieningen
BU19493401,0.09074949438531851,Bereikbaarheid_Voorzieningen,entropy,Voorzieningen
WK194935,0.06893314171766013,Bereikbaarheid_Voorzieningen,entropy,Voorzieningen
BU19493500,0.17968643115187344,Bereikbaarheid_Voorzieningen,entropy,Voorzieningen
BU19493501,0.07812066313628908,Bereikbaarheid_Voorzieningen,entropy,Voorzieningen
BU19493502,0.048296854343724244,Bereikbaarheid_Voorzieningen,entropy,Voorzieningen
BU19493503,0.06265141094434684,Bereikbaarheid_Voorzieningen,entropy,Voorzieningen
WK194936,0.05457871867743665,Bereikbaarheid_Voorzieningen,entropy,Voorzieningen
BU19493600,0.16009855644899534,Bereikbaarheid_Voorzieningen,entropy,Voorzieningen
BU19493601,0.10660314520642036,Bereikbaarheid_Voorzieningen,entropy,Voorzieningen
BU19493602,0.04544240219002066,Bereikbaarheid_Voorzieningen,entropy,Voorzieningen
BU19493603,0.04358502421576273,Bereikbaarheid_Voorzieningen,entropy,Voorzieningen
WK194937,0.2400284340380946,Bereikbaarheid_Voorzieningen,entropy,Voorzieningen
BU19493700,0.2400284340380946,Bereikbaarheid_Voorzieningen,entropy,Voorzieningen
WK194938,0.24514718936745652,Bereikbaarheid_Voorzieningen,entropy,Voorzieningen
BU19493800,0.2763219661490342,Bereikbaarheid_Voorzieningen,entropy,Voorzieningen
BU19493801,0.23886545859414324,Bereikbaarheid_Voorzieningen,entropy,Voorzieningen
WK194939,0.1662571473672686,Bereikbaarheid_Voorzieningen,entropy,Voorzieningen
BU19493900,0.260750605825952,Bereikbaarheid_Voorzieningen,entropy,Voorzieningen
BU19493901,0.12096952310523122,Bereikbaarheid_Voorzieningen,entropy,Voorzieningen
WK194940,0.27027209242392874,Bereikbaarheid_Voorzieningen,entropy,Voorzieningen
BU19494000,0.27027209242392874,Bereikbaarheid_Voorzieningen,entropy,Voorzieningen
WK194941,0.16254370531780912,Bereikbaarheid_Voorzieningen,entropy,Voorzieningen
BU19494100,0.16254370531780912,Bereikbaarheid_Voorzieningen,entropy,Voorzieningen
WK194942,0.18107338434659248,Bereikbaarheid_Voorzieningen,entropy,Voorzieningen
BU19494200,0.2006284406378701,Bereikbaarheid_Voorzieningen,entropy,Voorzieningen
BU19494201,0.17760047107863863,Bereikbaarheid_Voorzieningen,entropy,Voorzieningen
WK194943,0.25245177758331694,Bereikbaarheid_Voorzieningen,entropy,Voorzieningen
BU19494300,0.25245177758331694,Bereikbaarheid_Voorzieningen,entropy,Voorzieningen
WK194944,0.05453295046869335,Bereikbaarheid_Voorzieningen,entropy,Voorzieningen
BU19494400,0.16458932572871168,Bereikbaarheid_Voorzieningen,entropy,Voorzieningen
BU19494401,0.04541184553072542,Bereikbaarheid_Voorzieningen,entropy,Voorzieningen
BU19494402,0.07630891981037533,Bereikbaarheid_Voorzieningen,entropy,Voorzieningen
BU19494403,0.27547500419835247,Bereikbaarheid_Voorzieningen,entropy,Voorzieningen
WK194945,0.3560105699096556,Bereikbaarheid_Voorzieningen,entropy,Voorzieningen
BU19494500,0.3560105699096556,Bereikbaarheid_Voorzieningen,entropy,Voorzieningen
WK194946,0.28608455855665943,Bereikbaarheid_Voorzieningen,entropy,Voorzieningen
BU19494600,0.28608455855665943,Bereikbaarheid_Voorzieningen,entropy,Voorzieningen
WK194947,0.22266147238562078,Bereikbaarheid_Voorzieningen,entropy,Voorzieningen
BU19494700,0.25530931023299314,Bereikbaarheid_Voorzieningen,entropy,Voorzieningen
BU19494701,0.21496766030470424,Bereikbaarheid_Voorzieningen,entropy,Voorzieningen
WK194948,0.21935433587492992,Bereikbaarheid_Voorzieningen,entropy,Voorzieningen
BU19494800,0.29372502933839817,Bereikbaarheid_Voorzieningen,entropy,Voorzieningen
BU19494801,0.20138439177845216,Bereikbaarheid_Voorzieningen,entropy,Voorzieningen
WK194949,0.11147385422878613,Bereikbaarheid_Voorzieningen,entropy,Voorzieningen
BU19494900,0.19116259154980672,Bereikbaarheid_Voorzieningen,entropy,Voorzieningen
BU19494901,0.10378004214786957,Bereikbaarheid_Voorzieningen,entropy,Voorzieningen
BU19494902,0.09227212289499157,Bereikbaarheid_Voorzieningen,entropy,Voorzieningen
WK194950,0.15255959136497993,Bereikbaarheid_Voorzieningen,entropy,Voorzieningen
BU19495000,0.23849585345196175,Bereikbaarheid_Voorzieningen,entropy,Voorzieningen
BU19495001,0.13021092911779095,Bereikbaarheid_Voorzieningen,entropy,Voorzieningen
WK194951,0.28655459170815745,Bereikbaarheid_Voorzieningen,entropy,Voorzieningen
BU19495100,0.28655459170815745,Bereikbaarheid_Voorzieningen,entropy,Voorzieningen
WK194952,0.2451417526449869,Bereikbaarheid_Voorzieningen,entropy,Voorzieningen
BU19495200,0.2451417526449869,Bereikbaarheid_Voorzieningen,entropy,Voorzieningen
WK194953,0.03976365386071136,Bereikbaarheid_Voorzieningen,entropy,Voorzieningen
BU19495300,0.18381353179504428,Bereikbaarheid_Voorzieningen,entropy,Voorzieningen
BU19495301,0.03253034999589746,Bereikbaarheid_Voorzieningen,entropy,Voorzieningen
BU19495302,0.07576691712456268,Bereikbaarheid_Voorzieningen,entropy,Voorzieningen
WK194954,0.15982388718077406,Bereikbaarheid_Voorzieningen,entropy,Voorzieningen
BU19495400,0.2085156129173999,Bereikbaarheid_Voorzieningen,entropy,Voorzieningen
BU19495401,0.13838102981634243,Bereikbaarheid_Voorzieningen,entropy,Voorzieningen
WK194955,0.3330990840581298,Bereikbaarheid_Voorzieningen,entropy,Voorzieningen
BU19495500,0.3330990840581298,Bereikbaarheid_Voorzieningen,entropy,Voorzieningen
GM0098,0.18551748485148495,Bereikbaarheid_Voorzieningen,entropy,Voorzieningen
WK009800,0.1514006223115408,Bereikbaarheid_Voorzieningen,entropy,Voorzieningen
BU00980001,0.23207053707929082,Bereikbaarheid_Voorzieningen,entropy,Voorzieningen
BU00980002,0.18646501238945112,Bereikbaarheid_Voorzieningen,entropy,Voorzieningen
BU00980003,0.19519886623687777,Bereikbaarheid_Voorzieningen,entropy,Voorzieningen
BU00980004,0.17107012504452804,Bereikbaarheid_Voorzieningen,entropy,Voorzieningen
BU00980005,0.1399464196337642,Bereikbaarheid_Voorzieningen,entropy,Voorzieningen
BU00980006,0.1279779921647835,Bereikbaarheid_Voorzieningen,entropy,Voorzieningen
BU00980007,0.11983162023412235,Bereikbaarheid_Voorzieningen,entropy,Voorzieningen
BU00980008,0.14348493063871182,Bereikbaarheid_Voorzieningen,entropy,Voorzieningen
BU00980009,0.1566644970730916,Bereikbaarheid_Voorzieningen,entropy,Voorzieningen
BU00980010,0.14586687708323637,Bereikbaarheid_Voorzieningen,entropy,Voorzieningen
BU00980011,0.17350245767659828,Bereikbaarheid_Voorzieningen,entropy,Voorzieningen
BU00980012,0.13645829481636226,Bereikbaarheid_Voorzieningen,entropy,Voorzieningen
BU00980013,0.15310018094805028,Bereikbaarheid_Voorzieningen,entropy,Voorzieningen
BU00980014,0.12679265831947814,Bereikbaarheid_Voorzieningen,entropy,Voorzieningen
BU00980015,0.12706492409893624,Bereikbaarheid_Voorzieningen,entropy,Voorzieningen
BU00980016,0.1402186854132223,Bereikbaarheid_Voorzieningen,entropy,Voorzieningen
BU00980017,0.1396741538543061,Bereikbaarheid_Voorzieningen,entropy,Voorzieningen
BU00980018,0.15255564938913405,Bereikbaarheid_Voorzieningen,entropy,Voorzieningen
BU00980019,0.1377205051525752,Bereikbaarheid_Voorzieningen,entropy,Voorzieningen
BU00980020,0.15850470347688206,Bereikbaarheid_Voorzieningen,entropy,Voorzieningen
BU00980021,0.19704200682274628,Bereikbaarheid_Voorzieningen,entropy,Voorzieningen
WK009801,0.3300648122120322,Bereikbaarheid_Voorzieningen,entropy,Voorzieningen
BU00980101,0.2984298106618293,Bereikbaarheid_Voorzieningen,entropy,Voorzieningen
BU00980102,0.3426027185301482,Bereikbaarheid_Voorzieningen,entropy,Voorzieningen
BU00980103,0.31127685225485136,Bereikbaarheid_Voorzieningen,entropy,Voorzieningen
BU00980104,0.36051379473366146,Bereikbaarheid_Voorzieningen,entropy,Voorzieningen
WK009802,0.3873357767729349,Bereikbaarheid_Voorzieningen,entropy,Voorzieningen
BU00980201,0.3631353048772276,Bereikbaarheid_Voorzieningen,entropy,Voorzieningen
BU00980202,0.40746132158743004,Bereikbaarheid_Voorzieningen,entropy,Voorzieningen
WK009803,0.34550306427693545,Bereikbaarheid_Voorzieningen,entropy,Voorzieningen
BU00980301,0.30385855356565894,Bereikbaarheid_Voorzieningen,entropy,Voorzieningen
BU00980302,0.3316010757021161,Bereikbaarheid_Voorzieningen,entropy,Voorzieningen
BU00980303,0.34746182256457625,Bereikbaarheid_Voorzieningen,entropy,Voorzieningen
BU00980304,0.3258204954156214,Bereikbaarheid_Voorzieningen,entropy,Voorzieningen
BU00980305,0.43516819167073645,Bereikbaarheid_Voorzieningen,entropy,Voorzieningen
WK009804,0.3201238212636587,Bereikbaarheid_Voorzieningen,entropy,Voorzieningen
BU00980401,0.2935339308920903,Bereikbaarheid_Voorzieningen,entropy,Voorzieningen
BU00980402,0.3270848593490143,Bereikbaarheid_Voorzieningen,entropy,Voorzieningen
BU00980403,0.34580064356937973,Bereikbaarheid_Voorzieningen,entropy,Voorzieningen
WK009805,0.2896483621450391,Bereikbaarheid_Voorzieningen,entropy,Voorzieningen
BU00980501,0.3240802945083961,Bereikbaarheid_Voorzieningen,entropy,Voorzieningen
BU00980502,0.25378913692463084,Bereikbaarheid_Voorzieningen,entropy,Voorzieningen
WK009806,0.24102373807234248,Bereikbaarheid_Voorzieningen,entropy,Voorzieningen
BU00980601,0.2632525171553521,Bereikbaarheid_Voorzieningen,entropy,Voorzieningen
BU00980602,0.23308070379658996,Bereikbaarheid_Voorzieningen,entropy,Voorzieningen
WK009807,0.2330569668526409,Bereikbaarheid_Voorzieningen,entropy,Voorzieningen
BU00980701,0.23072386911283224,Bereikbaarheid_Voorzieningen,entropy,Voorzieningen
BU00980702,0.2866796407736691,Bereikbaarheid_Voorzieningen,entropy,Voorzieningen
WK009808,0.2944626275152622,Bereikbaarheid_Voorzieningen,entropy,Voorzieningen
BU00980801,0.277987969325534,Bereikbaarheid_Voorzieningen,entropy,Voorzieningen
BU00980802,0.3156845403626327,Bereikbaarheid_Voorzieningen,entropy,Voorzieningen
WK009809,0.27656225607468043,Bereikbaarheid_Voorzieningen,entropy,Voorzieningen
BU00980901,0.28785149451993186,Bereikbaarheid_Voorzieningen,entropy,Voorzieningen
BU00980902,0.2943173003148583,Bereikbaarheid_Voorzieningen,entropy,Voorzieningen
BU00980903,0.24800554076079998,Bereikbaarheid_Voorzieningen,entropy,Voorzieningen
WK009810,0.09629423386546598,Bereikbaarheid_Voorzieningen,entropy,Voorzieningen
BU00981001,0.0751472192041752,Bereikbaarheid_Voorzieningen,entropy,Voorzieningen
BU00981002,0.0656967679681977,Bereikbaarheid_Voorzieningen,entropy,Voorzieningen
BU00981003,0.055366350525450955,Bereikbaarheid_Voorzieningen,entropy,Voorzieningen
BU00981004,0.06896552483757565,Bereikbaarheid_Voorzieningen,entropy,Voorzieningen
BU00981005,0.06859698833064458,Bereikbaarheid_Voorzieningen,entropy,Voorzieningen
BU00981006,0.13055692182326611,Bereikbaarheid_Voorzieningen,entropy,Voorzieningen
BU00981007,0.11394545879047421,Bereikbaarheid_Voorzieningen,entropy,Voorzieningen
BU00981008,0.16136940586514753,Bereikbaarheid_Voorzieningen,entropy,Voorzieningen
BU00981009,0.19482398081930907,Bereikbaarheid_Voorzieningen,entropy,Voorzieningen
WK009811,0.16985799111567135,Bereikbaarheid_Voorzieningen,entropy,Voorzieningen
BU00981101,0.19362112998316805,Bereikbaarheid_Voorzieningen,entropy,Voorzieningen
BU00981102,0.15618274182709124,Bereikbaarheid_Voorzieningen,entropy,Voorzieningen
WK009812,0.23610284458921219,Bereikbaarheid_Voorzieningen,entropy,Voorzieningen
BU00981201,0.23610284458921219,Bereikbaarheid_Voorzieningen,entropy,Voorzieningen
WK009813,0.25543909360849115,Bereikbaarheid_Voorzieningen,entropy,Voorzieningen
BU00981301,0.19635678941459456,Bereikbaarheid_Voorzieningen,entropy,Voorzieningen
BU00981302,0.300039578523312,Bereikbaarheid_Voorzieningen,entropy,Voorzieningen
WK009814,0.2734326821318555,Bereikbaarheid_Voorzieningen,entropy,Voorzieningen
BU00981401,0.2683393656998201,Bereikbaarheid_Voorzieningen,entropy,Voorzieningen
BU00981402,0.28512576332540546,Bereikbaarheid_Voorzieningen,entropy,Voorzieningen
WK009815,0.19664556804111913,Bereikbaarheid_Voorzieningen,entropy,Voorzieningen
BU00981501,0.17724106790450003,Bereikbaarheid_Voorzieningen,entropy,Voorzieningen
BU00981502,0.2341996211612343,Bereikbaarheid_Voorzieningen,entropy,Voorzieningen
GM0059,-0.5137534879835005,Bereikbaarheid_Voorzieningen,weighted_mean,Voorzieningen
WK005900,-0.5414804290651013,Bereikbaarheid_Voorzieningen,weighted_mean,Voorzieningen
BU00590000,-0.7845001666453247,Bereikbaarheid_Voorzieningen,weighted_mean,Voorzieningen
BU00590001,-0.2533116520233194,Bereikbaarheid_Voorzieningen,weighted_mean,Voorzieningen
BU00590002,-0.8709146597478548,Bereikbaarheid_Voorzieningen,weighted_mean,Voorzieningen
BU00590003,-0.4233145183088999,Bereikbaarheid_Voorzieningen,weighted_mean,Voorzieningen
BU00590004,0.48624660428740174,Bereikbaarheid_Voorzieningen,weighted_mean,Voorzieningen
BU00590005,-0.10916549646810088,Bereikbaarheid_Voorzieningen,weighted_mean,Voorzieningen
BU00590006,0.0051696096719111295,Bereikbaarheid_Voorzieningen,weighted_mean,Voorzieningen
BU00590007,-0.1770059674145512,Bereikbaarheid_Voorzieningen,weighted_mean,Voorzieningen
BU00590008,0.3013031956380777,Bereikbaarheid_Voorzieningen,weighted_mean,Voorzieningen
BU00590009,0.9437766330972328,Bereikbaarheid_Voorzieningen,weighted_mean,Voorzieningen
WK005901,-0.13440262413561796,Bereikbaarheid_Voorzieningen,weighted_mean,Voorzieningen
BU00590100,0.6406205055902351,Bereikbaarheid_Voorzieningen,weighted_mean,Voorzieningen
BU00590102,-0.631503442769611,Bereikbaarheid_Voorzieningen,weighted_mean,Voorzieningen
BU00590103,0.15667073158776648,Bereikbaarheid_Voorzieningen,weighted_mean,Voorzieningen
BU00590107,1.2138420432188857,Bereikbaarheid_Voorzieningen,weighted_mean,Voorzieningen
BU00590108,-0.09467822380143205,Bereikbaarheid_Voorzieningen,weighted_mean,Voorzieningen
BU00590109,0.7469977890173287,Bereikbaarheid_Voorzieningen,weighted_mean,Voorzieningen
WK005902,-0.5742545238239416,Bereikbaarheid_Voorzieningen,weighted_mean,Voorzieningen
BU00590200,-0.778901100438746,Bereikbaarheid_Voorzieningen,weighted_mean,Voorzieningen
BU00590201,-0.8472919734724671,Bereikbaarheid_Voorzieningen,weighted_mean,Voorzieningen
BU00590202,0.24326430287363326,Bereikbaarheid_Voorzieningen,weighted_mean,Voorzieningen
BU00590203,-0.18600804045171576,Bereikbaarheid_Voorzieningen,weighted_mean,Voorzieningen
BU00590206,-0.1955927977242742,Bereikbaarheid_Voorzieningen,weighted_mean,Voorzieningen
BU00590207,-0.15772555117578446,Bereikbaarheid_Voorzieningen,weighted_mean,Voorzieningen
BU00590208,0.6228707066982947,Bereikbaarheid_Voorzieningen,weighted_mean,Voorzieningen
BU00590209,0.24924836965433814,Bereikbaarheid_Voorzieningen,weighted_mean,Voorzieningen
GM0060,-0.5756921372219037,Bereikbaarheid_Voorzieningen,weighted_mean,Voorzieningen
WK006000,-0.5756921372219037,Bereikbaarheid_Voorzieningen,weighted_mean,Voorzieningen
BU00600000,-0.8971570674633675,Bereikbaarheid_Voorzieningen,weighted_mean,Voorzieningen
BU00600001,-0.4479986163831552,Bereikbaarheid_Voorzieningen,weighted_mean,Voorzieningen
BU00600002,-0.4625213716450816,Bereikbaarheid_Voorzieningen,weighted_mean,Voorzieningen
BU00600003,-0.434742684166385,Bereikbaarheid_Voorzieningen,weighted_mean,Voorzieningen
BU00600007,0.13420590627025847,Bereikbaarheid_Voorzieningen,weighted_mean,Voorzieningen
BU00600008,-0.5013942697436168,Bereikbaarheid_Voorzieningen,weighted_mean,Voorzieningen
BU00600009,-0.11584297858753176,Bereikbaarheid_Voorzieningen,weighted_mean,Voorzieningen
GM1891,-0.6110154151943874,Bereikbaarheid_Voorzieningen,weighted_mean,Voorzieningen
WK189100,-0.6543725779651094,Bereikbaarheid_Voorzieningen,weighted_mean,Voorzieningen
BU18910000,-0.7560806593119779,Bereikbaarheid_Voorzieningen,weighted_mean,Voorzieningen
BU18910001,-0.44586905151430195,Bereikbaarheid_Voorzieningen,weighted_mean,Voorzieningen
BU18910002,0.1667535900699219,Bereikbaarheid_Voorzieningen,weighted_mean,Voorzieningen
BU18910008,0.16414062825023337,Bereikbaarheid_Voorzieningen,weighted_mean,Voorzieningen
BU18910009,0.16204303845464238,Bereikbaarheid_Voorzieningen,weighted_mean,Voorzieningen
WK189101,-0.19690688452989655,Bereikbaarheid_Voorzieningen,weighted_mean,Voorzieningen
BU18910100,-0.08870114999712697,Bereikbaarheid_Voorzieningen,weighted_mean,Voorzieningen
BU18910101,-0.4585540088686294,Bereikbaarheid_Voorzieningen,weighted_mean,Voorzieningen
BU18910108,0.7724254285490957,Bereikbaarheid_Voorzieningen,weighted_mean,Voorzieningen
BU18910109,0.3463821243570745,Bereikbaarheid_Voorzieningen,weighted_mean,Voorzieningen
WK189102,-0.7211866163634733,Bereikbaarheid_Voorzieningen,weighted_mean,Voorzieningen
BU18910200,-0.7685305757458007,Bereikbaarheid_Voorzieningen,weighted_mean,Voorzieningen
BU18910201,-0.7702910413318382,Bereikbaarheid_Voorzieningen,weighted_mean,Voorzieningen
BU18910202,0.24064508687448433,Bereikbaarheid_Voorzieningen,weighted_mean,Voorzieningen
BU18910208,0.11879136285861087,Bereikbaarheid_Voorzieningen,weighted_mean,Voorzieningen
BU18910209,0.44692975136468865,Bereikbaarheid_Voorzieningen,weighted_mean,Voorzieningen
WK189103,-0.10700845171600376,Bereikbaarheid_Voorzieningen,weighted_mean,Voorzieningen
BU18910300,-0.27335911548016617,Bereikbaarheid_Voorzieningen,weighted_mean,Voorzieningen
BU18910301,0.3075873172105675,Bereikbaarheid_Voorzieningen,weighted_mean,Voorzieningen
BU18910309,0.5144483584175383,Bereikbaarheid_Voorzieningen,weighted_mean,Voorzieningen
GM1940,-0.39381521382503704,Bereikbaarheid_Voorzieningen,weighted_mean,Voorzieningen
WK194001,0.8028090683705333,Bereikbaarheid_Voorzieningen,weighted_mean,Voorzieningen
BU19400101,0.8028090683705333,Bereikbaarheid_Voorzieningen,weighted_mean,Voorzieningen
WK194002,-0.9139973526512554,Bereikbaarheid_Voorzieningen,weighted_mean,Voorzieningen
BU19400201,-0.9139973526512554,Bereikbaarheid_Voorzieningen,weighted_mean,Voorzieningen
WK194003,-0.8827379289503106,Bereikbaarheid_Voorzieningen,weighted_mean,Voorzieningen
BU19400301,-0.8827379289503106,Bereikbaarheid_Voorzieningen,weighted_mean,Voorzieningen
WK194004,1.2781178016756276,Bereikbaarheid_Voorzieningen,weighted_mean,Voorzieningen
BU19400401,1.2781178016756276,Bereikbaarheid_Voorzieningen,weighted_mean,Voorzieningen
WK194005,1.1938862124763292,Bereikbaarheid_Voorzieningen,weighted_mean,Voorzieningen
BU19400501,1.1938862124763292,Bereikbaarheid_Voorzieningen,weighted_mean,Voorzieningen
WK194006,0.19765914342118104,Bereikbaarheid_Voorzieningen,weighted_mean,Voorzieningen
BU19400601,0.19765914342118104,Bereikbaarheid_Voorzieningen,weighted_mean,Voorzieningen
WK194007,-0.46353758634792097,Bereikbaarheid_Voorzieningen,weighted_mean,Voorzieningen
BU19400701,-0.9687146716571398,Bereikbaarheid_Voorzieningen,weighted_mean,Voorzieningen
BU19400702,0.3229162274015295,Bereikbaarheid_Voorzieningen,weighted_mean,Voorzieningen
WK194008,0.3557356841121922,Bereikbaarheid_Voorzieningen,weighted_mean,Voorzieningen
BU19400801,0.3557356841121922,Bereikbaarheid_Voorzieningen,weighted_mean,Voorzieningen
WK194009,0.635256653556024,Bereikbaarheid_Voorzieningen,weighted_mean,Voorzieningen
BU19400901,0.635256653556024,Bereikbaarheid_Voorzieningen,weighted_mean,Voorzieningen
WK194010,-0.03755210689241183,Bereikbaarheid_Voorzieningen,weighted_mean,Voorzieningen
BU19401001,-0.03755210689241183,Bereikbaarheid_Voorzieningen,weighted_mean,Voorzieningen
WK194011,-0.9110610944529542,Bereikbaarheid_Voorzieningen,weighted_mean,Voorzieningen
BU19401101,-0.1662759601179793,Bereikbaarheid_Voorzieningen,weighted_mean,Voorzieningen
BU19401102,-1.049865680937754,Bereikbaarheid_Voorzieningen,weighted_mean,Voorzieningen
WK194012,0.18799879963666277,Bereikbaarheid_Voorzieningen,weighted_mean,Voorzieningen
BU19401201,0.18799879963666277,Bereikbaarheid_Voorzieningen,weighted_mean,Voorzieningen
WK194013,1.306794563412532,Bereikbaarheid_Voorzieningen,weighted_mean,Voorzieningen
BU19401301,1.306794563412532,Bereikbaarheid_Voorzieningen,weighted_mean,Voorzieningen
WK194014,1.1458871078173,Bereikbaarheid_Voorzieningen,weighted_mean,Voorzieningen
BU19401401,1.1458871078173,Bereikbaarheid_Voorzieningen,weighted_mean,Voorzieningen
WK194015,0.9803637985528604,Bereikbaarheid_Voorzieningen,weighted_mean,Voorzieningen
BU19401501,0.9803637985528604,Bereikbaarheid_Voorzieningen,weighted_mean,Voorzieningen
WK194016,0.23345177334900805,Bereikbaarheid_Voorzieningen,weighted_mean,Voorzieningen
BU19401601,0.23345177334900805,Bereikbaarheid_Voorzieningen,weighted_mean,Voorzieningen
WK194017,0.020707337606508176,Bereikbaarheid_Voorzieningen,weighted_mean,Voorzieningen
BU19401701,0.020707337606508176,Bereikbaarheid_Voorzieningen,weighted_mean,Voorzieningen
WK194018,0.682789019009247,Bereikbaarheid_Voorzieningen,weighted_mean,Voorzieningen
BU19401801,0.682789019009247,Bereikbaarheid_Voorzieningen,weighted_mean,Voorzieningen
WK194019,-0.6451740904415104,Bereikbaarheid_Voorzieningen,weighted_mean,Voorzieningen
BU19401901,-0.8241351840194329,Bereikbaarheid_Voorzieningen,weighted_mean,Voorzieningen
BU19401902,0.9350049991122202,Bereikbaarheid_Voorzieningen,weighted_mean,Voorzieningen
BU19401903,-0.8832745199132579,Bereikbaarheid_Voorzieningen,weighted_mean,Voorzieningen
BU19401904,-0.6125884017535657,Bereikbaarheid_Voorzieningen,weighted_mean,Voorzieningen
BU19401905,-0.3013354594140597,Bereikbaarheid_Voorzieningen,weighted_mean,Voorzieningen
BU19401906,-0.4329742786953858,Bereikbaarheid_Voorzieningen,weighted_mean,Voorzieningen
BU19401907,-0.7503424498250606,Bereikbaarheid_Voorzieningen,weighted_mean,Voorzieningen
BU19401908,-0.14293326333059253,Bereikbaarheid_Voorzieningen,weighted_mean,Voorzieningen
BU19401909,-0.025337614319191924,Bereikbaarheid_Voorzieningen,weighted_mean,Voorzieningen
BU19401910,-0.7040009615214163,Bereikbaarheid_Voorzieningen,weighted_mean,Voorzieningen
WK194020,0.8189610863383251,Bereikbaarheid_Voorzieningen,weighted_mean,Voorzieningen
BU19402001,0.8189610863383251,Bereikbaarheid_Voorzieningen,weighted_mean,Voorzieningen
WK194021,-0.291983471351449,Bereikbaarheid_Voorzieningen,weighted_mean,Voorzieningen
BU19402101,-0.291983471351449,Bereikbaarheid_Voorzieningen,weighted_mean,Voorzieningen
WK194022,0.6004405786048717,Bereikbaarheid_Voorzieningen,weighted_mean,Voorzieningen
BU19402201,0.6004405786048717,Bereikbaarheid_Voorzieningen,weighted_mean,Voorzieningen
WK194023,-0.6594717615813482,Bereikbaarheid_Voorzieningen,weighted_mean,Voorzieningen
BU19402301,1.5051660440209083,Bereikbaarheid_Voorzieningen,weighted_mean,Voorzieningen
BU19402302,-0.3535105107408495,Bereikbaarheid_Voorzieningen,weighted_mean,Voorzieningen
BU19402303,-0.8689161789314095,Bereikbaarheid_Voorzieningen,weighted_mean,Voorzieningen
BU19402304,-0.8582131539883772,Bereikbaarheid_Voorzieningen,weighted_mean,Voorzieningen
BU19402305,-0.6748451280598291,Bereikbaarheid_Voorzieningen,weighted_mean,Voorzieningen
BU19402306,-0.8963191503260555,Bereikbaarheid_Voorzieningen,weighted_mean,Voorzieningen
BU19402307,-0.8149797349745459,Bereikbaarheid_Voorzieningen,weighted_mean,Voorzieningen
BU19402308,-0.1636676807852443,Bereikbaarheid_Voorzieningen,weighted_mean,Voorzieningen
WK194024,-0.3639847123716948,Bereikbaarheid_Voorzieningen,weighted_mean,Voorzieningen
BU19402401,-0.3639847123716948,Bereikbaarheid_Voorzieningen,weighted_mean,Voorzieningen
WK194025,-0.2778723447983676,Bereikbaarheid_Voorzieningen,weighted_mean,Voorzieningen
BU19402501,-0.2778723447983676,Bereikbaarheid_Voorzieningen,weighted_mean,Voorzieningen
WK194026,0.6684513307711968,Bereikbaarheid_Voorzieningen,weighted_mean,Voorzieningen
BU19402601,0.6684513307711968,Bereikbaarheid_Voorzieningen,weighted_mean,Voorzieningen
WK194027,1.1669048924510916,Bereikbaarheid_Voorzieningen,weighted_mean,Voorzieningen
BU19402701,1.1669048924510916,Bereikbaarheid_Voorzieningen,weighted_mean,Voorzieningen
WK194028,0.02922815814915318,Bereikbaarheid_Voorzieningen,weighted_mean,Voorzieningen
BU19402801,0.40480216538130803,Bereikbaarheid_Voorzieningen,weighted_mean,Voorzieningen
BU19402802,-0.17590977049285866,Bereikbaarheid_Voorzieningen,weighted_mean,Voorzieningen
WK194029,0.59159582747319,Bereikbaarheid_Voorzieningen,weighted_mean,Voorzieningen
BU19402901,0.59159582747319,Bereikbaarheid_Voorzieningen,weighted_mean,Voorzieningen
WK194030,-0.8501308701627676,Bereikbaarheid_Voorzieningen,weighted_mean,Voorzieningen
BU19403001,-0.8501308701627676,Bereikbaarheid_Voorzieningen,weighted_mean,Voorzieningen
WK194031,0.6989095290008199,Bereikbaarheid_Voorzieningen,weighted_mean,Voorzieningen
BU19403101,0.6989095290008199,Bereikbaarheid_Voorzieningen,weighted_mean,Voorzieningen
WK194032,0.1304521545606389,Bereikbaarheid_Voorzieningen,weighted_mean,Voorzieningen
BU19403201,0.1304521545606389,Bereikbaarheid_Voorzieningen,weighted_mean,Voorzieningen
WK194033,0.576478574881635,Bereikbaarheid_Voorzieningen,weighted_mean,Voorzieningen
BU19403301,0.576478574881635,Bereikbaarheid_Voorzieningen,weighted_mean,Voorzieningen
WK194034,0.35881797593088005,Bereikbaarheid_Voorzieningen,weighted_mean,Voorzieningen
BU19403401,0.35881797593088005,Bereikbaarheid_Voorzieningen,weighted_mean,Voorzieningen
WK194035,0.47245096557871613,Bereikbaarheid_Voorzieningen,weighted_mean,Voorzieningen
BU19403501,0.47245096557871613,Bereikbaarheid_Voorzieningen,weighted_mean,Voorzieningen
WK194036,1.7220449036442518,Bereikbaarheid_Voorzieningen,weighted_mean,Voorzieningen
BU19403601,1.7220449036442518,Bereikbaarheid_Voorzieningen,weighted_mean,Voorzieningen
WK194037,-0.517168931980885,Bereikbaarheid_Voorzieningen,weighted_mean,Voorzieningen
BU19403701,-0.517168931980885,Bereikbaarheid_Voorzieningen,weighted_mean,Voorzieningen
WK194038,0.14638002493826346,Bereikbaarheid_Voorzieningen,weighted_mean,Voorzieningen
BU19403801,0.14638002493826346,Bereikbaarheid_Voorzieningen,weighted_mean,Voorzieningen
WK194039,0.06269694438266277,Bereikbaarheid_Voorzieningen,weighted_mean,Voorzieningen
BU19403901,0.06269694438266277,Bereikbaarheid_Voorzieningen,weighted_mean,Voorzieningen
WK194040,-0.20562983387265757,Bereikbaarheid_Voorzieningen,weighted_mean,Voorzieningen
BU19404001,-0.20562983387265757,Bereikbaarheid_Voorzieningen,weighted_mean,Voorzieningen
WK194041,-0.7886804128599402,Bereikbaarheid_Voorzieningen,weighted_mean,Voorzieningen
BU19404101,-0.7886804128599402,Bereikbaarheid_Voorzieningen,weighted_mean,Voorzieningen
WK194042,-0.7011243367812109,Bereikbaarheid_Voorzieningen,weighted_mean,Voorzieningen
BU19404201,-0.7011243367812109,Bereikbaarheid_Voorzieningen,weighted_mean,Voorzieningen
WK194043,-0.217305978008695,Bereikbaarheid_Voorzieningen,weighted_mean,Voorzieningen
BU19404301,-0.217305978008695,Bereikbaarheid_Voorzieningen,weighted_mean,Voorzieningen
WK194044,0.2788518732236942,Bereikbaarheid_Voorzieningen,weighted_mean,Voorzieningen
BU19404401,0.2788518732236942,Bereikbaarheid_Voorzieningen,weighted_mean,Voorzieningen
WK194045,0.9164150552850991,Bereikbaarheid_Voorzieningen,weighted_mean,Voorzieningen
BU19404501,0.9164150552850991,Bereikbaarheid_Voorzieningen,weighted_mean,Voorzieningen
WK194046,0.27316007104519446,Bereikbaarheid_Voorzieningen,weighted_mean,Voorzieningen
BU19404601,0.27316007104519446,Bereikbaarheid_Voorzieningen,weighted_mean,Voorzieningen
WK194047,0.6499596719693355,Bereikbaarheid_Voorzieningen,weighted_mean,Voorzieningen
BU19404701,0.6499596719693355,Bereikbaarheid_Voorzieningen,weighted_mean,Voorzieningen
WK194048,1.2965338814418441,Bereikbaarheid_Voorzieningen,weighted_mean,Voorzieningen
BU19404801,1.2965338814418441,Bereikbaarheid_Voorzieningen,weighted_mean,Voorzieningen
WK194049,0.8753995759411984,Bereikbaarheid_Voorzieningen,weighted_mean,Voorzieningen
BU19404901,0.8753995759411984,Bereikbaarheid_Voorzieningen,weighted_mean,Voorzieningen
WK194050,2.006720061529836,Bereikbaarheid_Voorzieningen,weighted_mean,Voorzieningen
BU19405001,2.006720061529836,Bereikbaarheid_Voorzieningen,weighted_mean,Voorzieningen
WK194051,-0.03201011415694713,Bereikbaarheid_Voorzieningen,weighted_mean,Voorzieningen
BU19405101,-0.03201011415694713,Bereikbaarheid_Voorzieningen,weighted_mean,Voorzieningen
GM0072,-0.632282668169069,Bereikbaarheid_Voorzieningen,weighted_mean,Voorzieningen
WK007200,-0.7132854814586184,Bereikbaarheid_Voorzieningen,weighted_mean,Voorzieningen
BU00720001,-0.6321878367804341,Bereikbaarheid_Voorzieningen,weighted_mean,Voorzieningen
BU00720002,-0.633105263739989,Bereikbaarheid_Voorzieningen,weighted_mean,Voorzieningen
BU00720003,-0.693060909642451,Bereikbaarheid_Voorzieningen,weighted_mean,Voorzieningen
BU00720004,-0.7210044958548611,Bereikbaarheid_Voorzieningen,weighted_mean,Voorzieningen
BU00720005,-0.312218359864855,Bereikbaarheid_Voorzieningen,weighted_mean,Voorzieningen
BU00720006,-0.8425004182994936,Bereikbaarheid_Voorzieningen,weighted_mean,Voorzieningen
BU00720007,0.5912218776375173,Bereikbaarheid_Voorzieningen,weighted_mean,Voorzieningen
BU00720009,0.36652039534773934,Bereikbaarheid_Voorzieningen,weighted_mean,Voorzieningen
WK007201,-0.4380121505440947,Bereikbaarheid_Voorzieningen,weighted_mean,Voorzieningen
BU00720100,-0.5086117713295255,Bereikbaarheid_Voorzieningen,weighted_mean,Voorzieningen
BU00720109,-0.15558198788567273,Bereikbaarheid_Voorzieningen,weighted_mean,Voorzieningen
WK007202,1.1990945308855037,Bereikbaarheid_Voorzieningen,weighted_mean,Voorzieningen
BU00720200,1.230531062945769,Bereikbaarheid_Voorzieningen,weighted_mean,Voorzieningen
BU00720209,1.0924313601015885,Bereikbaarheid_Voorzieningen,weighted_mean,Voorzieningen
GM0074,-0.3489252912815852,Bereikbaarheid_Voorzieningen,weighted_mean,Voorzieningen
WK007401,-0.5192016077571893,Bereikbaarheid_Voorzieningen,weighted_mean,Voorzieningen
BU00740100,-0.5110131948313698,Bereikbaarheid_Voorzieningen,weighted_mean,Voorzieningen
BU00740101,-0.6671221065153867,Bereikbaarheid_Voorzieningen,weighted_mean,Voorzieningen
BU00740102,-0.4925299189586692,Bereikbaarheid_Voorzieningen,weighted_mean,Voorzieningen
BU00740103,-0.5899252872856438,Bereikbaarheid_Voorzieningen,weighted_mean,Voorzieningen
BU00740104,-0.6976462237653885,Bereikbaarheid_Voorzieningen,weighted_mean,Voorzieningen
BU00740105,0.0900606160348965,Bereikbaarheid_Voorzieningen,weighted_mean,Voorzieningen
BU00740106,-0.7559111099279321,Bereikbaarheid_Voorzieningen,weighted_mean,Voorzieningen
BU00740107,-0.1709174059917891,Bereikbaarheid_Voorzieningen,weighted_mean,Voorzieningen
BU00740108,-0.06492333751992063,Bereikbaarheid_Voorzieningen,weighted_mean,Voorzieningen
BU00740109,0.24964144983612588,Bereikbaarheid_Voorzieningen,weighted_mean,Voorzieningen
BU00740110,-0.2919587460322606,Bereikbaarheid_Voorzieningen,weighted_mean,Voorzieningen
WK007402,0.730378262725377,Bereikbaarheid_Voorzieningen,weighted_mean,Voorzieningen
BU00740201,1.174199617533888,Bereikbaarheid_Voorzieningen,weighted_mean,Voorzieningen
BU00740202,0.7671357136390382,Bereikbaarheid_Voorzieningen,weighted_mean,Voorzieningen
BU00740203,0.5111285388950568,Bereikbaarheid_Voorzieningen,weighted_mean,Voorzieningen
BU00740204,0.9348756084804091,Bereikbaarheid_Voorzieningen,weighted_mean,Voorzieningen
BU00740205,1.0711504518364472,Bereikbaarheid_Voorzieningen,weighted_mean,Voorzieningen
WK007403,0.13464484218021133,Bereikbaarheid_Voorzieningen,weighted_mean,Voorzieningen
BU00740301,-0.047476696995479184,Bereikbaarheid_Voorzieningen,weighted_mean,Voorzieningen
BU00740302,0.6419427128128206,Bereikbaarheid_Voorzieningen,weighted_mean,Voorzieningen
WK007404,-0.21837000788707506,Bereikbaarheid_Voorzieningen,weighted_mean,Voorzieningen
BU00740401,-0.11190679462132382,Bereikbaarheid_Voorzieningen,weighted_mean,Voorzieningen
BU00740402,0.6509673623587711,Bereikbaarheid_Voorzieningen,weighted_mean,Voorzieningen
BU00740403,0.3968381622078266,Bereikbaarheid_Voorzieningen,weighted_mean,Voorzieningen
BU00740404,-0.9259751034070591,Bereikbaarheid_Voorzieningen,weighted_mean,Voorzieningen
BU00740405,-0.1021758179466504,Bereikbaarheid_Voorzieningen,weighted_mean,Voorzieningen
BU00740406,-0.41270068111773833,Bereikbaarheid_Voorzieningen,weighted_mean,Voorzieningen
BU00740407,0.43372408542436036,Bereikbaarheid_Voorzieningen,weighted_mean,Voorzieningen
WK007406,-0.46253137653293774,Bereikbaarheid_Voorzieningen,weighted_mean,Voorzieningen
BU00740601,-0.46253137653293774,Bereikbaarheid_Voorzieningen,weighted_mean,Voorzieningen
WK007407,1.4353484623576107,Bereikbaarheid_Voorzieningen,weighted_mean,Voorzieningen
BU00740701,1.5946774530974914,Bereikbaarheid_Voorzieningen,weighted_mean,Voorzieningen
BU00740702,1.1861484873042585,Bereikbaarheid_Voorzieningen,weighted_mean,Voorzieningen
WK007409,-0.41793676301346677,Bereikbaarheid_Voorzieningen,weighted_mean,Voorzieningen
BU00740901,-0.7946502593817203,Bereikbaarheid_Voorzieningen,weighted_mean,Voorzieningen
BU00740902,-0.38162867519321425,Bereikbaarheid_Voorzieningen,weighted_mean,Voorzieningen
BU00740903,0.38878872873696174,Bereikbaarheid_Voorzieningen,weighted_mean,Voorzieningen
GM0080,-0.518178962034843,Bereikbaarheid_Voorzieningen,weighted_mean,Voorzieningen
WK008010,-0.4597706717080674,Bereikbaarheid_Voorzieningen,weighted_mean,Voorzieningen
BU00801001,-0.4714193626705686,Bereikbaarheid_Voorzieningen,weighted_mean,Voorzieningen
BU00801002,-0.4799267943844899,Bereikbaarheid_Voorzieningen,weighted_mean,Voorzieningen
BU00801003,-0.538870181938762,Bereikbaarheid_Voorzieningen,weighted_mean,Voorzieningen
BU00801004,-0.5815186742431251,Bereikbaarheid_Voorzieningen,weighted_mean,Voorzieningen
BU00801005,-0.4637800951256456,Bereikbaarheid_Voorzieningen,weighted_mean,Voorzieningen
BU00801006,-0.3003543918482094,Bereikbaarheid_Voorzieningen,weighted_mean,Voorzieningen
BU00801007,-0.3457567681065675,Bereikbaarheid_Voorzieningen,weighted_mean,Voorzieningen
BU00801008,-0.37976127678647525,Bereikbaarheid_Voorzieningen,weighted_mean,Voorzieningen
WK008011,-0.4855879927857072,Bereikbaarheid_Voorzieningen,weighted_mean,Voorzieningen
BU00801101,-0.29729916501323245,Bereikbaarheid_Voorzieningen,weighted_mean,Voorzieningen
BU00801102,-0.2850683144897058,Bereikbaarheid_Voorzieningen,weighted_mean,Voorzieningen
BU00801103,-0.4298113050086636,Bereikbaarheid_Voorzieningen,weighted_mean,Voorzieningen
BU00801104,-0.5027308461781288,Bereikbaarheid_Voorzieningen,weighted_mean,Voorzieningen
BU00801105,-0.658784224185511,Bereikbaarheid_Voorzieningen,weighted_mean,Voorzieningen
BU00801106,-0.5253978254288467,Bereikbaarheid_Voorzieningen,weighted_mean,Voorzieningen
BU00801107,-0.6232406868772075,Bereikbaarheid_Voorzieningen,weighted_mean,Voorzieningen
BU00801108,-0.608576227894162,Bereikbaarheid_Voorzieningen,weighted_mean,Voorzieningen
BU00801109,-0.5321144001292291,Bereikbaarheid_Voorzieningen,weighted_mean,Voorzieningen
WK008020,-0.5878986154987247,Bereikbaarheid_Voorzieningen,weighted_mean,Voorzieningen
BU00802001,-0.5702928861680865,Bereikbaarheid_Voorzieningen,weighted_mean,Voorzieningen
BU00802002,-0.5698498698873997,Bereikbaarheid_Voorzieningen,weighted_mean,Voorzieningen
BU00802003,-0.5585123257820046,Bereikbaarheid_Voorzieningen,weighted_mean,Voorzieningen
BU00802004,-0.6608003049824319,Bereikbaarheid_Voorzieningen,weighted_mean,Voorzieningen
BU00802005,-0.658156336954387,Bereikbaarheid_Voorzieningen,weighted_mean,Voorzieningen
BU00802006,-0.4632130980589914,Bereikbaarheid_Voorzieningen,weighted_mean,Voorzieningen
BU00802007,-0.6339907908603862,Bereikbaarheid_Voorzieningen,weighted_mean,Voorzieningen
BU00802008,-0.45590944428155367,Bereikbaarheid_Voorzieningen,weighted_mean,Voorzieningen
BU00802009,-0.615177528150347,Bereikbaarheid_Voorzieningen,weighted_mean,Voorzieningen
WK008030,-0.6065310144065258,Bereikbaarheid_Voorzieningen,weighted_mean,Voorzieningen
BU00803001,-0.5180609983992595,Bereikbaarheid_Voorzieningen,weighted_mean,Voorzieningen
BU00803002,-0.6840521795597951,Bereikbaarheid_Voorzieningen,weighted_mean,Voorzieningen
BU00803003,-0.5414874825994,Bereikbaarheid_Voorzieningen,weighted_mean,Voorzieningen
BU00803004,-0.6105542656550449,Bereikbaarheid_Voorzieningen,weighted_mean,Voorzieningen
BU00803005,-0.6784923351385725,Bereikbaarheid_Voorzieningen,weighted_mean,Voorzieningen
BU00803006,-0.6307904035946867,Bereikbaarheid_Voorzieningen,weighted_mean,Voorzieningen
BU00803007,-0.5308641265506313,Bereikbaarheid_Voorzieningen,weighted_mean,Voorzieningen
WK008031,-0.32878544859841324,Bereikbaarheid_Voorzieningen,weighted_mean,Voorzieningen
BU00803101,-0.32878544859841324,Bereikbaarheid_Voorzieningen,weighted_mean,Voorzieningen
BU00803102,-0.19265276940685022,Bereikbaarheid_Voorzieningen,weighted_mean,Voorzieningen
WK008032,-0.5210264373777158,Bereikbaarheid_Voorzieningen,weighted_mean,Voorzieningen
BU00803201,-0.6118757555218299,Bereikbaarheid_Voorzieningen,weighted_mean,Voorzieningen
BU00803202,-0.4629539811408848,Bereikbaarheid_Voorzieningen,weighted_mean,Voorzieningen
BU00803203,-0.46599889855876153,Bereikbaarheid_Voorzieningen,weighted_mean,Voorzieningen
BU00803204,-0.21632952497583247,Bereikbaarheid_Voorzieningen,weighted_mean,Voorzieningen
WK008040,-0.6103671162905238,Bereikbaarheid_Voorzieningen,weighted_mean,Voorzieningen
BU00804001,-0.6032719819772056,Bereikbaarheid_Voorzieningen,weighted_mean,Voorzieningen
BU00804002,-0.6878085345924734,Bereikbaarheid_Voorzieningen,weighted_mean,Voorzieningen
BU00804003,-0.5676363470154749,Bereikbaarheid_Voorzieningen,weighted_mean,Voorzieningen
BU00804004,-0.6657123392341495,Bereikbaarheid_Voorzieningen,weighted_mean,Voorzieningen
WK008041,-0.697122203927008,Bereikbaarheid_Voorzieningen,weighted_mean,Voorzieningen
BU00804101,-0.7121272888268303,Bereikbaarheid_Voorzieningen,weighted_mean,Voorzieningen
BU00804102,-0.14153708685121957,Bereikbaarheid_Voorzieningen,weighted_mean,Voorzieningen
BU00804103,0.20189649449581468,Bereikbaarheid_Voorzieningen,weighted_mean,Voorzieningen
BU00804104,0.4752873744063885,Bereikbaarheid_Voorzieningen,weighted_mean,Voorzieningen
BU00804105,0.14595092160523693,Bereikbaarheid_Voorzieningen,weighted_mean,Voorzieningen
BU00804106,0.5912218776375173,Bereikbaarheid_Voorzieningen,weighted_mean,Voorzieningen
BU00804107,0.5912218776375173,Bereikbaarheid_Voorzieningen,weighted_mean,Voorzieningen
BU00804108,0.5912218776375172,Bereikbaarheid_Voorzieningen,weighted_mean,Voorzieningen
BU00804109,0.17959606453793922,Bereikbaarheid_Voorzieningen,weighted_mean,Voorzieningen
BU00804110,0.6057908008400359,Bereikbaarheid_Voorzieningen,weighted_mean,Voorzieningen
WK008050,-0.6348908715751598,Bereikbaarheid_Voorzieningen,weighted_mean,Voorzieningen
BU00805001,-0.6623255224865041,Bereikbaarheid_Voorzieningen,weighted_mean,Voorzieningen
BU00805002,-0.5895073352970339,Bereikbaarheid_Voorzieningen,weighted_mean,Voorzieningen
BU00805003,-0.1066966604902825,Bereikbaarheid_Voorzieningen,weighted_mean,Voorzieningen
WK008051,-0.6544865030696707,Bereikbaarheid_Voorzieningen,weighted_mean,Voorzieningen
BU00805101,-0.6041644723338815,Bereikbaarheid_Voorzieningen,weighted_mean,Voorzieningen
BU00805102,-0.7623063727499235,Bereikbaarheid_Voorzieningen,weighted_mean,Voorzieningen
BU00805103,-0.7351034515067034,Bereikbaarheid_Voorzieningen,weighted_mean,Voorzieningen
BU00805104,0.5486733866544389,Bereikbaarheid_Voorzieningen,weighted_mean,Voorzieningen
BU00805105,1.5776621915381397,Bereikbaarheid_Voorzieningen,weighted_mean,Voorzieningen
WK008060,-0.5888656349111746,Bereikbaarheid_Voorzieningen,weighted_mean,Voorzieningen
BU00806001,-0.6235028226490389,Bereikbaarheid_Voorzieningen,weighted_mean,Voorzieningen
BU00806002,-0.23085238648581757,Bereikbaarheid_Voorzieningen,weighted_mean,Voorzieningen
BU00806003,-0.2137947681825727,Bereikbaarheid_Voorzieningen,weighted_mean,Voorzieningen
WK008061,-0.5120115640981802,Bereikbaarheid_Voorzieningen,weighted_mean,Voorzieningen
BU00806101,-0.527626701249986,Bereikbaarheid_Voorzieningen,weighted_mean,Voorzieningen
BU00806102,-0.5026130876735938,Bereikbaarheid_Voorzieningen,weighted_mean,Voorzieningen
WK008062,-0.17346116740633466,Bereikbaarheid_Voorzieningen,weighted_mean,Voorzieningen
BU00806201,-0.5463001620475498,Bereikbaarheid_Voorzieningen,weighted_mean,Voorzieningen
BU00806202,-0.2531704149028802,Bereikbaarheid_Voorzieningen,weighted_mean,Voorzieningen
BU00806203,0.3857955143186978,Bereikbaarheid_Voorzieningen,weighted_mean,Voorzieningen
BU00806204,0.07685529646352385,Bereikbaarheid_Voorzieningen,weighted_mean,Voorzieningen
BU00806205,0.3603364024316932,Bereikbaarheid_Voorzieningen,weighted_mean,Voorzieningen
BU00806206,0.4858065817461873,Bereikbaarheid_Voorzieningen,weighted_mean,Voorzieningen
BU00806207,-0.1602774549636371,Bereikbaarheid_Voorzieningen,weighted_mean,Voorzieningen
BU00806208,0.35151531044791695,Bereikbaarheid_Voorzieningen,weighted_mean,Voorzieningen
BU00806209,-0.6555703240750035,Bereikbaarheid_Voorzieningen,weighted_mean,Voorzieningen
BU00806210,0.028530143468850043,Bereikbaarheid_Voorzieningen,weighted_mean,Voorzieningen
WK008063,-0.631752362768405,Bereikbaarheid_Voorzieningen,weighted_mean,Voorzieningen
BU00806301,-0.7401138355608966,Bereikbaarheid_Voorzieningen,weighted_mean,Voorzieningen
BU00806302,0.5119061686954999,Bereikbaarheid_Voorzieningen,weighted_mean,Voorzieningen
BU00806303,0.1217348949136701,Bereikbaarheid_Voorzieningen,weighted_mean,Voorzieningen
BU00806304,0.3374719643993536,Bereikbaarheid_Voorzieningen,weighted_mean,Voorzieningen
BU00806305,-0.4641786761910839,Bereikbaarheid_Voorzieningen,weighted_mean,Voorzieningen
BU00806306,0.12564387468867227,Bereikbaarheid_Voorzieningen,weighted_mean,Voorzieningen
BU00806307,0.580992733451619,Bereikbaarheid_Voorzieningen,weighted_mean,Voorzieningen
WK008070,-0.7302230967716843,Bereikbaarheid_Voorzieningen,weighted_mean,Voorzieningen
BU00807001,-0.8853046488635788,Bereikbaarheid_Voorzieningen,weighted_mean,Voorzieningen
BU00807002,-0.7507830139434375,Bereikbaarheid_Voorzieningen,weighted_mean,Voorzieningen
BU00807003,-0.4522443855170524,Bereikbaarheid_Voorzieningen,weighted_mean,Voorzieningen
BU00807004,0.08996578464626175,Bereikbaarheid_Voorzieningen,weighted_mean,Voorzieningen
WK008071,-0.3088789072758729,Bereikbaarheid_Voorzieningen,weighted_mean,Voorzieningen
BU00807101,-0.3088789072758729,Bereikbaarheid_Voorzieningen,weighted_mean,Voorzieningen
WK008072,-0.06688674961023129,Bereikbaarheid_Voorzieningen,weighted_mean,Voorzieningen
BU00807201,-0.057329767777480445,Bereikbaarheid_Voorzieningen,weighted_mean,Voorzieningen
BU00807202,0.1949075824250913,Bereikbaarheid_Voorzieningen,weighted_mean,Voorzieningen
BU00807203,-0.1008988005587967,Bereikbaarheid_Voorzieningen,weighted_mean,Voorzieningen
WK008073,-0.2502939973241354,Bereikbaarheid_Voorzieningen,weighted_mean,Voorzieningen
BU00807301,-0.3923309190032324,Bereikbaarheid_Voorzieningen,weighted_mean,Voorzieningen
BU00807302,0.09261081892583745,Bereikbaarheid_Voorzieningen,weighted_mean,Voorzieningen
BU00807303,0.20764926875459155,Bereikbaarheid_Voorzieningen,weighted_mean,Voorzieningen
BU00807304,0.6057908008400359,Bereikbaarheid_Voorzieningen,weighted_mean,Voorzieningen
BU00807305,-0.3652686514824194,Bereikbaarheid_Voorzieningen,weighted_mean,Voorzieningen
BU00807306,-0.5373721745851558,Bereikbaarheid_Voorzieningen,weighted_mean,Voorzieningen
WK008074,-0.08556446541082845,Bereikbaarheid_Voorzieningen,weighted_mean,Voorzieningen
BU00807401,-0.032339190656866884,Bereikbaarheid_Voorzieningen,weighted_mean,Voorzieningen
BU00807402,-0.16983001999838232,Bereikbaarheid_Voorzieningen,weighted_mean,Voorzieningen
BU00807403,-0.006729851433810524,Bereikbaarheid_Voorzieningen,weighted_mean,Voorzieningen
BU00807404,-0.35996672913176403,Bereikbaarheid_Voorzieningen,weighted_mean,Voorzieningen
BU00807405,-0.5020433673584555,Bereikbaarheid_Voorzieningen,weighted_mean,Voorzieningen
WK008080,-0.5861122396915385,Bereikbaarheid_Voorzieningen,weighted_mean,Voorzieningen
BU00808001,-0.7040733565589219,Bereikbaarheid_Voorzieningen,weighted_mean,Voorzieningen
BU00808002,-0.3227094248869832,Bereikbaarheid_Voorzieningen,weighted_mean,Voorzieningen
BU00808003,-0.04197934309110493,Bereikbaarheid_Voorzieningen,weighted_mean,Voorzieningen
BU00808004,-0.9319499934609538,Bereikbaarheid_Voorzieningen,weighted_mean,Voorzieningen
BU00808005,-0.11956994567859383,Bereikbaarheid_Voorzieningen,weighted_mean,Voorzieningen
BU00808006,0.5100682012589918,Bereikbaarheid_Voorzieningen,weighted_mean,Voorzieningen
BU00808007,-0.04173875592046146,Bereikbaarheid_Voorzieningen,weighted_mean,Voorzieningen
BU00808008,0.7253936655687877,Bereikbaarheid_Voorzieningen,weighted_mean,Voorzieningen
WK008081,0.14978157466594802,Bereikbaarheid_Voorzieningen,weighted_mean,Voorzieningen
BU00808101,-0.7567610473823461,Bereikbaarheid_Voorzieningen,weighted_mean,Voorzieningen
BU00808102,-0.1296598708560466,Bereikbaarheid_Voorzieningen,weighted_mean,Voorzieningen
BU00808103,-0.15166291052814657,Bereikbaarheid_Voorzieningen,weighted_mean,Voorzieningen
BU00808104,0.1617770479031049,Bereikbaarheid_Voorzieningen,weighted_mean,Voorzieningen
BU00808105,-0.13950961843241383,Bereikbaarheid_Voorzieningen,weighted_mean,Voorzieningen
BU00808106,0.10703785802976126,Bereikbaarheid_Voorzieningen,weighted_mean,Voorzieningen
BU00808107,0.7984539384177158,Bereikbaarheid_Voorzieningen,weighted_mean,Voorzieningen
BU00808108,0.7777304257314501,Bereikbaarheid_Voorzieningen,weighted_mean,Voorzieningen
BU00808109,1.082017697593142,Bereikbaarheid_Voorzieningen,weighted_mean,Voorzieningen
BU00808110,1.1428100353093644,Bereikbaarheid_Voorzieningen,weighted_mean,Voorzieningen
BU00808111,1.589155681579923,Bereikbaarheid_Voorzieningen,weighted_mean,Voorzieningen
BU00808112,1.8150381000646103,Bereikbaarheid_Voorzieningen,weighted_mean,Voorzieningen
BU00808113,0.5967224570630746,Bereikbaarheid_Voorzieningen,weighted_mean,Voorzieningen
BU00808114,0.26826671137171215,Bereikbaarheid_Voorzieningen,weighted_mean,Voorzieningen
BU00808115,-0.28074907008310646,Bereikbaarheid_Voorzieningen,weighted_mean,Voorzieningen
BU00808116,0.17934893534636687,Bereikbaarheid_Voorzieningen,weighted_mean,Voorzieningen
BU00808117,0.6198635785807616,Bereikbaarheid_Voorzieningen,weighted_mean,Voorzieningen
WK008082,-0.4634176294167703,Bereikbaarheid_Voorzieningen,weighted_mean,Voorzieningen
BU00808201,-0.0023380449080768334,Bereikbaarheid_Voorzieningen,weighted_mean,Voorzieningen
BU00808202,0.5880163830648504,Bereikbaarheid_Voorzieningen,weighted_mean,Voorzieningen
BU00808203,0.8044723592303001,Bereikbaarheid_Voorzieningen,weighted_mean,Voorzieningen
BU00808204,0.8265642456152903,Bereikbaarheid_Voorzieningen,weighted_mean,Voorzieningen
BU00808205,1.3269748233369953,Bereikbaarheid_Voorzieningen,weighted_mean,Voorzieningen
BU00808206,-0.7920822827620777,Bereikbaarheid_Voorzieningen,weighted_mean,Voorzieningen
BU00808207,0.9538396319218578,Bereikbaarheid_Voorzieningen,weighted_mean,Voorzieningen
BU00808208,-0.06981612689496308,Bereikbaarheid_Voorzieningen,weighted_mean,Voorzieningen
BU00808209,0.796915756845888,Bereikbaarheid_Voorzieningen,weighted_mean,Voorzieningen
GM1970,-0.4036466341422864,Bereikbaarheid_Voorzieningen,weighted_mean,Voorzieningen
WK197000,-0.5779854236517656,Bereikbaarheid_Voorzieningen,weighted_mean,Voorzieningen
BU19700000,-0.5741568640364254,Bereikbaarheid_Voorzieningen,weighted_mean,Voorzieningen
BU19700001,-0.6186684493198125,Bereikbaarheid_Voorzieningen,weighted_mean,Voorzieningen
BU19700002,-0.7649223868365713,Bereikbaarheid_Voorzieningen,weighted_mean,Voorzieningen
BU19700003,-0.4985558653332938,Bereikbaarheid_Voorzieningen,weighted_mean,Voorzieningen
BU19700004,-0.3731690125343988,Bereikbaarheid_Voorzieningen,weighted_mean,Voorzieningen
BU19700005,-0.84002100421282,Bereikbaarheid_Voorzieningen,weighted_mean,Voorzieningen
BU19700006,-0.5260559596916572,Bereikbaarheid_Voorzieningen,weighted_mean,Voorzieningen
BU19700007,-0.4194793120861151,Bereikbaarheid_Voorzieningen,weighted_mean,Voorzieningen
BU19700008,-0.5488637998262429,Bereikbaarheid_Voorzieningen,weighted_mean,Voorzieningen
BU19700009,-0.5482942726402228,Bereikbaarheid_Voorzieningen,weighted_mean,Voorzieningen
BU19700010,-0.347955695175536,Bereikbaarheid_Voorzieningen,weighted_mean,Voorzieningen
BU19700011,-0.6268543635090889,Bereikbaarheid_Voorzieningen,weighted_mean,Voorzieningen
WK197001,-0.15017918500477995,Bereikbaarheid_Voorzieningen,weighted_mean,Voorzieningen
BU19700100,-0.48806077766409367,Bereikbaarheid_Voorzieningen,weighted_mean,Voorzieningen
BU19700101,0.6695196010923329,Bereikbaarheid_Voorzieningen,weighted_mean,Voorzieningen
BU19700102,-0.32452277950209013,Bereikbaarheid_Voorzieningen,weighted_mean,Voorzieningen
BU19700103,0.5515174930121046,Bereikbaarheid_Voorzieningen,weighted_mean,Voorzieningen
BU19700104,-0.00478299441524728,Bereikbaarheid_Voorzieningen,weighted_mean,Voorzieningen
BU19700105,1.159569238982502,Bereikbaarheid_Voorzieningen,weighted_mean,Voorzieningen
BU19700107,-0.14161494823164436,Bereikbaarheid_Voorzieningen,weighted_mean,Voorzieningen
BU19700108,0.10925118316670407,Bereikbaarheid_Voorzieningen,weighted_mean,Voorzieningen
BU19700109,0.6736396483651828,Bereikbaarheid_Voorzieningen,weighted_mean,Voorzieningen
WK197002,0.6767954819567383,Bereikbaarheid_Voorzieningen,weighted_mean,Voorzieningen
BU19700200,0.47069581446346764,Bereikbaarheid_Voorzieningen,weighted_mean,Voorzieningen
BU19700201,0.8261675297685108,Bereikbaarheid_Voorzieningen,weighted_mean,Voorzieningen
BU19700202,0.9635016373091929,Bereikbaarheid_Voorzieningen,weighted_mean,Voorzieningen
BU19700208,0.6760418576731564,Bereikbaarheid_Voorzieningen,weighted_mean,Voorzieningen
BU19700209,1.153857484948168,Bereikbaarheid_Voorzieningen,weighted_mean,Voorzieningen
WK197003,-0.47245135735274424,Bereikbaarheid_Voorzieningen,weighted_mean,Voorzieningen
BU19700300,-1.0580402660326325,Bereikbaarheid_Voorzieningen,weighted_mean,Voorzieningen
BU19700301,0.14966292620372532,Bereikbaarheid_Voorzieningen,weighted_mean,Voorzieningen
BU19700302,0.19315448851739375,Bereikbaarheid_Voorzieningen,weighted_mean,Voorzieningen
BU19700303,0.33704708492294155,Bereikbaarheid_Voorzieningen,weighted_mean,Voorzieningen
BU19700307,-0.2752261150628562,Bereikbaarheid_Voorzieningen,weighted_mean,Voorzieningen
BU19700308,0.2857909082321293,Bereikbaarheid_Voorzieningen,weighted_mean,Voorzieningen
BU19700309,0.4085094799763006,Bereikbaarheid_Voorzieningen,weighted_mean,Voorzieningen
WK197004,-0.34592831666704027,Bereikbaarheid_Voorzieningen,weighted_mean,Voorzieningen
BU19700400,-0.7345137031027873,Bereikbaarheid_Voorzieningen,weighted_mean,Voorzieningen
BU19700401,1.1557549513886398,Bereikbaarheid_Voorzieningen,weighted_mean,Voorzieningen
BU19700408,-0.1628818082631371,Bereikbaarheid_Voorzieningen,weighted_mean,Voorzieningen
BU19700409,0.689756039341902,Bereikbaarheid_Voorzieningen,weighted_mean,Voorzieningen
WK197005,-0.08165989768046847,Bereikbaarheid_Voorzieningen,weighted_mean,Voorzieningen
BU19700500,-0.9954481943707831,Bereikbaarheid_Voorzieningen,weighted_mean,Voorzieningen
BU19700501,1.622064351660348,Bereikbaarheid_Voorzieningen,weighted_mean,Voorzieningen
BU19700502,0.5503553676435543,Bereikbaarheid_Voorzieningen,weighted_mean,Voorzieningen
BU19700503,1.3297207454496847,Bereikbaarheid_Voorzieningen,weighted_mean,Voorzieningen
BU19700506,-0.31489403727721443,Bereikbaarheid_Voorzieningen,weighted_mean,Voorzieningen
BU19700507,0.9893578233651862,Bereikbaarheid_Voorzieningen,weighted_mean,Voorzieningen
BU19700508,0.6110211944544434,Bereikbaarheid_Voorzieningen,weighted_mean,Voorzieningen
BU19700509,1.093736301563223,Bereikbaarheid_Voorzieningen,weighted_mean,Voorzieningen
WK197006,-0.5793308268985137,Bereikbaarheid_Voorzieningen,weighted_mean,Voorzieningen
BU19700600,-1.0091142061299623,Bereikbaarheid_Voorzieningen,weighted_mean,Voorzieningen
BU19700601,-0.07547095386556901,Bereikbaarheid_Voorzieningen,weighted_mean,Voorzieningen
BU19700602,0.46300196965719886,Bereikbaarheid_Voorzieningen,weighted_mean,Voorzieningen
BU19700603,0.7091411056216331,Bereikbaarheid_Voorzieningen,weighted_mean,Voorzieningen
BU19700604,-0.09413429773128792,Bereikbaarheid_Voorzieningen,weighted_mean,Voorzieningen
BU19700605,0.15274390012700656,Bereikbaarheid_Voorzieningen,weighted_mean,Voorzieningen
BU19700608,-0.16750486359697853,Bereikbaarheid_Voorzieningen,weighted_mean,Voorzieningen
BU19700609,0.8476752628005455,Bereikbaarheid_Voorzieningen,weighted_mean,Voorzieningen
WK197007,0.39981989637094434,Bereikbaarheid_Voorzieningen,weighted_mean,Voorzieningen
BU19700700,0.11071022842990857,Bereikbaarheid_Voorzieningen,weighted_mean,Voorzieningen
BU19700701,0.9834825601998722,Bereikbaarheid_Voorzieningen,weighted_mean,Voorzieningen
BU19700702,0.8063466259048147,Bereikbaarheid_Voorzieningen,weighted_mean,Voorzieningen
BU19700703,0.7931146703488581,Bereikbaarheid_Voorzieningen,weighted_mean,Voorzieningen
BU19700708,0.0766906352126856,Bereikbaarheid_Voorzieningen,weighted_mean,Voorzieningen
BU19700709,0.46814632944353196,Bereikbaarheid_Voorzieningen,weighted_mean,Voorzieningen
WK197008,-0.6197773791610438,Bereikbaarheid_Voorzieningen,weighted_mean,Voorzieningen
BU19700800,-0.960283231351621,Bereikbaarheid_Voorzieningen,weighted_mean,Voorzieningen
BU19700801,-0.7661122589850577,Bereikbaarheid_Voorzieningen,weighted_mean,Voorzieningen
BU19700802,-0.24346415887427994,Bereikbaarheid_Voorzieningen,weighted_mean,Voorzieningen
BU19700803,0.32551080862293325,Bereikbaarheid_Voorzieningen,weighted_mean,Voorzieningen
BU19700807,-0.20162708420718783,Bereikbaarheid_Voorzieningen,weighted_mean,Voorzieningen
BU19700808,-0.1714752723906614,Bereikbaarheid_Voorzieningen,weighted_mean,Voorzieningen
BU19700809,0.24661577729492412,Bereikbaarheid_Voorzieningen,weighted_mean,Voorzieningen
WK197009,-0.7851253034346234,Bereikbaarheid_Voorzieningen,weighted_mean,Voorzieningen
BU19700900,-0.9162108755231801,Bereikbaarheid_Voorzieningen,weighted_mean,Voorzieningen
BU19700909,-0.008434238509806409,Bereikbaarheid_Voorzieningen,weighted_mean,Voorzieningen
WK197010,0.42371604427440457,Bereikbaarheid_Voorzieningen,weighted_mean,Voorzieningen
BU19701000,0.06763870546863694,Bereikbaarheid_Voorzieningen,weighted_mean,Voorzieningen
BU19701001,0.5418019278141329,Bereikbaarheid_Voorzieningen,weighted_mean,Voorzieningen
BU19701002,0.4981659097609069,Bereikbaarheid_Voorzieningen,weighted_mean,Voorzieningen
BU19701003,0.9650502888853482,Bereikbaarheid_Voorzieningen,weighted_mean,Voorzieningen
BU19701004,1.5493723603900782,Bereikbaarheid_Voorzieningen,weighted_mean,Voorzieningen
BU19701005,1.1494551765570087,Bereikbaarheid_Voorzieningen,weighted_mean,Voorzieningen
BU19701006,1.3617490385587536,Bereikbaarheid_Voorzieningen,weighted_mean,Voorzieningen
BU19701008,0.3114600148891376,Bereikbaarheid_Voorzieningen,weighted_mean,Voorzieningen
BU19701009,1.0345192780371992,Bereikbaarheid_Voorzieningen,weighted_mean,Voorzieningen
WK197011,-0.7516297300557812,Bereikbaarheid_Voorzieningen,weighted_mean,Voorzieningen
BU19701100,-0.8130004405072888,Bereikbaarheid_Voorzieningen,weighted_mean,Voorzieningen
BU19701109,0.057514227089363906,Bereikbaarheid_Voorzieningen,weighted_mean,Voorzieningen
WK197012,0.880252815880117,Bereikbaarheid_Voorzieningen,weighted_mean,Voorzieningen
BU19701200,0.5348672194972173,Bereikbaarheid_Voorzieningen,weighted_mean,Voorzieningen
BU19701201,1.4640131818824758,Bereikbaarheid_Voorzieningen,weighted_mean,Voorzieningen
BU19701202,1.7846531992986394,Bereikbaarheid_Voorzieningen,weighted_mean,Voorzieningen
BU19701203,0.2915755421690384,Bereikbaarheid_Voorzieningen,weighted_mean,Voorzieningen
BU19701204,0.5775356155065686,Bereikbaarheid_Voorzieningen,weighted_mean,Voorzieningen
BU19701206,0.9527898865948212,Bereikbaarheid_Voorzieningen,weighted_mean,Voorzieningen
BU19701207,1.4887248310320973,Bereikbaarheid_Voorzieningen,weighted_mean,Voorzieningen
BU19701208,1.5385452207033103,Bereikbaarheid_Voorzieningen,weighted_mean,Voorzieningen
BU19701209,0.9472978180050016,Bereikbaarheid_Voorzieningen,weighted_mean,Voorzieningen
WK197013,-0.07202435249907946,Bereikbaarheid_Voorzieningen,weighted_mean,Voorzieningen
BU19701300,-0.21985913382980662,Bereikbaarheid_Voorzieningen,weighted_mean,Voorzieningen
BU19701301,-0.1598482665138913,Bereikbaarheid_Voorzieningen,weighted_mean,Voorzieningen
BU19701302,-0.10311045466644383,Bereikbaarheid_Voorzieningen,weighted_mean,Voorzieningen
BU19701308,0.2614829756207821,Bereikbaarheid_Voorzieningen,weighted_mean,Voorzieningen
BU19701309,0.8438631955896432,Bereikbaarheid_Voorzieningen,weighted_mean,Voorzieningen
WK197014,-0.7122970752399528,Bereikbaarheid_Voorzieningen,weighted_mean,Voorzieningen
BU19701400,-0.8113285207476029,Bereikbaarheid_Voorzieningen,weighted_mean,Voorzieningen
BU19701401,-0.5205079963800419,Bereikbaarheid_Voorzieningen,weighted_mean,Voorzieningen
BU19701402,-0.2907209489145561,Bereikbaarheid_Voorzieningen,weighted_mean,Voorzieningen
BU19701409,0.07976482604397934,Bereikbaarheid_Voorzieningen,weighted_mean,Voorzieningen
GM0085,-0.465088038734388,Bereikbaarheid_Voorzieningen,weighted_mean,Voorzieningen
WK008501,-0.508552841047388,Bereikbaarheid_Voorzieningen,weighted_mean,Voorzieningen
BU00850101,-0.651526376035228,Bereikbaarheid_Voorzieningen,weighted_mean,Voorzieningen
BU00850102,-0.5606870988963147,Bereikbaarheid_Voorzieningen,weighted_mean,Voorzieningen
BU00850103,-0.8686898077815322,Bereikbaarheid_Voorzieningen,weighted_mean,Voorzieningen
BU00850104,-1.0524336575573965,Bereikbaarheid_Voorzieningen,weighted_mean,Voorzieningen
BU00850105,-0.8707997149659958,Bereikbaarheid_Voorzieningen,weighted_mean,Voorzieningen
BU00850106,-0.17383169398584236,Bereikbaarheid_Voorzieningen,weighted_mean,Voorzieningen
BU00850107,-0.7128970864867358,Bereikbaarheid_Voorzieningen,weighted_mean,Voorzieningen
BU00850108,-0.48068524624338027,Bereikbaarheid_Voorzieningen,weighted_mean,Voorzieningen
BU00850109,-0.696241451926826,Bereikbaarheid_Voorzieningen,weighted_mean,Voorzieningen
BU00850110,-0.9805040163420481,Bereikbaarheid_Voorzieningen,weighted_mean,Voorzieningen
BU00850111,0.25045123725340274,Bereikbaarheid_Voorzieningen,weighted_mean,Voorzieningen
WK008502,-0.5742922037844067,Bereikbaarheid_Voorzieningen,weighted_mean,Voorzieningen
BU00850201,-0.939940947605152,Bereikbaarheid_Voorzieningen,weighted_mean,Voorzieningen
BU00850202,-0.9260774770643516,Bereikbaarheid_Voorzieningen,weighted_mean,Voorzieningen
BU00850203,0.05033457080451091,Bereikbaarheid_Voorzieningen,weighted_mean,Voorzieningen
WK008503,0.8730852284367627,Bereikbaarheid_Voorzieningen,weighted_mean,Voorzieningen
BU00850301,0.6806691559765293,Bereikbaarheid_Voorzieningen,weighted_mean,Voorzieningen
BU00850302,1.1130085408077035,Bereikbaarheid_Voorzieningen,weighted_mean,Voorzieningen
WK008504,0.6896511669480665,Bereikbaarheid_Voorzieningen,weighted_mean,Voorzieningen
BU00850401,0.5611411137478098,Bereikbaarheid_Voorzieningen,weighted_mean,Voorzieningen
BU00850402,0.7660269622993965,Bereikbaarheid_Voorzieningen,weighted_mean,Voorzieningen
WK008505,0.6553312709068899,Bereikbaarheid_Voorzieningen,weighted_mean,Voorzieningen
BU00850501,0.8485758467485485,Bereikbaarheid_Voorzieningen,weighted_mean,Voorzieningen
BU00850502,0.5680738631939617,Bereikbaarheid_Voorzieningen,weighted_mean,Voorzieningen
WK008506,-0.7826307881040173,Bereikbaarheid_Voorzieningen,weighted_mean,Voorzieningen
BU00850601,-0.8709918764798086,Bereikbaarheid_Voorzieningen,weighted_mean,Voorzieningen
BU00850602,-0.9458577758934581,Bereikbaarheid_Voorzieningen,weighted_mean,Voorzieningen
BU00850603,-1.0149867225265645,Bereikbaarheid_Voorzieningen,weighted_mean,Voorzieningen
BU00850604,-1.0075967679236242,Bereikbaarheid_Voorzieningen,weighted_mean,Voorzieningen
BU00850605,-0.809621166028301,Bereikbaarheid_Voorzieningen,weighted_mean,Voorzieningen
BU00850606,-0.809621166028301,Bereikbaarheid_Voorzieningen,weighted_mean,Voorzieningen
BU00850607,-0.9604578095915755,Bereikbaarheid_Voorzieningen,weighted_mean,Voorzieningen
BU00850608,-0.24342130142393242,Bereikbaarheid_Voorzieningen,weighted_mean,Voorzieningen
WK008507,0.8051352073628868,Bereikbaarheid_Voorzieningen,weighted_mean,Voorzieningen
BU00850701,0.7864889806241449,Bereikbaarheid_Voorzieningen,weighted_mean,Voorzieningen
BU00850702,0.8969641160440175,Bereikbaarheid_Voorzieningen,weighted_mean,Voorzieningen
WK008508,-0.1180724017507652,Bereikbaarheid_Voorzieningen,weighted_mean,Voorzieningen
BU00850801,-0.4316161150769726,Bereikbaarheid_Voorzieningen,weighted_mean,Voorzieningen
BU00850802,0.33941939356818435,Bereikbaarheid_Voorzieningen,weighted_mean,Voorzieningen
WK008509,1.0021945463717679,Bereikbaarheid_Voorzieningen,weighted_mean,Voorzieningen
BU00850901,1.163791681292377,Bereikbaarheid_Voorzieningen,weighted_mean,Voorzieningen
BU00850902,0.9371142449415956,Bereikbaarheid_Voorzieningen,weighted_mean,Voorzieningen
WK008510,-0.728470156747687,Bereikbaarheid_Voorzieningen,weighted_mean,Voorzieningen
BU00851001,-0.9100143114825672,Bereikbaarheid_Voorzieningen,weighted_mean,Voorzieningen
BU00851002,-0.9053722090070325,Bereikbaarheid_Voorzieningen,weighted_mean,Voorzieningen
BU00851003,-0.053392341781103594,Bereikbaarheid_Voorzieningen,weighted_mean,Voorzieningen
WK008511,-0.6724074957454933,Bereikbaarheid_Voorzieningen,weighted_mean,Voorzieningen
BU00851101,-0.4546440527524062,Bereikbaarheid_Voorzieningen,weighted_mean,Voorzieningen
BU00851102,-0.33190263184939106,Bereikbaarheid_Voorzieningen,weighted_mean,Voorzieningen
BU00851103,-0.6383879025282704,Bereikbaarheid_Voorzieningen,weighted_mean,Voorzieningen
BU00851104,-0.9178827952828661,Bereikbaarheid_Voorzieningen,weighted_mean,Voorzieningen
BU00851105,-0.9729683958674091,Bereikbaarheid_Voorzieningen,weighted_mean,Voorzieningen
BU00851106,-0.9086614272176005,Bereikbaarheid_Voorzieningen,weighted_mean,Voorzieningen
BU00851107,-0.892598261635816,Bereikbaarheid_Voorzieningen,weighted_mean,Voorzieningen
BU00851108,-0.7784402638551245,Bereikbaarheid_Voorzieningen,weighted_mean,Voorzieningen
BU00851109,-0.5767475287124794,Bereikbaarheid_Voorzieningen,weighted_mean,Voorzieningen
BU00851110,-0.8494460999153729,Bereikbaarheid_Voorzieningen,weighted_mean,Voorzieningen
BU00851111,-0.6895679637945958,Bereikbaarheid_Voorzieningen,weighted_mean,Voorzieningen
BU00851112,-0.8149216732089574,Bereikbaarheid_Voorzieningen,weighted_mean,Voorzieningen
BU00851113,-0.8783221976246532,Bereikbaarheid_Voorzieningen,weighted_mean,Voorzieningen
BU00851114,-0.8565120848313585,Bereikbaarheid_Voorzieningen,weighted_mean,Voorzieningen
BU00851115,-0.8213951891468175,Bereikbaarheid_Voorzieningen,weighted_mean,Voorzieningen
BU00851116,-0.7300535306810213,Bereikbaarheid_Voorzieningen,weighted_mean,Voorzieningen
BU00851117,-0.6387561841069289,Bereikbaarheid_Voorzieningen,weighted_mean,Voorzieningen
BU00851118,0.37266761864073955,Bereikbaarheid_Voorzieningen,weighted_mean,Voorzieningen
WK008512,0.63429590299924,Bereikbaarheid_Voorzieningen,weighted_mean,Voorzieningen
BU00851201,0.48420336486194016,Bereikbaarheid_Voorzieningen,weighted_mean,Voorzieningen
BU00851202,0.8947838297050927,Bereikbaarheid_Voorzieningen,weighted_mean,Voorzieningen
WK008513,-0.014012803133335361,Bereikbaarheid_Voorzieningen,weighted_mean,Voorzieningen
BU00851301,-0.20051204730526279,Bereikbaarheid_Voorzieningen,weighted_mean,Voorzieningen
BU00851302,0.29316882062303007,Bereikbaarheid_Voorzieningen,weighted_mean,Voorzieningen
GM0086,-0.45832598806918906,Bereikbaarheid_Voorzieningen,weighted_mean,Voorzieningen
WK008601,-0.7227699735901904,Bereikbaarheid_Voorzieningen,weighted_mean,Voorzieningen
BU00860101,-0.9725341785617543,Bereikbaarheid_Voorzieningen,weighted_mean,Voorzieningen
BU00860102,-0.9338800251376542,Bereikbaarheid_Voorzieningen,weighted_mean,Voorzieningen
BU00860103,-0.002556946992989209,Bereikbaarheid_Voorzieningen,weighted_mean,Voorzieningen
WK008602,-0.7058348570136675,Bereikbaarheid_Voorzieningen,weighted_mean,Voorzieningen
BU00860201,-1.0210476449940622,Bereikbaarheid_Voorzieningen,weighted_mean,Voorzieningen
BU00860202,-0.952197192083094,Bereikbaarheid_Voorzieningen,weighted_mean,Voorzieningen
BU00860203,-0.8127827756991819,Bereikbaarheid_Voorzieningen,weighted_mean,Voorzieningen
BU00860204,-0.7438055895300091,Bereikbaarheid_Voorzieningen,weighted_mean,Voorzieningen
BU00860205,-0.8759567845691854,Bereikbaarheid_Voorzieningen,weighted_mean,Voorzieningen
BU00860206,-0.4938528544714651,Bereikbaarheid_Voorzieningen,weighted_mean,Voorzieningen
BU00860207,-0.3740476917667511,Bereikbaarheid_Voorzieningen,weighted_mean,Voorzieningen
BU00860208,0.6029353623473772,Bereikbaarheid_Voorzieningen,weighted_mean,Voorzieningen
BU00860209,-0.3602458940386415,Bereikbaarheid_Voorzieningen,weighted_mean,Voorzieningen
WK008604,-0.09121119405558556,Bereikbaarheid_Voorzieningen,weighted_mean,Voorzieningen
BU00860401,-0.09066204867468902,Bereikbaarheid_Voorzieningen,weighted_mean,Voorzieningen
BU00860402,0.04196442555990458,Bereikbaarheid_Voorzieningen,weighted_mean,Voorzieningen
WK008605,-0.6931230732199127,Bereikbaarheid_Voorzieningen,weighted_mean,Voorzieningen
BU00860501,-0.7865984297492578,Bereikbaarheid_Voorzieningen,weighted_mean,Voorzieningen
BU00860502,-0.5194888376887137,Bereikbaarheid_Voorzieningen,weighted_mean,Voorzieningen
BU00860503,-0.7084393662272797,Bereikbaarheid_Voorzieningen,weighted_mean,Voorzieningen
BU00860504,-0.6398560779440517,Bereikbaarheid_Voorzieningen,weighted_mean,Voorzieningen
BU00860505,-0.6488952475436491,Bereikbaarheid_Voorzieningen,weighted_mean,Voorzieningen
BU00860506,-0.8747786543228111,Bereikbaarheid_Voorzieningen,weighted_mean,Voorzieningen
BU00860507,-0.6172420703525745,Bereikbaarheid_Voorzieningen,weighted_mean,Voorzieningen
BU00860508,0.40280059047703354,Bereikbaarheid_Voorzieningen,weighted_mean,Voorzieningen
WK008606,0.8410506283242711,Bereikbaarheid_Voorzieningen,weighted_mean,Voorzieningen
BU00860601,0.7805062688866011,Bereikbaarheid_Voorzieningen,weighted_mean,Voorzieningen
BU00860602,0.9367561953381862,Bereikbaarheid_Voorzieningen,weighted_mean,Voorzieningen
WK008607,0.6468478781042227,Bereikbaarheid_Voorzieningen,weighted_mean,Voorzieningen
BU00860701,0.576764734888515,Bereikbaarheid_Voorzieningen,weighted_mean,Voorzieningen
BU00860702,0.7143555024316304,Bereikbaarheid_Voorzieningen,weighted_mean,Voorzieningen
WK008608,-0.17800920767299466,Bereikbaarheid_Voorzieningen,weighted_mean,Voorzieningen
BU00860801,-0.3680381673158234,Bereikbaarheid_Voorzieningen,weighted_mean,Voorzieningen
BU00860802,0.26084390317587036,Bereikbaarheid_Voorzieningen,weighted_mean,Voorzieningen
WK008609,-0.19164963969603044,Bereikbaarheid_Voorzieningen,weighted_mean,Voorzieningen
BU00860901,-0.3153367266185145,Bereikbaarheid_Voorzieningen,weighted_mean,Voorzieningen
BU00860902,0.10694136503830941,Bereikbaarheid_Voorzieningen,weighted_mean,Voorzieningen
WK008610,1.0315930142698657,Bereikbaarheid_Voorzieningen,weighted_mean,Voorzieningen
BU00861001,1.1626710440897647,Bereikbaarheid_Voorzieningen,weighted_mean,Voorzieningen
BU00861002,0.7814147053858709,Bereikbaarheid_Voorzieningen,weighted_mean,Voorzieningen
WK008611,-0.4714666453265571,Bereikbaarheid_Voorzieningen,weighted_mean,Voorzieningen
BU00861101,-0.7768938353234744,Bereikbaarheid_Voorzieningen,weighted_mean,Voorzieningen
BU00861102,0.2760001683797507,Bereikbaarheid_Voorzieningen,weighted_mean,Voorzieningen
WK008613,0.05664230747744828,Bereikbaarheid_Voorzieningen,weighted_mean,Voorzieningen
BU00861301,-0.2322774439506238,Bereikbaarheid_Voorzieningen,weighted_mean,Voorzieningen
BU00861302,0.26775235902491223,Bereikbaarheid_Voorzieningen,weighted_mean,Voorzieningen
WK008614,-0.14741526004558436,Bereikbaarheid_Voorzieningen,weighted_mean,Voorzieningen
BU00861401,-0.4056884071731379,Bereikbaarheid_Voorzieningen,weighted_mean,Voorzieningen
BU00861402,0.2778336876354305,Bereikbaarheid_Voorzieningen,weighted_mean,Voorzieningen
WK008615,0.1022256886957029,Bereikbaarheid_Voorzieningen,weighted_mean,Voorzieningen
BU00861501,-0.20576947792085704,Bereikbaarheid_Voorzieningen,weighted_mean,Voorzieningen
BU00861502,0.7054106320699843,Bereikbaarheid_Voorzieningen,weighted_mean,Voorzieningen
WK008616,-0.7115680543512931,Bereikbaarheid_Voorzieningen,weighted_mean,Voorzieningen
BU00861601,-0.998273026201066,Bereikbaarheid_Voorzieningen,weighted_mean,Voorzieningen
BU00861602,-0.8638235179065304,Bereikbaarheid_Voorzieningen,weighted_mean,Voorzieningen
BU00861603,-0.7505904893540517,Bereikbaarheid_Voorzieningen,weighted_mean,Voorzieningen
BU00861604,-1.0561507908047187,Bereikbaarheid_Voorzieningen,weighted_mean,Voorzieningen
BU00861605,-0.9128925079152798,Bereikbaarheid_Voorzieningen,weighted_mean,Voorzieningen
BU00861606,0.4752873744063885,Bereikbaarheid_Voorzieningen,weighted_mean,Voorzieningen
BU00861607,0.1052656898357062,Bereikbaarheid_Voorzieningen,weighted_mean,Voorzieningen
WK008617,-0.49335783963460195,Bereikbaarheid_Voorzieningen,weighted_mean,Voorzieningen
BU00861701,-1.0419771004508482,Bereikbaarheid_Voorzieningen,weighted_mean,Voorzieningen
BU00861702,-0.9356671267082759,Bereikbaarheid_Voorzieningen,weighted_mean,Voorzieningen
BU00861703,0.21628117166144342,Bereikbaarheid_Voorzieningen,weighted_mean,Voorzieningen
GM0088,-1.0105330261219252,Bereikbaarheid_Voorzieningen,weighted_mean,Voorzieningen
WK008800,-1.0105330261219252,Bereikbaarheid_Voorzieningen,weighted_mean,Voorzieningen
BU00880000,-1.0419771004508482,Bereikbaarheid_Voorzieningen,weighted_mean,Voorzieningen
BU00880009,-0.4757772358464795,Bereikbaarheid_Voorzieningen,weighted_mean,Voorzieningen
GM0090,-0.4745129141144816,Bereikbaarheid_Voorzieningen,weighted_mean,Voorzieningen
WK009001,-0.5687965643256527,Bereikbaarheid_Voorzieningen,weighted_mean,Voorzieningen
BU00900101,-0.5687965643256527,Bereikbaarheid_Voorzieningen,weighted_mean,Voorzieningen
WK009002,-0.7297078926149528,Bereikbaarheid_Voorzieningen,weighted_mean,Voorzieningen
BU00900201,-0.6348237570988453,Bereikbaarheid_Voorzieningen,weighted_mean,Voorzieningen
BU00900202,-0.8160313097717654,Bereikbaarheid_Voorzieningen,weighted_mean,Voorzieningen
BU00900203,-0.6978233321247094,Bereikbaarheid_Voorzieningen,weighted_mean,Voorzieningen
BU00900204,-0.757066552117895,Bereikbaarheid_Voorzieningen,weighted_mean,Voorzieningen
BU00900205,-0.7760810604352956,Bereikbaarheid_Voorzieningen,weighted_mean,Voorzieningen
BU00900206,-0.5949598085878779,Bereikbaarheid_Voorzieningen,weighted_mean,Voorzieningen
WK009003,-0.4887356302298321,Bereikbaarheid_Voorzieningen,weighted_mean,Voorzieningen
BU00900301,-0.4044647318002364,Bereikbaarheid_Voorzieningen,weighted_mean,Voorzieningen
BU00900302,-0.4999149226627566,Bereikbaarheid_Voorzieningen,weighted_mean,Voorzieningen
BU00900303,-0.5721582241479594,Bereikbaarheid_Voorzieningen,weighted_mean,Voorzieningen
BU00900304,-0.562438545184861,Bereikbaarheid_Voorzieningen,weighted_mean,Voorzieningen
WK009004,-0.6174609771908505,Bereikbaarheid_Voorzieningen,weighted_mean,Voorzieningen
BU00900401,-0.6124897835391905,Bereikbaarheid_Voorzieningen,weighted_mean,Voorzieningen
BU00900402,-0.3672334055162989,Bereikbaarheid_Voorzieningen,weighted_mean,Voorzieningen
BU00900403,-0.6218233606206953,Bereikbaarheid_Voorzieningen,weighted_mean,Voorzieningen
BU00900404,-0.6326861476782668,Bereikbaarheid_Voorzieningen,weighted_mean,Voorzieningen
BU00900405,-0.6347049789170128,Bereikbaarheid_Voorzieningen,weighted_mean,Voorzieningen
BU00900406,-0.7322859249160014,Bereikbaarheid_Voorzieningen,weighted_mean,Voorzieningen
WK009005,-0.15977958034506984,Bereikbaarheid_Voorzieningen,weighted_mean,Voorzieningen
BU00900501,-0.13952988298638663,Bereikbaarheid_Voorzieningen,weighted_mean,Voorzieningen
BU00900502,-0.22772366697898133,Bereikbaarheid_Voorzieningen,weighted_mean,Voorzieningen
WK009006,-0.6644391851138852,Bereikbaarheid_Voorzieningen,weighted_mean,Voorzieningen
BU00900601,-0.6959083849853238,Bereikbaarheid_Voorzieningen,weighted_mean,Voorzieningen
BU00900602,-0.6736680954478086,Bereikbaarheid_Voorzieningen,weighted_mean,Voorzieningen
BU00900603,-0.6206490784505002,Bereikbaarheid_Voorzieningen,weighted_mean,Voorzieningen
WK009007,-0.5019513204687436,Bereikbaarheid_Voorzieningen,weighted_mean,Voorzieningen
BU00900701,-0.72919927230002,Bereikbaarheid_Voorzieningen,weighted_mean,Voorzieningen
BU00900702,-0.647558751096605,Bereikbaarheid_Voorzieningen,weighted_mean,Voorzieningen
BU00900703,-0.6416544939328656,Bereikbaarheid_Voorzieningen,weighted_mean,Voorzieningen
BU00900704,-0.37120453419255717,Bereikbaarheid_Voorzieningen,weighted_mean,Voorzieningen
BU00900705,-0.3938190472250105,Bereikbaarheid_Voorzieningen,weighted_mean,Voorzieningen
BU00900706,-0.07869323337846042,Bereikbaarheid_Voorzieningen,weighted_mean,Voorzieningen
WK009008,-0.5605198426025584,Bereikbaarheid_Voorzieningen,weighted_mean,Voorzieningen
BU00900801,-0.4454974360957859,Bereikbaarheid_Voorzieningen,weighted_mean,Voorzieningen
BU00900802,-0.656888480101931,Bereikbaarheid_Voorzieningen,weighted_mean,Voorzieningen
BU00900803,-0.6569908537592236,Bereikbaarheid_Voorzieningen,weighted_mean,Voorzieningen
WK009009,-0.6338833883471848,Bereikbaarheid_Voorzieningen,weighted_mean,Voorzieningen
BU00900901,-0.6256478963812189,Bereikbaarheid_Voorzieningen,weighted_mean,Voorzieningen
BU00900902,-0.6026239646462399,Bereikbaarheid_Voorzieningen,weighted_mean,Voorzieningen
BU00900903,-0.631214294776624,Bereikbaarheid_Voorzieningen,weighted_mean,Voorzieningen
BU00900904,-0.5997727191842441,Bereikbaarheid_Voorzieningen,weighted_mean,Voorzieningen
WK009010,-0.6524536236775245,Bereikbaarheid_Voorzieningen,weighted_mean,Voorzieningen
BU00901001,-0.5976678555318952,Bereikbaarheid_Voorzieningen,weighted_mean,Voorzieningen
BU00901002,-0.6305863908388827,Bereikbaarheid_Voorzieningen,weighted_mean,Voorzieningen
BU00901003,-0.719668957834676,Bereikbaarheid_Voorzieningen,weighted_mean,Voorzieningen
BU00901004,-0.6766800766426125,Bereikbaarheid_Voorzieningen,weighted_mean,Voorzieningen
WK009011,-0.0008759912291946975,Bereikbaarheid_Voorzieningen,weighted_mean,Voorzieningen
BU00901101,-0.0008759912291946975,Bereikbaarheid_Voorzieningen,weighted_mean,Voorzieningen
WK009012,0.04715902396281055,Bereikbaarheid_Voorzieningen,weighted_mean,Voorzieningen
BU00901201,0.044222765764509384,Bereikbaarheid_Voorzieningen,weighted_mean,Voorzieningen
BU00901202,0.06120237001137399,Bereikbaarheid_Voorzieningen,weighted_mean,Voorzieningen
WK009013,-0.48286617926118774,Bereikbaarheid_Voorzieningen,weighted_mean,Voorzieningen
BU00901301,-0.5484035618320641,Bereikbaarheid_Voorzieningen,weighted_mean,Voorzieningen
BU00901302,-0.545121648861077,Bereikbaarheid_Voorzieningen,weighted_mean,Voorzieningen
BU00901303,-0.3626290609582853,Bereikbaarheid_Voorzieningen,weighted_mean,Voorzieningen
WK009021,-0.4182935397190896,Bereikbaarheid_Voorzieningen,weighted_mean,Voorzieningen
BU00902104,-0.4799025803871376,Bereikbaarheid_Voorzieningen,weighted_mean,Voorzieningen
BU00902105,-0.4000021596712541,Bereikbaarheid_Voorzieningen,weighted_mean,Voorzieningen
BU00902109,0.27193001386972315,Bereikbaarheid_Voorzieningen,weighted_mean,Voorzieningen
BU00902110,-0.8103577291856181,Bereikbaarheid_Voorzieningen,weighted_mean,Voorzieningen
BU00902114,0.9051819321028636,Bereikbaarheid_Voorzieningen,weighted_mean,Voorzieningen
WK009022,-0.05744628425184643,Bereikbaarheid_Voorzieningen,weighted_mean,Voorzieningen
BU00902201,-0.15150634565299326,Bereikbaarheid_Voorzieningen,weighted_mean,Voorzieningen
BU00902202,0.3588258331856704,Bereikbaarheid_Voorzieningen,weighted_mean,Voorzieningen
BU00902203,0.4168363942569394,Bereikbaarheid_Voorzieningen,weighted_mean,Voorzieningen
BU00902206,-0.5711677466766707,Bereikbaarheid_Voorzieningen,weighted_mean,Voorzieningen
BU00902212,0.8242058940053929,Bereikbaarheid_Voorzieningen,weighted_mean,Voorzieningen
BU00902213,2.499364338653691,Bereikbaarheid_Voorzieningen,weighted_mean,Voorzieningen
BU00902215,1.7898866778713094,Bereikbaarheid_Voorzieningen,weighted_mean,Voorzieningen
BU00902216,-0.05406958646645781,Bereikbaarheid_Voorzieningen,weighted_mean,Voorzieningen
WK009023,-0.07268657389755726,Bereikbaarheid_Voorzieningen,weighted_mean,Voorzieningen
BU00902307,0.20683853450590192,Bereikbaarheid_Voorzieningen,weighted_mean,Voorzieningen
BU00902308,-0.007362256793210852,Bereikbaarheid_Voorzieningen,weighted_mean,Voorzieningen
BU00902311,-0.37892106776661894,Bereikbaarheid_Voorzieningen,weighted_mean,Voorzieningen
GM1900,-0.370996283140337,Bereikbaarheid_Voorzieningen,weighted_mean,Voorzieningen
WK190000,-0.6828209976667122,Bereikbaarheid_Voorzieningen,weighted_mean,Voorzieningen
BU19000000,-0.8018528275910627,Bereikbaarheid_Voorzieningen,weighted_mean,Voorzieningen
BU19000001,-0.802769266256143,Bereikbaarheid_Voorzieningen,weighted_mean,Voorzieningen
BU19000002,-0.8941043707477564,Bereikbaarheid_Voorzieningen,weighted_mean,Voorzieningen
BU19000003,-0.5721040915735143,Bereikbaarheid_Voorzieningen,weighted_mean,Voorzieningen
BU19000004,-0.4802108355645119,Bereikbaarheid_Voorzieningen,weighted_mean,Voorzieningen
BU19000009,-0.2773915706001599,Bereikbaarheid_Voorzieningen,weighted_mean,Voorzieningen
WK190001,-0.5505266354923803,Bereikbaarheid_Voorzieningen,weighted_mean,Voorzieningen
BU19000101,-0.7537177004492314,Bereikbaarheid_Voorzieningen,weighted_mean,Voorzieningen
BU19000102,-0.7083417064397635,Bereikbaarheid_Voorzieningen,weighted_mean,Voorzieningen
BU19000103,-0.47454933736857235,Bereikbaarheid_Voorzieningen,weighted_mean,Voorzieningen
BU19000104,-0.7212017176074057,Bereikbaarheid_Voorzieningen,weighted_mean,Voorzieningen
BU19000105,-0.6491785017097969,Bereikbaarheid_Voorzieningen,weighted_mean,Voorzieningen
BU19000106,-0.8438241698737452,Bereikbaarheid_Voorzieningen,weighted_mean,Voorzieningen
BU19000107,-0.6101962767868692,Bereikbaarheid_Voorzieningen,weighted_mean,Voorzieningen
BU19000108,-0.8044117682065968,Bereikbaarheid_Voorzieningen,weighted_mean,Voorzieningen
BU19000109,-0.8267232740322995,Bereikbaarheid_Voorzieningen,weighted_mean,Voorzieningen
BU19000110,-0.4716513126611525,Bereikbaarheid_Voorzieningen,weighted_mean,Voorzieningen
BU19000111,-0.09614977842355929,Bereikbaarheid_Voorzieningen,weighted_mean,Voorzieningen
BU19000112,-0.7794349242532508,Bereikbaarheid_Voorzieningen,weighted_mean,Voorzieningen
BU19000113,-0.6723503610239409,Bereikbaarheid_Voorzieningen,weighted_mean,Voorzieningen
BU19000114,-0.6807161507209802,Bereikbaarheid_Voorzieningen,weighted_mean,Voorzieningen
BU19000115,-0.5289516928239947,Bereikbaarheid_Voorzieningen,weighted_mean,Voorzieningen
BU19000116,-0.385668206434984,Bereikbaarheid_Voorzieningen,weighted_mean,Voorzieningen
BU19000117,-0.5435761007992298,Bereikbaarheid_Voorzieningen,weighted_mean,Voorzieningen
BU19000118,0.25335479625770757,Bereikbaarheid_Voorzieningen,weighted_mean,Voorzieningen
BU19000119,-0.2378058327232257,Bereikbaarheid_Voorzieningen,weighted_mean,Voorzieningen
BU19000120,-0.42376883230116125,Bereikbaarheid_Voorzieningen,weighted_mean,Voorzieningen
WK190002,-0.5911883057370341,Bereikbaarheid_Voorzieningen,weighted_mean,Voorzieningen
BU19000200,-0.7772088302567594,Bereikbaarheid_Voorzieningen,weighted_mean,Voorzieningen
BU19000201,0.8509494111500037,Bereikbaarheid_Voorzieningen,weighted_mean,Voorzieningen
BU19000202,-0.13688300132226583,Bereikbaarheid_Voorzieningen,weighted_mean,Voorzieningen
BU19000208,0.36954545310808606,Bereikbaarheid_Voorzieningen,weighted_mean,Voorzieningen
BU19000209,0.17566465569194617,Bereikbaarheid_Voorzieningen,weighted_mean,Voorzieningen
WK190003,-0.41404578608497095,Bereikbaarheid_Voorzieningen,weighted_mean,Voorzieningen
BU19000300,-0.8893090434252482,Bereikbaarheid_Voorzieningen,weighted_mean,Voorzieningen
BU19000301,1.7911421707606594,Bereikbaarheid_Voorzieningen,weighted_mean,Voorzieningen
BU19000302,0.729196318508598,Bereikbaarheid_Voorzieningen,weighted_mean,Voorzieningen
BU19000308,0.04961309218450892,Bereikbaarheid_Voorzieningen,weighted_mean,Voorzieningen
BU19000309,0.3782641248603364,Bereikbaarheid_Voorzieningen,weighted_mean,Voorzieningen
WK190004,-0.3251954709048956,Bereikbaarheid_Voorzieningen,weighted_mean,Voorzieningen
BU19000400,-0.2991044459015382,Bereikbaarheid_Voorzieningen,weighted_mean,Voorzieningen
BU19000401,-0.283914130213862,Bereikbaarheid_Voorzieningen,weighted_mean,Voorzieningen
BU19000402,0.455873252441925,Bereikbaarheid_Voorzieningen,weighted_mean,Voorzieningen
BU19000403,-0.4733377561475989,Bereikbaarheid_Voorzieningen,weighted_mean,Voorzieningen
BU19000408,0.1574821932724957,Bereikbaarheid_Voorzieningen,weighted_mean,Voorzieningen
BU19000409,-0.1864614393531952,Bereikbaarheid_Voorzieningen,weighted_mean,Voorzieningen
WK190005,-0.7170076268552322,Bereikbaarheid_Voorzieningen,weighted_mean,Voorzieningen
BU19000500,-0.860016596802688,Bereikbaarheid_Voorzieningen,weighted_mean,Voorzieningen
BU19000501,-0.762980833580218,Bereikbaarheid_Voorzieningen,weighted_mean,Voorzieningen
BU19000502,-0.6611006261557046,Bereikbaarheid_Voorzieningen,weighted_mean,Voorzieningen
BU19000503,-0.04054793729836986,Bereikbaarheid_Voorzieningen,weighted_mean,Voorzieningen
WK190006,-0.5301102004419154,Bereikbaarheid_Voorzieningen,weighted_mean,Voorzieningen
BU19000600,-0.9831743666189829,Bereikbaarheid_Voorzieningen,weighted_mean,Voorzieningen
BU19000602,0.27287303251867545,Bereikbaarheid_Voorzieningen,weighted_mean,Voorzieningen
BU19000603,0.4280576510057734,Bereikbaarheid_Voorzieningen,weighted_mean,Voorzieningen
BU19000607,-0.12202649593021805,Bereikbaarheid_Voorzieningen,weighted_mean,Voorzieningen
BU19000608,1.25688413785263,Bereikbaarheid_Voorzieningen,weighted_mean,Voorzieningen
BU19000609,0.4748501886235325,Bereikbaarheid_Voorzieningen,weighted_mean,Voorzieningen
WK190007,-0.29168971731335785,Bereikbaarheid_Voorzieningen,weighted_mean,Voorzieningen
BU19000700,-0.5066534540186779,Bereikbaarheid_Voorzieningen,weighted_mean,Voorzieningen
BU19000701,0.016752489438705505,Bereikbaarheid_Voorzieningen,weighted_mean,Voorzieningen
BU19000702,0.21902491255049727,Bereikbaarheid_Voorzieningen,weighted_mean,Voorzieningen
BU19000706,-0.041865593765181466,Bereikbaarheid_Voorzieningen,weighted_mean,Voorzieningen
BU19000707,0.19567025941939892,Bereikbaarheid_Voorzieningen,weighted_mean,Voorzieningen
BU19000708,0.19850805056407383,Bereikbaarheid_Voorzieningen,weighted_mean,Voorzieningen
WK190008,0.4418944395029614,Bereikbaarheid_Voorzieningen,weighted_mean,Voorzieningen
BU19000800,0.13260385028237393,Bereikbaarheid_Voorzieningen,weighted_mean,Voorzieningen
BU19000801,0.8992966887478308,Bereikbaarheid_Voorzieningen,weighted_mean,Voorzieningen
BU19000802,1.036584583538327,Bereikbaarheid_Voorzieningen,weighted_mean,Voorzieningen
BU19000804,1.4545343061931637,Bereikbaarheid_Voorzieningen,weighted_mean,Voorzieningen
BU19000808,0.48768169231936165,Bereikbaarheid_Voorzieningen,weighted_mean,Voorzieningen
BU19000809,1.4153930977619358,Bereikbaarheid_Voorzieningen,weighted_mean,Voorzieningen
WK190009,0.835731587723038,Bereikbaarheid_Voorzieningen,weighted_mean,Voorzieningen
BU19000900,0.17846496675747806,Bereikbaarheid_Voorzieningen,weighted_mean,Voorzieningen
BU19000901,0.8526122027686829,Bereikbaarheid_Voorzieningen,weighted_mean,Voorzieningen
BU19000902,1.0338824411666578,Bereikbaarheid_Voorzieningen,weighted_mean,Voorzieningen
BU19000903,1.594311623681143,Bereikbaarheid_Voorzieningen,weighted_mean,Voorzieningen
BU19000904,1.1988208854872735,Bereikbaarheid_Voorzieningen,weighted_mean,Voorzieningen
BU19000905,1.3668511310577052,Bereikbaarheid_Voorzieningen,weighted_mean,Voorzieningen
BU19000906,1.9480485382932384,Bereikbaarheid_Voorzieningen,weighted_mean,Voorzieningen
BU19000907,0.1469411455772355,Bereikbaarheid_Voorzieningen,weighted_mean,Voorzieningen
BU19000908,1.4329235916226852,Bereikbaarheid_Voorzieningen,weighted_mean,Voorzieningen
BU19000909,1.1200776858153203,Bereikbaarheid_Voorzieningen,weighted_mean,Voorzieningen
WK190010,0.26698444329028315,Bereikbaarheid_Voorzieningen,weighted_mean,Voorzieningen
BU19001000,0.9744736836909896,Bereikbaarheid_Voorzieningen,weighted_mean,Voorzieningen
BU19001001,-0.2275024252295465,Bereikbaarheid_Voorzieningen,weighted_mean,Voorzieningen
BU19001002,0.8350147330625025,Bereikbaarheid_Voorzieningen,weighted_mean,Voorzieningen
BU19001003,0.5680291531707486,Bereikbaarheid_Voorzieningen,weighted_mean,Voorzieningen
BU19001007,1.2787517170602274,Bereikbaarheid_Voorzieningen,weighted_mean,Voorzieningen
BU19001008,0.4401769045709642,Bereikbaarheid_Voorzieningen,weighted_mean,Voorzieningen
WK190011,-0.07167392260617851,Bereikbaarheid_Voorzieningen,weighted_mean,Voorzieningen
BU19001100,-0.26964952450150165,Bereikbaarheid_Voorzieningen,weighted_mean,Voorzieningen
BU19001101,0.47400908001176656,Bereikbaarheid_Voorzieningen,weighted_mean,Voorzieningen
BU19001108,1.0464940544830998,Bereikbaarheid_Voorzieningen,weighted_mean,Voorzieningen
BU19001109,0.9705549898501733,Bereikbaarheid_Voorzieningen,weighted_mean,Voorzieningen
WK190012,0.09418821285654248,Bereikbaarheid_Voorzieningen,weighted_mean,Voorzieningen
BU19001200,-0.0633018221523552,Bereikbaarheid_Voorzieningen,weighted_mean,Voorzieningen
BU19001201,0.4986634433404936,Bereikbaarheid_Voorzieningen,weighted_mean,Voorzieningen
BU19001202,0.493836850824208,Bereikbaarheid_Voorzieningen,weighted_mean,Voorzieningen
BU19001203,1.7235594141149195,Bereikbaarheid_Voorzieningen,weighted_mean,Voorzieningen
BU19001204,0.9278548291671768,Bereikbaarheid_Voorzieningen,weighted_mean,Voorzieningen
BU19001208,0.4456372766396502,Bereikbaarheid_Voorzieningen,weighted_mean,Voorzieningen
BU19001209,1.0452628846235188,Bereikbaarheid_Voorzieningen,weighted_mean,Voorzieningen
WK190013,-0.39146630311569086,Bereikbaarheid_Voorzieningen,weighted_mean,Voorzieningen
BU19001300,-0.9917995102632059,Bereikbaarheid_Voorzieningen,weighted_mean,Voorzieningen
BU19001301,0.5208706815501254,Bereikbaarheid_Voorzieningen,weighted_mean,Voorzieningen
BU19001302,0.1208522211789121,Bereikbaarheid_Voorzieningen,weighted_mean,Voorzieningen
BU19001303,-0.4882263245730551,Bereikbaarheid_Voorzieningen,weighted_mean,Voorzieningen
BU19001306,-0.0730334973298713,Bereikbaarheid_Voorzieningen,weighted_mean,Voorzieningen
BU19001307,1.051801699035971,Bereikbaarheid_Voorzieningen,weighted_mean,Voorzieningen
BU19001308,0.32332355498690624,Bereikbaarheid_Voorzieningen,weighted_mean,Voorzieningen
BU19001309,0.10865988826478154,Bereikbaarheid_Voorzieningen,weighted_mean,Voorzieningen
WK190014,1.3173443216877208,Bereikbaarheid_Voorzieningen,weighted_mean,Voorzieningen
BU19001400,2.1318495835447306,Bereikbaarheid_Voorzieningen,weighted_mean,Voorzieningen
BU19001401,1.3188270908760464,Bereikbaarheid_Voorzieningen,weighted_mean,Voorzieningen
BU19001402,0.9863012618667789,Bereikbaarheid_Voorzieningen,weighted_mean,Voorzieningen
BU19001403,0.2700250245901621,Bereikbaarheid_Voorzieningen,weighted_mean,Voorzieningen
BU19001404,0.7730207426327197,Bereikbaarheid_Voorzieningen,weighted_mean,Voorzieningen
BU19001405,1.6322106889538261,Bereikbaarheid_Voorzieningen,weighted_mean,Voorzieningen
BU19001406,1.2376956660761298,Bereikbaarheid_Voorzieningen,weighted_mean,Voorzieningen
BU19001407,1.895408234296203,Bereikbaarheid_Voorzieningen,weighted_mean,Voorzieningen
BU19001408,1.3634425602587945,Bereikbaarheid_Voorzieningen,weighted_mean,Voorzieningen
BU19001409,1.0419401096440915,Bereikbaarheid_Voorzieningen,weighted_mean,Voorzieningen
WK190015,1.7506121162038921,Bereikbaarheid_Voorzieningen,weighted_mean,Voorzieningen
BU19001500,2.89149892670425,Bereikbaarheid_Voorzieningen,weighted_mean,Voorzieningen
BU19001501,1.1046800623108726,Bereikbaarheid_Voorzieningen,weighted_mean,Voorzieningen
BU19001502,0.8878532326265285,Bereikbaarheid_Voorzieningen,weighted_mean,Voorzieningen
BU19001503,0.605790800840036,Bereikbaarheid_Voorzieningen,weighted_mean,Voorzieningen
BU19001509,3.2508527420057014,Bereikbaarheid_Voorzieningen,weighted_mean,Voorzieningen
WK190016,1.0696092845166674,Bereikbaarheid_Voorzieningen,weighted_mean,Voorzieningen
BU19001600,1.0101771880675463,Bereikbaarheid_Voorzieningen,weighted_mean,Voorzieningen
BU19001601,2.079877174689333,Bereikbaarheid_Voorzieningen,weighted_mean,Voorzieningen
BU19001602,1.1712687449984984,Bereikbaarheid_Voorzieningen,weighted_mean,Voorzieningen
BU19001603,-0.05132840556438571,Bereikbaarheid_Voorzieningen,weighted_mean,Voorzieningen
BU19001604,1.7270452932674774,Bereikbaarheid_Voorzieningen,weighted_mean,Voorzieningen
BU19001606,1.3011843438901936,Bereikbaarheid_Voorzieningen,weighted_mean,Voorzieningen
BU19001607,0.5225578056250522,Bereikbaarheid_Voorzieningen,weighted_mean,Voorzieningen
BU19001608,1.3541497007285084,Bereikbaarheid_Voorzieningen,weighted_mean,Voorzieningen
WK190017,-0.8403666422788885,Bereikbaarheid_Voorzieningen,weighted_mean,Voorzieningen
BU19001700,-0.8714424350291528,Bereikbaarheid_Voorzieningen,weighted_mean,Voorzieningen
BU19001709,-0.24681566044023528,Bereikbaarheid_Voorzieningen,weighted_mean,Voorzieningen
WK190018,0.7648647751652025,Bereikbaarheid_Voorzieningen,weighted_mean,Voorzieningen
BU19001800,0.17989641912444632,Bereikbaarheid_Voorzieningen,weighted_mean,Voorzieningen
BU19001801,1.2719330684972747,Bereikbaarheid_Voorzieningen,weighted_mean,Voorzieningen
BU19001802,0.5431972719131432,Bereikbaarheid_Voorzieningen,weighted_mean,Voorzieningen
BU19001803,1.614377782722407,Bereikbaarheid_Voorzieningen,weighted_mean,Voorzieningen
BU19001804,0.40553964987913593,Bereikbaarheid_Voorzieningen,weighted_mean,Voorzieningen
BU19001808,0.5434850935228401,Bereikbaarheid_Voorzieningen,weighted_mean,Voorzieningen
BU19001809,1.736122671740067,Bereikbaarheid_Voorzieningen,weighted_mean,Voorzieningen
WK190019,0.6389504426415733,Bereikbaarheid_Voorzieningen,weighted_mean,Voorzieningen
BU19001900,0.4683052611892784,Bereikbaarheid_Voorzieningen,weighted_mean,Voorzieningen
BU19001901,0.9477885086771207,Bereikbaarheid_Voorzieningen,weighted_mean,Voorzieningen
BU19001902,0.33328036447245124,Bereikbaarheid_Voorzieningen,weighted_mean,Voorzieningen
BU19001903,1.0926353168566802,Bereikbaarheid_Voorzieningen,weighted_mean,Voorzieningen
BU19001904,0.7523845190664316,Bereikbaarheid_Voorzieningen,weighted_mean,Voorzieningen
WK190020,-0.23743788080690534,Bereikbaarheid_Voorzieningen,weighted_mean,Voorzieningen
BU19002001,-0.8974026249624328,Bereikbaarheid_Voorzieningen,weighted_mean,Voorzieningen
BU19002002,-0.4354480073244256,Bereikbaarheid_Voorzieningen,weighted_mean,Voorzieningen
BU19002003,1.0045670407987386,Bereikbaarheid_Voorzieningen,weighted_mean,Voorzieningen
BU19002004,0.05871245129939343,Bereikbaarheid_Voorzieningen,weighted_mean,Voorzieningen
BU19002005,0.25865127483018374,Bereikbaarheid_Voorzieningen,weighted_mean,Voorzieningen
BU19002006,0.43104744958514213,Bereikbaarheid_Voorzieningen,weighted_mean,Voorzieningen
BU19002007,1.172961661344163,Bereikbaarheid_Voorzieningen,weighted_mean,Voorzieningen
BU19002008,0.33150442140590963,Bereikbaarheid_Voorzieningen,weighted_mean,Voorzieningen
BU19002009,-0.18563612320806566,Bereikbaarheid_Voorzieningen,weighted_mean,Voorzieningen
BU19002010,0.18609305636875198,Bereikbaarheid_Voorzieningen,weighted_mean,Voorzieningen
BU19002011,0.5363527072481822,Bereikbaarheid_Voorzieningen,weighted_mean,Voorzieningen
BU19002012,0.389056088572909,Bereikbaarheid_Voorzieningen,weighted_mean,Voorzieningen
BU19002013,1.2113875449864921,Bereikbaarheid_Voorzieningen,weighted_mean,Voorzieningen
BU19002014,0.8125355179571605,Bereikbaarheid_Voorzieningen,weighted_mean,Voorzieningen
BU19002015,1.135861715749447,Bereikbaarheid_Voorzieningen,weighted_mean,Voorzieningen
BU19002016,1.0974291117807762,Bereikbaarheid_Voorzieningen,weighted_mean,Voorzieningen
BU19002017,-0.5072185776479392,Bereikbaarheid_Voorzieningen,weighted_mean,Voorzieningen
BU19002018,0.6420994393670175,Bereikbaarheid_Voorzieningen,weighted_mean,Voorzieningen
BU19002019,0.2390337903825756,Bereikbaarheid_Voorzieningen,weighted_mean,Voorzieningen
GM0093,-0.5963302908029084,Bereikbaarheid_Voorzieningen,weighted_mean,Voorzieningen
WK009300,-0.8661218311618896,Bereikbaarheid_Voorzieningen,weighted_mean,Voorzieningen
BU00930000,-0.8661218311618896,Bereikbaarheid_Voorzieningen,weighted_mean,Voorzieningen
BU00930002,-0.06793431371363254,Bereikbaarheid_Voorzieningen,weighted_mean,Voorzieningen
WK009301,-0.8717284396371258,Bereikbaarheid_Voorzieningen,weighted_mean,Voorzieningen
BU00930110,-1.0288501930673648,Bereikbaarheid_Voorzieningen,weighted_mean,Voorzieningen
BU00930111,-0.5645066058009293,Bereikbaarheid_Voorzieningen,weighted_mean,Voorzieningen
BU00930112,0.8195421064441273,Bereikbaarheid_Voorzieningen,weighted_mean,Voorzieningen
WK009302,-0.2546721684672537,Bereikbaarheid_Voorzieningen,weighted_mean,Voorzieningen
BU00930213,-0.195721238644324,Bereikbaarheid_Voorzieningen,weighted_mean,Voorzieningen
BU00930214,-0.356419786585611,Bereikbaarheid_Voorzieningen,weighted_mean,Voorzieningen
BU00930215,0.6245508968225904,Bereikbaarheid_Voorzieningen,weighted_mean,Voorzieningen
WK009303,0.03374922600395729,Bereikbaarheid_Voorzieningen,weighted_mean,Voorzieningen
BU00930316,0.03117370711565718,Bereikbaarheid_Voorzieningen,weighted_mean,Voorzieningen
BU00930317,0.6057908008400359,Bereikbaarheid_Voorzieningen,weighted_mean,Voorzieningen
WK009304,0.3669854786542539,Bereikbaarheid_Voorzieningen,weighted_mean,Voorzieningen
BU00930418,0.4116299714267818,Bereikbaarheid_Voorzieningen,weighted_mean,Voorzieningen
BU00930419,0.3669854786542539,Bereikbaarheid_Voorzieningen,weighted_mean,Voorzieningen
BU00930420,0.4683836865570079,Bereikbaarheid_Voorzieningen,weighted_mean,Voorzieningen
WK009305,1.903221205314803,Bereikbaarheid_Voorzieningen,weighted_mean,Voorzieningen
BU00930521,1.905796724203103,Bereikbaarheid_Voorzieningen,weighted_mean,Voorzieningen
BU00930522,0.4228329400598034,Bereikbaarheid_Voorzieningen,weighted_mean,Voorzieningen
BU00930523,1.148786020997931,Bereikbaarheid_Voorzieningen,weighted_mean,Voorzieningen
GM0737,-0.5336854232604562,Bereikbaarheid_Voorzieningen,weighted_mean,Voorzieningen
WK073700,-0.6412735632725844,Bereikbaarheid_Voorzieningen,weighted_mean,Voorzieningen
BU07370000,-0.6701421187132073,Bereikbaarheid_Voorzieningen,weighted_mean,Voorzieningen
BU07370009,0.02386291545079951,Bereikbaarheid_Voorzieningen,weighted_mean,Voorzieningen
WK073701,-0.2873800638405617,Bereikbaarheid_Voorzieningen,weighted_mean,Voorzieningen
BU07370100,-0.10686109962359894,Bereikbaarheid_Voorzieningen,weighted_mean,Voorzieningen
BU07370101,-0.6606856584800884,Bereikbaarheid_Voorzieningen,weighted_mean,Voorzieningen
BU07370102,1.8301680462202028,Bereikbaarheid_Voorzieningen,weighted_mean,Voorzieningen
BU07370108,0.5984658420932784,Bereikbaarheid_Voorzieningen,weighted_mean,Voorzieningen
BU07370109,-0.12364035392431533,Bereikbaarheid_Voorzieningen,weighted_mean,Voorzieningen
WK073702,-0.5978328982076253,Bereikbaarheid_Voorzieningen,weighted_mean,Voorzieningen
BU07370200,-0.3282998627088474,Bereikbaarheid_Voorzieningen,weighted_mean,Voorzieningen
BU07370201,-0.6974376263442129,Bereikbaarheid_Voorzieningen,weighted_mean,Voorzieningen
BU07370208,-0.0692609250695881,Bereikbaarheid_Voorzieningen,weighted_mean,Voorzieningen
BU07370209,-0.32581524917594723,Bereikbaarheid_Voorzieningen,weighted_mean,Voorzieningen
WK073703,-0.2929579671090026,Bereikbaarheid_Voorzieningen,weighted_mean,Voorzieningen
BU07370300,-0.33531416924310953,Bereikbaarheid_Voorzieningen,weighted_mean,Voorzieningen
BU07370309,0.15845750621900145,Bereikbaarheid_Voorzieningen,weighted_mean,Voorzieningen
WK073704,0.1781624869480477,Bereikbaarheid_Voorzieningen,weighted_mean,Voorzieningen
BU07370400,-0.15464848809432777,Bereikbaarheid_Voorzieningen,weighted_mean,Voorzieningen
BU07370401,0.3113558409981446,Bereikbaarheid_Voorzieningen,weighted_mean,Voorzieningen
BU07370408,1.4854472939884082,Bereikbaarheid_Voorzieningen,weighted_mean,Voorzieningen
BU07370409,1.774151388580146,Bereikbaarheid_Voorzieningen,weighted_mean,Voorzieningen
WK073705,-0.705950070207426,Bereikbaarheid_Voorzieningen,weighted_mean,Voorzieningen
BU07370500,-0.3317324750805574,Bereikbaarheid_Voorzieningen,weighted_mean,Voorzieningen
BU07370501,-0.945365435571776,Bereikbaarheid_Voorzieningen,weighted_mean,Voorzieningen
BU07370508,-0.0587110982638218,Bereikbaarheid_Voorzieningen,weighted_mean,Voorzieningen
BU07370509,-0.1918603262039431,Bereikbaarheid_Voorzieningen,weighted_mean,Voorzieningen
WK073706,-0.07490724609495086,Bereikbaarheid_Voorzieningen,weighted_mean,Voorzieningen
BU07370600,-0.3464871761137508,Bereikbaarheid_Voorzieningen,weighted_mean,Voorzieningen
BU07370609,0.48583321773077137,Bereikbaarheid_Voorzieningen,weighted_mean,Voorzieningen
WK073707,-0.547791921180956,Bereikbaarheid_Voorzieningen,weighted_mean,Voorzieningen
BU07370700,-0.8713601580584672,Bereikbaarheid_Voorzieningen,weighted_mean,Voorzieningen
BU07370701,-0.4803429587237864,Bereikbaarheid_Voorzieningen,weighted_mean,Voorzieningen
BU07370708,0.22924229978000377,Bereikbaarheid_Voorzieningen,weighted_mean,Voorzieningen
BU07370709,-0.14527237006381472,Bereikbaarheid_Voorzieningen,weighted_mean,Voorzieningen
WK073708,-0.7077711742526512,Bereikbaarheid_Voorzieningen,weighted_mean,Voorzieningen
BU07370800,-0.9281101361340385,Bereikbaarheid_Voorzieningen,weighted_mean,Voorzieningen
BU07370809,-0.28317150060897633,Bereikbaarheid_Voorzieningen,weighted_mean,Voorzieningen
WK073709,-0.7277715586693517,Bereikbaarheid_Voorzieningen,weighted_mean,Voorzieningen
BU07370900,-0.7592156329982744,Bereikbaarheid_Voorzieningen,weighted_mean,Voorzieningen
BU07370909,-0.16414493656961124,Bereikbaarheid_Voorzieningen,weighted_mean,Voorzieningen
GM0096,-0.8377163886885604,Bereikbaarheid_Voorzieningen,weighted_mean,Voorzieningen
WK009600,-0.8377163886885604,Bereikbaarheid_Voorzieningen,weighted_mean,Voorzieningen
BU00960000,-0.8990870991400679,Bereikbaarheid_Voorzieningen,weighted_mean,Voorzieningen
BU00960009,0.17899281999583216,Bereikbaarheid_Voorzieningen,weighted_mean,Voorzieningen
GM1949,-0.48703126298143207,Bereikbaarheid_Voorzieningen,weighted_mean,Voorzieningen
WK194915,0.0456415464623777,Bereikbaarheid_Voorzieningen,weighted_mean,Voorzieningen
BU19491500,0.7006633674089819,Bereikbaarheid_Voorzieningen,weighted_mean,Voorzieningen
BU19491501,-0.04459017716109504,Bereikbaarheid_Voorzieningen,weighted_mean,Voorzieningen
WK194916,-0.7385976540609328,Bereikbaarheid_Voorzieningen,weighted_mean,Voorzieningen
BU19491600,0.15301470041973836,Bereikbaarheid_Voorzieningen,weighted_mean,Voorzieningen
BU19491601,-0.7281841521397142,Bereikbaarheid_Voorzieningen,weighted_mean,Voorzieningen
BU19491602,-1.0728023235527553,Bereikbaarheid_Voorzieningen,weighted_mean,Voorzieningen
BU19491603,-0.7798122418360179,Bereikbaarheid_Voorzieningen,weighted_mean,Voorzieningen
BU19491604,-0.8491739064317235,Bereikbaarheid_Voorzieningen,weighted_mean,Voorzieningen
BU19491605,-0.9250968982328601,Bereikbaarheid_Voorzieningen,weighted_mean,Voorzieningen
BU19491606,-0.8193511544084996,Bereikbaarheid_Voorzieningen,weighted_mean,Voorzieningen
WK194917,0.09252874911661249,Bereikbaarheid_Voorzieningen,weighted_mean,Voorzieningen
BU19491700,0.09252874911661249,Bereikbaarheid_Voorzieningen,weighted_mean,Voorzieningen
WK194918,-0.8796170201240314,Bereikbaarheid_Voorzieningen,weighted_mean,Voorzieningen
BU19491800,-0.20195614400049036,Bereikbaarheid_Voorzieningen,weighted_mean,Voorzieningen
BU19491801,-0.8481729457951086,Bereikbaarheid_Voorzieningen,weighted_mean,Voorzieningen
BU19491802,-1.0027267226057053,Bereikbaarheid_Voorzieningen,weighted_mean,Voorzieningen
BU19491803,-0.5919512977174745,Bereikbaarheid_Voorzieningen,weighted_mean,Voorzieningen
BU19491804,-0.45047386221919683,Bereikbaarheid_Voorzieningen,weighted_mean,Voorzieningen
WK194919,-0.14682788117380663,Bereikbaarheid_Voorzieningen,weighted_mean,Voorzieningen
BU19491900,0.08792025617249286,Bereikbaarheid_Voorzieningen,weighted_mean,Voorzieningen
BU19491901,-0.19433512108451384,Bereikbaarheid_Voorzieningen,weighted_mean,Voorzieningen
WK194920,-0.42606756836732507,Bereikbaarheid_Voorzieningen,weighted_mean,Voorzieningen
BU19492000,0.10883641789918516,Bereikbaarheid_Voorzieningen,weighted_mean,Voorzieningen
BU19492001,-0.47357480827803233,Bereikbaarheid_Voorzieningen,weighted_mean,Voorzieningen
WK194921,0.5673863504774203,Bereikbaarheid_Voorzieningen,weighted_mean,Voorzieningen
BU19492100,0.5673863504774203,Bereikbaarheid_Voorzieningen,weighted_mean,Voorzieningen
WK194922,0.42703901446203874,Bereikbaarheid_Voorzieningen,weighted_mean,Voorzieningen
BU19492200,0.42703901446203874,Bereikbaarheid_Voorzieningen,weighted_mean,Voorzieningen
WK194923,0.5407642541317953,Bereikbaarheid_Voorzieningen,weighted_mean,Voorzieningen
BU19492300,0.4928887326424295,Bereikbaarheid_Voorzieningen,weighted_mean,Voorzieningen
BU19492301,0.5407642541317953,Bereikbaarheid_Voorzieningen,weighted_mean,Voorzieningen
WK194924,-0.29845698728930914,Bereikbaarheid_Voorzieningen,weighted_mean,Voorzieningen
BU19492400,0.6411754584332798,Bereikbaarheid_Voorzieningen,weighted_mean,Voorzieningen
BU19492401,-0.4147248922544642,Bereikbaarheid_Voorzieningen,weighted_mean,Voorzieningen
WK194925,-0.08627811664365609,Bereikbaarheid_Voorzieningen,weighted_mean,Voorzieningen
BU19492500,0.07980538249276584,Bereikbaarheid_Voorzieningen,weighted_mean,Voorzieningen
BU19492501,-0.11399751545659932,Bereikbaarheid_Voorzieningen,weighted_mean,Voorzieningen
WK194926,-0.821712873271489,Bereikbaarheid_Voorzieningen,weighted_mean,Voorzieningen
BU19492600,0.07104109556820438,Bereikbaarheid_Voorzieningen,weighted_mean,Voorzieningen
BU19492601,-0.31736441535977955,Bereikbaarheid_Voorzieningen,weighted_mean,Voorzieningen
BU19492602,-0.9743884725657463,Bereikbaarheid_Voorzieningen,weighted_mean,Voorzieningen
BU19492603,-0.8108616523373922,Bereikbaarheid_Voorzieningen,weighted_mean,Voorzieningen
BU19492604,-0.8259107027599627,Bereikbaarheid_Voorzieningen,weighted_mean,Voorzieningen
WK194927,0.381744577540681,Bereikbaarheid_Voorzieningen,weighted_mean,Voorzieningen
BU19492700,0.381744577540681,Bereikbaarheid_Voorzieningen,weighted_mean,Voorzieningen
WK194928,-0.5846994368499594,Bereikbaarheid_Voorzieningen,weighted_mean,Voorzieningen
BU19492800,0.37295370120576854,Bereikbaarheid_Voorzieningen,weighted_mean,Voorzieningen
BU19492801,0.34059974218594835,Bereikbaarheid_Voorzieningen,weighted_mean,Voorzieningen
BU19492802,-0.9014070362307194,Bereikbaarheid_Voorzieningen,weighted_mean,Voorzieningen
BU19492803,-0.5425633203034465,Bereikbaarheid_Voorzieningen,weighted_mean,Voorzieningen
BU19492804,-0.7106415134305735,Bereikbaarheid_Voorzieningen,weighted_mean,Voorzieningen
BU19492805,0.10681611083935032,Bereikbaarheid_Voorzieningen,weighted_mean,Voorzieningen
BU19492806,0.20764926875459144,Bereikbaarheid_Voorzieningen,weighted_mean,Voorzieningen
BU19492807,0.10512857278001798,Bereikbaarheid_Voorzieningen,weighted_mean,Voorzieningen
BU19492808,-0.7779290521703871,Bereikbaarheid_Voorzieningen,weighted_mean,Voorzieningen
BU19492809,-0.6497646537428162,Bereikbaarheid_Voorzieningen,weighted_mean,Voorzieningen
BU19492810,-0.3677017843685781,Bereikbaarheid_Voorzieningen,weighted_mean,Voorzieningen
BU19492811,-0.8768490713100191,Bereikbaarheid_Voorzieningen,weighted_mean,Voorzieningen
BU19492812,-0.2188415901670622,Bereikbaarheid_Voorzieningen,weighted_mean,Voorzieningen
BU19492813,-0.8507751320508155,Bereikbaarheid_Voorzieningen,weighted_mean,Voorzieningen
BU19492814,-0.5717926150540701,Bereikbaarheid_Voorzieningen,weighted_mean,Voorzieningen
BU19492815,-0.46602080396695217,Bereikbaarheid_Voorzieningen,weighted_mean,Voorzieningen
BU19492816,-0.734875508664319,Bereikbaarheid_Voorzieningen,weighted_mean,Voorzieningen
BU19492817,-0.5525504788804179,Bereikbaarheid_Voorzieningen,weighted_mean,Voorzieningen
WK194929,0.78206977745888,Bereikbaarheid_Voorzieningen,weighted_mean,Voorzieningen
BU19492900,0.78206977745888,Bereikbaarheid_Voorzieningen,weighted_mean,Voorzieningen
WK194930,1.248637663161222,Bereikbaarheid_Voorzieningen,weighted_mean,Voorzieningen
BU19493000,1.248637663161222,Bereikbaarheid_Voorzieningen,weighted_mean,Voorzieningen
WK194931,0.2842361164895078,Bereikbaarheid_Voorzieningen,weighted_mean,Voorzieningen
BU19493100,0.42433805559305143,Bereikbaarheid_Voorzieningen,weighted_mean,Voorzieningen
BU19493101,0.23672887657880065,Bereikbaarheid_Voorzieningen,weighted_mean,Voorzieningen
WK194932,-0.4001930179044594,Bereikbaarheid_Voorzieningen,weighted_mean,Voorzieningen
BU19493200,0.47155960588191836,Bereikbaarheid_Voorzieningen,weighted_mean,Voorzieningen
BU19493201,-0.6840948430096807,Bereikbaarheid_Voorzieningen,weighted_mean,Voorzieningen
BU19493202,-0.6946854532902198,Bereikbaarheid_Voorzieningen,weighted_mean,Voorzieningen
WK194933,0.4500506601909678,Bereikbaarheid_Voorzieningen,weighted_mean,Voorzieningen
BU19493300,0.4500506601909678,Bereikbaarheid_Voorzieningen,weighted_mean,Voorzieningen
WK194934,-0.44953921354614956,Bereikbaarheid_Voorzieningen,weighted_mean,Voorzieningen
BU19493400,0.33165017466114316,Bereikbaarheid_Voorzieningen,weighted_mean,Voorzieningen
BU19493401,-0.6059244038190715,Bereikbaarheid_Voorzieningen,weighted_mean,Voorzieningen
WK194935,-0.8168921519945656,Bereikbaarheid_Voorzieningen,weighted_mean,Voorzieningen
BU19493500,-0.11323431631469813,Bereikbaarheid_Voorzieningen,weighted_mean,Voorzieningen
BU19493501,-0.7216283592311685,Bereikbaarheid_Voorzieningen,weighted_mean,Voorzieningen
BU19493502,-0.9334966590216807,Bereikbaarheid_Voorzieningen,weighted_mean,Voorzieningen
BU19493503,-0.8734801062481314,Bereikbaarheid_Voorzieningen,weighted_mean,Voorzieningen
WK194936,-0.9093018855732911,Bereikbaarheid_Voorzieningen,weighted_mean,Voorzieningen
BU19493600,-0.20428989221546534,Bereikbaarheid_Voorzieningen,weighted_mean,Voorzieningen
BU19493601,-0.6073322064646131,Bereikbaarheid_Voorzieningen,weighted_mean,Voorzieningen
BU19493602,-0.9710408776034573,Bereikbaarheid_Voorzieningen,weighted_mean,Voorzieningen
BU19493603,-0.9841677849869405,Bereikbaarheid_Voorzieningen,weighted_mean,Voorzieningen
WK194937,0.32734123379078395,Bereikbaarheid_Voorzieningen,weighted_mean,Voorzieningen
BU19493700,0.32734123379078395,Bereikbaarheid_Voorzieningen,weighted_mean,Voorzieningen
WK194938,0.3765467757100671,Bereikbaarheid_Voorzieningen,weighted_mean,Voorzieningen
BU19493800,0.6539355481059395,Bereikbaarheid_Voorzieningen,weighted_mean,Voorzieningen
BU19493801,0.3199588214565012,Bereikbaarheid_Voorzieningen,weighted_mean,Voorzieningen
WK194939,-0.08483368358256331,Bereikbaarheid_Voorzieningen,weighted_mean,Voorzieningen
BU19493900,0.5440483869091306,Bereikbaarheid_Voorzieningen,weighted_mean,Voorzieningen
BU19493901,-0.38374059358760687,Bereikbaarheid_Voorzieningen,weighted_mean,Voorzieningen
WK194940,0.6159741120943341,Bereikbaarheid_Voorzieningen,weighted_mean,Voorzieningen
BU19494000,0.6159741120943341,Bereikbaarheid_Voorzieningen,weighted_mean,Voorzieningen
WK194941,-0.144508824552958,Bereikbaarheid_Voorzieningen,weighted_mean,Voorzieningen
BU19494100,-0.144508824552958,Bereikbaarheid_Voorzieningen,weighted_mean,Voorzieningen
WK194942,0.052737561245498735,Bereikbaarheid_Voorzieningen,weighted_mean,Voorzieningen
BU19494200,0.17492229449895996,Bereikbaarheid_Voorzieningen,weighted_mean,Voorzieningen
BU19494201,0.03258898083773369,Bereikbaarheid_Voorzieningen,weighted_mean,Voorzieningen
WK194943,0.47853240905883226,Bereikbaarheid_Voorzieningen,weighted_mean,Voorzieningen
BU19494300,0.47853240905883226,Bereikbaarheid_Voorzieningen,weighted_mean,Voorzieningen
WK194944,-0.8780135495040903,Bereikbaarheid_Voorzieningen,weighted_mean,Voorzieningen
BU19494400,-0.12693576303349316,Bereikbaarheid_Voorzieningen,weighted_mean,Voorzieningen
BU19494401,-0.9393842599555979,Bereikbaarheid_Voorzieningen,weighted_mean,Voorzieningen
BU19494402,-0.733650421878676,Bereikbaarheid_Voorzieningen,weighted_mean,Voorzieningen
BU19494403,0.6057908008400359,Bereikbaarheid_Voorzieningen,weighted_mean,Voorzieningen
WK194945,1.2236892654292504,Bereikbaarheid_Voorzieningen,weighted_mean,Voorzieningen
BU19494500,1.2236892654292504,Bereikbaarheid_Voorzieningen,weighted_mean,Voorzieningen
WK194946,0.7423207737297716,Bereikbaarheid_Voorzieningen,weighted_mean,Voorzieningen
BU19494600,0.7423207737297716,Bereikbaarheid_Voorzieningen,weighted_mean,Voorzieningen
WK194947,0.25846405226197,Bereikbaarheid_Voorzieningen,weighted_mean,Voorzieningen
BU19494700,0.5071400074769417,Bereikbaarheid_Voorzieningen,weighted_mean,Voorzieningen
BU19494701,0.19966886069876244,Bereikbaarheid_Voorzieningen,weighted_mean,Voorzieningen
WK194948,0.3098741841203782,Bereikbaarheid_Voorzieningen,weighted_mean,Voorzieningen
BU19494800,0.801965409259671,Bereikbaarheid_Voorzieningen,weighted_mean,Voorzieningen
BU19494801,0.19397456073388153,Bereikbaarheid_Voorzieningen,weighted_mean,Voorzieningen
WK194949,-0.4568748618264186,Bereikbaarheid_Voorzieningen,weighted_mean,Voorzieningen
BU19494900,0.080485674691716,Bereikbaarheid_Voorzieningen,weighted_mean,Voorzieningen
BU19494901,-0.515670053389626,Bereikbaarheid_Voorzieningen,weighted_mean,Voorzieningen
BU19494902,-0.5821842593490762,Bereikbaarheid_Voorzieningen,weighted_mean,Voorzieningen
WK194950,-0.2044427121659962,Bereikbaarheid_Voorzieningen,weighted_mean,Voorzieningen
BU19495000,0.3858711907409674,Bereikbaarheid_Voorzieningen,weighted_mean,Voorzieningen
BU19495001,-0.3626985376865997,Bereikbaarheid_Voorzieningen,weighted_mean,Voorzieningen
WK194951,0.7428557762935947,Bereikbaarheid_Voorzieningen,weighted_mean,Voorzieningen
BU19495100,0.7428557762935947,Bereikbaarheid_Voorzieningen,weighted_mean,Voorzieningen
WK194952,0.3117336389076354,Bereikbaarheid_Voorzieningen,weighted_mean,Voorzieningen
BU19495200,0.3117336389076354,Bereikbaarheid_Voorzieningen,weighted_mean,Voorzieningen
WK194953,-0.9806063899993405,Bereikbaarheid_Voorzieningen,weighted_mean,Voorzieningen
BU19495300,-0.012538493316019542,Bereikbaarheid_Voorzieningen,weighted_mean,Voorzieningen
BU19495301,-1.0281136299100477,Bereikbaarheid_Voorzieningen,weighted_mean,Voorzieningen
BU19495302,-0.8115929182269007,Bereikbaarheid_Voorzieningen,weighted_mean,Voorzieningen
WK194954,-0.11197108342170851,Bereikbaarheid_Voorzieningen,weighted_mean,Voorzieningen
BU19495400,0.2050570451892216,Bereikbaarheid_Voorzieningen,weighted_mean,Voorzieningen
BU19495401,-0.24801928721597005,Bereikbaarheid_Voorzieningen,weighted_mean,Voorzieningen
WK194955,1.060318183460618,Bereikbaarheid_Voorzieningen,weighted_mean,Voorzieningen
BU19495500,1.060318183460618,Bereikbaarheid_Voorzieningen,weighted_mean,Voorzieningen
GM0098,-0.24908910188877248,Bereikbaarheid_Voorzieningen,weighted_mean,Voorzieningen
WK009800,-0.7073244192356646,Bereikbaarheid_Voorzieningen,weighted_mean,Voorzieningen
BU00980001,-0.16884395344423914,Bereikbaarheid_Voorzieningen,weighted_mean,Voorzieningen
BU00980002,-0.475697505701777,Bereikbaarheid_Voorzieningen,weighted_mean,Voorzieningen
BU00980003,-0.2113015095583409,Bereikbaarheid_Voorzieningen,weighted_mean,Voorzieningen
BU00980004,-0.5820074794443494,Bereikbaarheid_Voorzieningen,weighted_mean,Voorzieningen
BU00980005,-0.7934782703018143,Bereikbaarheid_Voorzieningen,weighted_mean,Voorzieningen
BU00980006,-0.8712804279137647,Bereikbaarheid_Voorzieningen,weighted_mean,Voorzieningen
BU00980007,-0.9297148801669712,Bereikbaarheid_Voorzieningen,weighted_mean,Voorzieningen
BU00980008,-0.7299725271233273,Bereikbaarheid_Voorzieningen,weighted_mean,Voorzieningen
BU00980009,-0.7079420137563058,Bereikbaarheid_Voorzieningen,weighted_mean,Voorzieningen
BU00980010,-0.7454143427415532,Bereikbaarheid_Voorzieningen,weighted_mean,Voorzieningen
BU00980011,-0.5544604138705116,Bereikbaarheid_Voorzieningen,weighted_mean,Voorzieningen
BU00980012,-0.8139951322882377,Bereikbaarheid_Voorzieningen,weighted_mean,Voorzieningen
BU00980013,-0.6979071028308459,Bereikbaarheid_Voorzieningen,weighted_mean,Voorzieningen
BU00980014,-0.8890494377727829,Bereikbaarheid_Voorzieningen,weighted_mean,Voorzieningen
BU00980015,-0.882207640256264,Bereikbaarheid_Voorzieningen,weighted_mean,Voorzieningen
BU00980016,-0.7866364727852957,Bereikbaarheid_Voorzieningen,weighted_mean,Voorzieningen
BU00980017,-0.8003200678183329,Bereikbaarheid_Voorzieningen,weighted_mean,Voorzieningen
BU00980018,-0.7115906978638831,Bereikbaarheid_Voorzieningen,weighted_mean,Voorzieningen
BU00980019,-0.8038487949947595,Bereikbaarheid_Voorzieningen,weighted_mean,Voorzieningen
BU00980020,-0.5866966609600304,Bereikbaarheid_Voorzieningen,weighted_mean,Voorzieningen
BU00980021,-0.3349211670183778,Bereikbaarheid_Voorzieningen,weighted_mean,Voorzieningen
WK009801,1.0009820307106911,Bereikbaarheid_Voorzieningen,weighted_mean,Voorzieningen
BU00980101,0.7283622180646423,Bereikbaarheid_Voorzieningen,weighted_mean,Voorzieningen
BU00980102,1.134006687186674,Bereikbaarheid_Voorzieningen,weighted_mean,Voorzieningen
BU00980103,0.8792629091610664,Bereikbaarheid_Voorzieningen,weighted_mean,Voorzieningen
BU00980104,1.2329037331513777,Bereikbaarheid_Voorzieningen,weighted_mean,Voorzieningen
WK009802,1.3852109268508925,Bereikbaarheid_Voorzieningen,weighted_mean,Voorzieningen
BU00980201,1.2341341470724454,Bereikbaarheid_Voorzieningen,weighted_mean,Voorzieningen
BU00980202,1.50810269611256,Bereikbaarheid_Voorzieningen,weighted_mean,Voorzieningen
WK009803,1.1751642746943383,Bereikbaarheid_Voorzieningen,weighted_mean,Voorzieningen
BU00980301,0.8557285316829538,Bereikbaarheid_Voorzieningen,weighted_mean,Voorzieningen
BU00980302,1.0474920968105237,Bereikbaarheid_Voorzieningen,weighted_mean,Voorzieningen
BU00980303,1.2128812926621013,Bereikbaarheid_Voorzieningen,weighted_mean,Voorzieningen
BU00980304,1.0713052389494488,Bereikbaarheid_Voorzieningen,weighted_mean,Voorzieningen
BU00980305,1.7855074430034354,Bereikbaarheid_Voorzieningen,weighted_mean,Voorzieningen
WK009804,0.9953174336735591,Bereikbaarheid_Voorzieningen,weighted_mean,Voorzieningen
BU00980401,0.831153310427782,Bereikbaarheid_Voorzieningen,weighted_mean,Voorzieningen
BU00980402,1.0359828760677476,Bereikbaarheid_Voorzieningen,weighted_mean,Voorzieningen
BU00980403,1.148554344576837,Bereikbaarheid_Voorzieningen,weighted_mean,Voorzieningen
WK009805,0.5713481041766815,Bereikbaarheid_Voorzieningen,weighted_mean,Voorzieningen
BU00980501,0.9927747778046391,Bereikbaarheid_Voorzieningen,weighted_mean,Voorzieningen
BU00980502,0.1473459116604235,Bereikbaarheid_Voorzieningen,weighted_mean,Voorzieningen
WK009806,0.3111421582239847,Bereikbaarheid_Voorzieningen,weighted_mean,Voorzieningen
BU00980601,0.40145264040430234,Bereikbaarheid_Voorzieningen,weighted_mean,Voorzieningen
BU00980602,0.27882086701533787,Bereikbaarheid_Voorzieningen,weighted_mean,Voorzieningen
WK009807,0.28987095459817896,Bereikbaarheid_Voorzieningen,weighted_mean,Voorzieningen
BU00980701,0.2650878139835368,Bereikbaarheid_Voorzieningen,weighted_mean,Voorzieningen
BU00980702,0.7282794774738506,Bereikbaarheid_Voorzieningen,weighted_mean,Voorzieningen
WK009808,0.8261125349460872,Bereikbaarheid_Voorzieningen,weighted_mean,Voorzieningen
BU00980801,0.7242798727086017,Bereikbaarheid_Voorzieningen,weighted_mean,Voorzieningen
BU00980802,0.9675450166271418,Bereikbaarheid_Voorzieningen,weighted_mean,Voorzieningen
WK009809,0.6000354033870823,Bereikbaarheid_Voorzieningen,weighted_mean,Voorzieningen
BU00980901,0.6845753504001063,Bereikbaarheid_Voorzieningen,weighted_mean,Voorzieningen
BU00980902,0.7247447896629571,Bereikbaarheid_Voorzieningen,weighted_mean,Voorzieningen
BU00980903,0.39569029366934416,Bereikbaarheid_Voorzieningen,weighted_mean,Voorzieningen
WK009810,-0.7389229584113179,Bereikbaarheid_Voorzieningen,weighted_mean,Voorzieningen
BU00981001,-0.8724486615507534,Bereikbaarheid_Voorzieningen,weighted_mean,Voorzieningen
BU00981002,-0.9281418156507371,Bereikbaarheid_Voorzieningen,weighted_mean,Voorzieningen
BU00981003,-1.00983442804359,Bereikbaarheid_Voorzieningen,weighted_mean,Voorzieningen
BU00981004,-0.9246423158286992,Bereikbaarheid_Voorzieningen,weighted_mean,Voorzieningen
BU00981005,-0.9218859331381611,Bereikbaarheid_Voorzieningen,weighted_mean,Voorzieningen
BU00981006,-0.5061544305184084,Bereikbaarheid_Voorzieningen,weighted_mean,Voorzieningen
BU00981007,-0.6215058968184832,Bereikbaarheid_Voorzieningen,weighted_mean,Voorzieningen
BU00981008,-0.3349300586266712,Bereikbaarheid_Voorzieningen,weighted_mean,Voorzieningen
BU00981009,-0.029454769912309865,Bereikbaarheid_Voorzieningen,weighted_mean,Voorzieningen
WK009811,-0.19128479857415653,Bereikbaarheid_Voorzieningen,weighted_mean,Voorzieningen
BU00981101,-0.06268745625392257,Bereikbaarheid_Voorzieningen,weighted_mean,Voorzieningen
BU00981102,-0.2672238632070831,Bereikbaarheid_Voorzieningen,weighted_mean,Voorzieningen
WK009812,0.32885211802293923,Bereikbaarheid_Voorzieningen,weighted_mean,Voorzieningen
BU00981201,0.32885211802293923,Bereikbaarheid_Voorzieningen,weighted_mean,Voorzieningen
WK009813,0.5455422005885423,Bereikbaarheid_Voorzieningen,weighted_mean,Voorzieningen
BU00981301,0.16827743361646902,Bereikbaarheid_Voorzieningen,weighted_mean,Voorzieningen
BU00981302,0.8274242061605427,Bereikbaarheid_Voorzieningen,weighted_mean,Voorzieningen
WK009814,0.5892834425928798,Bereikbaarheid_Voorzieningen,weighted_mean,Voorzieningen
BU00981401,0.5415278780346648,Bereikbaarheid_Voorzieningen,weighted_mean,Voorzieningen
BU00981402,0.6691804228519788,Bereikbaarheid_Voorzieningen,weighted_mean,Voorzieningen
WK009815,0.06973407545787952,Bereikbaarheid_Voorzieningen,weighted_mean,Voorzieningen
BU00981501,-0.03746065743307442,Bereikbaarheid_Voorzieningen,weighted_mean,Voorzieningen
BU00981502,0.2626967945624663,Bereikbaarheid_Voorzieningen,weighted_mean,Voorzieningen
