,F1,F2,F3,F4,F5,F6,F7,F8,F9,F10
0,125.13095186254921,-1276.9294821822964,278.40538966894985,476.13502795163936,-1.4118146474034956,835.6396637763889,235.35165757510853,500.6620386883577,452.1416968430894,3146.9891208097974
1,327.8809518625492,-1139.9294821822964,291.65538966894985,1669.4319029516394,38.213185352596504,-2448.360336223611,1550.8516575751084,6436.662038688358,1192.8916968430894,-2373.0108791902026
2,-1172.6980954763894,3442.123987203144,-998.7508540361681,-6494.365922219956,126.9382464434225,12037.978236605742,-7808.638613284793,-34545.147844539104,627.6769430701646,23652.941957376595
3,-245.50279670393627,864.5331078131157,-187.14273144514354,-1259.7616828129726,-170.44116616367637,2821.9438522424875,-3205.5996018462015,-7139.411474939489,-2354.9170830940534,3416.7399846672524
4,-1313.6077934149455,4878.428456345854,-1152.5751106947857,-7011.23478100594,116.32907364541171,13952.267716978677,-9725.531996372298,-38560.000855794184,-580.5567594407486,23690.410692194015
5,-788.6150417128526,2910.538569714402,-749.763369839859,-4711.5099034335835,333.1505677736657,8474.71175800537,-5801.863366214104,-26728.5656516435,2770.319882982759,18959.321319360024
6,-201.40245696885975,916.5196498410223,-158.97794576079187,-692.6555295098245,-3.0569209094404837,1861.6971531647896,379.3510630320417,-5732.582601445577,837.080764317596,2435.878699798713
7,489.74046552928365,-1227.3689611973068,303.286721281213,2098.9816114376135,239.2920806711054,-4382.000081938505,2238.2932473627025,9819.536375599899,3152.3138671674947,-5682.292312997011
8,156.98803865367591,-92.24277593859952,-97.36521631149272,-667.6669087264764,506.84377195004487,-91.09860403143509,-1695.7745309359416,-4773.426200154597,4235.583386309679,5025.884743796014
9,-818.2298531694399,3417.630898982636,-700.6613054531156,-3705.822021277909,-127.17203815174736,9249.900446766216,-6837.359195918833,-20793.597713508232,-2004.9605559789,12103.074995660005
10,47.69496924430787,-333.7215530134254,28.88558294563373,-191.78005728471192,86.3485425479482,-867.4463548253439,375.94318312196236,1224.0982580223845,446.9324526555772,6.35628183964203
11,686.8133061118443,-1781.1227967212894,541.7629361705535,3834.245816404425,-7.098424368731769,-6833.550560310117,5024.568963808931,19663.769819227844,957.4769571667183,-11878.748280696755
12,152.8809518625492,-686.9294821822964,107.78038966894987,606.0725279516394,36.838185352596504,-1452.360336223611,1047.3516575751084,2480.662038688358,347.2666968430894,-1701.0108791902026
13,-1080.0786338810929,3331.9262145742814,-907.9116928209341,-5578.08697607328,-66.97250294861954,10897.772203896548,-7422.33321377107,-28184.723751872483,-1573.4922415132844,17843.6638987908
14,-268.71234556993835,646.7538604171576,-249.5558769982245,-1577.1569172879395,301.5274043873845,2091.317205916286,-1566.805015713038,-8837.010099014213,2719.8603281797755,7857.304313729816
15,-153.44911521312443,613.6439317916929,-206.39898630363408,-623.6195576453224,80.20764100840742,1009.0972446294538,-1082.24916237193,-3847.853031393904,893.74515191268,2520.2038752454455
16,-645.4547381242207,2034.570942790145,-417.9981137606053,-2981.1305980247826,-129.29230857805683,5564.002888173653,-688.641866464917,-12124.663597650966,-1316.7270866619167,6751.25119902981
17,295.600894553816,-837.4642395790918,128.628570928514,1404.591550517137,90.06374464718164,-1795.8642626198464,-1573.89060818451,4856.288206350663,-81.99282359834316,-2682.584499136203
18,621.3124665443366,-2122.4564135650917,607.8593894791221,4281.15831217922,-35.02299489955652,-6295.411011138681,3570.3462724733668,21006.650207495088,-33.394833462314324,-13511.065816978418
19,218.0059518625492,-1435.9294821822964,285.40538966894985,1095.2444029516394,-22.786814647403496,-1358.360336223611,1244.6016575751084,3740.662038688358,847.1416968430893,-429.01087919020244
20,-404.6795374293479,1329.367667697102,-297.20749837571213,-2020.4717325543668,74.88397562441595,4250.616395321776,-2823.987045736278,-9638.224821067182,234.29605588804952,6368.972569348681
21,29.280790886249232,800.8386832767169,-83.40882162544364,-250.56699489672982,224.24295660822997,1857.403644983595,-1495.7558514322077,-6231.687771614924,2589.456437668244,4240.146099695777
22,-974.8844185012221,3550.3641565125317,-856.9456766188479,-4943.134453555985,205.31718241415308,10739.049273638779,-8459.154787816364,-27831.90102413322,937.6469417832329,19219.906909111625
23,-687.392444501662,3131.6148339480806,-701.432143057726,-4289.322191073238,338.63965626860943,8470.431562309994,-7238.008369984435,-26594.791137814198,2312.502732301701,17825.561749227705
24,212.0654634101046,-549.6632906421064,103.79013800620352,772.9781147333543,249.04055542154023,-1943.0001896026977,1534.7635909458866,1949.8775904996824,2878.367224004716,-276.25784151090966
25,1181.5170181611643,-4021.193744640735,1006.789027006364,6068.423490138075,84.73986035470905,-12378.062320211831,10380.649711342929,31470.956408257665,3033.2681671374207,-18522.325738960622
26,1091.5724473000405,-3607.177354722896,844.3340454736733,5386.219069870299,280.85423243194424,-10515.714285228962,6682.039597690667,26582.278064631693,3751.4199812971206,-14522.555905637682
27,456.0019998793169,-1014.4033997439279,396.2556612495328,3254.5222280295807,-9.067544963211995,-4212.471034555007,2171.9401303957275,12527.207321971582,1286.5326077173684,-7691.19901090166
28,157.5059518625492,-784.9294821822964,123.90538966894987,1024.6975279516394,99.33818535259651,-2226.360336223611,677.8516575751086,3268.662038688358,739.0166968430893,-2885.0108791902026
29,203.5059518625492,-546.9294821822964,132.65538966894988,1247.9162779516394,159.4631853525965,-2492.360336223611,602.6016575751086,4148.662038688358,1244.2666968430894,-3665.0108791902026
30,550.4199973714734,-1536.2374423235785,445.38034159015746,2835.0264677575506,142.23226780231298,-5357.455703642863,1697.9323630664026,14089.983569298529,543.0267131450396,-9479.160710879927
31,219.96822992266485,-1165.4402489182526,213.56537894995398,1511.6132195327923,-48.50488420756252,-3127.284027084647,1827.5984928925343,7741.9552708127185,-515.6078754361,-4641.973909243249
32,-873.5221537965613,3361.3772818078605,-826.5426553673276,-5461.399241110501,166.04363286256856,10100.615677804066,-8052.778623384128,-29633.849130945484,-218.8472208981349,19352.130917827333
33,994.7453293594605,-3098.6173872918994,952.8824213864563,6133.65147048316,-234.89726557259576,-10263.668598256134,7018.917604361273,32682.729212906725,-1315.5931149730802,-21893.25393067986
34,639.7275916483238,-1454.558837206674,483.82554505631487,3303.730759530563,72.24690859729613,-5062.949865477321,1835.3410283215671,14436.709770468633,1199.146971564541,-9917.201453486605
35,396.1412773177,-1701.148037220602,324.5791864307649,2239.636945477546,-88.14555480571819,-3822.32373763725,1829.197274389374,9337.868441417026,-337.51197083097674,-5574.226943302371
36,-844.1747871281092,2958.2680073147294,-897.4905713444689,-5576.038063112857,337.6996830810026,9931.33661268551,-8701.785721142578,-31127.0008775596,1275.3815259144008,20020.54432194021
37,-430.1190481374508,969.0705178177036,-123.84461033105013,-2108.6774720483604,-82.41181464740349,4846.639663776389,-1270.8983424248916,-10039.337961311643,-1294.1083031569106,7350.989120809798
38,-24.244048137450793,95.07051781770362,125.90538966894987,-1.0212220483606405,-27.911814647403496,326.639663776389,601.6016575751086,2904.662038688358,-932.3583031569107,-229.01087919020244
39,473.525106710041,-2371.638919951057,696.9929885023615,3156.6638837156465,-416.69400633557734,-6918.080564057107,7520.009810217087,24107.5565401082,-3347.065088928431,-15817.221213268005
40,150.22030649522327,-308.6294033562197,178.50244495643926,832.8696660158004,39.216551438059746,-1533.311983623341,1249.9776770610156,5618.842387938026,-87.96094394763061,-3124.9007021768707
41,198.5054014846129,-163.28934652089063,191.35339316595702,1073.8083694795291,-185.28995569289603,-2004.4308209590033,2435.0531938718836,7298.049689216995,-1073.9380807141297,-6428.486849113383
42,-1075.3119705797303,3989.9635284397427,-999.2205218709989,-6486.263139650486,306.7991586119859,11640.892019985951,-9281.482589986297,-36415.91998246395,1468.2362037542528,23196.455827013746
43,-823.466611148779,2255.416019127104,-650.160625390753,-4169.685065215821,-150.95262686896646,8744.33329782824,-5139.336306690109,-25395.428958584664,218.72058381930393,16809.841723512876
44,132.3809518625492,-595.9294821822964,157.03038966894988,793.3225279516394,-62.661814647403496,-1791.360336223611,1232.6016575751084,4324.662038688358,-121.10830315691062,-2261.0108791902026
45,-697.7496452268681,3340.6504077044565,-624.5865905183091,-3790.969602914042,323.75980959374607,7697.411056675922,-5542.208527141243,-22369.88684796156,2616.797253574983,15574.669325216524
46,297.4387489766484,-1046.9828810389906,66.82859518741492,274.0902593512872,309.53305293606064,-1809.2165570699492,-1649.8661075093148,-1701.8389457944231,2116.5936443327687,2158.147746166841
47,-1355.3692765373125,5222.867239311426,-949.670091790308,-2484.5614096433205,-561.129079189121,12033.656037354813,-8258.915175628317,-26630.641185625416,-3410.2847435697263,15408.055136804673
48,638.5893304414292,-3468.9492240160866,417.2965003409362,518.6882354982044,372.64082363353657,-7086.529591094926,5817.758930144348,9981.699265425576,3309.285820882689,-6571.793498250432
49,-256.3690481374508,523.0705178177036,-120.34461033105013,-1195.3337220483606,68.46318535259651,2941.639663776389,-1059.1483424248916,-7767.337961311642,185.0166968430894,4014.9891208097974
50,422.00160079918203,-2215.921167589794,489.27950331019235,2857.2444641764546,-354.2522413767938,-5349.225565340125,4712.531692912091,17122.51462218772,-3056.401871813532,-13036.643624949951
51,1083.0340564471178,-3149.3286494624685,863.7347546380074,5376.665367428307,-3.6324129788201045,-9568.207417194857,5384.456149567962,26705.82981758541,204.46708308993666,-17739.633335964565
52,269.87420129635973,-796.4354703618568,56.9211124729644,73.65635868000344,362.804738900794,-1756.2418387514865,-215.73663499316712,-1084.322192939238,3663.4797331751633,2244.584446645
53,74.60905675712515,-148.2566555699619,44.787784693033764,240.94633698140964,-7.8766691228620624,-731.2757367613946,398.4375395928916,1785.8096859247432,-44.40736890173056,-1499.217031635328
54,906.6677131894613,-2581.8365412021967,724.276919159352,5727.426515772192,-75.2422210479925,-9043.35997084386,5742.121449715825,27547.051887618734,1192.2174415414415,-16523.947082499213
55,125.00595186254921,-616.9294821822964,52.155389668949866,555.3069029516394,11.463185352596504,-1178.360336223611,365.35165757510856,1224.6620386883576,771.3916968430893,-465.01087919020244
56,-1360.4997635087568,4478.696781238703,-1186.7215164372597,-7334.825959321476,170.7886495788061,13721.061391449815,-9516.361312382585,-39931.50806309995,836.736635872291,24735.83303514636
57,-188.48621309929098,1091.1544813091411,-222.9136972910431,-957.5748350458698,16.048206421194394,2177.4191024290926,-1647.2190299922672,-6864.719186478043,492.7821151838764,3321.5859284836997
58,687.7370359224557,-2109.060594695083,566.0736820704718,3589.1042442064313,-26.844520184711943,-6832.391387417396,5630.6502510504915,20171.93342006735,1064.5884498649284,-12194.168288226625
59,299.5059518625492,-1332.9294821822964,196.28038966894988,938.6662779516394,-23.411814647403496,-1600.360336223611,1173.6016575751084,3496.662038688358,862.8916968430893,234.98912080979756
60,-29.994048137450793,38.07051781770362,-67.34461033105013,-19.05247204836064,-18.536814647403496,444.639663776389,-438.89834242489144,-463.3379613116423,-128.7333031569106,770.9891208097976
61,349.6854873715702,-1018.4280242801008,275.4491539213657,2206.344268121522,-131.95810378862748,-3398.8203161157467,764.929364561649,10456.773109350925,-1016.203580289242,-7045.989836720627
62,-22.994048137450793,369.0705178177036,-20.71961033105013,-144.16184704836064,15.463185352596504,405.639663776389,-148.14834242489147,-595.3379613116423,103.89169684308938,-233.01087919020244
63,-834.4373918432395,3202.177547191901,-751.9332689790807,-4506.930501443953,-26.615741669963576,9583.0974046977,-7890.254747187986,-24828.994581665014,-1651.841243175363,14627.20130856065
64,-148.6190481374508,234.0705178177036,2.2803896689498675,-669.7243470483606,-2.286814647403496,1815.639663776389,-724.1483424248914,-4031.337961311642,192.0166968430894,4558.989120809798
65,654.9576203170034,-2673.165998119519,670.421625378573,3291.5126832780825,10.981353311316465,-6762.320911565795,5154.955487624155,18060.164289352393,802.5014556173496,-8756.553091159338
66,20.380951862549207,155.0705178177036,59.405389668949866,208.04127795163936,-2.036814647403496,-476.360336223611,598.6016575751086,2268.662038688358,-200.4833031569106,-621.0108791902024
67,-640.3888376755981,2506.511563102205,-542.9746117658123,-3289.7096090155,68.94302923655225,6792.6574758371335,-4305.760332843806,-16828.617223423524,308.8738780821926,11622.031362268814
68,151.7559518625492,-335.9294821822964,64.90538966894987,542.9319029516394,17.463185352596504,-1192.360336223611,1346.8516575751084,3564.662038688358,301.8916968430894,-1461.0108791902026
69,1178.5671753239837,-4543.184689836626,952.6342983428847,5850.855468357791,-72.7345457174594,-12942.460876575327,9038.597408231177,32033.939730025675,535.031195813906,-19792.42793205825
70,173.2559518625492,-579.9294821822964,122.28038966894987,735.5256529516394,45.838185352596504,-1312.360336223611,450.85165757510856,3064.662038688358,769.8916968430893,-845.0108791902024
71,-46.15506908162414,732.0967128578072,-125.08063422887714,-1425.3345259580296,427.8050914789253,2245.60676687131,-3529.7114891358506,-5665.327275416767,2487.137446636031,3357.5550532308253
72,224.8809518625492,-517.9294821822964,120.15538966894987,1226.1975279516394,8.338185352596504,-2088.360336223611,1347.1016575751084,5864.662038688358,743.5166968430893,-2637.0108791902026
73,94.2024253753492,-329.4770841985942,-123.19486008639568,-663.358627637906,389.31019186859396,-658.4098427459445,-667.2049998389257,-5190.55921717209,3789.518875229743,5239.961707496639
74,1520.911280099231,-5819.266124390529,1469.5497191067661,9029.287653512254,-482.47980381348395,-17288.308202881515,13469.491246492993,53306.39231996618,-2802.799629426105,-34746.66489829103
75,83.63095186254921,-588.9294821822964,157.53038966894988,751.8225279516394,-184.6618146474035,-1641.360336223611,2120.1016575751087,5668.662038688358,-1418.1083031569106,-3953.0108791902026
76,432.13601551654506,-1209.561748485626,330.68634160159127,2116.6272395370147,43.800444539483486,-3906.4135440771456,2713.5880971896304,10608.954193160986,736.3566431213944,-6531.011161125037
77,-16.244048137450793,220.0705178177036,11.905389668949867,136.91627795163936,-48.536814647403496,272.639663776389,107.60165757510853,568.6620386883577,-439.2333031569106,-745.0108791902024
78,-219.05635716888386,668.4601049748002,-174.58206440948985,-1358.9621589274138,25.730446540228918,1816.9180796309574,-423.9589113533923,-5465.630241467173,-133.7841098878501,3890.956024804346
79,18.505951862549207,80.07051781770362,-19.09461033105013,66.01002795163936,13.088185352596504,-185.360336223611,-69.89834242489147,-903.3379613116423,296.5166968430894,-29.010879190202456
80,-703.0443150849239,2480.2130122621365,-596.4088813306053,-3912.291585940128,-39.82778464590984,7316.147460704328,-3926.8347244393262,-19572.06374304179,-835.2341758139985,11703.498626048307
81,66.00595186254921,-271.9294821822964,38.030389668949866,291.04127795163936,-18.786814647403496,-525.3603362236111,478.85165757510856,2424.662038688358,-61.48330315691062,-689.0108791902024
82,457.72421855653926,-1257.9067197664285,328.89154749608673,1467.7510519416685,223.45869905029275,-4341.985649286596,3080.665837907603,8344.035762718597,2267.7973912417774,-4932.609872530256
83,-958.6400390097896,3807.6418750084194,-782.465996514907,-4504.022127962301,-47.39303938887427,10289.983425878914,-7013.74809093544,-25632.504714760948,-297.5912682705764,16349.389266096086
84,-106.11904813745079,520.0705178177036,-49.094610331050134,-444.80247204836064,37.213185352596504,967.6396637763889,-632.3983424248914,-3507.337961311642,25.141696843089377,1650.9891208097974
85,36.132489587298124,418.1771401485043,-35.51662109335452,-130.8141872677815,215.7714084942226,282.6435091454666,-442.8340810036431,-2841.171059612972,2049.5522644815883,2474.5153334084853
86,46.25595186254921,-74.92948218229638,56.030389668949866,178.47877795163936,38.213185352596504,-433.360336223611,59.60165757510853,540.6620386883577,394.6416968430894,-949.0108791902024
87,-821.4576386689546,2478.6495672669002,-858.7516346256265,-5573.152859151935,342.47768477946346,9193.668683841117,-8416.620159801036,-32283.224269637212,2274.628875971564,22108.31721834588
88,-30.244048137450793,133.0705178177036,-18.46961033105013,-304.95872204836064,-18.411814647403496,481.639663776389,-164.64834242489147,-759.3379613116423,-559.4833031569107,626.9891208097976
89,942.5378834015291,-3708.3760633478887,862.1097828031369,5153.18844037292,-149.87067803994177,-10809.491599952167,8097.471718017017,29775.522815359403,-758.8029949117586,-18551.21813012637
90,8.380951862549207,-109.92948218229638,43.780389668949866,175.76002795163936,-79.53681464740349,-93.36033622361101,403.10165757510856,1604.6620386883576,-601.4833031569107,-1005.0108791902024
91,104.41330043512193,-562.006006904761,222.63076285866572,1335.1899357634227,-229.70829633200864,-1568.6039151221685,880.6986239630282,7129.004512404249,-2892.3040835930155,-5161.400493313161
92,177.1309518625492,-467.9294821822964,148.90538966894988,880.4162779516394,9.213185352596504,-1731.360336223611,1411.3516575751084,5976.662038688358,95.39169684308938,-2929.0108791902026
93,-260.3305034918015,898.2738167923192,-297.2538318104162,-2615.5611541972035,422.9235390484164,3032.3681563708715,-1623.941234593547,-12760.742317130667,3565.7010847332394,9644.271519196862
94,130.6309518625492,-287.9294821822964,109.03038966894987,753.7444029516394,-16.036814647403496,-1281.360336223611,1053.3516575751084,3928.662038688358,232.2666968430894,-1249.0108791902026
95,1437.8528040518263,-4875.836601439637,1339.7699535308266,8365.730521256783,-348.75703680387767,-15381.753332903314,11153.107591163322,46817.92757983672,-1942.7624765209418,-29542.442694372625
96,155.7559518625492,-255.9294821822964,91.90538966894987,832.5256529516394,56.838185352596504,-1397.360336223611,601.1016575751086,3268.662038688358,760.0166968430893,-1965.0108791902026
97,-57.24927203259279,1007.8289617621703,-111.04015260210785,77.65780070913596,103.64996849192883,1510.8349636570372,-1843.002176757543,-3005.2789291844742,881.7843561202934,2235.6605912773252
98,314.5059518625492,-451.9294821822964,271.40538966894985,1201.9162779516394,166.3381853525965,-1734.360336223611,1314.1016575751084,8708.662038688357,764.7666968430893,-3929.0108791902026
99,-363.00519136740036,826.2743209183201,-610.2105259696369,-3318.3434249861707,519.4828422188153,4312.434005066207,-5102.914145186824,-22757.090486981844,4658.364736730344,15322.246765396147
100,-290.297140609825,994.8941078148805,-137.06964959444946,-810.8943075703627,-365.2359001623376,2709.2601560877647,-1668.4754018437386,-3146.558761790231,-4002.816544067556,29.561246941136524
101,755.4474277338021,-1380.0295159202406,530.1513671537074,3796.3054055552666,248.13991776351978,-5994.348652778984,3085.6110540113486,18746.5535471727,2434.0986572958404,-10062.507934604911
102,-4664.316848757061,11077.223775316104,-2661.1928069816977,-20733.39098426548,-3140.2204974920987,36701.863664042015,-11920.237426132666,-67954.71115332413,-35402.517439787734,25407.793897453033
103,-401.6190481374508,1136.0705178177036,-368.71961033105015,-2333.9899720483604,72.58818535259651,3615.639663776389,-1676.6483424248916,-15243.337961311643,832.5166968430893,9622.989120809798
104,-512.8901533765204,1928.4836213287422,-243.32275936070022,-2409.2640432489766,-120.75957173491878,5389.412550281917,-2249.9614869736674,-9401.38361495255,-2144.230472904656,5866.545394411421
105,1248.3950246815816,-3160.442750430285,1012.180132234371,6739.362897990621,93.96759129716295,-11110.63400816577,7329.7105730764315,32239.69092167439,2765.2525713464493,-17744.27034774717
106,535.2205836311467,-3070.8469746332494,582.1130345736575,2884.442785464274,-252.92350785274797,-7327.101903650936,7797.682906334694,22374.63626605774,-2086.579091482341,-14414.915404626141
107,1179.6135377302048,-3609.575150798804,816.2358650043717,5944.893535951972,262.63457316865305,-11093.550531775842,6565.442582630773,25167.842749457126,4683.969147588205,-15021.044135075397
108,1247.6409042179246,-4094.71593107121,841.405584128866,5444.286878205405,285.6039498322405,-11880.951646791673,7613.926073077826,26908.47056551826,3926.4447011147877,-15402.58356511415
109,29.130951862549207,-339.9294821822964,7.7803896689498675,227.11940295163936,87.71318535259651,-480.360336223611,-301.14834242489144,-79.33796131164229,830.8916968430893,530.9891208097976
110,380.6751997603013,-1226.247199057257,303.8407523370642,1907.3906776795818,159.12024247873697,-3742.262306097139,1481.036425849307,9025.011184952224,1258.9637883879636,-5010.57979883133
111,75.75595186254921,-446.9294821822964,46.030389668949866,312.71315295163936,-52.286814647403496,-1150.360336223611,900.6016575751086,1300.6620386883576,-100.23330315691062,-1181.0108791902026
112,-921.5073397476456,3180.876382645773,-863.6936746483764,-4905.8204692555055,11.80587643005504,9654.900958350412,-7642.576524655079,-27720.862449391705,-332.77783417647385,16831.236291900626
113,-6.119048137450793,-171.9294821822964,-29.46961033105013,-60.73997204836064,86.33818535259651,-452.360336223611,-231.89834242489147,-2111.337961311642,977.8916968430893,822.9891208097976
114,-416.76963293285155,1385.9644454635802,-183.68326731044195,-1386.7122938452978,-340.55372317390743,2930.2055513648015,-372.51482788813604,-3762.7089745554226,-3665.7545160791487,-1044.8958879279007
115,306.8809518625492,-1281.9294821822964,216.90538966894988,1830.7287779516394,-22.286814647403496,-3549.360336223611,2359.8516575751087,10396.662038688357,521.2666968430893,-6601.010879190202
116,-928.1045139343233,3343.102664768061,-832.8028292248845,-5432.33665717961,210.19468619523835,9865.346454238254,-6438.5196834167045,-29319.054700499324,1129.434785164339,18690.16302155516
117,287.2187946253971,-808.4196076433823,345.557298513843,1812.9347886136425,122.10846288004063,-2193.767275597174,801.2502827718967,11497.98435106113,690.3471871693343,-5473.661271738522
118,34.31434876773036,173.2692493324931,100.0749409621392,1220.600953704235,23.412706652246495,-429.65933069500835,-31.15358466289349,4458.2854045481245,1499.3430856241876,-1455.0966936987847
119,766.153281617842,-1577.3334395004886,451.1354204035884,3565.491712842986,263.08687777000057,-7042.185829923647,2944.465360576373,17814.922917239113,2898.921044327614,-11258.179631145831
120,192.14989738456245,-1258.9495469249553,156.3769908662544,1260.4476436327598,-152.61629985224224,-3014.8739476539995,1774.426123992518,8810.014160569863,-1674.628298186811,-6967.6627508020265
121,-3003.8413549450543,6346.2954492546305,-1570.387360174382,-13126.270328577835,-2087.317378831162,21715.71995018434,-3640.219217655453,-37604.799560855216,-23640.20683713219,13906.00666445824
122,-377.9519252442501,1674.3918881376599,-405.41814840695474,-2663.5831033214495,156.81589942295588,4480.412946293316,-3884.10530196693,-14604.399665607461,752.1077598059258,10090.118040922966
123,1558.1063392512965,-4492.520386619414,1085.7431299427965,7803.884583513157,556.8943821136021,-14353.380507445707,7738.261767524298,34975.45782693618,7062.264537451904,-18174.39615633807
124,83.63095186254921,-104.92948218229638,80.03038966894987,598.7912779516394,93.96318535259651,-1063.360336223611,273.35165757510856,2592.662038688358,554.8916968430893,-1753.0108791902026
125,632.3967935774766,-2038.0700739811589,548.5788263566573,3696.238359979013,27.07756377609192,-7021.554315958977,5002.437148453037,19895.43308090771,924.3559174389629,-12538.115716988877
126,273.1309518625492,-759.9294821822964,189.03038966894988,1471.1037779516394,106.33818535259651,-2679.360336223611,1252.1016575751084,5548.662038688358,1657.0166968430894,-2781.0108791902026
127,697.2938109765284,-1388.0251190338652,558.9754052514368,4291.683552076979,99.58273001791915,-6047.5029537645105,3607.243748935126,18296.38389359575,2137.2404527330923,-10771.615874832263
128,177.1309518625492,-829.9294821822964,69.53038966894987,623.1037779516394,50.713185352596504,-1652.360336223611,307.60165757510856,912.6620386883577,933.2666968430893,-541.0108791902024
129,-1089.24754255892,4296.306924752123,-1088.019947267107,-6170.809012294183,182.83581515895932,12805.892539493194,-10678.984350100583,-38927.25511123763,1150.9952099266097,25275.8029950288
130,156.8809518625492,-1101.9294821822964,150.15538966894988,677.1975279516394,-6.411814647403496,-2062.360336223611,1467.8516575751084,4548.662038688358,-68.73330315691062,-2605.0108791902026
131,-119.12683955531317,-88.1814981384301,-87.83733687782437,-641.1458242545801,-7.325132022816799,591.4812389480666,67.0590328541269,-3304.7775855355917,-35.34049706541912,2582.8964678259404
132,201.3809518625492,-431.9294821822964,103.03038966894987,1040.9631529516394,27.588185352596504,-2156.360336223611,1351.3516575751084,6188.662038688358,334.8916968430894,-3669.0108791902026
133,-390.31139024610275,1299.9844102067664,-270.40285928638633,-1702.5427795059466,-251.81535742314287,4073.2263125773457,-2682.684847292362,-8324.818428985638,-2947.003899654905,3246.299736339417
134,588.8775737725591,-2101.8780427124143,457.81827872726865,3161.6567788827824,-132.71140192005998,-6655.606170756559,4456.10852942832,17305.407599274902,-583.5692998993802,-11647.121553524184
135,80.50595186254921,-304.9294821822964,-0.46961033105013245,353.47877795163936,-1.2868146474034956,-834.3603362236111,204.60165757510853,752.6620386883577,567.6416968430893,-445.01087919020244
136,367.99476578313477,-1298.815320426775,211.08739054625747,1511.7731525188588,121.53527339704988,-3441.658733044613,1489.6679668627453,6775.844492697694,1445.5448618299017,-3318.4143172748854
137,125.00595186254921,-343.9294821822964,89.53038966894987,636.1037779516394,44.713185352596504,-1168.360336223611,431.60165757510856,3944.662038688358,171.6416968430894,-1445.0108791902026
138,-872.9652637888022,2877.656990817059,-827.9066752578527,-5563.654193984119,328.55444311179986,9755.741961744614,-7904.330156349951,-31660.498856693906,1876.2973635267983,22822.286779471084
139,-17.744048137450793,249.0705178177036,-64.84461033105013,-327.09934704836064,-102.28681464740349,535.6396637763889,96.85165757510853,-2295.337961311642,-334.6083031569106,226.98912080979756
140,477.417755746341,-1573.3482884810571,524.7906562655877,3502.3114409545815,-678.445708104282,-5322.864331920677,4187.926174726066,19698.526236943108,-5647.3036189990335,-16028.370866855268
141,87.88095186254921,-60.92948218229638,40.280389668949866,532.1819029516394,-1.6618146474034956,-697.3603362236111,321.10165757510856,2676.662038688358,266.2666968430894,-1709.0108791902026
142,781.5493620016771,-2405.449924370127,588.9977673872064,4158.61146670995,77.82143175938766,-7880.370781985208,4875.518406245212,20877.936527421563,1692.6244963434483,-12501.342347857117
143,-7.244048137450793,92.07051781770362,-4.7196103310501325,-13.97434704836064,-43.536814647403496,123.63966377638899,9.601657575108536,44.66203868835771,-298.8583031569106,-409.01087919020244
144,368.6526324166499,-1422.7775083024171,223.46943966170952,1802.8572986182544,41.54142642139894,-3859.084407227427,2002.6266308851136,8647.889314649135,461.34350550916713,-4892.86724035583
145,59.13095186254921,-809.9294821822964,95.03038966894987,292.58815295163936,-85.91181464740349,-1408.360336223611,1278.6016575751084,3556.662038688358,-896.8583031569107,-1973.0108791902026
146,-629.0556522674575,1120.1351819730887,-447.41181440581687,-3632.5382421130007,-180.93017806073797,5406.814276318501,-2967.4266057650793,-14009.152276184273,-3012.91252953257,7926.984382378491
147,116.50595186254921,230.0705178177036,42.155389668949866,392.11940295163936,30.838185352596504,-542.3603362236111,282.85165757510856,1132.6620386883576,418.8916968430894,-953.0108791902024
148,1241.0273439871874,-4138.236771550776,1009.1758615029164,6083.852041352022,-47.752942927051734,-12587.385410722236,8868.38697170035,32722.49798118322,1176.9005844751773,-21044.74414117684
149,129.1309518625492,-203.9294821822964,134.03038966894988,820.2287779516394,17.588185352596504,-1548.360336223611,983.8516575751086,4636.662038688358,154.2666968430894,-3377.0108791902026
150,-63.630361998367405,-67.12647684333484,-7.3842685876372265,-425.59530207498926,-19.80632696430298,128.67091071844655,-30.145665408651197,-1267.4655077533932,-519.6497425807685,134.29373882618515
151,38.25595186254921,-713.9294821822964,-26.71961033105013,-11.77122204836064,-104.53681464740349,-623.3603362236111,523.6016575751086,644.6620386883577,-802.2333031569107,-1021.0108791902024
152,331.67906860378514,-2060.5095589734065,151.98248708808273,761.8104148255147,113.74103878423018,-3914.7649558421954,2132.776998808057,4682.632333235038,1048.6210697500403,-2583.3403226183177
153,222.0059518625492,-451.9294821822964,157.78038966894988,1163.5569029516394,69.58818535259651,-2177.360336223611,960.1016575751086,5300.662038688358,946.7666968430893,-2797.0108791902026
154,1141.5501169854306,-3718.279439777301,993.7238759474944,6746.398902563532,-60.48416127665869,-12104.667940015472,8128.345329361442,34426.98027573935,815.4827796971621,-21234.87936678179
155,58.88095186254921,24.070517817703617,74.78038966894987,493.60377795163936,-35.786814647403496,-518.3603362236111,450.85165757510856,2992.662038688358,-212.1083031569106,-2281.0108791902026
156,-221.1645069898448,863.5524277712511,-237.32235189249906,-1354.553693821491,35.63742519593775,2441.5038947551984,-1461.9684633383226,-6584.88858905725,635.9303187795009,4135.122447572107
157,89.00595186254921,-178.9294821822964,109.15538966894987,605.7756529516394,-19.161814647403496,-1053.360336223611,1029.8516575751084,5952.662038688358,-382.7333031569106,-2601.0108791902026
158,716.3878192755819,-2172.691574948855,678.4663336896707,4082.525404886894,-67.04922198766546,-7427.389940713041,5258.69716975146,24084.045413727737,-597.3377233452655,-14383.771687246131
159,65.63095186254921,-53.92948218229638,-34.469610331050134,303.74440295163936,-49.161814647403496,-973.3603362236111,536.6016575751086,-311.3379613116423,748.6416968430893,-317.01087919020244
160,-161.21971358579586,814.9621978883508,-210.55952948831543,-1391.0587591125945,-90.56314011150725,1067.0306642728926,-18.84643181141987,-5587.032943374025,-814.2015898978113,2262.59120765144
161,51.63095186254921,-49.92948218229638,27.15538966894987,173.40065295163936,123.33818535259651,-218.360336223611,-180.89834242489147,-1067.3379613116424,933.5166968430893,754.9891208097976
162,155.92678176507,-284.3908822973093,94.99536623563766,1161.3455247455377,46.94938475105655,-1273.8410589174714,-172.88402098356178,3612.372472473403,688.2500894189776,-2832.4985057773206
163,-29.869048137450793,-176.9294821822964,0.15538966894986755,-267.39622204836064,-25.411814647403496,298.639663776389,221.35165757510853,-1047.3379613116424,-303.6083031569106,686.9891208097976
164,-202.21419661666536,626.8385852597556,-124.5999293976704,-961.9648704874951,-131.86126007246318,2184.8188636706977,-970.8910671199346,-3895.552896839814,-1885.1036750847281,1448.2730379632153
165,121.88095186254921,-517.9294821822964,87.53038966894987,593.9475279516394,-9.911814647403496,-1286.360336223611,591.6016575751086,2880.662038688358,434.6416968430894,-1465.0108791902026
166,1271.6060070334809,-4540.116624209691,1097.4428509415964,6883.506238910839,-154.2009046284461,-13338.829197369247,9160.14118702122,37721.5467987099,-410.93421631341613,-24097.18710373436
167,150.5059518625492,215.0705178177036,108.90538966894987,852.5569029516394,91.58818535259651,-1482.360336223611,733.3516575751086,4472.662038688358,846.6416968430893,-2705.0108791902026
168,-230.87486623680783,1733.4974629130934,-277.30007595813123,-1010.6548005770934,142.77747010352607,2775.756939263532,-2980.26038232685,-8277.957061493475,1255.3804164781236,5896.293249631237
169,116.63095186254921,-683.9294821822964,127.28038966894987,657.4006529516394,29.713185352596504,-1526.360336223611,957.1016575751086,4036.662038688358,69.14169684308938,-2293.0108791902026
170,-419.14553735628147,1559.6688811157612,-259.8499133023701,-1917.008024395765,-144.0411244229577,4303.34131961651,-2844.735373104946,-8244.041150291383,-1724.8452695543394,4116.194156515685
171,122.38095186254921,-447.9294821822964,15.780389668949867,434.83815295163936,7.463185352596504,-951.3603362236111,390.85165757510856,-115.33796131164229,606.3916968430893,-313.01087919020244
172,-37.36340229648145,-664.3773337574439,-59.83356525100818,-322.58421688515784,-198.26579774926054,-105.27525801861582,423.83708473772924,-2445.6997714571253,-1606.0703743575475,207.6706467991959
173,12.005951862549207,-91.92948218229638,16.15538966894987,35.49440295163936,110.71318535259651,-455.360336223611,-321.64834242489144,-671.3379613116423,714.2666968430893,310.98912080979756
174,687.6272967785916,-1757.4186663791884,676.5911991842482,5138.275922073215,-103.0176855198121,-7370.691703321466,4539.893923748611,22771.041979281672,9.257454112647244,-14894.659947189226
175,62.13095186254921,-57.92948218229638,120.90538966894987,511.71315295163936,-9.036814647403496,-879.3603362236111,1035.6016575751084,4868.662038688358,-428.2333031569106,-2377.0108791902026
176,98.26293531325055,-73.4080012660412,-28.92760648111566,-333.53703140033184,256.2720055663025,177.81923253408695,-1271.780335385913,-564.8805373039186,1739.7210428530525,2172.6296388668206
177,98.50595186254921,163.0705178177036,64.90538966894987,593.9944029516394,70.46318535259651,-596.3603362236111,87.60165757510853,2312.662038688358,523.8916968430893,-1237.0108791902026
178,-123.46243244623263,740.1354605247055,-187.67418561713112,-884.3513570663005,116.49718422878836,2032.8577164210835,-3909.3334959911335,-7639.256723267652,-121.78805166900683,5199.905879129847
179,108.50595186254921,-194.9294821822964,112.15538966894987,669.4319029516394,1.3381853525965044,-964.3603362236111,733.8516575751086,3680.662038688358,166.2666968430894,-2417.0108791902026
180,-416.56894275334963,1424.2947043883762,-275.50561819279034,-1655.915647106616,-117.90272677877111,4028.722605023262,-1707.3910706822887,-8610.580241656398,-1330.7739695002083,5579.2787082141
181,287.3809518625492,-655.9294821822964,102.40538966894987,1499.4162779516394,-9.661814647403496,-2810.360336223611,1689.3516575751084,9424.662038688357,467.3916968430894,-3669.0108791902026
182,291.3809518625492,-150.9294821822964,71.28038966894987,1474.1975279516394,49.713185352596504,-2845.360336223611,1520.6016575751084,9456.662038688357,908.2666968430893,-4049.0108791902026
183,1055.8225873699653,-3616.629354078164,759.9750862215519,5168.731328284429,-19.90671324984191,-10105.705404215352,5908.599515987285,26965.394971262733,388.33524776149426,-16697.363046629307
184,-966.4085857774301,3806.037244219865,-1013.0827914943961,-6572.431506877991,380.86267715098575,11435.006727666349,-10224.14328106802,-35477.9732342598,764.6617552215907,23020.713804478237
185,-821.1706794696049,2926.711676496448,-699.6458982914812,-4147.838791084089,16.888683500349256,8614.914160565962,-6720.868345707697,-24183.996048980756,-416.1376187382832,16399.374964016308
186,134.5792201254058,-75.86414425456222,-36.713228686028145,876.0573748607377,-97.05535628394192,-1642.563266432654,1328.642127579815,3964.1297210805924,-65.40664580285195,-4197.300946328797
187,-356.7079940593035,1289.928830640623,-384.0088749224593,-2244.963448641093,-1.812758448879708,4294.698004937818,-2252.513453190999,-13274.601342631147,119.46536819223456,8279.19547767662
188,-423.3900003489117,772.1324392501002,-197.80370234591126,-1985.4812159981973,-287.57519295971326,3781.215803304685,-1656.7786619671547,-5101.4634952449205,-3009.884441946702,2947.1144398695697
189,663.2071160179271,-1882.3604072306098,551.9041226692455,3881.803852736234,78.50913731571902,-6258.095975715811,3671.0750438448968,18267.00756599668,1222.306332828243,-10471.242488147558
190,110.23015739405093,-837.298503279761,206.7309110674841,571.050417901424,-113.0393611746282,-1640.1476635942076,2352.6782098424724,6778.342278604108,-1293.9448770275837,-5025.269580004115
191,309.1309518625492,-937.9294821822964,232.65538966894988,1721.1194029516394,64.96318535259651,-3153.360336223611,1564.6016575751084,7392.662038688358,1279.6416968430894,-3833.0108791902026
192,-146.9053536042092,528.7159847118814,-251.10209275537534,-1113.2698125472516,53.248765783925485,2111.6181045559138,-1618.8320638650414,-9293.44836880586,1198.6459860965172,6080.185595686309
193,-1043.268283675087,3136.707391847002,-889.8749239366979,-5882.00670114698,-113.77189486335728,10651.902862870804,-7897.561709000069,-30268.73654510608,-2709.9263999937148,18062.58313173937
194,5.630951862549207,167.0705178177036,-9.969610331050133,107.35377795163936,32.213185352596504,84.63966377638899,-326.39834242489144,-915.3379613116423,373.5166968430894,18.989120809797544
195,825.9534989641012,-3070.6272009660706,662.224565504715,3942.8605313846765,-60.92904882768298,-8135.660420177664,5252.841218428016,20554.87993278422,-132.913151100434,-13265.436961232845
196,-1198.109401258044,3727.9982294985134,-967.2511507240557,-5741.576136192201,-77.44064706699707,11490.984767411492,-7351.52147105785,-32314.289013649992,-816.7448423559232,19471.304775787936
197,124.13095186254921,-1586.9294821822964,77.40538966894987,570.4944029516394,-20.911814647403496,-1984.360336223611,1389.6016575751084,4592.662038688358,-780.1083031569107,-5189.010879190202
198,-327.3690481374508,38.07051781770362,-211.34461033105012,-1188.1149720483606,-103.03681464740349,2139.639663776389,-386.39834242489144,-3347.337961311642,-1256.4833031569106,2246.9891208097974
199,-201.80226137161864,761.4249387186437,-23.445586886340813,-200.7268187317451,-180.74981473392347,623.5659527168697,334.21568377183945,511.93689638638705,-1528.6170272075158,-2875.1423507257173
200,-168.32034206961353,1221.9415851786614,-185.86767193693385,-1246.7667768558424,413.151817058407,2618.2334132475353,-2937.863540171393,-8551.307846091797,3557.450217996719,8021.1074472140845
201,691.8366530707862,-2524.817330745463,710.0102969644224,4683.479643663359,-179.20540396201082,-7362.358897847898,5335.881497736848,24702.569437287413,-1090.7006272145586,-16047.072082119968
202,-86.42682861120676,1049.4680168482203,-69.48752670619538,-385.2505827200399,158.80391027900765,1347.2993663391496,-212.36271114422567,-3852.3612288555173,1523.639534372186,3647.2682490767584
203,-40.04261045870779,-729.456612069855,-132.0683814400066,182.17245217550595,-104.93425424825935,-775.4182211614792,333.76209567760674,-1387.0234181917517,18.188829790862297,971.6840668935121
204,2460.0421949043603,-6624.872888780065,1539.8926928067128,11360.64006146273,1485.2358905516076,-20092.36762473241,7634.999872546814,40431.23847189451,17008.546589830014,-15155.140114260867
205,-1093.3113890921495,1849.141108992911,-396.2905899495497,-4401.875730094232,-1150.3569417780282,7571.737598600438,1193.618456980876,-5974.76660954043,-12481.552573511628,41.83415358680878
206,-1308.4976356813588,3840.5086158921276,-1062.646835915773,-6509.262058652278,-459.32288387865384,10138.255994736739,-5035.372893356054,-28033.945246686162,-5443.307623677422,10482.494153604976
207,-248.9468556489573,1239.714780101323,-297.0524180127769,-1557.4990366283737,189.23709914472855,3265.8116237733216,-3238.9710904016983,-10856.449221946152,1487.625489175516,7040.6398751829765
208,203.99563243547493,-239.3644794663234,20.642721815555092,545.7834785915554,223.82892684504122,-1255.0968220687262,-374.6776337721851,1354.871696337026,2142.4489538527473,-430.6314466738649
209,-823.1297545107037,3300.755428078486,-776.6512993227468,-4362.40370962053,203.26089097971948,8938.15260288992,-7291.830401484856,-27597.923818893258,1473.685996043187,16933.84937693475
210,73.50595186254921,-79.92948218229638,5.0303896689498675,143.55690295163936,-8.911814647403496,-286.360336223611,39.35165757510853,628.6620386883577,97.14169684308938,-589.0108791902024
211,-683.4681236022107,1664.2044994882579,-706.9116125466396,-5542.513880399215,127.76098857874327,7709.114187801208,-5753.9258876157655,-26651.37014836442,-268.7697876266131,15972.26610171863
212,-206.80324882300982,780.4040241711216,-154.77431391319837,-941.4598256852519,-71.05341379657878,1982.9481324368699,-595.5610736809302,-6757.220594111461,-322.53869776036265,4282.7242017655535
213,135.64048217806192,62.753289131829554,-18.27204783946556,327.17104215173504,249.77061259045075,-718.5191957221967,-777.8457481995581,-1769.0770636372415,2677.8639778506863,1721.7056432845345
214,-4523.770873705317,11122.202101300372,-2608.9043136952373,-20656.18565334347,-2614.374388374172,36556.60594571193,-11924.620239871907,-71254.6957616351,-30161.168565337754,29729.51245816963
215,-159.20172186121042,1082.2963047504052,-114.47787150901337,-356.4235092223219,-89.46616465602528,2016.4533565182417,-932.5240655261505,-1720.3706880267598,-636.4267984816282,777.3857742873566
216,20.005951862549207,196.0705178177036,14.405389668949867,56.55690295163936,71.58818535259651,75.63966377638899,-293.39834242489144,492.6620386883577,38.14169684308938,114.98912080979754
217,181.8158076549557,-887.8736998587501,288.43472000049354,1443.6698329591982,-218.29077976419057,-3136.198962535325,5201.868702526125,10328.814035538295,-901.1039941575424,-7253.8587009121275
218,-498.17102475756826,2236.389898007667,-422.6100529372011,-2127.4010357739676,135.9995641319011,5498.440517520403,-4915.683764633417,-11890.009380318415,107.72355037122202,8627.648732609632
219,260.0059518625492,-513.9294821822964,158.65538966894988,1347.0100279516394,16.713185352596504,-2487.360336223611,1148.3516575751084,6444.662038688358,251.0166968430894,-4817.010879190202
220,1395.021676867144,-4261.896270853097,1123.6868437711996,7912.375640799082,-89.3519475180017,-14063.437418671745,8896.320427838009,40044.22856543782,803.8037155643534,-24831.26314898614
221,-219.03250465086575,-90.76579848377317,-233.18369674909803,-1599.8092803580078,96.49418027059701,1966.853760493362,-1833.1389162984065,-10158.576884603011,873.7327212859018,6720.771410568111
222,495.22392300859644,-107.98394461094847,-55.061969547581455,342.75466349732756,1079.0570244381524,-751.4378920555037,-3682.912979765785,-8399.743145028722,9906.390960927252,9256.63112699645
223,525.1097898286055,-2028.363210528794,465.0039359414407,2487.946438966629,17.618640836851654,-5408.938337691471,4706.497456780258,12324.505061602686,1085.755863144344,-7001.299670706263
224,-135.2786380284636,276.1695343394947,21.974942984038805,370.4100914657788,-271.7703838519913,468.3926178829323,-657.3898969850532,1628.6036666164991,-2809.2964913312894,-2987.6605008327724
225,-234.9881155587647,1194.4132360615388,-205.87793606195257,-986.6710141943641,0.47028855485469134,1925.6558474756782,-1670.7375627866495,-4273.702145445672,-563.443617899372,2559.3778534050202
226,-75.5394599491274,-413.2827148936427,37.621235587808165,-104.75121228293814,-230.08240470863805,-314.10034236561836,1738.3642634423552,1279.0615798095482,-1999.9382186243677,-2309.8642776586375
227,-1.8690481374507932,-57.92948218229638,16.78038966894987,-75.78684704836064,17.963185352596504,437.639663776389,-254.64834242489147,-311.3379613116423,-181.2333031569106,22.989120809797544
228,-331.2796832419128,1199.8803955937387,-460.36138790637085,-2418.2756910018647,452.136103641475,4771.811402587792,-5324.879526442674,-20534.965197113383,4729.8866149129835,14837.771719884155
229,60.63095186254921,-0.929482182296383,37.780389668949866,418.18190295163936,43.963185352596504,-683.3603362236111,348.10165757510856,1760.6620386883576,387.2666968430894,-933.0108791902024
230,-702.8128768732054,2527.8039935755214,-524.8363763788913,-2850.89223459841,-129.76471015592531,6675.827520532138,-3187.645841505982,-14998.144941678189,-937.6279756856255,9207.089806445356
231,1358.131471527161,-3941.8416395470863,965.5996706245979,6383.385771738003,286.1898768668016,-12699.927202821116,6837.316332451512,31795.38071047354,3575.756769490588,-18821.81804260229
232,161.3809518625492,-1035.9294821822964,52.155389668949866,666.5569029516394,-54.411814647403496,-1573.360336223611,677.8516575751086,1792.6620386883576,323.0166968430894,-2389.0108791902026
233,217.251920222987,-1295.4477338661318,142.26249622143948,398.5900145741069,62.580018697573344,-1960.3117152317093,981.3455045050052,5438.729568453253,256.95655390220566,-4081.2956547760655
234,-782.2619235294903,3100.720645756221,-623.8098883721657,-3255.5501933921537,-105.02681830019017,8333.482864500233,-5135.587474615872,-20099.646710692763,-738.2063960559107,12603.29847125407
235,-201.04887235320257,702.3656696513735,-137.2967421052429,-1335.3069005720706,-20.793489973205475,1557.577096770638,-547.0680677966188,-2693.8317166679008,-943.5397936678651,3588.0008513333846
236,131.7559518625492,273.0705178177036,152.53038966894988,193.55690295163936,34.338185352596504,-119.36033622361101,179.85165757510853,496.6620386883577,111.01669684308938,-157.01087919020244
237,-118.36904813745079,768.0705178177036,-89.59461033105013,-1209.1774720483606,-223.6618146474035,2572.639663776389,-1587.6483424248916,-6535.337961311642,-711.2333031569107,10754.989120809798
238,24.215551726137917,-47.011711574751416,5.823039450195781,6.035510529756638,-5.961170737997239,231.11685153405122,-40.412636337297464,-187.65016318372741,4.824126262890665,734.3459738255542
239,-153.78157024000882,808.7088369332666,-127.33920542926805,-1404.6702488488645,-51.945025371600636,2393.3032518570535,-1218.0063943521923,-3653.9375629278197,-1876.6283701164136,1681.419735768306
240,70.66715692584017,-556.8926054584128,243.3887058847004,1712.4822654746774,-449.4138262615132,-2065.745432455491,2520.3889581345184,11603.393022646542,-3664.210097914629,-9226.71113484928
241,819.8018080048698,-1323.9151137646122,630.3417505981587,5169.817082861582,162.86806058586834,-6919.56468895581,4390.273022940135,19868.66887091342,3962.7633178155415,-9775.67650507889
242,-4.7206140896324715,480.59744077945044,69.70530031823188,95.10289810622861,-252.47621977229863,-276.15000184511143,1557.1850052144591,4569.371626269516,-2396.11852922295,-3021.472781864664
243,643.7196854744101,-2773.60746965597,562.0643027443141,3693.3141754485573,47.7549807028571,-6642.916240494011,4455.9112680826265,16562.887301820625,1331.275745412516,-8875.714242726863
244,420.9072370536597,-1750.6728564580446,290.59649545748465,1792.627324489319,139.69593659130317,-4260.490555044673,2590.6069412826037,8158.453176840263,1782.7172707444015,-4319.483441621367
245,-94.00439115455531,563.9944381225159,-209.56359958136133,-788.9064793152792,94.40020868090487,1317.4884311250946,-1389.9390287804606,-3782.431860820119,616.0572116395334,3125.8977613563734
246,76.25595186254921,1021.0705178177036,-166.71961033105012,-7.646222048360641,59.213185352596504,214.639663776389,-1024.6483424248916,-4127.337961311642,2016.6416968430894,3798.9891208097974
247,-190.9625878293725,1450.4764490878458,-126.81887517228942,170.20834589494882,-102.16642295120897,1857.6553299933096,58.061661254423015,-347.3286285423103,468.35489283777883,66.43316944361663
248,-928.656684320562,3964.622381004364,-922.2199720097351,-5543.187553118867,381.5407575534654,11401.405821283239,-8471.954093115675,-32787.649662455464,2558.005628248629,22104.685786659506
249,-435.32072393412267,2015.547517821615,-420.67740583346733,-2968.9310983031523,159.774831756932,5357.845100840292,-3919.927478780432,-15935.040265953627,1008.375985449323,10337.291482376011
250,786.618993055932,-2783.6265747194416,663.2225415373837,4201.483828336227,-208.69710238870766,-7940.891598560819,5586.418674368394,24079.791577779924,-823.5164111597323,-16571.24212388947
251,-213.32378995470282,486.4997741191044,-124.10474129052115,-1138.5076594334716,-243.93615079111004,534.5650662001505,678.3897756777542,-3545.4367232986465,-2614.783162271984,267.92999309375546
252,794.5549631445217,-2633.3955146077046,543.7096819188964,3387.8108930406224,252.26830986944418,-6753.069335334688,2746.213427075704,14410.126368457004,2300.842093646179,-6844.673438684861
253,-303.1029761061114,639.5311063422336,-219.24242211913267,-1827.6218729755792,29.441133806017422,2855.0544156745163,-930.0781987860375,-8605.031346749935,233.63656280964585,4825.161130118412
254,-641.3276881163423,2558.311823659184,-703.7237327939912,-3677.632956753527,112.98844984482035,6866.324862642215,-4975.5287939403015,-20830.198427957443,864.8271154001314,12980.086815146988
255,630.1544062388161,-1574.0387678782356,450.4530975633749,3642.793476354742,191.07516764511763,-5463.23850710684,2583.9897203182663,15664.851935028648,2781.0868752499755,-8198.881061219723
256,-38.49404813745079,318.0705178177036,-30.46961033105013,-548.0993470483606,96.33818535259651,1851.639663776389,-835.1483424248914,-3623.337961311642,568.3916968430893,3142.9891208097974
257,493.007227253178,-2217.0616085118722,411.0002997942642,2002.9503234338829,-152.62201736292562,-5545.748332440666,3634.830054593984,13978.582047993023,-1659.0612950862712,-9493.54822579166
258,45.61175787369115,106.53856497161843,7.1656147770401715,316.33958248556786,277.9271603691882,-258.7245385627393,-825.3946247352798,-2022.6361349759252,3076.8923623854857,3454.6166705145783
259,391.9389528494497,-1478.6780321452377,564.0702717674803,3192.0317703199735,-308.9634336033182,-4730.375181804504,4969.712823224673,20322.86671658937,-2172.30063096052,-13686.727350813575
260,-583.7506032845597,1997.5310464441814,-599.6809587112767,-3803.773027440223,219.5309572939511,6484.700643984591,-5001.438021823959,-19850.29253247523,806.9829791858518,12269.01100691587
261,381.869959944255,-1504.3207339647515,459.7130515839515,2244.291127334414,-335.1899189068063,-4166.762025449582,3910.011489601486,15136.333524447033,-2970.073433466789,-11497.743547726406
262,-581.128341054781,2032.8942192594934,-497.0707627912263,-3424.6083473545623,101.46033580401148,6577.146716532118,-4553.824236280822,-18619.290037920226,176.3631626933908,12310.110522132954
263,-269.7506782923588,395.35507970598303,-251.50635314591153,-2075.9876558332317,97.96235286150774,3787.8000859968697,-3058.6311701755176,-13697.43011429811,1984.3240058959377,10476.687357238714
264,967.7056896576419,-3424.84747097361,864.0726798659491,5366.764597138185,-66.45488289945025,-10179.03809862618,7296.136555513216,28675.299563055585,-338.9246805279859,-17473.227644896597
265,-1317.128324774877,3997.5421756195183,-800.7079668738115,-6031.391334384386,-505.06181813064455,12224.453552999837,-5524.786340628917,-26989.04529294375,-5987.077389183728,13374.57856963216
266,536.8809518625492,-2355.9294821822964,309.78038966894985,2707.7131529516396,30.338185352596504,-5565.360336223611,2904.1016575751087,13612.662038688357,662.3916968430893,-10765.010879190202
267,-1170.3559859364552,4313.10788754124,-1104.687855228049,-6268.683339717421,253.13488602492174,12448.931239301837,-10105.132948398,-34434.96036234821,1228.6500766060688,23296.573034854748
268,-149.4181456013802,830.9158029521343,-279.50087138356014,-1490.8492245136642,326.1821254982779,1421.7579218821559,-1749.748547655502,-8741.674082200367,2682.60716984784,4664.953522935166
269,62.58735074245446,-1519.9118956466955,-93.65796880260622,-653.5842706084729,-7.363201137703189,-436.6384467447553,-706.7453502350309,-2828.520788271779,357.38127765675046,2734.138598423803
270,699.3038326115521,-2100.198840259863,557.7783975860128,3278.0208498144216,61.64200037005988,-6910.144692168807,4538.97540137355,17104.92063114386,1135.30257448519,-11386.388416799291
271,817.483825044485,-2444.688892223946,695.4478192635928,4583.834095986899,-1.700887118321856,-7935.430430395196,5273.909873356995,23191.653120453615,674.3522394950129,-14757.924889927754
272,-88.57962892902908,578.9843347254205,-118.63668708251568,-466.0217382456478,156.54787724327153,1355.1146801189257,-1253.637109179943,-4141.888912431567,1245.4059945042613,2912.252139999178
273,567.5219801408384,-1099.9739432497222,319.5475990050129,3102.8545501115245,202.77263333714924,-4546.8336592152355,1414.0653372020554,10280.465293365709,2626.8882095624926,-5542.831487282738
274,178.7559518625492,-617.9294821822964,226.90538966894988,1186.2912779516394,-30.411814647403496,-1746.360336223611,1767.8516575751084,7896.662038688358,-771.9833031569107,-4817.010879190202
275,481.98183838113687,-1900.9746659833243,383.5318633612463,1962.4660757946954,146.2271265723143,-4472.004842172932,2327.9137657868505,10987.917960577044,754.2358709549203,-5448.161374795083
276,1162.47618757039,-3584.9878415666863,908.5698105096254,6103.832201225469,84.945072879072,-11765.572324822255,7280.517240388468,30609.801314155877,1398.9542865938483,-19812.222713314528
277,192.6309518625492,-672.9294821822964,172.90538966894988,1648.3381529516394,-30.536814647403496,-2567.360336223611,1320.1016575751084,6576.662038688358,301.2666968430894,-4685.010879190202
278,341.8712251260729,-255.7324542442635,-33.172284744036396,833.4471225589717,323.04495683954264,-2329.2964747772244,-713.9372973879848,-400.88137477254384,3191.370261055267,-66.93503918880349
279,701.6484115349426,-1325.7299469055695,444.8736481145495,3878.3130245041234,344.00922741209797,-5546.109120442661,1254.3991023056167,12338.022692107006,4569.208924327994,-5415.515407343688
280,-136.94709282623603,-497.53872721068143,112.28437168957211,-150.4577072189259,-325.4293225609332,-166.41714901660734,1597.805078818101,4022.7279956433463,-3385.9014027372286,-3588.9363629743043
281,-200.2440481374508,413.0705178177036,-138.09461033105012,-1107.7399720483606,97.83818535259651,2569.639663776389,-1454.6483424248916,-6391.337961311642,388.0166968430894,4230.989120809798
282,234.8809518625492,-666.9294821822964,197.78038966894988,1039.9006529516394,100.33818535259651,-2758.360336223611,1272.3516575751084,6688.662038688358,-51.10830315691062,-6033.010879190202
283,330.05538928025777,-1209.345638419878,326.394576794065,2046.211541139564,-141.7584475124812,-4635.894475898023,2677.114477900829,13470.88649863032,-1321.5282420182182,-9949.589922773417
284,130.0319304031752,-549.12917624557,152.68966145805308,1069.593819244743,-110.89047459595322,-1685.400745389371,1294.5059571510553,4743.2358756955355,-915.7086619529325,-5260.455072676505
285,-755.1043919289816,2155.447783023462,-657.8882255336243,-4574.597490377219,-3.093560632920504,8055.194887194605,-5541.555894499404,-25015.120069500812,-615.1071862128891,14279.520475594209
286,-225.3633054617053,1286.0029924718951,-304.62401201495777,-1616.0727728340794,257.29954245715385,3263.284075193319,-1773.2050856091416,-10957.914920525423,2446.7565083574527,6780.0364816314905
287,74.25595186254921,-302.9294821822964,110.53038966894987,608.6037779516394,82.71318535259651,-1528.360336223611,767.1016575751086,5700.662038688358,149.0166968430894,-3413.0108791902026
288,1222.390271105254,-4165.150010194293,1059.5479182193985,6733.391358466116,6.086986655001891,-12998.975438990032,8819.505180517239,37282.04491274755,583.1181474904907,-21908.7618932986
289,-304.1397227252111,1465.6641296422456,-337.57033687208644,-1972.386467259572,93.8368710146778,3604.7335805875086,-3194.6708504288326,-12583.126869424785,437.4534154999739,6171.491517651106
290,-758.5074399698462,2292.9027637009185,-570.6658819311491,-3972.8309609848484,-187.59863838925392,6669.979746513157,-2321.9312148326944,-17657.931590161767,-2089.093513298849,9845.292720193942
291,415.2858904801314,-1735.7576129428558,497.97767593123,3154.8536618456633,-356.1937140891441,-5430.927055011981,5415.138160355875,19533.2390956854,-2205.6375156206227,-12478.190613047958
292,1135.356186267693,-3077.8686155478144,902.2698126668246,6531.237159206898,125.55705648245396,-10766.9669073933,6281.673691811118,29935.656218551987,2868.1330241799933,-17901.894880471624
293,-695.6666261605055,1577.7303773108156,-477.0312103040202,-3913.026165735032,-316.7688660401733,5804.668764820179,-2197.024320132415,-14193.422583599873,-4114.965484482091,6883.212697329651
294,-1497.0363234067165,4478.96515664716,-1028.0224357392326,-6571.450451011071,-441.01521137459116,13132.19257126699,-6130.569822542123,-30633.311783716035,-4790.064712348268,16954.469634950496
295,196.8629664557397,-1201.0127172620082,208.33854951617553,723.7027415537765,-94.07278053110305,-2808.3314831447924,2533.8139989069346,7910.192136397258,-1160.513964909434,-5840.681610928288
296,-34.67842197507882,461.20228000279593,-41.570515141629066,-232.18963972406215,12.90372593413222,730.4093488258767,-1055.1890567022656,-1188.412021002358,-933.1692235488704,492.73916603948817
297,-294.3490790562132,2055.653476664682,-392.19469248241023,-1907.045320297418,275.9909612119473,4952.030466592679,-5949.837457795096,-15524.028948832438,2152.344156820442,11585.944478320913
298,70.88095186254921,-1329.9294821822964,105.40538966894987,-143.13059704836064,217.9631853525965,104.63966377638899,-460.14834242489144,-1459.3379613116424,1644.5166968430894,1610.9891208097974
299,-860.296932116649,2559.966383482032,-675.319775636069,-4624.342745585941,23.230733294362047,9270.945636326509,-5599.236471864236,-24233.588938096163,-309.02782909105025,15055.17583241294
300,587.4531389431427,-2522.7589306848117,621.7827626764888,3476.0976188383474,-4.765810776639682,-6293.839758013387,4557.395600998714,18533.059014514736,373.38274328635356,-11424.144291313576
301,684.8684986538655,-1602.950753724231,340.27664742001446,2276.4160044681657,506.6364150505302,-5056.532670291298,341.08120464402447,8077.38064705807,4473.563401148362,-3832.896885903701
302,17.005951862549207,-150.9294821822964,189.90538966894988,-82.47434704836064,29.963185352596504,1423.639663776389,714.6016575751086,1272.6620386883576,-999.7333031569107,1326.9891208097974
303,-197.55354604141553,732.8906941388177,-65.49876835607351,32.73379761284058,-243.8543167844959,1409.6362428363452,297.12884728134065,-1286.4711773372067,-1212.9341961798777,312.16102981839333
304,-250.06220714428258,791.2367080245157,-299.6844331154,-2173.2493860465174,280.94423239756645,4221.625222680329,-3551.4114089571394,-12228.948008084344,1424.1319294009534,9726.502125097315
305,-427.74524233156086,1366.1850571640186,-461.04221319394696,-3056.2281277894745,403.38363363834037,6646.126594612209,-5947.10896552227,-22712.837808980872,3688.979236469834,18544.317053648367
306,-121.8871524669644,53.457049867949515,28.380242535434014,-202.05154712927478,-418.0949145225031,338.24927619417,734.9434610916111,2417.7256930349886,-3988.6963711468325,-3639.053204345787
307,196.31967971537912,-690.7907464086265,268.44015871304276,1876.479539013938,-176.15557808589466,-2434.4633650420187,2605.5708797770917,9906.671190453693,-800.5190314009111,-5202.254851279679
308,473.5059518625492,-2903.9294821822964,419.15538966894985,2252.2912779516396,-33.661814647403496,-5645.360336223611,3240.6016575751087,13792.662038688357,50.39169684308938,-7753.010879190202
309,-687.1247866372643,2303.443883774517,-512.7181815402228,-3082.870102609468,121.0619349824679,6566.532353585958,-4517.504100101209,-16184.79816406971,1051.8110019507662,11485.120773026703
310,-7595.88973347777,17736.622737422203,-4467.624802659932,-34760.685438863446,-4297.77079040562,60452.44517136143,-20304.514063217142,-122569.56301602366,-49212.40044375034,54497.68954708941
311,1386.509155960785,-2441.4363813581494,689.4983088615331,5870.0912894494895,1195.8318014396502,-9351.448332860613,700.277929541889,15762.034483507226,11963.27997152286,-4095.6107206221536
312,190.7559518625492,-761.9294821822964,136.28038966894988,602.9631529516394,229.3381853525965,-2004.360336223611,414.10165757510856,1444.6620386883576,1897.3916968430894,-1809.0108791902026
313,506.3585848003138,-1037.8623301220334,534.2674381266008,4287.993897747446,-261.6027083230029,-4675.144218381256,4173.221765991589,16983.539393303523,-143.28822368878983,-13334.230706902788
314,-1230.6454412601754,4515.873040273942,-1031.4201975551218,-6375.781635471889,6.232784903145328,12361.293629776128,-8480.496145848325,-33078.66212160213,-1562.0283491647745,21072.373488232657
315,75.88095186254921,29.070517817703617,-24.34461033105013,94.15065295163936,226.7131853525965,-134.360336223611,-681.1483424248914,-447.3379613116423,1219.1416968430894,1702.9891208097974
316,-275.2136810098412,511.82376964297976,-241.4112373192259,-1414.4088835114565,-217.03209162676364,2339.874539467198,-1912.429100300461,-5623.968345557863,-3086.027192181521,2107.7560260879864
317,-7.0645109728440145,48.43551764038118,-169.7244683485074,-805.2145873370201,268.6911248742101,685.857597145616,-1815.1847756974323,-5812.557610315479,2686.72139382677,5027.638226769093
318,541.5456196459446,-1930.541845544044,529.050648410749,2692.9306413098343,-152.20347981728492,-5764.379028706414,3520.181184089962,17351.46849708218,-1871.6165487751714,-12045.936770132681
319,139.61720405769168,173.44058021098562,-66.2841416699209,196.00508485990608,322.04724884793137,26.58436611354787,-1615.3475618708298,-3634.580245565632,2847.1047219218235,3139.6204244366622
320,492.93364709394956,-541.527784415988,313.1925194930329,2540.537021059589,181.90902281451596,-3373.5503544185767,-202.83113762363521,10410.011322958871,1522.2730951544086,-5927.670754331053
321,8.942239675778342,416.5894880972535,-45.142588171772466,379.7062879323967,-102.02588671199338,296.51052766674195,-677.9289916981725,336.7074106320758,-730.620261853424,397.66778610886047
322,338.0000776277249,-999.745757099833,103.97408384308231,533.811775643147,352.9580887850775,-2047.8427643154805,-273.9961103542342,-149.89005512333725,3820.4786230380523,2169.2313672968207
323,398.9474870714448,-1660.5761691112525,242.76844415253194,900.1239467344913,297.2023349484349,-4057.834906274087,3838.3981907984326,7777.602071143684,3352.2261806465685,-3354.27722992897
324,-156.56004271736833,-639.1300605413298,-68.00505670440992,-693.5599686852456,-80.18280329098988,246.38225811456613,-29.588659211552727,-512.5329838230427,-1426.498139354082,1787.4662819767875
325,-12.021828148170593,265.8871647547238,-298.45483949634223,-3318.0672250545654,590.0765239546254,1724.5504381292376,-2160.2165417671026,-14084.089303612926,4690.419062880786,9326.207180772051
326,137.3809518625492,59.07051781770362,73.28038966894987,526.0881529516394,107.33818535259651,-1008.3603362236111,485.85165757510856,-495.3379613116423,1383.7666968430894,90.98912080979754
327,-712.9156789349878,2708.017882652316,-666.2793715783583,-3876.746932217311,19.991882203815074,7473.817387419488,-7083.280894895109,-23196.26103837555,-1223.307547417888,12605.570447414031
328,-146.60337614304385,316.75407695121186,-163.84487022977223,-890.4154628514215,-18.98187584150324,1104.0036691401065,-1563.857476624884,-4479.396084503599,-842.588111930257,2317.849130542647
329,786.0594921201675,-2341.086321900198,599.1880294880036,3666.325059551827,264.39087455888705,-7804.180429335395,5511.781469755229,17663.54179258378,3509.2320363333415,-10101.069403306134
330,58.68693114134094,-219.09413241629292,83.84056494553673,-240.56296378991854,148.77647954935534,-351.4635027694265,212.03075119796333,-143.952536143578,862.2136499274793,397.8022231078534
331,937.9345110045257,-3455.690232706844,860.569792401108,5008.086288464287,-131.5509945092439,-10195.274502058339,7179.734449886373,30509.750258222804,-1337.5283265802473,-18716.89817903515
332,-169.1708705782255,173.08100265958788,-227.74069743393395,-1630.0051100810426,149.7701551575451,2134.088248029325,-4604.023023971195,-9640.155575544513,-304.9431160665775,6512.971499133847
333,154.95251386419824,-754.3995353685532,151.69256928625379,725.418064620758,5.364493670030542,-2163.51974372099,2886.597091479399,7387.841211803411,266.4300768603655,-3791.8733144332223
334,-47.86904813745079,7.070517817703617,-50.344610331050134,184.05690295163936,29.963185352596504,36.639663776388986,156.35165757510853,-3063.337961311642,1078.0166968430894,2718.9891208097974
335,-207.78207570570788,344.6185919972614,-85.16715940805453,-149.74962671549451,-106.33677654573505,1439.338780906107,37.968420886989044,-1821.1140646908725,-633.5599870306868,472.42381194492043
336,-942.8965313739662,3168.7438404027707,-708.887623126272,-4628.855273115729,-104.62699239620945,9440.901365424605,-6642.986626044891,-22524.41140700156,-2327.8920259861243,13720.097166843068
337,840.0455203925926,-2468.955521362025,659.025794750204,4686.897367950545,116.93909267323501,-8277.816970428998,3947.222289480948,20943.932983732502,2036.5214442233776,-13391.2249859358
338,-137.53725121682217,-329.5025072769508,-36.97419643984957,-332.0372486524405,-71.02665974931637,105.59535176491714,771.2839664935336,-2329.8039136831017,-1205.2290669790743,474.4068941308552
339,125.63095186254921,189.0705178177036,38.030389668949866,560.0569029516394,108.96318535259651,-1260.360336223611,197.10165757510853,1452.6620386883576,1027.8916968430894,-1385.0108791902026
340,-1079.9344661297694,4215.860053690334,-959.3045431966228,-5597.676571494942,-92.86721950363668,11301.849601267033,-9155.010470443773,-30114.608208547106,-2288.2566697771977,16325.696197945213
341,361.1309518625492,-597.9294821822964,141.65538966894988,1992.1350279516394,181.5881853525965,-3297.360336223611,1215.6016575751084,6020.662038688358,1429.3916968430894,-5965.010879190202
342,107.11136845669583,-287.9525551629754,-133.10947195714834,-456.0078603036332,432.72901159423714,-227.43733936623593,-778.2438970485202,-5049.659065986029,4712.026203897532,5226.966290947754
343,705.2088957619359,-1310.9477297720546,438.576939000921,3627.241130782758,391.4425873223609,-5765.361444096512,1844.4358989085715,12998.866504521147,4900.082408568806,-6016.647607882416
344,91.91440298466223,731.8433393784842,-143.1796577210943,-9.708671367383722,190.89898066753318,56.077835117345884,-601.3705146315475,-4592.185407585253,1552.35148397394,-3.689430102236769
345,339.7559518625492,-831.9294821822964,115.78038966894987,1732.8225279516394,111.08818535259651,-4474.360336223611,1250.3516575751084,7324.662038688358,2132.1416968430894,-6197.010879190202
346,415.71107110925436,-1830.0318207151038,356.1877480551726,2229.9173924032034,-131.79363291761828,-5351.832890366621,3020.837433306228,12759.998990624328,-1057.2482999347596,-10253.343115085694
347,-144.69123616632888,387.9314355664563,-21.660491649862436,-467.15298525767304,-190.25995221490624,926.9726888763141,415.21341340311596,333.8422791717466,-1839.1646996518457,-26.13434099988688
348,-177.3371578507434,387.52609451398496,-158.39655424727752,-1239.750026622751,202.6495200928838,1668.4203912280775,-1526.7905602074925,-6620.994849290646,1506.4061946914042,4654.6371878809105
349,76.1418915782362,-805.8582267384662,84.96081216360957,-34.306939441959045,-174.95863383167483,-1167.1664118462454,958.7615115461901,4330.483074347405,-2334.1969500861555,-5047.657489290508
350,-383.27022021508037,986.1211567869781,-245.3293333493186,-1887.0793416902557,-97.87293871319818,3185.6935917856604,-966.368338577677,-8376.159963118627,-711.2101835996566,4843.858160194904
351,-233.2440481374508,458.0705178177036,-52.844610331050134,-711.4118470483606,-120.66181464740349,1401.639663776389,-347.14834242489144,-2515.337961311642,-1668.8583031569106,-33.01087919020246
352,305.3809518625492,-395.9294821822964,204.40538966894988,1674.4944029516394,78.46318535259651,-1837.360336223611,261.10165757510856,5616.662038688358,982.8916968430893,-2273.0108791902026
353,816.0691265455214,-2196.206306533484,477.63911129817114,3478.1113478458196,492.73344813317783,-6623.752381836792,4240.581064275689,11209.27158859161,6899.627821078408,-3644.322810485643
354,-9.833815781356977,-646.002858950194,-35.2386003239468,-693.6476117957333,164.37643237176766,-637.8059592387388,293.7437578396098,-2918.3822674646144,1022.3284651701794,2193.6006533876716
355,-301.6190481374508,690.0705178177036,-190.71961033105012,-1263.3337220483606,-132.4118146474035,2208.639663776389,-1123.1483424248916,-5951.337961311642,-1502.9833031569106,1874.9891208097974
356,29.755951862549207,-110.92948218229638,114.28038966894987,448.01002795163936,-62.911814647403496,-600.3603362236111,864.3516575751086,3036.662038688358,-784.4833031569107,-2929.0108791902026
357,-180.2440481374508,32.07051781770362,-128.09461033105012,-642.8805970483606,-54.036814647403496,933.6396637763889,-857.1483424248914,-3983.337961311642,-573.9833031569107,1382.9891208097974
358,150.7559518625492,-493.9294821822964,169.65538966894988,1022.0100279516394,61.338185352596504,-1757.360336223611,744.8516575751086,4880.662038688358,348.0166968430894,-3841.0108791902026
359,-628.9590319874636,1747.0266444018837,-392.1710624912021,-2442.5705095392527,-182.5075635027372,5111.8060753484815,-1931.49592865271,-11944.304782399282,-1802.3315889548517,6004.261539646649
360,15.771508431186417,-320.92618307199024,8.78582425810145,-297.6275074981332,-68.64161798770097,-127.05725456075362,-21.717199335158718,-458.11524957976644,-629.6113313950787,-113.41990063748902
361,-170.2425387085369,1128.4398637149857,-219.53801035391868,-1417.790174388263,-51.344232055871274,1773.0610104551786,-560.5781247400342,-4489.3719357234395,329.5609949567684,957.6590155654415
362,5.861952830137063,-729.6156588786162,-26.88415543705972,-819.713605818075,-15.143004571751492,338.54015037939524,-1602.131067282735,-4025.747390390463,-1331.3626768761753,2306.648070016052
363,-464.1442675252763,1297.684855165636,-408.7252916795547,-1778.768911891061,-180.38915464266154,3968.914939139123,-2478.1140098492056,-9511.522740684322,-1413.398347738751,6446.235567096505
364,103.32284451596267,2.0309754671341285,1.813248352737359,-263.2583966683613,88.2002364460911,382.16516074738144,-1008.2925233819736,-872.3784343722385,486.6294629572283,818.9208016181323
365,-275.43569045097047,1007.6007638682448,-97.57679933945283,-561.3904628455388,-105.75462400562107,2107.8488279995217,139.64508836085344,-2600.8275143679653,-611.955924511512,1048.418843806477
366,325.6498772311623,-930.1812453737009,252.80862228718811,1602.452109224758,135.43242510024032,-3035.848009529854,1844.4684060901563,7671.827641816538,1439.1906928313567,-3300.726723036602
367,71.00595186254921,-40.92948218229638,45.405389668949866,387.90065295163936,34.338185352596504,-553.3603362236111,-89.64834242489147,164.6620386883577,733.7666968430893,10.989120809797544
368,-205.557375867171,991.5147023250083,-116.65880526118721,-1267.1752415254334,69.5236876960889,1602.9223871174547,1007.271926580437,-2741.9173916374366,674.4117180998479,2161.308469287959
369,500.8351910802957,-1451.5726314989677,366.10968674871026,2095.6275226790713,-55.68269586492312,-4959.390704808947,3345.2400558469417,11769.547514807788,-364.30184061414997,-8226.561528894263
370,283.3564388214589,-297.7263922830008,165.47432637432095,1493.2019986185703,129.91921671180378,-2119.114121252135,551.1985291224853,5319.6828055096075,1646.21276130734,-2477.990303207284
371,-275.66028592374687,775.1508536358452,-242.60011289486422,-1814.3095658798673,259.6815662791962,3968.724556469778,-2697.0005054876647,-11311.145076399516,1925.9115204609989,8899.645188181079
372,9.428003650484742,375.73574793701965,-47.481034597313446,22.26666679535561,172.78154974414332,-28.08739595047099,-1135.1877619157551,-1077.085792090908,1362.5139391161888,1821.112858591316
373,-88.02198681605806,146.0221279160696,-102.75544837473481,-596.7264525439552,143.7928201851479,1243.5255545466707,-236.8711022473053,-6121.319296783004,1847.8481453165693,5548.313217714978
374,39.14075831533563,-270.68702811589327,-27.494516094129704,-138.05044767553971,35.249857441781,-643.3903917223315,172.96414146961246,-87.49721729474874,-120.66436211768176,196.10385522718977
375,1093.889435858091,-3169.316403512227,1025.2686869179263,6533.403548771745,-203.22242098370458,-10933.11805444639,7628.400326410231,36318.377014931015,-1241.2612877313832,-24385.85677089621
376,-14.841851224543847,-37.568538455756645,17.436855700284852,83.20427827681787,-43.93560981330299,-205.9852917239184,242.50067826699006,1019.1966231761625,-385.91660471871796,-600.2386465539873
377,259.5418092675961,-1313.0801037753251,249.5306397574552,1754.9324802695323,-83.47344083419954,-3271.354539660361,2137.216194010282,7799.713313601548,-848.6613458251899,-5305.443618418195
378,536.98428371063,-1737.4291503729812,600.2357864397636,3880.5953917456613,-305.6073910923765,-6544.990321969886,6738.519541992129,22002.183296653675,-1629.6454914140452,-15377.306421418069
379,234.73288664832833,-1713.7095558393885,319.87254642704715,1914.458770141157,-294.2075307638385,-4135.819834876721,3894.3831091536667,13484.38959980871,-2339.22172542255,-9084.704067006474
380,1216.956886898148,-5343.9755218670125,1142.8559687393213,6820.30797887067,-204.20825231600787,-14677.732061928267,11733.114609676637,40851.16074095829,-1008.9956945208053,-26146.124611089035
381,-601.091219802595,1689.7304786375735,-439.7688639384933,-3700.885182442687,158.27378403475905,5572.143976976538,-2170.697077753017,-16861.329505213613,1038.0757075675765,10649.740811134057
382,-804.4532409832931,2205.1815337567914,-694.4536696425945,-5149.039425248568,139.54194384937722,7874.166076671079,-5749.101191515145,-26002.563894819144,-17.89955156509738,16563.450915313395
383,-130.6378349910627,-289.64968274670144,-137.89229524176395,-1218.418087791551,22.7516243908991,1258.8433035768821,-1292.7336421802843,-5352.234122628857,3.2596625668783337,3285.5287794986666
384,703.1507587860953,-2355.5125575320817,682.3421183807861,5099.119845579937,-183.08547741423973,-7314.053664094434,2860.083738315099,24055.31583774524,-1766.0632731654873,-15294.707250599855
385,369.2559518625492,-1528.9294821822964,425.03038966894985,2033.7600279516394,37.713185352596504,-3564.360336223611,2031.8516575751084,10080.662038688357,774.0166968430893,-4829.010879190202
386,739.0841677942246,-3329.645532475158,632.4448454136875,3463.545985248233,-6.245983230312601,-8305.52614021696,6067.797010193,20777.17136473615,265.5425429263595,-12246.959719458006
387,-951.3028666678249,2378.636038676771,-734.8725486994515,-4406.672185909268,-101.69588005065845,8026.074425469961,-3109.453921886546,-23744.809229386334,-315.49822047418587,14151.283143868539
388,510.9359220175959,-1791.9518691334424,448.89167731943303,2628.383757691847,64.32764519534689,-5478.171607940426,2884.022358510597,14390.645730882115,360.19190005723004,-8726.870643768272
389,272.60598090937486,-784.1672779353398,374.29700809583284,2543.552486496465,-347.3174066872891,-3603.423161508072,4402.100516074754,14953.059071778127,-2144.709867298405,-10775.26978422487
390,716.8135584486413,-2100.795121410841,623.0416697052486,3867.23803092701,-151.42084452693757,-6779.411875196194,3972.990363455609,22163.98007509605,-1519.1110741532593,-14978.898582438891
391,-454.6945616068575,1140.157073661766,-120.76829708088692,-1929.4744411916874,-198.74851171895446,4194.96909592193,-1208.7940249878839,-6570.227277635058,-2427.8572757464367,3917.1778177997503
392,-126.39191055159671,273.256321026611,-140.09219353637667,-817.4466103066578,1.8902330967201844,1683.1595497829671,-1818.9056748422458,-4518.375225977016,18.515686026443376,3708.0281447564093
393,-265.81178526797925,-90.16399473685064,-201.27303410261456,-2006.1553892376298,-116.44904769422938,1887.5570329668637,-1746.8862074138106,-7056.675877127925,-2016.7897782208072,2819.4632703849943
394,156.91539919194267,142.376406161957,-33.37105845501159,325.17208577673625,138.48002492900483,-291.0048874683799,-3179.8522395325904,-2713.7693209875306,1139.997912228561,2323.314471677412
395,130.2559518625492,-227.9294821822964,81.78038966894987,858.4162779516394,130.3381853525965,-621.3603362236111,-18.898342424891464,2892.662038688358,925.3916968430893,-717.0108791902024
396,-28.119048137450793,-552.9294821822964,62.905389668949866,130.77565295163936,-198.0368146474035,-513.3603362236111,681.6016575751086,2756.662038688358,-1620.7333031569106,-1257.0108791902026
397,-757.551931040293,1756.9823043343572,-468.120904207606,-3681.75107944958,-244.89349385987694,5692.269302766549,-1779.5793477128884,-14130.293071596841,-3392.288929832884,7887.093483599187
398,-800.4801810332171,4036.6112333631763,-868.3612944992028,-4745.873882737124,428.2747248768161,9906.362698371806,-9063.421428632695,-30146.539749417123,3158.0378497151396,20638.761626979333
399,67.9980541518869,249.0160152024996,6.633407455166406,204.49354648871775,47.627129442943406,173.90636235841262,-513.8503443582625,-846.0702690246708,489.71532880927487,-112.5206327330039
400,-200.38375470956214,840.9699370144585,-154.8652414153829,-447.2602791992194,-248.6111606289024,1844.582811559531,-1247.7051127836196,-559.2222938079456,-2465.2592771266322,-1407.0380920598186
401,398.7135950482309,-1652.9620335718107,401.0052037362777,2835.3204436572732,-210.90263188565592,-5063.95966184289,3218.501034912592,16314.303571678627,-2065.9332008487095,-11573.917294535919
402,304.5180707142589,-779.3134529574751,441.6283900451367,3089.66826774493,-343.5153290605819,-3680.1980964399245,3786.907500230851,17796.827179367698,-2867.7070257393602,-12880.472169014132
403,278.02114329430225,-722.8265127176601,195.72458381657773,1266.6889081629536,137.55779785095578,-2587.4859601563135,2173.4440130129087,5056.155757730431,2145.5130540652626,-1794.7482445064404
404,-119.1465565015018,325.39404741454985,-76.96256332939832,-743.4560162723062,25.773051553381062,603.7450882649135,116.56694278949364,-13.240332979042652,286.72877141083785,394.3973404529001
405,339.4152774395267,-1403.9004355530815,247.94432624813095,1653.5248117042456,92.54616834626991,-3100.256026829175,1071.999129363721,6936.023830251918,1276.8999839060416,-2815.539103875145
406,-768.0879159658588,2333.027533939107,-642.4901634605228,-4346.3307964408505,97.22525273597765,7361.945629927267,-5094.234413078039,-21520.20653375089,263.15693081230086,13856.095399957248
407,1071.8318033102175,-3949.882687412353,990.3316320502165,5702.279336262522,-183.94213731234876,-11030.20212557374,7221.074516085479,32510.802300445604,-2295.7303322229423,-21704.301787950266
408,750.324402189296,-2593.0308308197173,646.4080019962885,4366.871611816382,-110.07777603984623,-7705.327931817823,4862.759645644834,22858.433491634707,-1082.4721810215656,-13869.727168368592
409,53.25595186254921,-44.92948218229638,16.53038966894987,145.01002795163936,15.088185352596504,-967.3603362236111,654.6016575751086,1724.6620386883576,35.01669684308938,-2229.0108791902026
410,-1158.2416900311641,4264.23522018233,-1078.0581088851504,-6697.919171781353,44.768972957441584,12214.579526278127,-9265.610219554994,-34470.842594643495,-1350.3124418157427,20257.958564111985
411,-477.28159470154094,1932.5698426993604,-448.9125896929586,-2428.1167643569383,158.3712682795738,5524.2864998098075,-5224.459419210127,-16360.510580450993,1068.2758928173193,10171.305521182941
412,-171.37665847379338,-124.81265843900962,-114.68194195607092,-1122.1122990142057,44.10418962275399,632.2780826170509,637.4451880958114,-4194.163607400269,253.11009638827778,3321.5396740766328
413,-851.7764703084323,3118.998162739956,-730.3778669175184,-4581.1870198707575,92.24996557136772,8830.2100071483,-6278.4260981072575,-24279.29698457856,-81.6724040823393,14482.079397462623
414,-410.3070279658863,1236.9503349352335,-369.0835059033561,-2105.853761913104,-70.41166570653118,3959.189414681448,-2634.197248656909,-11812.98987010267,-756.451688608627,7123.134708697216
415,-442.0629893133012,1654.5608961394255,-303.7583082683249,-2024.12151956865,-259.2778206446617,4696.752333167486,-4075.640433703457,-9792.876038359442,-4062.8628116320965,3989.8467371917
416,281.2117822814975,-1030.9949281850209,239.9629339587982,1440.8124353166438,84.3616089880539,-2786.939615165089,1465.0937601996102,6300.058153301851,1110.2247129799734,-3865.881081595677
417,334.2616262076061,-1477.9690695028696,139.0161616209626,-271.63215684074294,420.11087670462,-2814.605265144058,1621.8467929979306,-358.52014577184474,3581.087510321686,1918.5461590192353
418,-373.89288648487513,1681.743930002157,-111.49661251273909,857.432127274356,-788.9681256601117,2100.1710151501097,-763.769939938825,1494.628589268406,-5609.250408759496,-4337.055289934954
419,-8.494048137450793,110.07051781770362,-5.3446103310501325,-99.53684704836064,34.213185352596504,198.639663776389,-192.89834242489147,-1227.3379613116424,310.2666968430894,962.9891208097976
420,687.6695457309468,-1820.5873211306298,523.4855083926554,3782.935742185038,219.08827737379016,-6080.725329156267,3165.0148326191256,15277.505882297024,2864.8732058414635,-8462.21583862869
421,122.92766304064435,-240.02613653976465,115.8424340719903,941.9131207407876,-106.06732532294973,-1372.85658512348,380.5060032435283,3990.0675194848054,-937.4358617257585,-3642.3770656045963
422,211.3871842261349,-1497.7114879683356,134.40111513330854,401.19514775668,72.91120966048648,-2427.700874315838,1194.5409517579085,2096.6379435012323,610.8159721808399,-2448.303794491399
423,593.0241153522734,-2573.793733803502,611.4312192988351,3373.440498628176,-202.8444327257631,-7389.782310768997,7466.427975208334,20993.714567378625,-870.5804117922462,-13664.443743788588
424,90.20936154646263,-255.50919641521153,54.14221768699551,1224.568704711786,-29.20975898408836,-953.5911681915438,-33.244417388726134,969.6029234051038,517.7741468578322,179.36978514710285
425,67.38095186254921,-34.92948218229638,-11.969610331050133,209.66627795163936,38.088185352596504,-521.3603362236111,213.85165757510853,-239.3379613116423,480.1416968430894,1026.9891208097974
426,1027.267833689306,-3216.1757149688133,825.6990621873521,5632.371303869043,96.79257092435921,-10152.922419570074,7296.67364820222,27546.567767438293,2690.5437347317456,-16265.008259144386
427,-31.765791937152986,-1187.5610335971157,46.93281627260313,-76.24849389511671,-346.08232514559023,-1467.7867942643013,1821.4382200489138,2822.4803891181223,-3354.3274732066634,-3400.872369456328
428,329.6019528332107,-577.8308796022195,258.2717087320252,1524.8721795109082,73.27346499317399,-2176.176672936187,-41.51907382719728,6780.79145757055,353.5977991807128,-4287.427707021034
429,-103.12235127554851,673.0867523235295,-51.9090195798187,-519.862446904523,-97.66064535558901,1489.5882418792503,-1333.365768071534,-1202.0721310928263,-1560.7079761413042,495.64050381283926
430,-11.410056921423408,183.2110513881521,135.1602958681652,998.9745381093877,-360.2161376550923,-377.31673516374644,1481.686242699149,6547.142847390767,-3343.178747914729,-5895.970666657665
431,184.0598215158856,95.02234649312146,98.9341473356688,1063.8869635931057,-8.098140092289661,-1079.1273916714138,-907.510752135663,5884.778100542679,-804.3705796256191,-3440.1923649358696
432,-922.2559947714922,3130.932977742213,-893.672851469412,-6169.8628597502175,187.76382880511892,10565.005761398372,-8738.628776259227,-32202.594830156977,-289.23698232742925,20925.937035463274
433,95.13095186254921,-425.9294821822964,99.40538966894987,484.82252795163936,108.58818535259651,-1417.360336223611,480.60165757510856,2728.662038688358,665.7666968430893,-1701.0108791902026
434,443.9005845168219,-1138.079294259998,346.071998838395,2184.396318939255,36.57833503703035,-4192.3301349255835,2084.986927174862,11631.897320725866,365.98440566585134,-8066.870257111264
435,-791.1153206476718,2463.6134622917475,-689.1893591828275,-4433.669667546134,43.094720746612765,8314.503717655174,-5743.328244638543,-25358.57453780074,-128.71343049153424,15936.796848439802
436,-746.4917479444508,3161.6423691017017,-720.8850795555948,-3855.9158470108287,273.9384601870524,8145.954358099331,-5765.890694750786,-23733.202241599338,2463.4857107038765,16512.482170860087
437,133.40762931888267,-155.675836479298,5.69193323940828,-488.7508106445882,315.14025800788477,-282.5303560537657,-1804.1210327514382,-3436.9613413117886,1683.5111020012741,2758.1255323656155
438,62.88095186254921,-545.9294821822964,151.78038966894988,708.4944029516394,24.213185352596504,-1416.360336223611,804.6016575751086,4232.662038688358,202.0166968430894,-2517.0108791902026
439,67.7189996831357,-1399.2725513037965,139.3817837605241,529.8171855866314,-177.1689982886205,-1995.3969075309446,2672.7032199326645,4026.765033023764,-1544.356606767246,-3780.487499916992
440,-328.6663408997683,800.1692197741277,-153.48090723126106,-1497.1418071166042,-198.15814412796922,2716.2699076039485,-793.3683219344559,-5075.990310227974,-2086.3972597696225,2021.5489787472525
441,258.7111984371824,-790.5262337134529,269.7506593856389,2094.071761307723,-55.475466425324015,-3051.831824394083,3633.2693255505606,9996.306238960695,727.7143709955818,-5918.9461688492665
442,-599.5777474435788,2298.168395150903,-536.3316283238601,-2858.2669267453543,211.79542251999794,5793.859699518004,-3018.9870345746567,-17056.34263632563,2899.2156142661847,11957.75985275352
443,-880.5808500087954,2824.48430365761,-727.3694799569719,-5054.953231314666,211.35928943868612,8917.97454085205,-5206.9412160143975,-25263.597560059094,1078.4732755100636,16505.84967100508
444,-1007.920137439104,3141.3993825091916,-894.6989402582393,-6262.485685696335,311.96582590510684,10341.033547646504,-7209.5140355587755,-32951.69078212563,1445.4285124715823,22361.03615684345
445,382.7940287366816,-801.212714803885,363.2959966604826,3067.7033788756726,-158.25831744185012,-3579.4907664409,2060.2489046168675,13247.606458029899,-748.3464109646732,-8947.977570694762
446,419.7436444299593,-1863.4463011904406,480.7351548343633,2904.577572448224,-166.69731856263996,-5290.029578161713,3821.5096500544414,16099.942950560346,-1308.3557465217636,-10740.88517321989
447,83.50595186254921,-503.9294821822964,49.030389668949866,628.2600279516394,19.838185352596504,-1274.360336223611,626.1016575751086,2220.662038688358,579.2666968430893,-1125.0108791902026
448,-606.2656422075783,1863.2935472426361,-446.41441000992086,-3566.141163384129,9.210934206035658,5683.501470652942,-3377.9983288418175,-15226.742057408397,-1108.4399772445477,8764.78446469785
449,403.22312485818435,-1484.3216599670495,308.5754860296284,1151.5396457716422,307.78416036311796,-3344.1792909456685,1533.9621710279466,7155.784224804201,1967.8598547829256,-3564.9848588590817
450,697.4016525984737,-2238.285129158331,645.6098005043851,3903.8920499160104,-222.59282262570073,-7076.95840081406,5585.630593736659,24703.312618236094,-1453.2325735294771,-16368.153212285824
451,983.6634709912412,-4230.169526532277,921.4796525001043,5379.567774818826,-272.89326050128955,-11933.997762422,9094.124260791403,32693.349470534566,-1927.1551558872695,-21400.927924237658
452,1127.1424974363993,-4472.069506785299,984.0803947824343,6005.369467679239,-257.8569572688406,-11982.980811947544,7621.393357646046,33887.28935285309,-1945.837251370012,-22892.33249402498
453,528.1177989520437,-1907.3993426219874,592.4399942696717,4085.811378173796,-392.01951935834114,-6378.844208700821,5835.430196521619,22311.525237044738,-2316.536197038707,-15179.900180972874
454,-1084.6818010916527,3266.2395182063783,-847.5631087183026,-5421.416630239335,-296.0809510224993,10699.28005161139,-7683.892941050953,-27957.577826937486,-4628.588646270909,15721.189416222689
455,313.0123402236042,-86.45924035338938,373.68670926325564,3851.632323396051,-290.6418627990985,-3213.8182789432794,1591.6365341213689,16160.494195373025,-1209.4432409112003,-11566.06821487239
456,-59.99404813745079,30.070517817703617,-46.344610331050134,-365.88059704836064,-56.911814647403496,464.639663776389,-32.14834242489147,-403.3379613116423,-618.1083031569107,34.98912080979754
457,-460.24610673215346,1723.1754953913073,-643.2632920170224,-3790.0571139473595,544.9077205362817,5920.13166522702,-5947.925861473226,-24150.54463740667,4678.517369028295,17351.160594851874
458,-318.0307736945936,630.6932147384566,-157.15251030579265,-941.0405918247197,-270.1630349097119,1863.988985001751,591.6066172226452,-2307.6984047495785,-2375.990755988624,216.39997091332577
459,46.19652316324493,-303.3468784487569,118.56203727385045,926.6379534485505,-184.51338591171185,-1104.9286108531462,1482.0184650175563,6025.81788512574,-1713.2746625699046,-4060.1697792376103
460,-911.400724252604,3682.262940308281,-807.0097129760129,-4999.444026378882,-41.17923197933743,10274.603766566575,-6846.637011241691,-27490.846486009446,-938.5042357783834,16120.338240223815
461,1557.4249832882174,-4868.8624706399405,1314.672948185965,8247.452550307633,14.524804173115895,-15324.313284896918,9575.438553671327,41772.5392356222,1152.0512258706942,-26041.346827692054
462,-903.4137605490799,3687.4932167367783,-896.254370082322,-5534.822394069816,292.4328188214278,10456.767028323233,-9501.004785164625,-31182.660963152386,1359.162115549346,20032.51172367468
463,-66.49404813745079,-55.92948218229638,-69.96961033105013,-443.92747204836064,-78.91181464740349,1015.6396637763889,-140.64834242489147,-2915.337961311642,44.01669684308938,1870.9891208097974
464,488.93472740424437,-2372.365181485065,452.13469100407036,2981.6134192215063,-259.70744651674664,-5873.173641779829,5716.613155766744,16385.48175652476,-973.036697776099,-10847.868089101556
465,264.82673697102337,-682.5403259558744,232.9166595033586,1688.4026644090684,-22.84432368306252,-2288.1118257049297,1962.7701075883158,7238.107929821591,639.376111394905,-4104.640745417719
466,-45.84990865401937,304.3956088857547,-69.35001505593848,-254.2639937188827,-33.963067418189674,894.4088964526723,-34.441005531888614,-3256.1610209422815,198.71114286721448,1209.5729222395125
467,362.8810350798484,-558.2935600793465,207.85408577824475,1870.3329063289818,68.76728851064208,-2411.4330391962126,5.014038043886947,7368.119066966962,541.8281319360773,-4893.7393901086625
468,-932.8143382015583,2347.011797060166,-859.0626212482911,-6194.41251793003,217.44746729781113,9732.259229181742,-7811.449243966858,-30826.575735165494,119.3702753764825,19071.08498262335
469,-255.04415006137614,564.2821397635117,-182.02612924900131,-1465.259682384767,-83.43849252283631,2220.844085606446,-354.32603370163065,-6807.75735262518,-329.54576626723207,3995.5306753516134
470,1384.6666075079006,-4305.172928960702,992.8545791320595,6035.121117202665,372.7812915501842,-12580.623878711594,6656.020423752142,31544.73909432952,3431.7408789381707,-18578.478833989997
471,-43.99404813745079,226.0705178177036,-130.59461033105012,-599.1618470483606,32.713185352596504,1497.639663776389,-1024.3983424248916,-4311.337961311642,273.0166968430894,2458.9891208097974
472,740.5495274781795,-2381.555745848379,660.9252144477626,4506.437864088865,-183.85638502776212,-7235.623623261355,5789.662154803966,22452.273721612484,-38.61642678897269,-14106.361771642329
473,462.812660798959,-1226.615209709319,398.1681146200149,1755.7612934196945,92.23137383698702,-3906.3440395680173,2520.89838917259,12639.240097817674,170.55210366017235,-9072.64973454462
474,-86.11904813745079,262.0705178177036,-94.34461033105013,-544.9274720483606,13.963185352596504,1148.639663776389,-756.3983424248914,-2707.337961311642,-249.3583031569106,1850.9891208097974
475,-242.0366161600823,396.11675269596765,-157.61252585959195,-1192.111932149316,-64.57486005614373,1758.6585353112746,-1150.0625750687107,-4022.6121101653425,-1557.5357444575204,2645.0001076188537
476,95.84187578402907,-1577.3420187196969,210.1623146612134,919.7078149551709,-180.52737332760773,-3265.022336195061,3517.3271635393885,6934.037942963782,-1208.5771086273385,-4252.231731108524
477,-654.5020395054748,1714.8104922957402,-623.5432723959566,-5775.289159646763,558.7077480052516,7215.384613790263,-3235.9965092994726,-24806.265361973856,3808.51432228657,16307.577349449262
478,-854.2961380039956,2892.1400261624376,-760.1075982751198,-4385.966433627363,32.46399436246632,8899.236155516102,-5739.2927890852325,-25680.583954437723,176.28997139515621,15994.640243851289
479,-688.2452945953727,3148.3702657189556,-728.6476661238244,-4714.660609481893,347.8585195481363,8831.48984332893,-7334.520951660758,-27018.44050601576,2248.9543604721575,18175.65719660401
480,3.034571288092743,-467.00527511175557,79.76421667574358,196.43139244468847,-48.97471498532371,-1076.7152638232549,2347.509174738004,4124.009332832576,-813.8890715544471,-2529.738224276693
481,-653.5129944551257,2107.780738231551,-563.3288119623451,-3866.051345912773,116.82391052590485,6631.826399731067,-4251.230943242259,-19295.25737841894,166.71396546382587,12397.48973009723
482,-157.6898211079437,1351.9528998116484,-156.8502087629834,-796.0582140022382,-42.00691746939345,2634.2538939637793,-2078.4960077042065,-4637.536818213732,-503.412627593356,2555.3847988645625
483,24.34060512204804,-299.28462372202523,-90.58170233744677,-724.618912575527,162.4608477360852,542.7398997899091,-2584.394684092727,-3653.7902385730804,466.46838112863134,2671.2145295077935
484,-139.2440481374508,732.0705178177036,-79.96961033105013,-824.7399720483606,9.463185352596504,2214.639663776389,-966.3983424248914,-5075.337961311642,117.01669684308938,3742.9891208097974
485,-350.0907529730373,499.40221233947904,-285.628084508875,-2440.729608977932,-132.93790105146937,3672.5550239848753,-1704.796704645643,-11570.3592452903,-1539.374202020904,6203.0413345175275
486,-791.2423457654056,1585.8760546374701,-665.2078931704507,-5596.462756088931,241.95149364900104,7199.879761601782,-3537.7285881616176,-24895.500378875524,1426.9440864489145,16667.182972986277
487,6.130951862549207,223.0705178177036,-58.719610331050134,99.86940295163936,69.33818535259651,190.639663776389,-667.6483424248914,-1579.3379613116424,854.0166968430893,1082.9891208097974
488,-1045.4024282530852,3058.741023394576,-903.5466810745241,-6543.415035173681,110.58431479345853,10374.409044606162,-6577.298887443387,-31228.111688997204,-636.5517418904396,19067.28005792457
489,-963.3288552461124,3677.527428392927,-829.8003196905785,-5447.03426202805,177.40108213517217,10311.481489537315,-7916.139599321183,-28716.833783642294,-134.31143727128833,18632.283032603642
490,-947.9021538345869,2504.113441705015,-801.1063843590698,-6024.145968955946,113.96112640046272,9056.312506082091,-4312.006940576295,-27361.389145218498,-338.04927964565263,17448.55555202072
491,-711.9215316938551,1679.3679903811692,-573.768948405489,-3639.017543333181,-31.86508943599747,5974.217447383545,-2924.5868810358616,-17488.646415015137,-110.47524226314142,10876.410274093512
492,-6.1126986152769165,403.7927966044292,106.9318702872497,610.8299034936072,-134.97202516677962,-164.99350282168484,1241.1655053367806,4826.951130492171,-1424.7887689854197,-4881.010491405845
493,-216.21594733497795,1070.6325419801099,-147.19463494484643,-937.392350259435,-91.1288601896013,2248.7924083236276,290.5058893589091,-3848.586265453691,-157.10894258549993,2734.2607517709307
494,-257.88200840949423,1663.231975809308,-260.4238981116031,-981.0331831697519,191.6323737332435,3250.468794082304,-2514.5148750719754,-9368.462974145348,2026.341794220694,5305.112143277394
495,-292.72259234625915,1021.180353156423,-138.06672465998594,-988.9089559857943,-114.49121965728433,2734.516871216798,-973.2535413545373,-3996.9541558527085,-1539.5479089925404,1879.9890024901986
496,545.0462959840737,-2217.656314643995,520.6729194088326,3320.9652364244894,-162.91465035545625,-6228.841679029413,4756.790344249604,19299.18968169175,-1815.3249342349695,-11638.320077812687
497,66.75595186254921,291.0705178177036,3.7803896689498675,152.54127795163936,34.713185352596504,-224.360336223611,203.35165757510853,1044.6620386883576,-28.358303156910623,-881.0108791902024
498,1012.7586650077376,-4041.5415174725094,950.7614805087278,5426.814562341658,-234.34220618784008,-11406.834107315266,8664.867919323644,32981.20262047894,-1722.7575768671823,-21619.84527380522
499,518.2473440204975,-1516.022292629356,377.68514664315177,2315.965632670164,124.12296960027275,-4575.359265530729,2266.5820389368773,10279.39040460475,1587.3900350777706,-5826.1141552056315
500,1097.6250835089807,-4000.8009671888003,906.5478842916906,5515.778429080243,-92.74791409119064,-11397.520620496143,7090.64243923221,31743.49750243702,-669.8147154452766,-20802.390654560288
501,-106.63005939176603,674.1516359039034,-89.87832246337909,-437.4508743300205,141.7608184973848,1081.425027772231,-752.4640239499038,-2283.628934160661,1191.4812135198638,2132.6358073383203
502,129.9534505433142,-33.44890267208446,174.9864266929818,3103.403512023775,-310.58246603888523,-1826.623295357497,608.9998414530759,10178.997186912122,-1885.684014618979,-7662.439068190831
503,92.88095186254921,-354.9294821822964,60.155389668949866,298.36940295163936,89.96318535259651,-874.3603362236111,423.85165757510856,1344.6620386883576,534.8916968430893,-829.0108791902024
504,77.67246454381079,-450.6109773994581,91.22422232436814,330.99052771308266,37.60979275741084,-523.5339617094222,482.7881587475844,941.2913000616295,181.30232223868444,271.27859511549735
505,-409.8273202026307,460.70521571455964,-377.9560478847633,-2497.2874634358886,56.18929823239063,3613.56278895065,-1592.8602513008605,-14617.830382436463,1198.215077482905,9507.885786890094
506,-348.93764546314117,1691.4593988957652,-302.61303659060155,-1618.624433741763,-7.065448368459645,4348.667425006022,-4269.939056519277,-9952.383180320146,-843.2086841258082,5491.047148913344
507,-423.883437458152,771.7579147380043,-308.9078366624026,-2837.7305839764645,-89.83677377440938,3631.3358571485633,-1415.2989131031388,-9806.802499584734,-1963.9009375310295,6166.082070858021
508,87.38095186254921,-325.9294821822964,240.90538966894988,997.1037779516394,-48.036814647403496,-1967.360336223611,971.1016575751086,3444.662038688358,-90.10830315691062,-1541.0108791902026
509,-279.7440481374508,1149.0705178177036,-129.21961033105012,-1148.8337220483606,-24.661814647403496,2336.639663776389,-1354.3983424248916,-9067.337961311643,260.0166968430894,5298.989120809798
510,-620.7928976702043,1570.4473327843034,-274.40780324517704,-1938.550045330246,-550.7594121192159,5062.946879226116,-1119.448839003253,-5907.022954824008,-5683.204595641606,1362.5992491886673
511,-11.272442977895977,-179.16547602091953,-59.33742281117268,-870.9621754530953,137.35664978327236,-152.21896700244625,370.3648942019277,-1731.2961268976771,779.6010863534513,1069.0101767480105
512,902.6992432308731,-2361.8638137264943,687.4048021089766,4582.790485800262,154.32639325767045,-8377.731394366143,5621.946747466261,22458.67438542557,2341.984109586274,-13120.744596027696
513,359.8075472519489,-265.8747305520491,189.97014443406798,1407.0154329245493,162.87917022789068,-1873.3197318564692,-525.9043930559834,3587.1524541063727,1491.5003050748105,-2176.6965142540685
514,85.6102467491792,-1472.1223396349637,53.273901683880425,211.3993395696907,78.42284320281051,-2787.6293983408823,2230.881077475184,1411.3042247511323,871.530386260423,-741.5743404970409
515,1081.07968122213,-4148.321813259037,899.7790722978049,5447.2772070492065,10.703205045987936,-11404.944571793221,8131.489172539872,30122.079999241145,1481.5903459621184,-17829.467775837486
516,339.0581044804712,-976.5804515405355,416.7198556149318,2483.7169963181177,-253.83874858773873,-3709.2976163014287,3205.4724372421724,14699.252048575623,-2359.8861072933623,-10238.489135435977
517,783.3632255362866,-3166.9598563293816,789.365941857997,4458.630434097783,-242.6839237249131,-8905.366972251939,7966.705007378432,27540.501350142644,-1620.8438599838769,-17829.825938687074
518,581.8643276178564,-1564.3080461018733,411.9397201709479,3292.2805770892433,257.9220607903951,-5481.728045649116,883.7274054282829,13679.34575074547,2102.378590327729,-6571.432101437781
519,972.2784827592073,-2900.740728725807,650.4622920518269,3956.155148834791,416.8098287734283,-8352.299075969318,3558.5800682848753,16993.35912804999,4499.761959083617,-8735.605037319972
520,-67.80796225101265,970.3572721664558,12.604665598638727,-423.08203848168,30.404547228922823,155.29502040108449,367.06777641242286,-773.4637867894731,1.0421936123900557,346.95582256050693
521,21.880951862549207,-297.9294821822964,56.280389668949866,175.96315295163936,12.838185352596504,-565.3603362236111,228.10165757510853,2468.662038688358,-291.3583031569106,-2101.0108791902026
522,-1091.4035759178555,4068.233373093577,-1065.0277417882305,-6557.835415493799,213.04661146723566,12725.313194515214,-10277.097750270503,-35271.464771776504,390.6209979236917,22124.601655150713
523,522.8757687453407,-2092.294167380524,542.1049824720003,3449.619845212747,-158.32195958136793,-6493.982137382707,5566.650601885635,20591.39971090267,-1015.9782065965804,-13259.426306350362
524,-1025.7991734589993,3762.9846925354072,-1041.4922791260683,-6161.605074041602,191.07148676057835,11820.029722058167,-9982.58365532062,-38132.230693566395,1187.0052720021056,23694.050190118618
525,42.38095186254921,-154.9294821822964,113.53038966894987,418.30690295163936,-28.411814647403496,-964.3603362236111,730.8516575751086,4016.662038688358,-537.4833031569107,-3197.0108791902026
526,381.09445336376194,-1142.4927140071832,264.1271447207563,1909.6464190059166,309.56045680539034,-4181.625327899273,3188.3594299811075,9441.697311610225,3360.4797474393636,-3999.7272520344363
527,-253.53696478230955,1580.3849536900143,-319.5791238085258,-2520.2436112788882,404.55705790638774,4245.67547022745,-3981.3768021921214,-13961.835845296602,2775.880163505802,9821.514110583403
528,-101.61904813745079,324.0705178177036,-56.969610331050134,-480.91184704836064,-3.911814647403496,915.6396637763889,-810.3983424248914,-3323.337961311642,-70.98330315691062,1762.9891208097974
529,-1142.6414812804744,2921.3631767936495,-830.1753757844125,-5917.2797687437005,-414.64324988724724,10415.949679494091,-6524.0749231595755,-25236.92030362917,-6022.4184644938705,13402.733050064726
530,-414.03568244914584,1582.0750535605691,-318.761804475365,-1563.6094126251198,-282.10296646808337,3900.5084613708927,-1766.0444581569843,-7523.9585950554265,-2418.7884827372372,4191.269481904441
531,-7.869048137450793,-205.9294821822964,28.15538966894987,-87.23997204836064,-68.91181464740349,-228.360336223611,448.10165757510856,1928.6620386883576,-961.3583031569107,-1097.0108791902026
532,444.5858668045507,-1842.9318838432741,300.32824280888553,1706.1705243374986,170.33489122084978,-3937.2303479715824,1341.8117013939589,8899.377788572361,1531.0792405382124,-4358.746345522933
533,-246.75186448113578,1154.822702903274,-284.5379107795281,-1259.7252160971077,-75.97056039127759,2667.736107075896,-2620.309110375471,-8247.57281213622,-782.9951894111468,4799.50323158014
534,-83.99404813745079,169.0705178177036,-100.09461033105013,-439.00559704836064,-57.161814647403496,656.6396637763889,-228.89834242489147,-1843.3379613116424,-393.9833031569106,886.9891208097976
535,-478.07372246219137,1134.751470384115,-46.32312775651567,-1118.2352146437697,-824.0111289960754,2336.1758277062168,2082.3488963357486,3761.304745777886,-8058.509721650663,-7272.092994557491
536,450.0121363736968,-1249.4594139933113,212.14250011889968,1495.7556409811991,350.6261671966177,-4097.4747138863495,1781.4311697112364,5825.384974918374,3658.797507412023,-2622.628841528505
537,1650.9616695160146,-5248.952517728961,1422.474383352851,9684.356368540446,-12.281267463468193,-16489.150527242025,10381.844538936715,47904.604960565805,1374.1020577811098,-29763.319057839493
538,-1318.7396797406743,2909.4139723661774,-971.7681891081703,-7206.599186187014,-373.2006100509611,10580.919392276423,-4684.517741853512,-28429.280690071857,-5599.898291126819,15051.772267766704
539,21.161691000967263,578.0830484872926,-28.20900204158244,30.698448235639,33.14481432764819,736.9485364766458,-1604.691967837337,-952.9580520941269,37.894336055522274,861.1963323794062
540,188.59726818647803,-59.435156544948974,158.37377755718907,1542.2559797690521,-121.7421320658764,-2005.3157831526198,1991.742943758577,7983.436494927913,-387.9834105920565,-6345.4565208038985
541,-96.966979507184,438.8615096022012,-106.25641301594752,-858.0136213389535,82.5150362394791,1080.43457542787,-1123.9744717449746,-3120.140587998338,179.6306216059475,2185.0848974316464
542,716.9004435923913,-2382.0273047522874,632.5753928831723,3739.864159212048,66.55506050372608,-7330.173844557208,4692.182776308863,22709.564751567206,248.112642258597,-13261.987736164909
543,1.3809518625492068,288.0705178177036,-25.46961033105013,-113.80247204836064,68.83818535259651,170.639663776389,-526.3983424248914,-23.337961311642292,106.51669684308938,-137.01087919020244
544,-348.33307612682654,1750.358179555062,-475.248299051826,-2310.502324488839,416.1117757863102,4713.685156199877,-4562.310560063018,-17632.867685481757,4275.449263621742,13341.94591976129
545,-259.09173258550254,1384.838791380044,-240.77695032557585,-913.7364360263382,89.66137880184506,2799.9725480694474,-2107.392192080865,-6629.707048265353,691.5994754785835,4544.3560832819885
546,30.255951862549207,337.0705178177036,33.155389668949866,406.44752795163936,-12.286814647403496,-684.3603362236111,372.85165757510856,3488.662038688358,-42.10830315691062,-1317.0108791902026
547,-204.2952226745039,97.67792570785758,-100.79967922904557,-868.0659366740534,-242.57424594112334,993.009986608671,-1249.431850318932,-398.2982743314028,-3228.7507462265253,-1244.7842505655112
548,715.1257787306065,-4218.794219321609,700.8869646092116,2938.0692785055458,-259.8186783205629,-8651.549443762326,7669.069884984672,21727.387701939795,-2870.409014381506,-14567.262368194824
549,69.88095186254921,-388.9294821822964,47.280389668949866,483.18190295163936,-108.16181464740349,-1220.360336223611,1073.8516575751084,3456.662038688358,-594.4833031569107,-2649.0108791902026
550,700.9292918955697,-3385.6386270260223,716.1412905175054,4492.038345546031,-519.029645968965,-8748.131646822001,7380.264290218114,26868.049133056044,-4069.1508276041636,-18064.73094746285
551,279.31405367482535,-1109.7150090899868,312.7591398741414,1536.4530171369931,-80.5517478247241,-3857.9771653801704,3516.904475425175,11177.809192595945,-1220.9038106068942,-8658.944934304971
552,-54.86904813745079,801.0705178177036,-179.46961033105012,-599.9899720483606,47.588185352596504,914.6396637763889,-694.6483424248914,-4707.337961311642,359.1416968430894,2014.9891208097974
553,624.4424527736455,-1911.6301670895568,539.0794585968971,4151.525054527303,-213.4454884709348,-6838.660638508142,5077.430842084856,22322.989439006982,-850.8731932351513,-14645.283285883967
554,-328.54752070006447,1526.4344273527659,-253.17500083078116,-1347.7061487096605,-34.0313643091879,2844.7363407719085,-1428.3522182706367,-7249.8895476181915,-499.3997338581365,4351.32251151442
555,-155.5491383295043,955.098042368142,-57.100815536754645,169.06984973201082,-66.12846428716897,1838.7158184632444,-1039.2942778089914,-777.5938713556848,271.163537726374,267.43902435130474
556,0.7559518625492069,-520.9294821822964,46.655389668949866,-95.00559704836064,-67.91181464740349,18.63966377638899,75.10165757510853,-135.3379613116423,-467.8583031569106,866.9891208097976
557,-1708.5413499249253,4478.101139325801,-952.6231722721526,-7411.849064868647,-961.7238619835229,14132.134223249543,-4398.854394883924,-26517.090312778368,-10832.139044315632,12433.100909762992
558,-630.6001269943462,1980.426397637239,-732.483711833667,-4520.777678590122,319.08285218177696,7691.3911230148515,-6650.415888144318,-26923.380477888364,2374.9200895219215,18269.353971775286
559,-122.97525448820483,725.554823857181,-162.88162858185058,-915.8607093116792,162.65971571502288,2153.776241107975,-1940.3046308515686,-6431.23967104614,1199.0050787642558,4847.098125595255
560,245.75145106869695,-595.6361646918446,160.30958034387044,1224.2426260734835,28.944246630709067,-2246.906218862674,1374.6789097392575,5749.287257069151,250.39342549680322,-4335.958792968797
561,-65.3108860807266,1302.818824986322,-218.9342375495577,-838.8472948428878,289.46153499061796,2466.355796642759,-3409.1659469644687,-10185.3160108311,3117.9614506324842,7154.112275138067
562,208.60963952626048,-1011.7332110401185,244.6656131079732,1436.0895565220906,-210.38690944192592,-3025.020054059158,2375.403942589473,9227.83036204348,-2083.801518447205,-7173.655010958353
563,1304.6896228386104,-4335.42642463142,1089.0769437638562,6997.026406615914,139.5087657560155,-13428.913246505552,9390.720288689346,34171.13986239167,3332.4244813716386,-20235.2187343371
564,-75.33870144387544,50.63334773313637,-105.63794730619212,-817.0469822156348,98.1017854379387,851.9242622047608,-1069.356913465877,-4784.922160480762,453.6549579745462,3069.033636979713
565,-15.745468538374263,445.4498619505667,28.02674503743656,467.44980498601876,10.673496150935605,312.1480837821399,-374.76061730230697,-926.7249049534797,961.9283032666781,-176.40285691793588
566,25.672373123602775,929.1005431855892,-81.35403032293685,-215.79871544966662,239.3165366062221,1687.1787582991244,-1639.9797029701417,-4470.638788168661,2462.240964543473,4398.4342880780205
567,-2942.3353097367803,7103.331035447625,-1721.5932498395903,-13088.379375785613,-1665.131776106482,23385.538249920526,-6142.118671237777,-45897.67069725326,-17909.873722083816,20694.65040294233
568,-1095.6283396776507,2829.358997421964,-677.335458185631,-4819.738396462569,-715.9978145974144,9113.95040295992,-4620.79291952881,-18115.85863904387,-8041.596978189386,6810.4686243759825
569,-366.0466413507322,677.7705251036479,-314.3899607964193,-2418.5428433798393,124.05792356589515,3360.6155393861495,-2930.985320400235,-13189.757769529493,477.4675650854535,8936.475529557556
570,217.00731904606062,-252.41742253444013,177.56683028538146,1982.2379583793443,-37.370469785421335,-1961.911334057227,923.3423825118638,6671.079805459081,1317.559538842249,-3738.8066000702984
571,715.3647279550192,-2385.0547294211588,663.5674954500876,4015.3301114106534,-21.547663100803717,-7911.042767934242,5840.746310829378,22208.301227172597,814.375324707892,-12983.083813813964
572,-777.5202133265759,1007.3856102838722,-314.9738317608487,-3380.758517092817,-645.8862557172715,4454.96284708823,923.4331581323889,-6158.120248569419,-7677.667839923141,642.2770556379334
573,106.79170833264256,-505.0514442860529,107.07941447731542,913.8253554777054,-50.00191876791039,-1678.2585807363357,200.31905447449623,3876.2970797359826,-177.6996408507036,-3581.1571629923433
574,-23.841996700113366,986.9341840282774,85.36036734096503,1006.8718002407627,-166.5416351224731,50.94972379689963,1502.4684788073853,4794.806622808987,-423.55947059009003,-4003.5987190467513
575,56.50595186254921,-182.9294821822964,43.405389668949866,431.11940295163936,-5.786814647403496,-652.3603362236111,145.85165757510853,1352.6620386883576,179.8916968430894,-1137.0108791902026
576,714.4732291651618,-1263.5865595163643,477.56546986447995,3392.0076513457,44.814615977303745,-4816.491718967384,402.87082080926876,14706.758837857305,503.2945766837533,-9872.361407487524
577,-53.7619877806555,57.05232481713831,-45.57474044239877,653.2673411265694,13.8124430747872,-210.05665024930087,-210.33298578614725,1328.2767405496893,168.4264164449082,-68.57744242928513
578,-36.86904813745079,-73.92948218229638,-36.594610331050134,-321.08372204836064,40.963185352596504,446.639663776389,-691.1483424248914,-2479.337961311642,314.8916968430894,2446.9891208097974
579,201.66030615684008,-734.5539314611405,105.6720620808319,521.8685595057608,163.81747716720793,-1508.6288755907062,47.28973308624493,3006.7411400931223,1231.1018429687722,-769.6959184075495
580,-1057.0697386059344,2813.399342234322,-835.2927984654257,-6301.8811054803155,-12.632349619184133,10117.987476351456,-5506.374704185635,-27105.545677742022,-1437.9420914833772,16640.06543278141
581,252.5059518625492,-639.9294821822964,150.03038966894988,1287.5569029516394,-99.91181464740349,-3000.360336223611,1631.3516575751084,6200.662038688358,-462.4833031569106,-3461.0108791902026
582,-51.61904813745079,-203.9294821822964,-14.344610331050133,-297.44309704836064,-66.91181464740349,600.6396637763889,-140.89834242489147,-427.3379613116423,-685.9833031569107,1222.9891208097974
583,368.4304467178085,-1671.014647994434,422.2339295147864,2931.689495342482,-303.76976096519553,-5214.3837309884175,5377.164992494756,17091.795392603053,-1753.4902703902274,-11377.445312039443
584,-2334.700350734847,5969.208276154052,-1639.3444769359874,-11817.086617639574,-610.8311834128353,20301.91682594164,-8106.744285017086,-51082.78942379351,-7446.581124662436,30737.381986378172
585,581.0142425157463,-1513.9213495347071,466.56670491178807,3110.8126278534974,-70.253600125587,-4582.189196317483,2694.8581135568943,16671.510591849466,-633.2396073821186,-11068.317951493618
586,-283.2440481374508,421.0705178177036,-193.34461033105012,-1270.5368470483606,-287.0368146474035,1487.639663776389,-379.14834242489144,-2915.337961311642,-2352.4833031569106,1762.9891208097974
587,-500.4048666057439,639.7405737746872,-254.00512023588956,-2602.9271556345407,-327.24501323303167,3475.1033008844533,-164.52042949763398,-6463.066067380482,-4028.176368688862,2549.6345654489523
588,166.626816381289,-624.546007621699,-48.69921287735212,170.63680737473558,354.30997654026265,-1043.7982743358552,-103.56620465221482,-1715.8066377769649,3684.7393623929797,3778.7600744909605
589,-800.6838209490538,3424.7433243582304,-710.9051696647119,-4391.2376294776905,131.33148756929623,9025.784214589321,-5535.731546867422,-23240.340243381717,790.7188646613863,15254.620310340513
590,-256.99367485696627,842.8215512352346,-264.37330046600357,-1406.8379363883191,88.53158775444646,1994.3999211516243,-940.045454123384,-8804.138880583327,1028.2285781334863,4857.009188837284
591,1152.7663019244517,-2980.538087646213,925.3101217179913,6518.850332881106,115.732000145738,-10861.885649660982,6579.843484386325,31203.277654880243,2598.791596363026,-19352.086444970682
592,116.27138268525911,-330.3713444769729,209.8505242597002,1652.7049765854283,-282.8218621553804,-1665.0046081373214,843.1402480175078,10201.616663180776,-2419.99292499643,-7078.462728817426
593,1406.166566055803,-3751.3247088469248,886.9161908349998,6484.928244690983,671.542391929652,-11966.760963561359,4533.134164347224,24714.205780287746,7909.413904242002,-11920.008371168455
594,867.3198654443391,-3398.163225205137,854.8825672220397,5044.908999412639,-104.75321944831808,-9114.449932407977,7165.7347829713035,26931.344291049703,1286.0219970003625,-14131.684981877253
595,305.73062511563455,-1476.8402551846912,218.9426197174806,1615.3511881528527,98.38291713709386,-3855.812870153897,2559.6972162052616,8595.992603383298,1248.5241906697524,-4283.190748834478
596,0.8809518625492069,-110.92948218229638,-19.59461033105013,-46.86497204836064,-31.911814647403496,11.63966377638899,-114.89834242489147,-2031.3379613116424,269.6416968430894,1862.9891208097974
597,182.79975392301304,-1086.9334778637108,212.61819611070882,1388.25844740621,-207.04827762006587,-2484.286938930248,1921.7910077063873,7391.805047775877,-1856.656829735345,-5707.465408032959
598,78.175613321662,886.8003600562387,-137.41370701880578,-388.55877849827954,320.2721354016993,1585.2072160094374,-4948.8364697558645,-5645.14616369973,1829.8391591773852,4078.2648387652134
599,-100.11904813745079,591.0705178177036,-109.96961033105013,-430.08372204836064,55.713185352596504,1142.639663776389,-556.8983424248914,-819.3379613116423,-350.4833031569106,258.98912080979756
600,-130.8808512171303,454.1571211229688,-91.37604277947673,-269.0474481246024,77.96773809684329,602.0848081849871,357.29311058258327,-1203.9000072049603,1493.1438704815405,1395.4543425427926
601,-21.586420136007376,112.01995869773384,27.85594743522565,405.21139659461767,-198.48938111471563,-206.0313584269306,201.67409647984837,3569.763500612526,-1782.5868743354242,-3359.8046311607964
602,780.2061858729435,-2369.785725376483,642.8332085416163,3976.7979928567393,-0.6643732839838175,-8715.943555901804,6875.458566724205,23850.892052229854,655.282220058627,-15450.625249485225
603,523.1886307403194,-743.0512558935749,214.07932464723396,1876.5159788469414,688.6040860244611,-3640.4821758299913,-38.79681094555885,4783.4932315202805,7015.93217440955,1136.127090962805
604,236.6470087985449,-1867.406327952754,373.8923036389556,2115.1017639149886,-359.05329312777536,-4179.2459842387425,4276.012285186951,13325.884406308143,-2702.297287421765,-9626.909936345346
605,-270.51058617064274,852.8777145234657,-301.62345916489664,-1770.4878376971851,135.41754804130878,2733.031349903461,-1994.062145110062,-9497.679718769434,851.7860619916057,6379.2140515139645
606,643.6796857504136,-2206.3487334777737,646.6192367420697,3966.3799135955405,-271.224345561796,-7312.458046930242,6076.753635630222,22600.453205940932,-1588.3164305549476,-15703.60727375195
607,-534.0786904692884,1257.8350560509618,-533.6205118634249,-3841.533732679083,233.32209806946292,5569.731689204888,-4626.902999525281,-19379.264802116642,1337.1554546090938,12529.165322269222
608,11.380951862549207,-350.9294821822964,-11.594610331050133,16.69752795163936,-9.161814647403496,-313.360336223611,-59.64834242489147,-655.3379613116423,123.89169684308938,302.98912080979756
609,-182.02853617847447,1927.8794805648604,-325.3075702971345,-990.0412335677552,540.5230154313188,4013.678112420415,-5789.873736876583,-15035.077480954624,5013.673340929787,13421.864612794703
610,81.22590512062669,977.6018600294606,-84.61397476902295,-1012.4272470387484,498.83724580118354,2232.4158177851677,-3299.9561163845156,-7385.740164978572,3577.236494758406,6162.427878769952
611,99.88095186254921,-752.9294821822964,109.40538966894987,595.4631529516394,-96.53681464740349,-1473.360336223611,1031.3516575751084,3820.662038688358,-426.2333031569106,-2285.0108791902026
612,-659.3572401366786,1985.4510684241052,-699.20620065582,-4962.577230428637,379.01232225315687,7136.90562193742,-5600.808157770864,-26060.117082208282,2752.1121879266902,18137.395275521903
613,942.49185381281,-2687.23523324809,721.3445839231806,4322.462469917762,111.83979875262068,-8441.849722552908,5307.0194613496615,22598.50724822888,1685.4623559066304,-13699.392566796994
614,5.130951862549207,479.0705178177036,-35.344610331050134,161.68190295163936,-6.411814647403496,404.639663776389,-330.89834242489144,-1035.3379613116424,408.1416968430894,1350.9891208097974
615,528.4065289842839,-936.6906817287846,310.03791978145654,2331.0163631881146,297.55617835542677,-4431.512160656986,535.7054296702628,10176.204384509934,2417.0548715557297,-4424.787512736903
616,710.1553480280871,-2043.9027214276798,357.96092343007405,2412.472110846231,571.7181341660549,-5886.125603678897,1680.8655180797602,9843.933579222361,5583.100088218371,-3050.6948705627137
617,142.5059518625492,-56.92948218229638,109.65538966894987,700.1975279516394,92.08818535259651,-1255.360336223611,450.35165757510856,1920.6620386883576,752.1416968430893,-837.0108791902024
618,667.8488190648482,-1886.060903952168,666.4752835689859,4680.780035544155,-244.62075907258378,-6729.348238100875,3789.5325692774454,22127.473712483537,-1832.8345418802892,-16218.597686412866
619,-1000.0436779534473,3146.4530434899557,-768.0080149454292,-5423.40111922841,-171.24953236440842,9530.929316323069,-5026.830501118938,-22947.02062081314,-3560.475420230683,13643.566543719675
620,-35.11904813745079,28.070517817703617,-83.59461033105013,-428.59934704836064,-71.03681464740349,613.6396637763889,-393.39834242489144,-2759.337961311642,-625.6083031569107,1070.9891208097974
621,-189.47341390427167,1016.8858671733151,-210.63950559202402,-953.7126488036956,100.39781716186116,2634.5786556343032,-2992.8931683252868,-7058.052522802591,774.4886775597163,4841.952059127076
622,-250.46474160608864,1960.1251979842207,-328.8854287033644,-805.2349718621143,85.37225898495927,3770.9895467362257,-4198.923898061955,-10496.51937337183,1460.268034022643,6934.030252949863
623,-86.74404813745079,84.07051781770362,-85.96961033105013,-681.6149720483606,39.838185352596504,1163.639663776389,-831.1483424248914,-3295.337961311642,-131.2333031569106,2846.9891208097974
624,8.710672956940112,184.01054105538145,137.97078815626804,1116.8213247095432,-10.645904225300798,-817.7696160681907,2056.8652881040753,4272.124261745802,838.796516233455,-2893.180633805484
625,625.5808901772951,-1928.4095235343989,584.8216050186448,3871.130367180534,-166.40118775403423,-6824.179233265793,5641.586568800766,20661.544261765488,-456.9187484191829,-13083.172990024656
626,-15.369048137450793,195.0705178177036,51.655389668949866,40.24440295163936,-107.03681464740349,-185.360336223611,754.8516575751086,1172.6620386883576,-1084.9833031569106,-1849.0108791902026
627,-432.6320592637507,1626.7429282361172,-387.76469418448204,-2300.4918059200018,-23.315137983004178,4089.534224898546,-2325.7216723234833,-11240.172217421234,-330.80824609049586,7195.529360058382
628,-4.953639460762597,-201.41331418775073,-0.226275267463106,17.680129597560907,-21.34585194061565,-177.8511825994385,38.176579940859384,-347.7685827301722,-2.2745122400539186,932.5484809690109
629,19.255951862549207,-515.9294821822964,53.780389668949866,322.41627795163936,-276.5368146474035,36.639663776388986,-487.64834242489144,-851.3379613116423,-602.7333031569107,1242.9891208097974
630,805.5735373189069,-2686.6903898086684,701.6010007345006,4429.436333630862,-108.50835677050046,-8172.9082127411475,5828.726773012352,25584.990441012367,-301.5571029668187,-16106.082608157103
631,-68.31087040419028,291.80984573363395,-151.59041745367125,-954.3191419519942,216.27894794252728,1211.1848713451948,-212.43641634127567,-6048.078405693249,2966.668785289479,4658.010052854313
632,-12.869048137450793,473.0705178177036,80.28038966894987,223.91627795163936,-41.536814647403496,104.63966377638899,496.35165757510856,2192.662038688358,-434.2333031569106,-1901.0108791902026
633,-242.40761336316118,88.28166222991834,-157.88084876271836,-1201.722958892433,-180.84313856119374,1734.2135488892163,-473.6072921995795,-6027.897179957697,-1325.2983533767801,2166.749143205744
634,68.48551970610357,221.6916617318781,103.43876555530062,1645.983927077359,-150.95962483218116,-753.4553816200979,88.56056602657176,3699.1517305919333,-471.48523973129636,-2050.5738606142536
635,-84.74404813745079,393.0705178177036,-206.21961033105012,-689.2399720483606,-27.536814647403496,1494.639663776389,-879.6483424248914,-4467.337961311642,-121.85830315691062,1906.9891208097974
636,-580.7267746928911,1812.3049008227997,-413.16012641804633,-3233.037809981622,-101.2496896106745,5564.396291150291,-3130.000546737331,-14632.074791546873,-2034.8444192722493,7820.588842168201
637,99.46767462698605,-559.5447292972597,51.28272679288712,356.35195100498265,152.79872022215926,-1368.51539512538,806.0768277152957,2002.55347145635,1816.7304072151708,-262.92600821107436
638,1111.4189005461737,-3171.676607644891,1023.4539303872394,6606.5899746828845,-177.98052908358312,-11143.560285944639,7695.507735229014,32970.736152552854,-164.94106276749488,-21990.68973337098
639,378.4245015772356,-1515.8393019081557,285.55117648039175,1649.2461012763154,97.8314833118287,-4180.370885665478,2375.886175504607,7936.734637871759,661.9184986028816,-5204.773105952795
640,1013.695247776519,-2968.203909643301,649.5379110489118,5079.751840661728,336.0015206159827,-9567.07769964219,4214.801639795702,20223.536631148974,4498.620842870026,-11342.959742172883
641,180.22796094982178,-746.1832930769251,228.45209032894294,1514.5381507220723,-132.2349380279959,-2035.3780054535446,536.3498282899438,8500.901136062455,-1562.1974057275788,-5890.055553985676
642,-524.7959895277578,1745.0460176651186,-402.1827387019861,-2538.1361017168465,-72.40008881823744,5312.583307582791,-4419.253504682367,-13534.654899102641,-1730.4187051252484,7674.382150334155
643,58.75595186254921,-191.9294821822964,37.905389668949866,200.58815295163936,16.338185352596504,-575.3603362236111,286.85165757510856,1424.6620386883576,29.266696843089377,-309.01087919020244
644,832.7918394823976,-2682.767858698822,689.4492068321745,3827.917763224445,24.63337707555748,-8538.247462717634,5859.744118177689,23919.46633872573,221.52340042056602,-15124.016496712276
645,-582.6513493121633,2069.3592338241006,-702.8283375625022,-4314.151441451105,291.2905139916335,7504.338307548241,-7790.660687332347,-24614.782746661236,1319.8367905519437,16239.545960592855
646,434.42837992954645,-1948.711586771197,405.08675345242335,1739.3531955434073,58.030333182220375,-5251.5298352595955,5504.667084123891,13395.741196352805,954.2305399086107,-7442.129096173956
647,13.505951862549207,108.07051781770362,-15.594610331050133,55.61940295163936,47.338185352596504,82.63966377638899,-302.89834242489144,-1419.3379613116424,702.1416968430893,1682.9891208097974
648,5.130951862549207,442.0705178177036,-114.09461033105013,-119.84934704836064,107.21318535259651,445.639663776389,-868.8983424248914,-3639.337961311642,1341.8916968430894,3026.9891208097974
649,1191.961012235562,-3978.7782981249,821.3115024996729,5124.885058309152,548.4342402414626,-11229.96316974503,5416.467203186507,24912.428934884312,5691.29221814323,-12280.629470337122
650,-201.49740972686428,1433.1416869571428,-228.20520662214702,-579.0431049478866,34.173401440929275,2706.11520765698,-2975.732700093999,-8070.351124997643,89.61402809367162,5546.072993488608
651,-347.7440481374508,701.0705178177036,-229.21961033105012,-912.7399720483606,-102.53681464740349,1469.639663776389,-1717.3983424248916,-8747.337961311643,-338.9833031569106,6646.989120809798
652,-180.2440481374508,1151.0705178177036,-169.84461033105012,-1180.1774720483606,93.46318535259651,2282.639663776389,-1181.8983424248916,-6343.337961311642,435.1416968430894,3370.9891208097974
653,-364.3726470673728,1595.823738243068,-336.5017340636063,-2570.883613138045,96.6553130372531,4412.544835209734,-3296.6521743021544,-12099.010202786774,234.5448190061675,7228.071811651857
654,151.3809518625492,107.07051781770362,10.655389668949867,916.7444029516394,47.588185352596504,-1824.360336223611,628.3516575751086,2300.662038688358,818.6416968430893,-2329.0108791902026
655,-689.621470663259,2645.4368802826402,-664.0221070896628,-4188.8974542845135,279.8542403747846,7865.6616534090945,-5210.757449045205,-23654.10254905906,2655.62290105961,16674.3781757585
656,-780.1712136724678,2973.676854442727,-712.1854290611265,-4234.089587280372,30.87809886057455,9031.01797651412,-7091.333640231356,-24818.063752149144,-555.3285403044582,14629.959453853955
657,-1019.1860240652693,3279.3805408520193,-739.6380994519135,-4709.864429537205,-57.27949105809587,9280.063463807626,-5600.036413116301,-24470.2271826892,-1313.849475278251,14723.986030450036
658,-1296.682199595164,3561.804898955742,-1148.6409975240974,-7802.077020720806,-42.213934240059174,12079.134901006075,-7803.793657570868,-36901.15504839331,-2622.2548907980567,21928.779069040214
659,-859.6756354521843,2183.079368530848,-760.8814832150457,-5376.540838664642,58.28182701142767,8005.316954050313,-5794.075258502638,-24979.96825859675,-1402.4910594075236,16491.43972672609
660,1322.5459652045884,-3899.0752321387954,1144.4772426597058,7493.783943520204,-76.86344565312416,-13314.809857993801,9183.039969426254,39608.460837928214,1186.630296969477,-23707.46947558688
661,44.50595186254921,83.07051781770362,115.65538966894987,15.08815295163936,106.83818535259651,585.6396637763889,452.10165757510856,468.6620386883577,829.6416968430893,1942.9891208097974
662,-651.4880880113421,2389.338453615596,-657.3424081118983,-4211.485387922296,156.19654884814878,7861.55635734363,-5809.685818646009,-22591.253743596648,624.3485617232204,15486.144973741983
663,-386.47171613193905,1291.734780620875,-369.00441495260145,-2346.233346318077,165.4121471002031,4160.448467926019,-3002.28382861021,-12257.897094068208,1293.8762282401076,9155.32342100692
664,-306.5508650885205,2182.9393125123315,-523.5064857178833,-2680.263424208684,642.0331907457153,6314.980069406052,-6800.113581057003,-21716.26564690566,6143.695235918958,17537.468760063693
665,-657.0252138245326,2531.0521546686746,-697.3870587176046,-4172.373781091748,388.2009969582069,7533.114023647855,-5710.998885944005,-25237.331398724684,3145.0827866963177,16827.864030809407
666,341.3809518625492,-634.9294821822964,228.40538966894988,1812.8694029516394,-75.16181464740349,-3779.360336223611,2237.8516575751087,9608.662038688357,120.76669684308938,-3161.0108791902026
667,488.48164873725585,-470.0610259829778,159.53859921622382,1782.1368829274131,448.0782770861821,-3192.6379429173544,-212.06797500967636,3357.4057953463816,4698.502541560347,-13.649848896046079
668,132.45346008498234,1182.3989848151841,13.867389685070814,1289.7143483904515,48.32704188286093,1031.7570478132263,-2945.785309859015,542.6045620882172,441.8595001210379,-34.64843640300562
669,483.6139115260589,-1483.683475326061,385.715831122948,2594.578463516906,-10.580899207891012,-4734.97697536396,3411.359202404718,13801.734454542608,623.711788103413,-9052.9663369163
670,-19.977406505159863,-133.41671777302338,6.501791775353957,80.942533938256,-81.65201749972412,-406.58294680044526,335.94429143099387,2634.652753111573,-1196.658153022707,-1639.9386293113828
671,774.8584455029068,-2765.7534161010344,592.7218288478837,3762.339167529633,185.0189462575084,-7195.904998230945,3347.7832955347267,16217.127867566154,2589.015719913372,-8023.838761486224
672,54.722553284101366,-418.4325785087519,76.85918554104607,274.4306019465106,-123.79395063343625,-1118.3126358106756,1610.4517868342327,2859.0112648255467,-626.7165416201915,-282.9551179788941
673,33.13095186254921,154.0705178177036,-49.094610331050134,283.76002795163936,37.463185352596504,-40.360336223611014,-751.6483424248914,-2427.337961311642,791.0166968430893,806.9891208097976
674,-569.3866608081311,1358.5451902357147,-371.9596451995001,-2981.867598786946,-88.16875197409097,4676.014646276914,-2469.7488615863385,-13668.356097389717,-1561.0448352920157,6095.181409073476
675,-604.1202166749498,1921.8983013082395,-368.87148516799897,-2929.2479462484266,-383.46179612012133,6104.912679985962,-2991.4137400820914,-11585.50198510608,-4461.7443728936705,5688.738480658074
676,569.8809518625492,-1793.9294821822964,398.90538966894985,2933.8537779516396,83.46318535259651,-5323.360336223611,3205.8516575751087,13716.662038688357,892.5166968430893,-8881.010879190202
677,-145.15682770524728,-481.75547551827157,43.203457024159796,-125.63169163747217,-412.13485886821616,132.31645621158478,1461.1311348202798,4246.668595175461,-4459.4308990699465,-4123.94362320662
678,-384.5370988593115,786.80183284809,-153.97398568345835,-1375.460251716058,-342.7497027522913,2167.326153172086,222.33922489790734,-3164.993444278051,-4284.425441594591,-1041.3848969258615
679,292.1298755482279,-1232.8346793650496,248.92471470229526,1408.7449142628434,70.09668911251444,-2677.873539717663,2131.8920867031925,7605.666425636049,716.8903110941011,-3404.5725825418217
680,188.7559518625492,-1047.9294821822964,267.28038966894985,1546.8069029516394,48.713185352596504,-2724.360336223611,1272.6016575751084,4860.662038688358,723.1416968430893,-3461.0108791902026
681,59.63695411854782,-65.50329704535785,-93.45650784284805,-735.035769131681,358.01849142684966,627.4338097483725,-3513.1647858372025,-7654.361835523243,2538.48575594009,5794.35735001656
682,614.38843740364,-1531.2732998251995,444.02283068730014,2742.67666236717,300.7594101546987,-5358.005153406323,4327.52621455193,11881.658863549155,4104.775382693115,-4546.286405504312
683,103.32182547160467,173.0128791953557,83.21607864105215,637.1696946342165,-15.07198000006457,-354.1876706895728,-761.1774313218814,408.2658343956758,-27.60682980380239,-1432.9506094681833
684,821.9704034589694,-3319.329236424923,830.1539344725529,4933.8007357374145,-117.58545822828692,-9229.895678902121,7774.3089150180385,25391.731824929222,511.2991948388194,-14800.207252154352
685,-308.8828290996723,2120.4910418593213,-284.81260078743094,-1853.6245461074786,236.96500834808515,3959.035124311132,-3693.5838719171957,-7349.471184369716,602.9628152686065,5244.232636896226
686,-555.2454384504097,2466.804961451889,-607.4666087928733,-3687.0563154865313,299.0791388955203,7183.667851892715,-6489.639793554293,-22773.21924110732,2252.1332247120085,15144.139757984778
687,208.0059518625492,-556.9294821822964,205.78038966894988,855.2756529516394,98.83818535259651,-1680.360336223611,1083.6016575751084,6844.662038688358,225.7666968430894,-4721.010879190202
688,108.24763317336966,-357.3547256105298,54.0362815873111,599.255306951716,-68.13589857082366,-1176.150888797917,539.6192927871556,3779.455542712801,-877.2036266452253,-3013.22812973115
689,-204.17177416216856,1044.068999820051,-83.51093247153572,-1246.4568434095188,5.109302374011767,2418.4631442227233,-736.9688424109919,-2786.08183724004,-483.88753347048123,1367.6864859196978
690,527.3035952785702,-1593.8825142831524,271.70717641647923,1941.9513538158087,377.0197910862122,-4131.472869055595,800.1069998406967,6950.585893151083,3857.7502953825574,-2370.966319994485
691,-128.2440481374508,764.0705178177036,-189.46961033105012,-630.6149720483606,-2.286814647403496,422.639663776389,32.35165757510853,-443.3379613116423,-2.3583031569106208,-1489.0108791902026
692,983.6736015746434,-3909.4350930057517,897.4618218003468,4991.00385032786,-66.71152877013438,-10486.421451545715,7945.666017937694,28286.56073344133,93.19207325515325,-17302.131520655814
693,938.8243101494979,-2384.196229039676,683.4354137203397,4839.290230425306,168.50313781153628,-8655.105302231817,3853.3514909008377,22998.541156925618,1388.6539266699035,-14856.493710430554
694,903.9152984543331,-3487.8740578176876,801.470704716216,4851.009725315596,-82.54129847551536,-9876.134328494294,6688.2977977886985,25693.517751571257,-862.6272982192371,-16986.976596528202
695,242.8958343985422,-1071.0430061659142,170.83076552804562,976.2899307284003,-55.30846828782202,-3189.659980875012,2671.809036711913,8204.456970135776,-453.6433471059791,-5764.3687639295495
696,16.630951862549207,271.0705178177036,66.40538966894987,313.18190295163936,118.58818535259651,19.63966377638899,-511.39834242489144,572.6620386883577,671.1416968430893,-137.01087919020244
697,459.39836631659756,-1703.9124224224217,592.1575880302239,3475.5539500612044,-440.86493243275544,-5399.524504793732,5752.437015167022,21376.468992487436,-3234.337510652241,-15211.85187357943
698,709.1897719564226,-1960.3030475806274,719.0384594881956,4970.756156130045,-253.5727172735349,-7920.986689660314,5275.361746703717,27199.61708334354,-1783.7919089722723,-17502.82508327232
699,372.5324542452528,-1820.584052506067,459.6022951055758,2599.2219852422995,-335.772381179593,-5398.54684331038,5011.4485106493485,17157.99472863127,-2897.5036478322027,-11436.76235822833
700,498.9150200907733,-2294.2513761951536,534.5491391868413,2974.499190031731,-239.9043968261733,-6467.21405803972,6794.661814882414,18665.511497429743,-1400.4771204593549,-12067.873834306125
701,36.13095186254921,24.070517817703617,-45.594610331050134,64.79127795163936,60.963185352596504,26.63966377638899,-457.89834242489144,-2399.337961311642,776.0166968430893,2174.9891208097974
702,801.8264673668407,-2040.9822733907683,542.6707186852552,3776.983551200361,180.42646562334855,-7333.2149834162055,4660.012249700531,17584.3676855621,2290.167802998896,-10487.725529463098
703,-242.3690481374508,840.0705178177036,-205.59461033105012,-1428.1149720483606,-11.536814647403496,3211.639663776389,-2270.6483424248913,-7175.337961311642,-280.6083031569106,6510.989120809798
704,643.181115652843,-3074.4404943417017,833.0430003052908,4646.9794491287785,-411.13821018905975,-8471.490686212912,7601.049960795992,26425.878933108826,-2139.4107563971083,-16406.224734763946
705,-358.9481105486085,1030.6191050660955,-113.81710338285568,-121.97518004628694,-519.4340771791141,2054.7840241495333,1690.2631387704794,1754.3126960144139,-4148.275771414839,-2505.493916809564
706,-184.6190481374508,343.0705178177036,-3.8446103310501325,-584.5837220483606,-145.1618146474035,1619.639663776389,-450.14834242489144,-3059.337961311642,-1586.8583031569106,2250.9891208097974
707,-304.4837044252017,699.7527797079242,-150.08926591505445,-827.5239899930644,-252.48761274270274,1889.954155024115,-379.888659190964,-2077.56160297937,-2106.7093898465655,-698.5421383477701
708,123.07644010258187,-1284.7746702366624,180.79437722521683,374.5149044280211,9.233418314448949,-1905.5807543702674,2105.6738708451985,4428.829529987342,108.2948490761329,-1414.5029446255862
709,3499.0062932316428,-9067.272002093401,2246.837972784148,16847.80597975076,1436.732537073788,-29028.79982201028,11966.29892716635,66286.60445891741,17687.996819636188,-32076.282416414677
710,-166.2440481374508,288.0705178177036,-96.46961033105013,-1026.0680970483606,11.338185352596504,2386.639663776389,-1224.6483424248916,-6739.337961311642,-221.6083031569106,4238.989120809798
711,-428.4255176737086,1744.4818436416215,-392.23546107030705,-2257.1947454441583,113.19375442403751,5061.2377013475825,-3009.815478592503,-13328.171554977209,1040.0891830762687,8535.676105200479
712,472.54477452197364,-209.61748071886615,390.01378791484876,2782.4495127535456,201.2837937781297,-3492.6503913310826,1805.3825890032695,13038.470717144439,2187.763960114662,-6267.558406210435
713,129.35035873545823,42.750811448349836,178.6984560886243,1591.075254736533,-305.756409100258,-1178.953533251225,839.2615631351621,8643.812428110556,-2644.806557099365,-6907.489784583907
714,203.49276571369307,-657.2175786115452,248.34059721426084,1788.4912395850183,-173.81760224832078,-2282.9539383262854,2972.3567387422495,6993.547455214886,-134.5946186507884,-5148.813056324391
715,-10.879360608525024,-44.26997469355303,84.47849587944944,273.5828915971322,-211.20275983433683,-150.76514470996207,1333.2544911807663,4465.499839393671,-1688.1911141705302,-3903.618940519501
716,-73.11904813745079,370.0705178177036,-72.59461033105013,-581.6930970483606,-21.661814647403496,1400.639663776389,-917.1483424248914,-2583.337961311642,-513.2333031569107,2806.9891208097974
717,-352.3406077312641,781.1473493472272,-286.46426885341566,-1811.2712456765219,-93.62798552295449,3068.2046917222233,-1355.098790773168,-7201.6091117859,-1263.147209638251,4747.837746203837
718,735.3138142189506,-3384.4727694263443,757.0517819102118,4544.026031302935,-168.32336486391713,-8838.272278507695,7731.662317059602,25584.761446376786,-100.2359985972371,-15433.486087350915
719,571.9722716400728,-2489.957897648968,601.6387423433913,4091.613686571357,-229.55298312290483,-6661.577530957319,5346.5822652932875,21472.037393868868,-706.9759225672419,-12449.161831921674
720,-1396.7752212044359,5268.421129175598,-1319.6904120131053,-8387.812801619164,294.37401436085554,14986.69310705237,-10405.336939461875,-44833.74667930312,1589.351671169421,29473.657943947466
721,-1283.066044523896,3932.372458789363,-1121.276765369793,-7352.53447087664,132.3738806471425,12250.027923776046,-7013.364020275821,-36885.15717471512,614.4051860852815,22563.822953237344
722,-1966.7969501809566,6734.733068785273,-1741.718354935448,-11057.826756545177,229.2224088846927,20748.010107114405,-14298.352079784485,-59651.19610485673,239.50110708025085,38178.974447595334
723,1684.1391990630914,-5844.925263697227,1605.2732195218773,10526.372888063866,-410.63495956499884,-18728.281408820312,14569.346718469797,56339.7637247203,-876.7480086961589,-36331.14726074192
724,-387.0387355199909,1848.9410375039893,-480.15293492394693,-2730.570188771933,242.51704572601517,4868.233770660804,-4556.520369031996,-17607.59097561292,1923.5917495797107,11445.485904236566
725,-90.49404813745079,371.0705178177036,-62.719610331050134,-227.56809704836064,-26.786814647403496,336.639663776389,-322.39834242489144,-399.3379613116423,-201.6083031569106,214.98912080979756
726,202.58030249896612,-1270.7242525991785,365.9554950774648,1999.901622021416,-309.7296824287179,-3863.150162487386,5826.8672006829765,13001.449700066325,-1973.0496209715845,-9861.453016984182
727,-180.76100604152194,220.3168136871903,-240.6918920943477,-1574.4340347893094,74.46081893034254,1957.0325953656147,-1077.3043832127375,-7129.650990581356,767.4382125092416,4321.074782744513
728,768.7798143191719,-2696.8298100516063,620.7087014554759,3853.295745656912,-13.719224228347057,-7897.190279698285,4328.247080537198,21933.125484985263,70.82615229745281,-13439.014102722336
729,-255.8690481374508,887.0705178177036,-279.09461033105015,-1637.5680970483606,-53.661814647403496,1615.639663776389,-1511.8983424248916,-3091.337961311642,-1249.2333031569106,-1489.0108791902026
730,300.7559518625492,-1352.9294821822964,154.40538966894988,1181.9475279516394,29.713185352596504,-2813.360336223611,1510.6016575751084,5900.662038688358,934.8916968430893,-3481.0108791902026
731,573.6492329517968,-2397.8676857744754,424.5152009903207,2218.885968658769,179.21453381408918,-5850.443795682861,3310.779358280565,11822.554058333431,2051.473823255863,-5463.0841221929
732,40.966197015713625,624.5662544759072,-73.96018427308769,52.029449520977245,93.06791256631682,988.5540284753391,-1487.7542718042557,-1175.1660519900581,605.9070273120628,366.52418029260986
733,450.65596238294165,-1624.2065556690095,314.03881938032373,1939.4101225745883,63.38207539973595,-4333.704501419691,2330.7640441694602,9127.455953371464,1045.2976749854013,-5272.904379843193
734,-125.55213003295773,162.48569528198294,-125.27171731368163,-1089.402036201986,141.29623214668908,1527.645225290322,-1090.0901769503641,-6135.908169420213,1611.5038494028017,4949.779121182999
735,1039.276880017734,-4445.806422344194,1011.9259389384696,5707.450943859646,-240.57916259438554,-11860.742141726483,9931.416669120475,35098.71683764352,-1578.2112022181202,-21740.262881518243
736,88.78810696285446,-638.6533019737674,60.99047590869095,181.3985382301709,106.08200127238138,-1435.9243666958732,2352.1632431942703,1527.2248563222963,2026.2439784810276,888.5241397492597
737,-242.7440481374508,1807.0705178177036,-453.34461033105015,-993.3649720483606,85.83818535259651,971.6396637763889,-2145.8983424248913,-4311.337961311642,319.5166968430894,-2625.0108791902026
738,-213.81785062971994,1132.5689858425264,-322.27582638799106,-1698.9714986190193,168.72073338747296,2821.3773832626102,-3725.1294761042186,-11832.112472638057,1922.77779003079,7541.320611487713
739,360.3464594673876,-1390.2276263076499,334.2695770754193,2009.6363570796439,90.49281544596835,-3191.767840144603,957.3094862681469,9263.83279975867,1093.8826524157923,-5332.03888256013
740,-175.85496629123668,935.1958067017198,-305.7517317380854,-1281.065230974177,268.5708804259738,2613.63320582734,-4311.808477343289,-10436.829139830452,1923.2555367093728,8428.226824242005
741,686.9099698740636,-1524.1338433846872,412.8008642834132,3691.7294681121307,302.22975131582757,-6541.058859023145,2823.167626263655,14975.40987662487,4016.613857192376,-8427.242429519218
742,-318.43102513656504,1182.233886608504,-301.29970638976465,-1411.8762628251584,-260.50702707301605,1759.9023151275103,-606.3859268127391,-6168.280697103706,-2171.634261797557,1322.6873783298827
743,-374.853973772398,677.0282489835099,-414.8798063327635,-2962.628437993144,281.2998554240644,3522.347900586398,-2853.413396822227,-15855.70842383911,1672.3861254699118,11307.1510768941
744,680.5316950434734,-2412.453142930664,513.9791234384725,3163.0118231628885,124.26435327623949,-6592.0041274565465,4003.923554962592,15724.04772329344,1751.5201330600312,-9152.424581218087
745,-5102.800894356726,11144.248984325817,-2844.1692906394137,-22985.45221868849,-3430.486934207297,39928.448293231,-11079.15418597522,-77042.5362407129,-37968.688705786124,29351.100555585457
746,822.5877196073552,-1973.3732288222218,487.2302987671121,4131.852953654809,349.9808723674857,-6816.268903138206,2678.5434202202373,15169.653824284062,4519.321009864483,-7812.959781581553
747,372.9665940215001,-689.8816581916175,150.93463080081028,1752.6993173803792,78.68368261561176,-3349.84851621446,1083.9095326786978,7537.513977481274,831.5904771454025,-5328.492279273427
748,365.3204501819632,-735.4745220940085,237.91136702316825,2461.899399878667,162.73525013750117,-3128.5935783328146,571.2166764922603,7202.097358917917,2416.9144438472013,-4975.280935693832
749,-438.66491407155,2246.630138777433,-599.6787236499359,-2361.808537850956,426.65967834835266,5787.533163443733,-6603.803520311772,-21472.487120055015,4144.870584037017,16475.545394600304
750,-515.42744404759,1004.0263982633242,-343.7403331937408,-2604.575823332407,-81.78868709164331,3744.3109507495583,-2027.7829271522298,-8950.05325414941,-1171.2934510246084,5447.489384935112
751,-805.2952797431158,2627.0353533232123,-739.1068917071922,-5417.226580031601,270.01597908047466,8875.685589541907,-6495.86538955977,-27357.109767546506,987.8301874263763,18327.93126624019
752,1006.7663329199409,-2771.3684835215977,751.2991882676017,5765.518907414756,-49.1537744870224,-10028.837910668366,6255.286644105853,27961.562601338046,833.536239592143,-18782.790068295686
753,393.7286108029532,-1163.9580287417757,357.2711459273795,2250.5577522116623,-243.63655926179976,-3793.1394532730665,3845.8978575677484,14622.894841654306,-1375.9752852647232,-10050.393371185573
754,-906.329629691044,2071.663047609842,-812.1850242381262,-5567.976755094499,152.51946733338158,8666.204126492255,-6141.484847223001,-30104.93428775534,805.3467570644478,17115.525311827114
755,329.5416816581302,-1868.9214876199387,337.2155756796813,1336.7193348669532,-29.193632638391765,-3803.747194023246,2850.597524375967,9368.299304337732,-581.2964223795029,-7092.060276356726
756,556.4255832189219,-2086.7935391847655,635.8692258144993,4550.067077933761,-457.4534643148139,-6820.228886077793,5056.56751799786,25038.61850841494,-3565.0812499410454,-17557.316168733938
757,26.689472554806713,75.1133295069384,30.25524002564757,-182.00576268974137,113.60764175855556,332.8470590434765,-470.99745301689967,-920.9174099946823,544.7547165536133,471.8065311569176
758,-227.8690481374508,693.0705178177036,-44.969610331050134,-693.1618470483606,-110.91181464740349,1475.639663776389,130.85165757510853,-195.3379613116423,-895.9833031569107,-377.01087919020244
759,654.8783733691962,-2113.117861048885,583.7378272262391,3680.462054438584,-78.8804720407596,-6681.1739474716505,4979.119207200073,19217.94087516231,221.00986467358322,-12647.698215378337
760,22.798593470006924,-400.9806240284289,76.95868384991488,573.709109413849,54.69686497383338,-563.3415913226563,-475.4002728091649,1475.4679010867549,-206.3818152225389,-598.7828995859398
761,-1227.457589111799,4159.331114144603,-1044.6602681861714,-7052.284813517682,75.81924467360426,12440.742218830379,-7857.917640920723,-35142.82668803438,-201.6921372281239,21975.953020594825
762,134.97125062788834,-64.37547921284924,-33.326781932421575,-107.57421388336148,328.3144522333235,-309.9044975241742,425.31376827808185,-1166.5079584559057,3448.520835675734,2046.3055427364543
763,-1015.7607014024658,3810.86289120338,-932.5342344851158,-6206.920612481401,336.24101035493214,11709.621866475352,-8514.63541939822,-34334.17219777797,2352.7088292931144,22863.64070577019
764,-116.61904813745079,-29.929482182296383,42.905389668949866,-434.47434704836064,-45.661814647403496,955.6396637763889,-147.64834242489147,-2427.337961311642,-180.9833031569106,1230.9891208097974
765,-571.96205377852,1923.9111240316136,-436.95040668984825,-2858.9263970066245,-160.1234815641075,6595.829963817169,-3210.61225244367,-16201.005546373422,-1090.189603527745,9027.513131576883
766,-740.9953630221335,2603.9321231088984,-575.4612090542779,-3703.054968783253,-73.67415906623462,7758.574674420847,-4896.534373188946,-20709.22121727969,-1227.8094867854204,11080.55643802206
767,1050.9823149740248,-3744.31000176393,872.5844734952075,5471.803311430313,30.58916693894562,-10795.525444811474,7123.616973231935,29229.0891620929,978.2655046232533,-17181.286795079788
768,-221.9785978363224,1113.134035533646,-330.75110031345184,-1598.098258269058,177.98539051073914,2682.4118457538216,-3038.1314798847343,-10753.086647843533,1450.328427357421,7557.667804458594
769,272.47948723696834,-249.7995905025428,169.21177898603898,1929.349778997233,153.22671353300004,-2233.4422477289627,1015.1716906030613,6390.35882847995,2414.1932763020877,-3492.1705512639423
770,70.75595186254921,-134.9294821822964,95.90538966894987,362.13502795163936,38.088185352596504,-793.3603362236111,656.6016575751086,4000.662038688358,141.5166968430894,-1017.0108791902024
771,-1107.9502898381918,3467.927810977147,-1027.5873842460903,-6412.609010620675,152.14654671887877,11520.17739749775,-8778.863306913256,-35707.12130803598,-19.151480302293148,22583.596213225876
772,254.42996588837903,-1397.8377651762598,267.761363197673,1437.3014917574258,8.25672476628322,-3765.953660115525,3289.5972052747557,9316.381705309577,511.9092729774317,-5593.0464965193205
773,285.48788326467434,-1212.3959518094782,245.2967514342991,1719.023930119273,-7.558020025185795,-3689.483737301313,4276.6095348019435,9860.670052174282,1278.8227092207649,-5724.648439658443
774,130.12434447593924,-149.53991322271662,11.182955085509278,-236.514456997227,244.9808428696636,-239.9269207543251,-450.6110695423302,-1978.8092480239548,1828.2374368172168,2508.9626268282036
775,-34.630871289659765,24.80849052813955,-33.12638582146603,300.30679925420986,-158.24064022352178,-229.19150023084035,-50.10070222684166,-33.899436461125504,-910.5003686264475,215.33903781918838
776,-597.5281757021544,3581.113606028596,-438.2960907495005,-2716.7555421024795,60.919125960622544,7223.5925959493825,-4605.564475524013,-12959.938094804676,-1031.4136836820412,8660.894055780027
777,-90.99404813745079,-2.929482182296383,-7.4696103310501325,-577.4899720483606,-74.78681464740349,1221.639663776389,-173.64834242489147,-359.3379613116423,-1272.9833031569106,34.98912080979754
778,159.36009551428498,140.0992678755579,131.30521247656924,1043.3714609191684,-113.92979375104231,-418.1584971709496,760.3449846004767,4509.846020004833,-312.40689320964725,-2889.490210142685
779,-330.30680083045104,752.1141611672135,-167.1955220509213,-1499.3181266165075,-131.37614975869798,2907.5453431691008,-1220.2162223695284,-5926.407614561881,-1608.5011208662982,2519.6542405200653
780,-10.428818217586693,-153.71764690297294,-49.28704435771249,-968.4357586782498,174.2924070796243,704.2629971518095,-527.7265639151989,-4433.011158303936,1260.975308743785,3578.4475002990994
781,184.62364935446124,-1762.6405872279622,293.79754072509235,873.3361114632155,-343.79699162648006,-2469.134250302301,1735.3023550344399,6812.0557155534725,-2632.953536007766,-4316.36777843765
782,4.505951862549207,449.0705178177036,-65.59461033105013,-179.78684704836064,87.08818535259651,781.6396637763889,-600.8983424248914,-2475.337961311642,841.6416968430893,2586.9891208097974
783,-406.8272568584524,2133.959807906194,-375.1838604941848,-2069.665641522529,98.62747398649837,5015.359839380344,-3092.2727699959073,-13427.839771960867,1128.2781233554886,8250.388376514138
784,-1296.024801476079,4564.626200665191,-1052.481376026014,-7061.674732655984,20.381170346181403,13179.885421002653,-7447.217381897963,-35606.33586178364,-661.4383924562234,22311.785428398158
785,-0.6368869467052771,-324.52927677576747,-10.085243626038846,144.67772314936818,-23.506335077379276,-507.9179742248963,1120.007094786538,725.632977552068,532.5276724491083,316.62182204999715
786,-124.2885291047722,-29.586090387537222,-34.50123805066853,-492.75208901760226,-50.01482397848347,1138.0181696787326,745.4187237067156,738.9343221567152,-518.7886419050808,186.62001444916086
787,48.23838646593465,265.06662255180635,-70.23890355399007,-206.45515194541701,264.10844473356923,454.3262962675512,-911.8448723756511,-3631.5624633557395,2404.9284459916043,4307.598216024408
788,555.9608143626871,-1451.9772699164134,448.9075548253598,2591.910343201293,142.3447559730907,-4859.25791259614,2995.2996372059342,12497.410552346144,1423.4356903421751,-7517.586107689151
789,-213.6190481374508,1081.0705178177036,-145.96961033105012,-1268.6149720483606,-40.786814647403496,2968.639663776389,-1531.6483424248916,-7015.337961311642,-648.3583031569107,3782.9891208097974
790,13.657088188583701,-645.5573623685195,-38.69045338209679,-459.09536661489665,54.42134678732315,-775.755798143977,499.38163899888065,-2858.8363344102145,894.6151274064861,2566.499447806813
791,81.18212281717746,-234.48980438971122,48.75812172310117,656.1017319650505,-14.878907895728522,-869.573846218431,467.8523347694543,1804.7972128966724,229.86906078837893,-1136.2162566385484
792,249.45023607644012,-834.7784264416555,231.82040562692998,927.0377208582366,264.4283743924232,-2653.275081539344,1620.4784561519355,5258.264597200728,2449.6011046266008,-1851.3824567097424
793,650.9047040506505,-2166.8982385797494,555.9983031205642,3411.6758659768793,9.858390449732775,-6914.754375075547,5407.381223860032,18047.106256161725,856.3119655196517,-10429.390816417563
794,-95.4489110218712,1443.1443919915282,-179.3278582599493,-492.10623222884067,148.39767909424643,2565.069041851096,-3005.153425564469,-5009.507380387897,1450.7927696916206,3572.7841899480322
795,1394.8200092357692,-5246.083152586323,1225.1348824398933,8154.489711888278,-216.08096074413643,-15025.191111072205,9908.14339696897,41411.814092623405,-169.62810957178434,-25752.335051397848
796,34.00595186254921,-195.9294821822964,38.780389668949866,87.44752795163936,80.21318535259651,-486.360336223611,17.351657575108536,-67.33796131164229,686.6416968430893,-153.01087919020244
797,1748.0119645580937,-5309.428971300348,1552.312694326865,10115.947536928777,-259.372113566461,-18102.38804382743,12647.814891542523,56143.563650255826,-1079.8056978793445,-35784.83306050512
798,-296.0691714151953,1874.2795361104115,-407.49013171820644,-2145.0670742416673,258.2878304827671,4401.738779687674,-4508.305453422494,-14857.820620613102,2075.740122550486,9410.45454919561
799,-1103.800491649502,4646.683386777917,-999.4233834034569,-6254.639517783852,196.557886391155,13257.31345442667,-10633.604667225105,-35668.48714427102,1083.622949296671,22406.4006517374
800,-164.27586882253672,516.8057085877472,-164.70055171349142,-1209.0905748374216,148.25032887073002,1861.7212911507968,-1831.8592456245144,-7281.732942373071,1616.8488755995181,4689.0259635632765
801,-481.63770304692554,1950.8849125958695,-489.6302112575468,-2970.6698652033047,177.7246804317544,5625.638689810355,-4218.715787849085,-16280.626508722778,986.5103456108784,11307.605109529672
802,-802.695893813468,2476.8521518642515,-712.8825493901229,-4845.661221661089,147.35336231541075,7958.463062331813,-5378.658035356216,-25912.999051719416,851.3576877456838,15927.891319884367
803,61.38095186254921,126.07051781770362,-18.96961033105013,214.04127795163936,-10.536814647403496,-484.360336223611,264.60165757510856,1680.6620386883576,291.5166968430894,-1769.0108791902026
804,571.6066489359398,-1841.5058157865249,573.2380609625636,3443.236592101902,-93.95299961494251,-6637.319362646718,6221.361294916916,18459.999303017856,462.9610187837832,-12210.557993681095
805,-42.69452269150132,29.618704932052623,-108.42875046328244,-148.2461313019764,-86.95237074563508,742.1160608058568,-1329.3036952190137,-2650.4667766015423,-690.5135120868009,1101.7373426391366
806,-991.6409746037564,3269.4908029112835,-810.2829817743262,-4746.645732350795,-26.664494372908308,9843.204418499057,-6571.02149481895,-25553.10166172408,-1056.4891026370444,16026.570668839338
807,627.273929481936,-2329.3119398118783,560.7273325015159,3630.879710185254,-43.921685086465985,-6908.577976324309,4648.294343437444,18144.30397571967,543.3812204584935,-11438.249702627576
808,1310.7276182990165,-4695.450974833937,1215.2144920562723,8012.147447598567,-309.9187798298806,-14509.422914329874,10793.200885931697,42885.98445988632,-976.3146650892202,-27991.21591950914
809,-5.202092266235875,-930.7332072994527,95.41248500704869,-2.2548666049892163,-112.35740472583913,-1162.7126075384313,2100.4203715153585,2296.701438501624,-731.2077481193261,-2315.8878345561907
810,346.84871519640257,-1511.1014699353661,340.713514894437,1614.9374860457372,192.28199376014575,-3755.0215577665913,3819.697556676941,8417.401353013867,2501.716873567107,-2853.825002187724
811,-131.00946568358347,1519.6636965026137,-180.77626515824764,-353.35873740081803,88.38391197892742,3222.5349629791863,-3377.2135855372767,-6916.267744816364,613.9910970733341,4676.273476328159
812,-813.6968164847485,2225.431187991793,-717.9185435947503,-5526.231533914804,153.21463563376068,7460.361306215836,-3672.051205649679,-24589.505398085254,409.3526270188339,14515.199624575696
813,29.027349919887047,260.2332959327206,-107.06224570473809,-103.9783380841391,218.08595182174506,757.9388983799931,-2029.5879920321997,-4588.964623738789,1639.4060476938948,4237.690261644869
814,103.63095186254921,-469.9294821822964,27.90538966894987,462.57252795163936,-24.786814647403496,-935.3603362236111,554.1016575751086,2608.662038688358,-11.85830315691062,-673.0108791902024
815,-1374.9338237885754,5369.564946817777,-1413.9584768975212,-9041.685513568009,636.6037154624431,16356.870113083618,-13622.110347085449,-49586.571776787896,3339.9645284374715,33230.27960911698
816,-672.390577142909,2962.4395374815,-680.4930805260194,-4020.7941836645696,188.0892830878718,7461.687837499546,-5764.4185413866535,-20220.81984993988,997.1757517777402,13642.478886554942
817,-42.492076255135416,285.94983373461235,102.95576330784348,459.5283110513523,-82.42968355303495,-126.41273467610353,2570.182917109362,5639.199039620394,70.65663692982179,-2783.940999189859
818,-1149.2020493102295,3693.226368878302,-985.9821998406511,-6577.777578276635,85.8563011443191,11640.912843629045,-8081.014215444087,-33235.1684733018,-983.2969515779755,20687.51351931661
819,388.82282053313793,-913.6212924349052,275.47317495590045,1941.5190863925418,32.183433791807076,-3246.315393431289,374.86977187866137,9442.304706295401,-131.29469035947545,-5989.656302821353
820,508.0281359292798,-1933.781905965377,508.05081434118523,3961.448128912145,-307.67652393749773,-6159.584424508442,4321.618871853887,20862.373915572,-1552.361054158107,-13890.545077525565
821,-79.86904813745079,321.0705178177036,-46.219610331050134,-458.30247204836064,-47.536814647403496,960.6396637763889,-190.89834242489147,-411.3379613116423,-832.6083031569107,914.9891208097976
822,475.61412487883433,-384.32970779458253,286.0380881978847,2699.649123846927,225.05161214902478,-3038.8965445471576,461.64732924750507,9697.234185241077,2989.9468732109126,-3920.106286421277
823,136.8499983577644,-151.63802137063777,217.0149298200463,1787.901271660163,-91.04916586706605,-1865.6425974548285,1036.9971544650166,7822.693944403736,-366.66135645644584,-5051.836128634891
824,-838.0935557128065,3525.7192559368955,-870.2498519579275,-4728.484254595532,411.59758825911604,10050.334172747116,-8611.02540990021,-31623.8639265464,3321.986481873121,21521.597339007854
825,426.825383515747,-1830.8204369707628,353.3624124194598,1351.5903400956295,55.464172506395315,-4684.902095588938,3419.596186509901,10029.046745726624,292.06795235032826,-6286.078959981484
826,4.380951862549207,157.0705178177036,13.905389668949867,-3.1774720483606402,-82.66181464740349,-121.36033622361101,785.1016575751086,1392.6620386883576,-740.3583031569107,-1509.0108791902026
827,-398.21096933821013,953.1872131756536,-208.62053944342463,-1442.3762663417888,-213.5592196614315,2833.0760861332833,836.276894654747,-4875.373357173544,-1339.3993414130082,2970.4071289443646
828,355.79281245574924,-301.18824084502046,274.4756168538327,1610.7486179165933,175.65216242200282,-2807.1682422566237,2057.7110829077683,8998.736026949642,1842.83372932101,-5288.849399159733
829,-804.6661331296775,2533.2648575373137,-769.7825239372029,-5489.077535716828,307.44743524510847,8491.211306142202,-6376.7023217987635,-28286.338122573598,1566.4080163410672,18839.771858134347
830,891.8262294573884,-3610.093575031155,885.7033896166231,5517.671999009025,-297.9916007476472,-10543.745752283698,8178.284034737537,30509.788481944062,-1313.402469837826,-19406.589439474094
831,-313.88881425009373,1075.1922372186066,-228.29935944235342,-1094.788271562089,-158.55127146800353,3315.627192761866,-2021.8769961177245,-6663.357344258317,-1485.143021046327,4340.252705324488
832,902.119262385483,-3038.3497914816558,774.7221755516167,5299.0596989439355,-1.0999305096672891,-9448.58747883753,5689.100614590505,25743.852591457435,903.7342585900926,-15519.392220305464
833,82.09838948740023,-446.66846252720165,138.92218398603026,841.6111307647401,9.257202489305419,-1604.49825468544,778.013551973896,4426.448268761671,-268.62302002797986,-2175.2021341436807
834,-37.86904813745079,224.0705178177036,-16.84461033105013,-113.36497204836064,-10.661814647403496,-114.36033622361101,230.10165757510853,284.6620386883577,-139.8583031569106,-493.01087919020244
835,512.8447607391893,-2123.25560342151,444.87517968447804,2880.36987870363,37.94749702944081,-5506.083813767881,3523.7946800875625,14473.061122496045,1042.862628014887,-7743.950192525145
836,221.0081745976629,-794.0236449906381,152.49192577278282,1088.5700372470628,-40.165372270555594,-2229.3346054678823,598.590718190228,5223.488762540235,-199.54715638248032,-3646.3740687928885
837,260.97228980608014,-506.3499430136743,109.49212137811043,1682.682166310258,35.23373071569572,-2143.3555677548366,39.68562229107125,4911.814433796506,1190.1383224900212,-3300.2200323705397
838,248.30364219031068,-685.9452250492878,199.79285084874405,1617.9089423507196,71.2938941531526,-1931.7518771730854,1099.1732354052403,5508.046856410167,1709.752653764312,-2546.938146326172
839,690.2174931012946,-2201.1699366701255,583.0093661076686,3989.4522472752974,6.604119644113454,-6972.919498332318,5163.608705731505,20786.63946741947,836.1430122822435,-12480.517070865199
840,273.92867790462697,-1298.7616081604563,317.3223397648376,2105.2134746641173,-236.07829540211384,-3945.0949230764836,3917.3528976812872,14303.520383544042,-1136.7506537394659,-8976.998305095605
841,2.1048393017352347,887.5837172802381,-110.4632650269756,562.8897368015176,-12.767789742151065,788.8373456291409,-1867.2447708823286,-2578.8631576228786,516.8268785013765,2001.366670879271
842,-37.79471199989367,-426.20714038358534,-134.245284548308,-2563.6459795211504,506.7486646109647,1198.0532802539026,-641.3772963069559,-8798.247660145029,3195.273870343222,6395.069113415099
843,0.13095186254920688,-452.9294821822964,57.780389668949866,112.94752795163936,12.463185352596504,-256.360336223611,-110.64834242489147,1980.6620386883576,-233.3583031569106,-293.01087919020244
844,618.7120768999742,-2619.654856570917,649.2856931041715,4010.7341062018545,-328.071836992035,-7558.280248492873,7805.735056034456,23590.680102370134,-1281.1499469206456,-15469.241807447435
845,-808.1614362491205,2661.6304949021564,-761.9801578653503,-4609.715187924995,139.65273197185124,8879.644683829512,-7458.601712148045,-26810.0747853654,401.60611820992483,16134.253482291557
846,-37.06657481011751,275.7498085825169,18.48540527986413,318.06526710903796,-75.51620061746804,-285.0652001782516,1565.4861774380981,2169.1844461323467,72.6962587492103,-1712.1172764894702
847,-905.084249004967,3747.83637220554,-771.7033787271814,-4926.963776908059,158.30719606509925,9820.81028321536,-6076.891267129822,-25687.316031237035,718.8077078495661,15950.20657760432
848,-552.9459759821867,2197.3868576676036,-550.5070009435831,-3494.4929697766756,187.498712465577,6479.299348066482,-5238.98126777399,-20590.892833037204,1188.3777147971095,12497.161621332769
849,164.66137398624403,-505.0123591256406,290.41017550111997,1871.74849690051,-300.2377945394392,-2468.462953949287,2667.2982043252796,11529.647073308932,-1817.3462227682633,-9414.498241022222
850,-896.0002001822712,3353.3432609510596,-801.4572963267193,-4933.698356384372,-91.34172775385362,9452.853450827632,-6036.20825628436,-27321.244893904357,-1271.8805565105,16138.166198297064
851,-576.7202211409902,1668.8257103951332,-450.6011385313808,-3298.343079446041,69.22896354196811,5869.855665778891,-3446.452504659855,-15701.231473004631,333.5111003039296,10359.639638863362
852,505.58661789092815,-1675.3839719305836,409.4862752912518,2938.0061145909517,-70.07294474967263,-5421.482261936427,4403.823475271477,15568.894020994974,376.06419748227637,-9346.151460431483
853,-503.4149301970568,1520.6912934009702,-435.78505808381436,-3094.9142871054137,-8.588568324532723,5384.691441902497,-4357.200702221977,-14737.048776842144,-915.9498378183205,8718.166300300201
854,-227.8690481374508,752.0705178177036,-204.34461033105012,-1279.4118470483606,-71.53681464740349,2548.639663776389,-1391.8983424248916,-6451.337961311642,-818.2333031569107,3666.9891208097974
855,658.3897792499821,-1885.5456825381552,653.7093497177718,5037.854529470829,-248.05909854868491,-6633.841901995122,4854.434015804926,23146.02464737285,-1321.9754637484073,-15481.021249361884
856,-45.70266019542711,-193.26499751139372,43.550982562235106,148.55078203665124,-157.32052234284603,-95.39916083696787,1536.4705324592926,1258.0130774974896,-858.9300222437216,-1530.6118080658202
857,566.0176601622776,-2382.417621428193,569.0055209216196,3477.164330865737,-292.12010899107935,-6971.33626406899,6875.007118311536,20548.110806285178,-1511.041524507352,-14694.19512963385
858,-641.5844040052173,2155.848376378663,-553.2992163636089,-3782.882387717949,-3.9586122190258877,6957.7162433740805,-4660.468783150146,-18783.389441509484,-754.6767426371704,12242.570988336462
859,-1022.4809158445034,3314.158351048025,-708.9747459380221,-4702.588489366698,-353.42895742755064,9698.25154923144,-4752.414745220097,-22672.53192477433,-3487.52035224142,12145.887241319057
860,315.0059518625492,-1073.9294821822964,219.65538966894988,1562.4787779516394,20.963185352596504,-3194.360336223611,1635.3516575751084,6052.662038688358,1061.1416968430894,-4205.010879190202
861,490.0906128847721,-1147.069543001208,423.5802849245458,2838.356052154354,107.90455648696116,-4662.909177423107,2465.9675092287944,13685.92043139125,935.9319567039734,-8377.242766639609
862,-97.2520791585102,6.280477023779589,-14.389473962914588,-449.29818759199156,42.07517014490847,902.7587641551245,-1324.1803309110946,-2787.525669786669,-686.6015143421522,1062.116280173095
863,-488.5287837313926,2079.0284605652664,-339.53242717288487,-1512.9303057131426,-217.13271599693795,4811.711117471907,-2946.798865095445,-8444.182390454265,-2614.7111928637187,4136.326245155476
864,1168.4293700337903,-4053.088504627951,1095.1136002988474,7208.70069671423,-304.5565637908004,-12715.184752685802,9082.731267971581,38998.94960228479,-1498.2477714455877,-25866.954971148127
865,-203.33223061554853,715.0494926758619,-128.63183567772592,-717.1380309092816,-228.1177544603985,2464.955541190467,-1109.8416811707052,-3999.939696566372,-1784.6480395625647,1286.2067439555758
866,-1112.7178434133482,3997.5573742860297,-1089.6400578668736,-6755.6240256351575,288.0362894712944,12279.025817280968,-9746.058319973281,-37541.4320207276,1156.6670526035382,24781.632087647806
867,35.986451250797074,-565.6226516973243,53.66616871893529,681.5991685526773,-186.31582913938126,-1031.0426395874385,743.9747545447051,2978.2614669513573,-1545.1283832214076,-2258.288178268773
868,-1064.9357131611252,3657.98685556998,-965.2766927718237,-5724.549757830472,-6.318966060597125,11181.145647785685,-8855.778352724788,-32011.904200969235,-1008.9552450764224,20051.36451027581
869,-175.3690481374508,607.0705178177036,-100.46961033105013,-909.4743470483606,-70.53681464740349,1841.639663776389,-651.1483424248914,-1599.3379613116424,-1141.4833031569106,1798.9891208097974
870,1115.861184080645,-3010.901653229818,800.9327618425702,5855.75356311242,300.8925406208717,-10073.120417973038,5783.688237218019,27467.916353933368,4231.5809420943315,-13783.493187805261
871,-1243.8858750439495,5525.337146516483,-1037.3142196081765,-6019.440300668845,25.058882077946677,13895.611345893549,-8889.319049226759,-32069.449026299702,-389.4821290621427,19252.97417777031
872,29.380951862549207,-162.9294821822964,9.280389668949867,18.99440295163936,30.838185352596504,-50.360336223611014,-274.64834242489144,-927.3379613116423,511.1416968430894,462.98912080979756
873,-1285.8270732762207,3391.562757063327,-782.8088615059228,-5848.828168216701,-612.7107318824247,10986.842080009017,-4585.579079458119,-22645.290156796815,-7374.88935756449,11028.009301679569
874,-380.1474159675362,969.50655461708,-319.67269635084926,-2696.6434658583526,112.37823291565336,3435.6051458660577,-909.2336735523861,-11947.4564816059,495.7938032203698,8288.279096243426
875,551.9256036673929,-2230.6836531001663,588.2340721330119,3778.9904734835495,-406.42015633356465,-6276.574648815398,4697.908328901539,22046.998733187324,-3437.6333512419737,-16311.623976390447
876,657.7127208258652,-2833.261715086205,695.1662274020943,4345.359323604445,-238.0511300362815,-7991.352140371895,8087.765109357749,25660.775885906154,-1217.8007541507975,-16067.754886347395
877,-117.46661008451721,923.7976159279,-153.15656274146002,-881.6675661536073,73.26250982684576,1863.2561147039216,-1646.4215290748987,-4081.6488651435775,663.6204592783309,2606.617172768036
878,-172.43254472771184,783.4013645468492,-53.288946025064696,-202.5880753854095,-140.58674302274204,1655.2478765752196,-525.8067461097952,-584.9039714113112,-1665.0013048745652,-621.724895918304
879,214.48350413402528,-1168.5699721944668,405.34598726860514,2860.4880504017638,-427.72274204268905,-4073.7804125162074,3837.6645766780266,15321.827084433638,-3243.4133635142657,-11523.522741807394
880,70.50595186254921,-499.9294821822964,47.905389668949866,73.08815295163936,-29.911814647403496,-306.360336223611,128.85165757510853,-595.3379613116423,-115.10830315691062,362.98912080979756
881,154.54699749891748,-1030.6207285830646,74.71372428526679,863.7713068068103,146.0770785924731,-2121.413709644647,1645.6100514907027,3025.211681267191,1902.8730481785988,-232.5478656850961
882,469.89434849356155,-1966.670428962732,485.42050784300926,2361.19721219223,-219.551913983716,-5472.195589357778,4487.817086649679,17222.590761090323,-2214.7856469978115,-12079.692742558345
883,531.0410868678858,-1732.2020495683876,516.2773007434491,3336.159987793303,-115.30024246156998,-5313.8624044610815,4111.153575568821,16207.397565984897,236.24392884333014,-10215.247564099347
884,20.488686842001993,11.145701228189145,-18.86386209284593,-182.55173331806452,44.34455011076302,299.1695454390881,-644.9836631614485,-326.11857722591895,-45.69358513085982,280.781926967813
885,-879.9899602494361,2402.109837526754,-681.2963638554801,-4985.535250121726,1.1176830184895326,8401.248179748653,-5153.008428748579,-23308.03213019682,-1732.4312332198365,14273.900511381717
886,6.505951862549207,14.070517817703617,-3.4696103310501325,-184.89622204836064,-0.28681464740349566,203.639663776389,-17.398342424891464,-519.3379613116423,206.7666968430894,1006.9891208097976
887,917.2222442371323,-3107.767193500722,817.2625005267829,4847.241551116729,33.36666974858986,-9791.87554217164,6675.456690488144,26080.40156803866,679.403644427401,-16289.798542326003
888,79.51118958920529,-556.1217798058902,91.64627952493987,289.24537866687535,-21.18778072354313,-986.5259360219379,1291.431056857771,2238.469160960154,155.1563651040929,-1357.97241789961
889,-717.0335755206112,3160.790910366806,-760.6163320519246,-4784.578345420438,279.12515327130905,8857.338120150804,-8002.0515468300955,-25950.723664340345,1785.0112844535251,17374.399649419673
890,-1080.649140824016,3546.8159414929364,-896.4626084072437,-5803.642202540371,178.49163749616326,10712.194459697697,-6544.080022163646,-27362.281028863163,75.8483521294491,18348.12748234201
891,309.6814882021617,-649.0667622488937,169.0144657368456,1112.5991626693237,234.62259635945782,-1651.5217168472475,-58.603322079240705,4175.252697745213,1706.5062101700398,-304.61984247552107
892,-902.8037567566819,3398.641132301238,-841.1568911272116,-4909.271964285167,126.07554904923133,10540.384269310789,-8244.901548427062,-28026.427055651453,68.69349387673671,18370.908496303902
893,-98.59186976537283,146.75608956226318,-101.90945466353729,-1107.386723406921,30.17379065289124,1324.5077368459229,-1168.940689145677,-4155.051094005358,-624.1017009888824,3352.103775181764
894,480.1153234460818,-1315.0903688654685,378.68986653974173,2626.0835011132804,17.173996690102147,-4747.512154413273,2298.6072576650536,12907.806681567716,448.76071095366416,-8403.49305565678
895,-778.3109148322245,2426.300512904158,-699.1491780831578,-4594.811921058991,31.528620498267934,7942.557196259886,-5766.630451317009,-23894.17705572052,-505.6096083910361,14405.495547426994
896,-778.6896244605063,2028.2428922897655,-596.2599926191509,-3992.0978760440926,-58.260407969822985,7051.641925618404,-3472.551767605609,-18480.99713418768,-613.4165292831512,11462.514888684998
897,-989.5599426342052,2943.1079171751976,-762.4780173570477,-4843.577989742231,-21.136410682218045,9298.428430827786,-5012.304843418954,-25672.98406562374,-427.8578939654177,16054.262332737622
898,896.3254733315075,-3499.9796220437534,905.2969832980357,5591.307304810704,-220.99701182938247,-10524.63634483878,9666.608145825108,30794.462667106734,-328.17322250127245,-19166.699467305043
899,449.0664357311368,-703.2583224827771,142.40898626231242,1467.2734109767064,503.83476835749286,-2722.519582436615,-1556.401790715828,3224.805769797365,4249.361318499742,355.80200574849096
900,225.59339361084372,-526.0102903396408,145.67372283639006,1658.6856117505959,-158.7807890716789,-2134.4930917587853,1469.9904640278419,7997.701680109787,-664.6500631085096,-5262.189239887739
901,543.576453208794,-2437.518789189231,630.4506158172617,4346.245318236037,-398.59177980445344,-7233.981030341413,5983.393262183045,24443.782912845734,-3033.9000020173094,-16104.574705100162
902,807.6870943724556,-3352.6886665241313,771.9791276057532,4395.100034919933,-281.45452387113636,-9116.092896041248,7810.305544370218,27082.676012308657,-1594.0422600320019,-17377.651240925214
903,52.65422877122455,267.75815726802864,22.24894268393626,542.9107004653847,-242.29094733698565,160.69200032714377,-1393.0922892191077,2881.7369235419283,-2826.564996091724,-4044.555999007031
904,-776.1885493391002,3245.9596998524416,-667.9727880202521,-4301.5743227244775,214.6071937688177,8806.512323568972,-6587.28823901129,-23089.156350449448,1254.2139457517558,15284.901575567748
905,-377.48464887191466,1412.8106245165893,-247.74607926924048,-1251.4053986384708,-121.26564341888052,3726.2131655838953,-1199.3298810214333,-6592.084439207972,-698.3741130097341,3754.561667239508
906,-97.74404813745079,471.0705178177036,35.780389668949866,-373.89622204836064,32.213185352596504,1370.639663776389,-584.1483424248914,-4635.337961311642,123.51669684308938,3010.9891208097974
907,-163.8690481374508,1257.0705178177036,-65.09461033105013,-732.8493470483606,33.338185352596504,1942.639663776389,-432.89834242489144,-2671.337961311642,-272.4833031569106,2178.9891208097974
908,112.85176967697659,-1234.8565987848742,438.1119206806029,1926.3471922098568,-645.3773557040339,-3864.566027748381,4741.113950889707,16837.53556531842,-6613.276426867287,-13783.874819106322
909,-387.00417543436487,67.63897265917214,-215.56030552289056,-2662.9429463960287,-214.54755507856447,2925.787420960234,-349.3025157637021,-7981.457940785023,-3051.524792563528,4254.829252358618
910,-100.86904813745079,500.0705178177036,-50.094610331050134,-504.25559704836064,-7.411814647403496,989.6396637763889,-508.14834242489144,-2463.337961311642,-447.6083031569106,982.9891208097976
911,200.4044117676894,-430.94778494364573,30.727866604202926,370.0370466885498,336.2097338303719,-687.2587557881154,-1844.1860699454858,-1953.3067994198761,3134.304406195898,2307.767061499915
912,1002.9760159586862,-3716.8915623906423,850.532873303685,5323.187174251195,-101.97525780246296,-10803.956652628813,7513.644678180151,30910.096980337104,-291.0342369065605,-19839.403013638977
913,-434.46446447352497,1798.3926481040878,-392.955394729197,-2091.164611545278,151.7925076000298,4532.588171730489,-2929.2767119057908,-14191.893351362929,1590.6778241928441,9728.624916336428
914,-117.86904813745079,129.0705178177036,-140.71961033105012,-985.2712220483606,-26.661814647403496,1634.639663776389,-931.1483424248914,-4059.337961311642,-407.2333031569106,3234.9891208097974
915,-12.968240510522968,661.0076180408843,-161.25634907806483,-313.63095884414,305.34094372080074,1443.4230035038606,-2117.1954914335574,-6749.307720133314,3391.2793246205297,6008.208161497554
916,-935.6965955237929,2450.232249807855,-735.3852245913981,-4910.18335619267,-116.28906224513938,8425.428181003934,-4845.179498304739,-23857.231413928646,-2206.965877003373,14627.8576253204
917,-1320.6370632862818,4160.1604564815,-1001.5912347481717,-6117.627785987331,-277.1706287635094,12670.382384507508,-7661.59887291151,-31994.22392139636,-3604.562222714262,19245.442857588216
918,2.1309518625492068,-182.9294821822964,-6.5946103310501325,-225.19309704836064,10.213185352596504,43.639663776388986,-14.398342424891464,-663.3379613116423,-180.9833031569106,438.98912080979756
919,124.20899859769663,-783.7883598840934,31.102210783162704,449.8451671176785,222.45722561721138,-1276.8261514354092,-347.0386458995357,-2644.568994378463,2680.1968212042507,2291.288834839066
920,-58.74235741180062,1043.4036408211696,-26.994193168715714,180.2617142934931,-151.47247259232915,343.91389417816026,326.7748556907012,2891.065646618802,472.2586053010234,-5313.9021824184865
921,-96.36904813745079,21.070517817703617,-68.21961033105013,-581.2243470483606,-39.411814647403496,744.6396637763889,-317.64834242489144,-1839.3379613116424,-461.2333031569106,1082.9891208097974
922,314.927035595638,-1165.125556069077,200.84894542712578,1244.186534995723,130.5678619388856,-3390.5530395281903,2164.367423003532,7263.425329695445,1535.4095552132317,-4959.540577941236
923,1208.1603042752154,-3015.135238893961,920.6084491672871,6117.369523339871,294.3585311787964,-10440.000133804437,5073.589934491954,28396.54271161869,3262.709321508294,-17030.41519413598
924,-206.3790047875341,276.32927697325385,-144.89241014745292,-1018.8915255008474,-80.19926974808419,1165.1800761623717,700.1383364292122,-3094.241832139834,-617.5516765749979,1855.0258933468792
925,7.505951862549207,-50.92948218229638,-16.84461033105013,-357.41184704836064,36.963185352596504,238.639663776389,2.1016575751085353,-1803.3379613116424,187.6416968430894,1210.9891208097974
926,-373.80683336404456,2031.6053856321087,-494.9238642157026,-2653.485159054995,288.1344572630668,5472.553559126127,-4705.810574780218,-18037.251469496747,2841.9840433605573,12018.381887655207
927,1009.6100385299058,-3879.4935671034546,907.6823363776751,5575.363259252366,-18.237011862592137,-11138.182699831324,8718.732559154938,29336.60114405034,1047.773690588206,-17470.501237987744
928,1009.574066693539,-3625.6699857617136,820.2305916917778,4461.262194199917,129.53129969133232,-10234.342094826447,7034.621579082982,26847.314002737763,1554.3742389561496,-16144.155620982217
929,-271.3690481374508,1327.0705178177036,-86.96961033105013,-1432.5524720483606,-67.78681464740349,3516.639663776389,-1506.6483424248916,-10151.337961311643,-397.4833031569106,7458.989120809798
930,-405.4940481374508,1072.0705178177036,-181.59461033105012,-1761.0524720483606,-51.536814647403496,3682.639663776389,-1960.8983424248916,-9707.337961311643,-912.2333031569107,6026.989120809798
931,-952.1076882265291,3207.619696408777,-732.6656430792182,-5381.841279796768,43.93623177508345,10034.44868178944,-7234.5561453723085,-25934.587452074324,-1546.1592659918574,16176.634303839863
932,-54.44136168237305,427.67870785628145,-73.04014701800702,-109.31217998873684,-11.596794889048335,461.89655960429843,280.56610004443206,-2137.0764208235996,619.7915196332954,1869.3186186364499
933,-429.9940481374508,1340.0705178177036,-321.46961033105015,-2132.3962220483604,-87.41181464740349,4064.639663776389,-1873.6483424248916,-9763.337961311643,-1348.2333031569106,5714.989120809798
934,-781.3099651118887,3156.417880901142,-731.0508223762097,-4287.768852487205,127.66069296514831,9240.000200663175,-7759.562943269322,-26170.45428012418,448.66957549752345,16604.44230989713
935,-11.60958191865184,-267.6463612974928,79.59897777348631,89.43143842307391,-240.9835983166129,-550.9265213616497,881.6424263881933,3375.4269695730845,-2795.3449911788616,-3992.0402738257626
936,108.83477791388111,-818.682236940533,130.83981733245741,826.1202226699829,-197.76905994094193,-1356.5423519753244,-583.2381777499415,5955.973461445628,-2815.7498110341917,-4897.863371087804
937,-1.8314787098015637,-249.42306218612677,-76.15994033307283,-1034.2516723582878,350.0463894029548,-196.59177151948606,1032.9741488465718,-4506.292317416945,3485.1672219662523,4357.57754758381
938,488.6006380482221,-808.2399574502309,480.21693328756743,5045.734840845661,-504.90307970685126,-6244.272491841271,4624.56461864435,21794.286778708534,-1930.8840100029824,-16351.346545665638
939,-84.74404813745079,-144.9294821822964,4.4053896689498675,-538.1930970483606,-101.78681464740349,847.6396637763889,133.60165757510853,-375.3379613116423,-1120.4833031569106,542.9891208097976
940,861.6962572458016,-3579.0803350930205,768.1319337700512,4828.470767750532,-133.69152806569522,-9382.065201281908,6893.0952184442,24326.8255788841,-445.0328439482469,-15917.018299279043
941,-428.5672088771178,756.9741682550167,-182.66001017045483,-1859.899747694893,-132.16412312111427,3656.353996525875,-338.3300827569749,-7464.571501950477,-1322.8084150557565,5152.658686548158
942,-713.3840789209577,2663.6361955335524,-651.1569531620859,-3872.593216888749,25.234457198782245,7681.610942281263,-5474.701100297542,-22352.177068611185,-375.9904598009709,14781.606315299841
943,37.02536786791151,414.00977244088836,83.63777843830064,1484.3006723377946,-58.4915258189203,-237.21220840903445,197.19381135910507,2924.465275429071,694.8440671635689,-635.0639484473556
944,-32.11904813745079,88.07051781770362,22.28038966894987,-66.42747204836064,52.338185352596504,-6.360336223611011,32.60165757510853,2656.662038688358,-253.9833031569106,-789.0108791902024
945,-971.6305586471153,3842.2270953889547,-834.1112856658682,-4750.846249632278,-2.255271980168371,10484.564869178857,-7058.4780413712415,-26827.915461758097,-730.1060316984895,16071.299435378027
946,-293.7843539567024,1047.0047460181652,-340.3004770478883,-2684.180309831475,-56.63494248240782,4332.395550601639,-4702.505922535459,-12705.784753517635,-2146.7456201456075,6670.421633122778
947,-1.1190481374507932,507.0705178177036,-46.844610331050134,-191.61497204836064,-3.661814647403496,434.639663776389,-136.14834242489147,-459.3379613116423,-227.9833031569106,82.98912080979754
948,-80.90006960640963,-160.88910272000894,-32.51707332335425,-709.3693821292426,-105.13304450876407,692.982068545576,962.0220043866748,-804.86818898937,-1595.5070510241826,470.33628016264856
949,-78.2135131197775,-151.80275829617975,-2.168055170125763,173.71708800628537,-116.22061928790163,-637.3138787240879,578.8146053340126,2890.9302993383544,-1274.9045622977253,-1956.9790255559603
950,-365.94418922485636,1599.3431429028994,-230.67900488136536,-1392.9766484811817,-141.17053089814596,3774.9377951652887,-2091.0663632854576,-4937.308684269978,-1953.3219864850255,1445.825074281556
951,-204.20014262093932,706.8287571118875,-210.45744954302427,-1217.1731027196145,126.2804318922928,2613.5043996425175,-2073.093439449825,-6809.779902836132,1084.0218662458835,5032.263971782576
952,-148.1190481374508,403.0705178177036,-83.46961033105013,-940.0993470483606,-27.411814647403496,1694.639663776389,-611.6483424248914,-3055.337961311642,-989.7333031569107,1526.9891208097974
953,-431.3347942036304,1627.2574203126587,-443.4328572332682,-2943.998303022982,226.35538379765416,5446.391773482672,-5087.616663704353,-17509.20507978689,1214.759792377558,10780.705055546181
954,938.2714901962777,-3016.689142558947,836.9422991264069,5046.442785451674,-164.76391384868862,-9221.732616272764,6191.514151730889,28408.735846266925,-1328.9100894045046,-18371.240677503774
955,-38.65594288019686,417.1187958160864,9.82498167254172,636.5701346983386,-260.82861114888385,-41.56703623176836,163.5033692227662,3646.9528005465386,-1904.1939734481707,-3613.2362205637282
956,-192.019323376961,289.23192624417715,-145.15893499119795,-1001.0386006529546,-50.904851831562965,1729.7045609449174,-2043.255915736643,-3193.2265139039596,-1498.0614357778134,1294.7226548499148
957,-109.61904813745079,534.0705178177036,-40.344610331050134,-599.1930970483606,14.463185352596504,1314.639663776389,-851.1483424248914,-4347.337961311642,-94.48330315691062,1950.9891208097974
958,380.05894569844406,-1012.4036382743316,240.40228713247663,1853.7863367492762,277.30275066869183,-3101.5029881939054,1303.0934924725273,5189.612737005189,3325.267514379114,-1656.5629660990467
959,110.51380629350484,-716.8741438093032,66.71196393141997,807.7491678315453,80.20254057880122,-1705.353510622036,2377.590674361185,2167.7666496704114,1981.8968382112043,56.317938464635944
960,-108.74404813745079,495.0705178177036,-79.84461033105013,-697.8649720483606,-37.786814647403496,1277.639663776389,-623.1483424248914,-4651.337961311642,-235.3583031569106,2702.9891208097974
961,1048.6387414707137,-3800.7833483656045,986.2007733045845,6341.280540267113,-280.41461974092914,-10992.398771372664,7921.405836075857,33827.545786856834,-1400.5728355044932,-21415.276574049927
962,-115.28324295866366,289.9244039606939,-52.92129277446702,-371.6525168848199,-196.4975726573328,581.5164568924656,1031.6862653490452,-530.465758262326,-1382.4509979773475,-720.8391933970754
963,83.63634566090933,-95.10765797966194,-39.836259582512525,339.02966556409604,294.9687371545543,-310.5724337728389,442.72569892230155,-1032.9520843024145,3820.9910265694684,2399.1069186587397
964,-247.31875876063947,1661.183724320267,-291.880877018012,-986.9080283590579,39.71050251693128,3253.108138967353,-3316.5856187171325,-11257.643272000138,856.2766378982269,7575.770856100915
965,-176.7440481374508,491.0705178177036,-97.71961033105013,-737.0368470483606,-131.9118146474035,1352.639663776389,-468.14834242489144,-1979.3379613116424,-1411.3583031569106,1230.9891208097974
966,-952.4182888645188,4160.5970188052415,-773.9203666044007,-4520.538421272284,238.0122274918327,10270.25202585139,-7184.4797984436245,-26923.869446140146,1772.319340658444,17478.173293029908
967,-1262.093353701514,2648.9598581042783,-590.6991023341218,-4466.519954877292,-1171.1675909974515,9065.829880945681,-2099.697522394444,-14414.067483710467,-11538.974510933196,3812.532805305061
968,212.7559518625492,-904.9294821822964,166.28038966894988,1116.0412779516394,-34.036814647403496,-1986.360336223611,1253.6016575751084,3912.662038688358,517.3916968430893,-1785.0108791902026
969,598.9622047511594,-2595.5830486155123,576.5434496587512,3689.8217373946286,-277.80764932316094,-6936.5336898572,6044.740825412569,22504.400965017856,-2009.2745957538878,-12753.47313365868
970,114.32841683620848,-453.8837237161591,-40.10985178997582,-104.40175518240275,257.30719087307057,-494.0695281207413,-656.7146737818795,-3975.324832207797,2744.516538951938,4113.206802977387
971,-195.7440481374508,185.0705178177036,-59.594610331050134,-760.5680970483606,-138.6618146474035,1453.639663776389,-140.64834242489147,-3767.337961311642,-1144.9833031569106,1894.9891208097974
972,-168.4940481374508,641.0705178177036,-77.59461033105013,-627.1149720483606,-48.536814647403496,1354.639663776389,-314.89834242489144,-3163.337961311642,-613.2333031569107,1390.9891208097974
973,-777.1835889530415,1321.8967177990173,-465.60178255431276,-3955.0352699683767,-393.347642267664,6361.2377975777135,-2489.5612259227423,-15486.954843420035,-4934.405933449317,6949.2286110802115
974,-413.62530834932124,2078.9001454125028,-312.94358195115854,-1160.0293228708078,-127.66146597455639,3962.445922344928,-2019.860505816695,-8926.089491041907,-129.11255171081592,4480.163102188367
975,-241.8690481374508,351.0705178177036,-166.46961033105012,-543.9274720483606,42.713185352596504,1241.639663776389,-294.89834242489144,-2243.337961311642,-203.7333031569106,210.98912080979756
976,-130.9940481374508,436.0705178177036,-122.34461033105013,-622.8024720483606,-5.911814647403496,1121.639663776389,-903.6483424248914,-2799.337961311642,-239.6083031569106,1638.9891208097974
977,541.2290846620846,-2165.592228503653,641.746982607297,3961.00742937462,-315.26534625757074,-5987.512854410202,3738.6766174936665,23752.177373384573,-3495.297218884181,-16232.51320382559
978,376.47712476185416,-143.57527763226284,272.04651507089943,2067.611234363337,121.11488817701762,-2205.5689658280935,277.6334954379322,8213.87591669796,1003.2620208568552,-5503.058493110343
979,-146.9940481374508,582.0705178177036,-232.96961033105012,-905.8024720483606,35.088185352596504,1576.639663776389,-1295.1483424248916,-4935.337961311642,323.7666968430894,3642.9891208097974
980,740.2262460469932,-2353.0714420110758,627.9156746804875,4320.318030454421,-33.884986397839484,-7556.750479645266,5408.168377409788,22321.69377401168,971.8958981182861,-14280.033821597679
981,140.00705465336077,-557.6684962808229,-26.959048122024964,-363.07292523968454,280.9938041540798,-536.5014028611807,-115.99898947616819,-2937.6740239026767,2996.6105574589915,3770.387077457871
982,1155.6893382489143,-3141.5851246019365,615.7112715301382,4671.1688533697725,508.485833562602,-9648.35390208635,4218.719319616997,18378.40059583857,6120.760083064113,-9772.422953790097
983,-7463.616605569283,16500.694633500414,-4239.710843692683,-34047.58962668725,-4542.865768479189,58053.86848624905,-16913.363103530835,-114904.6311591314,-51156.49733426551,48643.50008373295
984,547.035451070221,-1371.7336350271344,263.2051100410509,2387.384939978313,313.0348398963029,-4739.62264851685,1273.7772660290777,8646.242144267357,3286.0577706042677,-3952.0700480156543
985,-68.70631092528855,1754.9043048308436,-422.8390126448048,-2038.889445012051,898.165235224273,4386.999769713719,-5851.243682907626,-19575.69608154081,8302.428761630572,17434.746017258825
986,-7.490270647926222,553.8823406528941,-125.59932031114633,-220.46755137828822,271.75231699214044,873.6287630647414,-2189.9002643912213,-6269.460785389221,2645.404223821823,4741.56758896713
987,-90.86904813745079,440.0705178177036,-147.84461033105012,-738.3337220483606,-16.161814647403496,1067.639663776389,-549.1483424248914,-2455.337961311642,-442.8583031569106,1538.9891208097974
988,-854.5555030737663,3031.2100921990454,-809.4995012831174,-5268.5576750482405,214.92397230519018,9312.188926983357,-6733.363995281629,-28765.95685744656,448.2515321097678,18584.196136826016
989,-90.99404813745079,-196.9294821822964,10.030389668949867,-359.44309704836064,-61.286814647403496,712.6396637763889,-252.14834242489147,-887.3379613116423,-378.9833031569106,1362.9891208097974
990,1484.0758434404886,-4604.702139878061,1015.2258378851113,6763.6574628978815,380.01385092870294,-13281.041444995102,3833.844233224368,31453.760589887155,3336.531981541958,-18135.534746529294
991,416.66713793794537,-1319.585449445648,275.8270420723141,1586.5157498463093,223.33354389822279,-3836.706439514179,1676.6226183753386,6971.79000040539,2257.326928918715,-3114.8836522603738
992,-91.24165983819127,587.9266503273525,-78.80887153019441,-525.7933915302787,142.51825245608703,1662.7258288694861,-1722.5723067586052,-5337.739567958646,1158.633671296463,4444.267984772431
993,433.6421369931382,-1394.3337464879871,377.99217451750496,1947.7622476902839,133.89116545564147,-4609.095434993825,3778.9970740159056,10564.580541887652,1746.218237581287,-5553.567784340039
994,-433.4935134820938,1670.2048241880045,-260.7331722704946,-526.521857705761,-233.52530542384665,4387.097642124068,-2506.869340272841,-6950.212748504383,-1888.4947038008142,4929.401035138626
995,91.75595186254921,-669.9294821822964,68.03038966894987,447.77565295163936,-7.286814647403496,-1139.360336223611,394.10165757510856,2328.662038688358,22.766696843089377,-1381.0108791902026
996,954.0272428731481,-3035.349440949941,659.9710402699659,3349.7601980863783,363.55146664753994,-9385.789235468257,5694.729494756677,20723.021685473745,3365.900997300697,-13201.58335483134
997,1564.2941638805087,-5097.164846213843,1235.3726169177546,7618.556626660385,205.43175625207965,-15209.5860750782,8446.547457626319,38020.75597789601,2928.3449933522584,-22392.912485062865
998,-46.24404813745079,165.0705178177036,-52.844610331050134,-378.09934704836064,53.088185352596504,601.6396637763889,-543.6483424248914,-1347.3379613116424,25.891696843089377,830.9891208097976
999,430.59142766804786,-1151.5896726835106,232.56792185092,1682.4212535795632,276.0148533398199,-3415.7665717482764,543.5688179770891,6542.508484015359,2625.6078428306687,-2997.49248764681
1000,1233.3777906086827,-4015.3608905474393,1037.6215144715932,7451.736504181801,-258.9508010185778,-11981.917299715622,7741.287961290626,35850.107744043446,-8.998378522302692,-22998.36833477449
1001,-202.1190481374508,237.0705178177036,-43.844610331050134,-815.9587220483606,-121.66181464740349,1191.639663776389,-81.14834242489147,-1475.3379613116424,-1483.8583031569106,346.98912080979756
1002,-1097.8805833097695,3318.399430509639,-887.0016933095029,-6147.602502473422,85.99477320016588,10949.771859068138,-6841.412427342422,-31214.703403794992,-274.34545324383396,20374.547048464163
1003,-202.9940481374508,368.0705178177036,-138.59461033105012,-1083.6618470483606,-69.03681464740349,1741.639663776389,-944.6483424248914,-4243.337961311642,-819.6083031569107,2098.9891208097974
1004,-855.1704177523691,3455.3279518229665,-726.9141841213254,-4319.658521374031,50.058996368203786,9626.64317213576,-7112.561446413359,-25152.841376786324,-47.56747329856517,15461.358116197152
1005,23.005951862549207,-25.929482182296383,38.280389668949866,122.01002795163936,34.088185352596504,-167.360336223611,52.10165757510853,412.6620386883577,170.1416968430894,170.98912080979756
1006,88.59932286503921,-86.16445147256043,117.83885572941307,1228.6724791627285,-43.60008977620842,-991.1385248121618,84.46739822155477,2664.7065165416234,339.45153063530626,-2267.1492622174687
1007,15.570687652660116,86.53344053244199,-52.368200086080876,-192.4934817871294,174.24420929829424,270.5336830303676,-1166.1953750436355,-3709.622032403794,1618.5564073756632,3348.555385825964
1008,-29.869048137450793,-64.92948218229638,-57.469610331050134,-382.55247204836064,71.33818535259651,766.6396637763889,-1027.3983424248916,-2731.337961311642,510.1416968430894,2650.9891208097974
1009,1339.1561069461325,-4523.077032099457,1098.3525134310553,7281.926450552775,-73.57020062384623,-13161.220811813097,6556.8659995437465,37719.160422698646,-370.92450864236156,-23273.658733171884
1010,483.21023388538,-1642.1903238779084,190.8522249367827,1617.722227433811,437.9919015643922,-3793.7383723126754,987.6039202221519,3578.3349146007426,4598.51001064005,396.5819784106275
1011,-198.6190481374508,993.0705178177036,-202.71961033105012,-962.7712220483606,-48.411814647403496,2372.639663776389,-1318.8983424248916,-5123.337961311642,-467.7333031569106,2706.9891208097974
1012,1086.2402640950597,-4198.523097432714,683.1186927149922,2047.7008675055388,792.7085617803393,-9843.873881277405,6422.992935414431,16366.955048224625,7060.3478738123085,-8020.787846422158
1013,1090.958614481835,-3623.371428798821,957.1769256091741,5981.220408507125,-139.05584137265154,-10933.411025954152,6934.580142842528,31062.677378169148,-889.9927922419564,-21211.169779861244
1014,-190.1190481374508,861.0705178177036,-99.34461033105013,-1086.2243470483606,50.213185352596504,2477.639663776389,-1203.3983424248916,-4839.337961311642,-428.7333031569106,1962.9891208097974
1015,614.8592988612239,-2607.5677286998643,607.963615052231,3800.33658926759,-240.8201679519875,-7458.626996584579,5453.647145602526,21291.03347638538,-2133.6376873259705,-14472.351874682652
1016,-221.03388926894982,823.5862794119636,-83.23994410381555,-818.4354454432523,-256.62202448900507,1890.359903307269,999.8855161549193,-956.6728854056865,-1736.5703069609253,-33.74931457088249
1017,-532.7683759816234,2300.1992208971724,-575.1773929962326,-3469.8587909002654,180.3007646165449,6835.374748312315,-6878.411348379433,-21071.456979094928,564.1674036206176,11578.42093777583
1018,1305.6080425971718,-4122.202190751512,1226.3905717832315,7602.04045688022,-98.03455400516728,-13336.27704908098,9380.307321405526,40279.93969904732,-297.34394248457585,-25435.701207605558
1019,-597.8489399625447,2220.6515626828377,-418.19860619837254,-2009.5702167768409,-59.65933583689453,5330.41522059906,-2852.257109228906,-10486.534696279896,-404.1207942340587,6591.442667201619
1020,-232.7440481374508,68.07051781770362,-158.34461033105012,-1218.8649720483606,-142.9118146474035,1764.639663776389,-551.6483424248914,-4635.337961311642,-1360.3583031569106,3034.9891208097974
1021,163.53759985130839,-511.64366540905604,101.14026992790285,954.4306877087374,-67.65296176669716,-1379.6953673105402,263.95644366496646,4408.570519799245,-435.24198603112904,-3219.5778184766414
1022,-201.6190481374508,653.0705178177036,-128.71961033105012,-920.5837220483606,-38.911814647403496,1917.639663776389,-1189.6483424248916,-5071.337961311642,-248.4833031569106,4610.989120809798
1023,1161.2858426197467,-4107.816278482686,1019.9474137888014,6294.716992362234,-241.27045099301728,-11988.00397122886,8339.124457999487,34762.76075391135,-1228.0679579702464,-22215.28605141089
1024,-582.8894874180542,2369.4661953045584,-517.0094136567162,-3536.916813534142,287.82735093092236,6111.456633395309,-5641.688295817939,-18461.393532986534,1266.2895402424228,12543.868655014363
1025,80.16917812265665,384.56449828725766,-121.37236565148362,-252.62959892552166,447.707499262158,745.851828557048,-3804.448904614384,-7425.843169114611,4508.558344017478,6277.444434231027
1026,978.1929796374927,-2733.576187591339,677.13669703468,4810.6925394292,396.29755166026433,-8990.12619716703,5443.3429681048765,22512.356322489126,5006.8431195450585,-9717.185099598046
1027,-656.7987045639063,2602.184379203242,-538.7298078869525,-3216.923559887804,88.82061929116526,7293.673349349573,-5015.772935049556,-19956.270938330224,1003.9372636573377,11770.23503093695
1028,251.2372088675655,-996.3830650662235,242.01613387571254,1276.9222856584297,-18.12259646027713,-2594.367123197875,2180.0074993410913,7594.000850730012,195.67908864849122,-4999.799510974011
1029,-780.3252814468011,2176.056471513759,-489.3662498312595,-3635.380920129561,-379.4735487732724,6501.51542185561,-3008.851378126589,-14337.887047078708,-4524.584284276333,6651.407209390936
1030,899.2934262746609,-3083.272929419758,706.9511698900089,4964.60086004083,114.53387660528837,-9109.969487152559,6148.046209383375,23281.937401277155,2378.7396309475293,-12767.781383361082
1031,307.59395113192176,-726.8218551347717,59.88688377522225,674.1662699687234,453.93031188505176,-1093.4965594487987,-1898.0632444799749,-2343.248654354949,4226.662988697758,3454.062161788627
1032,142.66180981210653,256.6376190016211,-55.31580176481782,119.83329448179734,397.47817809931587,466.24291726293785,-1645.8100335978547,-5887.466286279665,4808.409158456751,5968.582939262652
1033,1037.073709282587,-2972.778641413445,796.3608796763793,5488.804037854818,217.88865748666566,-10113.942530667788,5716.311080385628,25553.10935578578,3294.785301012179,-15301.59512482769
1034,298.2127523311315,-947.0264579673831,236.871974227667,2333.5580708323587,-9.516864470529748,-3413.9472451256847,2143.6936852287704,11738.469376789424,687.4193769710276,-6671.690628641574
1035,816.0835750103454,-2212.6099130228367,613.9392038588758,4280.40387926271,112.43286225924129,-6784.255426755391,2511.6349134898437,20556.656805244365,784.8084810879167,-12081.812548573682
1036,220.3323092249505,-19.85670029100054,-92.2088322107022,-16.626224786820387,486.59174843835683,-61.89761112306738,-2896.1471216044997,-5419.033030279989,4431.473941711591,5915.036939516076
1037,617.5315877078125,-1081.862446707651,332.44933649325947,2474.7873081862103,353.5825935348925,-4235.265180649554,879.920927617597,8258.189559447806,4162.503872201842,-3322.50206280789
1038,544.9751457391591,-1071.8660735272858,245.3888760083859,1835.4250928730028,631.3023034526805,-3403.785375207917,-1010.5514816145942,4271.916576997419,5580.275160476269,119.71925714319869
1039,574.5353265202174,-1411.9812226738645,404.3571545846996,2911.447566114951,122.0640546387344,-4825.246431347829,3367.6193839838734,12850.85431356922,2328.9524522755764,-7101.815336148435
1040,729.1241457710022,-1921.444594512329,452.4845133917399,3191.778407658318,373.1286676787306,-5953.214993998697,2816.6947128582297,12690.107040161722,4579.814052131862,-5724.91276163053
1041,-95.11904813745079,405.0705178177036,-95.71961033105013,-466.38059704836064,15.463185352596504,1128.639663776389,-1112.8983424248916,-3475.337961311642,481.1416968430894,1670.9891208097974
1042,128.4984810586599,950.7103653554941,13.493596780602857,942.5316914937774,196.9666623388264,351.4604601778039,-2377.699006919581,1075.9492769087121,1435.4158948124089,-558.7300897367891
1043,-106.61904813745079,360.0705178177036,-60.094610331050134,-481.33372204836064,-43.786814647403496,1354.639663776389,-847.6483424248914,-2923.337961311642,-182.3583031569106,1886.9891208097974
1044,113.65640849835103,-619.8414645224834,92.85745091444505,190.5498955545328,128.48087083510993,-1169.9953189040468,1454.7202315293137,1456.3834079995302,1330.065669269809,128.22525450544646
1045,27.005951862549207,-540.9294821822964,-12.344610331050133,-19.42747204836064,-75.16181464740349,-124.36033622361101,-140.64834242489147,-1159.3379613116424,39.01669684308938,646.9891208097976
1046,-120.0013111161656,-305.8521364342705,99.69580412552706,823.8136411592776,-384.39271204797245,-216.18746802696683,1041.8903543976303,3921.836479246759,-3372.2404534896145,-3537.9766849409234
1047,-717.9142264506766,2648.342162188065,-679.7066363890453,-4351.995159199128,175.4687217914576,7995.699612713525,-6387.070086005404,-22915.081109769595,521.2491012790733,15784.754156814128
1048,-2.9940481374507932,241.0705178177036,-10.969610331050133,252.22877795163936,2.463185352596504,-604.3603362236111,561.8516575751086,1980.6620386883576,170.2666968430894,-865.0108791902024
1049,-1317.3821583263928,4182.793359381664,-1051.7725716374039,-6743.413768439226,-25.41540722249981,12298.48665339567,-5937.7888165136455,-34280.42113160924,-428.58208621953975,20542.80385624472
1050,-664.6863969883034,2784.4522835284242,-574.0713636526094,-3340.9803201004183,-32.72946891858432,7422.941182790108,-5791.803816714016,-18087.120060743608,-1030.049096937586,9975.741780598171
1051,154.92911625051147,-848.0042713164338,248.58871887639123,1408.0041844290731,-237.74230149414706,-2332.499802942497,1703.0788895675153,9203.512095759535,-2550.704539035667,-7306.590117579028
1052,-199.3690481374508,458.0705178177036,-155.59461033105012,-1231.1618470483606,31.213185352596504,1766.639663776389,-1145.8983424248916,-5575.337961311642,-442.2333031569106,3454.9891208097974
1053,66.51329065739812,-280.5540239281576,207.51275714294547,1843.0670965700351,-340.6987859392808,-1838.7257624573965,2015.3510401892372,8652.955895613462,-2825.2629894373094,-6744.398512362859
1054,-403.4940481374508,1366.0705178177036,-251.09461033105012,-1548.5212220483606,-174.6618146474035,3671.639663776389,-1518.8983424248916,-4979.337961311642,-2102.1083031569106,2402.9891208097974
1055,-687.1778408799142,2473.272796752833,-697.3854248645918,-4207.45462291953,70.96691904363772,7724.157229777695,-5703.180789479528,-22858.06087305645,258.50442234683436,14541.005102168005
1056,99.51747128859232,213.15931194980143,36.82005826121329,617.1415222842603,10.794631203517506,-440.2726193077465,112.87037618332647,3491.8136661495064,457.3145055732151,-3071.0555414946934
1057,86.13095186254921,-755.9294821822964,-2.5946103310501325,277.10377795163936,-34.411814647403496,-914.3603362236111,296.35165757510856,864.6620386883577,165.2666968430894,-93.01087919020246
1058,545.4407227850317,-3645.4855108797806,436.33124275844943,144.34542732521825,181.2854201840858,-6549.431217796123,6547.23654544313,12432.124476482573,832.4484538119414,-6252.960123837051
1059,229.194132856287,-1030.4907880880548,223.48430152047885,1378.1976288825854,26.64943713402861,-3228.627988156602,2297.9819381506372,6722.251033305123,343.12395855006963,-4469.3595923404455
1060,-426.9921768756129,2014.7371803780507,-582.9201292217303,-3213.3859180490767,451.6278953977927,5822.051307601809,-6598.345026327818,-21714.174926217605,3841.338319498509,15458.20795901682
1061,1272.8657129762455,-4183.87919255913,1045.569323109349,7136.227627867093,-44.28037369880884,-13029.284456485433,8696.625441935199,37047.425889919155,1145.2145070071006,-23096.985118891484
1062,-221.8690481374508,1222.0705178177036,-140.34461033105012,-1109.8337220483606,54.838185352596504,2576.639663776389,-1225.3983424248916,-5183.337961311642,-48.98330315691062,3226.9891208097974
1063,93.88481496230804,-232.97114563043408,71.69038433449091,1365.3043418640964,-146.92644187652297,-1600.1567727246304,1583.60252528886,4701.625589266563,-271.3223608287392,-3600.0578476220985
1064,-956.7977714340167,3059.17451862718,-792.2108021449554,-4683.69051344268,98.23931732832143,9430.598994332911,-6165.086098792789,-27662.82069690782,808.3769986567793,17828.466809384536
1065,500.07727271145217,-1197.6849446718384,297.1200250858826,1855.5969786236465,260.8341139425734,-3731.5345920390578,1400.3123452562359,6907.431559052376,2502.5205504707615,-3454.977096156105
1066,-1222.5223120563594,4388.944996471781,-989.1665431067323,-6424.679363650401,55.155216948193925,12625.860009798958,-7590.363361613922,-33413.99824862107,-202.5064127925209,21239.635511252287
1067,-130.9940481374508,319.0705178177036,-146.84461033105012,-729.2087220483606,-16.661814647403496,1410.639663776389,-1107.6483424248916,-5243.337961311642,-138.6083031569106,2950.9891208097974
1068,-910.3833654925885,3124.654947130331,-934.5639500560369,-5552.035605975663,273.518783052795,10430.562585369658,-8187.657632113174,-33959.81209852587,1926.6138602354445,21760.737542481744
1069,-167.4940481374508,722.0705178177036,-66.59461033105013,-584.3024720483606,-37.411814647403496,1708.639663776389,-717.3983424248914,-3523.337961311642,-511.2333031569106,1390.9891208097974
1070,346.82624817927683,-1851.4757728615155,340.2411610442125,2100.543342287409,-62.611031330315434,-4111.812974081458,3182.0563916724873,10161.491558183203,-817.9672296689577,-5267.744748999104
1071,-706.2464615987432,2336.8124849696205,-668.8111018942802,-4093.309126890723,133.70567881020963,8094.754213592731,-6698.868335866485,-25877.0284494175,834.1990693966035,15527.176428407596
1072,-117.24404813745079,553.0705178177036,-39.719610331050134,-446.33372204836064,-15.536814647403496,1173.639663776389,-721.8983424248914,-2447.337961311642,-364.6083031569106,406.98912080979756
1073,965.6725985997857,-3115.5952843433824,765.6238367512648,4077.3119411648295,198.13956498071215,-9640.587018372702,6053.360241288809,21737.20272687154,2471.9144097063713,-13271.633816667023
1074,1049.2707001842987,-3656.7163991774364,889.3835558179547,5764.160892195307,65.38250170658958,-10589.479279303701,6701.20331482637,29172.55539410127,1690.4772466270392,-17474.556848739
1075,47.50595186254921,-449.9294821822964,98.90538966894987,279.07252795163936,35.588185352596504,-792.3603362236111,480.60165757510856,1616.6620386883576,349.7666968430894,-345.01087919020244
1076,130.81164042056582,-118.04615168755639,148.3023905314384,854.7689426332007,4.462264356775536,-703.6004653284139,-59.34493067992298,4969.41265301673,-619.9716178570703,-3108.1658346505537
1077,-44.36904813745079,-113.92948218229638,-9.594610331050133,-208.36497204836064,-74.28681464740349,23.63966377638899,189.60165757510853,1124.6620386883576,-727.3583031569107,-1013.0108791902024
1078,101.78860718694474,-878.6627262438452,175.6922079529495,576.9103773584873,-76.31832631097348,-2205.236152119324,3403.7764157482675,5580.875057092474,329.98381979765884,-4199.619881566119
1079,-86.86904813745079,416.0705178177036,-86.96961033105013,-433.72434704836064,109.33818535259651,599.6396637763889,-634.3983424248914,-855.3379613116423,334.1416968430894,1914.9891208097974
1080,-264.15372199903334,26.806135726699036,-201.35259929649155,-2221.0129055983343,194.20586667163968,1403.8529267997812,1640.552585783502,-9865.391287004368,2242.590395434063,7579.365422139093
1081,-610.9531528823943,2042.7110912457676,-646.1679902571187,-4395.571950018956,296.57886811892143,6511.386993577575,-4971.2560302884785,-22764.128636187666,1810.3328321925255,15035.480219161747
1082,-85.86904813745079,506.0705178177036,-70.84461033105013,-397.39622204836064,81.71318535259651,917.6396637763889,-920.1483424248914,-1587.3379613116424,62.14169684308938,1214.9891208097974
1083,77.92986127377326,-124.73544930500813,11.19724797474469,50.680337995932874,135.7439861400913,39.405450163302135,-1217.862005193422,362.8471941717922,776.2997870307604,305.4490660589189
1084,-104.74404813745079,584.0705178177036,-89.46961033105013,-352.50559704836064,-1.2868146474034956,877.6396637763889,-506.64834242489144,-1651.3379613116424,103.39169684308938,762.9891208097976
1085,-198.82585961452122,170.88929388864318,-188.47727428828063,-1639.6347693112589,30.396124238877007,1342.0044211399124,166.08702701597,-4676.113797426141,-305.28293363857244,2493.3414191593156
1086,699.748960389916,-2152.1573095880412,337.0268901163316,2519.6125603394894,467.177995652032,-5431.541988138482,309.1564288727636,6469.174703560211,4573.0991449825415,-2482.7051284953704
1087,-301.21376779860606,936.2088547096981,-302.98819163760083,-1602.2891682554941,7.082854414253476,3115.0940929165145,-2485.6542727334445,-9379.13373392966,123.92215054791112,6363.890863127282
1088,382.9545555334374,-1192.985808871056,345.2263306423962,2704.8087372020323,-73.80475508626618,-4329.063668257721,3365.8886140655404,11924.69425274002,241.5476865164963,-7503.295156339144
1089,-99.49404813745079,341.0705178177036,-33.469610331050134,-356.63059704836064,-88.41181464740349,773.6396637763889,51.35165757510853,-295.3379613116423,-964.6083031569107,-97.01087919020246
1090,1111.6044121667464,-3953.1484548736817,969.6931269394764,6550.839238061168,-110.50570573564022,-12121.789406822732,9292.561436478705,34083.4058669031,1022.0178623208288,-20391.560624811573
1091,-101.74404813745079,377.0705178177036,-75.21961033105013,-465.06809704836064,-8.411814647403496,1045.639663776389,-695.3983424248914,-1999.3379613116424,-369.3583031569106,1430.9891208097974
1092,-602.9536320268553,2252.8189204837813,-553.3122431867389,-3397.6627066458004,175.53853011531774,6759.73967372325,-4688.513902043655,-19320.041522050626,1380.9985537342582,12491.98718888872
1093,-124.86904813745079,285.0705178177036,-172.34461033105012,-1069.2399720483606,-22.661814647403496,1704.639663776389,-1193.3983424248916,-7623.337961311642,-88.23330315691062,3666.9891208097974
1094,170.48632094702594,-1022.0726016147572,386.47364562897275,2518.27076456032,-486.82094887949114,-3773.433780211538,6131.814791397203,14957.420689497047,-2951.514012413383,-10764.063583681183
1095,634.066700186871,-1976.4426224476401,361.1931271335623,2812.1947914728316,75.08926300612409,-5210.690732966822,2411.7655986756504,8977.4236249568,2205.3295780226917,-6119.476929224119
1096,3.2559518625492068,44.07051781770362,-23.84461033105013,131.49440295163936,-18.411814647403496,-360.360336223611,110.85165757510853,-7.337961311642292,204.5166968430894,-681.0108791902024
1097,1257.936425457931,-3959.8942839558663,959.3961500768163,6548.106619022275,-35.36076488473588,-12066.431860933018,6206.778199221361,33063.6037332645,268.55316957033455,-20998.87930276867
1098,-597.750878489008,1899.0942814812636,-659.1829481514352,-4150.870562280327,398.83412439375655,6379.014955319141,-5900.0348158989345,-24564.584353180246,2976.5711952443125,16592.26611959662
1099,-180.6190481374508,490.0705178177036,-169.71961033105012,-900.0993470483606,46.213185352596504,1914.639663776389,-1527.1483424248916,-4867.337961311642,47.76669684308938,3662.9891208097974
1100,-12.675116297758818,-43.23429721323624,-88.00049700131468,-995.6021158125029,-134.75014730798304,739.0387368092318,-3393.928489573049,-2851.1240888446405,-3191.211376380835,1269.1682035781678
1101,-248.00207656766307,1288.7861080212813,-371.7199356597191,-1729.3978524318504,285.1522701114717,3585.034780212141,-4016.352517488453,-12386.237705694739,2549.090947375481,9150.899986723865
1102,1587.4654038937492,-4623.918686994517,1280.8125952366006,8346.188077236671,140.51191521152145,-15232.33119429594,10365.009998277388,40471.92546126181,3354.3189700853786,-24493.40059946252
1103,51.63095186254921,-256.9294821822964,27.90538966894987,401.97877795163936,44.463185352596504,-1224.360336223611,524.6016575751086,2400.662038688358,295.3916968430894,-1833.0108791902026
1104,450.8098204960028,-1709.1032446002666,522.1171169935823,4382.401834668904,-316.4909949597323,-5505.019176161489,4126.418722544202,18494.641322213094,-1855.9026247495808,-12759.473956207577
1105,-113.82758220288663,29.701400871627783,-70.30697959704779,-566.1129562123127,-67.79131999021499,493.6167796064071,250.4696737178248,-3309.4391563728327,-690.5735810938013,1428.2964761625067
1106,-223.4940481374508,876.0705178177036,-160.21961033105012,-1240.7243470483606,21.588185352596504,2214.639663776389,-1391.3983424248916,-5983.337961311642,-565.6083031569107,2566.9891208097974
1107,169.97305414294323,-509.6513532284732,245.76361436221708,1451.4682548532612,-243.6760285931499,-1978.3542862294453,1926.232246208841,8374.653368609512,-2343.369192746174,-6885.404846392002
1108,-57.11904813745079,471.0705178177036,-36.094610331050134,-141.30247204836064,-44.786814647403496,782.6396637763889,-510.89834242489144,-1939.3379613116424,-127.85830315691062,530.9891208097976
1109,1.6601935023400098,289.3786808473945,-18.89843943162726,61.11564146547707,-29.568970248589167,91.05567940515859,1453.1733246809652,926.3595582610601,235.8246268684542,-567.7919281164098
1110,-27.994048137450793,248.0705178177036,47.405389668949866,-44.83372204836064,68.83818535259651,389.639663776389,-460.14834242489144,-331.3379613116423,243.7666968430894,834.9891208097976
1111,-142.2124364920948,-38.76173116393839,-100.50367317374489,-432.6939641656415,-106.65877800449204,504.5760466506943,-219.24842724954746,-2872.5710306904093,-394.46477452448113,1961.1138332482337
1112,-671.4385926796032,2677.6618859729892,-693.7285420941839,-4655.736564416139,537.9177067303926,7576.440125645018,-6509.662604295111,-24969.785976390893,3745.417284157609,18711.74351135947
1113,-468.77292154718543,1393.8730493237958,-437.62203888022594,-3004.425630935148,182.16328229691698,4794.860167656028,-3923.26365361223,-16495.96688016696,845.0753671255378,10984.555325347565
1114,-215.2440481374508,734.0705178177036,-225.21961033105012,-1327.5524720483606,-39.286814647403496,2485.639663776389,-1419.8983424248916,-6627.337961311642,-638.8583031569107,3746.9891208097974
1115,1294.507793325204,-4066.1146743778318,1180.427664656381,7504.73674230187,-308.3832899395651,-13016.026754153268,9171.48422669268,41457.78241448877,-1679.8307458389982,-27113.843962060488
1116,714.0529451163437,-2402.5212976060957,420.384067284228,2445.686407633467,443.9695142503355,-6490.608610364988,3018.3734955058208,10049.138431724477,4275.1388554200275,-4623.271412261727
1117,-139.3690481374508,913.0705178177036,-113.09461033105013,-688.9118470483606,54.463185352596504,1971.639663776389,-1496.3983424248916,-5015.337961311642,329.0166968430894,2946.9891208097974
1118,371.7956054032963,-643.7186556330889,142.99108991884128,881.2656323432068,381.29405024769204,-2047.383858710314,-111.28986692504488,3441.396155737542,3133.5552239773992,302.1718246447473
1119,23.755951862549207,707.0705178177036,-31.46961033105013,365.01002795163936,127.33818535259651,-288.360336223611,269.85165757510856,1692.6620386883576,1208.7666968430894,-213.01087919020244
1120,-157.8690481374508,363.0705178177036,-166.59461033105012,-853.5524720483606,73.83818535259651,1411.639663776389,-711.3983424248914,-3899.337961311642,549.3916968430893,2906.9891208097974
1121,-616.6762577509229,2604.2816382519727,-628.4410429140959,-4165.034632976112,374.96976074588446,7656.249652701306,-7041.399982765403,-24159.356724508,2093.263265933517,15831.174733173008
1122,-1344.914071881775,3238.8607478969816,-817.7450228412441,-6470.115700097595,-799.8024146739778,11047.483547388782,-3547.581228022105,-21227.503659037622,-9050.263670717133,9276.391494998765
1123,826.3933998411633,-2258.7349330281563,645.7627226146519,4379.86612865332,70.81596156958662,-6949.009568313182,3144.764749844622,20116.25611734695,1093.2270330025156,-11542.704758698144
1124,573.8001276702203,-925.6361790425761,393.37156809964284,2739.940792760122,284.09004005945286,-4499.405628567742,2767.940293318707,10559.317107315786,4281.428894684044,-4066.6141216871033
1125,431.3392776855465,-1572.6533506325966,324.93448201159873,1936.9137965533685,170.91619488086505,-4163.060233890807,1703.7296936139112,9583.53410977528,1243.5552073200029,-5634.145944832804
1126,-750.5743820036708,3389.623620994219,-862.1618120083714,-5258.867066901595,501.15226909327095,9566.911041988296,-8416.850947448784,-31207.014801505644,3415.1961971135092,20698.396292534915
1127,990.3417703095942,-2405.5661261447763,568.3560702301363,4039.8952996404105,489.17334265841487,-7731.080028204361,2980.3473865867995,16393.282210263595,5694.944847723125,-7301.821346855252
1128,-382.7246068051783,1779.0758308132392,-280.69461434280487,-1382.0492601550586,-124.35547727740644,4119.68829389715,-1954.151322394592,-8964.99897057642,-951.884382543262,5143.288348694236
1129,1094.8848337354716,-3737.114616253545,1017.4169143375719,6377.828718926716,-52.41984537406911,-12044.500043161801,8997.838049613732,35888.831649531305,755.8421736340423,-21955.68688812229
1130,412.47111917523097,-599.8037757604054,391.68188273335244,3535.370247893351,-169.00729440025478,-4449.551857527936,4281.373348447433,17023.410866817856,68.10674601186375,-10433.340531145139
1131,697.6924032135148,-1652.4762756896125,666.3168592175884,5017.318379567127,-172.75615311991805,-7267.877400253828,4977.187887254887,23747.349945616712,254.53514867226517,-14829.803675674108
1132,345.5078109617671,-463.0777542723572,160.45821906390117,1975.9174734942344,343.95045179306027,-2476.4782691464197,-19.93187364243939,3684.469339044235,3935.309041328414,-707.0867279372505
1133,-1.697260852340697,-741.5360448128921,8.389080625817972,-887.5407542858633,-100.30793398190312,-230.26976711383548,-330.94667304677915,-724.2095913682699,-2059.7375688048837,-878.1832894329644
1134,-1379.2189587613555,4080.923872408377,-828.4212763761742,-5974.213688753621,-748.2372093786008,11669.037132651069,-4476.742669961005,-22684.756827348916,-8565.995144494162,9054.852586282123
1135,964.8032551759359,-2357.4666924038656,383.79398400288085,3520.62377093271,752.1326143881604,-6874.653952600689,1877.9786251661997,9255.79360491809,8616.839773044872,-1398.5213950427944
1136,-437.5083037591899,-73.80270154656543,-160.97587602984768,-2473.912273725396,-380.4755609878158,2695.6558631363764,-437.78570535972017,-4350.705387089184,-5366.957085562755,1008.6146513679732
1137,205.33428394385078,-882.2136372056933,204.6599495761144,1144.2948387948697,-89.04736365232374,-2187.994716818866,1419.4439766841024,6715.130117423351,-390.672650832124,-3625.0746026112165
1138,1301.6964367346436,-4335.929741552859,813.3884232758112,5358.841728228297,460.45368757565785,-12668.783255531398,6050.905980040762,25399.096980902264,5409.319295401049,-13482.782862093904
1139,258.07555386941726,-853.843939049995,150.7791655579225,1354.1478168364074,42.24019640140687,-1743.0913300815855,-776.1703561330685,4153.8010442978675,-103.54127929542462,-2362.3226365653277
1140,-715.1189545983083,1934.6338283801929,-535.0366638484445,-4084.229846658203,41.91339565708143,6728.539091060877,-3320.7307357563063,-20900.15663146526,53.68973133936383,13634.939101384585
1141,455.433211429299,-2115.1646024641022,487.4999343601706,2314.534503283841,125.7667406046183,-4953.975882983419,4123.822779392022,13293.14017136242,600.969509225658,-8238.274086487341
1142,-165.6190481374508,397.0705178177036,-160.71961033105012,-1070.2243470483606,4.588185352596504,1899.639663776389,-1360.8983424248916,-5471.337961311642,-332.7333031569106,3846.9891208097974
1143,-398.6348019032953,327.81205210931626,-133.5744323650506,-1036.5071149048201,-477.224462732659,2855.9031510622435,-1863.1462786055747,-1918.1086999192635,-6050.060822978173,-1851.1733953160106
1144,-402.006458702795,1224.836503455543,-306.2904741018142,-2417.944548910908,15.28603600646246,3997.837501908939,-2078.7017913190493,-9864.654746669512,-577.425174825301,6394.621462812533
1145,239.8231764615023,-1148.043006664946,214.9804096816968,1085.8196718640893,86.83850516035713,-2408.0120818281953,2627.636417668842,4601.846378010792,1624.934305338565,-2155.376068068349
1146,-273.5469691115829,1098.7279001172546,-134.62641859143935,1535.7154554200106,-764.498725050145,1299.7846238722232,-1322.013599428711,2032.6070935806702,-5600.481225178916,-5210.377830797556
1147,-106.61904813745079,274.0705178177036,-105.84461033105013,-754.4899720483606,23.713185352596504,1120.639663776389,-937.6483424248914,-2991.337961311642,-374.3583031569106,1810.9891208097974
1148,-158.68681469091672,1189.4213489979456,-155.45174010869226,-695.8613307796389,29.529356794628246,2170.2198688808453,-1119.320133462732,-5273.241745797556,778.2031522259431,3160.397125380499
1149,103.98918739860069,-645.3226083306026,-95.37447441455507,-1106.0799172933027,208.24827910834387,-238.03056073399782,-1157.7363180632758,-5269.276880972486,1170.4135357603418,5144.735804215212
1150,-185.7440481374508,319.0705178177036,-148.84461033105012,-1145.7087220483606,12.463185352596504,1741.639663776389,-1175.1483424248916,-4979.337961311642,-520.4833031569107,3714.9891208097974
1151,-1054.209453363396,4155.9459072061645,-893.5005072523319,-4751.476347586633,-98.58407663385849,11243.096530403258,-8235.604583759025,-28704.96637559707,-1294.0288179248485,17792.370733311258
1152,331.9783704761717,-1186.1781413302945,105.20252821618598,-106.48648258858714,469.17966850660156,-2010.2046540419824,14.439862159177068,-653.744300908116,3751.032404168951,2829.3150447214803
1153,180.55201392342502,-1209.814921207826,329.6502239966288,1445.976903340521,-336.78078019595404,-2809.15421091091,2827.174335932145,12614.584908569661,-4081.9829063539282,-9792.957489365197
1154,110.72876737697446,-816.1046750203524,189.29095256863118,949.4913344197028,-149.0351345438627,-2027.8986412018048,2376.5512302142656,7963.344713930472,-1161.0687347592714,-6104.129692081115
1155,-71.71310961689191,-256.9398954150056,-106.87142541014815,-1707.5585830680657,152.7444669047516,935.4902357334875,-291.8892103127115,-4866.719727806628,707.8561516447973,3698.9877532099595
1156,-254.1190481374508,495.0705178177036,-177.84461033105012,-1292.6774720483606,-84.53681464740349,2207.639663776389,-1148.8983424248916,-5459.337961311642,-1152.3583031569106,2662.9891208097974
1157,-954.3077682755434,2655.5274466504898,-768.9223511702071,-5415.478485132085,-28.236561402411468,8971.519336907031,-6179.297327112571,-26897.71667177515,-1573.2613228971486,15613.932723227905
1158,-53.743975075747144,-1061.6098080513277,72.69199606189473,124.6063598471989,-124.82605892850184,-1896.4342104085777,4887.732606021676,3377.913228181657,-331.40450139138613,-2215.7681620283734
1159,-205.53736203586388,323.5487111439849,-90.64581758228613,-590.5958688560642,-185.41642517593237,1967.2716708191756,-981.573200922013,-192.84236917540528,-2077.3985409950333,-1469.0475191972596
1160,-41.86904813745079,15.070517817703617,-31.21961033105013,-326.63059704836064,-158.2868146474035,344.639663776389,416.85165757510856,108.66203868835771,-1175.4833031569106,-565.0108791902024
1161,-57.331878705836566,656.8647923872585,-220.63779238312253,-671.2871270643844,195.54636256428873,1576.4462321554067,-2481.0222613280107,-8042.2590615841,2144.4842942464697,6175.887860916269
1162,1075.8344845213808,-4111.187218893629,866.0381974051545,5028.337750416377,216.63555020112975,-11542.93593669371,9069.068426238266,27544.375722607896,3356.5727989103684,-15398.89117219031
1163,-113.11904813745079,448.0705178177036,-162.71961033105012,-968.2087220483606,53.213185352596504,1390.639663776389,-1374.8983424248916,-4151.337961311642,-67.35830315691062,2294.9891208097974
1164,-917.9784271316379,3605.2277270028976,-803.2777409465159,-4443.90213340719,293.5239300838719,9887.844882673782,-6822.739362918675,-28412.546250488744,2400.751439694346,18397.089333736258
1165,238.89133464294545,-933.0793380490132,270.78378156308486,1314.3199752588198,-186.13273393469058,-3501.6794396732826,3777.698219742894,9931.149815133802,-1357.0905176799938,-8471.836444958326
1166,-68.11904813745079,317.0705178177036,-76.96961033105013,-410.80247204836064,-18.661814647403496,845.6396637763889,-342.89834242489144,-387.3379613116423,-659.6083031569107,114.98912080979754
1167,-638.7967184850485,1885.7627250344665,-475.61834713098824,-2389.0343922596035,-353.88773423620233,5200.739910153396,-3071.5138703472767,-11873.002394057377,-3046.223616253987,5717.210718507985
1168,-375.35104525678673,1327.1620636293544,-319.0628557922209,-1301.8651462346172,-11.204273592997021,3303.0494708139995,-2044.4280205445218,-9245.636649014203,292.260656600327,7226.706733575557
1169,-75.36904813745079,-399.9294821822964,11.655389668949867,-300.00559704836064,-69.78681464740349,225.639663776389,99.60165757510853,292.6620386883577,-658.1083031569107,638.9891208097976
1170,456.47053666689953,-1736.9081341488957,358.4875161812346,2469.387105676638,39.37345836949763,-3991.7148221141783,2076.8487848995983,9887.039313267036,628.0685133791584,-6415.861566648555
1171,-105.65766757897389,736.0439955241344,-128.7059717500257,-559.3749596209227,-40.90987207271378,2464.3926222763503,-3470.3053772385438,-4948.849223295278,-1096.504631974605,3706.3282304252157
1172,-194.2440481374508,15.070517817703617,-83.84461033105013,-1127.0055970483606,-78.53681464740349,1866.639663776389,-885.3983424248914,-3751.337961311642,-1184.2333031569106,3038.9891208097974
1173,-2004.6247695002753,5384.49326133174,-1436.4135133266432,-10689.497807574904,-371.1382447414466,18438.90300216593,-9649.457989498067,-46971.48614290652,-6523.804349042407,27094.628832503633
1174,1344.2034291327618,-4389.527627547976,1100.8008574931657,5904.937947244333,53.16715735548677,-12511.184480187883,6857.954229987682,34491.281754190444,-423.29765716327853,-22409.462195313903
1175,1322.909239673286,-4657.870235650956,1285.0572714407583,7694.431641989247,-414.71111166312613,-14086.584722006408,11113.876437259409,43841.27145744901,-2575.593569768236,-28721.769395911404
1176,-217.1190481374508,814.0705178177036,-122.09461033105013,-1022.1462220483606,-75.28681464740349,1913.639663776389,-754.1483424248914,-4755.337961311642,-870.9833031569107,2782.9891208097974
1177,-1464.3594034006078,4612.898269312247,-1253.8741429493678,-8377.057285532619,-117.43316073136097,14983.655273896708,-11498.633755072982,-40595.56184174006,-3845.447702740287,23943.53000739711
1178,77.70303792808448,-55.3666492746589,52.85368957534048,381.9146075759042,26.167163696522355,-534.9910739143126,-51.96981701343171,2426.7383599060586,-378.92529604906156,-1581.4535524924984
1179,803.7605907671076,-3657.453880361144,865.8402980304575,5284.665413696681,-446.3719375409064,-10552.044028290049,9875.836543524172,33238.31115520757,-3277.138805697073,-22502.923619547557
1180,-181.16111348719298,1615.5152162685038,-495.0709337154009,-2284.142624851176,753.2585815483661,4540.722704095269,-5398.907018404085,-21651.565390320888,7898.43855401007,17381.97650213664
1181,585.5252990737994,-1947.8689746685977,578.9170304427462,3042.1974432635257,-148.68015605776526,-6609.437594843884,5343.068168487014,19868.149694719334,-1235.817666840791,-13553.883617375392
1182,832.9302963429266,-2946.0585706730785,694.2325707574654,3616.9927443070706,120.40667196434099,-8160.269716504762,4718.947068027501,20768.008925394326,936.3768880454356,-12557.943504734056
1183,-632.166952855279,1930.5138092648965,-515.9664458673013,-3472.3599315247598,-89.23444852378769,6594.289591274132,-4325.067710626876,-16722.573649450813,-1581.0976497348565,10008.460137556945
1184,-231.04699252028885,992.6302394814843,-256.6506897987635,-1630.6806368872183,122.12020282363405,2968.1739513538955,-3575.70049122491,-10474.282599566157,624.7906805047097,6598.5367204466775
1185,-834.5232429873778,2249.9287538198073,-699.7842982527424,-4142.151387490655,90.61626066414082,7520.011567139381,-4193.396750283999,-24165.08555776372,699.6331454212165,15585.78413230125
1186,-53.11904813745079,123.07051781770362,-56.594610331050134,-423.70872204836064,-43.411814647403496,549.6396637763889,-241.39834242489147,-1815.3379613116424,-409.8583031569106,1446.9891208097974
1187,600.9851172525536,-1506.5155659335396,408.3384404958616,3411.1956341262808,318.8325101580826,-5390.114977842604,2787.9650769814366,13171.436386839225,4035.8263723397913,-5580.403117235644
1188,12.617012821574003,199.8243828212924,-45.04925989964901,-454.2563084230408,148.15479428986032,519.9125060299194,-361.95429985060326,-1761.417091684799,1311.0591736461613,1528.7148484829104
1189,-0.9940481374507931,-137.9294821822964,39.780389668949866,88.13502795163936,-55.786814647403496,-552.3603362236111,422.35165757510856,532.6620386883577,-280.7333031569106,-709.0108791902024
1190,87.19069766603288,-20.526456153126606,0.4450528778377057,-152.25185483491168,142.05721777603733,-325.54490735937753,-1969.5639219162165,-1282.9951208522168,-35.29442183748518,231.66812908577324
1191,-232.6190481374508,545.0705178177036,-237.59461033105012,-1548.4899720483606,-51.661814647403496,2502.639663776389,-1647.1483424248916,-8087.337961311642,-763.7333031569107,3646.9891208097974
1192,107.61281725966631,-10.104517247720326,86.49186332378666,777.2365866720618,-69.73307093014489,-237.28859779509298,-1155.891677688129,2683.3794331851464,-1038.8778293662704,-2695.1194695833756
1193,-303.5173247624347,1191.8216629753274,-358.9613642383274,-1701.1178117135432,116.20380693027717,3383.516240150848,-2500.190906788166,-13052.840096199929,1827.7416166491516,9646.696045242703
1194,48.63095186254921,-187.9294821822964,53.155389668949866,163.83815295163936,76.96318535259651,-870.3603362236111,144.10165757510853,192.6620386883577,611.3916968430893,-197.01087919020244
1195,1279.4734148377229,-3850.5374049452303,967.5799502135932,6071.436005063306,208.21950452453817,-11414.512534277315,5973.000580893959,29564.15703177851,2197.9641164393106,-17556.37552608861
1196,114.05499660217374,848.9654997092259,94.93772540571297,2522.0887808875673,-184.31870609496454,-804.6345587265345,-175.98271987787243,7221.382271273564,-3.9065172649230573,-3738.613524739908
1197,-222.9940481374508,373.0705178177036,-137.21961033105012,-1181.9899720483606,-61.286814647403496,2343.639663776389,-1274.3983424248916,-5971.337961311642,-660.7333031569107,4082.9891208097974
1198,100.13545985499174,-188.97256183941738,93.31125010926134,700.7154353466224,114.43844933175151,-1141.165517399889,1959.9505482072298,313.8267645203552,2515.1558061280243,519.4953104222932
1199,227.99298828387612,-18.24483283330956,-25.134033590952694,747.5285177667379,243.32682324848443,-586.8279254575809,-3285.9471018396407,-1192.2987964796014,2019.0151561982111,980.7101944694601
