,PC1,PC2,PC3,PC4,PC5,PC6,PC7,PC8,PC9,PC10,PC11,PC12,PC13,PC14,PC15,PC16,PC17,PC18,PC19,PC20,PC21,PC22,PC23,PC24,PC25,PC26,PC27,PC28,PC29
ID,-0.003966925261723023,0.008846333766958047,-0.01268261793254862,-0.005448902217335563,0.00816458333296591,-0.05907348026909768,-0.009080093787806649,0.05366207953752805,-0.025515816773924112,0.015577477262018094,-0.009492002506855406,-0.0976518000790358,-0.0564210251221191,0.094936068365356,-0.036069648364621364,0.007101408833658499,0.0022158950435780442,-0.08811215896810831,-0.011838979579035812,0.08858230100872852,-0.059612060220272135,0.07628093501962888,0.13611914099638003,0.03886128183059446,-0.24078072513051355,0.21760404605475114,0.061093298656021755,0.24735794229434543,-0.05391047975733389
"Indelingswijziging gemeente, wijk, buurt",-0.0015962480950396172,0.00511953537470794,0.0020282879875563064,-0.01657607994970705,0.005669611376739217,0.0032411295419120787,-0.012799816350775001,0.022761996219598533,-0.012035925629010092,0.02578313717047813,0.07762309766820617,0.0649845900386599,0.0745915959513061,-0.08967380166942242,0.05208392292225385,-0.006149162861043355,0.07276369878872131,0.006614186421427868,-0.07715957683816099,-0.01233524840146662,-0.06400936715658236,-0.0952373129108649,-0.11315082690156303,0.16257150387090763,0.1288291394698332,-0.005272306011516738,0.30976697990779334,0.013867260290656895,-0.11889461178541058
Aantal inwoners,-0.018284861455543294,0.011445890186100689,0.1770681876537575,0.028277243267966136,-0.011061853308269452,-0.003430652488190785,-0.0004640310563343582,-0.0006755706283342168,0.001682684001126403,-0.006413981199752227,-0.010698045078207192,-0.010655369684308297,0.002797136301960442,0.006240840759532501,0.0065892504856565936,-0.0026966212749182654,0.0009584538930561431,1.9499384405168782e-05,0.006673713794060886,0.005720578096840403,-0.002228515773767244,-0.001097528241215785,-0.0071835079878446745,-0.003556869584158188,-0.001030260287477598,0.0012506351758340907,-0.006137550865735696,0.0005821981264258147,-0.004320506157262178
Mannen,-0.018142742429489215,0.011629294909706909,0.17704378870670873,0.02835043199831528,-0.010905899949203128,-0.0036973896790425433,-0.0007288404103252704,-0.00046242191257299674,0.0018479408242779974,-0.006756983201156572,-0.011247994160321188,-0.010777066771010516,0.0029366166141184314,0.006106382152997496,0.006238106942689896,-0.001779432919161186,0.0006251692271013623,-2.231540168318895e-05,0.006322326535519456,0.004511114216679049,-0.0012866586928118743,0.002068684189904253,-0.007129581374145015,-0.0030018330631641733,-0.00067801474064507,0.0015349959335706745,-0.006579505771049998,0.00012688904037587046,-0.004439933632550235
Vrouwen,-0.01842296224786216,0.011268942813095808,0.17707091742875833,0.02819603333868931,-0.011227103026329285,-0.003160154204470827,-0.00020997129791528257,-0.0008951747646430044,0.001542116407862632,-0.006070647225294744,-0.010142693594783618,-0.010521759759057567,0.0027126450165865152,0.006372931777342595,0.006960479346910499,-0.0036257683909656233,0.0012476392563228224,6.728088241605569e-05,0.0070112779446245685,0.006923793053398987,-0.0031377803713196328,-0.0042930744428775385,-0.007223932249245523,-0.004101107741422647,-0.0014137419417604232,0.0009684973605481038,-0.005704782257489355,0.0010438777408566158,-0.004193201939483584
0 tot 15 jaar,-0.017629743225408456,0.012303536504572148,0.17631096487910777,0.029078061753341548,-0.008679351982743624,-0.0019732844217722864,0.006205836989921388,-0.0016761252938686277,0.00028035234548440296,-0.004377213908485212,-0.01488066001858724,-0.011388578236088716,0.005680059599217084,0.010726833116225137,0.009679538601948185,0.0028355531875696475,0.00014864099808917065,-0.0048765780858145424,0.006379188457748751,0.007834881602278047,-0.0034011290784240595,0.012799302546170049,-0.008754105254100242,-0.006754410748317517,0.0043693347726383135,0.0022496130194867084,-0.011294058088045636,-0.0030010312058646425,-0.008211075829127666
15 tot 25 jaar,-0.01817527502517347,0.010308514801760782,0.17522689683837936,0.025743796183266086,-0.014962743612383488,-0.003953928626656174,-0.009732779598861797,-0.0005292947770354763,0.004869496244754967,-0.007996900998068596,-0.0015856972683265642,-0.010918460354692763,0.007641757000798472,0.005387023390367809,0.012655100821848559,-0.013230709290070702,0.008135328637740894,0.0027237684173972727,0.01404453160867467,0.021667995262328713,-0.021488000419897568,-0.06101291961079497,-0.01849078186416274,-0.01287587060392242,-0.014276369318604227,0.0023660323702800142,-0.0033150071768277526,0.0011151410248147215,-0.0032596995143834924
25 tot 45 jaar,-0.01874743900357078,0.010254307908096933,0.17628390254900533,0.02607915547801136,-0.014010856305955142,-0.0031123209617935064,-0.0048940017813018846,-0.000216041619436431,0.0024775493174224628,-0.0030012010280804995,-0.0034815139505451715,-0.010290589014804069,0.004837094267689449,0.006955036884072567,0.011836972344050484,-0.009154705136249178,0.008152818196239999,-0.00012006087469673376,0.011976761727087974,0.02559681463310821,-0.018221902236406046,-0.05131079730755018,-0.013428154861588066,-0.015502135508392953,-0.01436242473346399,0.0014706113797583432,-0.009045707468713448,0.001969553681564856,-0.004045707354080324
45 tot 65 jaar,-0.017485417437982795,0.0124988852140712,0.1763366649260225,0.029592803128411456,-0.008954076189619234,-0.00426288053356246,0.0016580872770687487,-0.00020539759840023102,0.0019716625885728457,-0.007921655698220564,-0.016867459855857612,-0.011630809803136678,0.002860937510824143,0.007383370984581498,0.003868410317712175,0.002741861446359105,-0.0035195519662013803,-0.00032745276935689617,0.004533364272021259,-0.005064642295604598,0.005507056634513896,0.02834885443807848,-0.00352322299032659,0.0028667996760316236,0.0063039049952316505,0.0013036485184954533,-0.0063073328063287006,-0.0008820292239118937,-0.004260664160578741
65 jaar of ouder,-0.01870742076761563,0.011264074809776592,0.17533163162368978,0.029192168041775164,-0.009396230401392265,-0.0033185270346796267,0.002664269111405094,-0.00110986139630108,-0.0004475237377023629,-0.008461544044559774,-0.013280105055392554,-0.00901321891806397,-0.004020642281231679,0.001542986331797073,-0.0014162579032665219,0.0002844610007165232,-0.005006596564597101,0.002223440071174253,-0.0006272088038620267,-0.013046490993265776,0.017368952127054523,0.042350540971952955,0.0026932814495843884,0.008989444767061965,0.008460529085930516,-0.00031408947062215397,-0.001041592447076261,0.002776625598231755,-0.0026011414658159973
Ongehuwd,-0.01835975078905284,0.010619617316841686,0.1765448823925743,0.02663582562527506,-0.013804234327820618,-0.0033590134147018272,-0.005470805484542147,-9.796217177754414e-06,0.003098914183730288,-0.004740934602292821,-0.0045906275958928705,-0.01087911381718513,0.0052618627933561386,0.007007219235161339,0.011013587897868932,-0.00887388944611987,0.006842781170928991,0.0010126366597055243,0.011336809531988484,0.020709753572894132,-0.015204831799368448,-0.043073920624846135,-0.012823340448625787,-0.011586785384226226,-0.012852075367044056,0.0010174355197503971,-0.007757855458752398,0.002268576949748198,-0.0031823469899588314
Gehuwd,-0.017370386522173344,0.01291398188851775,0.1747339803849494,0.030413033826930724,-0.006527382217954759,-0.0038643328722274156,0.006491602307848728,-0.0015144481189629333,0.0003954714472237729,-0.009862050084726903,-0.021082943868334432,-0.010918412793030635,0.002390196852853394,0.0064748877990042425,0.00243082377003363,0.006409072000974299,-0.007280394777037768,-0.002438028107304304,0.0009542186096670904,-0.01407563868889884,0.012841988058239289,0.05512530542591252,-0.002464771561671167,0.005299684091801132,0.015365178830714572,0.001623697945907832,-0.0037545600431844396,-0.002920335061357158,-0.007040238705117125
Gescheiden,-0.01944198489790417,0.009565997774706155,0.1765038138553132,0.026221615199795885,-0.014557837193082722,-0.0025941703215645474,-0.003647896915459692,-8.051604217628136e-05,0.0018697752743869612,-0.0009358898591602787,-0.00203209746362025,-0.010290077933884355,-0.0027334675213720374,0.006608765616435251,0.0047226236236538295,-0.008392138625658583,0.00628860664835796,0.0037685326912656964,0.010602721387495658,0.017409273904036866,-0.00777543169357971,-0.03125940168151911,-0.001728695815733537,-0.0035709130018107067,-0.010903635457878529,-8.652682035528119e-05,-0.008570785126087959,0.004973566114742338,0.0004247028906476584
Verweduwd,-0.01949145715463111,0.010381622717144176,0.1737955113203694,0.027895432680382796,-0.009891409808033588,-0.0018795341548461636,0.0032402383301423964,-0.0019816499944064125,-0.0029647769258274856,-0.0057317667416267705,-0.007877055780878247,-0.0059832625451495995,-0.009027139187527358,-0.0042112917519748615,-0.004387271559081126,0.0009249990541835982,-0.005825884975722524,0.0023723942738743575,-0.005133696406701766,-0.016427035535476024,0.024357112767295033,0.04979654163770665,0.006500718138936659,0.011395165881406481,0.011341139659712975,0.0024492556567616165,-0.0029408497634919673,0.002397503180392284,-0.002403025165232223
Nederland,-0.017895969732895887,0.012186916789805267,0.17626391540440328,0.02907072831939631,-0.008990023904770559,-0.004274229306982692,0.0017235290549441763,-0.0009659429894828411,0.000857746526352484,-0.007895739355299185,-0.01619454817276089,-0.010207460041138464,0.0024339384904211656,0.005471170893164132,0.005048687196451868,0.002459528515815322,-0.0035791955638363377,-0.0017594531730633044,0.003288408471845651,-0.005057659692599102,0.0061787159194923785,0.029176519772811195,-0.006348334282617452,0.0013299914187768632,0.007928670090546614,0.0012436900252367322,-0.004313688270550493,-0.0012068913207743742,-0.006204518849531837
Europa (exclusief Nederland) ,-0.018522586778423507,0.008460110546308172,0.1715309305285362,0.023571510240033924,-0.018258283009868807,-0.0019745855639951523,-0.012578932923946275,0.004666666974235004,0.0066940378996657845,-0.005095557749453787,0.010290538707172392,-0.010231669741956976,0.00886116759491929,0.003979135677727901,0.011764300086310861,-0.0215914306422295,0.015556187503379771,0.007009846175060344,0.010399863106421697,0.038842509688838275,-0.03495895520274443,-0.10028151724621903,-0.01632517970179363,-0.020309901307843183,-0.032788094932948625,-0.004396910646985481,-0.0008015311618777622,0.008002323263012076,0.009113773632438054
Buiten Europa ,-0.01888751666889666,0.0061186184761210915,0.16464024588422052,0.02135765031042885,-0.021596645417252282,0.0025799478180477315,-0.010717611643794298,-0.0011279283675532383,0.005274247113029919,0.004657251897564388,0.02114446782270453,-0.012928394805291522,0.0021427303172371075,0.012311725954773318,0.01465609641268115,-0.031421121703228395,0.027287135566204233,0.009833670719720968,0.029158041657382207,0.06848928818008891,-0.04827453427237565,-0.17691619529036162,-0.008110714784042093,-0.031187421426514185,-0.051816305457561135,0.004249438638936926,-0.021722206589604838,0.010039796032497226,0.0037344563143306034
Nederland.1,-0.017895649822722133,0.012185375978597984,0.17626411964620614,0.02906993120552454,-0.008987450358197977,-0.004276720134366293,0.0017239207944916338,-0.0009658132532977008,0.000866612185756108,-0.007890073050286245,-0.0161929952933633,-0.010204564474543659,0.0024470949249264856,0.00547045499525825,0.005047587304904962,0.0024675947173560535,-0.0035723994539885655,-0.001778299286907619,0.0032922255323844934,-0.005046463919861247,0.006192493251448431,0.0291785142499104,-0.006352526612180382,0.0013282688399905466,0.007929680594482312,0.0012177052472206783,-0.004317948710137587,-0.0011941403286699168,-0.006204779568773945
Europa (exclusief Nederland) .1,-0.01878110038934203,0.009327141402169992,0.17471360839023303,0.025391991423535404,-0.015472001089995038,-0.0022147986353221235,-0.005145149682580481,0.0013500567655448002,0.005506476236830467,-0.0023070882711518563,-0.0018103481004293916,-0.01331705212737069,0.006319150249984165,0.013408299410417046,0.00860732430687378,-0.014024872938247647,0.009897998312195275,0.004908674321179739,0.014724521323995536,0.028211936611390893,-0.021067440439929225,-0.05686960259402001,-0.00512100057580119,-0.010894272961967912,-0.019668762367407312,-0.005382264821030799,-9.457891731078365e-05,0.004599056994190146,0.007218607632255149
Buiten Europa .1,-0.01843320986501531,0.006294613818565626,0.1633859049412322,0.0220018482400994,-0.020995174091210787,0.0014297323094781412,-0.0100332278729871,-0.0006832063357718933,0.006662811470816893,0.006052703454575051,0.016911618463705317,-0.015024194846671456,0.0063483283260595425,0.016268474528589323,0.016790306992083125,-0.03199215047650986,0.02856434221850681,0.008220422844601828,0.03177877008706683,0.07203673208517185,-0.05182314379312462,-0.18059464891719212,-0.010823376536493205,-0.03517348638151641,-0.05139004287196588,0.0012596297206151589,-0.02072295245686721,0.01126710948997543,0.005461596621953641
Europa (exclusief Nederland),-0.018139302263623588,0.007755523282546135,0.16706702886640068,0.022006501845044543,-0.019691761131837307,-0.0016725064904019509,-0.01712328373859702,0.00671653066294028,0.007231047176674288,-0.006556647560422972,0.017355492630345297,-0.008065962075813546,0.010341685596831244,-0.001799829043696289,0.013574145850642089,-0.02632191836988456,0.019129942256109925,0.00854963964923724,0.007660559589493307,0.045012218890520095,-0.0429466242355913,-0.12628143893210128,-0.022557953302079797,-0.02619642376034699,-0.040441286129629044,-0.004285589862880933,-0.0010526026307335265,0.009926875562034386,0.010128348372731476
Buiten Europa,-0.01914345410395749,0.0059511363623357865,0.16507461801365278,0.02086184622593535,-0.022070876278024378,0.00336037248995023,-0.010995362440212306,-0.0014145357087342032,0.004190137017029698,0.003695436110832126,0.02405493708794297,-0.011550798348800578,-0.0008672393000520839,0.00968331912025101,0.013006894615064343,-0.03104732452840312,0.026270384372416366,0.010791665057981655,0.02701319631813938,0.06604710099541312,-0.04534421537797653,-0.1739408234043223,-0.006478841293950585,-0.02815494330881577,-0.05201712941274901,0.006169380645267394,-0.022077080931770465,0.008888813677045342,0.0024925435568647915
Huishoudens totaal,-0.01894350738376875,0.01022621914416556,0.1769118456183524,0.02653769354943302,-0.013921845332186863,-0.0038412666241985746,-0.00568410783954862,0.00022271720328775408,0.0028362980700667737,-0.005121625721640726,-0.004306059932970948,-0.010201297904448303,0.0018201573486601997,0.004538242445247523,0.007596739119008736,-0.009276683879184176,0.005438954304711025,0.0031122431921497477,0.009502396871256133,0.014762695955185695,-0.008980471270946621,-0.033492201005524164,-0.009197570225316162,-0.007183920235733015,-0.010716046896770668,-0.0001998994927977976,-0.004517946933768262,0.003614443534625562,-0.0012477046311759788
Eenpersoonshuishoudens,-0.019803871448658972,0.007456991583156889,0.1725159602855985,0.02221142165304065,-0.019808932831094042,-0.0037556893880686996,-0.016584135980051092,0.0017761197077123174,0.00464293094593794,-0.0022650466750094834,0.011483793403294196,-0.008292199566449105,0.0002542661280490276,-7.96637261008493e-05,0.010095841511812385,-0.022881381820698724,0.015573926234387622,0.008364430913075203,0.014139716193252959,0.034983438841836745,-0.02379794460894472,-0.10315278200313742,-0.013622985707330209,-0.015629442773749048,-0.03175168360702541,-0.0011675393496430081,-0.003489940841654339,0.009382879777067577,0.003968434194885254
Huishoudens zonder kinderen,-0.018188560033655144,0.011721712578368827,0.17661347277363543,0.029061392335149882,-0.009912630792159129,-0.004710732919113299,-4.0965617751134485e-05,-0.0002503577507399527,0.002064989624023833,-0.009191350582433849,-0.015223960569091732,-0.011104938525033857,0.0015710215810598167,0.005454606699148605,0.003543007914135418,-0.001130421298509116,-0.0028871933316773884,0.0015169610172450488,0.004568615141314924,-0.004434608229221677,0.005498428468402167,0.020128430031854556,-0.003779425359095615,0.0010772795099292006,0.0033851937748618404,-0.0005649433371765635,-0.0014062767590670904,0.0010068400582235592,-0.0033989970873933508
Huishoudens met kinderen,-0.017621573289421665,0.012338629889065372,0.17631936307577958,0.029310851906515466,-0.008698877359067846,-0.0029241834609525265,0.004932901788204045,-0.0016393622926330668,0.000923281452024645,-0.005071720958105279,-0.016395430077516402,-0.01154673204633171,0.004353480991936468,0.010177261666613847,0.0077716955567979995,0.0028989680250531493,-0.0013563015978272565,-0.003001577359692972,0.007100611150325042,0.003450538097608768,-0.0013594618708979863,0.016592490685575924,-0.007661255251424817,-0.0025847935238410133,0.006389888202373167,0.0018483531456910578,-0.008812260056775365,-0.002320225584540317,-0.006737694302805549
Gemiddelde huishoudensgrootte,0.06581959717037333,0.03748117322187985,-0.01420910710613974,0.02718420266072775,0.03674462575025225,-0.00987926832747842,0.06412104397802877,-0.057710410238686186,0.01616484538576293,0.005754513319507489,-0.12175728124720155,-0.06231048273852048,0.11322871383771983,0.10432403784316097,0.07717697913613186,-0.02198443082731986,-0.007198789865270557,-0.03451721090058528,-0.010206104899878434,0.05945718985632009,-0.05815082240960093,0.02578473416227133,-0.03170001114400403,0.014554819050033882,-0.0023529645278357178,0.04591688736338458,-0.11919732771122725,-0.02954109728309622,0.015367379048757221
Bevolkingsdichtheid,-0.08000351405486938,-0.06670500773860848,-6.471501808192746e-06,-0.07111994264681638,-0.06217736477658332,0.012807581232364298,-0.06720340530024846,-0.03507133232998864,0.007470837760560073,0.05090016747747518,-0.0007678726807251931,-0.00809469623678689,-0.01648147835436799,0.08486121506633623,0.043938961996859094,0.013847842555995781,0.009348016132535249,-0.05709878935238699,0.018123900930962878,0.0797576498732139,-0.08486378572977243,-0.029194641543072358,0.03291192062678398,-0.017070146515266314,0.08580013669625777,-0.025130212284893802,0.0770502936286495,-0.042925034525311684,0.0691239290139367
Woningvoorraad,-0.018976754363971244,0.01035037893930374,0.1771048097633013,0.02669418668923812,-0.013428018475673192,-0.003755036574872148,-0.004702785212892635,5.366938899168592e-05,0.0028354083026702896,-0.005380869756440851,-0.004823339213038387,-0.009857332813153187,0.0006790968967896267,0.003217344955756543,0.006137481633447255,-0.007860053088792406,0.0038915157396642807,0.0028349137519567353,0.007192949777503056,0.010998427198876162,-0.004429023308251891,-0.021456760689572297,-0.007096588276657667,-0.00501704492989094,-0.008273063039483821,-0.0003597395926811048,-0.004998119079160599,0.003462505322950387,-0.00119759724583905
Niet-woningvoorraad,-0.01586556487744144,0.013004283402437313,0.16773160655411548,0.023964046173417502,-0.012821128620986251,0.005667281296867257,-0.00842037116863688,0.023480107071255887,1.6564257734653107e-05,-0.020567130026600728,-0.004801618685907037,0.0014289197351333783,0.01069480295090918,-0.04086062321316053,-0.006475222204783203,-0.014041276689313495,-0.021507028352136345,0.01750579340728553,-0.02703907254988809,-0.05482547731368561,0.027899627685189856,0.06423790738403501,0.010229133629026606,0.009850337605362003,-0.012672113621410347,-0.016800413906994403,0.013452289843907436,0.007172445993431129,0.012093215727766338
Gemiddelde WOZ-waarde van woningen,0.06574504530489525,0.03441833624531973,-0.021841537049636785,0.06080254109510506,0.0031569934463801783,0.03504867859418174,0.005880320443086308,-0.004718981178659896,0.10869774782680604,-0.04557177971757198,-0.08781403653286718,-0.01022470941849334,0.22057205995656334,-0.0042788948947699145,0.0716526660533194,-0.15349993634642678,-0.0475538708987301,0.011624392936129331,-0.046296281737281994,-0.03522655223412651,-0.01312070889803381,0.027412248533607752,0.06532762956031436,-0.0529653734452158,-0.03754193179674134,-0.06341777604828826,-0.0415919661897189,-0.05225806142025605,0.0847844543461546
Percentage eengezinswoning,0.05753779360682804,0.04452235180472453,-0.02085473883896487,0.047902985766826785,0.07320448878929152,-0.04451100845733733,0.11275349983838685,-0.019384624297706307,-0.029775696032067155,0.0045355700980186375,-0.2044576127632219,-0.0641823459184708,-0.020128731038962795,0.13249578091851705,0.04190091283103766,0.0913124029272678,-0.020514905082259286,0.006905516040165596,0.11183504682407558,0.07361911970024847,-0.06864533205367768,0.08024456493540076,-0.10785141093132689,0.028672469186888806,0.0346332125690943,-0.03271937580828234,0.0031276286405554424,-0.03527488781028321,-0.073406954175032
Percentage tussenwoning (eengezins),-0.06517967176031475,-0.04165314451559778,0.03156545687557195,-0.04435894124145745,-0.020540511176001416,0.04093696918458918,0.06723196954441187,-0.016828919468732387,-0.008778181172440185,0.1405565764036745,0.0243164030245137,0.029635921239641053,-0.051807103980981255,0.11974318071896446,-0.010361078624640516,0.09310052478388882,0.0392265747878024,-0.05811109391607652,0.08817497036313464,0.16034643400142135,-0.1288643657142109,0.06651778714640827,0.024903039979229352,0.04653707422121752,0.1431499788494085,-0.09664508700908322,0.14618964119738484,-0.05615028784952266,0.01094705416038202
Percentage hoekwoning (eengezins),-0.063554406255487,-0.03299272920015293,0.02911725469569904,-0.03863020653782503,0.013454420035371608,0.01895177912709168,0.10720629812188884,-0.011062128796337032,-0.04383313078834399,0.1210389591627385,0.0012528996958423423,0.02385249081762261,-0.13251207094649095,0.09396733239223036,-0.031557635865233594,0.15275915241593468,0.04293207153080796,-0.03941258671424577,0.10567738791919863,0.14832077675006045,-0.06599014302481132,0.11676043697221804,-0.06188740983491617,0.009841908135061216,0.09422390906323933,-0.07747986327125811,0.09856361325328444,-0.009431334475522257,-0.01975354052800706
Percentage twee-onder-één-kap-woning (ee,-0.023178773635066086,0.01249378431706943,-0.0031509258672367388,0.0012583156120042278,0.08961342067543182,-0.06747667731103163,0.11248408937858961,0.041534684626663175,-0.0208320373806273,-0.04814343313841661,-0.08801244754250839,-0.017494291663554117,-0.10114985919111398,0.03893006109366478,-0.033582437472093066,0.14620881464090288,0.051724619695977754,-0.032080377793144974,-0.0013496898378926485,0.023593580899769987,-0.002253661188563718,0.08670623942868161,-0.15034032299073352,-0.18353995642134854,-0.0226078860583685,0.046650792586237104,0.057756547554763726,0.04169900518524356,-0.12698833706710563
Percentage vrijstaande woning (eengezins,0.08588362659488073,0.05044797964742767,-0.032870494815554846,0.06283014636483734,0.02010065468440238,-0.02140951649954525,-0.04066490992007456,-0.02892646124561839,0.009177972596684323,-0.07407924197374001,-0.10347781762136782,-0.05135877777560365,0.07812161492361107,-0.009749910258878938,0.050084557905191805,-0.08747971751105689,-0.057553791721081465,0.045532371048496875,-0.01933208748448091,-0.08131012128013809,0.033295321683209984,-0.04340191911457123,-0.001831268147254329,0.04954158027479802,-0.06302177825186199,0.022600309716137735,-0.11917196354704097,-0.005526227087069532,0.02027445739285141
Percentage meergezinswoning,-0.057508583135022634,-0.04453038156832255,0.02085512290176453,-0.04790909479934885,-0.07323483976548072,0.04448634795641049,-0.11276401969733102,0.019348912647841138,0.02974196595160158,-0.004539644156827844,0.20448862051335126,0.0641293307418753,0.020131125184470272,-0.13251906195385085,-0.04173883640112971,-0.09135134885641585,0.020580795547172893,-0.006987542814787574,-0.11181131900705206,-0.07360521715805274,0.06860536947661464,-0.08022067447544871,0.10792247809335298,-0.02843921524593624,-0.03488092730904613,0.03248982680005618,-0.003138661561207422,0.03488492122319805,0.07363257520089937
Onbewoonde woningen,0.02205226463918508,0.005503875466817511,-0.004773106076519193,-0.007619353751270366,-0.024136722215773922,0.05499612993435449,-0.05509333242707829,0.06435133740300097,0.11319722496099965,-0.057275054970303635,0.031851251543440214,0.015203262064192638,-0.047307064942138044,-0.1699041491938445,-0.045373077218683264,-0.09832484554990456,-0.07252254930407169,0.08792314325819821,-0.11648053549354734,-0.04389860223414189,0.005057191605107843,0.0562557104146639,0.004256917570708137,-0.11813687772374015,-0.12924247048429582,-0.23767286085623043,-0.01641645957046529,-0.01676776249480011,0.10495940986619895
Koopwoningen,0.07020749834362684,0.04813086957478257,-0.028123575194557913,0.054854849876886005,0.05782477716795905,-0.04318143950164029,0.05439501670027834,-0.0038383448104318436,0.022929530032616514,-0.08576768934707117,-0.19200443474621484,-0.10277421040951548,0.1258857280744706,0.11537608667536539,0.05361468006472129,-0.05836281435994955,-0.02595830419491324,-0.009660681108908222,0.07377866463863188,-0.049069142955393906,-0.05869394674143264,-0.025680878031509206,0.0006295569357885424,0.01006143813995742,0.04535988971275068,-0.06997965755976412,0.05428277095499887,-0.02610533977783649,0.009047849400967728
Huurwoningen totaal,-0.07034323451959189,-0.0481115271580514,0.028158112902760695,-0.05475597564587618,-0.05780503844873367,0.042586249414040524,-0.05456943312228578,0.00291079723475804,-0.024693703298373417,0.08676984907321858,0.19185987349638756,0.10231993941087,-0.12581522472476184,-0.11486294292483766,-0.05269729644501967,0.058343896631315645,0.02657814971911134,0.008664191475961123,-0.07203335715457679,0.048109642309186476,0.059560120104235476,0.02512454504937981,1.4461784927340275e-05,-0.008509758130617377,-0.045049862700253705,0.07334431762517013,-0.053692787752508776,0.025542076249361036,-0.010101592644231544
In bezit woningcorporatie,-0.06699627421868869,-0.04107406017684445,0.028598509133017588,-0.03314855727412995,-0.018478857023263285,0.028606559135495212,0.0391719406604538,-0.02461715745249377,-0.06462035182622161,0.14381213543802343,0.10730525645318324,0.059814825996427644,-0.20216383483664632,-0.02875989704009757,-0.07499536518854437,0.14914382699645928,0.027308414340643055,0.011095678506677531,0.025358931822610037,0.09346081770171463,0.061118590374409754,0.03980266813026203,0.010438157290474008,0.031710507981129905,-0.02118134855483961,0.10793021097366974,-0.1178021468490776,0.03060674661687415,-0.043768285279723186
In bezit overige verhuurders,-0.022522277581324524,-0.02113849383650948,0.0060298668316887015,-0.04261621719492996,-0.06936416220119025,0.031595811933823305,-0.15272091630243018,0.03679531202732621,0.054726154825636454,-0.06387052689068931,0.16789990184934575,0.08592741335990553,0.0810650412940163,-0.15093571766375397,0.019319741409374435,-0.12201954190379714,0.006638034388199318,-0.0044738336542546765,-0.16838465818838982,-0.05633452801987238,0.009088764877053599,-0.01443239123707002,-0.015269729619040483,-0.06695713366613743,-0.046445035921791444,-0.035769105212574676,0.07993777180140424,0.0005693162369005891,0.052923740274855
Bouwjaar meer dan tien jaar geleden,0.0077444513353137154,-0.0032433795924068335,-0.004273443992374251,0.010818900607974552,-0.005909721470615417,-0.04012129299086581,-0.03412270718708431,-0.05104081761194913,-0.054967323291094716,-0.06870001536219338,-0.12220455139442815,-0.0659889571832117,-0.2534356307562943,0.07097186396650694,-0.13158301421141097,-0.04500121027517092,-0.1526873749293653,0.1320028088870618,0.23852574640594834,-0.21418820088403392,0.22491143568914038,-0.19331525193683158,0.07418303934992838,0.21783939448941714,-0.05245504108662873,-0.04257247792478251,0.08914964465376868,0.026992114432747356,0.0008807205756297019
Bouwjaar afgelopen tien jaar,-0.007702403081377357,0.003148366059406281,0.0042762275344209065,-0.01080685078129013,0.005911200404756779,0.040121261111342114,0.034006062362794236,0.05109683360321988,0.054973063289293016,0.06878232930361383,0.12216128725153616,0.06634690034151976,0.2534914512417079,-0.07080858243211362,0.13171996938992753,0.04492619746089201,0.1524883146559023,-0.13205295268262565,-0.23852024198166416,0.21407293624451226,-0.2249640491451714,0.19327692740700483,-0.07424616663653243,-0.2177695393373893,0.05231595756525168,0.04252338878895859,-0.08900035218545008,-0.027210414017832012,-0.0008843305024691586
Personenauto's totaal,-0.017645028605610458,0.01239947274570833,0.17527367064830401,0.029294667543719403,-0.008144211514177851,-0.004580776994205786,0.0024792690144464324,-0.0002567482443645164,0.0008409285057852734,-0.007294368352297875,-0.018669893391181892,-0.010378253828741208,0.0021012190262415104,0.004735011127596182,0.0040694834569699745,0.0036354780117019794,-0.00601765942508266,0.0008622571650556226,0.005005321604269373,-0.008172803180825606,0.006227660152210823,0.02886498633679989,-0.006071408518229248,0.004070785064927448,0.005613906409836019,0.003593741904376216,-0.008804650792541106,0.0006341448721322486,-0.008756747874263887
Personenauto's; brandstof benzine,-0.018083351200936876,0.012067805775418591,0.17597080266321286,0.029014213062665845,-0.008589517505692508,-0.004579669229407968,0.0024253537064901453,-0.0006662109677759595,0.00012156849537228165,-0.006498781461976176,-0.01723286104505902,-0.009962195213789918,-0.00018388174686539263,0.005047298243112805,0.004105135512961473,0.0027094533721329214,-0.004410109153118795,0.00014232887320189954,0.005646687833896436,-0.005678063727957464,0.005733584300792189,0.02404985180919107,-0.006482785564420224,0.002552367282810134,0.005667123645047647,0.0027119646016682485,-0.007954546244100205,0.0009593237260086557,-0.008200546812534022
Personenauto's; overige brandstof,-0.01624035913386378,0.013144443011190528,0.17115461201259358,0.029703428922479957,-0.006830372807400186,-0.004544018854517128,0.002595004525251257,0.0008549766066261599,0.0027147384714018,-0.009345484579747484,-0.022349617115262257,-0.011454652540994228,0.00821248775180897,0.0038217989066416376,0.0038798163115161617,0.0060662208669930535,-0.010303496653949064,0.0028002661346871478,0.003136824536852854,-0.014866699867073856,0.007455248464124686,0.04162634390376409,-0.00480129670479807,0.008085081038037815,0.005476380780757808,0.00602605805112774,-0.011004087357306019,-0.0001831928709746286,-0.010206066295359513
Personenauto's per huishouden,0.054300328103252415,0.042983568267957545,-0.021531705876994336,0.0739490438340536,0.06436914067972584,-0.014364418566095381,0.05591965230805903,-0.010090478213778597,0.002878602605526876,-0.051490107758413735,-0.16879239714162447,-0.05963449276758428,0.06133837735280976,0.02573432783798561,0.03197899578531872,0.040373266574581484,-0.019788888468760906,-0.00037239490668372296,0.03002861766615364,-0.0005929839374986916,-0.01967092740787034,0.01756367464860156,-0.02928620001357213,-0.024565774526689475,-0.008519272591658886,0.07979181373815245,-0.08049187590938227,0.031602242426925636,-0.016046481830646993
Personenauto's naar oppervlakte,-0.07752592258321644,-0.06898426362440305,-0.005942021159296197,-0.06636592347964636,-0.057174596856120426,0.0008434142152702467,-0.020711001476923875,-0.015374802255203894,-0.0025615999644089038,0.05993163080426333,-0.036786624311194144,-0.04170712928601653,-0.024383730479102597,0.09257597244783955,0.05648549506506809,-0.007981618311192937,0.005229173032092119,-0.0508628489412236,0.02403006605132452,0.11553895747022856,-0.08257596832939959,-0.024901552010637446,0.04515009102820012,-0.01920540248959914,0.06714752505644622,-0.06076258627714093,0.07858155174633803,-0.010545533124061108,0.11030102866207707
Motorfietsen,-0.016104769760554055,0.014344678970863393,0.17066318476429646,0.031110266823253366,-0.0030834454016779125,-0.009845539874205687,0.001545199838200599,0.0020066188126872963,-0.001647380336398512,-0.00805637911975746,-0.029870198256900626,-0.00896105093428247,0.0004814210730793888,0.0003834034437522925,-0.004404637965692894,0.017666616864751544,-0.015002118472552168,-0.0010330251983678336,-0.007573876932899751,-0.03642138524520773,0.030051941427567355,0.09927755686558831,-0.002124817769557386,0.01329673070463035,0.01913483364575981,0.0076814108068400085,-0.0077794121696556215,-0.004305720331570959,-0.013433039530234106
Oppervlakte totaal,-0.0005652123353582046,0.019366082341341632,0.1209282373873093,0.026967285654521056,-0.005269171482494612,-0.005260501188739523,-0.02373660222761657,0.02746899822586121,0.006527015720456828,0.0005226057503946025,-0.0393696460268352,-0.004876497981773421,0.008129690154616787,-0.03518579846493528,-0.040909902343277814,0.04227078626601338,-0.05261211712821183,-0.0005309548443141905,-0.09013292856245651,-0.17282506451492,0.13456364616000271,0.41700180870695785,0.07624501960839515,0.09651544082519235,0.08902022572890342,-0.01822114254193862,0.0531546379828231,-0.022362967177415795,0.05196729249053105
Oppervlakte land,0.001505086617275376,0.024754984122127604,0.14166953183767603,0.034932694867503555,-0.008610069770140219,9.263517681178492e-05,-0.029851337214541043,0.028609614819311898,-0.0037562276379005744,-0.001311497903517158,-0.05461508875502319,-0.016352947623715704,0.012231419272478804,-0.010954901234555454,-0.029048042477702794,0.03737044472790289,-0.03781254643405756,-0.003972833005938108,-0.05017600174298539,-0.124697152684395,0.08635703882704383,0.2622044546761906,0.028849757384159132,0.058214621474106436,0.03827126756453318,0.014660458201707742,-0.0023342795354292668,-0.009170110729710787,-0.0061392049582841505
Oppervlakte water,-0.0026424973956315485,0.007714861170103672,0.062187082050269904,0.010242199117660144,-6.573819371413775e-05,-0.009493026510348062,-0.009992232747010424,0.018003581485594174,0.01573323496499232,0.002352681363987084,-0.011024342015263562,0.009035633124783239,0.0012490169842620017,-0.0509359498015069,-0.04153067737223826,0.034923524702753325,-0.05291294205634284,0.0033594768284983937,-0.10649329122982294,-0.17327824262025238,0.14656436083758553,0.46007923791813876,0.10483417640010981,0.10916881626544948,0.11742755834775984,-0.048456473315796535,0.09745777615793481,-0.029984591127975867,0.09945823874772389
Dekkingspercentage,0.00662075788861316,-0.001044512046272255,-0.005955267491796258,-0.009952850632323216,-0.01681171389381095,0.040979218775902,0.03131014044818662,0.08814027550853858,0.005550208885875724,0.02298393073715912,0.03782038974096843,-0.05917213685482234,0.09189335564159855,-0.06117874871437053,0.051355850876144284,-0.0801531793989164,-0.044497358880882396,0.1289249763006416,0.10794614178269944,-0.10585060856868322,0.06410218188249549,-0.07413267215713681,-0.08076313260735267,0.10239647444506146,0.002504801136628123,-0.0024738235337060073,-0.04238500623396052,-0.12303376500273092,-0.11884889287041468
Mate van stedelijkheid,0.06977285506027658,0.05680388672856363,-0.02930947783534393,0.06542775506534176,0.06737529543960914,-0.051135136690074384,0.06064260147529249,0.03913765916935743,-0.024668533042268233,-0.07580477523120428,-0.09048639897789237,-0.010909123070218482,-0.0645157064482015,-0.02975067883597991,0.020017415599041414,0.05043339492546759,-0.0036987814241719375,0.01286651911974589,0.010480951456994672,0.00209259609191636,0.0719778095437081,0.12163743262307584,-0.08290157631251013,-0.09609559677514175,-0.07570798982577195,0.037831700416568054,-0.12441897880942068,0.044738489735023736,-0.03267994796041394
Omgevingsadressendichtheid,-0.07079258952180416,-0.05625583577669921,0.025921808912964063,-0.07265451383810641,-0.07290006560872732,0.039990960447550114,-0.09719594696630751,-0.03186767757181458,0.030421449017289548,0.04499910539297881,0.08774528043723084,0.03104042439070391,0.07133280967925047,0.014424365577770512,0.007436897861030017,-0.03792712599513841,-0.010300924169541863,-0.014539139466111182,-0.007935850400603796,-0.01565244842165768,-0.06986970897750082,-0.10142190541731491,0.04019671810526363,0.06210473299593491,0.07797701381885415,-0.035180503772175,0.11964286155573918,-0.06653073341484832,0.01658094083630282
OBJECTID,0.04161012539950878,0.03651311841781542,0.014166145988077783,-0.05493474970577019,0.036390811517001104,-0.03656846998031036,0.03380699994402515,-0.0029514834889536375,0.0007556186571493093,-0.07012733129005798,0.014133076725335356,0.027405127899258176,-0.13299767708284307,0.07839269472684803,-0.11956159153474703,0.036264062873934216,-0.059173170110859354,-0.001886214266327151,-0.043664934081661985,0.08325059365209561,-0.023337011962658853,0.03712197185814185,-0.09428533331148434,-0.07341907058036647,-0.13500405674263913,-0.14290797376314998,-0.011969169760334061,0.16650703494630664,0.06849190565115887
BEV_DICHTH,-0.009653436204920169,0.007019400670826775,0.0026811444069500855,0.023182257926919095,0.01882040842207859,-0.004855341639500925,-0.050713521840336805,-0.13727651717228806,0.024391859222589442,0.01628383417162669,0.002622988117463714,0.0044331917970173804,-0.1358635223989516,0.09148897402415085,-0.0051264942253854825,-0.056178531927976824,0.023377582447843572,-0.1242165566361858,-0.2237997645448374,-0.027808756810501024,-0.02188944199100906,0.024223873289219055,-0.02163539709483203,-0.15503837720905675,-0.02005126145589642,-0.14078277532324862,0.0397086412533629,0.09521323506093116,0.11901423831075271
AANT_INW,-0.058023375325904694,-0.039576134932536665,0.005422870810501475,-0.011245483445773684,-0.018836543008135066,0.1361024911230315,0.10165334366575758,-0.12883168969689507,-0.06393584014589809,-0.004007821455743124,0.00490830343855306,0.022476196570433062,-0.046761738357337476,0.08876379833991732,0.032071194414669,-0.04311264329745364,0.0007018484689711744,-0.07610768560139337,0.040870341690371896,0.03184539985212659,-0.0202689188410358,0.014072370162064411,0.032801592018218854,-0.006857072168088525,0.11941836330037914,-0.053183265849230534,-0.0029055103240594234,-0.051291781160657746,0.031640888026374395
G_WOZ,0.07147655459798788,0.035517986490534226,-0.009167810851005041,0.07433292301620989,-0.009693800957124028,0.045375496337942536,-0.014960648850060577,0.007972200152701345,0.09536738536951758,-0.030856031713526223,-0.060472632587072556,-0.013090261284522056,0.20229494101005996,-0.0010340688093638517,0.07326222359999836,-0.14623989764368542,-0.02300492440904857,0.0003617349757755009,-0.044627162308013876,-0.004863613792960436,-0.02650277663107394,-0.009592940016726316,0.09428869317203706,-0.03512392868766058,-0.04619124917675386,-0.01534761759156694,0.03536725069704502,-0.03485637205437738,0.06938805941557709
HuurwTperc,-0.07329788546207613,-0.056562121176099045,0.0006166189255773152,-0.06017405218045951,-0.061670655361401094,0.05126390199832766,-0.04532012375825232,-0.0036284449458824793,-0.0306657166824159,0.0693965971560772,0.14286788702880765,0.06842445823993884,-0.11718762657565428,-0.07523813522698714,-0.03385581057882804,0.04086402952559503,0.008605323212303269,0.023220835359497087,-0.02799399565122077,0.03443978375387838,0.07238165032848515,0.05432856943840139,-0.030795042138605837,-7.00085362083772e-05,-0.06181779201299702,0.07096431881398753,-0.1413261874973099,0.013120966053101923,-0.03896974450108212
F18MoeiteMe,-0.06432188707041281,-0.04965406974839722,0.0006418061997476496,-0.07092379337083389,-0.05347859519413688,0.025627184223475936,-0.07178231076155837,0.0020601034055156247,-0.05654578510960204,0.06657197313014084,0.1039923539274661,0.041070369437759144,-0.1419541481991797,-0.007643070658004521,-0.02977960966911266,0.1114938685956355,0.009037674686556533,0.032476389911242,0.04344794303054332,-0.002720240006505349,0.014777764219502571,0.025795827593179554,-0.07452259696166794,0.040768850640591325,-0.015602769230800978,0.039847240627319896,-0.10973437345564051,-0.03485746261095077,-0.0487815463778509
Paal_Huidig,0.010819619033970135,0.004037709780672471,-0.0060261294002698215,-0.08238825891991118,-0.05869827020300229,-0.06324596756424286,-0.1681803140889553,-0.051287150097707866,-0.012947706837877875,-0.18427831394999053,0.09483397419066453,-0.04550637740118047,-0.03061905565597064,0.12006791754712301,0.031330818098670415,-0.07064715279835386,0.1316869835082666,0.004916214752039676,0.15589218145028397,-0.002702908667238797,-0.0077314550164376775,0.12085769166771215,-0.1449273964336085,-0.040194374460236354,-0.03660729547819406,-0.06060088818075809,0.07360130827608934,-0.07039911466510566,-0.08038363347490238
Paal_2050_Laag,0.01245488825399649,0.004811851900860454,-0.0059733226695729506,-0.08243885196751893,-0.057668731294650555,-0.06328008084894868,-0.1667731269308197,-0.05161863897835562,-0.008656880605243217,-0.18221690966145968,0.09471213063044176,-0.04410466754400745,-0.0342172069906468,0.12189463017065082,0.036452469253613846,-0.07178738210671562,0.13786294439862384,0.007415957669611276,0.15909004495714046,-0.005025649540940891,-0.004341109124738245,0.12028144096746908,-0.14236873848711915,-0.042001885289926696,-0.037023073757944835,-0.05482382827069227,0.07869910418267366,-0.06753875442538765,-0.07737900353952652
Paalrot_2050_Hoog,0.015886804535813974,0.007319360352449784,-0.005884802970878282,-0.08213359204576036,-0.05606014804016807,-0.06394125014526444,-0.16058124215973324,-0.05027683905822126,-0.006763154381175051,-0.17630864462347823,0.09559657329596691,-0.04420805694309872,-0.04076840416651213,0.12687239313631538,0.03843332228733102,-0.0775449192553322,0.1445856724716358,0.008352599121487139,0.16280212115637982,-0.0013545815250070943,8.642776717682386e-05,0.12140079860494712,-0.1393484525059566,-0.04144494454226284,-0.039321209828092354,-0.054559469393719855,0.08154898893299624,-0.07033081419275518,-0.07807641199654146
Verschilzetting_2050_Laag,0.029529369699124255,-0.014267954330455966,-0.004088046922203204,-0.007128926188665171,-0.03679040394195059,0.05035730122338378,0.039564642575272424,0.0011532201908266693,0.2012872918446143,0.01445873676279282,-0.08327475352557874,0.023171612150059466,-0.1495441906853798,-0.010609149979343533,0.13824805032558085,-0.06100087049327827,0.08872242759907635,0.1595202787316315,0.018472952342805823,0.07782594467633998,0.08921401595021747,0.040997020719724206,-0.050223157094420344,-0.0541408643342622,-0.12096944861017685,0.3556168708862571,0.17878197238097215,-0.04426512687553058,0.2874943818762934
Verschilzetting_2050_Hoog,0.0332867345575182,-0.012990249801734119,-0.004300689125858927,-0.010406570490250356,-0.040716668153311535,0.049575219797948045,0.03716077907579496,-0.0035240502155146052,0.20345735750601937,0.011280639685715504,-0.08114824328310451,0.02521607292152699,-0.14480661833938568,0.0014408231137510062,0.1431092077158792,-0.06666368593782139,0.10166502463575933,0.156688606705999,0.023812133629950067,0.07063205508520884,0.08905123385115368,0.04412617354907037,-0.05008580333162989,-0.05919330906798292,-0.12148390912419371,0.3501908841003496,0.17938505888381645,-0.05098376833533239,0.2729268272192306
perc5_10mm,-0.02127142504055999,-0.04169656728935248,0.0009140388056579114,-0.017710875502856743,-0.05338349919452959,0.10652335568120218,0.00011437118434141365,0.0817165418352452,0.030389552404299167,0.20496361749446027,-0.09946344439627182,0.11013312960836463,-0.02343318825349493,0.014744367663712577,0.18870484332898563,-0.06425215472378812,-0.06404122449409407,0.14462728120368254,-0.05259418594797157,-0.06410741637341653,0.04535108903031675,-0.001638488400494326,-0.06185127061116799,-0.05385066514498587,-0.07793628032614507,-0.05456177854348663,0.15576527178595012,-0.06162666528344738,-0.14513765738812942
perc10_15mm,-0.05395240774161831,-0.05989365658781454,0.00019377550849611477,-0.03887919091697304,-0.05411092166926783,0.07342972413881875,-0.004146375885805662,0.05883018506901464,-0.0036386781143702565,0.19331408655154836,-0.10479937353269794,0.10493620521844961,-0.011995574366766725,0.04434385235261395,0.17406606265831515,-0.04840032113227615,-0.08272512338543829,0.12128271643017054,-0.04177343901760728,-0.05542627832892183,0.039485997603903096,-0.015495773637652855,-0.05428394978809011,-0.020470010385174525,-0.04674416446760227,-0.11209383962881087,0.09743750871643246,-0.06572420444990848,-0.10291304232611992
perc15_20mm,-0.06789539604978859,-0.06316726512816545,-0.0015668723495443964,-0.042446204097655475,-0.04956204590515265,0.04878520246990824,0.002945133894786864,0.05764539620383311,-0.035834316965299685,0.15752756740416374,-0.10775225686603133,0.09411493343751758,-0.026697024926530824,0.05286108513884612,0.1677659937221834,-0.03910298042743186,-0.0794361454635964,0.08585561971293698,-0.02805086690508523,-0.032388718867546545,0.045419680674151024,-0.009363618587330414,-0.06001617353503596,-0.013045867165424146,-0.0380535582655089,-0.13405120909262236,0.007759438831151588,-0.0332340402502689,-0.05505667504251364
perc20_30mm,-0.06602633709462037,-0.052524294410527604,-0.009229828080981555,-0.028079784553500672,-0.036498656785944945,0.012081028999032496,0.004951423435630269,0.09374055826835652,-0.06978791339450124,0.06771770673069002,-0.10463603781937317,0.07733673132700947,-0.05219825618574628,0.035805480318786595,0.18083358567127905,-0.014548970600866084,-0.05432503496865531,0.06360511454771738,-0.009205210133055166,0.013932310788342388,0.058410876294792226,0.03947785727194415,-0.13468581388695328,-0.060149616961194384,-0.10153022368041449,-0.13587149796752437,-0.12213600106529877,0.022145027978061428,-0.03259037565822258
perc30mmME,-0.04044597042453432,-0.024744429593221474,-0.013965850759434788,-0.005043413878031105,-0.02529776162370623,-0.017161207699038488,-0.003350550331033676,0.15818111719480404,-0.10191204261546644,-0.07419937871260078,-0.026637382438085593,0.029348215954746383,-0.026341549189615482,-0.012935826061188621,0.10092192260926806,-0.0013325150492735573,-0.01017902708364389,0.04723754670264381,0.05476293492229996,0.07227868895857262,0.04745274911958306,0.10007391045722551,-0.16276482472581635,-0.10953004052775298,-0.15929953773269276,-0.06878515624112866,-0.22434816239374472,0.04725938336895525,-0.05608029958521957
percNODATA,0.05316001589113497,0.057144690325904614,-4.5173792821984654e-05,0.032781621165712656,0.0532673350256705,-0.07318395182890138,-0.0002658429492001789,-0.0950258576793244,0.015459999779882575,-0.18198685505886053,0.11379356719024045,-0.11829465018294194,0.028878334337023744,-0.031103158512557325,-0.1989505230368364,0.046680077395519354,0.08076083571643669,-0.12602275398180743,0.04121912146167856,0.048352799325804885,-0.053212919567546695,-0.006248732925298177,0.08711622712985731,0.05072030359306595,0.08203377543004904,0.11037352427533423,-0.06127851296691246,0.046894637006884995,0.11673094122899617
P_H_SOCMIN,-0.0453328088761078,-0.04534908025138555,0.003172840125782539,-0.05862577396377451,-0.061702763043401936,0.03537131918783064,-0.05342171845163536,-0.014945717429713297,-0.032837857837930556,0.1006315342558748,0.14805173735553837,0.051148979157953835,-0.13948586652976147,-0.02164355413268084,-0.04238209538543936,0.05736064551456268,-0.005506298713784974,0.047737925196031046,0.018221338645537582,-0.008032263973224915,0.07506852673445227,0.0005143779609722495,0.030243252605894392,0.08375604865997124,-0.07605404877257847,0.05474136879808102,-0.2145473724649488,-0.06212518584684897,0.020136895848841936
GLGHuidigMean,-0.05739215504496364,-0.015371631048301472,-0.007671269158899227,-0.0006123924454728196,0.014058040171161183,-0.09176608123417326,-0.05374090439872007,0.026574899143221944,-0.22612453149877676,-0.09522500128054295,0.005124951807815318,-0.06804115295884292,0.09161773290328667,-0.057940699475153325,-0.07548620865952846,0.033511717705787585,0.004377304336863141,0.24740096959554742,-0.06277887828395186,0.19896796961677388,0.04488433841918671,0.02874255863495198,0.019001564091016748,-0.0116309039696702,0.01508351744180177,-0.046690621781068246,0.1039372011634973,-0.06453002535926769,-0.012019702274067802
GLG2050HoogMean,0.027542445368941394,0.020458254252378197,0.008333108823020952,-0.03759104636906519,-0.0024561296567260373,0.016368565653909078,0.014053522907338169,0.02715278113187971,0.06454203563420341,-0.08652362881018807,0.03398707705648218,0.049385077907863825,-0.08741989853455329,0.05859792485593978,-0.05638882707188601,-0.02623003604230174,-0.027628974363651648,-0.1506339657725761,0.04920901239469817,-0.0473449830654415,-0.01135013348341656,-0.0028518042510161734,-0.16471834656656772,0.008821298556921937,-0.025355820098743796,-0.2655893140303722,-0.15732719444234972,0.006844990121206647,0.17094605494202983
GHGMean,-0.06038900728659886,-0.028238407558583874,-0.011770496589466259,0.0049991977585457405,0.0054848951013064745,-0.06886592717456151,-0.040425721524274275,0.02183174136679046,-0.18727084532497326,-0.10992736472526932,-0.019751912908119236,-0.08548031818884931,0.08383208933702219,-0.09054460131800991,-0.10070752752994198,0.0422574581141095,-0.06787123981090115,0.25679734595469805,-0.05634350489708716,0.23167567526471514,0.02263965287747275,0.02536478919139611,0.018680839519476026,0.008018014232605791,-0.044116712043607204,0.0007485667639771552,0.10408992462912983,-0.03755185071611905,0.08433121626192881
HG3MaxHuidig,-0.05528701584399135,-0.02608226227997102,-0.007090305700997236,-0.03359702539442177,0.0007960180470314401,-0.052604254108065705,-0.025052586648508415,0.026750876839062677,-0.15895788483078702,-0.12092216649871249,-0.016839247454013457,-0.0937126439660904,0.0930269189303511,-0.06618172369532532,-0.1353350773742393,0.05268186601140883,-0.0784621401443143,0.23574763422705677,-0.03691867693398403,0.214380149572397,0.012645599110289908,0.010047864485360698,0.024719635065549955,0.03846487349325384,-0.07239382871046537,-0.024543461274397695,0.09983404913359756,-0.016719996767657962,0.1268828733308704
LG3MaxHuidig,-0.054923698296695224,-0.012123228204897243,-0.00796469410401327,-0.0012797032817496452,0.013993596080427126,-0.09319697118360759,-0.05575912611966195,0.027665967088548148,-0.22869254089499907,-0.09058582991372119,0.007473900112129644,-0.0662195088092304,0.09202909523754622,-0.044137343092488665,-0.06780240196684442,0.030837623787235802,0.01905169320721114,0.24859955453407834,-0.06217901095444354,0.19525224521801318,0.046163234488800844,0.03203170350731415,0.021518821968706043,-0.017693953622507825,0.013164295664590743,-0.046859296079164406,0.1086110047248513,-0.06909068157817914,-0.036567479593456624
P_schaduw_fw,-0.039096349338188056,-0.03861663794798323,-0.016489368586677856,0.10963630662676256,-0.012767820817178706,-0.02782467390842216,-0.08531867759148114,-0.08647197067479358,-0.010065927692065239,-0.008430251551210887,0.00955591202095551,0.05183720200661019,0.022692842951296793,0.0032861516826313275,0.03477079124823986,0.07086050838022201,-0.058613386499408004,-0.008964300600064094,0.05381989396481082,-0.06882034508016514,-0.016911636589846287,-0.03339866998879526,0.04932846049190509,0.017867383642141712,0.04097578499139127,0.03639651335498281,0.055230908258229176,0.07279252727263101,0.02982306840159069
SUM_Shape_Area,-0.03207900013994085,-0.01575429450922245,0.002817517129454604,0.027680134957244487,-0.04178486751769822,0.1963088183058604,0.040608546832670366,-0.04241422143067442,-0.1219364079644075,-0.07309998608489825,0.028430109695116064,0.05085651408190699,-0.010947300973275047,0.07087082319345718,0.002846823772835732,0.02211274530505007,0.022854017254126273,-0.02725734128594447,0.002119307030887253,-0.04386568760955399,0.023629991406809103,-0.024786084154935894,-0.006134061780887564,0.015473161871146947,0.05408266739868602,-0.019552036588674698,0.019604542450311686,-0.03041785970705746,0.09990335541340824
Oppervlakte_Totaal_m2,0.056728082523395215,0.044028749399252776,-0.014045344035894016,0.05571109865075559,-0.07471144471981504,0.19450078169596088,-0.12253002647580565,0.02609813074436752,-0.06423456203404553,-0.011181887141675808,-0.0897150520895989,-0.039511568282339524,-0.02715712119358089,0.03332140327889321,-0.04202137628248454,0.025050219149700775,0.04534940151606121,-0.021163780033233777,-0.062228710989652214,0.024839724161506094,-0.0011500531322664416,-0.007796334156196967,-0.0056600133400970904,0.011947099698611218,0.006109238764062084,0.027397086702025772,-0.015591508849793573,0.004998525515239244,-0.011000988960427826
Oppervlakte_Land_VSK_m2,0.054894882558488504,0.04492918019728413,-0.014593136403434162,0.05794375680969559,-0.07362423253761093,0.18728711537675785,-0.12526025999320414,0.026202744064580653,-0.09802576788134813,-0.004928030202402181,-0.07991022300186393,-0.041964747751752476,-0.010871205126621972,0.05079669296353449,-0.031677828894286435,0.022449760859164104,0.04849685209784826,-0.03033120702484321,-0.05871713903755493,0.004033131636499695,0.0012882544688721648,-0.009666429279960474,0.001948254405934743,0.002871725923244403,-0.004251640843293844,0.04082592191247329,-0.016497583985900986,0.008675999292971373,0.004566606990644546
Oppervlakte_Water_VSK_m2,0.04530264624598378,0.019201108528353425,-0.006423549949673674,0.0189308921424343,-0.053359916238882574,0.16319178095871958,-0.05516373110595938,0.013859220011201242,0.17729570139140868,-0.048061334965777865,-0.1157658399223091,-0.011856637002602267,-0.12076367982218306,-0.08931716743598016,-0.08766623685754914,0.028742286703765822,0.008362727828283982,0.048311567423375765,-0.056535910871505377,0.1517261300948176,-0.015691247306671534,0.00892874047612635,-0.05371274177387618,0.06391386755449537,0.06704480204104551,-0.07055242227668279,-0.007341376332568401,-0.018670257001122584,-0.10358241959914422
Oppervlakte_Openbaar_m2,0.012700243590231305,0.016206271920594473,-0.010095510516594035,0.04584615042324548,-0.07147081144658882,0.15619365833712334,-0.051701707671006916,0.18409611070458665,-0.13440468116686746,-0.019097064763334688,-0.045877621292810054,-0.048320551416680985,0.0031510459581478916,-0.03458519749806488,-0.06571486862257962,0.09106362359732889,0.05453243927054171,-0.11463769857543184,0.08030358021409424,-0.11293847256805677,-0.011046166687024026,-0.031114586254153906,-0.03379530945929329,-0.12078834262053818,0.04664335329049488,0.03400177954340712,0.1520919284391674,0.06407687278327258,0.08039553949458994
Oppervlakte_NietOpenbaar_m2,0.06263921885765149,0.047207775181393595,-0.014215008155320352,0.04740055870296368,-0.05368263734142605,0.146519872156238,-0.13135700801912978,-0.0699468976854453,-0.05144607019114844,0.005701187715232785,-0.07332029167453163,-0.030401984457250262,-0.014480045157583481,0.08833309078266009,-0.0011992593903870133,-0.027069204917858674,0.033151462105044584,0.02561299006728483,-0.11619845691829998,0.07233015085058776,0.008858014167578357,0.006576016748294515,0.01920454905152333,0.0701879141861291,-0.03024505302845349,0.03088352555150925,-0.10787593369222458,-0.02246339323281036,-0.03405028345019681
Groen_PerInwoner_m2,0.015509588380811363,0.004112532948355197,-0.009621116709386148,0.03470578820630699,-0.05990362638478391,0.07489606788274975,-0.019540015574717153,0.20070344980215774,-0.05817128142350315,-0.008219529851956377,0.014226129396548078,0.0016844775496274267,0.019601415518329827,-0.03148468301550197,0.0037074239254321867,0.031301883340944255,-0.024534704032161292,-0.05623062092758997,0.19494700595688533,-0.07340615183636343,-0.026743441959178313,0.008475950392239355,0.07478516111619134,-0.07901313858051602,-0.054832237826184134,0.02381212463240871,0.10427990560674363,0.04594217670568565,-0.012463542945858658
Groen_PercLand,-0.06693748410314933,-0.05202280078102348,-0.018669819896955833,0.10069667699296794,-0.0028394518901995337,0.03997603312417261,0.0789753367707628,0.13922891152961694,0.05028645363484712,-0.01983492807052965,0.08308353294822896,-0.043519673316993975,0.034333309223013156,0.05762016980350696,-0.07375115697133112,0.040634116917688846,0.0643783367570834,0.010212572380702193,0.03015609480625596,-0.09894387909518307,-0.05981758919148484,0.001762260163678752,-0.00527620578069699,-0.008554769900934222,-0.10550167497658164,0.011886596597177047,-0.0013547814917015122,-0.0924981677140266,-0.028224734099708347
Groen_Openbaar_PercOpenbaar,0.05274156104346357,0.020165423103570966,-0.0045547323893197,0.10969494039697165,0.022378271286064632,-0.004255075593037729,-0.0064181500370926025,-0.0644197944648802,0.08376728365687568,0.038654665751633614,0.06582813605945062,0.06294448329264274,-0.022511874481683698,0.15282917670114837,-0.04639497825600097,-0.0200687560905722,0.017254523941825434,0.044454972174765586,-0.007541300544720284,-0.02421945179028043,-0.04276050567816762,0.05102455311214837,0.11591385264118052,-0.06688380587483993,-0.21267874211545965,0.02661444325903178,0.08928283090031593,-0.04011269667250327,-0.1226603749611342
Groen_NietOpenbaar_PercNO,-0.055616108354654914,-0.051370478437665464,-0.01600163383506544,0.05356270493315663,-0.022574958214609357,0.01106093639120441,0.0450571714444001,0.18111161478938234,0.025633990027993426,-0.07905751026108467,0.033631781271003997,-0.0987978901569594,0.008629310729190856,-0.056797555825822243,-0.026571036995645517,0.0073514295998367155,0.04002737957971272,0.03303093544492613,0.006682470266622349,-0.13205481464607438,-0.002379502001698545,-0.06675490553724622,-0.048329331201621854,-0.020003703169767805,0.052909269973027064,0.07002979049065443,-0.0766096465467299,-0.1471738974632208,-0.08254992451699796
Steen_PercLand,-0.0943380914421316,-0.06912930273067326,-0.005184007185851278,-0.06604588887763496,-0.014706928833403226,0.010584494834311514,0.05024212561007638,0.009582573736980854,-0.004978875263471127,0.00416790719659634,-0.07778903874259664,-0.02947518026388181,0.0509625201462243,0.06342935861675737,-0.03204789450035763,0.010889507305157543,0.01973382349778913,0.014428058005031266,-0.046388004886496643,0.03263978233961288,-0.017173142211506186,-0.004653298112559469,0.024255853456441018,0.06372331723281188,-0.02664765237538069,-0.01055552312187956,-0.024624735148544068,0.011605766137241172,0.06060217041172786
Steen_Openbaar_PercOpenbaar,-0.07901526687085467,-0.05591659078579641,0.0027762641752385703,-0.11027268252259001,-0.010970250520079902,-0.03362501709618474,-0.013663172178980875,-0.015975007907786835,-0.01618514569724459,-0.00782277568559204,-0.09889678645482058,-0.03495264752542138,-0.0008826538994287784,-0.015197277988192774,0.056027100757889796,-0.003371547419012329,-0.022114609168574117,0.03693283565147027,-0.04134386376171503,0.03798186044617032,0.024646867063500028,-0.01887560738227154,0.020681301134349853,0.009971481248153015,0.09699061302449903,0.010824059619390305,-0.05337619510919413,-0.030512839313619942,0.059603720601494416
Steen_NietOpenbaar_PercNO,-0.0891946346373615,-0.07038183050334994,-0.010304118148677203,-0.06340102833798644,-0.037486751562248864,0.028524380315895395,0.021331035749305016,-0.004517305672363095,0.009098171320303454,0.0003274969727259025,-0.06478869037360285,-0.027895097915067994,0.0652715420761245,0.10116883864790335,-0.04191547041889934,-0.01407231407677765,0.016828393393639125,0.001311394295995851,-0.014050948078274953,0.03082956310984886,-0.02555058203022046,0.014244520293194085,0.0539328518384213,0.057895173597507454,-0.07075553465851307,-0.025395503248898433,-0.026052385619880474,0.043183342761050604,0.04419443863592116
Water_VSK_PercTotaal,0.02857309801487775,-0.006925744348989555,-0.00010227291057328839,-0.015148030761717347,-0.016291612035137414,0.1144528808082391,0.04625028116394375,0.0007149292214491706,0.31735083031675576,-0.11287343064414289,-0.020049012968956795,-0.02353660940303598,-0.04419035961146564,-0.10754359489601321,-0.08259676632271792,0.06861287758406363,0.02679463323520109,0.04091784081759335,0.06309282624842323,0.12694914686927627,-0.03621150120399617,0.020292967446632337,-0.027222542914797723,0.08125807254658887,0.03899680095270093,-0.09043138505370818,0.03021017919303983,-0.0021160570731368123,-0.048023711128810403
Gras_PercLand,-0.022403329598202983,-0.017219992067498344,-0.008837689008535628,0.016733031929149562,-0.01433125429661386,0.1044316160304028,0.11799840784758049,0.18848062478111136,0.08697279668891529,-0.005650022191704528,0.11619537383745279,-0.10701656741948179,0.05584193567949237,0.04481473061509934,-0.05930837836072156,0.0625060281202841,0.07379489765542166,0.03455479256965694,0.09362801150371992,-0.12289149978470397,-0.091473433320874,0.015258785115169773,0.02238003899388271,-0.014160392264567508,-0.14623557223251363,0.0650980917467819,-0.054820100047998054,-0.13214103853830664,-0.07430418710620978
Struiken_PercLand,-0.07866407759448375,-0.061388797832808595,-0.010639661521654502,0.03510687739094373,-0.005293026379293538,0.02321586721338625,0.0708942141413016,0.04243963262331291,0.05298221243132971,0.0267025552604796,-0.0327507502211317,-0.034921653724906625,-0.010312843615323997,0.04030015606209366,-0.09313342686028168,0.012628122371071446,0.027020367127771217,0.012174288985745746,-0.027920381787214763,-0.06668105907648399,-0.04616770312680619,-0.014690666541725956,-0.018131112328751583,-0.018542276728366926,-0.09877366019776765,-0.07132870894380405,0.06616193317633196,-0.020246417335852588,0.0570661806070963
Onverhard_PercLand,-0.059623750025454975,-0.041029051807139165,-0.024006913796771997,0.1119205327699778,0.004807065515262638,-0.030429848155082238,0.056497425613799966,0.134600976739789,-0.04147125004868899,-0.051449430405292554,-0.03213476513578176,-0.07285629173624023,-0.07353683124769966,-0.10951347275577598,0.0547361591317455,0.055340859909983504,0.025532935875793316,-0.062374945423928504,-0.0020979608550203525,-0.025231198245591117,0.010383240488898146,-0.025911375600728013,-0.09249833964802219,-0.078887042641353,0.040653485575206344,0.05312153887099864,-0.0011404678695189521,0.0009304741482825691,0.058836293399727305
Halfverhard_PercLand,-0.03602220941104695,-0.022803125994680287,-0.007670054807450448,-0.01363250491540534,-0.009864730277724025,0.03747989475098742,0.044628143781624406,0.026556647463794852,0.017807711861528436,-0.04466893483103666,0.07992783131544663,-0.027961499032826204,0.12171841650782629,-0.005305277673336715,0.08262565458789066,-0.01706962041904665,0.1473742797535017,0.1162468010523391,-0.0999915522830783,-0.06415468250918728,-0.07321332584602097,0.02605392615728217,-0.250122786290674,0.30942499653987643,-0.014764307376876363,-0.012588228459513339,0.037502831808759386,0.30784105697098896,-0.028599351274474414
Verhard_PercLand,-0.09435371510671428,-0.0691136357076535,-0.005153517091706309,-0.06605694638430723,-0.01465955696387402,0.010229002657943355,0.050068364952838895,0.009643106011303517,-0.005671102971632885,0.00415259208038113,-0.07783079553530196,-0.02943528822710594,0.05094829623734999,0.0638230771204636,-0.0320014907441322,0.010497394341739368,0.019334340750160963,0.014394578378625459,-0.04666721919698991,0.03256273700938213,-0.016790562305000416,-0.0047058937041449785,0.024451868889923612,0.06330536117983933,-0.02651325580829716,-0.010867666482705353,-0.02445342826689486,0.011882954886243446,0.060569170057086355
Gebouwen_VSK_PercLand,-0.09067995553556722,-0.06645875161281649,-0.006472491128650948,-0.0803289504474326,-0.039176159493413444,-0.015511341667642002,-0.03495058249780516,-0.009979654324226312,0.008187302036106538,-0.0570684231883529,-0.08389090801230514,-0.045105071150212214,0.02993442567575858,-0.0015499055724026178,0.05432604272610738,0.04491637895154558,-0.07631994303309055,-0.009168352669685539,-0.018019589124757852,-0.002057527018717598,-0.015596718621823921,0.0016069851395055458,0.04233233464890522,-0.010313597445510844,-0.03976167861244352,0.02300758884444496,-0.05668096365882123,0.05700415099007794,0.01199628196081686
Agrarisch_PercLand,0.10254665700205934,0.06692835310680223,0.00420125773172054,0.008385457462826986,0.004619297340494454,0.0031647468539464946,-0.06567768911998388,-0.09977953181107621,-0.007236855581852158,0.022594501908467825,0.047782094272208184,0.04949197606193033,-0.02251342666059479,0.01420151935383157,0.014338181684202157,-0.07188788326330514,-0.002810162789082143,0.02064499273168434,0.03285477010912014,0.05461881998063797,0.03330818857851861,0.01840859873388795,-0.0037076504740778107,-0.005182628761823601,0.02713371613590711,-0.03473548961425011,0.010100736593450321,0.009792196791800982,-0.02740746470502027
Oppervlakte_Land_ONO_m2,0.05457907516779318,0.04506802468051562,-0.014682853885995866,0.057786404685388426,-0.07321403437249858,0.18669205127688968,-0.12532699738301126,0.026072603277252263,-0.10205003121392435,-0.0054002165453958945,-0.0788321565432679,-0.04241127077703754,-0.009560891468244641,0.05256412845238545,-0.03146170532178107,0.021610588481141862,0.04817374396818767,-0.03205513168580743,-0.05829734912464742,0.004102729112457994,0.002764888788729903,-0.009887214120006866,0.0016717179875249456,0.0018872423782020798,-0.002099125335980685,0.03988881603717145,-0.01576412945790126,0.010241572729479351,0.007341981495352165
Oppervlakte_Water_ONO_m2,0.04600778187069139,0.018528194303888777,-0.00691011303632154,0.02106980002338156,-0.05565016796023364,0.16292232654723207,-0.056348548332776444,0.014075311265392413,0.1804016038827727,-0.042265347510918753,-0.11610901805141394,-0.01214237113580244,-0.11857177186788559,-0.08879331139043535,-0.08191890590566815,0.030367963317581705,0.013439439773483053,0.053012599376658934,-0.05553228702567957,0.14093318358306384,-0.022819155480089264,0.009485614570711573,-0.04933051486063434,0.06468819980917583,0.04796283026682,-0.05712013996990796,-0.013074644869630966,-0.025044220088257126,-0.10969328485675424
Gebouwen_ONO_PercLand,-0.09055962324005973,-0.06634427660594228,-0.0065069201078309016,-0.08037109078706452,-0.0392676080231777,-0.015280323390704698,-0.03466888924652342,-0.009952723978148486,0.008757361671241588,-0.057032059410205706,-0.08391424537615944,-0.04531462170625818,0.030973254534088817,-0.002025915182061714,0.054794551612320344,0.04585156894375162,-0.07696498640646814,-0.009331134630277307,-0.01787090453577523,-0.0014756828737395177,-0.015002830273675154,0.001610958946844463,0.042938054639230956,-0.010291873277036177,-0.040860661945628304,0.023237764779159217,-0.056444702826338344,0.05745464451282264,0.011496717644636681
Water_ONO_PercTotaal,0.0320879912532036,-0.0063506825485714884,-0.000981740641744393,-0.010862397975745399,-0.021803773709985513,0.11558355839713072,0.04260466878825644,0.0024377248059121647,0.31925401264754744,-0.10045212512173424,-0.020456580104976196,-0.022206515325846096,-0.04666863479665863,-0.1121711426587894,-0.0736018184368731,0.06674544714718357,0.03224301916079491,0.04835153283833494,0.06590007581320084,0.1175030307421218,-0.04549273525902249,0.02389251624275337,-0.028212270512163264,0.0793891472690071,0.01880999545503525,-0.07243741500812255,0.028285643409603534,-0.004895586062716037,-0.05271317324755266
Oppervlakte_Totaal_m2_BK,-0.04163199078577719,-0.03199090916662883,0.009125761979995909,-0.005097048528765302,0.02257279545340187,0.1556951449083922,0.17654686687167195,-0.11674086077665428,-0.09999144307966938,-0.17423763824523383,0.03704201760046686,0.07168897411334058,-0.0400658183481326,-0.030120139003308073,0.06170656643281053,-0.056602693832232875,-0.05862948759051595,0.018110400896547748,-0.02479282205627243,-0.021161725829798004,-0.008650394166071431,0.00908597389520723,0.0063875540141460725,-0.016674632854378937,-0.01190903644315378,0.017073373949258407,0.012913882145417471,-0.016714055208880994,-0.032330264918256656
Oppervlakte_Land_VSK_m2_BK,-0.041598778538201236,-0.03172633051453061,0.00886834634302455,-0.004795844974222248,0.022822515591209746,0.1541370919529594,0.17496209261683157,-0.11564418782915767,-0.10452150270409932,-0.1720025540239865,0.03226072059225719,0.07383065830930108,-0.04466755236460856,-0.033110971980563265,0.06337914185667835,-0.05935076077978526,-0.057986307029181706,0.022223664757064655,-0.024783953043033425,-0.01982198537222044,-0.010647805252984175,0.010436516570775486,0.002103340610602454,-0.018680341691178992,-0.008736300099164238,0.014881351302293835,0.009080429628267753,-0.018468999141421295,-0.033762921225601754
Oppervlakte_Water_VSK_m2_BK,-0.03552300329178096,-0.024805018555789753,0.004006122800756999,-0.007616518471173284,0.00414239208678031,0.14659927693875843,0.1542220798466801,-0.10700429964785023,-0.00285077550391363,-0.1687964307334056,0.10217907773131006,0.004952044854501236,0.0413895468578168,0.032622862582249855,0.02868434852323587,-0.008649659593820877,-0.04559575961024651,-0.04609402815495089,-0.00846488941694003,-0.02137136175758718,0.026518970146536164,-0.009796162097877389,0.06384539311956192,0.01780202736257932,-0.06682691813683164,0.04509865677093886,0.057767139850889375,0.02096935845445617,0.006056342910402091
Oppervlakte_Openbaar_m2_BK,-0.04480387031611137,-0.03509528031550091,0.00867054165379937,-0.008115246228835585,0.006793882774609198,0.16062776404603377,0.1693894851818156,-0.10537465384669172,-0.08567981887589429,-0.13842385373332766,0.0838191288832646,0.0495721261013048,-0.022812186302858674,0.019828166920887666,0.05109213799288351,-0.05976763754890153,-0.04073641278687494,0.015840161501384502,-0.014388158356005763,-0.03178457377294965,-0.009252145437293989,0.008256903443920658,0.0020716881074133975,0.02808164822335026,-0.009470214647300551,0.01139894817557964,0.02787495947473924,0.008305593602880433,-0.024791349736848347
Oppervlakte_NietOpenbaar_m2_BK,-0.03263383379791164,-0.021830715827361156,0.005938789222880332,0.00860758890089001,0.036428149734326405,0.1338678494689155,0.16716860575318754,-0.11169168443723541,-0.10671418460403716,-0.17701426075395096,-0.0019883912771208813,0.07774731770349154,-0.06670633488514544,-0.06591115240470947,0.06665400191215531,-0.057327818765851836,-0.053568804892709224,0.017970264124025727,-0.030405392200914594,-0.0006191239746026605,-0.01032905867268575,0.013909957211805313,-0.007505562639219014,-0.06364829210897503,0.0032892830952009292,0.0174602212020287,0.0004024540160664638,-0.05457402481057106,-0.032094847934691334
Groen_PercLand_BK,0.012609462818805761,0.018479545104257394,-0.014531703561958086,0.07756334049684294,-0.03899877270907882,0.037487715600709626,0.016964000333469953,0.05903814099374254,0.08958444152928387,0.01686461819094651,0.18751941162526034,-0.09772874483686052,-0.039000977392806904,0.26306426459662613,-0.03272667055657032,0.020467970013763846,-0.2064442929061799,0.2007327894858063,-0.05684982442747558,-0.01778333058554909,-0.050583023683313764,0.006799052723888845,0.04447142938660728,-0.1068814017822068,0.15867805292305776,0.0226990270973853,-0.02266399447685619,0.04568192003937382,0.005995241970328482
Groen_Openbaar_PercOpenbaar_BK,0.023911648624873497,0.024312327145801275,-0.0071404085930958676,0.06907149494530938,-0.006941311132798781,0.009026072630669959,0.012475528300611825,0.0024955206473688527,0.040220046807239104,0.035709020010109206,0.11708095127754767,-0.06518920235786774,-0.057582758790079805,0.1910112849711881,-0.01320289779893672,-0.009972557999668109,-0.06358884760200782,0.10074192039496933,-0.1031583717047068,-0.006094905605191392,-0.14157094329008163,0.0741091372650542,0.25973376193945,-0.08022360534328805,-0.17879950263130742,0.026013322159477492,0.1714083731515315,0.05323474790508573,-0.24869978206285434
Steen_PercLand_BK,-0.03447008444918983,-0.045115943065720664,0.019885608172268185,-0.08644482382359579,0.03131374942183031,0.005059898921519085,0.03833315958152183,-0.028886845315128043,0.007039256105645642,0.032035654222504026,-0.14049101713070553,0.2044222648915187,0.1104812897966804,0.041200397986939474,-0.2484227304223737,-0.10478203181512401,0.1719508133326231,-0.028408905560276084,0.012659638755231439,0.0017947167453008241,0.12079704226187828,-0.02860950955293183,-0.08270795596715037,-0.025820517949161164,0.04150162733394767,0.06352169300083593,0.029090098508355276,-0.01819290196371879,-0.00981616841917626
Steen_Openbaar_PercOpenbaar_BK,-0.05129637762361004,-0.058941131972883004,0.011992125714125777,-0.08055627325076552,0.03426974841284643,-0.011917533936276311,-0.038253775776913614,-0.006133098020856358,-0.005166616112606832,-0.015748952891496026,-0.14867403038258115,0.1051539370378771,0.021976352359637304,-0.09570687321729517,-0.050891571252355314,-0.031164328456727494,0.04404408383642425,0.03808570365086025,0.043786941494458775,-0.008858068930599055,0.07307108052712312,-0.04261049361660232,-0.08323810375157373,-0.06849837218190986,0.13952941159278556,0.07401065713811,-0.06520901531069251,-0.0864003384062933,0.07547739389888951
Water_VSK_PercTotaal_BK,-0.0038745588449672456,0.0024786918591262496,-0.005568806039098308,0.0003640016807566294,-0.02712410613724841,0.03701618063598275,0.0014838895506223161,-0.03782594672312057,0.10115944088335622,-0.02773895624609156,0.09604471914998078,-0.09428836726959412,0.18525286755090992,0.10228215027107518,0.05602363942428119,0.17971475633095663,-0.10778816441372636,-0.17071132867258623,-0.04466196681397333,0.1285238015420378,0.4802673207531602,-0.08258713581089314,-0.07928432034317487,-0.0819571186040237,-0.06711684343617468,-0.03215690019971274,0.08058856492874002,0.04038158308168969,-0.0987853743324088
Gras_PercLand_BK,0.0136430816177437,0.02509638694243893,-0.008127612444832377,0.012809786788387236,-0.021510744188399,0.07208551130569842,0.03819799566534173,0.07188313044055149,0.10496598626520584,0.009255594054372719,0.15944171962179493,-0.10519538513080319,0.008801085011185246,0.2771296838172828,-0.08059983919980998,-0.013371683838010203,-0.11813733137603424,0.21942032785054164,-0.07951024387457371,-0.011594366109768191,-0.06810659434841662,0.034673563488005904,0.0010518083862487485,-0.039288876268426864,0.10413842136886008,0.05770958565815847,-0.1701873983400544,-0.12624033639628746,-0.06064181646515466
Struiken_PercLand_BK,-0.007451096545122142,-0.0080332804583636,-0.006901208914662796,0.036739443205206994,-0.025995843071690967,0.004300939227772013,0.016096918804294993,0.025662347415716665,-0.0004839544365525757,0.02008096640056399,0.027165069015950893,0.043191189754355576,-0.0005437045947821039,0.09477014403113805,-0.09897063232897464,-0.03080831085638196,-0.1260839639376419,0.09752065395011077,0.0013174407793759772,-0.08619873732812112,-0.027331999942054673,-0.024165889610345583,-0.07241489581486805,-0.20842743473281952,-0.0033133890259214585,-0.19496912178923137,0.09867223481608176,0.15865814732939373,0.3679572273943344
Onverhard_PercLand_BK,0.02359415890210793,0.030253293252470247,-0.018983751538069048,0.0970564758837012,-0.015243449509159913,-0.0513313764117941,-0.006097133968182353,0.014357896323282006,-0.0473757107337948,0.00036266208425669253,0.024610182092722924,-0.09515118007229628,-0.1389917831678349,-0.1834696874209545,0.21166909476533907,0.061169986449893604,-0.07104927572931281,-0.04421180335591834,0.037012533545463036,0.027420920764507507,-0.031528058051135434,-0.034442851838588515,0.03132378079350241,-0.06961536621794642,0.16340390844874358,0.06677165441933611,0.09937584622177752,0.22202186484533978,-0.03717347459017781
Halfverhard_PercLand_BK,-0.0024804845267946277,0.009278319172972426,-0.008248649134675955,0.001623407183825744,-0.00016908137318253017,0.048679314056485935,-0.012979320818421564,0.007766069642958707,0.004338356904724809,-0.021467998308467344,0.07505501379587116,-0.05156736882902168,0.07148359050652639,0.06538323914110325,0.12506076473020072,-0.06101187137649545,0.04650580392788947,0.12183707761167809,-0.08023443071722688,-0.048065714979708164,-0.06691493150147786,0.02915971062505127,-0.25949172270163545,0.3419706102542348,0.017866876153851668,-0.0033765182954586617,-0.01115115487232858,0.4454615070249952,0.005427517354557935
Verhard_PercLand_BK,-0.034462397329689885,-0.045128809716697256,0.01988980156507815,-0.08637403807132119,0.031326609059268276,0.004884511768946414,0.03821205825699263,-0.028901898660947858,0.006729369813180786,0.03212798677207093,-0.14065997431587382,0.20456031155285964,0.11043455700979397,0.040847841168396654,-0.2484593938539766,-0.10492585459455793,0.17203687555052488,-0.028585368617189036,0.0127811511276953,0.0016437460857623859,0.12083137641504997,-0.02866105018581887,-0.08255039382971997,-0.026056710105757143,0.04132216651853534,0.06316254328399581,0.02927985097685217,-0.018109538733964172,-0.009784045456063395
Gebouwen_VSK_PercLand_BK,-0.04617586498851058,-0.054104776739095604,0.011507388458491077,-0.09483996100311143,0.007530187380538307,-0.017020940618900474,-0.0673094660547464,-0.04432575149172207,-0.031273678638844116,-0.07850334886951323,-0.13385328038255573,0.08334512211053127,0.00795982386319053,-0.10332883808606406,-0.03519084864656377,-0.03086815388414323,-0.0479745696180896,0.005204746012528625,0.03698363702955587,-0.06833270692971011,-0.12617118594664367,0.037202114170557736,0.08623882705823926,-0.07031176930149143,-0.13027866944463867,0.059045359604511176,-0.05607083640818547,0.14757707620925983,-0.1398942175623454
Agrarisch_PercLand_BK,0.019787117607837686,0.035305228645047336,-0.013128191562119817,0.01726270692620045,-0.0159658438292941,0.011146578223772772,-0.037674297832561515,-0.04850797827603005,-0.04502367276161976,-0.017786677087848136,0.03355668696592017,-0.09454057308160498,-0.014085545460864164,-0.03789862638584315,0.13535508460420395,0.026686001412877743,0.12299407220742285,-0.1148356259660925,0.04045965835879121,0.0564028463307289,-0.03783698453704669,0.04904340200622587,0.07015252483158528,0.26705059683966703,-0.305168500098149,-0.20420441139937037,-0.03789722905625758,-0.37073321666606596,0.17482387191291515
Gebouwen_ONO_PercLand_BK,-0.04616133614670802,-0.05411918654463442,0.011496816785924215,-0.09494207838302844,0.007376597541915483,-0.016710507537720628,-0.06691156337809681,-0.04411223344028287,-0.030682500180060426,-0.07833138709858645,-0.13425793106239925,0.08334122842196025,0.009310810481534208,-0.10401973947652933,-0.034703832431943644,-0.030709934672813258,-0.047856599582384446,0.00528102744276435,0.03705163594592445,-0.06818826200171307,-0.12573490819388441,0.037260762121719505,0.08716158206034276,-0.06980944639066756,-0.13186551465415206,0.05924858574620261,-0.055724283108898195,0.1464188539319944,-0.14024292354932094
Water_ONO_PercTotaal_BK,-0.0031736789843185265,0.0033352778825036502,-0.005625386090238841,-0.00014004360584934458,-0.026940235239253145,0.03778545921450126,0.002097506214213545,-0.03571343560447602,0.10434747900810368,-0.026780231289455537,0.09869105845931316,-0.09692984539897813,0.18381442733433623,0.10508584398801443,0.06430295346328409,0.1760429186730892,-0.11208319837382034,-0.16488210635959336,-0.04744103717475682,0.12549626712658937,0.4777043317875262,-0.08247570824013596,-0.08492723804648052,-0.07132798328024127,-0.06973974440608849,-0.02834673250983457,0.08157787143666902,0.05113370623855959,-0.0989839527777713
Oppervlakte_Land_ONO_m2_BK,-0.04160383673406194,-0.03174600603220734,0.008877477156183197,-0.004780357858511418,0.022831943794158812,0.15409342994845807,0.17492833875387406,-0.11568309922833268,-0.10459835156078273,-0.1719523975787607,0.03213595516913031,0.0738982980998954,-0.04471895237970515,-0.03314687243944802,0.06335005275901093,-0.059405592125807254,-0.05798074728153709,0.022249207604103743,-0.02474648991485602,-0.019824572996634718,-0.01061990383873505,0.010436775038242686,0.002100594975910308,-0.01865080206204677,-0.008740507590345788,0.014787569862607573,0.009236653912875053,-0.018389235940857583,-0.033799487401401866
Oppervlakte_Water_ONO_m2_BK,-0.03525890631828188,-0.02454960368654238,0.004073420891451771,-0.007923761980765841,0.004322707666805089,0.1466991403203587,0.15445263968338063,-0.10596393016113133,-0.002270789506703704,-0.169022855356882,0.10338407630331979,0.004731042093937189,0.04183175194407564,0.03248299510715668,0.02907136403636445,-0.007715413981564075,-0.04569856111532516,-0.045787437073803804,-0.00944100019385723,-0.021696648086506284,0.025808677682059536,-0.009819460949567356,0.06343739505534476,0.01748298894489312,-0.06603495262423413,0.04621376639226488,0.05536071407618902,0.01965535337850107,0.006133631652264673
Openbaar_percland,-0.08119230332296631,-0.057199936770001424,-0.009734508163835365,0.007636000846661764,-0.0470660675822747,0.08261857003363837,0.04543121887396659,0.15235159291845404,-0.017261585775896815,0.006614188513491564,0.0728841792588418,-0.03645520190633791,0.09255603648104677,0.035276719863351035,-0.06291025788643444,0.06645960397382532,0.04693960940640129,-0.04014788053697547,0.07901772721703501,-0.08411457232328251,-0.03245832385113722,-0.0034811237619506614,-0.027556934907969916,0.05657126493024063,-0.04471811666849286,-0.01345972637126621,0.01759413045035114,-0.0016794652324311598,0.05301855125208349
Nietopenbaar_percland,0.09591043289919518,0.06639851387308023,0.006379940168493354,0.026619172264533,0.04594833710504923,-0.05027178006441139,-0.020170563679696094,-0.11034310877951621,0.008370671192538407,0.014540809417141937,-0.02074632554400632,0.03663857359332416,-0.08149913908134616,-0.020913832455245696,0.03033145101708913,-0.07336712831096379,0.0004057342347571315,0.03682220170131249,-0.04544535318408593,0.07163460345541561,0.030600654762305852,0.004796229947977145,-0.0019111787850262226,-0.0384050676069794,0.044576934859906964,-0.0007164668033082134,0.0023481513902124133,-0.018140038464910968,-0.0393224071257486
Onverhard_agr_percland,0.09810844648345414,0.06855514552276326,0.0026544949319826957,0.060891662937269164,0.018747129718563137,-0.021517411632962082,-0.053544922685199045,-0.05537784651552356,-0.025783090888214493,0.012241051801265541,0.04487701744744184,0.048040418101083636,-0.05882427402871057,-0.04371945036890628,0.02825557927028574,-0.04709012616500477,-0.0029507140025112405,-0.012336356847539509,0.02510659053598965,0.03244329001294879,0.0438230435762923,0.0034298068109732656,-0.034019414976827055,-0.040559198657335635,0.06361037963906428,-0.014685172405339151,0.029847514716003744,0.003812933701744389,-0.017457088342410314
Onverhard_agr_percland_BK,0.037385538913816616,0.04594639183721917,-0.01848402354832132,0.09584206704427221,-0.015287965204147873,-0.045655504284374565,-0.028195428212930043,-0.013844193367330662,-0.06877312989385172,-0.005588353713121679,0.043456639728499766,-0.12982289215018655,-0.13000111720052773,-0.19297050552336484,0.26197532425130593,0.08078183955929487,0.006063529397796657,-0.11632125746382496,0.04847856085029015,0.04459967679303343,-0.05265452463865306,-0.004680237228502236,0.07979499403115609,0.10561818636476704,-0.037524319201145545,-0.06561410861145477,0.07615305738968518,-0.03947657253718917,0.06897542186388092
Shape_Area_BK,0.056661242132545905,0.04329128666060915,-0.014106585631610857,0.05580236731266142,-0.07474029714961875,0.19553165865181682,-0.12194080956152024,0.028496792459383278,-0.06497921501956971,-0.010705577480993635,-0.0891398621529935,-0.039568346513486743,-0.027786391851633015,0.032922540682501215,-0.040700925450794546,0.024993510881771,0.0455923838414544,-0.020190168821540583,-0.059679745997021416,0.022567912814521238,-0.0009478750637095014,-0.007866343510977147,-0.006723639666116627,0.007864415887544557,0.007674812787414896,0.029130835837603845,-0.012944220805013552,0.005784062172743273,-0.008825782924530637
Groen_NietOpenbaar_PercNO_BK,0.01264465160109222,0.01940158406716779,-0.015111065088847457,0.06345941814247177,-0.03735599358836848,0.012168961877768147,-0.019279347452669283,0.07166371482660833,0.07197361900048828,-0.04877999460306582,0.09003043956543849,-0.02146841208852236,-0.02150818288134462,0.1005803556130628,-0.0015430293482797286,-0.02182194684945308,-0.14939723942372765,0.19992326327249096,0.04559221536303833,-0.014959698325986358,-0.0121944418073115,-0.051612054064453614,-0.06439557333408072,-0.08848502613836368,0.3518473082305658,0.07966520795619664,-0.16075707652149296,0.0011607495631193118,0.10775193205291288
Steen_NietOpenbaar_PercNO_BK,-0.038880712567137876,-0.04774213939608988,0.018579205844144263,-0.09251891463825583,0.016966903721450297,0.027816707223122978,0.028773509210353168,-0.04676021630942212,0.005625099369711972,0.014872473695936205,-0.08585872597667113,0.16075024817731653,0.10580426449204172,0.11984766130672345,-0.22580087161272927,-0.08140264809641888,0.08202794559048752,-0.011717644741245448,0.014168223875731238,-0.012094043073745543,0.008273838885091325,0.028540576019665212,0.02982752945717153,-0.010050836856814044,-0.08753282335394054,0.025725712889051174,0.051027051111680155,0.08757350255355624,-0.09723508236485026
OV_Land_m2,0.05493389279418789,0.04492572309897049,-0.014577783354582905,0.05786752980893233,-0.07371107790012386,0.18729917917608543,-0.12521904407243306,0.026279751969087033,-0.09771292159614241,-0.004960619720525037,-0.08010616649724397,-0.0419521578415754,-0.010868333288713564,0.05072512964688197,-0.03183536738310308,0.02198729299106503,0.04873085629596472,-0.030784892437848817,-0.05860389145882217,0.003844968697192267,0.0013630490026123212,-0.009649742013689488,0.001822992099639358,0.0027169884034055074,-0.004385112199801627,0.040394922227738356,-0.016553928742379476,0.008700733970422148,0.004502482840563279
OV_Op_m2,0.01269006593622927,0.01614740486352781,-0.010086460101356928,0.04574785685149461,-0.07155486147879225,0.15609131096573714,-0.05156229861949905,0.18427484644965514,-0.134135117945861,-0.019157566945691984,-0.04606401089653521,-0.04835395805184247,0.0032080479028700273,-0.03467967091165193,-0.06580792743019115,0.09071380003075051,0.05469393669344503,-0.1148395404921077,0.08052129307812685,-0.11312358632572439,-0.010946473555127463,-0.03107816139182063,-0.03387922601102849,-0.12106618478062324,0.046370892497568136,0.03358041621467023,0.15204820324231422,0.06405726721238694,0.08044635528694281
OV_NO_m2,0.06266534521322578,0.047199409645511475,-0.014201759470574064,0.04735008613373049,-0.05374148440886795,0.14652073814711564,-0.13132142544304898,-0.06996242844026736,-0.05119449995374271,0.005694729087908191,-0.07341274499168345,-0.03039925943326088,-0.014545874705910141,0.08832841692460354,-0.0012501500065964781,-0.027344119001538023,0.033228809151827535,0.025387468807756327,-0.1161664227386031,0.0722642044355049,0.008929559409387878,0.006626442352071424,0.019211751055267713,0.07008109079531885,-0.03035920692898624,0.03053332225713514,-0.10801702175146591,-0.02242765612834803,-0.0341341314391635
Aantal_Panden,-0.04999347961056743,-0.02582578223823933,0.008711885058248001,0.004189168490137009,-0.00619851984824829,0.16392727104670762,0.11982058540305242,-0.1352343513928008,-0.11177231183185427,-0.09227252257448053,-0.007497022131835868,0.05995253071920522,-0.07659608517802903,0.044255387480691466,0.05414535486627372,-0.01029295171973947,-0.003511329870790363,-0.034674608858457294,0.0024312662545227957,0.04392363862623906,0.004840030549578784,0.01640448520692118,-0.029596969832648624,-0.038326920192486826,0.11491208116242485,-0.043480965504436815,0.0024775621616085755,-0.03905693375470986,0.01642106934141024
BKBgraad_Tot_percLand_AHN3,-0.06753077544396054,-0.06063937727822043,-0.024760313568939454,0.14523653806097292,-0.001720074786780892,-0.030481922647238785,-0.004404768454019056,0.034536230242257174,0.011469470616761039,-0.030413183308798587,0.027622884149287354,0.03976895433627646,-0.017190816388610183,0.03701427290747622,-0.03422295756308283,-0.010137117668775996,0.04696627194877425,-0.009165330360407184,-0.02619087018879812,-0.014053320535614845,-0.007104898580784468,0.00499254161009226,-0.05243015204432017,0.01543064412223971,-0.02822380467844357,-0.03494976832931711,0.016444245566583908,-0.010330040395431098,0.020034514088601327
BKBgraad_Tot_percLand_AHN4,-0.06731589694191537,-0.060106558755555636,-0.02454102489734771,0.14730269247856445,-0.001015342284251371,-0.026974014309538635,-0.0026560369453686406,0.034166903531471816,0.013362647980963201,-0.033768655531183654,0.028152896065922466,0.03646778101268781,-0.009073903957651657,0.03772803936650485,-0.041959952573920656,-0.0023384416114912905,0.03918258035993562,-0.005528373783825744,-0.02332464913929254,-0.017457457265709023,-0.00841520533970675,0.0002702969607628025,-0.04505609780575271,0.007875595636403075,-0.03249724338254965,-0.03146755552843138,0.027991033256913735,-0.015350556688251145,0.01653450732905782
BKBgraad_Tot_percLand_AHN5,-0.06826852685883306,-0.06167235700410606,-0.023983418457594472,0.14269788417977688,-0.0006329135857274168,-0.03131781447549288,0.007557103668831983,0.02958628221292586,0.022717801005042292,-0.031414960227578594,0.0322442145953138,0.03200889518411157,-0.007305267634926355,0.030159819265868772,-0.04962292024928864,-0.012363131081711859,0.03675855162180824,0.007386627752943299,-0.02224178387523548,-0.010824365072476784,-0.002335170226897286,0.0019782112564552643,-0.035883015074852226,0.0038606491884972823,-0.045979375007771196,-0.0371520327547839,0.036191817015908935,-0.021541267719912372,0.007123804259646386
BKBgraad_Op_percOp_AHN3,-0.016804384867583917,-0.03663632472044828,-0.025853443288851995,0.17616064429161912,0.002961334689325226,0.0010429805158830303,-0.07343677384004936,-0.1003702817051788,0.0027136456990259545,0.010335169326361852,-0.012874100198798042,0.07823472638892831,0.04136353301683989,-0.011583109172361059,-0.00033711137043321824,0.11832812693784509,-0.0383485744196517,0.05217361171101576,0.010129077048073282,-0.008580728130509072,-0.04675480770974887,-0.007368372086613818,-0.048046829312226674,0.00290041490619034,-0.05280098686510227,-0.007034670096214327,-0.024347281269728495,0.0026186877915926315,0.010698655663418568
BKBgraad_Op_percOp_AHN4,-0.01608610316580585,-0.03620056551027421,-0.025195381726122443,0.17624862447343229,0.004750399912274231,0.0038567465125360243,-0.0720401987541048,-0.10210061213829479,0.005777112343286714,0.0092608029882634,-0.01760538662699755,0.08052719211348465,0.04651861790776086,-0.01434117346251598,-0.0007005176996352899,0.12549244107983584,-0.04194838014652477,0.05551884648948268,0.009435105610316664,-0.010768011201690011,-0.04874923192905092,-0.011370746696021252,-0.040350482300375815,-0.005416327512587264,-0.05721850037477607,-0.0037027376407746345,-0.014603991778116332,-0.002364898198513878,0.007636595271688423
BKBgraad_Op_percOp_AHN5,-0.021357368737565614,-0.041184689842788155,-0.023521534084411846,0.17001298134881604,0.00535485907116024,-0.010007457155495416,-0.04686608368780318,-0.10281112714021474,0.023407819832917134,0.009319281427676426,-0.015047649405636486,0.09339489410027782,0.04934298395997826,-0.02726876472151617,-0.03374677054364058,0.09325739448912007,-0.036581072045713814,0.06269307163694299,0.025369194785239357,0.00509914094580876,-0.026508792955549275,-0.0026288704433176046,-0.054990902984572446,-0.0240809228889089,-0.059986266514776065,-0.032101078401360644,-0.006762768651253898,-0.02625115347211247,0.013738498199774529
BKBgraad_NO_percNO_AHN3,-0.08171946274742978,-0.06745192108358826,-0.02185896409748118,0.06718362092275933,-0.004779143620826954,-0.07360609463618019,-0.008221485225631646,0.04324415714921282,0.010320939127277967,-0.07408981293513946,-0.03383663777428126,-0.06181408484208636,-0.10183622503477434,0.003161386418629456,0.032284332274502746,-0.12481937912775812,0.09185002930302641,-0.03434250983233257,-0.12479740323560003,-0.0013832350547528802,0.05568450055070416,-0.020556623477807012,0.0050755383979476714,-0.021630359673350794,0.06039277004843767,0.007773914398293321,-0.036088274225248136,-0.021723516550343668,-0.07500222450021753
BKBgraad_NO_percNO_AHN4,-0.08044176700379788,-0.06508666949317919,-0.021979729965057763,0.07343098757994998,-0.00020794674806016818,-0.07713499163537252,-0.0022033237507836302,0.04390418313800711,0.012412581211830686,-0.08151042731263901,-0.03440084844919725,-0.07792564331900312,-0.0956607237680351,-0.00414327608239831,0.018448848414841488,-0.11774871321677563,0.0881889640312505,-0.02983147579140864,-0.12504713881550356,-0.013273242277572594,0.061228997596792616,-0.03348050655325959,0.010654496998714088,-0.025043042772908742,0.0633634551318535,0.009530686331758523,-0.02553672976856023,-0.03151595349017073,-0.08407138214703629
BKBgraad_NO_percNO_AHN5,-0.07907565445184535,-0.06424471102226888,-0.02209368357751389,0.07798438222334744,0.0006282670110637655,-0.07424698825225909,-0.0001853309641480059,0.04755535145275746,0.012545026288001217,-0.0791015834390829,-0.03028568100345824,-0.08506405670776705,-0.09651233123753637,-0.006663616233349589,0.017081698116376033,-0.11209135881962642,0.08458055274760397,-0.017277279509261865,-0.13118863089584565,-0.014428457783446109,0.05841412442471825,-0.035954190270919756,0.022350673162511058,-0.02234349532327954,0.05476840597109205,0.013758480199206467,-0.012164610996211245,-0.03219756447055135,-0.08899159622111352
percPanden_30Regel_AHN3,-0.011404588133885764,-0.020845282730850727,-0.019859874376699758,0.10391578247146217,-0.033132296624830276,-0.015466039659672916,-0.0364715371525617,0.1931388555101269,0.0053415014449400555,-0.0923457011325164,0.014781569251175495,0.22301857889058221,0.01047758959466617,0.08813909374804013,0.0673506057186212,-0.10140918160731066,-0.04918389418488676,-0.05946434418142327,0.10383367211186335,0.179237076894089,0.043881549962535994,0.046685268358042306,0.11777254658138438,0.10996902188045253,0.04045643162601224,0.002704689173142537,-0.04231967721878962,0.047792274430416705,0.007879794369836688
percPanden_30Regel_AHN4,-0.009866783277502981,-0.022638258788260156,-0.020495366643667596,0.10874011712598629,-0.03341876589286419,-0.010325145872430016,-0.03729516395678121,0.19309918190664363,0.0040059202930823115,-0.09453829499973042,0.010586147279958172,0.21539811465243947,0.006978828421936015,0.07616230594475193,0.06706056126696043,-0.10156961291029305,-0.0553685618901077,-0.0564625629056105,0.11679020916653474,0.1843014092204131,0.0453792025628544,0.048004362595250226,0.11489131364520756,0.10495962050915254,0.042877825517443326,0.013514978692179713,-0.02971120476240781,0.048967851701381744,0.001618101878552628
percPanden_30Regel_AHN5,-0.012405363134906474,-0.022577766514518968,-0.020768981749498726,0.10783205771027259,-0.03341746458754492,-0.01881246754537342,-0.028227427217956465,0.1870994121524123,0.013113806464218645,-0.09746304203285433,0.013786254254714579,0.21746854454697698,0.011508229881257099,0.0730341356865949,0.059826637197367104,-0.1157060313442321,-0.05791499707181073,-0.05979547799919476,0.11521751725807694,0.18317569021700586,0.04951309482169114,0.04801547892066703,0.11326607203451075,0.09454487049909481,0.03720855733577518,-0.0016459354522710642,-0.02962565868762945,0.03947117590319578,-0.003559122247289254
percPanden_tusen10en30Regel_AHN3,-0.05597801070193365,-0.059125526628038536,-0.025684604337998757,0.0904306393882134,-0.027476514543564808,0.06396480341449329,0.0151904643071921,-0.09701099127450322,-0.006373816167983384,0.12797785247602675,0.03483414156092073,-0.14507193458855328,0.03297821790831835,-0.07295913444689187,-0.04598426059983455,-0.1359399028133946,0.0010952859066406262,-0.005314180399256515,0.1368371974072642,0.03638321523842425,0.013113080634074136,0.08443751367155163,-0.05166310286694761,-0.0315898742909194,-0.007893330573467043,-0.00577363152885631,-0.027207119220917744,0.05056927960973341,-0.011155154386127544
percPanden_tusen10en30Regel_AHN4,-0.05953051865987001,-0.058338555748325825,-0.023306275679438108,0.08458484966997312,-0.023300733490545355,0.06259102169759816,0.013992913769726122,-0.11402471457919787,-0.004865767471527393,0.13494956623526183,0.02640969762598903,-0.15872727674031828,0.04641959214940174,-0.0918018081908472,-0.04923506417172138,-0.11980751329738615,-0.0021124939527904646,-0.0016029464625806156,0.12663780281397297,0.020830146784418344,0.008039248625504904,0.07762925479192072,-0.03448915248983398,-0.05425919538380975,-0.01677259665918451,-0.0050286074695977045,-0.01618121854814955,0.04858486803639156,-0.012031474223054032
percPanden_tusen10en30Regel_AHN5,-0.06068500530638462,-0.059772739698502435,-0.022604928937404456,0.07718376786708338,-0.02520743625217982,0.060270960303762625,0.024336068813700953,-0.11054735769805975,0.0004399190374924545,0.1341113673993493,0.026616308727063668,-0.1523045516734569,0.05037798170468251,-0.09168255450929585,-0.05847568490256789,-0.1318189720802588,-0.005475233205346171,0.010134541255493372,0.12547860543808015,0.02151524346775595,0.013991305337986768,0.07531615817984452,-0.035014117653509064,-0.058906914837416606,-0.024913101901308132,-0.010351023428269315,-0.010079811331647752,0.04234275972647687,-0.004793971346885251
gemScore_BKB_perPand_AHN3,-0.05823544324671538,-0.05581129331551479,-0.022809647872370737,0.14063647913579957,-0.02167853809464576,0.021865455337202192,-0.01768763063783267,0.06599604659093515,0.007365161898463674,0.012113762942966542,0.01260715767782103,0.09301677243722724,0.03821403612527434,-0.016154061299763878,0.005772274462130861,-0.09269233604183892,-0.049592835717041976,-0.052515986108896386,0.12472176752951909,0.0903182624340902,0.015417061948082532,0.06042802250968003,0.05287190189082146,0.04483304807932354,0.024370548064336046,0.014920148577924747,-0.01975944778286325,0.049630349632473016,0.009348801299617506
gemScore_BKB_perPand_AHN4,-0.05666083988751818,-0.05441155189265003,-0.022315640412865705,0.14193440507786692,-0.021980900814183926,0.02253791595698655,-0.01887842147218008,0.07228226851750492,0.008036538951795775,0.009942338711442296,0.01316653584512366,0.09429062029452383,0.043184811376116516,-0.019309099335448728,0.0027495374298152873,-0.08754429110735584,-0.05583359857447543,-0.05300964103426914,0.1271242147000191,0.09417384075848625,0.015336252936024704,0.060108262296415506,0.06281781636578808,0.03755324335397989,0.023791566933171207,0.018967036726858028,-0.012568402641947899,0.05030135096197896,0.005405294723012726
gemScore_BKB_perPand_AHN5,-0.057904880589623176,-0.055774487206079755,-0.02193030629712393,0.13691017200306457,-0.02196112623696677,0.01794734137012307,-0.008123579058463231,0.06850492621796733,0.016435370930586852,0.012906053360789791,0.01599852611280825,0.09298332382853827,0.048099831020852815,-0.027048171585023834,-0.005987928028651323,-0.10171924116989592,-0.05492108874320773,-0.03927848802844671,0.130533857258064,0.1018207550708695,0.0245114103177125,0.06240889220606323,0.06550048504034207,0.030047914939110593,0.012484241336155987,0.010585693483000605,-0.006546988534939761,0.038804360814804394,-0.0002552598271330345
SHDTot_percLand_AHN3,-0.09811351695724745,-0.07630907441187516,-0.015993359001025026,0.06379659386349358,-0.012298563809212633,-0.041625443348328114,-0.01115621762855358,-0.004412754904016163,0.027737248853422748,-0.034631304284887164,-0.02081628138000211,-0.014838008824229615,-0.035250328904877275,0.033129530168003324,-0.010922939077459322,0.02281625931692483,0.013061222892054155,-0.04413960575423606,-0.038442809364862184,-0.026860536003772823,-0.003853858743567667,-0.0074723195051554165,-0.013154431251155565,0.0035843826987832193,0.0007274802106061704,-0.010481624816089592,0.020359953666486755,0.007292440434440804,0.018179048361094574
SHDTot_percLand_AHN4,-0.09863309998343242,-0.07633783047275867,-0.015773968548647686,0.06378305765509046,-0.011681409251474753,-0.040379486117287505,-0.008755806308914196,-0.006079413147236233,0.03169519525944518,-0.037064991349683496,-0.01931048372826092,-0.022181912857763487,-0.021380174802118613,0.03169402112598685,-0.010119555412930503,0.028433780667137552,0.0118390678539628,-0.045001519715290754,-0.041677150454206405,-0.02593022888170857,-0.0038136732674312773,-0.00955316792675133,-0.005497673482394888,-0.0023377469271372085,0.0024847526432653253,-0.004709392505939422,0.027480774848784004,0.002928910414736854,0.01263511368472997
SHDTot_percLand_AHN5,-0.09719915818102633,-0.07677846278786757,-0.015011764148219153,0.0640871085534503,-0.013219832301471125,-0.03224147107630192,-0.008791885270172356,-0.014031985912012022,0.037034689574103614,-0.02448691412563997,-0.015786576864243188,-0.020770915072293047,-0.006160480680953953,0.03130416101881995,-0.008651210377297052,0.02291667108950483,0.012671473128176416,-0.04652110212244692,-0.04640182236696178,-0.029146385125848145,-0.009428608776880452,-0.008215757995581175,0.003999990416738831,0.006099079165607427,0.0026932445493564653,0.004362600342684531,0.031689231314668616,-0.005373193616343347,-0.0010608390165619008
SHDTot_Op_percOp_AHN3,-0.04595563258523153,-0.05200797292427146,-0.01942270991545006,0.14503991801552307,-0.0020700474312631465,-0.019570193836325994,-0.09489862618739339,-0.12354067046309983,0.02071106134332505,-0.002431458771239456,-0.020599739316082607,0.08351578097713086,0.02181054927941458,-0.008339928171066525,-0.005294981151688266,0.1330357341923008,-0.04207470770302413,0.02841474660406398,0.0011787729999918396,-0.051855609710056524,-0.048284515789184156,-0.017803780415149927,-0.03760021662702073,0.001351102815681628,-0.022094474668501594,0.00336736373532539,-0.016362784782303897,-0.0017578141618179526,0.011136988520145675
SHDTot_Op_percOp_AHN4,-0.04737327498432403,-0.05325581692139316,-0.01909881912573973,0.1440667790186263,-0.00030282989237127725,-0.01720536048502853,-0.092655175299328,-0.12778326556699543,0.02577810049951794,-0.0033700653478576383,-0.024588842262335115,0.07773784342910506,0.031129384838844306,-0.016227876732562485,-0.0020227124979678734,0.1352287760922841,-0.04178979273818275,0.0276044798814744,0.0010787503347497753,-0.052487623213518735,-0.04737703854107141,-0.02173814562813889,-0.021754370679549672,-0.006403211680873587,-0.01775041470789136,0.01259594864098136,-0.009591404627905082,-0.009806521398552016,0.0037451695333590015
SHDTot_Op_percOp_AHN5,-0.05195288150357212,-0.05881308041714029,-0.01666322762818258,0.13331547130047403,-0.002872156139749827,-0.02170739232926052,-0.07549553687754289,-0.12877266759061215,0.03954499167174711,-0.0004511483721100608,-0.022910496201529077,0.08729696749915722,0.042454895686004336,-0.024014102431052675,-0.02598658460832656,0.10741385083421554,-0.03391440510100557,0.02328286029125437,0.010889730269745615,-0.048267037083612616,-0.02730815576726129,-0.01740697349806563,-0.03438458980990812,-0.0114285909356744,-0.01045742454675351,-0.0014784669175061653,-0.008478507513919166,-0.03394192795672019,0.009677806718479887
SHDTot_NO_percNO_AHN3,-0.09943946360053803,-0.08047915593136969,-0.0156660545267991,-0.0034569731297573766,-0.03580784007449206,-0.03547146394942197,-0.03266461627616285,-0.003972693040539258,0.012912149822535749,-0.020259128253524,-0.0528866491852941,-0.06642736319091348,-0.06108564778756552,0.05124422850707951,0.02403171784315946,-0.05393392946815215,0.015361825743122505,-0.04040307675520151,-0.041978026635217276,0.0010848063404206832,0.0071055339093456975,-0.0021210717147918286,0.03613202472609745,-0.0053305025434463044,0.03430385391526901,-0.005876267905146981,-0.0053898746804549435,-0.007374552975898757,-0.007567797349070866
SHDTot_NO_percNO_AHN4,-0.1002174865646327,-0.0800710854707143,-0.015019482734053674,-0.004550403854476811,-0.03455710622991398,-0.03591862778534601,-0.03108056336949264,-0.0029940137844139967,0.014682754767951146,-0.02261675980546111,-0.052218719080119484,-0.07071335791260834,-0.04553464807571268,0.048689550616525724,0.024531364449944675,-0.04550179813941124,0.014838729591656294,-0.040989852060966246,-0.04706823995407006,0.0004099407720501493,0.0016422969646012343,-0.001858600070598389,0.03960651404722565,-0.009058399136049474,0.03458286354684008,-0.0028818118234774036,-0.004607703480885151,-0.004707263563877184,-0.009979008854862019
SHDTot_NO_percNO_AHN5,-0.09954591461969503,-0.08010243331755147,-0.014289406357373842,-0.0017335672982324534,-0.035676324505922376,-0.028230567583715043,-0.035214648378805995,-0.007786585773793684,0.016848228992806087,-0.01081711744217269,-0.050262345830034534,-0.0675909050842322,-0.03139053531192124,0.0527053744287025,0.02653689864074265,-0.044376164916906186,0.013160595109559485,-0.05009636270359158,-0.05316127442178369,-0.006708803780026166,-0.00948355418951335,-7.62383088749599e-05,0.04826880365316787,-0.002832514709785262,0.03586058542143804,0.007583700444399098,-0.00042081007050155347,-0.0084249766002948,-0.025179657571350902
SHDGrijs_percLand_AHN3,-0.09074287734933707,-0.06992875394508621,-0.007569614764558485,-0.0678955501329564,-0.04667065359448617,-0.023015611728893496,-0.05187559412968011,-0.024113250229838686,0.018875478216409544,-0.05088948634206008,-0.07015124461115944,-0.059425284330442384,-0.019729438717422897,0.03430718138660604,0.048555779329531985,0.04726550473012494,-0.07041121450543554,-0.04083978839167954,-0.006289136920097694,0.005844463539326278,-0.003070783162729115,0.0016657596096392071,0.028249898398554494,-0.039437628420168756,-0.008561277946407184,0.007226069824507335,-0.006423059491116255,0.04127036334707335,0.02818070076904014
SHDGrijs_percLand_AHN4,-0.09080251485291803,-0.06910706880082428,-0.006978120665289699,-0.07134988327869764,-0.04731594195076211,-0.02253497876074168,-0.05079373581549323,-0.021483273309866685,0.020299592637952918,-0.049700357069393804,-0.06706487979377836,-0.059158779453670034,-0.0025414835775373003,0.03931141193584913,0.058262391184498025,0.055102564789720886,-0.06349504745001447,-0.04842091552195204,-0.014657002346832943,0.014200840449725693,-0.0038091309931156912,0.00654213226244195,0.027214568603066282,-0.04648788084658476,-0.004073788357160983,0.005947632506601004,-0.008322780883523081,0.04456582528044609,0.030317867984778913
SHDGrijs_percLand_AHN5,-0.0910659666821926,-0.06981929213055428,-0.0060745412725476755,-0.06863664605849097,-0.047435816019480374,-0.012682015049002501,-0.054190255991506266,-0.025539300309494153,0.024180472795304234,-0.031675936348584996,-0.06711928190826302,-0.05539654594961579,0.014742602498004609,0.041932056308213124,0.06840889941099816,0.05283012449137516,-0.055870011055406996,-0.061605913189243945,-0.024319116420281187,0.00995284427806478,-0.02517297590512048,0.01265538136794404,0.03073520625512386,-0.039821371315078256,0.01350906440798411,0.022969986191279945,-0.005740267347395779,0.03318417953531448,0.018975524761149366
SHDGrijs_Op_percOp_AHN3,-0.055616375575871256,-0.05067304104551624,-0.0008901418248459555,-0.09724297253795665,-0.07298956866881702,0.0010700088536711846,-0.1647819824238306,-0.05206039212135873,0.026439924186137276,-0.10168081558692202,0.029740529579205408,0.015257090617880213,0.05264521887603748,-0.0037551993179772807,0.03862915435650867,0.016783337072833707,-0.05446095468222309,0.004391687498349864,0.06426420404931693,-0.06512402985681291,-0.010668763983380162,0.01522912390412567,0.005813820641759567,-0.02773089498155505,0.0210147189708221,0.05833907186999718,-0.08613996295144227,-0.0019098854418132377,0.01056328487943325
SHDGrijs_Op_percOp_AHN4,-0.05788797565452512,-0.050512242781128834,-0.0010375084897765294,-0.10090521069483321,-0.07284560326370318,0.0016225468797881801,-0.15857759193022977,-0.04502845069551238,0.023332896647087976,-0.10040603023553309,0.02906253951263652,0.009575706770590553,0.05979951647892148,-0.0005301032223115755,0.04161539787837312,0.02026101457070778,-0.049754348431520004,-0.004163851332788973,0.0612144570858115,-0.058772856674101155,-0.011633271225166542,0.01538059011146851,0.011607237930442198,-0.03154762123995293,0.023395743509085052,0.04989453884082027,-0.08948347689350389,0.002242050917544532,0.01592542288236711
SHDGrijs_Op_percOp_AHN5,-0.05831554402922621,-0.051583564844637664,-0.0015552084755033478,-0.09735766257540024,-0.07291671728721204,0.007591292916372569,-0.1571436768450834,-0.04454611521170006,0.028874658337464068,-0.0939172599681478,0.02663615166777613,0.010041256667633582,0.0725095281938252,-0.0020714803301669586,0.05005683689013548,0.0211954147412857,-0.04295068547773857,-0.011527804995395876,0.05864478439273854,-0.06062009236556881,-0.02041829552149416,0.019138970180811912,0.005924394808533856,-0.0328551177604528,0.03254689161279315,0.060503301558856,-0.09234844744030345,-0.0027085595467716238,0.006076987505171467
SHDGrijs_NO_percNO_AHN3,-0.0898366569328165,-0.07445852192750517,-0.009390858937072295,-0.06604462960481644,-0.060407345511459425,0.0005707867850520567,-0.06091105219376728,-0.02743731216921977,0.013995313563816936,0.0007918323173655065,-0.051755365420915765,-0.05470246431384177,-0.01899824447695545,0.08090884387484754,0.02534524313893451,-0.005314477891412799,-0.04473845620583374,-0.033705472069449995,0.030910464565596724,0.009666083340640478,-0.029681669326682612,0.020345036053731832,0.04465905358500684,-0.0058804713361016,0.002913164609707667,-0.015404872750273876,0.008165514394648701,0.001967470639294579,0.039600850090404795
SHDGrijs_NO_percNO_AHN4,-0.08956292496544638,-0.07367930297416513,-0.00907250900763467,-0.06889179474854738,-0.06002181713026761,0.001816908673611286,-0.05937138671785543,-0.02509236122598795,0.014984745143731278,0.0011267625408752531,-0.05086817919064091,-0.05303475435278533,-0.003107112762732569,0.08228334532340088,0.033455948011208506,0.001609502238209924,-0.03777499320009948,-0.03850613423908813,0.022226456360240697,0.017925378102369684,-0.037954784645575466,0.027171664547956307,0.04415294388258804,-0.010824229091865993,0.0019131106216755296,-0.014572113693188024,-0.00041589084983811544,0.013033016880718474,0.042553064233094934
SHDGrijs_NO_percNO_AHN5,-0.08911726608460367,-0.07333962942440408,-0.00862891868231218,-0.0669268078319043,-0.05999435090915644,0.007064743896676779,-0.06193405123014867,-0.028710315885502435,0.017226411162705544,0.012544016627851982,-0.05064175199959205,-0.050298998107200295,0.011024490015570394,0.08567116275601178,0.03978629121029264,-0.000882434126246618,-0.03434069388872566,-0.05421479007695016,0.016534575501351102,0.014230315814441114,-0.05445366444357328,0.03382609389040205,0.04455015593639572,-0.009689059020956958,0.009122647213603024,-0.005053836998091024,-0.002486897810524741,0.010330125012856683,0.028758694405151556
SHDGroen_percLand_AHN3,-0.07888357747694398,-0.06408506883070066,-0.020795471193814738,0.12785696060488405,0.006723487952725315,-0.03826249422117157,0.015314221461268747,0.00625508932870193,0.025377635812027084,-0.02004761658513669,0.013144407128212384,0.006685264167887382,-0.03762108139370022,0.028984293877790585,-0.037706523094886764,-0.004381217236483655,0.06489308634889057,-0.03178480523040863,-0.04275022839971439,-0.030411798489071364,-0.0025260570130585685,-0.008197350942591518,-0.04032207220154968,0.027484513581019176,0.0017671209541572422,-0.020083508385043324,0.023950360598066267,-0.011322756537901426,0.012234824372304243
SHDGroen_percLand_AHN4,-0.07842136366252728,-0.0636457259726574,-0.0206108327681377,0.13053956501824543,0.008616652972441238,-0.03652570440809771,0.018602956124316193,0.002692912736759746,0.029798584770377477,-0.02332220345323823,0.014292636669829075,-0.0023990413210352233,-0.028577984909565216,0.023427182150534315,-0.04342452252570817,-0.001339922998192986,0.059335615056040535,-0.02798071847774934,-0.04192346549447498,-0.03459853467927435,-0.002094708862452101,-0.014040491502902536,-0.029338680649245517,0.024327979019537625,0.0012104491547297923,-0.011462802179917382,0.03518464976185695,-0.019718508182591948,0.0030384425014248393
SHDGroen_percLand_AHN5,-0.07777210136416222,-0.06509093203546551,-0.02028660655654323,0.12648129438645403,0.00527515341970985,-0.03242291610263704,0.020814826059802803,-0.006176612902969941,0.03587226721980056,-0.017933136188713346,0.018306532705462366,-0.003536889490254568,-0.018548274404894503,0.02203540410526467,-0.047501778542023615,-0.011011087973473192,0.05525336323391881,-0.02358170351865514,-0.04059931314939205,-0.035035336475006576,0.004346036153987139,-0.014769036607933708,-0.02010413100266659,0.029122631299428887,-0.007837897835656122,-0.011693426344287397,0.03798564912011152,-0.023602701610560235,-0.00783195215530337
SHDGroen_Op_percOp_AHN3,-0.03317287054087221,-0.04278920846929058,-0.022911863953399333,0.16893782985701794,0.0102571533628481,-0.01521447391793114,-0.05790358410244829,-0.1146025303562467,0.013754640134683511,0.017759131740116757,-0.027998329174090043,0.07184789853000972,0.008637079299272517,-0.0030512869263569866,-0.008189867910341658,0.12330664303359481,-0.02505111141113534,0.031389437728480414,-0.007651211717483143,-0.027476093288788094,-0.04530299875067377,-0.018432726703838536,-0.0446915384995854,0.006894801622290308,-0.03171550157349816,-0.011668527377048977,-0.003981711186222685,0.002244942475023431,0.013295464392139656
SHDGroen_Op_percOp_AHN4,-0.03316265024563059,-0.0435457028827767,-0.022942681566265156,0.16950121685766684,0.012306256831795738,-0.012249395098234578,-0.0548446497874317,-0.11970787225763194,0.019128029007535362,0.017232683666096177,-0.03218109287746178,0.06581479394483462,0.0153764879763662,-0.011037266314825316,-0.005278418687323321,0.12319421313723194,-0.024462169939871877,0.03296676990407587,-0.007057468537459762,-0.027386565052892473,-0.04378056630629632,-0.022103454100980666,-0.030846662588039787,0.0002678480297180589,-0.028972557544616077,-0.001216442910045588,0.0036838752689391688,-0.00628458441331486,0.005007211647140987
SHDGroen_Op_percOp_AHN5,-0.03788010647666993,-0.04943735588186646,-0.020870470838483222,0.15967678550811423,0.010005597681260551,-0.019365835597646392,-0.03490971308915514,-0.12192646567119049,0.032928463780148326,0.019479121224460258,-0.0298865547332402,0.07606858559854732,0.022738166842126484,-0.018248325451714502,-0.03378580308997531,0.09101871171893451,-0.01711266963914795,0.03003596580432301,0.005654483363053888,-0.020898351639730948,-0.01991591906315314,-0.017817073310054138,-0.04555653366598162,-0.006353278982780125,-0.023758421182043556,-0.022139631841663752,0.005182635717957064,-0.029547969740396158,0.014423550297621313
SHDGroen_NO_percNO_AHN3,-0.08533506641546451,-0.06812887196928913,-0.021169851949900034,0.07511828502425948,0.001564345453180664,-0.06877148250596515,0.009896240071912083,0.02507150925515788,0.007814760238655788,-0.04341368256971241,-0.04071315374745655,-0.06790257189560886,-0.09814391870814425,0.0034253703793533843,0.019530247965818145,-0.10414222414621219,0.08837547406758131,-0.03642042160366792,-0.11838742548433212,-0.005324499815972891,0.051231628316132656,-0.027800332934182624,0.013126910485569443,-0.004134261102195322,0.0622485361744502,0.00665735921651392,-0.024811239058464093,-0.015332027899205677,-0.062160028570212265
SHDGroen_NO_percNO_AHN4,-0.08343472352984509,-0.06605292959424969,-0.02172010910898381,0.082876096964946,0.005640520520378788,-0.07060013208620795,0.015655134288733868,0.025224659403565393,0.008901075587813785,-0.05052282803819479,-0.03835504691625906,-0.08078244045899523,-0.08911288973846129,-0.006697549070928057,0.010903301629057102,-0.1005454220280541,0.08480601434247878,-0.028129495409060883,-0.11919078144392699,-0.013859344350655046,0.05461381073094679,-0.03704777935612939,0.016187506937498927,-0.004764251519391327,0.06287155095475953,0.012148558326042232,-0.015912829968728615,-0.02344298812092567,-0.07255057707407657
SHDGroen_NO_percNO_AHN5,-0.08226735283063327,-0.06698225035153747,-0.02167580400713979,0.08513054549950909,0.001970240460392938,-0.06222462393015456,0.011535479644076292,0.01977242173888044,0.011394418084641691,-0.04369316911512151,-0.03358676862705353,-0.07894569076799875,-0.07972455193313718,-0.0026303447203625064,0.005927580347093832,-0.10199074503190138,0.07842079354739329,-0.025231178619288464,-0.1198996246295838,-0.020629265073724635,0.05640248028456864,-0.04066505048101544,0.02874623754568227,0.0038511200193817644,0.056117310777534186,0.0171223386380393,-0.007012306121012975,-0.027280044115839418,-0.08397694486057904
SHDTot_LVR_percLVR_AHN3,-0.03969454786906362,-0.0286433082316517,0.01403774324752816,-0.012724550057589303,0.23327534496877828,0.07327205101791019,-0.08500194182323655,0.028266658264621373,0.011060784803932477,0.005662805976061334,0.016830238823106653,-0.02196756841693055,-0.012641863258445811,0.010904701948079857,0.01905911357634376,-0.00757035363278526,-0.006551623995423708,-0.004449714564731751,0.010563326839962769,0.006409747808021162,0.0033721313523630606,-0.00103635873127318,0.004732352566633929,0.0036536825386627105,-0.0029747308817782672,-0.0006610208513945712,0.005161117769981211,-0.005357706448387572,0.014122717552148013
SHDTot_LVR_percLVR_AHN4,-0.03969919021425117,-0.02864211953555838,0.014034173575790492,-0.012716410272938275,0.23327466137712935,0.07327344118413553,-0.08499834804018296,0.028262134949576252,0.011078382885910775,0.005657032074873201,0.016822614093934617,-0.0220079337430961,-0.012524192356679004,0.010848247390314588,0.0190971307866905,-0.007575992785690151,-0.006625762872690441,-0.004449023996021238,0.010577333808040813,0.006435407405636226,0.0033400506780845787,-0.0010377823631546894,0.0048528684933005885,0.003563617156339251,-0.00299231873833774,-0.0006486183071080647,0.005204741977154372,-0.005394754496424118,0.014059290778381535
SHDTot_LVR_percLVR_AHN5,-0.039513097610947776,-0.028332234984369344,0.013895307051432545,-0.011910431283961773,0.23257975118340884,0.07379707510441767,-0.086228442138582,0.02659543600689076,0.009889939459669433,0.006391480020167542,0.01624385120221234,-0.023036441774120196,-0.012574680260566708,0.010973922519333202,0.022704809470015994,-0.005254511995799362,-0.0074764121590603985,-0.005198951023947553,0.006826482712848701,0.004812998902996908,0.0007151435508964157,-0.002148915218008366,0.007783774880977676,0.008013387482478216,-0.002852319331775836,0.0013736596366004444,0.004653458676165128,0.0008052866946984964,0.010058579667133801
SHDGrijs_LVR_percLVR_AHN3,-0.03958195719433505,-0.02852651839963297,0.014132625636941747,-0.013479363825568002,0.23331754998145446,0.07345990832882363,-0.08470717343682825,0.0286677502130551,0.011169920401533785,0.005589538971014038,0.016847507024330525,-0.0223007315278133,-0.012666001878266848,0.010883554444163895,0.018978595263974753,-0.007806680409298843,-0.006448593693045219,-0.004369134273117537,0.010412901411977494,0.006674028410704044,0.00342646633108334,-0.000879968708560705,0.004614924294715245,0.0033966990367243852,-0.0031633213395876932,-0.0008435368578690803,0.004893669977136484,-0.005712030617875174,0.014126375129394885
SHDGrijs_LVR_percLVR_AHN4,-0.039587331600170694,-0.02852721131324006,0.014133249464085248,-0.013491166110074223,0.23331220638362749,0.07346085086000567,-0.08470348044482236,0.028674245843631322,0.01117701263278448,0.005591663245670502,0.01685487713997994,-0.02230419352830846,-0.01262712354388038,0.010895448720218673,0.01900199658136269,-0.007792347444827251,-0.006436242187986734,-0.004385861282809074,0.010396644521013972,0.006685831479854364,0.0034164717590389076,-0.0008691731025854962,0.0046128738449812325,0.003375284699555291,-0.0031531363673307474,-0.0008426031677045484,0.004880536241722018,-0.005697958024284227,0.014131608780654841
SHDGrijs_LVR_percLVR_AHN5,-0.03939452096382786,-0.028202302212956384,0.013976639368771143,-0.012581845674109247,0.23261626861320292,0.07398339741212204,-0.0860380144017187,0.027009233936911906,0.0099030272213893,0.0063169944759862645,0.016258970909524356,-0.023356940869869364,-0.012721557172451874,0.011102845885306415,0.022768895007234505,-0.00526690029519983,-0.00734825344864082,-0.005195296730543871,0.006573621871901822,0.005043027615773689,0.0006623832897541681,-0.0020120449388257257,0.007543887156467065,0.007917898713537668,-0.002952103808444861,0.001352900639306265,0.0043202830066413405,0.0006630391856490811,0.010183963194710682
SHDGroen_LVR_percLVR_AHN3,-0.03956780206626434,-0.0285679882766937,0.014007137203413742,-0.012515170295502673,0.2334440920725497,0.07332550696478778,-0.08481095757347579,0.028352874991603137,0.011036696901508249,0.005773459801158401,0.01673548733673048,-0.022081040459380728,-0.012649996915627812,0.010902047368673591,0.019105132752908757,-0.007680778472932057,-0.006450211758299373,-0.004423916060533782,0.01047199800522039,0.006603568230760343,0.003374461893381916,-0.0010363958384111847,0.004648277231000141,0.0036287784799587945,-0.003069078687020381,-0.0007142202669719063,0.0052217227934833275,-0.005404470791817481,0.014143086208436509
SHDGroen_LVR_percLVR_AHN4,-0.03956715296252772,-0.028567264691552383,0.014001286152273975,-0.012495090172559056,0.2334475086770428,0.07332851418503862,-0.08481163132484719,0.028340901627675955,0.011046847669750686,0.005763957298704238,0.016720376297628823,-0.0221222403642444,-0.012571637091742766,0.01083588271928234,0.019122789897083624,-0.007703918554333896,-0.006534501604693358,-0.004404752648011494,0.010505126583764426,0.006622101122813753,0.003352732976646733,-0.0010471608840975201,0.0047683283992073075,0.003559632273641335,-0.003099175369093432,-0.0007034423665617897,0.0052749709222765645,-0.005453855524948312,0.01407664194379226
SHDGroen_LVR_percLVR_AHN5,-0.039391484144899985,-0.028260605350654094,0.013866370048547301,-0.011712106063655074,0.2327536372233951,0.07382561836472623,-0.08602287188424106,0.026676291029548087,0.00986208802957146,0.0064730234034424475,0.016145729536113134,-0.02313843614034897,-0.012669632469919702,0.010956692490247357,0.022678910756247957,-0.005410493665771489,-0.007403792381110351,-0.00512151818319305,0.0067890655712898864,0.004987679683379531,0.0007873849741910047,-0.002173035465210627,0.0076929807054581315,0.007998609457208249,-0.00296615793692712,0.0012650378352420271,0.004713121825303031,0.0007645785356740441,0.010118634275797324
Aantal_Panden_BK,-0.09414213704320366,0.09900022627452783,-0.014463346095134362,-0.000833778446830853,-0.021722502727928108,0.031937515931919305,0.04201279843551465,-0.03756011131925012,-0.017774286769808894,-0.024629497419376357,-0.0032535915801583824,0.023846012699208382,-0.020966179996092883,0.00915528957497667,0.015465489149825401,-0.008911188733911585,0.000286167570932636,-0.004927074212170447,0.0070812707642652125,0.010745914134472892,0.000926368862004185,0.004732097337491319,-0.007167642969656494,-0.011525196153249309,0.02457566506896439,-0.012948711688354124,0.004397552414508704,-0.00957218285608928,0.0019415718318933667
BKBgraad_Tot_percLand_AHN3_BK,-0.08486882068702375,0.11668495847335696,-0.018324900616433597,0.0034271565459924,-0.023600571032331406,-0.005344195678774135,0.003958769040946682,-0.004845892679642485,0.009536863723799773,0.0006466690339438765,-0.0058076583629201135,0.008767731742571271,0.0009188041008475825,-0.002480601390680438,-0.0012994666775267706,-0.0020305066524459645,0.0018880884686006034,0.0017892449847424186,0.002056985751860593,-0.0028697608512728676,-0.00031879883462879286,-0.0013334380713959787,0.0005628644579543489,0.00034925879735036056,-0.003493112285761725,0.001522774330975472,0.00018580887324922863,-0.00044746187964368056,-0.0009896681272583017
BKBgraad_Tot_percLand_AHN4_BK,-0.08485596596707694,0.11669596206408735,-0.01833433956713082,0.0034604930593526485,-0.02364858940257402,-0.005341554589530116,0.003963395175564822,-0.004819984499070158,0.009548587993398616,0.0006398011382524211,-0.005732936726748049,0.008702963795693006,0.0009149341140296837,-0.0024280697008777544,-0.0013299518128240743,-0.0019889363789542766,0.0017807639684344118,0.0018265909369715532,0.0020711440770691983,-0.0028616692642094398,-0.00033369062178933555,-0.0013685649429583124,0.0005885435568222918,0.0003280199983044235,-0.0033949530220052913,0.0015451850225365422,0.00022762851035778355,-0.00043670507519732603,-0.0009512021591813242
BKBgraad_Tot_percLand_AHN5_BK,-0.08485840446749922,0.11669348469260728,-0.018333553029642964,0.0034639114552495165,-0.023638747938354614,-0.005333939856366705,0.003976597338263459,-0.004837110190550761,0.009576567877748769,0.0006519199909806477,-0.005728901926515439,0.00869951461485895,0.0009198651454912912,-0.0024239138710697764,-0.0013393728629391677,-0.0020162664168185246,0.0017661291332687022,0.0018455571823226056,0.002074572150009724,-0.0028631545515148764,-0.00032189955265643695,-0.001368931771581582,0.00061819086214706,0.00029582265483922294,-0.0033951040358058742,0.0015704120719907887,0.000259423589992497,-0.00040800238462404374,-0.0009304178378248392
BKBgraad_Op_percOp_AHN3_BK,-0.08491272989104923,0.11662595894233956,-0.018373213540510712,0.0036881800946261907,-0.023592894610685925,-0.005345011785571272,0.0038041326431167777,-0.005005946628081567,0.009413168809968885,0.0007186516374739705,-0.005836924440085036,0.008781203883282388,0.0008675129925060202,-0.002571917993036971,-0.0012724284016158401,-0.0019419659727527554,0.001857928607510677,0.001609453542327841,0.0020722603874463548,-0.0027820848947976732,-0.0005995225810145618,-0.0012236339291732867,0.0007934046915462833,0.0003872682618556722,-0.003901468954871059,0.0014015900416310787,0.00038542081291760214,-0.0003930672389093201,-0.0011752263367314994
BKBgraad_Op_percOp_AHN4_BK,-0.08489431269680399,0.11664175315878486,-0.018384347830439227,0.003728141787722168,-0.02364029960374347,-0.005371789225725707,0.003820556072528565,-0.005064448860803013,0.009440797755830588,0.000748153532151452,-0.005771462668563302,0.008710919541865795,0.0009272386531850786,-0.002547078032168619,-0.001294794347523966,-0.001955628331716674,0.0017329114497094227,0.0016282484149639648,0.0020461615556047834,-0.00272371902986383,-0.0005274392284743933,-0.0012663044725336951,0.0008130855132955538,0.0003129058786338691,-0.003831827497807682,0.0013809358827862805,0.0004183984237991192,-0.00038380869052110684,-0.001149215652050428
BKBgraad_Op_percOp_AHN5_BK,-0.08490559421303033,0.11663124257922457,-0.018383496594213806,0.0037330872247713365,-0.023601296611738303,-0.005342904075825793,0.0038249225313578138,-0.005083310191452302,0.009439584135221942,0.0007644790991109849,-0.005797698836119325,0.008729949229254444,0.0009313231312473701,-0.002561257889704828,-0.0013344688903361363,-0.0019539119900453244,0.0017641940505184208,0.0016375822557264188,0.002081204479601453,-0.0027179051477232955,-0.00045988173947089005,-0.0012673021547981614,0.0008916475395266466,0.00021386859637371723,-0.003937645510002489,0.0014350012644037487,0.0006027458419478075,-0.0002582997395649463,-0.0012033950083604808
BKBgraad_NO_percNO_AHN3_BK,-0.08484257186992426,0.11671650593942022,-0.01831120648530246,0.0033083505403173567,-0.023572737248490686,-0.005425310218178864,0.003907845878508998,-0.004849394139993356,0.009578703777508576,0.0005111913707254651,-0.005962007701341904,0.008898598394619683,0.0008584569190550772,-0.002542326034441978,-0.0013462089819058728,-0.0023124015551169805,0.0021443960724750327,0.0019987249695645427,0.0021150915488156946,-0.002987227982917401,-0.0002548862217946239,-0.0013563744098646047,0.00042811796545803664,0.0002453769294596379,-0.0033039953031777907,0.0016620771597666288,-0.00014201132733599337,-0.0006983884701146634,-0.000961658046429218
BKBgraad_NO_percNO_AHN4_BK,-0.08481722139961091,0.11674002454049485,-0.018322243755373127,0.0033351873446044026,-0.023642250650219316,-0.005426258578641874,0.003924383126572733,-0.004789178133369321,0.009589253927252295,0.0004908636053445114,-0.0059119298706610335,0.008833705044433966,0.0008605505856434685,-0.0025061556668737836,-0.0013892413371146357,-0.0022912513334265383,0.0020360912887036875,0.0020656554848766423,0.0021470246019608496,-0.0030072424065171583,-0.00024325478696534444,-0.0014153671447230207,0.0004117821912303245,0.0002230143472973727,-0.003162502444742917,0.0016718939345868535,-0.000155137893982765,-0.000732975382982617,-0.0009333840721308525
BKBgraad_NO_percNO_AHN5_BK,-0.0848153377815492,0.11674306900091577,-0.0183204527062819,0.0033350399881831986,-0.02362338926210234,-0.005440727738225553,0.003936880950426502,-0.004816534907993401,0.009618089946561652,0.000505441900795325,-0.005889858655039766,0.008837835861390902,0.0008547569525461032,-0.0025098188995359284,-0.001379772923652625,-0.0023227732372117864,0.002022881410372436,0.00208440829054948,0.002142345635661225,-0.002985967701887303,-0.00024763422619463523,-0.001401680840654449,0.0004690462032982855,0.0001989844579320845,-0.003184451061341855,0.001685680654935338,-0.0001432077078081673,-0.0007337853486115343,-0.000912513234406394
percPanden_30Regel_AHN3_BK,-0.08491458727078939,0.1166256743085031,-0.018339978626989436,0.00346673778169721,-0.023621661060152958,-0.005324605603483224,0.003933934250683556,-0.004017617982840791,0.009485299640983408,0.00026093065911720595,-0.00598283324067687,0.009663777790218969,0.0011233932429763997,-0.002213850512434624,-0.0011270262686917465,-0.0024677029356491797,0.001972494146974004,0.0016896902250359974,0.002313170134864097,-0.002367334933684373,-0.00035360680429774984,-0.0011133742034061562,0.0009617697211728335,0.000863439418359377,-0.0036375157711341787,0.0015877137827306248,-0.00033831441072134044,-0.0007081584543277097,-0.0009896516480886602
percPanden_30Regel_AHN4_BK,-0.08492420209734793,0.11661189633140989,-0.018352395714409324,0.003532953850971389,-0.023617845800299082,-0.005341446607600129,0.0039174768860007056,-0.003963513682281938,0.009477886206401472,0.0001983524788281877,-0.005982723943104399,0.009737444082708957,0.0011172588656042455,-0.0021884588246540394,-0.001072588539577987,-0.0025646803395678133,0.0019409930104019805,0.0017018847844620273,0.0023243881219114156,-0.0022721794206649404,-0.00032049813894382986,-0.0010881449041841556,0.001007492980629318,0.0008752855598288747,-0.0036217971858012216,0.00158191251493911,-0.00037769288842684473,-0.0007098284505805218,-0.001056110955280791
percPanden_30Regel_AHN5_BK,-0.08492765700951513,0.1166072145112804,-0.018355326442107946,0.0035490854956199765,-0.02361605477547712,-0.00533530340216354,0.0039305841934263236,-0.003969919841859943,0.009497075298563338,0.0001750105797247207,-0.005972151154756726,0.009732075746792967,0.001139064741470247,-0.0021747976085940792,-0.0010885155419882789,-0.0025825475434278697,0.001923340135451645,0.0016711271644684143,0.0023390156660876324,-0.002281133498283156,-0.0003289177243657531,-0.0010901151592767786,0.0010128940364638396,0.0008790202099876359,-0.0036423794855301094,0.0015904183419190828,-0.0003364318168803708,-0.0007197788117496396,-0.0010617708845387247
percPanden_tusen10en30Regel_AHN3_BK,-0.058493294461438,-0.0429736607118816,-0.028530060919549006,0.07856141871921943,-0.026069676143324103,0.061180707352421815,0.016990002723145138,-0.11766021232579311,-0.0026085224693003684,0.12717046593278025,0.028533317059886498,-0.15762646834344443,0.042689179138911376,-0.06686165825256184,-0.030667027931845878,-0.17060390270512418,0.004711332346965191,0.011853108883889494,0.14170609768132975,0.060115639996982016,0.046256514078679666,0.08546533931514326,-0.06850008564137902,-0.03615512013289995,0.00900936587439415,0.008048793786616397,-0.05495235105146348,0.04944583788652402,-0.008865152996163158
percPanden_tusen10en30Regel_AHN4_BK,-0.059297831299174514,-0.042098018302776485,-0.029911558279791108,0.0763835533972795,-0.03298557726217195,0.06854584744723569,0.01132619906684103,-0.12863834625957932,-0.0014663084230704532,0.12784918441203694,0.017811268781697687,-0.17113888528258434,0.05401912996771082,-0.08146669902854375,-0.02727332103990805,-0.145224136250001,0.010482214332799791,0.010677224514500356,0.13244114256897685,0.05384648476936067,0.0366313584479838,0.08150368044131456,-0.05599894374790828,-0.05304499274989379,-0.01127239007760906,0.015092991540088993,-0.05054333521711867,0.049704441455568696,0.0011425572444059974
percPanden_tusen10en30Regel_AHN5_BK,-0.060853946205955425,-0.044096133581198016,-0.028163869796900096,0.06760858623414458,-0.03437262196645463,0.0637839385599713,0.024967184613363436,-0.12570849823963295,0.010188189544774245,0.12741360524796844,0.019061575662364535,-0.16303633398174905,0.0551040764363912,-0.08437936718912364,-0.040776409021186594,-0.1580527515761663,0.008926013805027893,0.022042899820563712,0.13289626732536192,0.052981426659992344,0.04269184729256214,0.08117775629589016,-0.05524093649911464,-0.06171835019790044,-0.01924778481626372,0.006574971684608039,-0.042594274985122894,0.04673873879814847,-0.0004982691424359379
gemScore_BKB_perPand_AHN3_BK,-0.08500104623104646,0.11653644910018213,-0.01831761669907752,0.003412893095882066,-0.023534624922506162,-0.005187962714406391,0.004031588353358051,-0.004700449580507906,0.009517141095608339,0.0006834453814049604,-0.005996377977591038,0.008999173098933364,0.0012132695500309658,-0.0026126410674455107,-0.001447554882554093,-0.0023963322498485305,0.0020554588418549373,0.0018304383382492476,0.0022829620621570733,-0.0027534682221177467,-0.00044133230908245305,-0.001095374325122256,0.0005765696194085005,0.0005275970636195332,-0.003661251302832174,0.0015686066839740327,-0.00027659015052768424,-0.0007859425483313081,-0.0009121661351985427
gemScore_BKB_perPand_AHN4_BK,-0.0850096337302939,0.11652582374546314,-0.01832218221716588,0.003441383705578285,-0.023533795733811553,-0.005181158280553458,0.004023016406391251,-0.004681055342790055,0.009513807253578139,0.0006817640048952046,-0.005990011406318962,0.009004043359202475,0.0012341667344853363,-0.002623316373025597,-0.0014485749732477363,-0.0024180045633654472,0.00203499858073021,0.0018282467798183394,0.0023082608372565886,-0.0027197669887006597,-0.0004391893084179191,-0.001078587751023665,0.0006180460235346387,0.0005120197695481075,-0.0036732301049057477,0.0015888791568826768,-0.0002658892080973048,-0.000765450405224387,-0.0009378533699146674
gemScore_BKB_perPand_AHN5_BK,-0.08501316712224442,0.11652145443332931,-0.018322148178294594,0.0034439912946770037,-0.02353367052811315,-0.005172923346950515,0.00403835051449468,-0.004688043916550815,0.009529259669651595,0.0006879743996333344,-0.005983229751854677,0.009000358527394968,0.001250191473124264,-0.0026182471395209987,-0.001475035212017764,-0.0024380613266977986,0.002039555629032246,0.0018350572986316196,0.0023171918766974335,-0.0027264024662136473,-0.00042652459258551257,-0.001075955724398565,0.0006115843886909535,0.0005002023163908072,-0.003683840146791815,0.0015967378950802356,-0.0002543961702487734,-0.0007774447808132306,-0.0009397917576165588
SHDTot_percLand_AHN3_BK,-0.08500263594499713,0.11653330906397229,-0.018305918209975472,0.0034255488233975737,-0.023559176949802408,-0.005461129185237382,0.003710258862325914,-0.00505178512953144,0.009631798386049566,0.0005875926983264431,-0.005934217746515595,0.00886689332719342,0.0006012947002574823,-0.0024370210475836776,-0.0013420200048670835,-0.0019455806038857183,0.0017578758904984995,0.0016685034488499201,0.0021946889762433,-0.002957406809596188,-0.00012128442858205231,-0.0013782670538769904,0.0006200317477141399,-1.924642454509602e-05,-0.0032034070103535905,0.0016750762980783263,0.0005378357121028168,-0.00011123510200240824,-0.00109947444037897
SHDTot_percLand_AHN4_BK,-0.08498954977000672,0.11654475176229777,-0.018316052109711985,0.0034331726985843154,-0.023612531451023912,-0.005446323792696903,0.0037417281334290015,-0.0050055048485934985,0.00964326132686727,0.0005660642130368889,-0.005854807174393687,0.008786736876076198,0.0006972646073487467,-0.002387480119478152,-0.0013456031523503057,-0.0019328381238653426,0.001717116236248997,0.0016947936327734452,0.0022096127459683692,-0.0029376594970360274,-0.00017589176175713446,-0.001390276491274419,0.0006451389299914492,-1.9574073436273395e-05,-0.003087516158494658,0.0017079279387836673,0.0005357431356395307,-0.0001563296660294075,-0.0010894144876276116
SHDTot_percLand_AHN5_BK,-0.08499279072693197,0.11654113959297933,-0.01831208538134176,0.003428877223672119,-0.023614915635490806,-0.005370325686259925,0.0037721023344397093,-0.005030706736869105,0.00969419923399986,0.000644274750280065,-0.005873020179836942,0.008800410407902652,0.0008234591492732415,-0.002395063097980377,-0.0013409600971311473,-0.001978506160419269,0.001738137419409193,0.0016141485138992686,0.0021861346821901574,-0.002975968111782664,-0.00022505086898171023,-0.001377962634847853,0.0006196335595044759,7.51914564837752e-06,-0.003001543964732183,0.0017657670469074917,0.00046949534767340466,-0.00020278093739829327,-0.0010792787398788836
SHDTot_Op_percOp_AHN3_BK,-0.08501775489939586,0.11650650324196715,-0.018354293456046986,0.003639889133036775,-0.02360974212403108,-0.005378310831843581,0.003460810136667192,-0.005181690193921189,0.009462782688833578,0.0006551316691487246,-0.005860877895823763,0.008899266670925101,0.000701241067675092,-0.0025617170900819703,-0.0012568071087118678,-0.0018947306364669359,0.001826452277176804,0.0014991716404375722,0.0022118599427841034,-0.0029567704850811736,-0.0005266568983265029,-0.0012348497935061147,0.0008158993543889316,0.00028922580003713506,-0.0037393407007758083,0.0014447636180232213,0.0005478142555921385,-0.00045640390438044214,-0.001066030117668629
SHDTot_Op_percOp_AHN4_BK,-0.0850087802479158,0.11651764212438663,-0.01835242769794282,0.003650878137741902,-0.023597080659164563,-0.005359694332976499,0.0034784571430851842,-0.0051911768145827455,0.009485363639016735,0.000685359881553894,-0.005825275088574929,0.00889464118490645,0.0007836798522508769,-0.0025777828624839612,-0.0013248470293706056,-0.0020202680796893306,0.0018174598251327844,0.0015950947153852018,0.0022836206076200447,-0.0030040975040702012,-0.0006673289158737294,-0.0012471339617971947,0.000883471041118769,0.0003303528948708536,-0.00356408695512362,0.0014721568534087409,0.0004566329330567445,-0.0006459417202952478,-0.001046586074263302
SHDTot_Op_percOp_AHN5_BK,-0.08501662399092146,0.11651009482681315,-0.018343123656798157,0.0036038094862689504,-0.023606822876672654,-0.00529271146562658,0.0035064892863262876,-0.005203657487792234,0.009528725094546086,0.0007003855522106727,-0.005899461201732802,0.008864731941223681,0.0008955662236420698,-0.0025824109884014512,-0.0013208542742272923,-0.001946855093884055,0.001793517024969798,0.001486887703126821,0.002253675095093389,-0.003020374238488537,-0.0004722742501443576,-0.0012870342068030977,0.0008405008906917172,0.0002677912360925839,-0.0035858298675920898,0.0015461521485081932,0.0005131618594770006,-0.0005378643573688517,-0.001107103882754817
SHDTot_NO_percNO_AHN3_BK,-0.08508319723246768,0.11644350370329466,-0.018270878211979983,0.00318525713898982,-0.02354895501291897,-0.005528598163278178,0.003594233398104667,-0.0051271229012390005,0.00967213480584714,0.0005826755710045755,-0.006168688312162021,0.009067245563802416,0.0004530511129037413,-0.0023057409325592942,-0.0015109751001630598,-0.002357295318058625,0.00198330461011721,0.0019431376963682208,0.002303963463262711,-0.0031377456797112764,-0.00023472861136671658,-0.0013381581430109944,0.0005958293382195929,-0.00012798388949202165,-0.0029425772393995215,0.0017984166727976522,0.0001887833952629939,-0.00043518227156769346,-0.0010442473580480416
SHDTot_NO_percNO_AHN4_BK,-0.08506625879940154,0.11645984336237854,-0.018276299438069275,0.003173406541494937,-0.023608836625380335,-0.005522994343325346,0.003637675290356172,-0.005027177439988528,0.009667059882916782,0.0005520580068738532,-0.006103770293355684,0.009001036703449166,0.0005882001714342368,-0.0023003694601906348,-0.001517608216298365,-0.002305145875417045,0.0019323755626498823,0.0019416855201540356,0.0023098925036545313,-0.0031272380048993466,-0.0003118045337901116,-0.0013525871654047528,0.0005912672302141573,-0.00017207888506103655,-0.002796423673832249,0.0018285091461496972,0.00016176774455784612,-0.0004350529652676243,-0.0010585573041058994
SHDTot_NO_percNO_AHN5_BK,-0.08506749099542624,0.11645910532547168,-0.018277678007549366,0.003182175758515395,-0.02359230485815496,-0.005454690208133946,0.0036664253076718703,-0.005072115597768056,0.009725375464768394,0.0006403119813087327,-0.006084852958422235,0.009021676288172506,0.0007574604378992111,-0.002291056728190914,-0.001479483302273056,-0.0023406054174786406,0.001955679749681624,0.0018200930839868405,0.002274758453297745,-0.003121821105572264,-0.0004109166442833946,-0.001298959046964865,0.0006057943205745636,-0.00014977210909821684,-0.002797534111891602,0.0018685618368370494,5.527560114719584e-05,-0.0005142071707498065,-0.0010821756344821922
SHDGrijs_percLand_AHN3_BK,-0.0849962900280186,0.11655639954772905,-0.018243161793401484,0.0029104863091326347,-0.023508348164234697,-0.005344997187049319,0.003908551679861852,-0.004950024610890897,0.009575530568056226,0.0004930455572307965,-0.006214152428920018,0.008983176368216293,0.000969041699090799,-0.0025992324364577536,-0.0015265891089472703,-0.0019854492566202674,0.002031632595759215,0.0019032029665539654,0.002143720686845782,-0.0030124810753395822,-0.0005164171614496266,-0.0012410615965685323,0.0004627781693254353,0.00021265595619389648,-0.0036246762162187216,0.0015196563658005154,-0.00016213786096944233,-0.000810205239390053,-0.000899795923131878
SHDGrijs_percLand_AHN4_BK,-0.0849993155494678,0.11655397784886493,-0.018242066214769388,0.0028987268317937497,-0.023500792291608973,-0.0053375554393710585,0.00391211321874756,-0.0049344288608191705,0.009575366645022182,0.0004942521077824233,-0.006208499801553103,0.008985753065872508,0.0010317580447640907,-0.0025842715186228096,-0.0014917853543602916,-0.001966428260789583,0.0020790368315765787,0.0018677527502509196,0.002128594200232483,-0.0029862110257371038,-0.0005390087238602443,-0.0012134995387403085,0.0004504716642777197,0.00019578911604403783,-0.0036246250214858246,0.0015129868403391095,-0.00017510227421879218,-0.0008179355001199602,-0.0009148355816386188
SHDGrijs_percLand_AHN5_BK,-0.08499326140803762,0.11656045970923992,-0.01824275124905116,0.0029177460859949518,-0.023505117914386284,-0.005308583595606324,0.00392833563896296,-0.004938996466996534,0.009588470358682313,0.0005529099691146119,-0.006197980476923229,0.008988233206337274,0.001098263777354039,-0.002587996953933352,-0.0014622323276104216,-0.001988044438126976,0.0021033486631362903,0.0018116772419909746,0.0020974590232678623,-0.0029866766245652703,-0.0005825947420355355,-0.0011976111571021179,0.00042584582426105855,0.00020696933992029007,-0.0035538566900809626,0.0015438447996119666,-0.00019584852724542203,-0.0008658377603245765,-0.0009386738040439115
SHDGrijs_Op_percOp_AHN3_BK,-0.08494312809109797,0.11661060084268696,-0.018259794274517932,0.002916427280666654,-0.023628150623379605,-0.005272851899321099,0.003826144262607129,-0.004881194218500996,0.00956848508886058,0.00044190020438195153,-0.00595527413802049,0.008928213639556721,0.0012019809753701924,-0.0025938681720632075,-0.001432402617972242,-0.0020199352600641885,0.0020682269735800853,0.001939896625751038,0.002159492370427733,-0.00306435811540366,-0.0005251102431526939,-0.0012262301356873132,0.00045414556525232334,0.00043852144093703166,-0.003689407507913983,0.0015372578852945237,-0.000327814489851402,-0.0009896011133543323,-0.0008353917259333308
SHDGrijs_Op_percOp_AHN4_BK,-0.08494937852735833,0.11660480881821483,-0.018258063313203357,0.002902608325477147,-0.02361768123438866,-0.005262093235756967,0.0038193166305048915,-0.0048643536724031575,0.00956958440611441,0.0004351849411018622,-0.00596242871302038,0.008930349185233322,0.0012162009974610573,-0.0025806792117919245,-0.0014454708896877975,-0.002009823170237733,0.0020601433132738916,0.0019260141037100076,0.002157695827392761,-0.003050275590466628,-0.0005213432717262879,-0.0012261798089293423,0.0004474220236450374,0.0004093409276837929,-0.0036590044400332503,0.0015477275758715688,-0.00034743830202034557,-0.000964175197251603,-0.0008374645899789338
SHDGrijs_Op_percOp_AHN5_BK,-0.08494549343814939,0.11660794543145703,-0.01825978492167382,0.002913218892977561,-0.02362644192279823,-0.005261093678153792,0.0038306071631509188,-0.004873138481478319,0.009574766121278746,0.00045512049672045133,-0.005973496643157969,0.008934487457500147,0.001244308163562824,-0.0025882239725040688,-0.0014336061850322944,-0.002017240027493972,0.0020735606147853445,0.0019046421533809913,0.0021623283661922647,-0.003062506901277172,-0.0005264431848700993,-0.0012252068602778712,0.0004229050293949144,0.0004034211708327615,-0.0036283083919094357,0.0015517210020303475,-0.00035421195456248255,-0.0009619230654209168,-0.0008702015249535087
SHDGrijs_NO_percNO_AHN3_BK,-0.08511114338144743,0.11642165038891124,-0.018238621612969613,0.0028034542272734166,-0.02357629585465399,-0.0052709622082681125,0.0038301212363556544,-0.0050439667443560356,0.009590494301337524,0.0006120228489870428,-0.0062283203842286704,0.008974874578908783,0.0009049203420088065,-0.0023208786477274357,-0.001603903198943413,-0.0020149815707893436,0.0019935869183511047,0.0018848189486217167,0.0022740500333438165,-0.0030100398284758413,-0.0006013709277182525,-0.0011690009378797586,0.0005439552927944994,0.00022518622482366963,-0.0035439797885974756,0.0014688309368655244,-7.041633124350754e-05,-0.0008427732584055691,-0.0008331808739525054
SHDGrijs_NO_percNO_AHN4_BK,-0.0851223294838503,0.11641054356064323,-0.018235706068477384,0.0027744007365289197,-0.023562862807607103,-0.005260271808311289,0.0038349763141767522,-0.005025190677410118,0.0095957093613342,0.0006133883757943143,-0.006230043909026503,0.008985491092167527,0.001006203385703593,-0.0023129638608875578,-0.0015522151579754706,-0.0019752299294151007,0.00205071721484496,0.0018190742965857219,0.0022344915564392344,-0.002959301484557509,-0.0006624284352928373,-0.0011130833687133996,0.0005349546097351796,0.00017813763417133137,-0.0035685994076321385,0.0014642332584228314,-0.00010268939869605789,-0.0008082353529975403,-0.0008623375985652469
SHDGrijs_NO_percNO_AHN5_BK,-0.08511231796003052,0.11642131014967262,-0.018238160262338782,0.0027930596901260796,-0.023566061494753657,-0.005234806930095391,0.0038557833668800426,-0.0050302462357781595,0.00962127784404611,0.0006689141308200547,-0.0062170806662157265,0.008984471338185302,0.0011173273215657128,-0.0023150295844469957,-0.0015057926633772474,-0.001998055024761207,0.002081157073224284,0.0017217342866592048,0.002193569056916547,-0.0029608385222179416,-0.000736685266887491,-0.0010768852714825266,0.0004974503130972611,0.00016577853141615763,-0.003526101905907131,0.00150323320881953,-0.00016436617345755322,-0.0008501334482414251,-0.0009271440307224256
SHDGroen_percLand_AHN3_BK,-0.08487849741073693,0.1166695364634145,-0.01834718330984046,0.003593724557430785,-0.023589158847703358,-0.005361713322960742,0.003889310033653842,-0.004928395278553438,0.009597960906650022,0.0006869063467897526,-0.00574628867835062,0.008715157588587883,0.0007293634317290323,-0.002367643151588227,-0.0012750905223147227,-0.002046368485790768,0.0018874869790070229,0.001720098393131525,0.002105179738007154,-0.002845019958855199,-0.00010806582648041181,-0.001388085199439412,0.0005577165112759408,0.0002332674252572938,-0.0032771917892285944,0.0016002113217842419,0.0004502433700145315,-0.00026812223923521517,-0.0010153294473340556
SHDGroen_percLand_AHN4_BK,-0.08486143876165232,0.11668505906543267,-0.018354921366687406,0.0036111737396282728,-0.023644877487704732,-0.00535615128789703,0.003919341270404182,-0.00489429457140749,0.009609907852648019,0.0006673821728439794,-0.005671338304413918,0.008638090004178083,0.0007661503465121383,-0.0023356242584865383,-0.001319598828448095,-0.0020446341888822233,0.0017950877341125838,0.0017792627828927261,0.00212874671485507,-0.0028593255566788482,-0.0001436299246260175,-0.0014296188176646564,0.0006004247289737605,0.0002543705100572719,-0.0031609313096807898,0.001638944007086779,0.0004670207169471477,-0.00031185286982117407,-0.0009930652438015243
SHDGroen_percLand_AHN5_BK,-0.08487120054491397,0.116675039382644,-0.018346817734580155,0.003588449838065654,-0.023639513074897568,-0.005314315497484868,0.003931475902373526,-0.004914457431869705,0.009649619319699399,0.0006914825806707307,-0.005699734396091812,0.008660657803685553,0.0008254935351982505,-0.002346294099060577,-0.001352530750203386,-0.0020702093010853077,0.0017888413857054752,0.0017501384926055512,0.0021326243063001355,-0.002908434740910646,-0.00014907185375927687,-0.0014358093622446053,0.0006042639370492713,0.0002675405600899725,-0.003136057300639539,0.0016683966597954957,0.0004285015995582003,-0.00031316271647149245,-0.0009643519532415171
SHDGroen_Op_percOp_AHN3_BK,-0.08494559444068144,0.1165915823372411,-0.01836955401893162,0.0037998947004099894,-0.023508693757349035,-0.005360923188442451,0.003722456049377395,-0.005120875692100744,0.009436690083254625,0.0008142079234567311,-0.0059286669428218865,0.008824945069242338,0.0006021172031790785,-0.002509976611263196,-0.0013000821699793645,-0.001945012870154684,0.0019094992514588703,0.0015058534023786982,0.002094970172618877,-0.002818884807740102,-0.000514319413280511,-0.0012650624009298015,0.0007784756228962756,0.00032308565980416196,-0.0037401172611640507,0.0013561038396568564,0.0006428005705773507,-0.0004474292529090177,-0.001056435702150998
SHDGroen_Op_percOp_AHN4_BK,-0.08493084461296567,0.11660663801946357,-0.01837690094238695,0.0038247853188203428,-0.023514250107805695,-0.005342315384813566,0.003748017249867272,-0.005150928549121584,0.009456783012691589,0.0008442704220817716,-0.005887917005522797,0.008798884607988902,0.0006675364370718459,-0.0025283612770566418,-0.0013435864579277054,-0.0020944504282822277,0.0019192208438038527,0.0016244047836322828,0.0021775373875891533,-0.0028589893742350216,-0.000656126130449247,-0.0012714974955853862,0.0008392903715675513,0.0003918148481048988,-0.003604751091530663,0.0013683704426693442,0.0005548098109997446,-0.0006560814268672108,-0.0010239280923277948
SHDGroen_Op_percOp_AHN5_BK,-0.0849432348148117,0.11659466643012537,-0.01836642241420586,0.003767789153516645,-0.023521404111503486,-0.0052780769008122395,0.0037634128751326524,-0.005159856840838259,0.009495717349874002,0.000841626621134044,-0.005950465300994526,0.008767369548407372,0.0007562065388507271,-0.0025288170188904275,-0.0013517136918013112,-0.0020165421079204326,0.0018791551065098018,0.0015357628772986799,0.0021487643821518523,-0.002866306696899797,-0.00044887403948006184,-0.0013134192816758,0.0008185247754181883,0.0003301351547966899,-0.003655582534818702,0.0014329600441382725,0.0006172800616391029,-0.0005485944723426537,-0.0010570948951899078
SHDGroen_NO_percNO_AHN3_BK,-0.08484749657414979,0.11670800486253595,-0.018331028980825146,0.003460337244340726,-0.023529599634872507,-0.005484847955445584,0.0038460204278025034,-0.004919854838397015,0.009620459859484051,0.000548269316414326,-0.005968877517109022,0.008891794385109394,0.0006384376902812211,-0.0024946865322206446,-0.001344674223582527,-0.0024591193512651355,0.0021712428276788407,0.0020295799811566183,0.002108974021980627,-0.0029935034267116966,-0.00013761392586503937,-0.0014066765595669116,0.0004308431842016615,0.00010677248241378352,-0.0031121970974913194,0.0017697766583607867,-2.2137613101722316e-05,-0.000546552460211105,-0.001008032892437712
SHDGroen_NO_percNO_AHN4_BK,-0.08481769397240245,0.116736747667419,-0.018341383776638125,0.003477783907651788,-0.023603910701939346,-0.005484497101728884,0.0038894450958792213,-0.004837417415411402,0.009608348989744941,0.000516409128415788,-0.005901379195218233,0.008807897050814558,0.0006756070193590304,-0.0024960030123868547,-0.001399954368509444,-0.0024469746992881194,0.0020667665802530217,0.002096640692572127,0.0021566072369915536,-0.003025668893905402,-0.00015536316307065816,-0.0014752739853221616,0.00043270679959793614,0.0001154440484453808,-0.0029502207328603895,0.0018011832065052706,-2.1034091527936894e-05,-0.000582683078332031,-0.0009890050109661076
SHDGroen_NO_percNO_AHN5_BK,-0.08483070500074265,0.11672394385627288,-0.018335563332573517,0.003466201414336416,-0.023580702030525987,-0.005449190469979848,0.0038920144447191093,-0.004876840945866529,0.009645845042247827,0.0005519684443643845,-0.005894320430195911,0.00884298043295098,0.0007344079837226469,-0.0024894092549976802,-0.0014180955899867392,-0.0024612745862206244,0.0020507034230562793,0.0020634927733477366,0.0021571885173192157,-0.00303391324176961,-0.00017689825560746985,-0.0014604739826985103,0.0004902405622652148,0.000143533616175428,-0.002982992444949868,0.001802884578427722,-5.4923988923229306e-05,-0.0006226103642211967,-0.0009574001710438998
SHDTot_LVR_percLVR_AHN3_BK,-0.08607730521521731,0.0527822487469634,-0.0004780037628893922,-0.010093158964421483,0.16304806914756256,0.04932218394200084,-0.05768130005538815,0.0177723933366349,0.012991654539871595,0.006076163077278489,0.007867844162464582,-0.0029616770595484124,-0.007712584816444272,0.00786859576433695,0.00601074366674463,-0.01384356668575543,-0.008329876689642727,0.0027877417944582195,0.012627606909742479,0.004471927051661307,0.00713907114397352,-0.00012776272933891702,-0.00625362389348417,-0.007426662003918875,0.0006865499582151271,0.002999088783582569,0.004194894996323483,-0.0016666653668766748,0.0072890377156838845
SHDTot_LVR_percLVR_AHN4_BK,-0.08607074462141946,0.05278962618028486,-0.0004861771610800935,-0.010084865341444569,0.16305127679432205,0.04932792212766282,-0.05768696285432553,0.0177879481163154,0.012991513332412004,0.006093147760437619,0.0078963168167307,-0.0030024834480583905,-0.007582384721743439,0.00783975307143822,0.006047158099888684,-0.01384986448280788,-0.008377802020585806,0.002745428847330315,0.012710926572829085,0.004557391242123378,0.00723567875960941,-0.00014174720663496853,-0.00613533546796028,-0.007561707131571966,0.0006356119319408662,0.002943249645391819,0.004345042065090994,-0.0017146751510683522,0.007276137591763683
SHDTot_LVR_percLVR_AHN5_BK,-0.08602588248221674,0.053341868603232694,-0.000670758618861884,-0.009376341578257466,0.16192555970112815,0.04957047025859208,-0.05845999893454803,0.016394930602650157,0.012046276143959755,0.006643602060865294,0.0073681954386412216,-0.0037550633649450806,-0.007584757964867096,0.007924885370561364,0.0088769845174501,-0.011958692295884928,-0.009152783809896764,0.0021451805819392663,0.009771636609680025,0.0031935114723553515,0.005066822151990572,-0.0010376706970426578,-0.0039707692974023856,-0.004044231559254889,0.0009276967500184141,0.004736964015049707,0.0038055705977942597,0.0032233918901240118,0.0042889902611270864
SHDGrijs_LVR_percLVR_AHN3_BK,-0.08607691844406574,0.05279445352267205,-0.000421571474584283,-0.01049311233635989,0.16303458341199298,0.049437811726908434,-0.057429728162267595,0.017988509693198377,0.013059246172346547,0.006022868825197963,0.007741074148891287,-0.003046978184727047,-0.007466651722107838,0.007738841615965089,0.005896346339090284,-0.013666648312400812,-0.008331015792515255,0.0028444649785569743,0.012521787720158314,0.0045279528460067334,0.007192426879080899,-0.00011612059319302198,-0.006462570072907211,-0.007531898261597498,0.0006538197229214831,0.003088217542602876,0.0038136696788003176,-0.0019764262564828717,0.007307766162813349
SHDGrijs_LVR_percLVR_AHN4_BK,-0.08607554272861995,0.0527963418810164,-0.0004214309334418787,-0.010506823920134047,0.16303303057504567,0.04944123948394087,-0.05743097050066053,0.01799534794852317,0.013062584051082887,0.006025319565912776,0.007752660089057058,-0.003056409523298952,-0.007400327017225539,0.007770789947103763,0.005899222199774894,-0.013646887182806822,-0.008325109490695681,0.002781166889771497,0.012503751908058244,0.004576194133755212,0.007295415011171218,-0.00012526356545805147,-0.006480579033580908,-0.007568377273630034,0.0006274168670050821,0.003087782761523791,0.0038354128668595805,-0.0019496888987213731,0.00725964891964813
SHDGrijs_LVR_percLVR_AHN5_BK,-0.08602524548254424,0.053354657572117194,-0.0006114656725008362,-0.009777968765790696,0.16191561159847612,0.04965121821195938,-0.05823447868090395,0.016638385616022756,0.012072843876581462,0.006577299101741502,0.007236853082536465,-0.003771014332735779,-0.007448453471581997,0.007884594129792534,0.008737023505173792,-0.01172635782990987,-0.00900856635665861,0.0022075669346368347,0.009562877527291715,0.0032704305036561124,0.0051161277417797165,-0.000987391428586577,-0.004264242045632657,-0.0041158676247862215,0.0008293623673018899,0.004776518608872384,0.0033682977661338466,0.002972366917559885,0.004201329618809959
SHDGroen_LVR_percLVR_AHN3_BK,-0.0860169153679573,0.05285416530433407,-0.0005072261474383825,-0.0099299117149834,0.16316394779762827,0.0493540860416981,-0.0575108968416108,0.017836324891605856,0.012969312388095362,0.006167844291570415,0.007797631643109175,-0.003073280818245229,-0.0076867923937924635,0.007868283677070256,0.006048154946523804,-0.013933193442430998,-0.008240949163028503,0.002812575241684178,0.012554223458410235,0.0046096829725681375,0.007124366110565051,-0.00013074384723056848,-0.006342039658387169,-0.007413186691485707,0.0006386797675913179,0.0029736484290713732,0.004233978860813938,-0.0017342133044450391,0.007381372955180571
SHDGroen_LVR_percLVR_AHN4_BK,-0.08601124828079769,0.05286028781562777,-0.0005144958111994375,-0.009908246577684387,0.1631695126011145,0.04935469859712082,-0.05751502199270896,0.01784596807649528,0.012966231334617623,0.006183597615741672,0.007814988724560835,-0.003101935863015998,-0.007622481893941697,0.007805686073464694,0.00607947088396187,-0.013958610298180471,-0.008296588660234434,0.0028324221736016164,0.012654875640171755,0.0046446827006432585,0.007119053601515287,-0.00013674393377435942,-0.006202916769062501,-0.007513018512484511,0.0006159762403804377,0.0029170840268211854,0.004366041886940481,-0.0018088224827135678,0.007413555130849175
SHDGroen_LVR_percLVR_AHN5_BK,-0.08596616828035014,0.05341345561206933,-0.000694661984153692,-0.009208862634292072,0.1620445901715514,0.0495867719487735,-0.05829311885692443,0.01645019259491027,0.012013323233041733,0.006716775571486555,0.007287646367589388,-0.003847248880884529,-0.007648256990904933,0.007906976999044272,0.008874095159675762,-0.012043406793258615,-0.00910682750304968,0.002242759993525432,0.009711001050992039,0.0032856275241383687,0.005049413346488787,-0.0010656735475365595,-0.004027766433008192,-0.003981487207366221,0.000866371080578297,0.004707503564551483,0.003849167128088797,0.0031435884671669745,0.004427796376504036
PET29tm34pAHN4,-0.026631207945594235,-0.031057927344202565,-0.03029322377580176,0.17115048693404347,0.01875023132927491,-0.04607950231075953,-0.007599524197546369,0.05388723428620756,-0.010187022452582016,-0.0965801343688963,0.012565177751273459,0.07056886444655318,-0.010121824790217731,0.022468613660913555,0.01547694556873541,0.032257965897220256,0.04901154983053607,0.006711889894200328,-0.005723130659955445,0.0164098723142475,-4.188805765755347e-05,0.004415204793807048,-0.08013514328746009,-0.04365355884319196,-0.04431345030160118,0.00953482524369376,-0.028283482871525257,-0.013612725951241657,0.023846467387472068
PET35tm40pAHN4,-0.08870657808574622,-0.07544336623421354,-0.013682439610239404,0.009929809575465992,-0.041640599972849544,0.006047578912247614,-0.018959214345681694,-0.03709460872211856,5.871128916808729e-06,0.07001986082360952,0.01680116624355255,-0.06362184929467583,-0.012513197871522235,0.04743177481825241,-0.0459691469916622,-0.0802462868415905,0.026762432990444934,0.006914393734371029,-0.034027189618941044,-0.008421032570200718,0.006182158111669473,0.00517697683542788,0.015857492552888795,0.06710340031000037,0.000892507679494514,-0.025519067914663733,0.05387964853316124,0.005455279169940945,0.005668394015147192
PET41tm45pAHN4,0.09766723753880414,0.06509864387921946,-0.0007641468380119548,0.021395207872912166,0.00021537401410946772,-0.02832642206298687,-0.0804558156695331,-0.08375816194004713,-0.037173391862432154,0.022339850611763284,0.047673892806140754,0.03251226672912071,-0.046634386303173535,0.0538955151701394,0.015433395480879441,-0.10595678797596925,0.021984206797274017,0.0074518637050321,0.022880621858406995,0.013619577458116362,0.031124240482836407,0.0040395190038865336,0.031294792284209796,-0.03562402633572157,0.015740997450404283,-0.0073701718754264605,0.018501373644054336,0.03275660402675485,-0.007122525041081274
PET46tm50pAHN4,-0.08684134324570239,-0.04945397561260604,-0.0013464678500250161,-0.04210344902229197,0.004733934255237929,0.04240198653736342,0.12171275689869782,0.10323560638997926,-0.06015006644282581,0.027889108177020602,-0.03408957568206075,-0.06819391792534053,0.07927962051587024,-0.031832248844084414,0.017305227218100624,0.08529864271405278,-0.0005291386817111129,-0.009040318583782394,-0.013577644802735763,-0.01869720186613345,-0.028306496993836482,0.0013774567744118536,-0.05886304162319849,0.030903842678502227,-0.031098446570754435,0.027090071801058727,-0.058279818560634244,-0.042287416986142065,0.03654158879620559
PET51pluspAHN4,-0.021184140224610376,-0.021739966956482122,0.0002545492821566166,-0.0579448102240761,-0.047964927650884004,-0.006372042366381118,-0.1383045793640995,-0.022140509100978985,0.01664852978146948,-0.08012215833985317,0.03407512931668092,0.05757522912783999,0.06252915410167088,0.001956880679985745,0.09094347934418524,0.024855198541832515,-0.049006570909273045,0.014315189503656182,0.04476717044393051,-0.09541302586009584,-0.0857106645071493,0.025202327600590525,-0.1974876163789601,0.012705807884346011,0.0655953350063287,0.09299686144088094,0.15052087235544778,-0.07288669608877267,-0.086063636852309
PET_NDpAHN4,-0.05681114155180366,-0.05686630263023296,0.0030236981030821826,-0.0770371670256683,-0.03622836653042565,0.05403189747435717,-0.0035740746133648233,0.002343282283575143,0.22975122029391892,-0.11620356583356999,-0.0863946307674245,-0.03302626930133793,-0.022344708981137096,-0.09254538692024825,-0.02927576741321826,0.10205878402004848,-0.06886610093926533,0.01618600412210285,0.018839609665322454,0.05957175733463436,-0.02970420042197435,0.0018961459124103297,0.03138238598921461,0.0340858638583816,0.008678162950285721,-0.03989958076806766,0.006860783578405712,0.02162271099983254,-0.03749611240518762
PET29tm34pAHN2,-0.03387371292003306,-0.037037185118668416,-0.029150096081878008,0.16150794689608483,0.010415935367948112,-0.03948780550128035,-0.009844275696640427,0.05669210164593995,-0.025706430933159163,-0.08084648816037969,0.03238846121899466,0.06698501694043649,-0.033540799979461876,0.029524051872180906,0.005399395078649948,0.02408536066438167,0.05860529840674115,0.02270515303323948,-0.02684104968285697,0.0266798700305645,0.014308185592334051,0.00796565039534228,-0.0908854826001415,-0.04163313830897432,-0.051528718137888604,-0.013679674070596818,-0.039998388757054366,-0.012064774654750204,0.026567638820422165
PET35tm40pAHN2,-0.09129649677192056,-0.07630736731691617,-0.013807640028472649,0.0110225906164126,-0.03644048683908268,-0.015451820392756065,-0.03764830566522311,-0.03297489669581492,-0.0029251785572586946,0.052484142228009074,-0.007833121158441347,-0.03881718640562864,-0.02367117689789319,0.05262711219442235,-0.023632762499830286,-0.04916908575786289,0.0407539109869217,0.007058555933272729,-0.03478903545348448,-0.008945608035439409,-0.006263768288860921,0.006703942825051006,-0.0020926907686403293,0.0730089959830522,0.020089128055194572,-0.012886378818281493,0.04214029796269438,0.005299340354991994,0.0009626932397617881
PET41tm45pAHN2,0.09602008486321746,0.06784106732337188,0.0018595948577519636,0.024001411530164735,0.013707433328755824,-0.035192940936694256,-0.07176027447089126,-0.09961923775185057,-0.03370893252702059,0.02277128906600492,0.04547866427206478,0.03444977930263464,-0.03377364687207089,0.060589656624886,0.025242177794228073,-0.07210876824461662,0.05176670947553677,-0.007710200037978069,0.010115925387074926,0.007396986984271559,0.019388194898210025,0.009479325557019472,0.002884296102622389,-0.025218756312436266,0.039106698942661125,-0.005307022080270233,0.00884260975099565,0.008283276766914222,-0.020025454494944264
PET46tm50pAHN2,-0.08277410351722654,-0.05255542069250772,-0.007153573476673573,-0.03864912013813236,-0.014690096571265538,0.054413882579469726,0.11253029682854508,0.12195174052123507,-0.06251772029753125,0.02863733217395469,-0.02814025017498803,-0.07583708096771621,0.07247063925330548,-0.041639340226562065,0.0052548792104592625,0.027172365416479115,-0.04399133971244241,0.009899569684000327,0.010636101634487466,-0.004950160774132333,-0.013335080139994857,-0.003985207340456672,-0.013853928218911531,0.012924338022487417,-0.06465677096487621,0.028623556340004103,-0.03899292830368692,-0.013475294793687625,0.05441688412109324
PET51pluspAHN2,-0.008240535936419074,-0.00891761758519347,0.00014358440700792662,-0.026615297598175547,-0.024367019005153815,-0.012524136754608051,-0.09008012877401668,-0.027531409213171303,0.006582810841282685,-0.10325202418035893,0.022161401657429903,0.003045600043338223,0.042783621690628756,0.0050514237954532365,0.04715059483968746,0.02156714618572348,-0.046569959476247626,0.0037671476739161358,0.12763768688223645,-0.04664591414014141,-0.09843589653922882,0.095061262633944,-0.11886140983052967,-0.15055376171130214,0.030632184895189676,0.16190361816229265,0.07430160679543345,-0.13513793284672723,-0.10385148871111244
PET_NDpAHN2,-0.05563120986823695,-0.057209398861233836,0.003129276430405302,-0.07792444334859432,-0.036223587270014415,0.05144761679767929,-0.009107831153913403,0.0006271009418725283,0.22854988878334584,-0.1201865571914777,-0.08968496499657178,-0.03206115761507543,-0.032430989166532906,-0.08753747502809175,-0.03246190012467894,0.10371524891162533,-0.06828642071104779,0.015007036733330965,0.019667632778405778,0.048288617237268835,-0.027826621698544003,-0.002979849860616857,0.029121508466426926,0.03749565270245967,0.005028440722419496,-0.0418167001527821,0.006022079744844206,0.034911212142057335,-0.03396070142766965
PDrogePlek,-0.06790837238045143,-0.0405873365333227,0.0021483734095811237,0.04651144867445253,0.02291951120690591,0.02666129110257496,-0.012510574184941241,-0.0854064456828828,-0.006600206584321489,0.06233433442074827,-0.04507200673605265,0.0388816195398705,0.12776725175317624,-0.009604201308071372,0.07506115288593086,0.1296347000910005,0.03730396178690868,0.02578291777903976,-0.007771345840997848,-0.02947478624280707,0.009718001869909494,-0.007535619893938778,0.1323801483889797,0.07488052379555842,0.09295467416651383,0.08294463323001491,0.008645675168043926,-0.06782670841681038,-0.11263631120457264
P_tot20cm,-0.006970023089295124,-0.00921744751439608,-0.003370594729351754,-0.018736759817197458,0.0039710200273285114,0.027201007880619896,0.03372514998450869,-0.029506247782049005,0.027368253571766185,-0.03393244575249785,0.020101295510012177,0.0021682035890519505,0.05192620682027856,0.051437912867324624,0.14150419644624596,0.14567115899338715,0.3717323221508331,0.19279747139774217,0.08320448956098378,-0.054564919868643126,0.10173145242670935,-0.03093245798487672,0.24205074156068548,-0.07382003423336925,0.09508644486662612,-0.14018120757084954,-0.1430796275679842,0.15381691771218173,0.07017768786605727
P_20tot50cm,0.00575498303670167,-0.006495924304267386,-0.0021127048878519907,-0.016397285009983706,0.014612936228441837,0.011092295346246162,0.026611038460255806,-0.02581376477187884,0.044529951737205455,-0.034777732631375825,-0.011774508528077673,0.02582150060730735,-0.0210138533684611,0.1022929987792454,0.17043619644074126,0.11431844324034406,0.37195755249391055,0.2089475757622617,0.09280892688833814,-0.06215695350054172,0.0955691521781209,0.03259980494312212,0.14712319868244514,-0.1169471349796705,-0.03985868593277321,-0.09214680420156018,-0.05705077777592175,0.14565627137750528,0.0727914066943212
P_50tot200cm,0.026735092149149958,0.021357294008635248,0.002793364401142777,-0.04269354354277897,-0.002834591830769733,-0.09571513193769265,-0.0005211810975329601,0.02986893479546205,-0.02300116236795803,0.0039018946543838396,0.0082653641338922,-0.016581355421647445,-0.09425206477973053,0.12149338674222203,-0.06853047986872043,-0.10326249859908938,-0.2339040790489535,-0.1650138583487852,-0.1338509740734214,0.06657160857167564,-0.08609075568282007,0.026604643464729613,-0.2462524007765764,0.11836474955513492,-0.12540773813993478,0.1778788485689407,-0.002380291921919883,-0.05091276783805988,0.12470604512909254
P_200pluscm,0.022891870417472367,0.015294932492582005,-0.006131897386345427,-0.010183558453881789,-0.023269693927643276,0.05687613246136752,-0.021613289173848135,0.09686857290238197,0.03544091397511647,-0.03454318317939497,-0.021036946363811822,-0.050050976972890224,-0.09089013850464099,-0.14766129006837,-0.10901792363142213,-0.0893155186309878,-0.06351572353872312,-0.00965886749344557,0.027444658902251142,0.03977152660446354,-0.05548381333357224,-0.005185563141957254,0.06666028880647122,-0.18510554033074858,0.00284910545899391,-0.23684742874573853,0.10346049998081246,0.0969908793335962,-0.14857703567096808
Shape_Length,0.0620736598346097,0.05157134666005727,-0.01112384202672691,0.044027833055360996,-0.07336413880654084,0.1654197560893596,-0.09527798924013148,0.04930025355907266,-0.08604833156844109,-0.012721969553553748,-0.056798306208242465,-0.05045705079705836,-0.0001303042019174808,0.015069043975722249,-0.055637114086873295,0.0029927999816675164,0.034870333272725096,-0.021140800190479942,-0.03640294625892316,0.0003824067670742967,0.011785320170791697,-0.021083895008350756,-0.0058026775318345885,-0.009457999959773481,0.007376101635882553,0.0017270705307890913,-0.0013188415672335024,-0.002502181292038785,-0.007319905019408409
Shape_Area,0.056661242132545905,0.04329128666060915,-0.014106585631610857,0.05580236731266142,-0.07474029714961875,0.19553165865181682,-0.12194080956152024,0.028496792459383278,-0.06497921501956971,-0.010705577480993635,-0.0891398621529935,-0.039568346513486743,-0.027786391851633015,0.032922540682501215,-0.040700925450794546,0.024993510881771,0.0455923838414544,-0.020190168821540583,-0.059679745997021416,0.022567912814521238,-0.0009478750637095014,-0.007866343510977147,-0.006723639666116627,0.007864415887544557,0.007674812787414896,0.029130835837603845,-0.012944220805013552,0.005784062172743273,-0.008825782924530637
