ID,WijkenEnBuurten,Gemeentenaam_1,SoortRegio_2,Codering_3,IndelingswijzigingGemeenteWijkBuurt_4,AantalInwoners_5,Mannen_6,Vrouwen_7,k_0Tot15Jaar_8,k_15Tot25Jaar_9,k_25Tot45Jaar_10,k_45Tot65Jaar_11,k_65JaarOfOuder_12,Ongehuwd_13,Gehuwd_14,Gescheiden_15,Verweduwd_16,Nederland_17,EuropaExclusiefNederland_18,BuitenEuropa_19,Nederland_20,EuropaExclusiefNederland_21,BuitenEuropa_22,EuropaExclusiefNederland_23,BuitenEuropa_24,GeboorteTotaal_25,GeboorteRelatief_26,SterfteTotaal_27,SterfteRelatief_28,HuishoudensTotaal_29,Eenpersoonshuishoudens_30,HuishoudensZonderKinderen_31,HuishoudensMetKinderen_32,GemiddeldeHuishoudensgrootte_33,Bevolkingsdichtheid_34,Woningvoorraad_35,NieuwbouwWoningen_36,NietWoningvoorraad_37,NieuwbouwNietWoningen_38,GemiddeldeWOZWaardeVanWoningen_39,PercentageEengezinswoning_40,PercentageTussenwoningEengezins_41,PercentageHoekwoningEengezins_42,PercentageTweeOnderEenKapWoningEe_43,PercentageVrijstaandeWoningEengezins_44,PercentageMeergezinswoning_45,OnbewoondeWoningen_46,Koopwoningen_47,HuurwoningenTotaal_48,InBezitWoningcorporatie_49,InBezitOverigeVerhuurders_50,BouwjaarMeerDanTienJaarGeleden_51,BouwjaarAfgelopenTienJaar_52,GemiddeldeElektriciteitsleveringTotaal_53,GemiddeldeElektriciteitsteruglevering_54,GemiddeldAardgasverbruikTotaal_55,PercentageWoningenMetStadsverwarming_56,AardgasvrijeWoningen_57,Aardgaswoningen_58,WoningenMetZonnestroom_59,WoningenHoofdzElektrischVerwarmd_60,AantalPubliekeLaadpalen_61,LeerlingenPo_62,LeerlingenVoInclVavo_63,StudentenMboExclExtranei_64,StudentenHbo_65,StudentenWo_66,BasisonderwijsVmboMbo1_67,HavoVwoMbo24_68,HboWo_69,WerkzameBeroepsbevolking_70,Nettoarbeidsparticipatie_71,PercentageWerknemers_72,WerknemersMetVasteArbeidsr_73,WerknemersMetFlexibeleArbe_74,PercentageZelfstandigen_75,AantalInkomensontvangers_76,GemiddeldInkomenPerInkomensontvanger_77,GemiddeldInkomenPerInwoner_78,k_40PersonenMetLaagsteInkomen_79,k_20PersonenMetHoogsteInkomen_80,PersonenInArmoede_81,PersonenTot25BovenArmoedegrens_82,GemGestandaardiseerdInkomen_83,k_40HuishoudensMetLaagsteInkomen_84,k_20HuishoudensMetHoogsteInkomen_85,MediaanVermogenVanParticuliereHuish_86,PersonenPerSoortUitkeringBijstand_87,PersonenPerSoortUitkeringAO_88,PersonenPerSoortUitkeringWW_89,PersonenPerSoortUitkeringAOW_90,JongerenMetJeugdzorgInNatura_91,PercentageJongerenMetJeugdzorg_92,WmoClienten_93,WmoClientenRelatief_94,BedrijfsvestigingenTotaal_95,ALandbouwBosbouwEnVisserij_96,BFNijverheidEnEnergie_97,GIHandelEnHoreca_98,HJVervoerInformatieEnCommunicatie_99,KLFinancieleDienstenOnroerendGoed_100,MNZakelijkeDienstverlening_101,OQOverheidOnderwijsEnZorg_102,RUCultuurRecreatieOverigeDiensten_103,PersonenautoSTotaal_104,PersonenautoSBrandstofBenzine_105,PersonenautoSOverigeBrandstof_106,PersonenautoSPerHuishouden_107,PersonenautoSNaarOppervlakte_108,Motorfietsen_109,AfstandTotHuisartsenpraktijk_110,AfstandTotGroteSupermarkt_111,AfstandTotKinderdagverblijf_112,AfstandTotSchool_113,ScholenBinnen3Km_114,OppervlakteTotaal_115,OppervlakteLand_116,OppervlakteWater_117,MeestVoorkomendePostcode_118,Dekkingspercentage_119,MateVanStedelijkheid_120,Omgevingsadressendichtheid_121,Naam_gebied
124,GM0059    ,Achtkarspelen                           ,Gemeente  ,GM0059    ,1,28200,14349,13851,4484,3550,6244,7625,6297,13033,11713,1862,1592,26466,722,1012,26466,308,358,414,654,,,,,12125,3917,3787,4421,2.3,276.0,12416,,1422,,294.0,87.0,15.0,13.0,15.0,43.0,13.0,3.0,64.0,36.0,30.0,6.0,96.0,4.0,,,,,,,,,,,,,,,,,,,,,,,,,,,,,,,,,,,,,,,,,,,3445,240.0,825.0,780.0,180.0,120.0,565.0,395.0,340.0,15925,11910,4020,1.3,156.0,1430,1.7,1.8,0.7,0.7,3.2,10398,10221,177,         .,,5.0,445.0,Achtkarspelen
125,WK005900  ,Achtkarspelen                           ,Wijk      ,WK005900  ,1,12150,6190,5960,1985,1575,2700,3250,2640,5695,4995,815,640,11180,440,535,11180,165,170,275,365,,,,,5230,1725,1580,1920,2.3,263.0,5251,,636,,283.0,89.0,16.0,14.0,17.0,41.0,11.0,3.0,63.0,37.0,31.0,6.0,97.0,3.0,,,,,,,,,,,,,,,,,,,,,,,,,,,,,,,,,,,,,,,,,,,1445,110.0,330.0,325.0,80.0,40.0,225.0,180.0,150.0,6740,5005,1735,1.3,146.0,620,1.7,1.6,0.7,0.7,3.2,4709,4625,84,         .,,5.0,413.0,Wijk 00 Noord
126,BU00590000,Achtkarspelen                           ,Buurt     ,BU00590000,1,5215,2555,2665,850,660,1095,1275,1335,2325,2190,360,340,4710,185,325,4710,65,95,120,230,,,,,2305,820,695,785,2.2,2098.0,2386,,287,,269.0,81.0,17.0,15.0,16.0,33.0,19.0,3.0,59.0,41.0,34.0,7.0,97.0,3.0,,,,,,,,,,,,,,,,,,,,,,,,,,,,,,,,,,,,,,,,,,,505,5.0,80.0,100.0,50.0,15.0,100.0,85.0,75.0,2585,1975,610,1.1,1039.0,190,0.9,0.9,0.5,0.7,3.0,253,249,4,      9285,1.0,4.0,625.0,Buitenpost
127,BU00590001,Achtkarspelen                           ,Buurt     ,BU00590001,1,1045,555,480,150,140,255,295,200,520,410,70,45,950,60,25,955,15,10,45,20,,,,,460,165,130,165,2.3,559.0,436,,28,,294.0,95.0,10.0,11.0,17.0,57.0,5.0,5.0,66.0,34.0,25.0,9.0,98.0,2.0,,,,,,,,,,,,,,,,,,,,,,,,,,,,,,,,,,,,,,,,,,,165,20.0,50.0,45.0,0.0,10.0,15.0,15.0,10.0,615,455,155,1.3,329.0,65,3.0,2.9,0.6,0.6,1.9,186,186,0,      9286,1.0,5.0,118.0,Twijzel
128,BU00590002,Achtkarspelen                           ,Buurt     ,BU00590002,1,2095,1090,1010,365,260,515,550,415,1015,825,145,105,1930,105,60,1930,45,20,60,45,,,,,920,325,255,340,2.3,1672.0,890,,106,,250.0,94.0,27.0,22.0,19.0,26.0,6.0,1.0,59.0,41.0,38.0,3.0,98.0,2.0,,,,,,,,,,,,,,,,,,,,,,,,,,,,,,,,,,,,,,,,,,,200,5.0,55.0,50.0,10.0,0.0,25.0,30.0,25.0,1195,925,270,1.3,953.0,90,0.7,0.6,0.6,0.3,4.4,144,125,19,      9288,1.0,5.0,308.0,Kootstertille
129,BU00590003,Achtkarspelen                           ,Buurt     ,BU00590003,1,1605,850,755,260,210,390,465,280,790,650,115,45,1530,40,40,1530,20,15,20,25,,,,,675,190,210,275,2.4,1276.0,681,,37,,278.0,94.0,15.0,14.0,18.0,48.0,6.0,2.0,60.0,40.0,34.0,6.0,94.0,6.0,,,,,,,,,,,,,,,,,,,,,,,,,,,,,,,,,,,,,,,,,,,175,10.0,55.0,50.0,5.0,0.0,20.0,20.0,20.0,920,745,180,1.4,733.0,130,2.3,2.3,0.5,0.4,4.2,126,126,0,      9287,1.0,5.0,331.0,Twijzelerheide
130,BU00590004,Achtkarspelen                           ,Buurt     ,BU00590004,1,725,375,350,130,85,185,205,125,370,280,40,30,660,25,45,660,5,20,15,20,,,,,315,100,95,120,2.3,1171.0,319,,15,,246.0,98.0,18.0,18.0,29.0,33.0,2.0,3.0,69.0,31.0,28.0,4.0,99.0,1.0,,,,,,,,,,,,,,,,,,,,,,,,,,,,,,,,,,,,,,,,,,,90,5.0,25.0,15.0,5.0,5.0,20.0,10.0,5.0,430,340,90,1.4,696.0,50,6.0,5.6,0.5,0.6,1.0,64,62,2,      9873,1.0,5.0,143.0,Gerkesklooster
131,BU00590005,Achtkarspelen                           ,Buurt     ,BU00590005,1,710,355,355,125,115,125,210,135,350,290,55,25,670,15,30,670,10,10,5,15,,,,,265,55,90,115,2.7,45.0,247,,61,,406.0,98.0,0.0,0.0,22.0,76.0,2.0,4.0,77.0,23.0,18.0,5.0,91.0,9.0,,,,,,,,,,,,,,,,,,,,,,,,,,,,,,,,,,,,,,,,,,,140,30.0,30.0,25.0,5.0,5.0,25.0,15.0,10.0,420,285,135,1.6,26.0,45,2.2,2.0,1.5,1.8,2.6,1602,1594,8,      9285,1.0,5.0,254.0,Verspreide huizen Buitenpost
132,BU00590006,Achtkarspelen                           ,Buurt     ,BU00590006,1,100,55,45,15,15,15,30,20,40,45,10,0,95,0,5,90,0,0,0,0,,,,,30,5,10,20,2.9,14.0,36,,2,,453.0,94.0,0.0,0.0,0.0,94.0,6.0,8.0,97.0,3.0,0.0,3.0,89.0,11.0,,,,,,,,,,,,,,,,,,,,,,,,,,,,,,,,,,,,,,,,,,,10,,,,,,,,,40,25,15,,,5,2.5,2.5,1.7,1.8,1.5,718,709,9,      9286,1.0,5.0,80.0,Verspreide huizen Twijzel
133,BU00590007,Achtkarspelen                           ,Buurt     ,BU00590007,1,360,190,170,55,60,65,115,65,165,165,10,20,350,10,0,345,5,0,0,5,,,,,135,25,45,65,2.7,59.0,131,,68,,428.0,99.0,0.0,0.0,0.0,99.0,1.0,5.0,97.0,3.0,0.0,3.0,94.0,6.0,,,,,,,,,,,,,,,,,,,,,,,,,,,,,,,,,,,,,,,,,,,100,15.0,25.0,35.0,5.0,5.0,10.0,5.0,5.0,380,155,225,,,25,2.0,1.9,1.5,1.5,3.6,636,608,28,      9288,1.0,5.0,102.0,Verspreide huizen Kootstertille
134,BU00590008,Achtkarspelen                           ,Buurt     ,BU00590008,1,225,120,105,30,25,35,75,60,90,115,10,15,220,5,0,225,0,0,5,5,,,,,95,30,35,30,2.4,49.0,94,,26,,418.0,96.0,0.0,0.0,0.0,96.0,4.0,3.0,90.0,10.0,3.0,6.0,99.0,1.0,,,,,,,,,,,,,,,,,,,,,,,,,,,,,,,,,,,,,,,,,,,45,10.0,10.0,5.0,0.0,0.0,5.0,5.0,5.0,120,80,40,1.2,26.0,15,3.4,3.3,1.9,1.8,2.7,474,469,5,      9287,1.0,5.0,105.0,Verspreide huizen Twijzelerheide
135,BU00590009,Achtkarspelen                           ,Buurt     ,BU00590009,1,70,40,30,10,15,5,30,10,35,30,5,5,65,0,0,70,0,0,0,0,,,,,25,10,10,10,2.4,13.0,31,,6,,435.0,100.0,0.0,0.0,6.0,94.0,0.0,10.0,94.0,6.0,0.0,6.0,97.0,3.0,,,,,,,,,,,,,,,,,,,,,,,,,,,,,,,,,,,,,,,,,,,15,,,,,,,,,40,20,20,,,5,5.9,5.7,1.8,2.0,0.9,506,496,10,      9873,2.0,5.0,45.0,Verspreide huizen Gerkesklooster
136,WK005901  ,Achtkarspelen                           ,Wijk      ,WK005901  ,1,3170,1660,1510,485,455,715,935,575,1505,1340,165,150,3010,80,80,3010,30,30,50,50,,,,,1325,400,430,505,2.4,158.0,1347,,130,,308.0,92.0,10.0,9.0,15.0,57.0,8.0,4.0,76.0,24.0,18.0,6.0,98.0,2.0,,,,,,,,,,,,,,,,,,,,,,,,,,,,,,,,,,,,,,,,,,,425,55.0,115.0,85.0,15.0,10.0,55.0,50.0,40.0,1895,1370,525,1.4,95.0,215,2.7,3.7,0.6,0.7,3.1,2087,2003,84,         .,,5.0,166.0,Wijk 01 Centrum
137,BU00590100,Achtkarspelen                           ,Buurt     ,BU00590100,1,240,135,105,30,40,60,55,45,120,105,10,10,230,0,10,230,0,0,0,5,,,,,100,35,25,45,2.3,806.0,107,,23,,246.0,96.0,14.0,15.0,18.0,50.0,4.0,5.0,81.0,19.0,0.0,19.0,100.0,0.0,,,,,,,,,,,,,,,,,,,,,,,,,,,,,,,,,,,,,,,,,,,40,0.0,10.0,15.0,0.0,0.0,5.0,5.0,0.0,135,100,35,1.3,450.0,15,6.5,6.1,0.5,0.7,1.0,45,30,15,      9871,4.0,5.0,136.0,Stroobos
138,BU00590102,Achtkarspelen                           ,Buurt     ,BU00590102,1,1445,740,700,220,200,340,375,310,670,635,65,80,1375,25,40,1375,15,15,15,25,,,,,620,200,205,220,2.3,1179.0,635,,46,,287.0,87.0,13.0,11.0,13.0,51.0,13.0,3.0,72.0,28.0,21.0,6.0,97.0,3.0,,,,,,,,,,,,,,,,,,,,,,,,,,,,,,,,,,,,,,,,,,,145,10.0,35.0,35.0,5.0,5.0,25.0,20.0,15.0,790,590,205,1.3,645.0,80,0.7,2.4,0.4,0.4,4.6,123,123,0,      9289,1.0,5.0,216.0,Drogeham
139,BU00590103,Achtkarspelen                           ,Buurt     ,BU00590103,1,1020,530,495,165,145,230,340,140,510,405,75,35,980,15,25,985,5,10,5,10,,,,,425,125,130,170,2.4,1013.0,438,,28,,300.0,96.0,10.0,10.0,22.0,54.0,4.0,4.0,75.0,25.0,23.0,2.0,99.0,1.0,,,,,,,,,,,,,,,,,,,,,,,,,,,,,,,,,,,,,,,,,,,130,10.0,40.0,20.0,5.0,5.0,10.0,20.0,20.0,665,490,180,1.6,661.0,75,4.3,4.8,0.5,0.5,2.1,102,101,1,      9284,1.0,5.0,142.0,Augustinusga
140,BU00590107,Achtkarspelen                           ,Buurt     ,BU00590107,1,60,35,25,15,10,10,20,10,30,25,5,0,55,5,0,55,0,0,0,0,,,,,20,0,5,10,2.8,26.0,22,,4,,414.0,100.0,0.0,0.0,0.0,100.0,0.0,0.0,91.0,9.0,0.0,9.0,91.0,9.0,,,,,,,,,,,,,,,,,,,,,,,,,,,,,,,,,,,,,,,,,,,15,,,,,,,,,55,40,15,,,5,7.2,7.1,1.5,1.7,1.0,249,238,11,      9872,1.0,5.0,62.0,Verspreide huizen Stroobos
141,BU00590108,Achtkarspelen                           ,Buurt     ,BU00590108,1,195,110,90,25,30,40,70,30,95,90,5,10,185,5,5,185,5,5,0,0,,,,,65,5,25,35,2.9,22.0,71,,14,,464.0,97.0,0.0,0.0,0.0,97.0,3.0,7.0,93.0,7.0,0.0,7.0,99.0,1.0,,,,,,,,,,,,,,,,,,,,,,,,,,,,,,,,,,,,,,,,,,,45,20.0,10.0,5.0,0.0,5.0,5.0,0.0,0.0,110,75,35,1.6,12.0,30,1.8,2.8,1.5,1.5,3.0,919,889,30,      9289,1.0,5.0,116.0,Verspreide huizen Drogeham
142,BU00590109,Achtkarspelen                           ,Buurt     ,BU00590109,1,200,110,95,20,30,35,70,50,90,90,10,15,170,30,5,170,0,5,30,0,,,,,90,25,30,30,2.3,33.0,74,,15,,453.0,96.0,0.0,0.0,1.0,95.0,4.0,8.0,93.0,7.0,0.0,7.0,97.0,3.0,,,,,,,,,,,,,,,,,,,,,,,,,,,,,,,,,,,,,,,,,,,45,10.0,15.0,10.0,5.0,0.0,10.0,0.0,0.0,135,85,55,1.6,22.0,10,4.3,4.4,2.4,2.5,1.4,649,622,28,      9284,1.0,5.0,41.0,Verspreide huizen Augustinusga
143,WK005902  ,Achtkarspelen                           ,Wijk      ,WK005902  ,1,12880,6500,6380,2005,1520,2825,3440,3080,5830,5370,880,800,12280,205,400,12280,115,160,90,235,,,,,5575,1790,1780,2000,2.3,358.0,5818,,656,,301.0,84.0,16.0,13.0,13.0,42.0,16.0,3.0,62.0,38.0,32.0,6.0,94.0,6.0,,,,,,,,,,,,,,,,,,,,,,,,,,,,,,,,,,,,,,,,,,,1580,80.0,380.0,370.0,85.0,70.0,285.0,165.0,150.0,7290,5530,1760,1.3,203.0,595,1.4,1.4,0.9,0.7,3.3,3602,3593,9,         .,,4.0,537.0,Wijk 02 Zuid
144,BU00590200,Achtkarspelen                           ,Buurt     ,BU00590200,1,5710,2760,2945,875,580,1260,1360,1630,2455,2340,435,475,5370,90,245,5370,50,85,40,160,,,,,2590,955,840,805,2.1,1810.0,2814,,365,,277.0,74.0,19.0,14.0,14.0,27.0,26.0,4.0,54.0,46.0,39.0,7.0,93.0,7.0,,,,,,,,,,,,,,,,,,,,,,,,,,,,,,,,,,,,,,,,,,,650,10.0,115.0,175.0,50.0,30.0,130.0,80.0,60.0,3160,2415,745,1.2,1002.0,240,0.9,0.9,0.5,0.6,3.9,315,315,0,      9231,1.0,4.0,733.0,Surhuisterveen
145,BU00590201,Achtkarspelen                           ,Buurt     ,BU00590201,1,4030,2065,1960,660,520,915,1115,820,1930,1640,230,230,3905,45,70,3905,25,40,20,35,,,,,1705,520,510,675,2.4,1621.0,1720,,119,,293.0,90.0,16.0,14.0,14.0,46.0,10.0,3.0,64.0,36.0,30.0,6.0,94.0,6.0,,,,,,,,,,,,,,,,,,,,,,,,,,,,,,,,,,,,,,,,,,,415,10.0,150.0,75.0,15.0,20.0,65.0,40.0,40.0,2160,1730,430,1.3,869.0,160,0.6,0.6,0.8,0.5,3.2,249,248,0,      9281,1.0,5.0,496.0,Harkema
146,BU00590202,Achtkarspelen                           ,Buurt     ,BU00590202,1,845,455,390,130,100,205,230,170,370,400,40,30,795,15,30,795,10,15,5,20,,,,,355,100,110,145,2.4,868.0,364,,11,,295.0,96.0,15.0,14.0,14.0,53.0,4.0,4.0,75.0,25.0,21.0,3.0,99.0,1.0,,,,,,,,,,,,,,,,,,,,,,,,,,,,,,,,,,,,,,,,,,,85,5.0,25.0,15.0,5.0,0.0,10.0,10.0,10.0,545,405,145,1.5,562.0,65,3.9,4.4,1.8,0.4,2.1,97,97,0,      9283,1.0,5.0,115.0,Surhuizum
147,BU00590203,Achtkarspelen                           ,Buurt     ,BU00590203,1,755,395,355,125,95,180,210,145,365,300,60,20,705,25,25,700,10,5,15,15,,,,,325,100,95,125,2.3,1135.0,320,,11,,290.0,94.0,16.0,17.0,18.0,43.0,6.0,1.0,67.0,33.0,30.0,3.0,97.0,3.0,,,,,,,,,,,,,,,,,,,,,,,,,,,,,,,,,,,,,,,,,,,70,0.0,20.0,10.0,0.0,0.0,10.0,15.0,10.0,445,335,110,1.4,668.0,40,3.9,3.1,0.3,0.4,2.0,66,66,0,      9233,1.0,5.0,174.0,Boelenslaan
148,BU00590206,Achtkarspelen                           ,Buurt     ,BU00590206,1,405,200,205,65,55,70,140,80,165,195,30,15,395,10,0,400,5,0,5,0,,,,,155,30,55,75,2.6,92.0,158,,71,,423.0,98.0,1.0,1.0,33.0,63.0,2.0,4.0,63.0,37.0,30.0,8.0,85.0,15.0,,,,,,,,,,,,,,,,,,,,,,,,,,,,,,,,,,,,,,,,,,,140,5.0,30.0,50.0,5.0,5.0,25.0,10.0,10.0,295,220,75,1.9,67.0,20,2.2,1.8,1.2,1.6,3.6,443,442,1,      9231,1.0,5.0,301.0,Verspreide huizen Surhuisterveen
149,BU00590207,Achtkarspelen                           ,Buurt     ,BU00590207,1,300,170,130,45,45,50,105,60,140,135,20,5,290,0,5,290,5,5,5,5,,,,,110,15,45,50,2.7,75.0,106,,53,,463.0,100.0,0.0,0.0,1.0,99.0,0.0,4.0,88.0,12.0,8.0,4.0,93.0,7.0,,,,,,,,,,,,,,,,,,,,,,,,,,,,,,,,,,,,,,,,,,,65,5.0,15.0,25.0,5.0,0.0,10.0,0.0,5.0,155,95,60,1.4,38.0,15,1.8,1.9,1.8,1.6,2.8,404,401,2,      9281,1.0,5.0,159.0,Verspreide huizen Harkema
150,BU00590208,Achtkarspelen                           ,Buurt     ,BU00590208,1,385,210,180,45,65,60,145,70,200,150,20,10,375,5,5,380,0,5,0,5,,,,,145,30,50,60,2.6,28.0,149,,16,,457.0,97.0,0.0,0.0,1.0,96.0,3.0,6.0,95.0,5.0,0.0,5.0,95.0,5.0,,,,,,,,,,,,,,,,,,,,,,,,,,,,,,,,,,,,,,,,,,,80,25.0,15.0,10.0,0.0,0.0,15.0,5.0,5.0,260,165,95,1.8,19.0,25,3.7,4.2,2.7,2.0,2.3,1395,1390,6,      9283,1.0,5.0,113.0,Verspreide huizen Surhuizum
151,BU00590209,Achtkarspelen                           ,Buurt     ,BU00590209,1,450,240,205,65,60,75,145,105,190,210,40,15,435,5,5,435,5,0,5,5,,,,,180,40,70,65,2.5,71.0,187,,10,,446.0,99.0,0.0,0.0,2.0,97.0,1.0,10.0,86.0,14.0,8.0,6.0,93.0,7.0,,,,,,,,,,,,,,,,,,,,,,,,,,,,,,,,,,,,,,,,,,,75,15.0,15.0,10.0,5.0,5.0,15.0,5.0,5.0,270,170,100,1.5,43.0,30,3.1,4.0,1.5,1.6,2.4,633,633,0,      9233,1.0,5.0,98.0,Verspreide huizen Boelenslaan
920,GM0060    ,Ameland                                 ,Gemeente  ,GM0060    ,1,3800,1901,1899,529,389,907,1002,973,1773,1556,243,228,3398,243,159,3398,58,75,185,84,,,,,1850,760,609,481,2.0,67.0,1913,,2386,,351.0,78.0,5.0,4.0,23.0,45.0,22.0,14.0,68.0,32.0,0.0,32.0,91.0,9.0,,,,,,,,,,,,,,,,,,,,,,,,,,,,,,,,,,,,,,,,,,,720,45.0,75.0,230.0,30.0,50.0,125.0,80.0,85.0,2095,1725,375,1.1,37.0,350,2.2,0.6,1.1,0.8,1.4,26850,5659,21191,         .,,5.0,271.0,Ameland
921,WK006000  ,Ameland                                 ,Wijk      ,WK006000  ,1,3800,1900,1900,530,390,905,1000,975,1770,1555,245,225,3400,245,160,3400,55,75,185,85,,,,,1850,760,605,480,2.0,67.0,1913,,2386,,351.0,78.0,5.0,4.0,23.0,45.0,22.0,14.0,68.0,32.0,0.0,32.0,91.0,9.0,,,,,,,,,,,,,,,,,,,,,,,,,,,,,,,,,,,,,,,,,,,720,45.0,75.0,230.0,30.0,50.0,125.0,80.0,85.0,2095,1725,375,1.1,37.0,350,2.2,0.6,1.1,0.8,1.4,5734,5659,75,         .,,5.0,271.0,Wijk 00
922,BU00600000,Ameland                                 ,Buurt     ,BU00600000,1,1200,605,590,155,130,295,355,270,590,470,80,60,1025,90,80,1030,20,45,75,35,,,,,625,295,185,150,1.9,1207.0,635,,228,,346.0,75.0,5.0,5.0,23.0,43.0,25.0,16.0,65.0,35.0,0.0,35.0,91.0,9.0,,,,,,,,,,,,,,,,,,,,,,,,,,,,,,,,,,,,,,,,,,,280,5.0,35.0,100.0,20.0,25.0,45.0,30.0,30.0,645,525,120,1.0,648.0,140,0.7,0.4,0.5,0.9,1.0,101,99,2,      9163,1.0,5.0,330.0,Nes
923,BU00600001,Ameland                                 ,Buurt     ,BU00600001,1,755,395,360,130,75,205,185,160,380,305,35,40,690,35,35,690,15,20,25,15,,,,,340,120,105,115,2.2,37.0,348,,647,,400.0,81.0,5.0,4.0,18.0,55.0,19.0,10.0,75.0,24.0,0.0,24.0,86.0,14.0,,,,,,,,,,,,,,,,,,,,,,,,,,,,,,,,,,,,,,,,,,,135,10.0,10.0,50.0,5.0,15.0,25.0,10.0,15.0,405,345,60,1.2,20.0,100,2.5,1.0,0.5,1.6,1.0,2026,2017,9,      9164,1.0,5.0,221.0,Buren
924,BU00600002,Ameland                                 ,Buurt     ,BU00600002,1,410,215,195,50,60,110,95,100,200,170,25,20,360,30,20,360,10,5,20,15,,,,,205,85,75,45,2.0,708.0,196,,57,,363.0,89.0,7.0,6.0,28.0,49.0,11.0,10.0,70.0,30.0,0.0,30.0,87.0,13.0,,,,,,,,,,,,,,,,,,,,,,,,,,,,,,,,,,,,,,,,,,,60,5.0,5.0,15.0,0.0,5.0,15.0,10.0,5.0,255,195,55,1.2,435.0,35,0.3,0.3,4.2,0.3,1.0,58,58,0,      9162,1.0,5.0,141.0,Ballum
925,BU00600003,Ameland                                 ,Buurt     ,BU00600003,1,1205,570,630,170,100,255,295,380,495,520,90,95,1140,50,20,1135,10,5,35,15,,,,,555,195,205,150,2.1,1072.0,642,,204,,316.0,78.0,5.0,4.0,28.0,40.0,22.0,13.0,65.0,35.0,0.0,35.0,94.0,6.0,,,,,,,,,,,,,,,,,,,,,,,,,,,,,,,,,,,,,,,,,,,140,5.0,15.0,35.0,5.0,10.0,30.0,20.0,20.0,630,540,90,1.1,561.0,60,4.1,0.4,0.9,0.4,2.0,112,112,0,      9161,1.0,5.0,360.0,Hollum
926,BU00600007,Ameland                                 ,Buurt     ,BU00600007,1,75,35,35,15,5,15,20,15,35,35,5,0,65,5,5,70,0,5,5,0,,,,,35,15,5,10,2.2,5.0,29,,288,,425.0,59.0,0.0,0.0,0.0,55.0,41.0,28.0,76.0,24.0,0.0,24.0,100.0,0.0,,,,,,,,,,,,,,,,,,,,,,,,,,,,,,,,,,,,,,,,,,,50,15.0,5.0,10.0,5.0,0.0,0.0,5.0,5.0,70,50,20,,,5,1.7,1.6,4.1,1.6,1.6,1595,1567,28,      9162,1.0,5.0,116.0,Verspreide huizen Ballum
927,BU00600008,Ameland                                 ,Buurt     ,BU00600008,1,60,25,35,5,5,5,15,25,20,25,10,5,45,15,0,40,0,0,15,5,,,,,45,30,10,0,1.4,8.0,30,,339,,440.0,30.0,0.0,0.0,0.0,30.0,70.0,57.0,67.0,33.0,0.0,33.0,100.0,0.0,,,,,,,,,,,,,,,,,,,,,,,,,,,,,,,,,,,,,,,,,,,20,,,,,,,,,30,25,5,,,5,1.0,1.0,1.3,1.7,1.0,752,741,11,      9163,1.0,5.0,255.0,Verspreide huizen Nes
928,BU00600009,Ameland                                 ,Buurt     ,BU00600009,1,95,55,45,5,15,15,35,20,50,40,5,0,75,20,0,75,5,0,15,0,,,,,50,25,20,10,1.9,9.0,33,,623,,408.0,88.0,0.0,0.0,18.0,70.0,12.0,24.0,67.0,33.0,0.0,33.0,82.0,18.0,,,,,,,,,,,,,,,,,,,,,,,,,,,,,,,,,,,,,,,,,,,30,5.0,0.0,10.0,0.0,0.0,5.0,5.0,5.0,70,45,25,1.4,6.0,5,3.7,1.3,1.4,1.3,2.3,1089,1064,25,      9161,1.0,5.0,291.0,Verspreide huizen Hollum
3856,GM1891    ,Dantumadiel                             ,Gemeente  ,GM1891    ,1,19137,9653,9484,3100,2221,4140,5061,4615,8445,8414,1102,1176,17811,513,813,17811,210,318,303,495,,,,,8065,2538,2603,2924,2.3,226.0,8298,,866,,319.0,90.0,14.0,11.0,14.0,51.0,10.0,3.0,64.0,36.0,32.0,4.0,95.0,5.0,,,,,,,,,,,,,,,,,,,,,,,,,,,,,,,,,,,,,,,,,,,2125,165.0,510.0,455.0,80.0,80.0,365.0,280.0,195.0,10580,8025,2555,1.3,125.0,1005,1.1,1.4,0.8,0.8,3.4,8753,8460,293,         .,,5.0,465.0,Dantumadiel
3857,WK189100  ,Dantumadiel                             ,Wijk      ,WK189100  ,1,7100,3595,3505,1235,830,1565,1815,1655,3130,3220,375,370,6690,185,225,6685,80,85,105,140,,,,,2975,925,955,1100,2.4,298.0,3008,,289,,327.0,92.0,14.0,11.0,16.0,51.0,8.0,3.0,68.0,32.0,28.0,4.0,96.0,4.0,,,,,,,,,,,,,,,,,,,,,,,,,,,,,,,,,,,,,,,,,,,785,55.0,175.0,180.0,25.0,30.0,140.0,105.0,70.0,3885,2935,955,1.3,163.0,360,1.0,1.1,0.9,0.7,3.9,2406,2383,23,         .,,5.0,495.0,Wijk 00 Centrum
3858,BU18910000,Dantumadiel                             ,Buurt     ,BU18910000,1,5575,2805,2765,985,620,1235,1365,1365,2445,2500,325,305,5215,160,200,5215,60,75,95,125,,,,,2360,760,765,835,2.3,865.0,2397,,240,,316.0,90.0,14.0,12.0,18.0,46.0,10.0,3.0,65.0,35.0,31.0,4.0,97.0,3.0,,,,,,,,,,,,,,,,,,,,,,,,,,,,,,,,,,,,,,,,,,,570,30.0,130.0,130.0,20.0,20.0,105.0,90.0,50.0,3005,2310,695,1.3,467.0,270,0.6,0.7,0.9,0.7,4.2,644,644,0,      9104,1.0,4.0,581.0,Damwâld
3859,BU18910001,Dantumadiel                             ,Buurt     ,BU18910001,1,1095,555,540,185,150,245,310,205,500,505,30,55,1060,10,25,1055,15,5,0,15,,,,,455,135,140,180,2.4,664.0,456,,33,,333.0,99.0,19.0,11.0,9.0,60.0,1.0,2.0,74.0,26.0,22.0,3.0,91.0,9.0,,,,,,,,,,,,,,,,,,,,,,,,,,,,,,,,,,,,,,,,,,,135,10.0,40.0,35.0,5.0,0.0,20.0,10.0,15.0,640,460,180,1.4,388.0,60,2.4,2.4,0.4,0.4,2.9,165,165,0,      9108,1.0,5.0,180.0,Broeksterwâld
3860,BU18910002,Dantumadiel                             ,Buurt     ,BU18910002,1,235,125,105,40,30,50,75,35,95,120,10,5,220,5,5,225,10,0,0,0,,,,,85,10,30,45,2.7,64.0,87,,5,,453.0,99.0,0.0,0.0,2.0,97.0,1.0,5.0,94.0,6.0,0.0,6.0,97.0,3.0,,,,,,,,,,,,,,,,,,,,,,,,,,,,,,,,,,,,,,,,,,,50,5.0,10.0,15.0,0.0,5.0,5.0,5.0,5.0,155,100,50,1.8,42.0,20,3.1,3.2,1.6,1.8,1.5,373,360,12,      9109,1.0,5.0,67.0,De Falom
3861,BU18910008,Dantumadiel                             ,Buurt     ,BU18910008,1,85,35,40,10,15,15,25,15,35,35,5,0,75,0,5,75,0,0,5,0,,,,,25,5,5,15,2.9,11.0,28,,5,,532.0,100.0,0.0,0.0,0.0,100.0,0.0,4.0,89.0,11.0,0.0,11.0,89.0,11.0,,,,,,,,,,,,,,,,,,,,,,,,,,,,,,,,,,,,,,,,,,,10,,,,,,,,,25,15,10,,,5,2.3,2.5,2.2,2.2,2.8,731,730,1,      9104,1.0,5.0,68.0,Verspreide huizen Damwâld
3862,BU18910009,Dantumadiel                             ,Buurt     ,BU18910009,1,115,70,50,15,20,30,30,25,55,55,5,0,115,0,0,115,0,0,0,0,,,,,40,5,15,20,2.8,24.0,40,,6,,518.0,98.0,0.0,0.0,0.0,98.0,3.0,5.0,95.0,5.0,0.0,5.0,98.0,3.0,,,,,,,,,,,,,,,,,,,,,,,,,,,,,,,,,,,,,,,,,,,20,,,,,,,,,65,45,15,,,5,3.1,3.1,1.7,1.7,1.9,493,483,10,      9108,1.0,5.0,93.0,Verspreide huizen Broeksterwâld
3863,WK189101  ,Dantumadiel                             ,Wijk      ,WK189101  ,1,1925,1010,910,365,240,415,525,375,840,940,80,65,1850,25,45,1850,15,25,15,20,,,,,715,160,240,315,2.7,127.0,725,,44,,374.0,99.0,9.0,6.0,12.0,72.0,1.0,3.0,82.0,18.0,14.0,4.0,96.0,4.0,,,,,,,,,,,,,,,,,,,,,,,,,,,,,,,,,,,,,,,,,,,225,45.0,40.0,40.0,5.0,10.0,45.0,20.0,15.0,1130,815,315,1.6,74.0,140,1.5,3.4,1.2,1.0,2.7,1556,1518,38,         .,,5.0,122.0,Wijk 01 Oost
3864,BU18910100,Dantumadiel                             ,Buurt     ,BU18910100,1,815,420,390,165,115,165,235,145,370,385,35,25,770,20,25,770,5,20,10,10,,,,,300,70,90,135,2.7,1062.0,298,,13,,343.0,99.0,11.0,7.0,17.0,63.0,1.0,2.0,83.0,17.0,11.0,5.0,96.0,4.0,,,,,,,,,,,,,,,,,,,,,,,,,,,,,,,,,,,,,,,,,,,80,10.0,15.0,15.0,0.0,5.0,15.0,5.0,10.0,490,340,150,1.6,636.0,75,1.8,3.9,1.3,1.0,2.0,77,77,0,      9114,1.0,5.0,126.0,Driezum
3865,BU18910101,Dantumadiel                             ,Buurt     ,BU18910101,1,910,475,435,165,115,205,235,190,385,460,35,30,890,10,20,890,5,5,0,10,,,,,345,75,125,145,2.6,304.0,350,,18,,384.0,99.0,9.0,7.0,10.0,73.0,1.0,3.0,79.0,21.0,19.0,3.0,96.0,4.0,,,,,,,,,,,,,,,,,,,,,,,,,,,,,,,,,,,,,,,,,,,110,20.0,20.0,20.0,5.0,0.0,25.0,15.0,10.0,560,415,145,1.6,187.0,50,0.8,2.9,0.8,0.7,3.5,300,300,0,      9113,1.0,5.0,141.0,Wâlterswâld
3866,BU18910108,Dantumadiel                             ,Buurt     ,BU18910108,1,135,80,55,25,15,25,45,25,60,60,10,5,135,0,5,135,0,0,5,0,,,,,50,5,15,30,2.7,18.0,54,,6,,452.0,100.0,0.0,0.0,2.0,98.0,0.0,7.0,94.0,6.0,0.0,6.0,100.0,0.0,,,,,,,,,,,,,,,,,,,,,,,,,,,,,,,,,,,,,,,,,,,25,10.0,5.0,5.0,0.0,0.0,0.0,0.0,0.0,60,45,15,1.2,8.0,15,3.6,4.4,2.9,2.7,1.5,785,758,28,      9114,1.0,5.0,24.0,Verspreide huizen Driezum
3867,BU18910109,Dantumadiel                             ,Buurt     ,BU18910109,1,60,30,25,10,5,15,10,20,25,35,0,5,55,0,0,55,0,0,0,0,,,,,25,0,10,10,2.6,15.0,23,,7,,449.0,100.0,0.0,0.0,0.0,96.0,0.0,4.0,96.0,4.0,0.0,4.0,100.0,0.0,,,,,,,,,,,,,,,,,,,,,,,,,,,,,,,,,,,,,,,,,,,10,,,,,,,,,20,15,5,,,0,2.8,2.8,2.4,2.4,3.0,394,383,11,      9113,1.0,5.0,36.0,Verspreide huizen Wâlterswâld
3868,WK189102  ,Dantumadiel                             ,Wijk      ,WK189102  ,1,8960,4445,4515,1305,1000,1900,2395,2365,3905,3750,595,705,8185,280,495,8185,105,190,175,305,,,,,3910,1335,1250,1325,2.2,337.0,4098,,503,,301.0,86.0,16.0,12.0,13.0,45.0,14.0,3.0,55.0,45.0,40.0,5.0,95.0,5.0,,,,,,,,,,,,,,,,,,,,,,,,,,,,,,,,,,,,,,,,,,,965,35.0,250.0,210.0,45.0,35.0,165.0,130.0,95.0,4900,3775,1125,1.3,184.0,435,0.9,0.8,0.8,0.8,3.4,2811,2663,149,         .,,4.0,539.0,Wijk 02 Zuid
3869,BU18910200,Dantumadiel                             ,Buurt     ,BU18910200,1,5115,2550,2570,755,570,1140,1385,1270,2255,2125,345,395,4705,190,230,4705,55,85,135,145,,,,,2245,780,675,790,2.2,1329.0,2366,,276,,287.0,85.0,17.0,13.0,12.0,43.0,15.0,3.0,51.0,49.0,45.0,4.0,93.0,7.0,,,,,,,,,,,,,,,,,,,,,,,,,,,,,,,,,,,,,,,,,,,565,10.0,165.0,135.0,20.0,20.0,75.0,65.0,70.0,2790,2175,615,1.2,724.0,260,0.8,0.7,0.6,0.8,3.9,395,385,9,      9271,1.0,4.0,637.0,De Westereen
3870,BU18910201,Dantumadiel                             ,Buurt     ,BU18910201,1,3530,1740,1790,505,390,700,905,1035,1520,1475,240,295,3185,85,260,3185,45,95,40,165,,,,,1545,520,530,495,2.2,1263.0,1609,,200,,303.0,88.0,15.0,13.0,15.0,44.0,12.0,2.0,59.0,41.0,36.0,5.0,97.0,3.0,,,,,,,,,,,,,,,,,,,,,,,,,,,,,,,,,,,,,,,,,,,335,10.0,80.0,70.0,15.0,10.0,75.0,55.0,20.0,1935,1485,450,1.3,692.0,155,0.8,0.8,0.8,0.7,2.7,281,279,1,      9269,1.0,5.0,436.0,Feanwâlden
3871,BU18910202,Dantumadiel                             ,Buurt     ,BU18910202,1,190,90,95,25,15,30,60,50,65,110,5,10,175,5,5,175,0,5,5,5,,,,,80,20,35,20,2.3,27.0,81,,11,,466.0,98.0,0.0,0.0,5.0,93.0,2.0,4.0,94.0,6.0,0.0,6.0,98.0,2.0,,,,,,,,,,,,,,,,,,,,,,,,,,,,,,,,,,,,,,,,,,,35,10.0,5.0,0.0,5.0,5.0,10.0,5.0,0.0,120,80,40,1.5,17.0,20,2.6,3.7,2.2,1.4,3.2,714,693,21,      9067,1.0,5.0,65.0,Readtsjerk
3872,BU18910208,Dantumadiel                             ,Buurt     ,BU18910208,1,60,30,30,15,5,15,20,5,40,20,5,0,60,5,0,60,5,0,0,0,,,,,20,5,5,10,2.8,14.0,20,,11,,705.0,100.0,0.0,0.0,0.0,100.0,0.0,5.0,95.0,5.0,0.0,5.0,90.0,10.0,,,,,,,,,,,,,,,,,,,,,,,,,,,,,,,,,,,,,,,,,,,5,,,,,,,,,15,10,5,,,0,2.4,2.0,2.0,2.3,3.8,457,423,33,      9271,2.0,5.0,74.0,Verspreide huizen De Westereen
3873,BU18910209,Dantumadiel                             ,Buurt     ,BU18910209,1,65,30,40,10,10,10,25,5,30,30,10,0,65,0,0,65,0,0,0,0,,,,,20,5,10,10,3.0,8.0,22,,5,,572.0,95.0,0.0,0.0,0.0,95.0,5.0,5.0,91.0,9.0,0.0,9.0,95.0,5.0,,,,,,,,,,,,,,,,,,,,,,,,,,,,,,,,,,,,,,,,,,,20,,,,,,,,,45,30,15,,,5,3.0,3.1,2.6,2.6,1.6,966,882,84,      9269,1.0,5.0,65.0,Verspreide huizen Feanwâlden
3874,WK189103  ,Dantumadiel                             ,Wijk      ,WK189103  ,1,1155,605,550,195,150,260,325,215,565,500,50,40,1085,20,45,1085,15,20,10,25,,,,,465,125,150,185,2.5,61.0,467,,30,,338.0,97.0,7.0,7.0,16.0,67.0,3.0,3.0,81.0,19.0,16.0,3.0,99.0,1.0,,,,,,,,,,,,,,,,,,,,,,,,,,,,,,,,,,,,,,,,,,,150,30.0,40.0,20.0,5.0,5.0,15.0,20.0,10.0,640,480,160,1.4,34.0,70,3.2,3.4,0.8,0.8,1.2,1979,1896,83,         .,,5.0,110.0,Wijk 03 West
3875,BU18910300,Dantumadiel                             ,Buurt     ,BU18910300,1,950,495,455,165,120,225,265,170,460,410,45,35,890,15,45,890,10,20,5,20,,,,,390,105,120,155,2.4,620.0,392,,19,,306.0,96.0,8.0,9.0,18.0,62.0,4.0,2.0,78.0,22.0,19.0,3.0,99.0,1.0,,,,,,,,,,,,,,,,,,,,,,,,,,,,,,,,,,,,,,,,,,,110,10.0,35.0,15.0,5.0,5.0,15.0,15.0,10.0,545,420,130,1.4,357.0,60,3.2,3.2,0.4,0.4,1.1,153,153,0,      9105,1.0,5.0,126.0,Rinsumageast
3876,BU18910301,Dantumadiel                             ,Buurt     ,BU18910301,1,45,25,20,5,0,10,10,15,25,15,0,5,40,0,0,45,0,0,0,0,,,,,20,5,10,5,2.5,13.0,17,,4,,,,,,,,,,,,,,,,,,,,,,,,,,,,,,,,,,,,,,,,,,,,,,,,,,,,,,,,,,10,,,,,,,,,25,15,10,,,0,2.7,2.9,2.3,2.3,2.8,334,325,8,      9106,1.0,5.0,40.0,Sibrandahûs
3877,BU18910309,Dantumadiel                             ,Buurt     ,BU18910309,1,165,85,80,25,25,25,50,35,80,75,5,5,150,10,0,155,5,0,5,5,,,,,55,10,25,25,2.8,11.0,58,,7,,487.0,100.0,0.0,0.0,5.0,95.0,0.0,7.0,95.0,5.0,0.0,5.0,100.0,0.0,,,,,,,,,,,,,,,,,,,,,,,,,,,,,,,,,,,,,,,,,,,30,15.0,5.0,5.0,0.0,0.0,5.0,5.0,0.0,70,50,20,1.2,5.0,10,3.1,4.3,2.3,2.3,1.2,1492,1418,74,      9105,1.0,5.0,34.0,Verspreide huizen Rinsumageast
5661,GM1940    ,De Fryske Marren                        ,Gemeente  ,GM1940    ,1,52235,26360,25875,7750,5745,10773,14628,13339,23183,22348,3670,3034,46691,2416,3128,46691,1078,1161,1338,1967,,,,,22842,7483,7800,7559,2.2,149.0,23886,,5892,,363.0,90.0,17.0,13.0,22.0,37.0,10.0,6.0,70.0,30.0,23.0,7.0,95.0,5.0,,,,,,,,,,,,,,,,,,,,,,,,,,,,,,,,,,,,,,,,,,,7930,740.0,1400.0,1405.0,445.0,380.0,1745.0,1050.0,770.0,30425,21010,9415,1.3,87.0,3055,2.0,1.5,1.1,1.0,3.3,54910,35121,19789,         .,,4.0,543.0,De Fryske Marren
5662,WK194001  ,De Fryske Marren                        ,Wijk      ,WK194001  ,1,105,65,50,5,20,15,40,30,55,45,5,5,105,5,0,105,0,0,0,0,,,,,50,15,15,15,2.4,31.0,45,,4,,546.0,100.0,7.0,4.0,13.0,76.0,0.0,2.0,96.0,4.0,0.0,4.0,96.0,4.0,,,,,,,,,,,,,,,,,,,,,,,,,,,,,,,,,,,,,,,,,,,30,5.0,5.0,0.0,5.0,5.0,5.0,5.0,0.0,70,45,25,,,5,4.6,4.1,4.2,1.2,1.0,365,356,9,         .,,5.0,41.0,Wijk 01 Akmarijp
5663,BU19400101,De Fryske Marren                        ,Buurt     ,BU19400101,1,110,60,45,5,20,15,35,30,55,50,5,5,105,5,0,105,5,0,0,0,,,,,45,15,15,15,2.4,31.0,45,,4,,546.0,100.0,7.0,4.0,13.0,76.0,0.0,2.0,96.0,4.0,0.0,4.0,96.0,4.0,,,,,,,,,,,,,,,,,,,,,,,,,,,,,,,,,,,,,,,,,,,30,5.0,5.0,0.0,5.0,5.0,5.0,5.0,0.0,70,45,25,,,5,4.6,4.1,4.2,1.2,1.0,365,356,9,      8541,1.0,5.0,41.0,Akmarijp
5664,WK194002  ,De Fryske Marren                        ,Wijk      ,WK194002  ,1,1035,540,495,165,100,235,260,280,475,430,60,65,970,40,30,970,25,15,10,15,,,,,470,165,160,140,2.2,359.0,495,,83,,284.0,96.0,15.0,15.0,22.0,44.0,4.0,3.0,79.0,21.0,18.0,3.0,98.0,2.0,,,,,,,,,,,,,,,,,,,,,,,,,,,,,,,,,,,,,,,,,,,160,10.0,50.0,20.0,10.0,5.0,30.0,25.0,15.0,600,410,190,1.3,208.0,90,0.7,0.6,0.5,0.5,2.0,291,288,3,         .,,5.0,213.0,Wijk 02 Bakhuizen
5665,BU19400201,De Fryske Marren                        ,Buurt     ,BU19400201,1,1035,540,495,165,100,235,260,280,480,430,60,65,965,40,25,965,25,15,15,15,,,,,470,165,165,140,2.2,359.0,495,,83,,284.0,96.0,15.0,15.0,22.0,44.0,4.0,3.0,79.0,21.0,18.0,3.0,98.0,2.0,,,,,,,,,,,,,,,,,,,,,,,,,,,,,,,,,,,,,,,,,,,160,10.0,50.0,20.0,10.0,5.0,30.0,25.0,15.0,600,410,190,1.3,208.0,90,0.7,0.6,0.5,0.5,2.0,291,288,3,      8574,1.0,5.0,213.0,Bakhuizen
5666,WK194003  ,De Fryske Marren                        ,Wijk      ,WK194003  ,1,4455,2240,2215,675,485,985,1035,1275,1945,1905,270,335,3740,130,585,3735,65,100,70,485,,,,,1870,695,610,565,2.1,1332.0,1972,,593,,317.0,83.0,20.0,18.0,20.0,25.0,17.0,6.0,54.0,46.0,36.0,10.0,95.0,5.0,,,,,,,,,,,,,,,,,,,,,,,,,,,,,,,,,,,,,,,,,,,505,15.0,85.0,110.0,15.0,20.0,105.0,90.0,60.0,2155,1610,545,1.2,644.0,165,0.6,0.5,0.7,0.5,3.0,499,335,165,         .,,4.0,578.0,Wijk 03 Balk
5667,BU19400301,De Fryske Marren                        ,Buurt     ,BU19400301,1,4460,2240,2215,675,485,985,1040,1275,1945,1905,275,335,3740,130,590,3735,60,100,70,490,,,,,1870,695,610,565,2.1,1332.0,1972,,593,,317.0,83.0,20.0,18.0,20.0,25.0,17.0,6.0,54.0,46.0,36.0,10.0,95.0,5.0,,,,,,,,,,,,,,,,,,,,,,,,,,,,,,,,,,,,,,,,,,,505,15.0,85.0,110.0,15.0,20.0,105.0,90.0,60.0,2155,1610,545,1.2,644.0,165,0.6,0.5,0.7,0.5,3.0,499,335,165,      8561,1.0,4.0,578.0,Balk
5668,WK194004  ,De Fryske Marren                        ,Wijk      ,WK194004  ,1,670,355,315,125,75,135,225,110,300,310,45,10,645,15,10,645,5,10,10,5,,,,,255,55,95,110,2.6,34.0,266,,20,,460.0,98.0,3.0,4.0,8.0,83.0,2.0,6.0,83.0,17.0,7.0,9.0,92.0,8.0,,,,,,,,,,,,,,,,,,,,,,,,,,,,,,,,,,,,,,,,,,,145,45.0,20.0,20.0,10.0,0.0,20.0,10.0,15.0,415,285,125,1.6,21.0,55,5.3,5.3,5.2,1.5,0.9,1980,1951,29,         .,,5.0,29.0,Wijk 04 Bantega
5669,BU19400401,De Fryske Marren                        ,Buurt     ,BU19400401,1,670,355,320,130,75,135,220,105,305,310,45,15,640,15,15,640,5,10,10,5,,,,,260,50,100,110,2.6,34.0,266,,20,,460.0,98.0,3.0,4.0,8.0,83.0,2.0,6.0,83.0,17.0,7.0,9.0,92.0,8.0,,,,,,,,,,,,,,,,,,,,,,,,,,,,,,,,,,,,,,,,,,,145,45.0,20.0,20.0,10.0,0.0,20.0,10.0,15.0,415,285,125,1.6,21.0,55,5.3,5.3,5.2,1.5,0.9,1980,1951,29,      8538,1.0,5.0,29.0,Bantega
5670,WK194005  ,De Fryske Marren                        ,Wijk      ,WK194005  ,1,90,50,45,10,15,10,30,30,35,40,10,10,85,5,5,80,0,0,5,5,,,,,40,20,15,15,2.1,12.0,92,,181,,596.0,91.0,10.0,7.0,5.0,70.0,9.0,55.0,82.0,17.0,0.0,17.0,97.0,3.0,,,,,,,,,,,,,,,,,,,,,,,,,,,,,,,,,,,,,,,,,,,25,5.0,0.0,5.0,0.0,0.0,5.0,0.0,0.0,55,40,15,,,0,6.7,3.6,3.2,3.2,0.6,1035,793,241,         .,,5.0,159.0,Wijk 05 Boornzwaag
5671,BU19400501,De Fryske Marren                        ,Buurt     ,BU19400501,1,90,45,45,10,10,10,30,30,40,40,10,10,80,5,5,80,0,0,5,5,,,,,40,20,10,10,2.1,12.0,92,,181,,596.0,91.0,10.0,7.0,5.0,70.0,9.0,55.0,82.0,17.0,0.0,17.0,97.0,3.0,,,,,,,,,,,,,,,,,,,,,,,,,,,,,,,,,,,,,,,,,,,25,5.0,0.0,5.0,0.0,0.0,5.0,0.0,0.0,55,40,15,,,0,6.7,3.6,3.2,3.2,0.6,1035,793,241,      8526,1.0,5.0,159.0,Boornzwaag
5672,WK194006  ,De Fryske Marren                        ,Wijk      ,WK194006  ,1,315,155,155,35,30,40,115,90,115,165,15,20,295,10,5,295,10,5,5,5,,,,,135,30,60,45,2.4,34.0,137,,14,,916.0,97.0,0.0,0.0,7.0,90.0,3.0,9.0,89.0,11.0,0.0,11.0,65.0,35.0,,,,,,,,,,,,,,,,,,,,,,,,,,,,,,,,,,,,,,,,,,,75,15.0,5.0,5.0,5.0,5.0,25.0,15.0,5.0,215,130,85,1.6,24.0,20,2.6,2.1,2.2,2.3,4.0,1033,915,118,         .,,5.0,153.0,Wijk 06 Broek
5673,BU19400601,De Fryske Marren                        ,Buurt     ,BU19400601,1,310,155,155,35,35,40,115,90,115,165,15,20,295,10,10,295,5,5,5,5,,,,,130,30,55,45,2.4,34.0,137,,14,,916.0,97.0,0.0,0.0,7.0,90.0,3.0,9.0,89.0,11.0,0.0,11.0,65.0,35.0,,,,,,,,,,,,,,,,,,,,,,,,,,,,,,,,,,,,,,,,,,,75,15.0,5.0,5.0,5.0,5.0,25.0,15.0,5.0,215,130,85,1.6,24.0,20,2.6,2.1,2.2,2.3,4.0,1033,915,118,      8512,1.0,5.0,153.0,Broek
5674,WK194007  ,De Fryske Marren                        ,Wijk      ,WK194007  ,1,605,290,315,105,65,150,145,130,265,275,40,25,475,90,40,470,10,20,80,20,,,,,255,80,95,90,2.3,76.0,237,,88,,451.0,99.0,4.0,4.0,31.0,60.0,1.0,9.0,79.0,20.0,12.0,8.0,79.0,21.0,,,,,,,,,,,,,,,,,,,,,,,,,,,,,,,,,,,,,,,,,,,105,15.0,20.0,20.0,0.0,10.0,15.0,10.0,10.0,340,230,110,1.3,43.0,40,1.4,1.4,1.0,1.5,1.5,1461,795,665,         .,,5.0,170.0,Wijk 07 Delfstrahuizen
5675,BU19400701,De Fryske Marren                        ,Buurt     ,BU19400701,1,375,185,195,65,40,100,95,75,170,170,25,15,340,5,35,340,5,15,0,15,,,,,155,45,60,55,2.4,775.0,157,,83,,373.0,99.0,6.0,6.0,43.0,43.0,1.0,3.0,77.0,23.0,18.0,5.0,71.0,29.0,,,,,,,,,,,,,,,,,,,,,,,,,,,,,,,,,,,,,,,,,,,55,0.0,10.0,15.0,0.0,5.0,10.0,5.0,5.0,215,150,65,1.4,440.0,25,0.5,0.4,0.5,0.5,2.0,52,49,3,      8508,1.0,5.0,223.0,Delfstrahuizen-Buitengebied
5676,BU19400702,De Fryske Marren                        ,Buurt     ,BU19400702,1,225,105,120,40,20,50,50,55,95,110,15,10,135,85,10,135,0,5,80,5,,,,,100,35,35,35,2.2,30.0,80,,5,,605.0,100.0,0.0,0.0,8.0,93.0,0.0,21.0,84.0,15.0,0.0,15.0,95.0,5.0,,,,,,,,,,,,,,,,,,,,,,,,,,,,,,,,,,,,,,,,,,,55,15.0,10.0,5.0,0.0,5.0,5.0,5.0,5.0,125,80,45,1.2,17.0,10,2.8,3.0,1.7,3.1,0.7,1409,746,663,      8508,1.0,5.0,21.0,Delfstrahuizen-Kom
5677,WK194008  ,De Fryske Marren                        ,Wijk      ,WK194008  ,1,50,25,25,5,10,5,15,15,30,20,0,0,55,0,0,55,0,0,0,0,,,,,20,5,10,5,2.8,16.0,22,,3,,818.0,100.0,0.0,0.0,0.0,100.0,0.0,14.0,73.0,27.0,0.0,27.0,100.0,0.0,,,,,,,,,,,,,,,,,,,,,,,,,,,,,,,,,,,,,,,,,,,10,,,,,,,,,20,10,5,,,0,6.5,1.6,1.6,1.6,1.0,474,331,143,         .,,5.0,92.0,Wijk 08 Dijken
5678,BU19400801,De Fryske Marren                        ,Buurt     ,BU19400801,1,55,30,25,10,10,10,10,15,30,20,0,0,50,0,0,50,0,0,0,0,,,,,20,5,10,10,2.8,16.0,22,,3,,818.0,100.0,0.0,0.0,0.0,100.0,0.0,14.0,73.0,27.0,0.0,27.0,100.0,0.0,,,,,,,,,,,,,,,,,,,,,,,,,,,,,,,,,,,,,,,,,,,10,,,,,,,,,20,10,5,,,0,6.5,1.6,1.6,1.6,1.0,474,331,143,      8528,1.0,5.0,92.0,Dijken
5679,WK194009  ,De Fryske Marren                        ,Wijk      ,WK194009  ,1,85,50,35,15,15,15,30,15,45,35,5,0,85,0,0,80,0,0,0,0,,,,,30,0,10,15,2.8,14.0,32,,2,,466.0,100.0,0.0,0.0,6.0,94.0,0.0,6.0,91.0,9.0,0.0,9.0,100.0,0.0,,,,,,,,,,,,,,,,,,,,,,,,,,,,,,,,,,,,,,,,,,,20,,,,,,,,,45,35,10,,,5,3.0,2.9,3.2,3.4,0.7,684,618,66,         .,,5.0,21.0,Wijk 09 Doniaga
5680,BU19400901,De Fryske Marren                        ,Buurt     ,BU19400901,1,85,45,35,15,15,15,30,10,45,40,0,0,80,0,0,80,0,0,0,0,,,,,30,5,10,20,2.8,14.0,32,,2,,466.0,100.0,0.0,0.0,6.0,94.0,0.0,6.0,91.0,9.0,0.0,9.0,100.0,0.0,,,,,,,,,,,,,,,,,,,,,,,,,,,,,,,,,,,,,,,,,,,20,,,,,,,,,45,35,10,,,5,3.0,2.9,3.2,3.4,0.7,684,618,66,      8516,1.0,5.0,21.0,Doniaga
5681,WK194010  ,De Fryske Marren                        ,Wijk      ,WK194010  ,1,255,130,125,40,25,70,70,50,115,115,15,10,235,5,15,235,5,5,5,5,,,,,110,30,45,35,2.3,103.0,120,,9,,349.0,100.0,0.0,0.0,17.0,83.0,0.0,12.0,89.0,11.0,1.0,10.0,99.0,1.0,,,,,,,,,,,,,,,,,,,,,,,,,,,,,,,,,,,,,,,,,,,55,0.0,10.0,10.0,5.0,5.0,15.0,5.0,10.0,155,105,50,1.4,62.0,20,2.0,2.2,1.9,1.8,2.8,300,247,52,         .,,5.0,65.0,Wijk 10 Echten
5682,BU19401001,De Fryske Marren                        ,Buurt     ,BU19401001,1,255,130,125,40,25,65,75,50,115,115,15,10,235,5,15,235,0,5,0,10,,,,,110,30,40,40,2.3,103.0,120,,9,,349.0,100.0,0.0,0.0,17.0,83.0,0.0,12.0,89.0,11.0,1.0,10.0,99.0,1.0,,,,,,,,,,,,,,,,,,,,,,,,,,,,,,,,,,,,,,,,,,,55,0.0,10.0,10.0,5.0,5.0,15.0,5.0,10.0,155,105,50,1.4,62.0,20,2.0,2.2,1.9,1.8,2.8,300,247,52,      8537,1.0,5.0,65.0,Echten
5683,WK194011  ,De Fryske Marren                        ,Wijk      ,WK194011  ,1,1005,520,485,160,110,225,280,225,460,435,65,45,945,35,25,945,15,15,15,15,,,,,440,140,150,155,2.3,158.0,457,,37,,327.0,95.0,16.0,13.0,30.0,36.0,5.0,4.0,77.0,23.0,20.0,3.0,93.0,7.0,,,,,,,,,,,,,,,,,,,,,,,,,,,,,,,,,,,,,,,,,,,140,20.0,20.0,30.0,5.0,0.0,35.0,20.0,15.0,600,440,160,1.3,94.0,65,0.6,0.6,0.6,0.5,2.0,661,636,25,         .,,5.0,208.0,Wijk 11 Echtenerbrug
5684,BU19401101,De Fryske Marren                        ,Buurt     ,BU19401101,1,135,70,60,30,20,30,40,20,65,60,10,0,130,5,0,130,5,0,5,0,,,,,50,10,25,20,2.6,25.0,57,,4,,511.0,100.0,0.0,0.0,4.0,96.0,0.0,14.0,91.0,9.0,0.0,9.0,98.0,2.0,,,,,,,,,,,,,,,,,,,,,,,,,,,,,,,,,,,,,,,,,,,25,10.0,5.0,5.0,0.0,0.0,5.0,5.0,5.0,75,40,35,1.5,14.0,5,1.9,1.7,1.9,1.7,1.7,555,534,20,      8539,1.0,5.0,65.0,Echtenerbrug-Buitengebied
5685,BU19401102,De Fryske Marren                        ,Buurt     ,BU19401102,1,870,450,420,135,90,195,240,205,395,375,60,45,815,25,30,815,10,15,15,15,,,,,395,130,135,130,2.2,858.0,400,,33,,301.0,95.0,18.0,15.0,34.0,27.0,5.0,3.0,75.0,26.0,23.0,2.0,93.0,7.0,,,,,,,,,,,,,,,,,,,,,,,,,,,,,,,,,,,,,,,,,,,115,10.0,15.0,25.0,5.0,0.0,35.0,15.0,10.0,525,400,120,1.3,517.0,60,0.3,0.5,0.3,0.3,2.0,106,101,5,      8539,1.0,5.0,226.0,Echtenerbrug-Kom
5686,WK194012  ,De Fryske Marren                        ,Wijk      ,WK194012  ,1,50,25,25,5,10,10,15,20,15,25,0,10,50,0,0,45,0,0,5,0,,,,,15,5,5,5,2.7,18.0,17,,3,,,,,,,,,,,,,,,,,,,,,,,,,,,,,,,,,,,,,,,,,,,,,,,,,,,,,,,,,,10,,,,,,,,,25,20,5,,,0,2.3,2.2,2.4,2.4,2.7,372,279,93,         .,,5.0,46.0,Wijk 12 Eesterga
5687,BU19401201,De Fryske Marren                        ,Buurt     ,BU19401201,1,50,30,25,5,10,5,15,20,15,25,0,5,50,5,0,50,5,0,0,0,,,,,15,0,5,10,2.7,18.0,17,,3,,,,,,,,,,,,,,,,,,,,,,,,,,,,,,,,,,,,,,,,,,,,,,,,,,,,,,,,,,10,,,,,,,,,25,20,5,,,0,2.3,2.2,2.4,2.4,2.7,372,279,93,      8534,1.0,5.0,46.0,Eesterga
5688,WK194013  ,De Fryske Marren                        ,Wijk      ,WK194013  ,1,355,190,160,50,30,60,125,85,150,170,15,10,320,15,15,325,5,10,10,0,,,,,150,35,60,50,2.4,52.0,156,,85,,443.0,99.0,4.0,4.0,22.0,69.0,1.0,8.0,90.0,10.0,1.0,9.0,96.0,4.0,,,,,,,,,,,,,,,,,,,,,,,,,,,,,,,,,,,,,,,,,,,80,15.0,15.0,10.0,0.0,5.0,15.0,15.0,5.0,225,135,90,1.5,33.0,15,6.2,5.6,2.9,2.9,0.8,1028,679,349,         .,,5.0,70.0,Wijk 13 Elahuizen
5689,BU19401301,De Fryske Marren                        ,Buurt     ,BU19401301,1,350,190,160,50,30,60,125,80,150,175,20,10,320,15,10,325,10,10,10,5,,,,,150,35,60,50,2.4,52.0,156,,85,,443.0,99.0,4.0,4.0,22.0,69.0,1.0,8.0,90.0,10.0,1.0,9.0,96.0,4.0,,,,,,,,,,,,,,,,,,,,,,,,,,,,,,,,,,,,,,,,,,,80,15.0,15.0,10.0,0.0,5.0,15.0,15.0,5.0,225,135,90,1.5,33.0,15,6.2,5.6,2.9,2.9,0.8,1028,679,349,      8581,1.0,5.0,70.0,Elahuizen
5690,WK194014  ,De Fryske Marren                        ,Wijk      ,WK194014  ,1,190,95,95,30,45,30,55,30,90,85,5,0,160,20,5,160,5,5,15,5,,,,,55,5,20,30,3.1,26.0,57,,4,,547.0,100.0,0.0,0.0,4.0,96.0,0.0,5.0,91.0,9.0,0.0,9.0,98.0,2.0,,,,,,,,,,,,,,,,,,,,,,,,,,,,,,,,,,,,,,,,,,,40,10.0,10.0,5.0,0.0,0.0,5.0,5.0,0.0,100,65,35,1.8,14.0,5,4.2,4.2,3.8,3.9,0.0,845,712,133,         .,,5.0,17.0,Wijk 14 Follega
5691,BU19401401,De Fryske Marren                        ,Buurt     ,BU19401401,1,185,90,95,35,40,25,60,25,90,90,5,0,160,15,5,165,5,5,15,0,,,,,55,5,25,30,3.1,26.0,57,,4,,547.0,100.0,0.0,0.0,4.0,96.0,0.0,5.0,91.0,9.0,0.0,9.0,98.0,2.0,,,,,,,,,,,,,,,,,,,,,,,,,,,,,,,,,,,,,,,,,,,40,10.0,10.0,5.0,0.0,0.0,5.0,5.0,0.0,100,65,35,1.8,14.0,5,4.2,4.2,3.8,3.9,0.0,845,712,133,      8535,1.0,5.0,17.0,Follega
5692,WK194015  ,De Fryske Marren                        ,Wijk      ,WK194015  ,1,235,125,110,20,10,40,75,90,80,120,25,10,220,10,5,215,5,0,5,5,,,,,115,30,65,20,2.0,73.0,146,,47,,536.0,100.0,5.0,3.0,28.0,64.0,0.0,21.0,87.0,13.0,3.0,10.0,98.0,2.0,,,,,,,,,,,,,,,,,,,,,,,,,,,,,,,,,,,,,,,,,,,40,5.0,5.0,5.0,5.0,0.0,15.0,5.0,0.0,180,120,60,1.6,56.0,25,6.5,3.6,3.5,1.8,1.0,929,320,609,         .,,5.0,88.0,Wijk 15 Goingarijp
5693,BU19401501,De Fryske Marren                        ,Buurt     ,BU19401501,1,230,125,110,25,15,40,75,90,75,120,25,10,220,10,5,220,5,5,10,5,,,,,115,35,65,25,2.0,73.0,146,,47,,536.0,100.0,5.0,3.0,28.0,64.0,0.0,21.0,87.0,13.0,3.0,10.0,98.0,2.0,,,,,,,,,,,,,,,,,,,,,,,,,,,,,,,,,,,,,,,,,,,40,5.0,5.0,5.0,5.0,0.0,15.0,5.0,0.0,180,120,60,1.6,56.0,25,6.5,3.6,3.5,1.8,1.0,929,320,609,      8511,1.0,5.0,88.0,Goingarijp
5694,WK194016  ,De Fryske Marren                        ,Wijk      ,WK194016  ,1,545,270,270,85,60,90,170,135,235,265,20,25,475,55,10,475,10,5,45,10,,,,,205,45,80,90,2.5,32.0,189,,28,,544.0,98.0,0.0,0.0,13.0,85.0,2.0,3.0,88.0,11.0,3.0,8.0,98.0,2.0,,,,,,,,,,,,,,,,,,,,,,,,,,,,,,,,,,,,,,,,,,,105,35.0,15.0,10.0,5.0,5.0,20.0,15.0,5.0,300,190,110,1.4,18.0,25,2.8,2.3,2.2,2.5,1.9,1723,1692,31,         .,,5.0,91.0,Wijk 16 Harich
5695,BU19401601,De Fryske Marren                        ,Buurt     ,BU19401601,1,545,275,270,85,60,95,170,135,235,260,20,25,475,60,15,475,10,5,50,5,,,,,210,45,80,85,2.5,32.0,189,,28,,544.0,98.0,0.0,0.0,13.0,85.0,2.0,3.0,88.0,11.0,3.0,8.0,98.0,2.0,,,,,,,,,,,,,,,,,,,,,,,,,,,,,,,,,,,,,,,,,,,105,35.0,15.0,10.0,5.0,5.0,20.0,15.0,5.0,300,190,110,1.4,18.0,25,2.8,2.3,2.2,2.5,1.9,1723,1692,31,      8571,1.0,5.0,91.0,Harich
5696,WK194017  ,De Fryske Marren                        ,Wijk      ,WK194017  ,1,530,275,255,65,85,100,170,110,245,235,30,20,510,10,10,505,10,5,5,5,,,,,205,45,70,95,2.6,74.0,203,,23,,380.0,99.0,8.0,10.0,26.0,54.0,1.0,2.0,84.0,16.0,12.0,3.0,99.0,1.0,,,,,,,,,,,,,,,,,,,,,,,,,,,,,,,,,,,,,,,,,,,75,15.0,15.0,5.0,5.0,5.0,10.0,15.0,5.0,330,215,110,1.6,46.0,45,3.2,2.1,0.8,2.2,3.6,714,711,3,         .,,5.0,98.0,Wijk 17 Haskerhorne
5697,BU19401701,De Fryske Marren                        ,Buurt     ,BU19401701,1,530,275,255,65,85,100,170,115,245,240,30,15,505,10,10,505,5,5,5,5,,,,,205,40,65,95,2.6,74.0,203,,23,,380.0,99.0,8.0,10.0,26.0,54.0,1.0,2.0,84.0,16.0,12.0,3.0,99.0,1.0,,,,,,,,,,,,,,,,,,,,,,,,,,,,,,,,,,,,,,,,,,,75,15.0,15.0,5.0,5.0,5.0,10.0,15.0,5.0,330,215,110,1.6,46.0,45,3.2,2.1,0.8,2.2,3.6,714,711,3,      8506,1.0,5.0,98.0,Haskerhorne
5698,WK194018  ,De Fryske Marren                        ,Wijk      ,WK194018  ,1,485,255,230,80,65,105,130,105,240,185,35,20,460,15,10,460,10,5,5,0,,,,,205,60,70,75,2.4,222.0,230,,23,,336.0,100.0,6.0,6.0,41.0,47.0,0.0,13.0,78.0,22.0,15.0,7.0,98.0,2.0,,,,,,,,,,,,,,,,,,,,,,,,,,,,,,,,,,,,,,,,,,,60,10.0,20.0,10.0,5.0,0.0,5.0,5.0,5.0,260,190,70,1.3,120.0,30,3.4,3.2,3.2,3.2,0.2,231,217,14,         .,,5.0,101.0,Wijk 18 Idskenhuizen
5699,BU19401801,De Fryske Marren                        ,Buurt     ,BU19401801,1,485,255,230,80,70,105,130,105,240,185,35,20,460,15,5,460,10,5,5,0,,,,,200,60,70,75,2.4,222.0,230,,23,,336.0,100.0,6.0,6.0,41.0,47.0,0.0,13.0,78.0,22.0,15.0,7.0,98.0,2.0,,,,,,,,,,,,,,,,,,,,,,,,,,,,,,,,,,,,,,,,,,,60,10.0,20.0,10.0,5.0,0.0,5.0,5.0,5.0,260,190,70,1.3,120.0,30,3.4,3.2,3.2,3.2,0.2,231,217,14,      8523,1.0,5.0,101.0,Idskenhuizen
5700,WK194019  ,De Fryske Marren                        ,Wijk      ,WK194019  ,1,13045,6400,6640,1900,1350,2705,3440,3650,5650,5465,1015,910,11710,460,875,11710,275,320,185,555,,,,,6005,2185,1955,1865,2.1,742.0,6224,,1228,,325.0,84.0,23.0,17.0,23.0,20.0,16.0,3.0,62.0,38.0,33.0,5.0,95.0,5.0,,,,,,,,,,,,,,,,,,,,,,,,,,,,,,,,,,,,,,,,,,,1770,40.0,270.0,380.0,105.0,80.0,455.0,255.0,190.0,7180,5305,1875,1.2,408.0,690,1.2,0.8,0.7,0.7,6.1,1904,1759,145,         .,,3.0,1054.0,Wijk 19 Joure
5701,BU19401901,De Fryske Marren                        ,Buurt     ,BU19401901,1,2335,1125,1210,345,240,555,550,635,1095,795,220,215,2050,80,200,2050,50,60,35,140,,,,,1135,520,290,325,2.0,2671.0,1236,,108,,277.0,75.0,21.0,14.0,20.0,20.0,25.0,5.0,46.0,54.0,50.0,5.0,93.0,7.0,,,,,,,,,,,,,,,,,,,,,,,,,,,,,,,,,,,,,,,,,,,240,0.0,40.0,45.0,10.0,10.0,55.0,45.0,30.0,1115,870,245,1.0,1278.0,120,0.9,0.5,0.4,0.4,6.3,89,87,2,      8501,1.0,3.0,1247.0,"Joure, Blaauwhof"
5702,BU19401902,De Fryske Marren                        ,Buurt     ,BU19401902,1,80,45,35,15,10,15,20,20,30,45,0,0,75,0,0,75,0,0,0,5,,,,,25,5,15,5,3.0,10.0,29,,4,,506.0,100.0,0.0,0.0,0.0,100.0,0.0,10.0,86.0,14.0,0.0,14.0,90.0,10.0,,,,,,,,,,,,,,,,,,,,,,,,,,,,,,,,,,,,,,,,,,,20,,,,,,,,,40,20,15,,,0,3.8,3.4,3.7,3.6,0.9,802,794,8,      8501,1.0,5.0,109.0,"Joure, Buitengebied"
5703,BU19401903,De Fryske Marren                        ,Buurt     ,BU19401903,1,1850,890,960,200,170,355,435,695,730,775,160,185,1705,60,80,1710,35,35,25,50,,,,,980,455,335,200,1.9,1824.0,1029,,226,,291.0,68.0,18.0,15.0,18.0,17.0,32.0,5.0,56.0,44.0,32.0,12.0,97.0,3.0,,,,,,,,,,,,,,,,,,,,,,,,,,,,,,,,,,,,,,,,,,,335,5.0,45.0,90.0,15.0,20.0,65.0,50.0,50.0,1040,790,255,1.1,1028.0,125,0.5,0.4,0.5,0.4,6.0,106,101,4,      8501,1.0,3.0,1310.0,"Joure, Centrum"
5704,BU19401904,De Fryske Marren                        ,Buurt     ,BU19401904,1,410,185,225,30,20,35,80,240,90,190,40,90,390,10,10,390,5,5,0,5,,,,,195,85,80,30,1.8,1315.0,244,,15,,396.0,34.0,1.0,1.0,2.0,31.0,66.0,4.0,58.0,42.0,40.0,2.0,80.0,20.0,,,,,,,,,,,,,,,,,,,,,,,,,,,,,,,,,,,,,,,,,,,45,0.0,0.0,10.0,0.0,5.0,15.0,10.0,5.0,225,165,60,1.2,726.0,20,1.2,0.8,0.7,0.9,6.0,38,31,7,      8501,1.0,4.0,716.0,"Joure, Jonkersland"
5705,BU19401905,De Fryske Marren                        ,Buurt     ,BU19401905,1,80,40,35,10,10,10,30,20,35,30,10,5,75,0,5,75,5,0,0,0,,,,,35,10,10,15,2.4,61.0,36,,524,,309.0,86.0,0.0,0.0,14.0,72.0,14.0,19.0,56.0,44.0,19.0,25.0,97.0,3.0,,,,,,,,,,,,,,,,,,,,,,,,,,,,,,,,,,,,,,,,,,,285,0.0,75.0,100.0,10.0,15.0,45.0,15.0,15.0,230,100,125,,,25,1.9,0.9,1.4,1.4,6.0,138,127,10,      8501,5.0,5.0,398.0,"Joure, Sewei/De Ekers"
5706,BU19401906,De Fryske Marren                        ,Buurt     ,BU19401906,1,2265,1145,1115,310,200,375,700,685,850,1180,130,105,2075,75,115,2075,50,50,20,65,,,,,1005,270,415,320,2.2,2780.0,1011,,14,,415.0,89.0,11.0,6.0,34.0,39.0,11.0,1.0,85.0,15.0,13.0,2.0,99.0,1.0,,,,,,,,,,,,,,,,,,,,,,,,,,,,,,,,,,,,,,,,,,,185,10.0,25.0,15.0,10.0,5.0,80.0,30.0,20.0,1305,940,365,1.3,1603.0,110,1.4,1.3,1.1,1.0,6.0,102,81,21,      8502,1.0,4.0,865.0,"Joure, Skipsleat"
5707,BU19401907,De Fryske Marren                        ,Buurt     ,BU19401907,1,2330,1150,1180,360,245,560,585,585,1055,960,185,135,2100,85,145,2095,55,70,35,80,,,,,1060,340,350,365,2.2,4658.0,1061,,72,,302.0,96.0,38.0,28.0,24.0,6.0,4.0,1.0,61.0,39.0,31.0,7.0,96.0,4.0,,,,,,,,,,,,,,,,,,,,,,,,,,,,,,,,,,,,,,,,,,,170,0.0,20.0,20.0,10.0,10.0,55.0,30.0,25.0,1230,965,260,1.2,2453.0,115,1.0,0.5,0.6,0.6,6.0,52,50,2,      8501,1.0,3.0,1342.0,"Joure, Westermeer"
5708,BU19401908,De Fryske Marren                        ,Buurt     ,BU19401908,1,90,60,40,15,15,20,25,15,45,35,5,5,85,10,0,80,5,0,5,0,,,,,35,10,10,15,2.7,32.0,34,,116,,516.0,85.0,0.0,0.0,3.0,82.0,15.0,12.0,79.0,21.0,0.0,21.0,97.0,3.0,,,,,,,,,,,,,,,,,,,,,,,,,,,,,,,,,,,,,,,,,,,170,5.0,25.0,40.0,20.0,5.0,50.0,20.0,10.0,150,65,90,,,25,2.2,1.8,1.1,1.7,5.6,377,292,85,      8501,4.0,5.0,352.0,"Joure, Woudfennen"
5709,BU19401909,De Fryske Marren                        ,Buurt     ,BU19401909,1,985,495,490,200,160,205,345,75,545,365,60,10,940,15,25,940,10,15,5,15,,,,,340,50,90,200,2.9,2090.0,339,,3,,472.0,100.0,17.0,11.0,41.0,31.0,0.0,1.0,93.0,7.0,5.0,3.0,77.0,23.0,,,,,,,,,,,,,,,,,,,,,,,,,,,,,,,,,,,,,,,,,,,125,0.0,10.0,15.0,10.0,5.0,45.0,25.0,15.0,530,355,175,1.6,1130.0,35,2.2,1.8,1.8,1.7,5.7,52,47,5,      8502,1.0,4.0,629.0,"Joure, Wyldehoarne"
5710,BU19401910,De Fryske Marren                        ,Buurt     ,BU19401910,1,2625,1275,1350,425,285,570,660,680,1175,1085,200,165,2215,125,285,2220,65,90,60,195,,,,,1190,435,375,385,2.2,1782.0,1205,,146,,285.0,95.0,37.0,27.0,21.0,9.0,5.0,2.0,57.0,43.0,42.0,2.0,99.0,1.0,,,,,,,,,,,,,,,,,,,,,,,,,,,,,,,,,,,,,,,,,,,195,5.0,30.0,45.0,20.0,5.0,40.0,30.0,20.0,1310,1035,275,1.1,890.0,120,1.5,0.5,0.5,0.5,6.5,149,147,1,      8501,1.0,3.0,1070.0,"Joure, Zuiderveld"
5711,WK194020  ,De Fryske Marren                        ,Wijk      ,WK194020  ,1,40,25,20,5,0,5,20,10,15,20,0,5,40,0,0,45,0,0,0,0,,,,,20,5,5,5,2.3,13.0,21,,2,,373.0,100.0,0.0,0.0,19.0,81.0,0.0,10.0,95.0,5.0,0.0,5.0,100.0,0.0,,,,,,,,,,,,,,,,,,,,,,,,,,,,,,,,,,,,,,,,,,,15,,,,,,,,,35,25,10,,,0,5.6,5.1,1.9,1.9,0.9,476,335,142,         .,,5.0,11.0,Wijk 20 Kolderwolde
5712,BU19402001,De Fryske Marren                        ,Buurt     ,BU19402001,1,40,20,20,5,5,5,20,10,15,25,0,0,40,0,0,45,0,0,0,0,,,,,20,5,10,5,2.3,13.0,21,,2,,373.0,100.0,0.0,0.0,19.0,81.0,0.0,10.0,95.0,5.0,0.0,5.0,100.0,0.0,,,,,,,,,,,,,,,,,,,,,,,,,,,,,,,,,,,,,,,,,,,15,,,,,,,,,35,25,10,,,0,5.6,5.1,1.9,1.9,0.9,476,335,142,      8583,1.0,5.0,11.0,Kolderwolde
5713,WK194021  ,De Fryske Marren                        ,Wijk      ,WK194021  ,1,1050,540,505,135,105,210,360,235,455,435,110,45,960,40,45,960,30,25,15,20,,,,,475,160,165,155,2.1,209.0,603,,123,,385.0,95.0,14.0,14.0,27.0,39.0,5.0,21.0,75.0,25.0,12.0,13.0,97.0,3.0,,,,,,,,,,,,,,,,,,,,,,,,,,,,,,,,,,,,,,,,,,,190,10.0,25.0,35.0,10.0,5.0,60.0,10.0,30.0,650,475,170,1.4,130.0,60,5.5,0.6,0.5,0.5,1.0,600,500,100,         .,,5.0,223.0,Wijk 21 Langweer
5714,BU19402101,De Fryske Marren                        ,Buurt     ,BU19402101,1,1050,540,510,135,105,205,365,235,460,440,110,45,960,45,50,960,25,30,15,20,,,,,480,160,165,155,2.1,209.0,603,,123,,385.0,95.0,14.0,14.0,27.0,39.0,5.0,21.0,75.0,25.0,12.0,13.0,97.0,3.0,,,,,,,,,,,,,,,,,,,,,,,,,,,,,,,,,,,,,,,,,,,190,10.0,25.0,35.0,10.0,5.0,60.0,10.0,30.0,650,475,170,1.4,130.0,60,5.5,0.6,0.5,0.5,1.0,600,500,100,      8525,1.0,5.0,223.0,Langweer
5715,WK194022  ,De Fryske Marren                        ,Wijk      ,WK194022  ,1,120,65,55,20,25,30,35,5,80,30,5,5,25,95,0,30,0,0,95,0,,,,,70,45,5,20,1.7,41.0,14,,4,,,,,,,,,,,,,,,,,,,,,,,,,,,,,,,,,,,,,,,,,,,,,,,,,,,,,,,,,,10,,,,,,,,,45,35,10,0.6,15.0,5,4.0,3.1,2.7,2.7,1.0,297,295,2,         .,,5.0,25.0,Wijk 22 Legemeer
5716,BU19402201,De Fryske Marren                        ,Buurt     ,BU19402201,1,125,60,55,20,25,30,35,10,75,30,5,10,25,95,0,25,0,0,90,0,,,,,70,45,10,25,1.7,41.0,14,,4,,,,,,,,,,,,,,,,,,,,,,,,,,,,,,,,,,,,,,,,,,,,,,,,,,,,,,,,,,10,,,,,,,,,45,35,10,0.6,15.0,5,4.0,3.1,2.7,2.7,1.0,297,295,2,      8527,1.0,5.0,25.0,Legemeer
5717,WK194023  ,De Fryske Marren                        ,Wijk      ,WK194023  ,1,10340,5140,5200,1525,1130,2130,2970,2585,4570,4280,865,625,8800,720,815,8800,295,335,430,485,,,,,4675,1630,1510,1535,2.2,538.0,4907,,1382,,342.0,88.0,29.0,18.0,21.0,21.0,12.0,7.0,65.0,33.0,26.0,7.0,95.0,5.0,,,,,,,,,,,,,,,,,,,,,,,,,,,,,,,,,,,,,,,,,,,1545,30.0,240.0,325.0,130.0,105.0,355.0,195.0,165.0,6635,4105,2530,1.4,345.0,510,1.3,0.9,0.7,0.8,3.8,2258,1922,336,         .,,4.0,797.0,Wijk 23 Lemmer
5718,BU19402301,De Fryske Marren                        ,Buurt     ,BU19402301,1,220,120,100,40,30,40,70,45,100,95,25,0,200,15,10,200,5,0,5,5,,,,,85,15,25,40,2.7,19.0,88,,258,,524.0,89.0,0.0,0.0,2.0,86.0,11.0,19.0,86.0,14.0,0.0,14.0,97.0,3.0,,,,,,,,,,,,,,,,,,,,,,,,,,,,,,,,,,,,,,,,,,,105,15.0,35.0,25.0,5.0,5.0,15.0,0.0,5.0,165,105,60,2.0,14.0,25,5.1,4.4,4.1,4.8,0.1,1446,1177,269,      8531,1.0,5.0,283.0,Lemmer-Buitengebied
5719,BU19402302,De Fryske Marren                        ,Buurt     ,BU19402302,1,1360,695,665,125,125,180,490,440,445,715,115,85,1210,90,55,1210,30,30,60,30,,,,,645,190,285,165,2.1,1773.0,819,,148,,438.0,100.0,36.0,9.0,23.0,32.0,0.0,24.0,86.0,6.0,0.0,6.0,100.0,0.0,,,,,,,,,,,,,,,,,,,,,,,,,,,,,,,,,,,,,,,,,,,225,0.0,25.0,40.0,25.0,25.0,75.0,15.0,15.0,900,550,350,1.4,1173.0,95,2.0,1.4,1.2,1.2,3.4,113,77,37,      8531,2.0,4.0,767.0,Lemmer-Frieslandpark
5720,BU19402303,De Fryske Marren                        ,Buurt     ,BU19402303,1,1130,545,585,110,110,210,280,420,460,425,95,155,985,90,55,985,30,25,60,25,,,,,605,310,180,110,1.7,1764.0,650,,252,,273.0,58.0,17.0,15.0,12.0,14.0,42.0,9.0,52.0,48.0,20.0,27.0,98.0,2.0,,,,,,,,,,,,,,,,,,,,,,,,,,,,,,,,,,,,,,,,,,,300,5.0,40.0,115.0,10.0,20.0,40.0,25.0,40.0,1475,445,1030,2.4,2305.0,50,0.7,0.3,0.5,0.7,4.0,66,64,2,      8531,1.0,4.0,947.0,Lemmer-Kom
5721,BU19402304,De Fryske Marren                        ,Buurt     ,BU19402304,1,1840,935,905,370,235,460,485,290,970,645,160,70,1360,195,290,1360,65,105,125,180,,,,,765,250,195,320,2.4,2440.0,755,,181,,236.0,95.0,45.0,27.0,18.0,6.0,5.0,2.0,49.0,51.0,46.0,4.0,97.0,3.0,,,,,,,,,,,,,,,,,,,,,,,,,,,,,,,,,,,,,,,,,,,175,0.0,45.0,40.0,15.0,5.0,30.0,20.0,20.0,915,715,200,1.2,1212.0,50,0.9,0.8,0.3,0.4,4.0,78,75,3,      8531,1.0,4.0,564.0,Lemmer-Lemstervaart
5722,BU19402305,De Fryske Marren                        ,Buurt     ,BU19402305,1,3550,1775,1775,660,425,730,1070,660,1625,1580,215,135,3150,195,205,3150,100,100,90,110,,,,,1380,295,455,630,2.6,2030.0,1375,,39,,422.0,97.0,21.0,17.0,32.0,27.0,3.0,1.0,86.0,14.0,13.0,1.0,90.0,10.0,,,,,,,,,,,,,,,,,,,,,,,,,,,,,,,,,,,,,,,,,,,425,5.0,40.0,50.0,45.0,40.0,115.0,80.0,50.0,1950,1325,625,1.4,1116.0,175,1.4,0.8,0.7,0.7,3.9,182,175,8,      8531,4.0,4.0,971.0,Lemmer-Noord
5723,BU19402306,De Fryske Marren                        ,Buurt     ,BU19402306,1,590,280,315,45,55,115,145,240,245,200,70,80,505,40,40,510,20,15,25,30,,,,,335,185,95,60,1.7,2870.0,361,,32,,220.0,72.0,30.0,22.0,12.0,9.0,28.0,3.0,40.0,60.0,45.0,14.0,97.0,3.0,,,,,,,,,,,,,,,,,,,,,,,,,,,,,,,,,,,,,,,,,,,50,0.0,10.0,10.0,0.0,5.0,10.0,10.0,5.0,310,255,55,0.9,1491.0,25,0.3,0.5,0.6,0.6,4.0,22,21,1,      8531,1.0,4.0,922.0,Lemmer-Rienplan
5724,BU19402307,De Fryske Marren                        ,Buurt     ,BU19402307,1,1350,655,695,150,130,355,355,365,645,470,160,70,1120,80,150,1120,35,55,45,95,,,,,715,325,215,175,1.9,473.0,707,,251,,256.0,89.0,37.0,26.0,18.0,8.0,11.0,2.0,34.0,66.0,64.0,2.0,89.0,11.0,,,,,,,,,,,,,,,,,,,,,,,,,,,,,,,,,,,,,,,,,,,205,0.0,40.0,45.0,15.0,5.0,40.0,35.0,20.0,730,580,150,1.0,256.0,75,0.8,0.6,0.6,0.6,4.0,289,285,4,      8531,1.0,4.0,927.0,Lemmer-West
5725,BU19402308,De Fryske Marren                        ,Buurt     ,BU19402308,1,300,145,160,25,25,45,80,125,85,155,35,30,270,15,10,270,5,5,15,5,,,,,150,50,65,35,2.1,629.0,152,,221,,498.0,80.0,1.0,1.0,4.0,74.0,20.0,11.0,89.0,9.0,2.0,7.0,99.0,1.0,,,,,,,,,,,,,,,,,,,,,,,,,,,,,,,,,,,,,,,,,,,65,0.0,5.0,5.0,10.0,5.0,25.0,10.0,10.0,190,130,65,1.3,401.0,15,2.3,1.5,1.2,2.0,3.2,60,48,12,      8531,1.0,4.0,644.0,Lemmer-Zijlroede
5726,WK194024  ,De Fryske Marren                        ,Wijk      ,WK194024  ,1,100,50,50,20,10,20,30,30,35,50,10,5,95,0,5,95,0,0,5,0,,,,,40,10,20,10,2.4,28.0,49,,5,,555.0,100.0,0.0,0.0,4.0,96.0,0.0,14.0,94.0,6.0,0.0,6.0,100.0,0.0,,,,,,,,,,,,,,,,,,,,,,,,,,,,,,,,,,,,,,,,,,,25,5.0,5.0,5.0,0.0,0.0,5.0,0.0,0.0,65,45,25,,,10,1.1,2.1,1.4,1.4,1.3,370,368,2,         .,,5.0,69.0,Wijk 24 Mirns
5727,BU19402401,De Fryske Marren                        ,Buurt     ,BU19402401,1,105,50,50,20,5,20,30,30,40,50,10,5,95,5,5,95,5,0,0,5,,,,,40,10,20,15,2.4,28.0,49,,5,,555.0,100.0,0.0,0.0,4.0,96.0,0.0,14.0,94.0,6.0,0.0,6.0,100.0,0.0,,,,,,,,,,,,,,,,,,,,,,,,,,,,,,,,,,,,,,,,,,,25,5.0,5.0,5.0,0.0,0.0,5.0,0.0,0.0,65,45,25,,,10,1.1,2.1,1.4,1.4,1.3,370,368,2,      8573,1.0,5.0,69.0,Mirns
5728,WK194025  ,De Fryske Marren                        ,Wijk      ,WK194025  ,1,50,25,20,0,10,10,25,5,30,15,5,5,50,0,0,50,5,0,0,0,,,,,20,5,5,10,2.5,119.0,21,,2,,419.0,100.0,5.0,10.0,10.0,76.0,0.0,5.0,95.0,5.0,0.0,5.0,100.0,0.0,,,,,,,,,,,,,,,,,,,,,,,,,,,,,,,,,,,,,,,,,,,10,,,,,,,,,35,25,10,,,5,1.0,1.7,1.5,1.5,6.0,44,42,2,         .,,4.0,646.0,Wijk 25 Nijehaske
5729,BU19402501,De Fryske Marren                        ,Buurt     ,BU19402501,1,50,25,25,5,10,10,20,10,25,15,5,5,50,0,0,45,0,0,5,0,,,,,20,5,10,10,2.5,119.0,21,,2,,419.0,100.0,5.0,10.0,10.0,76.0,0.0,5.0,95.0,5.0,0.0,5.0,100.0,0.0,,,,,,,,,,,,,,,,,,,,,,,,,,,,,,,,,,,,,,,,,,,10,,,,,,,,,35,25,10,,,5,1.0,1.7,1.5,1.5,6.0,44,42,2,      8466,1.0,4.0,646.0,Nijehaske
5730,WK194026  ,De Fryske Marren                        ,Wijk      ,WK194026  ,1,570,305,265,80,65,115,165,140,255,275,20,15,530,15,20,535,10,10,10,5,,,,,235,60,95,80,2.4,75.0,235,,14,,460.0,98.0,0.0,1.0,30.0,67.0,2.0,4.0,86.0,14.0,12.0,3.0,94.0,6.0,,,,,,,,,,,,,,,,,,,,,,,,,,,,,,,,,,,,,,,,,,,90,15.0,20.0,15.0,5.0,5.0,15.0,15.0,10.0,385,260,125,1.7,51.0,70,6.2,6.3,0.7,0.7,1.3,758,758,0,         .,,5.0,60.0,Wijk 26 Nijemirdum
5731,BU19402601,De Fryske Marren                        ,Buurt     ,BU19402601,1,565,305,265,80,65,115,165,140,255,270,20,20,535,15,20,530,10,10,10,5,,,,,235,60,90,80,2.4,75.0,235,,14,,460.0,98.0,0.0,1.0,30.0,67.0,2.0,4.0,86.0,14.0,12.0,3.0,94.0,6.0,,,,,,,,,,,,,,,,,,,,,,,,,,,,,,,,,,,,,,,,,,,90,15.0,20.0,15.0,5.0,5.0,15.0,15.0,10.0,385,260,125,1.7,51.0,70,6.2,6.3,0.7,0.7,1.3,758,758,0,      8566,1.0,5.0,60.0,Nijemirdum
5732,WK194027  ,De Fryske Marren                        ,Wijk      ,WK194027  ,1,75,35,40,15,10,10,20,15,35,30,5,5,75,0,0,75,0,0,0,0,,,,,30,5,15,15,2.9,25.0,35,,4,,484.0,100.0,0.0,0.0,0.0,97.0,0.0,23.0,91.0,9.0,0.0,9.0,100.0,0.0,,,,,,,,,,,,,,,,,,,,,,,,,,,,,,,,,,,,,,,,,,,15,,,,,,,,,45,20,25,,,5,4.5,5.1,4.6,2.2,0.9,876,314,563,         .,,5.0,27.0,Wijk 27 Oldeouwer
5733,BU19402701,De Fryske Marren                        ,Buurt     ,BU19402701,1,75,35,45,15,15,10,20,15,40,30,5,5,75,0,0,80,0,0,0,0,,,,,30,5,15,10,2.9,25.0,35,,4,,484.0,100.0,0.0,0.0,0.0,97.0,0.0,23.0,91.0,9.0,0.0,9.0,100.0,0.0,,,,,,,,,,,,,,,,,,,,,,,,,,,,,,,,,,,,,,,,,,,15,,,,,,,,,45,20,25,,,5,4.5,5.1,4.6,2.2,0.9,876,314,563,      8515,1.0,5.0,27.0,Oldeouwer
5734,WK194028  ,De Fryske Marren                        ,Wijk      ,WK194028  ,1,870,460,410,130,130,160,275,175,400,380,65,30,750,65,60,750,35,20,25,35,,,,,360,105,125,135,2.4,85.0,386,,29,,341.0,95.0,14.0,13.0,15.0,54.0,5.0,8.0,75.0,25.0,20.0,5.0,97.0,3.0,,,,,,,,,,,,,,,,,,,,,,,,,,,,,,,,,,,,,,,,,,,160,30.0,40.0,25.0,5.0,0.0,30.0,15.0,15.0,485,330,155,1.3,47.0,50,3.5,3.6,1.0,1.0,1.2,1562,1028,534,         .,,5.0,84.0,Wijk 28 Oosterzee
5735,BU19402801,De Fryske Marren                        ,Buurt     ,BU19402801,1,305,160,145,40,45,55,105,60,130,155,10,10,280,10,10,280,5,5,10,5,,,,,120,25,45,45,2.5,31.0,138,,18,,449.0,96.0,0.0,0.0,8.0,88.0,4.0,14.0,93.0,7.0,0.0,7.0,92.0,8.0,,,,,,,,,,,,,,,,,,,,,,,,,,,,,,,,,,,,,,,,,,,85,30.0,20.0,10.0,5.0,0.0,15.0,0.0,10.0,195,120,75,1.6,19.0,20,3.5,3.8,2.0,2.0,1.5,1528,994,533,      8536,1.0,5.0,54.0,Oosterzee-Buitengebied
5736,BU19402802,De Fryske Marren                        ,Buurt     ,BU19402802,1,565,300,265,90,85,110,170,110,265,225,55,20,465,55,50,465,35,15,20,35,,,,,240,75,75,90,2.3,1648.0,248,,11,,281.0,94.0,21.0,20.0,19.0,34.0,6.0,5.0,65.0,35.0,31.0,4.0,100.0,0.0,,,,,,,,,,,,,,,,,,,,,,,,,,,,,,,,,,,,,,,,,,,75,5.0,20.0,15.0,0.0,0.0,15.0,15.0,5.0,295,210,85,1.2,853.0,25,3.4,3.6,0.4,0.5,1.0,35,34,0,      8536,1.0,5.0,103.0,Oosterzee-Kom
5737,WK194029  ,De Fryske Marren                        ,Wijk      ,WK194029  ,1,295,150,145,65,30,60,80,55,150,120,15,15,280,5,10,280,5,5,5,5,,,,,120,35,35,50,2.4,52.0,123,,14,,359.0,100.0,7.0,8.0,20.0,65.0,0.0,3.0,87.0,13.0,7.0,6.0,90.0,10.0,,,,,,,,,,,,,,,,,,,,,,,,,,,,,,,,,,,,,,,,,,,55,15.0,15.0,10.0,0.0,0.0,10.0,5.0,5.0,190,130,60,1.5,33.0,40,6.5,6.0,0.5,0.5,1.0,653,575,77,         .,,5.0,33.0,Wijk 29 Oudega
5738,BU19402901,De Fryske Marren                        ,Buurt     ,BU19402901,1,295,150,145,60,35,60,80,55,150,115,20,10,280,5,10,280,0,5,5,5,,,,,120,35,35,50,2.4,52.0,123,,14,,359.0,100.0,7.0,8.0,20.0,65.0,0.0,3.0,87.0,13.0,7.0,6.0,90.0,10.0,,,,,,,,,,,,,,,,,,,,,,,,,,,,,,,,,,,,,,,,,,,55,15.0,15.0,10.0,0.0,0.0,10.0,5.0,5.0,190,130,60,1.5,33.0,40,6.5,6.0,0.5,0.5,1.0,653,575,77,      8582,1.0,5.0,33.0,Oudega
5739,WK194030  ,De Fryske Marren                        ,Wijk      ,WK194030  ,1,1870,945,930,305,185,395,510,480,795,890,130,60,1695,65,110,1700,35,55,25,45,,,,,800,200,310,290,2.3,253.0,791,,106,,389.0,96.0,7.0,7.0,30.0,52.0,4.0,2.0,82.0,18.0,15.0,3.0,98.0,2.0,,,,,,,,,,,,,,,,,,,,,,,,,,,,,,,,,,,,,,,,,,,215,15.0,30.0,30.0,10.0,10.0,55.0,40.0,25.0,1105,775,330,1.4,149.0,120,0.7,0.8,0.6,0.7,1.4,796,741,55,         .,,5.0,266.0,Wijk 30 Oudehaske
5740,BU19403001,De Fryske Marren                        ,Buurt     ,BU19403001,1,1870,945,925,305,185,395,510,480,795,890,130,60,1700,65,105,1700,40,60,30,50,,,,,795,200,315,285,2.3,253.0,791,,106,,389.0,96.0,7.0,7.0,30.0,52.0,4.0,2.0,82.0,18.0,15.0,3.0,98.0,2.0,,,,,,,,,,,,,,,,,,,,,,,,,,,,,,,,,,,,,,,,,,,215,15.0,30.0,30.0,10.0,10.0,55.0,40.0,25.0,1105,775,330,1.4,149.0,120,0.7,0.8,0.6,0.7,1.4,796,741,55,      8465,1.0,5.0,266.0,Oudehaske
5741,WK194031  ,De Fryske Marren                        ,Wijk      ,WK194031  ,1,1380,690,685,220,130,280,340,405,615,605,65,95,1295,40,45,1295,20,25,15,20,,,,,565,165,215,185,2.3,101.0,581,,170,,400.0,98.0,11.0,12.0,19.0,57.0,2.0,5.0,77.0,23.0,18.0,6.0,99.0,1.0,,,,,,,,,,,,,,,,,,,,,,,,,,,,,,,,,,,,,,,,,,,215,35.0,45.0,30.0,10.0,5.0,40.0,30.0,20.0,745,500,245,1.3,55.0,65,6.2,6.3,0.7,0.8,1.8,1365,1358,6,         .,,5.0,140.0,Wijk 31 Oudemirdum
5742,BU19403101,De Fryske Marren                        ,Buurt     ,BU19403101,1,1380,690,685,220,130,280,340,410,615,605,65,90,1295,35,45,1295,20,30,15,20,,,,,565,165,215,185,2.3,101.0,581,,170,,400.0,98.0,11.0,12.0,19.0,57.0,2.0,5.0,77.0,23.0,18.0,6.0,99.0,1.0,,,,,,,,,,,,,,,,,,,,,,,,,,,,,,,,,,,,,,,,,,,215,35.0,45.0,30.0,10.0,5.0,40.0,30.0,20.0,745,500,245,1.3,55.0,65,6.2,6.3,0.7,0.8,1.8,1365,1358,6,      8567,1.0,5.0,140.0,Oudemirdum
5743,WK194032  ,De Fryske Marren                        ,Wijk      ,WK194032  ,1,360,180,175,70,40,95,95,55,190,135,15,20,345,5,5,340,5,0,5,5,,,,,140,40,40,65,2.5,178.0,141,,7,,337.0,99.0,6.0,7.0,40.0,46.0,1.0,1.0,82.0,18.0,16.0,2.0,99.0,1.0,,,,,,,,,,,,,,,,,,,,,,,,,,,,,,,,,,,,,,,,,,,45,10.0,10.0,0.0,5.0,0.0,10.0,5.0,5.0,225,155,75,1.6,113.0,30,3.0,3.6,2.7,0.4,1.0,202,200,1,         .,,5.0,53.0,Wijk 32 Ouwsterhaule
5744,BU19403201,De Fryske Marren                        ,Buurt     ,BU19403201,1,355,180,175,70,40,95,95,55,190,135,15,15,340,5,5,345,5,5,5,0,,,,,140,35,45,65,2.5,178.0,141,,7,,337.0,99.0,6.0,7.0,40.0,46.0,1.0,1.0,82.0,18.0,16.0,2.0,99.0,1.0,,,,,,,,,,,,,,,,,,,,,,,,,,,,,,,,,,,,,,,,,,,45,10.0,10.0,0.0,5.0,0.0,10.0,5.0,5.0,225,155,75,1.6,113.0,30,3.0,3.6,2.7,0.4,1.0,202,200,1,      8513,1.0,5.0,53.0,Ouwsterhaule
5745,WK194033  ,De Fryske Marren                        ,Wijk      ,WK194033  ,1,80,45,30,10,10,15,30,15,35,40,5,5,75,5,0,75,0,0,0,5,,,,,35,15,10,10,2.2,39.0,27,,4,,550.0,100.0,0.0,0.0,4.0,93.0,0.0,4.0,96.0,4.0,0.0,4.0,93.0,7.0,,,,,,,,,,,,,,,,,,,,,,,,,,,,,,,,,,,,,,,,,,,15,,,,,,,,,40,25,15,,,5,3.7,4.3,3.5,1.1,1.0,203,203,0,         .,,5.0,48.0,Wijk 33 Ouwster-Nijega
5746,BU19403301,De Fryske Marren                        ,Buurt     ,BU19403301,1,80,50,35,10,10,10,30,20,40,40,0,5,75,5,0,75,0,0,0,0,,,,,35,15,15,10,2.2,39.0,27,,4,,550.0,100.0,0.0,0.0,4.0,93.0,0.0,4.0,96.0,4.0,0.0,4.0,93.0,7.0,,,,,,,,,,,,,,,,,,,,,,,,,,,,,,,,,,,,,,,,,,,15,,,,,,,,,40,25,15,,,5,3.7,4.3,3.5,1.1,1.0,203,203,0,      8514,1.0,5.0,48.0,Ouwster-Nijega
5747,WK194034  ,De Fryske Marren                        ,Wijk      ,WK194034  ,1,180,95,90,25,20,30,55,50,85,80,10,5,165,10,10,165,5,5,5,5,,,,,75,20,35,25,2.4,33.0,83,,46,,490.0,95.0,0.0,0.0,12.0,83.0,5.0,13.0,87.0,13.0,0.0,13.0,100.0,0.0,,,,,,,,,,,,,,,,,,,,,,,,,,,,,,,,,,,,,,,,,,,40,5.0,5.0,5.0,5.0,0.0,5.0,0.0,5.0,160,90,65,2.1,29.0,55,2.9,2.9,2.5,2.5,1.1,542,538,5,         .,,5.0,117.0,Wijk 34 Rijs
5748,BU19403401,De Fryske Marren                        ,Buurt     ,BU19403401,1,180,95,90,25,15,30,60,50,85,80,10,10,165,10,5,165,5,5,5,0,,,,,75,15,35,25,2.4,33.0,83,,46,,490.0,95.0,0.0,0.0,12.0,83.0,5.0,13.0,87.0,13.0,0.0,13.0,100.0,0.0,,,,,,,,,,,,,,,,,,,,,,,,,,,,,,,,,,,,,,,,,,,40,5.0,5.0,5.0,5.0,0.0,5.0,0.0,5.0,160,90,65,2.1,29.0,55,2.9,2.9,2.5,2.5,1.1,542,538,5,      8572,1.0,5.0,117.0,Rijs
5749,WK194035  ,De Fryske Marren                        ,Wijk      ,WK194035  ,1,235,130,100,25,30,40,85,50,105,95,20,5,210,15,10,205,10,5,5,5,,,,,100,35,35,35,2.3,59.0,51,,173,,485.0,100.0,0.0,0.0,12.0,88.0,0.0,4.0,98.0,2.0,0.0,2.0,96.0,4.0,,,,,,,,,,,,,,,,,,,,,,,,,,,,,,,,,,,,,,,,,,,50,10.0,10.0,5.0,5.0,0.0,5.0,10.0,5.0,155,105,50,1.5,40.0,15,2.5,3.2,3.1,2.7,0.8,624,388,235,         .,,5.0,89.0,Wijk 35 Rohel
5750,BU19403501,De Fryske Marren                        ,Buurt     ,BU19403501,1,235,130,100,25,30,35,85,50,105,95,25,5,210,15,10,205,5,5,10,0,,,,,105,30,35,30,2.3,59.0,51,,173,,485.0,100.0,0.0,0.0,12.0,88.0,0.0,4.0,98.0,2.0,0.0,2.0,96.0,4.0,,,,,,,,,,,,,,,,,,,,,,,,,,,,,,,,,,,,,,,,,,,50,10.0,10.0,5.0,5.0,0.0,5.0,10.0,5.0,155,105,50,1.5,40.0,15,2.5,3.2,3.1,2.7,0.8,624,388,235,      8507,1.0,5.0,89.0,Rohel
5751,WK194036  ,De Fryske Marren                        ,Wijk      ,WK194036  ,1,185,95,85,20,25,30,65,50,75,95,5,15,180,5,5,180,5,0,0,0,,,,,75,20,30,25,2.5,19.0,75,,12,,486.0,97.0,0.0,0.0,3.0,95.0,3.0,1.0,95.0,5.0,0.0,5.0,99.0,1.0,,,,,,,,,,,,,,,,,,,,,,,,,,,,,,,,,,,,,,,,,,,45,20.0,5.0,5.0,5.0,0.0,5.0,5.0,0.0,115,75,40,1.5,12.0,10,4.8,5.2,4.9,4.9,0.0,993,960,33,         .,,5.0,11.0,Wijk 36 Rotstergaast
5752,BU19403601,De Fryske Marren                        ,Buurt     ,BU19403601,1,185,95,85,20,25,30,65,50,80,90,5,15,175,5,0,175,5,0,5,0,,,,,75,20,25,25,2.5,19.0,75,,12,,486.0,97.0,0.0,0.0,3.0,95.0,3.0,1.0,95.0,5.0,0.0,5.0,99.0,1.0,,,,,,,,,,,,,,,,,,,,,,,,,,,,,,,,,,,,,,,,,,,45,20.0,5.0,5.0,5.0,0.0,5.0,5.0,0.0,115,75,40,1.5,12.0,10,4.8,5.2,4.9,4.9,0.0,993,960,33,      8462,1.0,5.0,11.0,Rotstergaast
5753,WK194037  ,De Fryske Marren                        ,Wijk      ,WK194037  ,1,570,290,285,70,80,95,190,130,245,265,30,35,535,20,20,535,10,10,5,10,,,,,235,70,75,90,2.5,65.0,243,,16,,412.0,90.0,0.0,1.0,12.0,77.0,10.0,7.0,79.0,21.0,6.0,16.0,97.0,3.0,,,,,,,,,,,,,,,,,,,,,,,,,,,,,,,,,,,,,,,,,,,110,20.0,20.0,10.0,5.0,5.0,25.0,15.0,10.0,345,240,105,1.5,39.0,65,1.1,1.2,1.3,1.2,2.2,979,880,99,         .,,5.0,121.0,Wijk 37 Rotsterhaule
5754,BU19403701,De Fryske Marren                        ,Buurt     ,BU19403701,1,570,290,285,70,85,95,190,130,245,265,30,35,535,20,20,535,10,5,10,10,,,,,235,70,75,90,2.5,65.0,243,,16,,412.0,90.0,0.0,1.0,12.0,77.0,10.0,7.0,79.0,21.0,6.0,16.0,97.0,3.0,,,,,,,,,,,,,,,,,,,,,,,,,,,,,,,,,,,,,,,,,,,110,20.0,20.0,10.0,5.0,5.0,25.0,15.0,10.0,345,240,105,1.5,39.0,65,1.1,1.2,1.3,1.2,2.2,979,880,99,      8463,1.0,5.0,121.0,Rotsterhaule
5755,WK194038  ,De Fryske Marren                        ,Wijk      ,WK194038  ,1,770,395,370,140,75,155,225,170,355,340,50,25,725,20,25,725,15,20,5,5,,,,,310,75,120,120,2.5,112.0,304,,19,,404.0,99.0,0.0,1.0,32.0,66.0,1.0,1.0,86.0,14.0,12.0,2.0,88.0,12.0,,,,,,,,,,,,,,,,,,,,,,,,,,,,,,,,,,,,,,,,,,,110,15.0,15.0,15.0,5.0,5.0,30.0,15.0,10.0,450,340,110,1.5,65.0,55,3.0,3.1,2.6,0.7,2.9,693,685,8,         .,,5.0,128.0,Wijk 38 Rottum
5756,BU19403801,De Fryske Marren                        ,Buurt     ,BU19403801,1,765,400,370,140,80,155,225,170,355,340,50,25,720,20,25,725,15,15,10,10,,,,,305,70,120,120,2.5,112.0,304,,19,,404.0,99.0,0.0,1.0,32.0,66.0,1.0,1.0,86.0,14.0,12.0,2.0,88.0,12.0,,,,,,,,,,,,,,,,,,,,,,,,,,,,,,,,,,,,,,,,,,,110,15.0,15.0,15.0,5.0,5.0,30.0,15.0,10.0,450,340,110,1.5,65.0,55,3.0,3.1,2.6,0.7,2.9,693,685,8,      8461,1.0,5.0,128.0,Rottum
5757,WK194039  ,De Fryske Marren                        ,Wijk      ,WK194039  ,1,115,55,55,10,15,10,45,35,40,70,5,0,110,5,0,110,0,0,0,0,,,,,50,0,30,15,2.4,26.0,47,,2,,538.0,100.0,0.0,0.0,9.0,91.0,0.0,2.0,96.0,4.0,0.0,4.0,98.0,2.0,,,,,,,,,,,,,,,,,,,,,,,,,,,,,,,,,,,,,,,,,,,25,5.0,5.0,5.0,0.0,0.0,5.0,5.0,5.0,60,40,20,,,10,2.1,2.2,2.0,2.2,2.8,434,432,2,         .,,5.0,94.0,Wijk 39 Ruigahuizen
5758,BU19403901,De Fryske Marren                        ,Buurt     ,BU19403901,1,110,60,55,10,10,10,45,30,40,65,5,0,110,5,0,110,0,0,0,0,,,,,50,5,25,15,2.4,26.0,47,,2,,538.0,100.0,0.0,0.0,9.0,91.0,0.0,2.0,96.0,4.0,0.0,4.0,98.0,2.0,,,,,,,,,,,,,,,,,,,,,,,,,,,,,,,,,,,,,,,,,,,25,5.0,5.0,5.0,0.0,0.0,5.0,5.0,5.0,60,40,20,,,10,2.1,2.2,2.0,2.2,2.8,434,432,2,      8564,1.0,5.0,94.0,Ruigahuizen
5759,WK194040  ,De Fryske Marren                        ,Wijk      ,WK194040  ,1,800,410,390,125,95,180,250,140,365,360,40,25,725,30,45,725,15,10,10,40,,,,,315,80,105,135,2.5,118.0,316,,17,,345.0,100.0,17.0,12.0,28.0,44.0,0.0,1.0,77.0,23.0,19.0,3.0,99.0,1.0,,,,,,,,,,,,,,,,,,,,,,,,,,,,,,,,,,,,,,,,,,,120,25.0,25.0,10.0,10.0,5.0,15.0,20.0,10.0,460,325,135,1.5,68.0,55,3.3,2.9,0.5,0.5,3.5,687,674,13,         .,,5.0,123.0,Wijk 40 Scharsterbrug
5760,BU19404001,De Fryske Marren                        ,Buurt     ,BU19404001,1,800,410,390,125,100,180,255,145,365,360,40,30,725,25,45,725,15,10,10,40,,,,,315,75,105,135,2.5,118.0,316,,17,,345.0,100.0,17.0,12.0,28.0,44.0,0.0,1.0,77.0,23.0,19.0,3.0,99.0,1.0,,,,,,,,,,,,,,,,,,,,,,,,,,,,,,,,,,,,,,,,,,,120,25.0,25.0,10.0,10.0,5.0,15.0,20.0,10.0,460,325,135,1.5,68.0,55,3.3,2.9,0.5,0.5,3.5,687,674,13,      8517,1.0,5.0,123.0,Scharsterbrug
5761,WK194041  ,De Fryske Marren                        ,Wijk      ,WK194041  ,1,3360,1665,1690,480,395,730,850,900,1610,1305,210,240,3040,215,105,3040,70,35,145,70,,,,,1410,480,460,470,2.3,305.0,1448,,476,,326.0,87.0,12.0,12.0,25.0,37.0,13.0,4.0,66.0,34.0,24.0,10.0,98.0,2.0,,,,,,,,,,,,,,,,,,,,,,,,,,,,,,,,,,,,,,,,,,,490,25.0,140.0,70.0,25.0,35.0,95.0,60.0,45.0,1790,1265,525,1.3,163.0,175,0.9,0.8,0.7,0.7,2.1,1189,1099,90,         .,,5.0,374.0,Wijk 41 Sint Nicolaasga
5762,BU19404101,De Fryske Marren                        ,Buurt     ,BU19404101,1,3360,1665,1690,480,400,730,855,900,1605,1305,205,245,3040,215,105,3040,70,35,145,70,,,,,1405,480,460,475,2.3,305.0,1448,,476,,326.0,87.0,12.0,12.0,25.0,37.0,13.0,4.0,66.0,34.0,24.0,10.0,98.0,2.0,,,,,,,,,,,,,,,,,,,,,,,,,,,,,,,,,,,,,,,,,,,490,25.0,140.0,70.0,25.0,35.0,95.0,60.0,45.0,1790,1265,525,1.3,163.0,175,0.9,0.8,0.7,0.7,2.1,1189,1099,90,      8521,1.0,5.0,374.0,Sint Nicolaasga
5763,WK194042  ,De Fryske Marren                        ,Wijk      ,WK194042  ,1,1225,635,590,210,145,260,365,250,560,545,55,60,1145,20,55,1145,20,20,10,35,,,,,495,120,185,195,2.5,198.0,498,,36,,367.0,99.0,8.0,10.0,29.0,52.0,1.0,2.0,82.0,18.0,15.0,3.0,98.0,2.0,,,,,,,,,,,,,,,,,,,,,,,,,,,,,,,,,,,,,,,,,,,135,10.0,35.0,15.0,5.0,5.0,30.0,20.0,15.0,735,545,190,1.5,119.0,90,1.5,0.9,0.7,0.6,2.5,685,618,67,         .,,5.0,158.0,Wijk 42 Sinjohannesga
5764,BU19404201,De Fryske Marren                        ,Buurt     ,BU19404201,1,1225,635,590,205,145,260,365,250,565,540,60,60,1150,25,55,1145,15,25,5,30,,,,,495,120,185,190,2.5,198.0,498,,36,,367.0,99.0,8.0,10.0,29.0,52.0,1.0,2.0,82.0,18.0,15.0,3.0,98.0,2.0,,,,,,,,,,,,,,,,,,,,,,,,,,,,,,,,,,,,,,,,,,,135,10.0,35.0,15.0,5.0,5.0,30.0,20.0,15.0,735,545,190,1.5,119.0,90,1.5,0.9,0.7,0.6,2.5,685,618,67,      8464,1.0,5.0,158.0,Sintjohannesga
5765,WK194043  ,De Fryske Marren                        ,Wijk      ,WK194043  ,1,680,375,305,65,75,130,215,190,275,310,40,45,630,20,30,630,10,20,10,10,,,,,325,120,120,90,2.1,244.0,349,,79,,345.0,99.0,20.0,16.0,23.0,39.0,1.0,9.0,78.0,22.0,15.0,7.0,99.0,1.0,,,,,,,,,,,,,,,,,,,,,,,,,,,,,,,,,,,,,,,,,,,120,0.0,30.0,25.0,5.0,10.0,20.0,15.0,10.0,440,330,110,1.4,158.0,45,5.4,0.5,0.8,0.8,1.0,520,279,241,         .,,5.0,150.0,Wijk 43 Sloten
5766,BU19404301,De Fryske Marren                        ,Buurt     ,BU19404301,1,680,375,305,70,75,130,220,190,280,310,40,45,630,20,30,625,15,15,5,15,,,,,320,115,120,90,2.1,244.0,349,,79,,345.0,99.0,20.0,16.0,23.0,39.0,1.0,9.0,78.0,22.0,15.0,7.0,99.0,1.0,,,,,,,,,,,,,,,,,,,,,,,,,,,,,,,,,,,,,,,,,,,120,0.0,30.0,25.0,5.0,10.0,20.0,15.0,10.0,440,330,110,1.4,158.0,45,5.4,0.5,0.8,0.8,1.0,520,279,241,      8556,1.0,5.0,150.0,Sloten
5767,WK194044  ,De Fryske Marren                        ,Wijk      ,WK194044  ,1,65,30,30,5,10,10,20,10,30,25,5,0,55,0,5,60,0,5,0,5,,,,,25,5,5,10,2.5,41.0,22,,7,,616.0,95.0,0.0,0.0,9.0,86.0,5.0,5.0,95.0,5.0,0.0,5.0,100.0,0.0,,,,,,,,,,,,,,,,,,,,,,,,,,,,,,,,,,,,,,,,,,,15,,,,,,,,,45,30,15,,,5,2.7,2.3,2.6,2.3,3.0,148,148,0,         .,,5.0,54.0,Wijk 44 Snikzwaag
5768,BU19404401,De Fryske Marren                        ,Buurt     ,BU19404401,1,65,35,30,10,5,10,25,10,30,25,0,0,55,0,5,55,0,5,0,5,,,,,20,5,5,10,2.5,41.0,22,,7,,616.0,95.0,0.0,0.0,9.0,86.0,5.0,5.0,95.0,5.0,0.0,5.0,100.0,0.0,,,,,,,,,,,,,,,,,,,,,,,,,,,,,,,,,,,,,,,,,,,15,,,,,,,,,45,30,15,,,5,2.7,2.3,2.6,2.3,3.0,148,148,0,      8505,1.0,5.0,54.0,Snikzwaag
5769,WK194045  ,De Fryske Marren                        ,Wijk      ,WK194045  ,1,410,210,195,65,55,75,120,95,195,165,25,20,390,10,5,395,10,0,0,0,,,,,165,40,70,55,2.5,44.0,168,,51,,456.0,99.0,1.0,1.0,24.0,73.0,1.0,6.0,89.0,11.0,5.0,5.0,98.0,2.0,,,,,,,,,,,,,,,,,,,,,,,,,,,,,,,,,,,,,,,,,,,85,20.0,25.0,10.0,0.0,5.0,10.0,10.0,5.0,230,165,60,1.4,25.0,50,4.7,4.3,2.9,2.9,0.5,963,931,32,         .,,5.0,47.0,Wijk 45 Sondel
5770,BU19404501,De Fryske Marren                        ,Buurt     ,BU19404501,1,405,210,200,65,55,75,120,95,195,170,20,20,390,10,5,395,10,0,5,0,,,,,165,45,70,50,2.5,44.0,168,,51,,456.0,99.0,1.0,1.0,24.0,73.0,1.0,6.0,89.0,11.0,5.0,5.0,98.0,2.0,,,,,,,,,,,,,,,,,,,,,,,,,,,,,,,,,,,,,,,,,,,85,20.0,25.0,10.0,0.0,5.0,10.0,10.0,5.0,230,165,60,1.4,25.0,50,4.7,4.3,2.9,2.9,0.5,963,931,32,      8565,1.0,5.0,47.0,Sondel
5771,WK194046  ,De Fryske Marren                        ,Wijk      ,WK194046  ,1,705,370,340,65,55,125,245,225,265,320,85,35,655,30,25,655,10,5,20,15,,,,,385,160,145,80,1.8,135.0,561,,483,,489.0,98.0,7.0,7.0,17.0,67.0,2.0,38.0,75.0,24.0,10.0,14.0,99.0,1.0,,,,,,,,,,,,,,,,,,,,,,,,,,,,,,,,,,,,,,,,,,,160,5.0,20.0,35.0,10.0,10.0,40.0,20.0,15.0,500,330,170,1.3,95.0,45,5.3,0.5,0.6,4.0,0.0,915,527,388,         .,,5.0,316.0,Wijk 46 Terherne
5772,BU19404601,De Fryske Marren                        ,Buurt     ,BU19404601,1,710,365,340,65,50,125,245,225,265,320,90,35,660,25,25,660,10,10,15,15,,,,,385,160,145,80,1.8,135.0,561,,483,,489.0,98.0,7.0,7.0,17.0,67.0,2.0,38.0,75.0,24.0,10.0,14.0,99.0,1.0,,,,,,,,,,,,,,,,,,,,,,,,,,,,,,,,,,,,,,,,,,,160,5.0,20.0,35.0,10.0,10.0,40.0,20.0,15.0,500,330,170,1.3,95.0,45,5.3,0.5,0.6,4.0,0.0,915,527,388,      8493,1.0,5.0,316.0,Terherne
5773,WK194047  ,De Fryske Marren                        ,Wijk      ,WK194047  ,1,230,135,95,25,30,40,90,45,100,100,20,10,200,10,20,200,5,10,10,5,,,,,100,30,40,35,2.3,70.0,105,,80,,438.0,100.0,9.0,10.0,30.0,52.0,0.0,11.0,86.0,14.0,5.0,10.0,95.0,5.0,,,,,,,,,,,,,,,,,,,,,,,,,,,,,,,,,,,,,,,,,,,60,10.0,10.0,5.0,0.0,5.0,20.0,10.0,5.0,135,90,45,1.3,42.0,20,6.1,3.5,3.4,0.4,1.0,425,325,99,         .,,5.0,95.0,Wijk 47 Terkaple
5774,BU19404701,De Fryske Marren                        ,Buurt     ,BU19404701,1,230,135,100,25,30,35,90,50,105,95,20,10,200,15,20,200,5,10,10,5,,,,,105,25,40,35,2.3,70.0,105,,80,,438.0,100.0,9.0,10.0,30.0,52.0,0.0,11.0,86.0,14.0,5.0,10.0,95.0,5.0,,,,,,,,,,,,,,,,,,,,,,,,,,,,,,,,,,,,,,,,,,,60,10.0,10.0,5.0,0.0,5.0,20.0,10.0,5.0,135,90,45,1.3,42.0,20,6.1,3.5,3.4,0.4,1.0,425,325,99,      8542,1.0,5.0,95.0,Terkaple
5775,WK194048  ,De Fryske Marren                        ,Wijk      ,WK194048  ,1,30,15,15,0,10,0,15,5,10,15,0,0,30,0,0,30,5,0,0,0,,,,,10,5,5,0,2.6,13.0,15,,2,,,,,,,,,,,,,,,,,,,,,,,,,,,,,,,,,,,,,,,,,,,,,,,,,,,,,,,,,,10,,,,,,,,,15,10,10,,,0,5.4,4.0,3.9,3.9,0.0,291,223,68,         .,,5.0,16.0,Wijk 48 Teroele
5776,BU19404801,De Fryske Marren                        ,Buurt     ,BU19404801,1,30,15,15,0,5,5,15,5,10,15,0,0,25,0,0,30,5,0,0,0,,,,,10,0,5,5,2.6,13.0,15,,2,,,,,,,,,,,,,,,,,,,,,,,,,,,,,,,,,,,,,,,,,,,,,,,,,,,,,,,,,,10,,,,,,,,,15,10,10,,,0,5.4,4.0,3.9,3.9,0.0,291,223,68,      8524,1.0,5.0,16.0,Teroele
5777,WK194049  ,De Fryske Marren                        ,Wijk      ,WK194049  ,1,345,180,165,55,45,80,110,55,165,145,15,15,345,0,5,340,0,0,0,5,,,,,125,30,35,65,2.8,21.0,135,,20,,427.0,95.0,0.0,0.0,12.0,83.0,5.0,9.0,82.0,18.0,1.0,16.0,96.0,4.0,,,,,,,,,,,,,,,,,,,,,,,,,,,,,,,,,,,,,,,,,,,95,40.0,20.0,10.0,5.0,0.0,5.0,5.0,0.0,200,135,65,1.6,12.0,15,5.2,2.8,3.2,3.2,0.4,1924,1648,276,         .,,5.0,24.0,Wijk 49 Tjerkgaast
5778,BU19404901,De Fryske Marren                        ,Buurt     ,BU19404901,1,345,185,165,55,40,80,110,55,170,145,20,15,340,0,0,340,0,0,0,0,,,,,125,25,35,65,2.8,21.0,135,,20,,427.0,95.0,0.0,0.0,12.0,83.0,5.0,9.0,82.0,18.0,1.0,16.0,96.0,4.0,,,,,,,,,,,,,,,,,,,,,,,,,,,,,,,,,,,,,,,,,,,95,40.0,20.0,10.0,5.0,0.0,5.0,5.0,0.0,200,135,65,1.6,12.0,15,5.2,2.8,3.2,3.2,0.4,1924,1648,276,      8522,1.0,5.0,24.0,Tjerkgaast
5779,WK194050  ,De Fryske Marren                        ,Wijk      ,WK194050  ,1,385,215,170,60,55,80,110,90,185,170,25,10,375,10,5,375,5,0,0,0,,,,,155,30,70,55,2.5,25.0,159,,17,,435.0,100.0,0.0,0.0,20.0,80.0,0.0,3.0,90.0,10.0,6.0,4.0,91.0,9.0,,,,,,,,,,,,,,,,,,,,,,,,,,,,,,,,,,,,,,,,,,,80,35.0,10.0,5.0,0.0,0.0,20.0,5.0,0.0,230,150,80,1.5,15.0,15,5.5,5.1,5.5,5.5,0.0,1602,1552,50,         .,,5.0,29.0,Wijk 50 Vegelinsoord
5780,BU19405001,De Fryske Marren                        ,Buurt     ,BU19405001,1,385,215,170,60,55,80,110,90,185,165,25,10,375,5,5,375,5,0,5,0,,,,,155,35,70,55,2.5,25.0,159,,17,,435.0,100.0,0.0,0.0,20.0,80.0,0.0,3.0,90.0,10.0,6.0,4.0,91.0,9.0,,,,,,,,,,,,,,,,,,,,,,,,,,,,,,,,,,,,,,,,,,,80,35.0,10.0,5.0,0.0,0.0,20.0,5.0,0.0,230,150,80,1.5,15.0,15,5.5,5.1,5.5,5.5,0.0,1602,1552,50,      8467,1.0,5.0,29.0,Vegelinsoord
5781,WK194051  ,De Fryske Marren                        ,Wijk      ,WK194051  ,1,655,345,310,100,65,150,180,165,285,315,25,35,635,15,10,635,5,5,5,5,,,,,275,70,105,95,2.4,70.0,276,,15,,438.0,99.0,1.0,1.0,15.0,81.0,1.0,4.0,84.0,15.0,12.0,3.0,99.0,1.0,,,,,,,,,,,,,,,,,,,,,,,,,,,,,,,,,,,,,,,,,,,110,15.0,15.0,20.0,5.0,5.0,20.0,25.0,5.0,395,270,125,1.4,42.0,65,2.9,1.9,1.8,1.5,2.6,1171,937,234,         .,,5.0,108.0,Wijk 51 Wijckel
5782,BU19405101,De Fryske Marren                        ,Buurt     ,BU19405101,1,660,345,315,105,60,150,180,165,285,315,25,30,635,10,5,635,5,5,10,0,,,,,275,75,105,100,2.4,70.0,276,,15,,438.0,99.0,1.0,1.0,15.0,81.0,1.0,4.0,84.0,15.0,12.0,3.0,99.0,1.0,,,,,,,,,,,,,,,,,,,,,,,,,,,,,,,,,,,,,,,,,,,110,15.0,15.0,20.0,5.0,5.0,20.0,25.0,5.0,395,270,125,1.4,42.0,65,2.9,1.9,1.8,1.5,2.6,1171,937,234,      8563,1.0,5.0,108.0,Wijckel
7143,GM0072    ,Harlingen                               ,Gemeente  ,GM0072    ,1,16210,8125,8085,2207,1786,3294,4473,4450,7314,6266,1572,1058,13744,1114,1352,13744,504,554,610,798,,,,,7797,3159,2378,2260,2.0,649.0,8124,,1625,,263.0,76.0,36.0,18.0,12.0,11.0,24.0,6.0,56.0,44.0,32.0,12.0,91.0,9.0,,,,,,,,,,,,,,,,,,,,,,,,,,,,,,,,,,,,,,,,,,,2045,75.0,380.0,385.0,215.0,80.0,415.0,285.0,215.0,8020,5915,2105,1.0,321.0,715,1.3,1.0,0.7,0.7,5.0,38767,2496,36271,         .,,3.0,1096.0,Harlingen
7144,WK007200  ,Harlingen                               ,Wijk      ,WK007200  ,1,15105,7550,7550,2050,1680,3070,4125,4180,6835,5785,1480,1005,12770,1025,1310,12770,470,535,555,775,,,,,7285,3000,2195,2090,2.0,1027.0,7618,,1230,,261.0,75.0,38.0,18.0,10.0,9.0,25.0,6.0,55.0,45.0,33.0,12.0,91.0,9.0,,,,,,,,,,,,,,,,,,,,,,,,,,,,,,,,,,,,,,,,,,,1820,55.0,335.0,350.0,175.0,70.0,375.0,265.0,200.0,7325,5435,1890,1.0,498.0,630,1.1,0.8,0.6,0.6,5.3,1543,1470,73,         .,,3.0,1183.0,Wijk 00 Harlingen
7145,BU00720001,Harlingen                               ,Buurt     ,BU00720001,1,1830,860,970,180,155,265,430,805,625,790,175,240,1660,100,70,1660,60,40,40,30,,,,,910,390,315,205,1.9,2611.0,1145,,142,,,58.0,22.0,15.0,14.0,8.0,42.0,14.0,45.0,55.0,30.0,26.0,98.0,2.0,,,,,,,,,,,,,,,,,,,,,,,,,,,,,,,,,,,,,,,,,,,195,10.0,45.0,25.0,20.0,10.0,45.0,25.0,15.0,905,650,255,1.0,1293.0,55,1.4,1.1,0.5,0.6,5.9,83,70,13,      8861,1.0,3.0,1201.0,De Spiker en het industrieterrein Hermes
7146,BU00720002,Harlingen                               ,Buurt     ,BU00720002,1,815,425,395,130,115,160,210,215,415,250,105,45,690,70,60,690,40,25,30,40,,,,,445,220,120,110,1.8,3037.0,412,,30,,239.0,87.0,52.0,23.0,7.0,5.0,13.0,3.0,62.0,38.0,30.0,8.0,96.0,4.0,,,,,,,,,,,,,,,,,,,,,,,,,,,,,,,,,,,,,,,,,,,80,0.0,15.0,10.0,15.0,0.0,20.0,10.0,5.0,350,270,80,0.8,1301.0,35,1.3,0.8,0.6,0.8,6.0,28,27,1,      8861,1.0,2.0,1803.0,Trebolbuurt
7147,BU00720003,Harlingen                               ,Buurt     ,BU00720003,1,1050,525,525,65,95,255,275,355,485,355,135,75,850,80,120,855,35,40,45,80,,,,,645,370,180,95,1.6,1134.0,682,,46,,197.0,59.0,38.0,13.0,3.0,4.0,41.0,3.0,13.0,87.0,85.0,2.0,60.0,40.0,,,,,,,,,,,,,,,,,,,,,,,,,,,,,,,,,,,,,,,,,,,80,5.0,15.0,10.0,10.0,5.0,15.0,15.0,10.0,470,365,100,0.7,505.0,40,1.0,0.6,0.7,0.9,5.0,97,93,5,      8862,1.0,3.0,1332.0,Plan-Zuid
7148,BU00720004,Harlingen                               ,Buurt     ,BU00720004,1,7405,3660,3745,1350,880,1680,1980,1515,3575,2840,650,345,6245,415,750,6245,205,320,205,430,,,,,3135,955,915,1260,2.3,3266.0,3139,,240,,265.0,92.0,45.0,24.0,12.0,11.0,8.0,2.0,63.0,37.0,32.0,5.0,93.0,7.0,,,,,,,,,,,,,,,,,,,,,,,,,,,,,,,,,,,,,,,,,,,535,10.0,95.0,80.0,50.0,20.0,110.0,110.0,60.0,3400,2570,825,1.1,1498.0,270,1.1,0.9,0.5,0.6,5.1,232,227,5,      8862,1.0,3.0,1054.0,Oosterpark
7149,BU00720005,Harlingen                               ,Buurt     ,BU00720005,1,370,190,180,50,55,70,120,80,175,155,25,15,315,25,25,310,20,15,10,15,,,,,140,30,45,70,2.6,587.0,146,,314,,313.0,95.0,4.0,3.0,26.0,62.0,5.0,9.0,88.0,12.0,3.0,10.0,97.0,3.0,,,,,,,,,,,,,,,,,,,,,,,,,,,,,,,,,,,,,,,,,,,160,5.0,60.0,40.0,20.0,5.0,20.0,5.0,10.0,255,165,90,1.8,404.0,45,2.1,0.5,1.4,1.5,6.0,73,63,10,      8861,1.0,4.0,910.0,Koningsbuurt
7150,BU00720006,Harlingen                               ,Buurt     ,BU00720006,1,3445,1795,1650,230,355,610,1050,1195,1475,1310,380,275,2835,330,280,2830,105,85,225,195,,,,,1950,1015,600,330,1.7,3561.0,2028,,448,,283.0,59.0,36.0,14.0,5.0,3.0,41.0,10.0,58.0,41.0,22.0,19.0,92.0,8.0,,,,,,,,,,,,,,,,,,,,,,,,,,,,,,,,,,,,,,,,,,,710,10.0,85.0,185.0,60.0,30.0,155.0,90.0,100.0,1855,1370,485,1.0,1917.0,170,0.6,0.6,0.5,0.5,5.3,103,97,7,      8861,1.0,3.0,1276.0,Binnenstad
7151,BU00720007,Harlingen                               ,Buurt     ,BU00720007,1,0,0,0,0,0,0,0,0,0,0,0,0,0,0,0,0,0,0,0,0,,,,,0,0,0,0,,,0,,8,,,,,,,,,,,,,,,,,,,,,,,,,,,,,,,,,,,,,,,,,,,,,,,,,,,,,,,,,,10,,,,,,,,,15,0,15,,,0,,,,,,39,39,0,      8861,1.0,5.0,127.0,Industriehaven en omgeving
7152,BU00720009,Harlingen                               ,Buurt     ,BU00720009,1,185,90,95,35,30,35,65,25,85,90,10,5,180,0,5,180,5,5,0,0,,,,,65,10,20,30,3.0,22.0,66,,2,,400.0,94.0,0.0,0.0,6.0,88.0,6.0,9.0,86.0,14.0,0.0,14.0,85.0,15.0,,,,,,,,,,,,,,,,,,,,,,,,,,,,,,,,,,,,,,,,,,,45,20.0,5.0,5.0,0.0,0.0,5.0,5.0,0.0,80,45,35,1.3,9.0,15,3.3,2.8,2.3,2.4,1.8,888,856,32,      8862,2.0,5.0,137.0,Verspreide huizen Harlingen
7153,WK007201  ,Harlingen                               ,Wijk      ,WK007201  ,1,620,320,295,85,55,140,185,150,270,260,60,30,540,55,30,540,20,15,35,15,,,,,300,105,100,100,2.1,137.0,286,,373,,272.0,99.0,7.0,8.0,48.0,36.0,1.0,2.0,72.0,28.0,25.0,3.0,96.0,4.0,,,,,,,,,,,,,,,,,,,,,,,,,,,,,,,,,,,,,,,,,,,165,10.0,35.0,25.0,35.0,5.0,30.0,10.0,10.0,380,260,120,1.3,84.0,50,2.9,2.1,0.4,0.4,2.2,463,456,7,         .,,5.0,314.0,Wijk 01 Midlum
7154,BU00720100,Harlingen                               ,Buurt     ,BU00720100,1,515,270,245,75,45,120,155,115,225,220,45,25,460,35,25,455,15,15,15,10,,,,,240,80,80,80,2.1,2288.0,239,,6,,260.0,98.0,8.0,8.0,52.0,30.0,2.0,2.0,69.0,31.0,30.0,2.0,95.0,5.0,,,,,,,,,,,,,,,,,,,,,,,,,,,,,,,,,,,,,,,,,,,55,0.0,10.0,10.0,10.0,0.0,10.0,10.0,5.0,275,190,80,1.1,1213.0,40,2.9,2.1,0.2,0.2,2.1,23,23,0,      8872,1.0,5.0,300.0,Midlum
7155,BU00720109,Harlingen                               ,Buurt     ,BU00720109,1,110,55,55,10,10,25,30,35,45,45,15,5,80,20,5,80,0,5,20,5,,,,,65,25,20,20,1.8,25.0,47,,367,,336.0,100.0,2.0,4.0,26.0,68.0,0.0,4.0,89.0,11.0,0.0,11.0,98.0,2.0,,,,,,,,,,,,,,,,,,,,,,,,,,,,,,,,,,,,,,,,,,,110,10.0,25.0,15.0,25.0,5.0,20.0,5.0,5.0,110,65,40,1.8,25.0,10,2.5,2.3,1.3,1.3,2.3,440,433,7,      8861,2.0,5.0,322.0,Verspreide huizen Midlum
7156,WK007202  ,Harlingen                               ,Wijk      ,WK007202  ,1,485,250,235,75,50,85,160,115,210,215,35,20,435,35,15,435,15,10,20,5,,,,,210,55,80,70,2.3,85.0,220,,22,,307.0,99.0,5.0,5.0,32.0,56.0,1.0,5.0,75.0,25.0,17.0,8.0,95.0,5.0,,,,,,,,,,,,,,,,,,,,,,,,,,,,,,,,,,,,,,,,,,,60,10.0,10.0,5.0,5.0,5.0,10.0,10.0,5.0,295,220,75,1.4,52.0,35,4.5,4.4,3.8,3.8,0.1,578,570,8,         .,,5.0,56.0,Wijk 02 Wijnaldum
7157,BU00720200,Harlingen                               ,Buurt     ,BU00720200,1,320,165,155,50,30,60,105,75,135,145,25,15,290,20,10,290,10,5,10,5,,,,,145,40,55,45,2.2,1764.0,151,,8,,269.0,100.0,5.0,7.0,40.0,48.0,0.0,5.0,72.0,28.0,25.0,4.0,93.0,7.0,,,,,,,,,,,,,,,,,,,,,,,,,,,,,,,,,,,,,,,,,,,30,0.0,5.0,5.0,5.0,0.0,5.0,5.0,5.0,195,150,45,1.3,1067.0,20,4.5,4.4,3.9,3.9,0.0,18,18,0,      8857,1.0,5.0,64.0,Wijnaldum
7158,BU00720209,Harlingen                               ,Buurt     ,BU00720209,1,165,85,80,20,20,25,55,45,75,75,10,10,150,15,5,150,10,0,10,5,,,,,70,20,25,20,2.5,30.0,69,,14,,389.0,97.0,3.0,3.0,16.0,74.0,3.0,6.0,84.0,16.0,0.0,16.0,100.0,0.0,,,,,,,,,,,,,,,,,,,,,,,,,,,,,,,,,,,,,,,,,,,30,10.0,5.0,5.0,0.0,5.0,5.0,5.0,0.0,100,70,30,1.5,18.0,15,4.4,4.3,3.5,3.6,0.3,560,552,8,      8857,1.0,5.0,42.0,Verspreide huizen Wijnaldum
7258,GM0074    ,Heerenveen                              ,Gemeente  ,GM0074    ,1,51863,25889,25974,7613,5919,11614,14445,12272,24201,20218,4453,2991,43967,2582,5314,43967,1167,2303,1415,3011,,,,,24046,9168,7219,7659,2.1,273.0,24447,,4409,,332.0,75.0,20.0,11.0,15.0,29.0,25.0,4.0,60.0,40.0,28.0,12.0,91.0,9.0,,,,,,,,,,,,,,,,,,,,,,,,,,,,,,,,,,,,,,,,,,,7135,330.0,970.0,1190.0,465.0,345.0,1820.0,1295.0,715.0,28340,20215,8125,1.2,149.0,2570,1.6,1.8,0.9,1.0,6.8,19817,18997,820,         .,,3.0,1124.0,Heerenveen
7259,WK007401  ,Heerenveen                              ,Wijk      ,WK007401  ,1,31305,15515,15790,4660,3605,7660,8145,7230,15100,11400,2950,1850,24930,1940,4430,24925,815,1910,1125,2525,,,,,15195,6505,4140,4550,2.0,1322.0,15468,,3241,,304.0,65.0,26.0,13.0,12.0,15.0,35.0,4.0,51.0,49.0,33.0,15.0,89.0,11.0,,,,,,,,,,,,,,,,,,,,,,,,,,,,,,,,,,,,,,,,,,,4245,25.0,500.0,780.0,325.0,215.0,1150.0,805.0,445.0,16110,11545,4560,1.1,680.0,1130,1.1,1.2,0.6,0.7,10.0,2545,2368,177,         .,,2.0,1576.0,Wijk 01 Heerenveen
7260,BU00740100,Heerenveen                              ,Buurt     ,BU00740100,1,3945,1950,1990,525,430,1040,1060,890,1995,1335,340,270,3140,450,360,3140,100,125,350,230,,,,,1985,910,525,550,1.9,1338.0,1902,,381,,295.0,65.0,13.0,8.0,20.0,24.0,35.0,4.0,53.0,47.0,26.0,20.0,98.0,2.0,,,,,,,,,,,,,,,,,,,,,,,,,,,,,,,,,,,,,,,,,,,615,5.0,85.0,75.0,35.0,35.0,155.0,150.0,80.0,2225,1475,745,1.1,754.0,210,1.2,1.4,0.6,0.6,9.4,311,295,16,      8441,1.0,2.0,1552.0,Noord
7261,BU00740101,Heerenveen                              ,Buurt     ,BU00740101,1,3255,1645,1610,225,375,900,790,970,1690,815,460,290,2440,225,590,2440,100,200,130,390,,,,,2205,1470,470,265,1.5,4167.0,2215,,597,,224.0,26.0,12.0,6.0,4.0,4.0,74.0,6.0,22.0,78.0,56.0,22.0,88.0,12.0,,,,,,,,,,,,,,,,,,,,,,,,,,,,,,,,,,,,,,,,,,,640,0.0,50.0,205.0,30.0,35.0,150.0,85.0,85.0,1465,1145,320,0.7,1877.0,105,0.7,0.4,0.4,0.5,13.3,81,78,3,      8442,4.0,2.0,2392.0,Centrum
7262,BU00740102,Heerenveen                              ,Buurt     ,BU00740102,1,3750,1825,1925,470,360,1030,890,1000,1830,1245,370,310,2820,210,725,2815,85,295,125,425,,,,,2020,1045,505,475,1.8,3720.0,2079,,507,,242.0,57.0,27.0,13.0,11.0,6.0,43.0,2.0,36.0,64.0,57.0,7.0,88.0,12.0,,,,,,,,,,,,,,,,,,,,,,,,,,,,,,,,,,,,,,,,,,,450,0.0,55.0,55.0,35.0,30.0,125.0,105.0,45.0,1830,1435,395,0.9,1815.0,115,1.0,0.6,0.4,0.9,14.7,104,101,3,      8442,1.0,2.0,2074.0,Midden
7263,BU00740103,Heerenveen                              ,Buurt     ,BU00740103,1,3135,1595,1540,450,410,805,900,585,1560,1200,285,90,2585,160,400,2585,85,160,70,235,,,,,1505,590,430,485,2.1,4389.0,1506,,33,,286.0,77.0,34.0,16.0,18.0,10.0,23.0,2.0,57.0,43.0,27.0,16.0,100.0,0.0,,,,,,,,,,,,,,,,,,,,,,,,,,,,,,,,,,,,,,,,,,,255,0.0,25.0,30.0,20.0,5.0,65.0,75.0,35.0,1575,1205,365,1.0,2202.0,125,0.7,1.6,0.5,0.5,9.2,78,71,7,      8447,1.0,2.0,1771.0,Nijehaske
7264,BU00740104,Heerenveen                              ,Buurt     ,BU00740104,1,7345,3560,3785,1145,865,1730,1855,1750,3365,2710,825,450,5560,445,1350,5560,210,615,235,730,,,,,3360,1265,960,1135,2.1,4629.0,3469,,321,,260.0,78.0,43.0,23.0,9.0,3.0,22.0,3.0,56.0,44.0,33.0,12.0,94.0,6.0,,,,,,,,,,,,,,,,,,,,,,,,,,,,,,,,,,,,,,,,,,,535,0.0,70.0,70.0,40.0,20.0,140.0,125.0,75.0,3430,2660,770,1.0,2162.0,245,0.7,0.7,0.4,0.5,10.5,164,159,6,      8446,1.0,2.0,1858.0,De Greiden
7265,BU00740105,Heerenveen                              ,Buurt     ,BU00740105,1,1390,685,710,145,125,145,410,570,390,820,85,100,1280,50,60,1280,20,30,30,30,,,,,625,150,315,165,2.2,902.0,630,,106,,597.0,85.0,3.0,1.0,9.0,72.0,15.0,2.0,97.0,3.0,0.0,3.0,99.0,1.0,,,,,,,,,,,,,,,,,,,,,,,,,,,,,,,,,,,,,,,,,,,200,0.0,5.0,25.0,5.0,15.0,90.0,45.0,15.0,870,535,335,1.4,562.0,30,2.3,2.3,1.8,1.9,5.6,201,155,47,      8445,1.0,4.0,725.0,De Heide
7266,BU00740106,Heerenveen                              ,Buurt     ,BU00740106,1,2485,1230,1255,310,315,490,555,820,1080,950,235,220,1955,130,395,1955,65,155,65,240,,,,,1315,650,355,310,1.9,2417.0,1443,,238,,278.0,47.0,17.0,11.0,8.0,12.0,53.0,9.0,36.0,64.0,32.0,32.0,81.0,19.0,,,,,,,,,,,,,,,,,,,,,,,,,,,,,,,,,,,,,,,,,,,245,0.0,30.0,35.0,30.0,20.0,50.0,50.0,35.0,1200,940,260,0.9,1167.0,65,0.6,0.6,0.4,0.5,9.3,105,103,2,      8443,3.0,3.0,1026.0,De Akkers
7267,BU00740107,Heerenveen                              ,Buurt     ,BU00740107,1,5325,2675,2645,1300,650,1405,1495,470,2885,2030,320,85,4545,260,515,4545,145,290,120,230,,,,,1900,360,480,1070,2.8,2319.0,1938,,35,,458.0,90.0,34.0,14.0,16.0,26.0,10.0,2.0,77.0,23.0,13.0,10.0,64.0,36.0,,,,,,,,,,,,,,,,,,,,,,,,,,,,,,,,,,,,,,,,,,,580,0.0,25.0,65.0,55.0,30.0,225.0,130.0,50.0,2520,1640,880,1.3,1097.0,165,2.2,2.4,1.0,1.0,6.7,244,230,14,      8448,1.0,4.0,702.0,Skoatterwald
7268,BU00740108,Heerenveen                              ,Buurt     ,BU00740108,1,445,235,215,60,60,70,135,130,195,205,20,25,425,5,20,425,5,15,5,5,,,,,190,45,80,65,2.4,91.0,184,,397,,445.0,99.0,1.0,2.0,28.0,68.0,1.0,2.0,96.0,4.0,0.0,4.0,97.0,3.0,,,,,,,,,,,,,,,,,,,,,,,,,,,,,,,,,,,,,,,,,,,295,5.0,65.0,75.0,45.0,15.0,65.0,15.0,10.0,470,245,230,,,45,1.7,1.9,1.7,1.8,6.2,509,494,14,      8448,1.0,5.0,381.0,Het meer
7269,BU00740109,Heerenveen                              ,Buurt     ,BU00740109,1,170,80,90,30,10,35,50,40,90,65,5,10,140,15,15,140,5,10,5,5,,,,,70,20,25,25,2.4,51.0,84,,83,,,76.0,0.0,0.0,11.0,65.0,24.0,8.0,73.0,27.0,0.0,27.0,100.0,0.0,,,,,,,,,,,,,,,,,,,,,,,,,,,,,,,,,,,,,,,,,,,85,5.0,15.0,30.0,5.0,5.0,15.0,5.0,5.0,210,125,85,,,15,2.6,2.5,2.2,2.5,2.5,347,336,11,      8445,5.0,5.0,379.0,Nieuweschoot
7270,BU00740110,Heerenveen                              ,Buurt     ,BU00740110,1,45,25,20,0,10,15,15,10,20,25,5,5,40,0,5,45,0,0,0,0,,,,,25,5,5,5,2.0,14.0,18,,543,,,,,,,,,,,,,,,,,,,,,,,,,,,,,,,,,,,,,,,,,,,,,,,,,,,,,,,,,,340,0.0,75.0,115.0,25.0,5.0,80.0,25.0,10.0,315,145,170,,,10,1.0,2.0,1.2,1.2,7.8,402,347,55,      8447,1.0,5.0,308.0,Haskerveen
7271,WK007402  ,Heerenveen                              ,Wijk      ,WK007402  ,1,1795,930,865,290,215,360,555,375,880,765,85,65,1680,55,60,1680,30,40,20,25,,,,,705,165,235,300,2.5,60.0,704,,65,,416.0,95.0,1.0,1.0,17.0,76.0,5.0,3.0,88.0,12.0,8.0,4.0,98.0,2.0,,,,,,,,,,,,,,,,,,,,,,,,,,,,,,,,,,,,,,,,,,,290,55.0,55.0,25.0,10.0,10.0,60.0,45.0,30.0,1120,745,375,1.6,37.0,155,4.7,6.1,1.7,1.5,0.8,3296,2995,301,         .,,5.0,67.0,Wijk 02 Noord-Heerenveen
7272,BU00740201,Heerenveen                              ,Buurt     ,BU00740201,1,250,130,120,35,20,45,85,60,110,110,20,10,225,15,15,225,5,5,5,10,,,,,105,30,40,40,2.3,37.0,110,,8,,425.0,100.0,0.0,0.0,14.0,86.0,0.0,5.0,85.0,15.0,11.0,5.0,99.0,1.0,,,,,,,,,,,,,,,,,,,,,,,,,,,,,,,,,,,,,,,,,,,55,10.0,15.0,5.0,5.0,0.0,10.0,5.0,5.0,185,120,60,1.7,27.0,20,4.9,5.0,3.5,3.1,0.5,731,680,51,      8449,1.0,5.0,42.0,Terband
7273,BU00740202,Heerenveen                              ,Buurt     ,BU00740202,1,420,205,210,80,50,100,105,90,205,185,15,10,400,10,10,400,5,10,5,5,,,,,165,35,55,75,2.6,84.0,158,,14,,395.0,95.0,3.0,1.0,10.0,81.0,5.0,3.0,93.0,7.0,3.0,4.0,100.0,0.0,,,,,,,,,,,,,,,,,,,,,,,,,,,,,,,,,,,,,,,,,,,60,10.0,15.0,5.0,5.0,0.0,10.0,10.0,5.0,270,185,80,1.6,54.0,25,5.0,5.2,2.1,1.8,0.9,645,500,144,      8459,1.0,5.0,64.0,Luinjeberd
7274,BU00740203,Heerenveen                              ,Buurt     ,BU00740203,1,840,435,405,150,105,165,265,160,415,345,45,30,790,20,30,785,15,20,10,10,,,,,325,80,105,140,2.6,98.0,327,,31,,389.0,94.0,2.0,2.0,25.0,65.0,6.0,2.0,86.0,14.0,12.0,2.0,96.0,4.0,,,,,,,,,,,,,,,,,,,,,,,,,,,,,,,,,,,,,,,,,,,115,15.0,20.0,5.0,5.0,5.0,35.0,20.0,15.0,485,330,155,1.5,57.0,70,5.1,6.3,0.8,0.6,1.0,930,851,79,      8458,1.0,5.0,92.0,Tjalleberd
7275,BU00740204,Heerenveen                              ,Buurt     ,BU00740204,1,105,60,45,10,15,20,40,25,50,50,0,0,100,0,5,105,0,0,0,0,,,,,40,5,10,20,2.7,71.0,41,,3,,492.0,90.0,0.0,0.0,10.0,80.0,10.0,7.0,93.0,7.0,2.0,5.0,100.0,0.0,,,,,,,,,,,,,,,,,,,,,,,,,,,,,,,,,,,,,,,,,,,15,,,,,,,,,60,40,20,,,10,3.5,7.4,2.1,2.2,0.7,148,148,0,      8457,1.0,5.0,31.0,Gersloot
7276,BU00740205,Heerenveen                              ,Buurt     ,BU00740205,1,185,95,85,25,25,30,65,35,100,75,5,5,170,5,5,170,0,5,0,0,,,,,70,15,25,35,2.7,22.0,68,,9,,531.0,97.0,0.0,0.0,0.0,97.0,3.0,1.0,93.0,7.0,0.0,7.0,97.0,3.0,,,,,,,,,,,,,,,,,,,,,,,,,,,,,,,,,,,,,,,,,,,40,15.0,5.0,5.0,0.0,5.0,5.0,5.0,5.0,125,70,55,1.9,15.0,25,2.7,7.7,2.6,2.9,0.6,842,815,27,      8457,1.0,5.0,23.0,Gersloot-polder
7277,WK007403  ,Heerenveen                              ,Wijk      ,WK007403  ,1,1750,890,865,220,190,310,590,445,700,855,115,75,1650,50,55,1650,35,35,15,20,,,,,765,210,310,250,2.3,208.0,746,,58,,423.0,98.0,4.0,3.0,24.0,68.0,2.0,3.0,87.0,13.0,9.0,4.0,98.0,2.0,,,,,,,,,,,,,,,,,,,,,,,,,,,,,,,,,,,,,,,,,,,220,15.0,40.0,25.0,15.0,10.0,60.0,35.0,25.0,1035,720,320,1.4,123.0,135,3.2,3.6,1.4,1.5,0.9,853,843,9,         .,,5.0,130.0,Wijk 03 Hoornsterzwaag
7278,BU00740301,Heerenveen                              ,Buurt     ,BU00740301,1,1340,675,665,190,140,255,435,320,545,655,80,60,1270,35,40,1270,25,25,10,10,,,,,580,160,220,200,2.3,269.0,577,,27,,404.0,98.0,5.0,3.0,25.0,64.0,2.0,3.0,87.0,13.0,8.0,5.0,98.0,2.0,,,,,,,,,,,,,,,,,,,,,,,,,,,,,,,,,,,,,,,,,,,145,10.0,25.0,15.0,10.0,5.0,40.0,25.0,15.0,760,540,220,1.3,153.0,90,3.1,3.7,0.9,0.9,1.1,503,497,5,      8456,1.0,5.0,158.0,De Knipe
7279,BU00740302,Heerenveen                              ,Buurt     ,BU00740302,1,410,215,200,30,50,60,150,120,155,200,35,20,380,15,15,385,10,5,5,5,,,,,185,50,90,50,2.2,119.0,169,,31,,489.0,99.0,0.0,0.0,19.0,80.0,1.0,4.0,88.0,12.0,9.0,2.0,96.0,4.0,,,,,,,,,,,,,,,,,,,,,,,,,,,,,,,,,,,,,,,,,,,75,5.0,10.0,10.0,5.0,5.0,20.0,10.0,10.0,275,180,100,1.5,80.0,45,3.2,3.2,3.1,3.2,0.3,350,346,4,      8415,1.0,5.0,43.0,Bontebok
7280,WK007404  ,Heerenveen                              ,Wijk      ,WK007404  ,1,9095,4580,4515,1280,975,1820,2780,2235,3980,3890,720,505,8475,280,335,8475,160,150,120,185,,,,,3965,1205,1395,1360,2.3,131.0,3933,,440,,373.0,95.0,11.0,7.0,20.0,57.0,5.0,4.0,72.0,28.0,23.0,5.0,97.0,3.0,,,,,,,,,,,,,,,,,,,,,,,,,,,,,,,,,,,,,,,,,,,1200,140.0,200.0,200.0,55.0,50.0,245.0,205.0,100.0,5540,4045,1495,1.4,80.0,735,2.0,2.1,1.5,1.4,1.6,7012,6954,58,         .,,5.0,204.0,Wijk 04 Jubbega
7281,BU00740401,Heerenveen                              ,Buurt     ,BU00740401,1,1470,735,735,240,160,345,410,310,705,530,155,75,1235,90,140,1240,40,45,50,95,,,,,645,225,190,230,2.2,406.0,669,,188,,281.0,94.0,42.0,16.0,9.0,27.0,6.0,6.0,51.0,49.0,43.0,6.0,96.0,4.0,,,,,,,,,,,,,,,,,,,,,,,,,,,,,,,,,,,,,,,,,,,200,5.0,40.0,60.0,10.0,5.0,35.0,25.0,20.0,745,595,150,1.2,207.0,90,1.9,2.1,1.4,2.0,2.8,372,361,11,      8451,2.0,5.0,444.0,Oudeschoot
7282,BU00740402,Heerenveen                              ,Buurt     ,BU00740402,1,665,340,325,75,60,95,225,210,235,355,50,30,620,15,25,625,10,15,10,10,,,,,300,80,135,85,2.2,294.0,305,,15,,425.0,98.0,3.0,2.0,34.0,59.0,2.0,3.0,89.0,11.0,10.0,2.0,97.0,3.0,,,,,,,,,,,,,,,,,,,,,,,,,,,,,,,,,,,,,,,,,,,90,5.0,5.0,5.0,5.0,15.0,25.0,15.0,10.0,425,290,135,1.4,187.0,40,4.5,4.1,4.0,0.6,1.0,232,227,5,      8454,1.0,5.0,93.0,Mildam
7283,BU00740403,Heerenveen                              ,Buurt     ,BU00740403,1,600,295,310,60,80,95,230,145,260,260,50,25,560,15,25,560,10,10,5,15,,,,,270,80,95,95,2.3,54.0,226,,40,,531.0,95.0,0.0,0.0,12.0,84.0,5.0,2.0,90.0,10.0,4.0,7.0,98.0,2.0,,,,,,,,,,,,,,,,,,,,,,,,,,,,,,,,,,,,,,,,,,,115,15.0,15.0,10.0,5.0,5.0,30.0,20.0,5.0,395,260,135,1.5,35.0,75,3.4,2.9,2.9,1.9,1.5,1137,1127,10,      8455,1.0,5.0,47.0,Katlijk
7284,BU00740404,Heerenveen                              ,Buurt     ,BU00740404,1,1485,710,775,190,155,295,410,445,630,650,120,90,1420,30,35,1420,20,25,15,10,,,,,680,220,245,215,2.2,235.0,657,,36,,350.0,93.0,10.0,11.0,26.0,46.0,7.0,2.0,66.0,34.0,32.0,3.0,93.0,7.0,,,,,,,,,,,,,,,,,,,,,,,,,,,,,,,,,,,,,,,,,,,150,15.0,20.0,15.0,5.0,10.0,25.0,45.0,15.0,910,695,210,1.3,143.0,85,0.5,0.7,0.4,0.6,2.0,640,635,6,      8414,1.0,5.0,208.0,Nieuwehorne
7285,BU00740405,Heerenveen                              ,Buurt     ,BU00740405,1,825,420,410,100,90,145,285,215,325,410,50,40,800,20,15,795,10,10,10,5,,,,,365,100,150,110,2.3,89.0,331,,29,,513.0,96.0,0.0,0.0,10.0,86.0,4.0,4.0,88.0,12.0,5.0,7.0,96.0,4.0,,,,,,,,,,,,,,,,,,,,,,,,,,,,,,,,,,,,,,,,,,,150,15.0,25.0,25.0,5.0,10.0,35.0,20.0,15.0,595,400,195,1.7,64.0,95,2.2,2.7,1.2,1.7,1.7,933,929,5,      8413,1.0,5.0,64.0,Oudehorne
7286,BU00740406,Heerenveen                              ,Buurt     ,BU00740406,1,3230,1650,1580,495,350,710,935,735,1460,1320,245,195,3055,80,90,3055,55,45,30,40,,,,,1385,425,455,505,2.3,190.0,1413,,105,,332.0,94.0,5.0,5.0,28.0,56.0,6.0,3.0,71.0,29.0,24.0,4.0,99.0,1.0,,,,,,,,,,,,,,,,,,,,,,,,,,,,,,,,,,,,,,,,,,,345,35.0,80.0,65.0,10.0,5.0,60.0,55.0,35.0,1950,1475,475,1.4,115.0,255,1.6,1.8,1.1,1.3,1.0,1707,1696,11,      8411,1.0,5.0,188.0,Jubbega
7287,BU00740407,Heerenveen                              ,Buurt     ,BU00740407,1,815,435,380,125,85,140,290,175,360,365,45,35,775,25,15,780,20,10,10,10,,,,,330,80,130,125,2.5,41.0,332,,27,,481.0,99.0,0.0,1.0,3.0,95.0,1.0,5.0,91.0,9.0,3.0,6.0,99.0,1.0,,,,,,,,,,,,,,,,,,,,,,,,,,,,,,,,,,,,,,,,,,,150,50.0,20.0,20.0,5.0,5.0,30.0,20.0,5.0,520,325,190,1.6,26.0,95,3.4,3.5,2.3,2.3,0.8,1990,1980,10,      8412,1.0,5.0,37.0,Hoornsterzwaag
7288,WK007406  ,Heerenveen                              ,Wijk      ,WK007406  ,1,1580,805,780,245,165,270,505,400,650,750,100,80,1440,45,95,1440,25,45,15,50,,,,,675,175,255,240,2.4,317.0,685,,41,,542.0,99.0,4.0,4.0,11.0,79.0,1.0,4.0,87.0,13.0,8.0,5.0,96.0,4.0,,,,,,,,,,,,,,,,,,,,,,,,,,,,,,,,,,,,,,,,,,,245,5.0,25.0,25.0,15.0,25.0,85.0,45.0,25.0,925,600,325,1.4,185.0,90,1.1,1.4,0.8,1.0,7.8,507,499,8,         .,,4.0,757.0,Wijk 06 Oranjewoud
7289,BU00740601,Heerenveen                              ,Buurt     ,BU00740601,1,1585,805,780,245,160,265,505,400,655,745,100,80,1440,45,100,1440,30,50,20,50,,,,,675,175,255,240,2.4,317.0,685,,41,,542.0,99.0,4.0,4.0,11.0,79.0,1.0,4.0,87.0,13.0,8.0,5.0,96.0,4.0,,,,,,,,,,,,,,,,,,,,,,,,,,,,,,,,,,,,,,,,,,,245,5.0,25.0,25.0,15.0,25.0,85.0,45.0,25.0,925,600,325,1.4,185.0,90,1.1,1.4,0.8,1.0,7.8,507,499,8,      8453,5.0,4.0,757.0,Oranjewoud
7290,WK007407  ,Heerenveen                              ,Wijk      ,WK007407  ,1,580,300,280,70,80,120,190,125,285,235,35,30,530,30,25,530,15,15,15,10,,,,,250,80,95,80,2.3,74.0,242,,19,,373.0,96.0,3.0,5.0,29.0,60.0,4.0,4.0,86.0,14.0,4.0,10.0,99.0,1.0,,,,,,,,,,,,,,,,,,,,,,,,,,,,,,,,,,,,,,,,,,,85,15.0,10.0,15.0,10.0,5.0,15.0,10.0,5.0,345,250,95,1.4,44.0,45,5.0,4.9,4.1,4.1,0.0,846,787,59,         .,,5.0,64.0,Skarsterlân
7291,BU00740701,Heerenveen                              ,Buurt     ,BU00740701,1,370,190,185,40,45,70,130,85,165,165,20,15,350,15,10,350,5,5,10,5,,,,,160,45,60,55,2.4,51.0,160,,14,,385.0,99.0,2.0,4.0,31.0,62.0,1.0,4.0,88.0,12.0,6.0,6.0,99.0,1.0,,,,,,,,,,,,,,,,,,,,,,,,,,,,,,,,,,,,,,,,,,,65,15.0,10.0,10.0,5.0,0.0,10.0,5.0,5.0,245,180,70,1.6,34.0,40,5.2,5.1,4.4,4.4,0.1,781,735,46,      8468,1.0,5.0,59.0,Haskerdijken
7292,BU00740702,Heerenveen                              ,Buurt     ,BU00740702,1,210,115,95,30,30,50,60,40,120,70,10,10,180,15,15,180,10,10,5,5,,,,,95,35,35,25,2.1,405.0,82,,5,,348.0,91.0,5.0,7.0,24.0,55.0,9.0,4.0,82.0,17.0,0.0,17.0,98.0,2.0,,,,,,,,,,,,,,,,,,,,,,,,,,,,,,,,,,,,,,,,,,,25,0.0,0.0,5.0,5.0,0.0,5.0,5.0,0.0,100,75,25,1.1,190.0,5,4.6,4.6,3.7,3.6,0.0,65,52,13,      8469,3.0,5.0,73.0,Nieuwebrug
7293,WK007409  ,Heerenveen                              ,Wijk      ,WK007409  ,1,5755,2875,2880,845,695,1070,1680,1465,2600,2325,445,390,5265,185,310,5265,85,110,100,195,,,,,2490,825,790,870,2.3,126.0,2669,,545,,331.0,86.0,16.0,13.0,23.0,34.0,14.0,5.0,70.0,30.0,22.0,9.0,94.0,6.0,,,,,,,,,,,,,,,,,,,,,,,,,,,,,,,,,,,,,,,,,,,845,80.0,135.0,125.0,40.0,30.0,205.0,150.0,80.0,3235,2295,940,1.3,71.0,280,2.1,2.0,0.7,1.0,1.7,4758,4551,207,         .,,5.0,419.0,Boarnsterhim
7294,BU00740901,Heerenveen                              ,Buurt     ,BU00740901,1,3275,1615,1660,450,370,600,895,955,1465,1250,280,280,2960,95,225,2960,45,75,50,150,,,,,1465,555,440,465,2.1,293.0,1620,,434,,296.0,79.0,19.0,16.0,20.0,25.0,21.0,4.0,60.0,40.0,29.0,11.0,93.0,7.0,,,,,,,,,,,,,,,,,,,,,,,,,,,,,,,,,,,,,,,,,,,455,20.0,90.0,75.0,25.0,10.0,95.0,95.0,45.0,1785,1330,460,1.2,160.0,140,0.7,0.7,0.5,1.1,2.0,1192,1118,73,      8491,1.0,4.0,528.0,Akkrum
7295,BU00740902,Heerenveen                              ,Buurt     ,BU00740902,1,975,485,490,145,165,140,375,155,445,460,45,25,920,25,25,920,15,15,15,15,,,,,360,50,130,180,2.7,124.0,364,,37,,514.0,100.0,7.0,1.0,35.0,57.0,0.0,4.0,97.0,3.0,0.0,3.0,99.0,1.0,,,,,,,,,,,,,,,,,,,,,,,,,,,,,,,,,,,,,,,,,,,170,15.0,15.0,15.0,10.0,10.0,70.0,25.0,10.0,570,360,210,1.6,72.0,45,1.9,1.7,1.2,1.1,1.9,843,787,56,      8494,1.0,5.0,315.0,Nes
7296,BU00740903,Heerenveen                              ,Buurt     ,BU00740903,1,1505,775,725,250,160,335,405,350,690,615,115,80,1380,65,55,1380,25,25,40,30,,,,,660,220,220,230,2.2,57.0,685,,74,,312.0,92.0,12.0,11.0,26.0,44.0,8.0,6.0,78.0,22.0,16.0,5.0,96.0,4.0,,,,,,,,,,,,,,,,,,,,,,,,,,,,,,,,,,,,,,,,,,,220,45.0,30.0,35.0,10.0,5.0,40.0,30.0,25.0,880,605,275,1.3,33.0,90,5.1,4.9,0.9,0.9,1.1,2724,2646,78,      8495,1.0,5.0,176.0,Aldeboarn
9312,GM0080    ,Leeuwarden                              ,Gemeente  ,GM0080    ,1,129973,64695,65278,18386,19561,34837,31500,25689,72975,40535,10919,5544,101386,9109,19478,101386,3199,8150,5910,11328,,,,,67494,33042,17122,17330,1.9,547.0,65879,,10094,,263.0,63.0,30.0,13.0,9.0,11.0,37.0,4.0,51.0,49.0,28.0,21.0,93.0,7.0,,,,,,,,,,,,,,,,,,,,,,,,,,,,,,,,,,,,,,,,,,,16205,375.0,2010.0,2920.0,1195.0,665.0,3995.0,2865.0,2175.0,61015,46075,14940,0.9,257.0,4425,1.4,0.9,0.6,0.8,9.4,25506,23755,1750,         .,,2.0,2247.0,Leeuwarden
9313,WK008010  ,Leeuwarden                              ,Wijk      ,WK008010  ,3,6980,3710,3270,175,2600,2595,940,670,5685,705,470,120,4815,820,1345,4815,185,470,640,875,,,,,5395,4295,865,230,1.3,8254.0,4943,,1092,,174.0,9.0,7.0,1.0,0.0,0.0,91.0,8.0,13.0,87.0,25.0,62.0,97.0,3.0,,,,,,,,,,,,,,,,,,,,,,,,,,,,,,,,,,,,,,,,,,,1900,0.0,110.0,580.0,120.0,95.0,430.0,170.0,385.0,1905,1460,440,0.4,2250.0,115,0.9,0.3,0.6,0.7,18.2,93,85,8,         .,,1.0,4645.0,Binnenstad
9314,BU00801001,Leeuwarden                              ,Buurt     ,BU00801001,1,1315,655,660,25,550,495,155,85,1105,130,70,10,895,185,240,895,25,85,155,150,,,,,1000,755,205,45,1.3,11257.0,781,,314,,206.0,14.0,12.0,1.0,0.0,0.0,86.0,10.0,15.0,85.0,8.0,77.0,99.0,1.0,,,,,,,,,,,,,,,,,,,,,,,,,,,,,,,,,,,,,,,,,,,550,0.0,25.0,205.0,20.0,10.0,90.0,35.0,165.0,315,245,70,0.3,2716.0,20,1.0,0.2,0.5,0.7,18.4,12,12,1,      8911,1.0,1.0,4797.0,De Waag
9315,BU00801002,Leeuwarden                              ,Buurt     ,BU00801002,1,445,225,220,15,190,165,50,25,380,35,25,0,290,75,80,290,15,20,55,60,,,,,335,245,70,20,1.3,6174.0,290,,200,,202.0,13.0,11.0,1.0,0.0,0.0,87.0,15.0,14.0,86.0,0.0,85.0,99.0,1.0,,,,,,,,,,,,,,,,,,,,,,,,,,,,,,,,,,,,,,,,,,,190,0.0,10.0,105.0,5.0,0.0,30.0,15.0,25.0,110,90,20,0.3,1547.0,5,0.9,0.3,0.6,0.6,18.1,8,7,0,      8911,1.0,1.0,4465.0,Nieuwestad
9316,BU00801003,Leeuwarden                              ,Buurt     ,BU00801003,1,570,280,290,15,100,165,115,175,330,135,65,35,455,40,75,455,15,30,30,45,,,,,415,280,105,25,1.4,3464.0,399,,99,,236.0,19.0,15.0,3.0,0.0,1.0,81.0,10.0,19.0,81.0,32.0,49.0,99.0,1.0,,,,,,,,,,,,,,,,,,,,,,,,,,,,,,,,,,,,,,,,,,,155,0.0,5.0,30.0,10.0,10.0,45.0,25.0,35.0,220,150,75,0.5,1348.0,5,0.8,0.5,0.4,0.4,17.9,18,16,2,      8911,1.0,1.0,4887.0,Oldehove
9317,BU00801004,Leeuwarden                              ,Buurt     ,BU00801004,1,1320,730,590,65,360,520,215,160,1040,165,90,25,975,105,240,975,40,90,65,145,,,,,995,755,170,70,1.3,9613.0,922,,104,,205.0,20.0,15.0,4.0,1.0,0.0,80.0,9.0,22.0,78.0,33.0,45.0,100.0,0.0,,,,,,,,,,,,,,,,,,,,,,,,,,,,,,,,,,,,,,,,,,,225,0.0,15.0,55.0,15.0,5.0,60.0,25.0,45.0,370,300,65,0.4,2684.0,20,0.7,0.3,0.3,0.5,17.8,14,14,1,      8911,1.0,1.0,5000.0,Grote Kerkbuurt
9318,BU00801005,Leeuwarden                              ,Buurt     ,BU00801005,1,1380,810,570,15,545,515,190,115,1160,70,125,20,920,150,310,920,40,110,105,195,,,,,1030,875,130,25,1.2,16101.0,945,,72,,146.0,3.0,2.0,1.0,0.0,0.0,97.0,7.0,7.0,93.0,42.0,50.0,97.0,3.0,,,,,,,,,,,,,,,,,,,,,,,,,,,,,,,,,,,,,,,,,,,205,0.0,20.0,45.0,15.0,10.0,45.0,30.0,40.0,325,270,55,0.3,3795.0,20,0.9,0.2,0.6,0.8,17.9,10,9,1,      8911,1.0,1.0,4897.0,Hoek
9319,BU00801006,Leeuwarden                              ,Buurt     ,BU00801006,1,635,370,265,10,220,315,80,5,565,35,35,0,305,120,210,310,20,55,100,155,,,,,500,420,60,20,1.2,11486.0,517,,67,,127.0,3.0,3.0,0.0,0.0,0.0,97.0,3.0,3.0,97.0,44.0,53.0,84.0,16.0,,,,,,,,,,,,,,,,,,,,,,,,,,,,,,,,,,,,,,,,,,,125,0.0,10.0,25.0,15.0,15.0,25.0,10.0,25.0,145,110,35,0.3,2619.0,15,1.2,0.5,0.8,0.9,19.1,6,6,1,      8911,1.0,1.0,4731.0,Blokhuisplein
9320,BU00801007,Leeuwarden                              ,Buurt     ,BU00801007,1,530,285,250,25,80,200,115,110,340,115,50,30,410,40,85,410,15,30,25,50,,,,,385,265,80,30,1.4,6155.0,371,,123,,254.0,2.0,1.0,1.0,0.0,0.0,98.0,8.0,31.0,69.0,32.0,37.0,100.0,0.0,,,,,,,,,,,,,,,,,,,,,,,,,,,,,,,,,,,,,,,,,,,200,0.0,15.0,65.0,15.0,5.0,50.0,20.0,25.0,250,180,70,0.7,2858.0,15,1.1,0.2,1.0,0.9,18.2,10,9,1,      8911,1.0,1.0,4118.0,Zaailand
9321,BU00801008,Leeuwarden                              ,Buurt     ,BU00801008,3,785,365,425,5,545,220,15,0,765,15,5,0,565,115,110,565,20,45,100,65,,,,,740,705,30,5,1.1,6140.0,718,,113,,85.0,1.0,0.0,0.0,0.0,0.0,99.0,3.0,0.0,100.0,0.0,100.0,95.0,5.0,,,,,,,,,,,,,,,,,,,,,,,,,,,,,,,,,,,,,,,,,,,250,0.0,15.0,45.0,25.0,40.0,85.0,20.0,20.0,170,115,55,0.2,1309.0,10,1.1,0.3,0.8,0.8,18.3,14,13,1,      8911,1.0,1.0,3932.0,Stationskwartier
9322,WK008011  ,Leeuwarden                              ,Wijk      ,WK008011  ,1,8670,4410,4260,980,1660,2560,1810,1670,5575,1945,750,400,6335,770,1565,6335,240,570,525,1000,,,,,4830,2870,1050,905,1.7,3186.0,4784,,687,,215.0,49.0,33.0,11.0,3.0,2.0,51.0,8.0,39.0,61.0,28.0,33.0,98.0,2.0,,,,,,,,,,,,,,,,,,,,,,,,,,,,,,,,,,,,,,,,,,,1120,15.0,130.0,185.0,95.0,45.0,235.0,260.0,155.0,3155,2500,660,0.7,1160.0,250,0.7,0.7,0.5,1.1,14.0,293,272,20,         .,,1.0,3120.0,Potmargezone
9323,BU00801101,Leeuwarden                              ,Buurt     ,BU00801101,1,590,315,275,10,150,180,90,155,395,110,50,35,475,45,75,470,15,30,25,45,,,,,435,340,85,10,1.3,6944.0,471,,57,,202.0,9.0,6.0,3.0,0.0,0.0,91.0,7.0,31.0,69.0,8.0,61.0,99.0,1.0,,,,,,,,,,,,,,,,,,,,,,,,,,,,,,,,,,,,,,,,,,,90,0.0,0.0,10.0,5.0,10.0,35.0,20.0,10.0,225,170,55,0.5,2653.0,10,0.8,0.7,0.9,0.9,19.6,9,8,1,      8933,3.0,1.0,4588.0,Tulpenburg
9324,BU00801102,Leeuwarden                              ,Buurt     ,BU00801102,1,1270,610,665,105,390,345,255,175,885,300,65,20,910,175,185,910,40,50,135,135,,,,,805,510,175,120,1.6,8843.0,631,,24,,253.0,58.0,45.0,9.0,3.0,1.0,42.0,6.0,49.0,51.0,1.0,50.0,97.0,3.0,,,,,,,,,,,,,,,,,,,,,,,,,,,,,,,,,,,,,,,,,,,200,0.0,15.0,20.0,25.0,5.0,55.0,40.0,30.0,495,370,125,0.6,3451.0,30,1.0,0.6,0.9,1.1,18.2,16,14,2,      8933,1.0,1.0,4247.0,Oranjewijk
9325,BU00801103,Leeuwarden                              ,Buurt     ,BU00801103,1,2385,1240,1140,285,395,805,525,370,1605,455,230,95,1765,225,395,1760,70,150,150,250,,,,,1440,890,285,270,1.6,5699.0,1233,,57,,209.0,77.0,58.0,15.0,2.0,2.0,23.0,4.0,49.0,51.0,30.0,21.0,99.0,1.0,,,,,,,,,,,,,,,,,,,,,,,,,,,,,,,,,,,,,,,,,,,195,0.0,40.0,20.0,20.0,0.0,45.0,45.0,25.0,850,700,150,0.6,2038.0,90,0.5,0.9,0.3,1.6,14.0,43,42,1,      8933,1.0,1.0,3155.0,Achter de Hoven
9326,BU00801104,Leeuwarden                              ,Buurt     ,BU00801104,1,945,490,450,170,120,340,160,155,665,115,105,60,475,55,410,475,15,145,30,275,,,,,465,280,60,115,1.8,1594.0,690,,125,,,8.0,5.0,3.0,0.0,0.0,92.0,20.0,0.0,100.0,100.0,0.0,100.0,0.0,,,,,,,,,,,,,,,,,,,,,,,,,,,,,,,,,,,,,,,,,,,55,0.0,15.0,5.0,5.0,0.0,5.0,15.0,5.0,230,195,35,0.5,390.0,5,0.8,0.9,0.2,1.4,11.6,69,59,10,      8937,2.0,2.0,2129.0,Schepenbuurt
9327,BU00801105,Leeuwarden                              ,Buurt     ,BU00801105,1,730,395,335,160,125,220,150,80,515,125,65,20,490,50,190,490,25,70,30,115,,,,,245,100,50,95,2.1,1454.0,208,,194,,222.0,100.0,64.0,21.0,11.0,4.0,0.0,1.0,24.0,76.0,67.0,9.0,100.0,0.0,,,,,,,,,,,,,,,,,,,,,,,,,,,,,,,,,,,,,,,,,,,105,0.0,20.0,40.0,5.0,5.0,10.0,15.0,15.0,220,170,50,0.9,441.0,30,0.8,0.4,0.8,0.8,8.5,53,50,3,      8936,2.0,2.0,1818.0,Wielenpôlle
9328,BU00801106,Leeuwarden                              ,Buurt     ,BU00801106,1,1015,500,520,120,100,150,295,355,420,470,70,55,895,50,70,895,30,45,20,30,,,,,485,150,200,135,2.1,3422.0,446,,31,,329.0,64.0,36.0,16.0,7.0,4.0,36.0,1.0,78.0,22.0,2.0,20.0,100.0,0.0,,,,,,,,,,,,,,,,,,,,,,,,,,,,,,,,,,,,,,,,,,,110,0.0,10.0,20.0,10.0,5.0,20.0,20.0,25.0,485,365,120,1.0,1636.0,35,0.9,0.6,0.4,1.2,11.9,33,30,3,      8934,1.0,1.0,2523.0,Huizum-Dorp
9329,BU00801107,Leeuwarden                              ,Buurt     ,BU00801107,1,230,140,95,10,50,105,60,15,180,35,20,5,160,35,40,160,5,10,35,30,,,,,120,85,20,10,1.4,2118.0,202,,81,,151.0,6.0,3.0,1.0,0.0,1.0,94.0,26.0,8.0,92.0,0.0,92.0,64.0,36.0,,,,,,,,,,,,,,,,,,,,,,,,,,,,,,,,,,,,,,,,,,,120,10.0,5.0,35.0,10.0,10.0,20.0,25.0,10.0,75,55,20,0.6,670.0,5,0.3,0.3,0.5,0.5,17.0,11,11,0,      8932,1.0,1.0,3834.0,Huizum-Sixma
9330,BU00801108,Leeuwarden                              ,Buurt     ,BU00801108,1,1275,605,670,120,290,315,250,305,755,290,125,110,1000,100,170,1000,30,55,70,110,,,,,655,375,140,140,1.7,5398.0,724,,46,,190.0,56.0,29.0,17.0,8.0,2.0,44.0,7.0,43.0,57.0,12.0,45.0,100.0,0.0,,,,,,,,,,,,,,,,,,,,,,,,,,,,,,,,,,,,,,,,,,,150,0.0,15.0,20.0,10.0,5.0,40.0,30.0,30.0,470,385,85,0.7,1988.0,40,0.6,0.6,0.5,0.6,13.7,24,24,0,      8934,3.0,1.0,3028.0,Huizum-Bornia
9331,BU00801109,Leeuwarden                              ,Buurt     ,BU00801109,1,230,125,105,5,45,100,20,55,160,40,20,10,165,35,30,165,10,10,25,20,,,,,180,135,40,5,1.3,677.0,179,,72,,191.0,6.0,1.0,2.0,0.0,3.0,94.0,5.0,30.0,70.0,0.0,70.0,100.0,0.0,,,,,,,,,,,,,,,,,,,,,,,,,,,,,,,,,,,,,,,,,,,90,0.0,5.0,15.0,5.0,5.0,5.0,55.0,5.0,100,85,20,0.6,299.0,5,0.9,0.7,0.7,0.7,12.6,34,34,0,      8932,3.0,1.0,2929.0,Huizum-Badweg
9332,WK008020  ,Leeuwarden                              ,Wijk      ,WK008020  ,1,12420,6265,6155,1305,2460,4210,2565,1885,8420,2430,1105,465,9020,1215,2180,9020,360,860,860,1320,,,,,7765,4805,1595,1365,1.6,8173.0,7233,,459,,199.0,60.0,43.0,14.0,3.0,1.0,40.0,5.0,37.0,63.0,30.0,33.0,95.0,5.0,,,,,,,,,,,,,,,,,,,,,,,,,,,,,,,,,,,,,,,,,,,1370,0.0,205.0,215.0,130.0,25.0,315.0,250.0,230.0,4655,3885,770,0.6,3062.0,380,0.6,0.4,0.4,0.5,16.9,156,152,4,         .,,1.0,4246.0,Oud-Oost
9333,BU00802001,Leeuwarden                              ,Buurt     ,BU00802001,1,1945,980,960,200,450,635,385,270,1405,245,205,90,1390,180,365,1395,60,165,125,205,,,,,1280,915,165,195,1.5,9812.0,1240,,71,,160.0,52.0,39.0,12.0,1.0,0.0,48.0,6.0,24.0,76.0,41.0,35.0,97.0,3.0,,,,,,,,,,,,,,,,,,,,,,,,,,,,,,,,,,,,,,,,,,,145,0.0,30.0,20.0,10.0,0.0,40.0,20.0,25.0,610,535,75,0.5,3077.0,50,0.9,0.7,0.3,0.3,16.4,21,20,1,      8922,1.0,1.0,4643.0,Oldegalileën
9334,BU00802002,Leeuwarden                              ,Buurt     ,BU00802002,1,1350,695,655,140,255,465,340,145,915,260,140,30,965,160,225,965,40,75,125,150,,,,,850,525,160,160,1.6,7428.0,775,,49,,193.0,64.0,44.0,14.0,5.0,2.0,36.0,4.0,40.0,60.0,40.0,19.0,100.0,0.0,,,,,,,,,,,,,,,,,,,,,,,,,,,,,,,,,,,,,,,,,,,135,0.0,30.0,20.0,15.0,0.0,35.0,15.0,25.0,565,460,105,0.7,3122.0,55,0.8,0.7,0.5,0.5,14.3,18,18,0,      8922,1.0,1.0,3796.0,Bloemenbuurt
9335,BU00802003,Leeuwarden                              ,Buurt     ,BU00802003,1,1960,965,990,255,285,680,385,350,1270,430,170,90,1415,145,390,1415,45,145,105,250,,,,,1175,675,260,240,1.7,10192.0,1129,,53,,204.0,71.0,48.0,18.0,4.0,1.0,29.0,4.0,42.0,58.0,32.0,25.0,98.0,2.0,,,,,,,,,,,,,,,,,,,,,,,,,,,,,,,,,,,,,,,,,,,185,0.0,30.0,25.0,15.0,5.0,50.0,35.0,25.0,825,705,120,0.7,4307.0,45,0.4,0.3,0.3,0.7,18.9,19,19,0,      8921,1.0,1.0,4583.0,Cambuursterpad
9336,BU00802004,Leeuwarden                              ,Buurt     ,BU00802004,1,1580,780,800,230,215,475,365,295,895,480,135,70,1250,145,185,1250,50,90,90,90,,,,,825,375,220,230,1.9,6332.0,799,,32,,224.0,82.0,51.0,23.0,7.0,2.0,18.0,4.0,64.0,36.0,16.0,20.0,98.0,2.0,,,,,,,,,,,,,,,,,,,,,,,,,,,,,,,,,,,,,,,,,,,140,0.0,20.0,15.0,10.0,10.0,25.0,40.0,20.0,645,535,110,0.8,2582.0,55,0.4,0.4,0.4,0.4,15.8,25,25,0,      8921,1.0,1.0,4004.0,Zamenhofpark
9337,BU00802005,Leeuwarden                              ,Buurt     ,BU00802005,1,580,300,275,60,90,155,125,150,325,165,50,35,475,35,70,475,10,30,25,35,,,,,340,185,85,70,1.7,3086.0,313,,50,,227.0,48.0,32.0,15.0,1.0,0.0,52.0,3.0,67.0,33.0,14.0,19.0,100.0,0.0,,,,,,,,,,,,,,,,,,,,,,,,,,,,,,,,,,,,,,,,,,,70,0.0,5.0,20.0,10.0,0.0,10.0,15.0,10.0,265,195,65,0.8,1407.0,15,0.3,0.2,0.5,0.6,15.5,19,19,0,      8921,1.0,1.0,3594.0,Cambuur
9338,BU00802006,Leeuwarden                              ,Buurt     ,BU00802006,1,820,385,435,95,130,265,140,190,510,190,75,45,590,80,145,585,25,45,60,100,,,,,485,270,125,85,1.7,8830.0,453,,42,,231.0,50.0,32.0,14.0,3.0,1.0,50.0,5.0,31.0,69.0,27.0,41.0,100.0,0.0,,,,,,,,,,,,,,,,,,,,,,,,,,,,,,,,,,,,,,,,,,,85,0.0,10.0,20.0,10.0,0.0,15.0,10.0,20.0,300,245,50,0.6,3220.0,10,0.6,0.4,0.6,0.7,19.1,10,9,1,      8921,1.0,1.0,4771.0,Zeeheldenbuurt
9339,BU00802007,Leeuwarden                              ,Buurt     ,BU00802007,1,1235,640,595,110,200,490,270,160,850,210,125,45,845,115,275,850,35,105,75,170,,,,,785,500,150,135,1.5,9839.0,800,,25,,193.0,60.0,42.0,15.0,2.0,0.0,40.0,5.0,21.0,79.0,42.0,37.0,73.0,28.0,,,,,,,,,,,,,,,,,,,,,,,,,,,,,,,,,,,,,,,,,,,145,0.0,30.0,30.0,15.0,0.0,25.0,25.0,20.0,460,390,70,0.6,3659.0,40,0.3,0.3,0.5,0.6,15.9,13,13,0,      8921,1.0,1.0,3976.0,Indische buurt
9340,BU00802008,Leeuwarden                              ,Buurt     ,BU00802008,1,1310,630,685,80,450,375,250,160,970,210,95,30,940,145,225,940,40,85,110,145,,,,,890,580,205,105,1.5,8881.0,716,,86,,225.0,54.0,42.0,10.0,1.0,0.0,46.0,7.0,40.0,60.0,18.0,41.0,100.0,0.0,,,,,,,,,,,,,,,,,,,,,,,,,,,,,,,,,,,,,,,,,,,250,0.0,20.0,40.0,20.0,5.0,60.0,55.0,50.0,435,355,80,0.5,2942.0,55,0.9,0.7,0.5,0.5,18.2,16,15,1,      8921,1.0,1.0,4495.0,Molenpad
9341,BU00802009,Leeuwarden                              ,Buurt     ,BU00802009,1,1645,885,760,130,385,670,305,160,1275,230,115,25,1155,195,300,1150,50,115,145,185,,,,,1135,780,215,135,1.4,11354.0,1008,,51,,189.0,54.0,48.0,5.0,1.0,0.0,46.0,5.0,27.0,73.0,25.0,48.0,95.0,5.0,,,,,,,,,,,,,,,,,,,,,,,,,,,,,,,,,,,,,,,,,,,215,0.0,30.0,30.0,25.0,0.0,55.0,35.0,40.0,550,465,85,0.5,3787.0,55,0.6,0.2,0.4,0.4,17.6,15,14,1,      8921,1.0,1.0,3915.0,Welgelegen
9342,WK008030  ,Leeuwarden                              ,Wijk      ,WK008030  ,1,8325,3940,4385,1070,1710,2300,1810,1435,5310,1940,705,360,6080,990,1250,6080,205,470,785,780,,,,,4815,2730,1065,1020,1.7,4982.0,4761,,468,,241.0,48.0,31.0,10.0,4.0,2.0,52.0,5.0,45.0,55.0,30.0,26.0,87.0,13.0,,,,,,,,,,,,,,,,,,,,,,,,,,,,,,,,,,,,,,,,,,,950,0.0,80.0,120.0,75.0,45.0,285.0,190.0,155.0,3175,2520,655,0.7,1902.0,230,0.6,0.6,0.4,0.5,15.1,171,167,4,         .,,1.0,3390.0,Sonnenborgh e.o.
9343,BU00803001,Leeuwarden                              ,Buurt     ,BU00803001,1,985,455,530,95,195,195,270,220,555,280,100,50,825,80,75,830,25,40,50,40,,,,,565,295,145,120,1.7,7188.0,557,,36,,319.0,68.0,50.0,12.0,4.0,2.0,32.0,9.0,63.0,37.0,16.0,20.0,100.0,0.0,,,,,,,,,,,,,,,,,,,,,,,,,,,,,,,,,,,,,,,,,,,165,0.0,10.0,20.0,10.0,15.0,55.0,30.0,25.0,425,320,110,0.8,3118.0,30,0.3,0.8,0.4,0.9,16.3,15,14,1,      8917,1.0,1.0,4398.0,Transvaalwijk
9344,BU00803002,Leeuwarden                              ,Buurt     ,BU00803002,1,1460,720,735,330,170,320,455,180,795,520,100,45,1240,80,135,1240,55,80,30,55,,,,,590,175,155,265,2.5,6604.0,581,,54,,426.0,87.0,46.0,19.0,18.0,4.0,13.0,1.0,88.0,12.0,0.0,12.0,81.0,19.0,,,,,,,,,,,,,,,,,,,,,,,,,,,,,,,,,,,,,,,,,,,180,0.0,5.0,10.0,10.0,10.0,75.0,50.0,20.0,620,450,175,1.1,2814.0,50,0.3,0.6,0.3,0.5,14.3,22,22,0,      8917,1.0,1.0,3559.0,Bonifatius
9345,BU00803003,Leeuwarden                              ,Buurt     ,BU00803003,1,1220,490,730,15,650,210,80,255,930,100,100,90,400,535,285,400,10,30,525,255,,,,,965,790,155,15,1.2,2660.0,958,,53,,123.0,4.0,2.0,1.0,0.0,1.0,96.0,9.0,6.0,94.0,41.0,54.0,56.0,44.0,,,,,,,,,,,,,,,,,,,,,,,,,,,,,,,,,,,,,,,,,,,70,0.0,5.0,10.0,5.0,5.0,10.0,20.0,15.0,175,145,25,0.2,380.0,15,0.4,0.9,0.6,0.6,15.1,48,46,2,      8917,1.0,1.0,4076.0,Rengerspark
9346,BU00803004,Leeuwarden                              ,Buurt     ,BU00803004,1,1455,705,750,170,175,420,365,325,850,425,115,60,1230,80,140,1230,35,75,50,65,,,,,815,430,210,175,1.7,7593.0,806,,76,,281.0,69.0,45.0,17.0,3.0,4.0,31.0,3.0,67.0,33.0,18.0,15.0,100.0,0.0,,,,,,,,,,,,,,,,,,,,,,,,,,,,,,,,,,,,,,,,,,,175,0.0,20.0,20.0,15.0,10.0,55.0,25.0,30.0,665,520,145,0.8,3483.0,45,0.5,0.3,0.4,0.6,16.4,19,19,0,      8916,1.0,1.0,3502.0,Vogelwijk
9347,BU00803005,Leeuwarden                              ,Buurt     ,BU00803005,1,1740,845,890,230,280,570,385,275,1100,415,160,65,1405,115,220,1405,45,80,65,145,,,,,980,510,225,245,1.8,9116.0,956,,98,,230.0,58.0,43.0,12.0,2.0,1.0,42.0,3.0,56.0,44.0,22.0,22.0,95.0,5.0,,,,,,,,,,,,,,,,,,,,,,,,,,,,,,,,,,,,,,,,,,,170,0.0,15.0,20.0,15.0,0.0,45.0,40.0,30.0,735,605,130,0.8,3856.0,55,0.7,0.3,0.3,0.3,15.4,19,19,0,      8916,1.0,1.0,2912.0,Sonnenborgh
9348,BU00803006,Leeuwarden                              ,Buurt     ,BU00803006,1,1405,690,715,225,230,575,230,150,1050,185,130,45,930,95,380,930,35,165,60,215,,,,,865,520,160,185,1.6,6632.0,872,,138,,165.0,24.0,17.0,7.0,1.0,0.0,76.0,3.0,14.0,86.0,66.0,20.0,96.0,4.0,,,,,,,,,,,,,,,,,,,,,,,,,,,,,,,,,,,,,,,,,,,125,0.0,15.0,25.0,10.0,5.0,20.0,20.0,25.0,510,455,60,0.6,2417.0,35,1.2,0.6,0.3,0.2,13.7,21,21,0,      8915,2.0,2.0,2452.0,Valeriuskwartier
9349,BU00803007,Leeuwarden                              ,Buurt     ,BU00803007,1,65,30,35,5,5,10,25,20,25,25,5,5,50,0,5,55,0,0,0,5,,,,,25,5,15,10,2.3,246.0,31,,13,,491.0,97.0,3.0,6.0,0.0,87.0,3.0,16.0,94.0,6.0,0.0,6.0,74.0,26.0,,,,,,,,,,,,,,,,,,,,,,,,,,,,,,,,,,,,,,,,,,,65,0.0,5.0,10.0,10.0,0.0,25.0,10.0,5.0,40,25,15,,,5,1.1,0.9,0.5,0.7,11.8,26,26,0,      8919,5.0,2.0,2323.0,Magere Weide
9350,WK008031  ,Leeuwarden                              ,Wijk      ,WK008031  ,3,3875,1920,1955,605,465,860,980,970,1820,1535,300,215,3255,210,415,3255,100,195,105,225,,,,,1820,705,540,580,2.1,439.0,1798,,346,,263.0,80.0,52.0,23.0,2.0,3.0,20.0,3.0,68.0,32.0,24.0,8.0,100.0,0.0,,,,,,,,,,,,,,,,,,,,,,,,,,,,,,,,,,,,,,,,,,,300,5.0,55.0,35.0,20.0,10.0,65.0,60.0,55.0,1680,1355,330,0.9,191.0,105,2.2,0.9,0.9,1.1,8.6,884,883,2,         .,,3.0,1195.0,Westeinde e.o.
9351,BU00803101,Leeuwarden                              ,Buurt     ,BU00803101,1,3840,1905,1935,600,460,860,965,960,1795,1530,300,215,3215,210,415,3220,105,195,105,225,,,,,1805,700,535,570,2.1,4444.0,1786,,100,,261.0,80.0,52.0,24.0,2.0,2.0,20.0,3.0,68.0,32.0,24.0,8.0,100.0,0.0,,,,,,,,,,,,,,,,,,,,,,,,,,,,,,,,,,,,,,,,,,,285,0.0,50.0,30.0,20.0,10.0,60.0,60.0,50.0,1655,1340,320,0.9,1916.0,100,2.2,0.9,0.9,1.1,8.6,88,86,2,      8915,1.0,3.0,1309.0,Westeinde
9352,BU00803102,Leeuwarden                              ,Buurt     ,BU00803102,3,35,15,20,5,10,5,10,10,20,10,0,0,30,0,0,35,0,0,0,0,,,,,15,5,5,10,2.3,4.0,12,,246,,,,,,,,,,,,,,,,,,,,,,,,,,,,,,,,,,,,,,,,,,,,,,,,,,,,,,,,,,15,,,,,,,,,25,15,10,,,0,1.8,1.8,0.7,1.6,9.0,796,796,0,      8919,4.0,5.0,358.0,Buitengebied Noordwest
9353,WK008032  ,Leeuwarden                              ,Wijk      ,WK008032  ,3,5630,2715,2920,930,925,1545,1265,965,3345,1675,430,185,4195,670,760,4195,140,200,535,560,,,,,2795,1350,670,780,1.9,4868.0,2489,,262,,295.0,63.0,41.0,15.0,4.0,2.0,37.0,3.0,65.0,35.0,6.0,29.0,84.0,16.0,,,,,,,,,,,,,,,,,,,,,,,,,,,,,,,,,,,,,,,,,,,815,0.0,60.0,70.0,60.0,40.0,260.0,220.0,100.0,2415,1775,640,0.9,2088.0,135,1.1,0.6,0.4,0.5,15.8,121,116,5,         .,,1.0,2950.0,Vossepark & Helicon
9354,BU00803201,Leeuwarden                              ,Buurt     ,BU00803201,1,3725,1760,1970,615,590,940,905,680,2135,1140,310,140,3265,180,275,3270,100,150,85,130,,,,,1835,815,460,555,2.0,7459.0,1764,,153,,303.0,76.0,50.0,19.0,6.0,2.0,24.0,3.0,72.0,28.0,9.0,20.0,98.0,2.0,,,,,,,,,,,,,,,,,,,,,,,,,,,,,,,,,,,,,,,,,,,560,0.0,40.0,50.0,35.0,20.0,180.0,170.0,65.0,1620,1270,350,0.9,3245.0,95,0.9,0.5,0.2,0.3,16.5,51,50,1,      8913,1.0,1.0,3154.0,Vossepark
9355,BU00803202,Leeuwarden                              ,Buurt     ,BU00803202,1,755,385,365,155,135,180,145,135,415,260,50,30,455,25,275,455,15,15,10,260,,,,,255,120,70,65,2.0,2900.0,242,,42,,330.0,69.0,44.0,15.0,2.0,7.0,31.0,2.0,88.0,12.0,0.0,12.0,100.0,0.0,,,,,,,,,,,,,,,,,,,,,,,,,,,,,,,,,,,,,,,,,,,95,0.0,10.0,10.0,5.0,10.0,30.0,15.0,15.0,265,220,45,1.0,1009.0,20,1.5,0.7,0.5,0.6,14.1,27,26,1,      8914,2.0,2.0,1992.0,Helicon
9356,BU00803203,Leeuwarden                              ,Buurt     ,BU00803203,1,755,375,380,85,120,255,155,140,475,230,45,15,425,250,80,425,20,20,230,60,,,,,465,270,115,85,1.6,5332.0,290,,29,,362.0,19.0,16.0,3.0,0.0,0.0,81.0,2.0,44.0,56.0,0.0,56.0,41.0,59.0,,,,,,,,,,,,,,,,,,,,,,,,,,,,,,,,,,,,,,,,,,,100,0.0,5.0,5.0,15.0,5.0,35.0,20.0,15.0,440,210,230,0.9,3085.0,15,1.4,0.4,0.6,0.7,14.8,16,14,2,      8913,1.0,1.0,2951.0,Harlingervaart Noord
9357,BU00803204,Leeuwarden                              ,Buurt     ,BU00803204,3,395,195,200,75,80,170,60,5,320,50,20,0,50,215,130,50,5,15,205,115,,,,,240,145,25,75,1.6,1540.0,193,,38,,77.0,0.0,0.0,0.0,0.0,0.0,100.0,3.0,0.0,100.0,0.0,100.0,1.0,99.0,,,,,,,,,,,,,,,,,,,,,,,,,,,,,,,,,,,,,,,,,,,60,0.0,5.0,5.0,5.0,5.0,15.0,15.0,5.0,95,75,20,0.4,365.0,0,1.9,1.0,0.9,1.1,14.0,27,25,2,      8912,1.0,2.0,2427.0,Spoordok
9358,WK008040  ,Leeuwarden                              ,Wijk      ,WK008040  ,1,6445,3120,3325,815,815,2095,1630,1090,4040,1595,600,215,5215,365,865,5220,165,390,195,475,,,,,3695,1985,850,865,1.7,6785.0,3607,,269,,222.0,75.0,47.0,19.0,7.0,2.0,25.0,4.0,54.0,46.0,33.0,13.0,99.0,1.0,,,,,,,,,,,,,,,,,,,,,,,,,,,,,,,,,,,,,,,,,,,680,0.0,80.0,85.0,60.0,20.0,170.0,155.0,110.0,2695,2275,420,0.7,2836.0,205,0.9,0.5,0.4,0.4,14.6,95,95,0,         .,,1.0,3075.0,Huizum-West
9359,BU00804001,Leeuwarden                              ,Buurt     ,BU00804001,1,1820,825,995,180,215,505,460,465,1120,410,215,85,1500,120,205,1500,55,90,65,115,,,,,1170,740,240,185,1.5,6529.0,1138,,56,,221.0,74.0,47.0,20.0,5.0,1.0,26.0,4.0,40.0,60.0,44.0,16.0,97.0,3.0,,,,,,,,,,,,,,,,,,,,,,,,,,,,,,,,,,,,,,,,,,,215,0.0,20.0,35.0,20.0,5.0,50.0,50.0,35.0,765,645,120,0.7,2736.0,40,0.7,0.3,0.4,0.4,17.0,28,28,0,      8932,1.0,1.0,3532.0,Hollanderwijk
9360,BU00804002,Leeuwarden                              ,Buurt     ,BU00804002,1,1280,600,680,160,195,395,340,195,785,325,120,50,1110,60,105,1115,30,60,35,45,,,,,700,330,180,185,1.8,9919.0,687,,22,,230.0,92.0,60.0,22.0,8.0,2.0,8.0,5.0,80.0,20.0,0.0,20.0,100.0,0.0,,,,,,,,,,,,,,,,,,,,,,,,,,,,,,,,,,,,,,,,,,,115,0.0,20.0,10.0,10.0,0.0,30.0,25.0,20.0,500,435,65,0.7,3856.0,25,0.7,0.4,0.3,0.3,14.5,13,13,0,      8932,1.0,1.0,3092.0,Gerard Dou
9361,BU00804003,Leeuwarden                              ,Buurt     ,BU00804003,1,1545,755,790,210,190,470,425,250,860,540,110,40,1355,65,120,1355,30,65,40,60,,,,,755,270,250,230,2.0,6828.0,734,,43,,264.0,95.0,56.0,22.0,11.0,5.0,5.0,4.0,87.0,13.0,0.0,13.0,100.0,0.0,,,,,,,,,,,,,,,,,,,,,,,,,,,,,,,,,,,,,,,,,,,175,0.0,20.0,15.0,10.0,10.0,55.0,35.0,30.0,735,605,125,1.0,3244.0,80,1.0,0.7,0.6,0.5,12.7,23,23,0,      8932,1.0,1.0,2927.0,Julianapark
9362,BU00804004,Leeuwarden                              ,Buurt     ,BU00804004,1,1800,945,860,265,220,725,415,180,1270,330,155,45,1250,120,425,1250,60,165,60,255,,,,,1075,640,170,260,1.7,5698.0,1048,,148,,187.0,51.0,32.0,15.0,4.0,0.0,49.0,2.0,29.0,71.0,64.0,7.0,100.0,0.0,,,,,,,,,,,,,,,,,,,,,,,,,,,,,,,,,,,,,,,,,,,175,0.0,25.0,20.0,20.0,0.0,40.0,40.0,30.0,700,590,110,0.7,2215.0,55,1.1,0.4,0.2,0.3,13.9,32,32,0,      8932,2.0,1.0,2704.0,Jan van Scorelbuurt
9363,WK008041  ,Leeuwarden                              ,Wijk      ,WK008041  ,3,3940,1900,2040,425,460,1235,835,985,2290,950,445,255,2995,275,670,2995,110,295,165,375,,,,,2510,1555,545,415,1.6,347.0,2505,,1061,,199.0,24.0,13.0,5.0,1.0,5.0,76.0,3.0,31.0,69.0,37.0,32.0,92.0,8.0,,,,,,,,,,,,,,,,,,,,,,,,,,,,,,,,,,,,,,,,,,,835,5.0,125.0,200.0,65.0,45.0,205.0,115.0,75.0,2035,1550,490,0.8,179.0,130,0.6,0.6,0.4,0.6,10.9,1180,1137,44,         .,,2.0,1722.0,Nijlân & De Zwette
9364,BU00804101,Leeuwarden                              ,Buurt     ,BU00804101,1,3875,1870,2010,410,450,1220,815,980,2250,925,440,255,2940,270,665,2940,110,295,160,375,,,,,2480,1540,540,405,1.6,3794.0,2484,,334,,197.0,24.0,13.0,6.0,1.0,4.0,76.0,3.0,31.0,69.0,37.0,32.0,92.0,8.0,,,,,,,,,,,,,,,,,,,,,,,,,,,,,,,,,,,,,,,,,,,295,0.0,40.0,40.0,25.0,5.0,65.0,70.0,50.0,1660,1425,235,0.7,1627.0,125,0.6,0.6,0.4,0.5,11.0,107,102,5,      8931,1.0,2.0,1999.0,Nijlân
9365,BU00804102,Leeuwarden                              ,Buurt     ,BU00804102,3,20,15,5,0,5,10,5,5,15,5,0,5,15,5,5,15,0,0,0,0,,,,,10,5,0,5,1.8,90.0,7,,163,,,,,,,,,,,,,,,,,,,,,,,,,,,,,,,,,,,,,,,,,,,,,,,,,,,,,,,,,,45,0.0,5.0,25.0,5.0,0.0,5.0,5.0,5.0,15,10,0,,,0,2.1,1.3,1.1,1.3,11.6,24,22,1,      8912,1.0,3.0,1099.0,De Zwette I Harlingervaart
9366,BU00804103,Leeuwarden                              ,Buurt     ,BU00804103,1,5,0,0,0,0,0,0,0,0,0,0,0,0,0,0,0,0,0,0,0,,,,,0,0,5,0,2.0,,1,,156,,,,,,,,,,,,,,,,,,,,,,,,,,,,,,,,,,,,,,,,,,,,,,,,,,,,,,,,,,130,0.0,30.0,45.0,5.0,5.0,20.0,15.0,10.0,60,25,35,,,0,,,,,,53,47,5,      8912,2.0,4.0,737.0,De Zwette II Zwettehaven
9367,BU00804104,Leeuwarden                              ,Buurt     ,BU00804104,1,0,5,0,5,0,0,0,0,5,5,0,0,5,0,0,5,0,0,0,0,,,,,0,0,0,0,4.0,,1,,142,,,,,,,,,,,,,,,,,,,,,,,,,,,,,,,,,,,,,,,,,,,,,,,,,,,,,,,,,,105,0.0,20.0,35.0,10.0,5.0,30.0,5.0,5.0,55,10,45,,,0,,,,,,52,46,6,      8912,1.0,5.0,255.0,De Zwette III Schenkenschans
9368,BU00804105,Leeuwarden                              ,Buurt     ,BU00804105,1,0,0,0,0,0,0,0,0,0,0,0,0,0,0,0,0,0,0,0,0,,,,,0,0,0,0,1.0,,0,,160,,,,,,,,,,,,,,,,,,,,,,,,,,,,,,,,,,,,,,,,,,,,,,,,,,,,,,,,,,205,0.0,20.0,45.0,20.0,25.0,70.0,20.0,10.0,185,45,140,,,0,,,,,,60,59,2,      8914,1.0,4.0,987.0,De Zwette IV Businesspark
9369,BU00804106,Leeuwarden                              ,Buurt     ,BU00804106,1,0,0,0,0,0,0,0,0,0,0,0,0,0,0,0,0,0,0,0,0,,,,,0,0,0,0,,,0,,92,,,,,,,,,,,,,,,,,,,,,,,,,,,,,,,,,,,,,,,,,,,,,,,,,,,,,,,,,,35,0.0,15.0,10.0,5.0,0.0,5.0,0.0,0.0,40,15,25,,,0,,,,,,115,108,6,      8912,1.0,5.0,59.0,De Zwette V Newton
9370,BU00804107,Leeuwarden                              ,Buurt     ,BU00804107,1,0,0,0,0,0,0,0,0,0,0,0,0,0,0,0,0,0,0,0,0,,,,,0,0,0,0,,,0,,2,,,,,,,,,,,,,,,,,,,,,,,,,,,,,,,,,,,,,,,,,,,,,,,,,,,,,,,,,,0,,,,,,,,,0,0,0,,,0,,,,,,43,40,3,      8912,6.0,5.0,106.0,De Zwette VI Deinumerpolder
9371,BU00804108,Leeuwarden                              ,Buurt     ,BU00804108,1,0,0,0,0,0,0,0,0,0,0,0,0,0,0,0,0,0,0,0,0,,,,,0,0,0,0,,,0,,4,,,,,,,,,,,,,,,,,,,,,,,,,,,,,,,,,,,,,,,,,,,,,,,,,,,,,,,,,,10,,,,,,,,,0,0,0,,,0,,,,,,56,50,6,      8914,6.0,5.0,143.0,EnergieCampus Sylsterrak
9372,BU00804109,Leeuwarden                              ,Buurt     ,BU00804109,1,30,15,15,10,5,10,5,5,15,15,5,0,25,0,0,30,0,0,0,0,,,,,10,5,5,5,2.3,7.0,10,,4,,,,,,,,,,,,,,,,,,,,,,,,,,,,,,,,,,,,,,,,,,,,,,,,,,,,,,,,,,10,,,,,,,,,15,10,5,,,0,3.5,2.1,1.8,2.1,2.5,459,451,7,      8912,1.0,5.0,155.0,Buitengebied De Zwette
9373,BU00804110,Leeuwarden                              ,Buurt     ,BU00804110,1,5,0,5,0,5,0,5,0,5,5,0,0,5,0,0,5,0,0,0,0,,,,,5,0,0,0,3.0,,2,,4,,,,,,,,,,,,,,,,,,,,,,,,,,,,,,,,,,,,,,,,,,,,,,,,,,,,,,,,,,0,,,,,,,,,0,0,0,,,0,,,,,,212,210,2,      8914,6.0,5.0,259.0,Buitengebied West
9374,WK008050  ,Leeuwarden                              ,Wijk      ,WK008050  ,1,3645,1950,1700,590,555,1315,820,370,2555,620,400,75,1850,285,1510,1850,95,575,190,940,,,,,2215,1370,340,500,1.6,2414.0,2167,,146,,166.0,25.0,17.0,6.0,1.0,1.0,75.0,3.0,17.0,83.0,71.0,12.0,91.0,9.0,,,,,,,,,,,,,,,,,,,,,,,,,,,,,,,,,,,,,,,,,,,295,0.0,40.0,75.0,25.0,0.0,45.0,60.0,45.0,1150,975,180,0.5,762.0,60,0.9,0.5,0.4,0.7,11.6,159,151,8,         .,,2.0,2457.0,Heechterp & Schieringen
9375,BU00805001,Leeuwarden                              ,Buurt     ,BU00805001,1,1740,940,800,295,280,620,390,155,1260,270,170,45,800,110,830,800,35,315,70,520,,,,,1060,675,140,245,1.6,3075.0,1047,,60,,151.0,23.0,15.0,6.0,2.0,0.0,77.0,2.0,10.0,90.0,87.0,3.0,97.0,3.0,,,,,,,,,,,,,,,,,,,,,,,,,,,,,,,,,,,,,,,,,,,140,0.0,20.0,25.0,15.0,0.0,15.0,30.0,30.0,540,450,90,0.5,950.0,20,0.9,0.5,0.4,0.5,11.9,59,57,2,      8924,1.0,1.0,2585.0,Heechterp
9376,BU00805002,Leeuwarden                              ,Buurt     ,BU00805002,1,1905,1010,890,300,275,690,430,210,1290,345,230,35,1045,175,680,1045,60,260,120,420,,,,,1150,695,200,255,1.7,2247.0,1116,,48,,181.0,27.0,18.0,6.0,1.0,2.0,73.0,3.0,24.0,76.0,56.0,20.0,87.0,13.0,,,,,,,,,,,,,,,,,,,,,,,,,,,,,,,,,,,,,,,,,,,135,0.0,20.0,25.0,10.0,0.0,30.0,30.0,15.0,610,520,90,0.5,720.0,40,0.8,0.6,0.4,1.0,11.3,88,85,4,      8924,1.0,2.0,2317.0,Schieringen
9377,BU00805003,Leeuwarden                              ,Buurt     ,BU00805003,1,5,0,5,0,0,0,5,5,5,0,5,0,0,0,0,5,0,0,0,0,,,,,5,0,0,0,1.3,,4,,38,,,,,,,,,,,,,,,,,,,,,,,,,,,,,,,,,,,,,,,,,,,,,,,,,,,,,,,,,,25,0.0,0.0,20.0,0.0,0.0,0.0,0.0,0.0,5,5,0,,,0,,,,,,12,10,2,      8924,2.0,1.0,2967.0,De Centrale
9378,WK008051  ,Leeuwarden                              ,Wijk      ,WK008051  ,1,10525,5290,5230,1500,1155,2505,2835,2535,4850,4325,855,495,8665,585,1275,8665,275,645,300,630,,,,,4985,1805,1605,1580,2.1,1429.0,4889,,215,,291.0,79.0,43.0,17.0,11.0,8.0,21.0,2.0,70.0,30.0,15.0,15.0,99.0,1.0,,,,,,,,,,,,,,,,,,,,,,,,,,,,,,,,,,,,,,,,,,,835,0.0,115.0,120.0,80.0,35.0,215.0,160.0,105.0,5205,4075,1135,1.0,707.0,440,1.0,1.0,0.6,1.0,4.3,978,736,242,         .,,3.0,1350.0,Camminghaburen e.o.
9379,BU00805101,Leeuwarden                              ,Buurt     ,BU00805101,1,4040,2105,1930,660,550,1130,1040,655,2195,1375,350,115,3120,270,645,3120,115,325,155,325,,,,,1925,800,490,635,2.1,4927.0,1888,,33,,250.0,77.0,51.0,19.0,3.0,4.0,23.0,2.0,68.0,32.0,19.0,13.0,100.0,0.0,,,,,,,,,,,,,,,,,,,,,,,,,,,,,,,,,,,,,,,,,,,310,0.0,50.0,40.0,40.0,10.0,70.0,70.0,35.0,1910,1510,400,1.0,2331.0,165,1.0,0.8,0.6,1.4,4.6,87,82,6,      8926,1.0,3.0,1285.0,Camminghaburen-Noord
9380,BU00805102,Leeuwarden                              ,Buurt     ,BU00805102,1,3615,1745,1870,490,320,825,920,1055,1550,1500,310,255,3025,180,405,3025,100,200,80,205,,,,,1795,695,560,540,2.0,5713.0,1796,,128,,275.0,71.0,40.0,16.0,13.0,3.0,29.0,1.0,58.0,42.0,20.0,22.0,100.0,0.0,,,,,,,,,,,,,,,,,,,,,,,,,,,,,,,,,,,,,,,,,,,280,0.0,35.0,40.0,20.0,10.0,75.0,55.0,45.0,1740,1430,310,1.0,2751.0,125,0.9,0.8,0.5,0.7,4.4,67,63,4,      8925,4.0,3.0,1469.0,Camminghaburen-Midden
9381,BU00805103,Leeuwarden                              ,Buurt     ,BU00805103,1,2705,1350,1355,335,275,515,800,780,1035,1385,165,125,2380,110,210,2380,55,120,55,95,,,,,1175,265,510,395,2.3,3150.0,1175,,24,,376.0,94.0,35.0,16.0,21.0,22.0,6.0,1.0,91.0,9.0,0.0,9.0,96.0,4.0,,,,,,,,,,,,,,,,,,,,,,,,,,,,,,,,,,,,,,,,,,,215,0.0,20.0,30.0,25.0,15.0,60.0,35.0,25.0,1445,1060,385,1.2,1681.0,140,1.0,1.1,0.5,0.6,4.0,94,86,8,      8925,1.0,3.0,1323.0,Camminghaburen-Zuid
9382,BU00805104,Leeuwarden                              ,Buurt     ,BU00805104,1,5,0,0,0,0,0,0,0,0,0,0,0,0,0,0,0,0,0,0,5,,,,,0,0,0,0,2.0,,1,,5,,,,,,,,,,,,,,,,,,,,,,,,,,,,,,,,,,,,,,,,,,,,,,,,,,,,,,,,,,5,,,,,,,,,5,0,0,,,0,,,,,,340,234,106,      8926,1.0,5.0,37.0,Grote Wielen
9383,BU00805105,Leeuwarden                              ,Buurt     ,BU00805105,1,165,90,75,10,15,30,70,40,60,70,30,5,140,20,10,140,0,5,15,5,,,,,90,45,35,15,1.8,61.0,29,,25,,523.0,79.0,62.0,7.0,0.0,10.0,21.0,7.0,90.0,10.0,0.0,10.0,97.0,3.0,,,,,,,,,,,,,,,,,,,,,,,,,,,,,,,,,,,,,,,,,,,25,0.0,5.0,5.0,0.0,0.0,5.0,0.0,5.0,110,75,35,1.2,40.0,5,5.8,5.2,3.2,4.9,0.0,390,271,119,      8926,2.0,5.0,162.0,De Groene Ster
9384,WK008060  ,Leeuwarden                              ,Wijk      ,WK008060  ,1,6965,3315,3655,1030,855,1640,1725,1715,3715,1885,980,385,3910,500,2560,3905,185,1015,320,1540,,,,,3820,2130,760,930,1.8,2946.0,3763,,604,,212.0,42.0,26.0,8.0,5.0,3.0,58.0,3.0,26.0,73.0,65.0,9.0,95.0,5.0,,,,,,,,,,,,,,,,,,,,,,,,,,,,,,,,,,,,,,,,,,,515,5.0,75.0,90.0,40.0,5.0,125.0,115.0,60.0,2470,1995,475,0.6,1044.0,145,0.9,0.6,0.7,0.5,12.3,247,236,10,         .,,2.0,2497.0,Bilgaard & Havankpark e.o.
9385,BU00806001,Leeuwarden                              ,Buurt     ,BU00806001,1,6355,2975,3380,965,775,1515,1530,1580,3420,1620,945,365,3425,455,2480,3425,170,1000,285,1480,,,,,3510,2000,650,860,1.8,7334.0,3487,,593,,202.0,39.0,28.0,8.0,2.0,1.0,61.0,3.0,23.0,77.0,70.0,7.0,95.0,5.0,,,,,,,,,,,,,,,,,,,,,,,,,,,,,,,,,,,,,,,,,,,430,5.0,65.0,85.0,30.0,5.0,95.0,90.0,55.0,2185,1800,385,0.6,2519.0,125,0.8,0.5,0.7,0.4,12.7,89,87,2,      8918,2.0,1.0,2575.0,Bilgaard
9386,BU00806002,Leeuwarden                              ,Buurt     ,BU00806002,1,370,185,185,45,45,45,135,100,160,190,15,10,325,25,20,330,15,10,10,10,,,,,150,25,70,60,2.4,3211.0,150,,3,,486.0,100.0,8.0,4.0,64.0,24.0,0.0,1.0,99.0,1.0,0.0,1.0,98.0,2.0,,,,,,,,,,,,,,,,,,,,,,,,,,,,,,,,,,,,,,,,,,,50,0.0,5.0,5.0,5.0,0.0,20.0,15.0,5.0,175,110,65,1.2,1536.0,10,1.9,1.3,1.7,1.0,7.4,12,12,1,      8919,1.0,2.0,1689.0,Havankpark
9387,BU00806003,Leeuwarden                              ,Buurt     ,BU00806003,1,240,160,85,25,35,85,65,40,135,80,20,10,155,25,65,155,5,5,20,55,,,,,155,105,35,20,1.5,175.0,126,,8,,170.0,36.0,3.0,3.0,10.0,19.0,64.0,3.0,33.0,67.0,0.0,67.0,99.0,1.0,,,,,,,,,,,,,,,,,,,,,,,,,,,,,,,,,,,,,,,,,,,35,0.0,0.0,5.0,5.0,0.0,10.0,5.0,0.0,110,85,25,0.7,79.0,10,1.8,1.7,0.7,1.5,9.4,146,138,7,      8919,1.0,3.0,1135.0,Vierhuisterweg e.o.
9388,WK008061  ,Leeuwarden                              ,Wijk      ,WK008061  ,1,3640,1750,1890,625,465,955,820,775,2030,975,445,185,2035,210,1395,2040,95,580,115,805,,,,,1915,1005,415,490,1.9,6707.0,1867,,92,,213.0,41.0,26.0,11.0,4.0,1.0,59.0,2.0,24.0,76.0,72.0,4.0,93.0,7.0,,,,,,,,,,,,,,,,,,,,,,,,,,,,,,,,,,,,,,,,,,,265,5.0,35.0,55.0,40.0,5.0,55.0,50.0,30.0,1370,1075,295,0.7,2522.0,50,1.6,0.5,0.5,0.9,10.7,59,54,5,         .,,2.0,2427.0,Vrijheidswijk
9389,BU00806101,Leeuwarden                              ,Buurt     ,BU00806101,1,2135,1080,1050,435,320,665,440,270,1375,525,175,60,1105,125,900,1105,55,375,75,525,,,,,1045,500,210,330,2.0,7836.0,1002,,52,,231.0,47.0,28.0,11.0,7.0,1.0,53.0,1.0,30.0,70.0,66.0,4.0,100.0,0.0,,,,,,,,,,,,,,,,,,,,,,,,,,,,,,,,,,,,,,,,,,,160,0.0,20.0,30.0,25.0,5.0,30.0,30.0,15.0,760,580,180,0.7,2786.0,30,1.5,0.6,0.4,0.8,11.4,30,27,2,      8923,1.0,1.0,2879.0,Vrijheidswijk-West
9390,BU00806102,Leeuwarden                              ,Buurt     ,BU00806102,1,1510,670,840,190,145,285,385,505,660,450,275,120,930,85,485,935,45,205,40,285,,,,,870,505,210,160,1.7,5572.0,865,,40,,193.0,35.0,25.0,10.0,0.0,0.0,65.0,2.0,17.0,83.0,80.0,3.0,86.0,14.0,,,,,,,,,,,,,,,,,,,,,,,,,,,,,,,,,,,,,,,,,,,110,0.0,15.0,25.0,15.0,0.0,25.0,15.0,10.0,610,495,115,0.7,2257.0,20,1.6,0.4,0.6,1.1,9.6,29,27,2,      8923,1.0,2.0,1900.0,Vrijheidswijk-Oost
9391,WK008062  ,Leeuwarden                              ,Wijk      ,WK008062  ,1,3600,1825,1785,590,395,765,1100,760,1645,1575,245,135,3180,145,275,3185,85,150,60,125,,,,,1495,365,535,600,2.4,168.0,1497,,169,,404.0,98.0,16.0,13.0,21.0,48.0,2.0,2.0,83.0,17.0,10.0,6.0,78.0,22.0,,,,,,,,,,,,,,,,,,,,,,,,,,,,,,,,,,,,,,,,,,,480,35.0,75.0,65.0,25.0,30.0,115.0,70.0,60.0,1950,1405,545,1.3,91.0,220,2.4,2.0,1.2,1.4,3.7,2198,2144,54,         .,,5.0,473.0,Dokkumer Ie e.o.
9392,BU00806201,Leeuwarden                              ,Buurt     ,BU00806201,1,395,190,205,50,40,85,120,100,180,170,25,20,355,15,25,355,10,20,5,5,,,,,180,60,70,60,2.2,1384.0,187,,15,,260.0,99.0,29.0,25.0,24.0,20.0,1.0,3.0,75.0,25.0,18.0,7.0,97.0,3.0,,,,,,,,,,,,,,,,,,,,,,,,,,,,,,,,,,,,,,,,,,,50,0.0,5.0,10.0,0.0,5.0,10.0,10.0,10.0,200,160,40,1.1,703.0,20,2.6,1.6,0.2,0.2,4.9,30,28,1,      9081,1.0,5.0,386.0,Lekkum
9393,BU00806202,Leeuwarden                              ,Buurt     ,BU00806202,1,195,95,100,20,25,30,60,60,95,65,30,15,190,5,0,190,5,0,0,5,,,,,105,50,35,25,1.9,695.0,90,,8,,353.0,98.0,32.0,19.0,9.0,38.0,2.0,6.0,86.0,14.0,4.0,10.0,99.0,1.0,,,,,,,,,,,,,,,,,,,,,,,,,,,,,,,,,,,,,,,,,,,30,0.0,5.0,5.0,0.0,0.0,10.0,5.0,5.0,115,85,30,1.1,402.0,5,2.4,1.4,1.2,1.2,5.2,31,28,3,      9083,1.0,3.0,1415.0,Snakkerburen
9394,BU00806203,Leeuwarden                              ,Buurt     ,BU00806203,1,55,25,25,15,5,5,15,10,25,25,0,0,55,0,0,55,0,0,0,0,,,,,15,0,10,10,3.2,11.0,19,,5,,,,,,,,,,,,,,,,,,,,,,,,,,,,,,,,,,,,,,,,,,,,,,,,,,,,,,,,,,10,,,,,,,,,25,15,10,,,5,3.7,2.9,2.2,2.1,2.6,502,491,11,      9082,6.0,5.0,192.0,Buitengebied Lekkum en Miedum
9395,BU00806204,Leeuwarden                              ,Buurt     ,BU00806204,1,1285,675,620,275,175,270,430,145,650,555,70,10,1055,60,175,1060,30,95,25,80,,,,,445,45,155,245,2.9,1222.0,440,,1,,658.0,99.0,10.0,5.0,13.0,71.0,1.0,1.0,96.0,4.0,0.0,4.0,31.0,69.0,,,,,,,,,,,,,,,,,,,,,,,,,,,,,,,,,,,,,,,,,,,160,0.0,20.0,15.0,15.0,15.0,55.0,25.0,15.0,660,400,260,1.5,626.0,75,2.5,1.9,1.7,2.3,4.1,124,105,18,      8927,1.0,4.0,821.0,Blitsaerd
9396,BU00806205,Leeuwarden                              ,Buurt     ,BU00806205,1,160,85,75,25,10,40,40,50,70,70,15,10,155,5,5,155,5,5,0,0,,,,,85,35,30,25,1.9,571.0,84,,7,,299.0,99.0,6.0,5.0,35.0,54.0,1.0,1.0,64.0,36.0,23.0,13.0,99.0,1.0,,,,,,,,,,,,,,,,,,,,,,,,,,,,,,,,,,,,,,,,,,,20,,,,,,,,,85,70,15,1.0,298.0,10,3.5,3.2,2.1,2.2,1.0,29,29,0,      9057,1.0,5.0,102.0,Jelsum
9397,BU00806206,Leeuwarden                              ,Buurt     ,BU00806206,1,135,70,70,20,15,25,45,40,65,55,15,10,130,5,5,130,0,5,0,5,,,,,60,20,20,20,2.2,28.0,65,,12,,364.0,97.0,5.0,9.0,25.0,58.0,3.0,3.0,88.0,12.0,0.0,12.0,98.0,2.0,,,,,,,,,,,,,,,,,,,,,,,,,,,,,,,,,,,,,,,,,,,30,5.0,5.0,10.0,0.0,0.0,10.0,0.0,0.0,105,70,35,1.6,21.0,10,3.4,3.2,2.1,2.8,2.3,499,491,8,      9057,2.0,5.0,104.0,Buitengebied Jelsum
9398,BU00806207,Leeuwarden                              ,Buurt     ,BU00806207,1,355,170,180,55,20,95,80,90,150,155,20,20,325,10,20,325,10,10,5,15,,,,,160,40,65,55,2.2,1017.0,162,,7,,270.0,93.0,17.0,14.0,31.0,31.0,7.0,1.0,69.0,31.0,24.0,7.0,100.0,0.0,,,,,,,,,,,,,,,,,,,,,,,,,,,,,,,,,,,,,,,,,,,35,0.0,10.0,5.0,0.0,0.0,10.0,0.0,5.0,185,155,30,1.2,540.0,30,2.5,2.4,1.2,1.2,2.9,35,35,0,      9056,1.0,5.0,154.0,Koarnjum
9399,BU00806208,Leeuwarden                              ,Buurt     ,BU00806208,1,70,40,30,10,5,5,35,10,25,35,5,5,65,5,0,65,0,0,0,0,,,,,25,5,5,15,2.6,15.0,29,,93,,475.0,100.0,0.0,0.0,14.0,86.0,0.0,7.0,97.0,3.0,0.0,3.0,97.0,3.0,,,,,,,,,,,,,,,,,,,,,,,,,,,,,,,,,,,,,,,,,,,35,10.0,10.0,5.0,0.0,0.0,0.0,5.0,5.0,60,45,15,,,10,3.3,2.8,2.3,2.3,1.9,452,448,4,      9056,1.0,5.0,110.0,Buitengebied Koarnjum
9400,BU00806209,Leeuwarden                              ,Buurt     ,BU00806209,1,885,435,455,115,90,190,250,240,365,415,65,50,800,45,40,805,25,20,20,20,,,,,395,105,135,150,2.3,2074.0,401,,15,,270.0,99.0,20.0,19.0,24.0,36.0,1.0,2.0,79.0,21.0,15.0,5.0,98.0,2.0,,,,,,,,,,,,,,,,,,,,,,,,,,,,,,,,,,,,,,,,,,,90,0.0,20.0,15.0,5.0,0.0,15.0,20.0,15.0,475,375,100,1.2,1106.0,50,1.6,1.8,0.3,0.3,3.5,43,43,1,      9055,1.0,5.0,312.0,Britsum
9401,BU00806210,Leeuwarden                              ,Buurt     ,BU00806210,1,55,35,20,10,15,10,15,15,20,30,5,0,50,5,0,50,5,0,0,0,,,,,20,5,5,5,2.8,13.0,20,,6,,406.0,100.0,0.0,0.0,10.0,90.0,0.0,5.0,85.0,15.0,0.0,15.0,100.0,0.0,,,,,,,,,,,,,,,,,,,,,,,,,,,,,,,,,,,,,,,,,,,15,,,,,,,,,45,30,10,,,5,2.8,2.6,1.6,1.6,2.3,453,446,7,      9055,1.0,5.0,269.0,Buitengebied Britsum
9402,WK008063  ,Leeuwarden                              ,Wijk      ,WK008063  ,1,8585,4235,4345,1365,860,1860,2280,2215,3820,3715,570,480,7680,300,605,7680,185,315,120,290,,,,,3645,1070,1310,1265,2.3,331.0,3781,,415,,300.0,91.0,23.0,16.0,23.0,29.0,9.0,2.0,74.0,26.0,20.0,6.0,95.0,5.0,,,,,,,,,,,,,,,,,,,,,,,,,,,,,,,,,,,,,,,,,,,905,50.0,150.0,160.0,50.0,45.0,200.0,150.0,100.0,4570,3470,1100,1.3,176.0,405,1.3,1.0,0.8,0.8,3.7,2635,2594,41,         .,,4.0,637.0,Stiens e.o.
9403,BU00806301,Leeuwarden                              ,Buurt     ,BU00806301,1,7530,3680,3850,1225,730,1665,1935,1975,3320,3280,500,430,6705,255,570,6705,165,295,95,270,,,,,3170,910,1150,1105,2.3,2436.0,3300,,372,,295.0,90.0,26.0,18.0,24.0,23.0,10.0,2.0,73.0,27.0,21.0,6.0,95.0,5.0,,,,,,,,,,,,,,,,,,,,,,,,,,,,,,,,,,,,,,,,,,,735,10.0,120.0,140.0,40.0,35.0,170.0,135.0,85.0,3920,2990,930,1.2,1269.0,340,1.0,0.7,0.7,0.7,4.0,317,309,8,      9051,1.0,4.0,720.0,Stiens
9404,BU00806302,Leeuwarden                              ,Buurt     ,BU00806302,1,250,140,115,35,35,40,95,50,105,120,10,15,250,5,5,245,0,0,0,0,,,,,105,25,40,40,2.5,17.0,102,,9,,479.0,98.0,0.0,0.0,6.0,92.0,2.0,5.0,91.0,9.0,0.0,9.0,97.0,3.0,,,,,,,,,,,,,,,,,,,,,,,,,,,,,,,,,,,,,,,,,,,60,15.0,10.0,5.0,5.0,5.0,10.0,5.0,5.0,140,95,45,1.4,10.0,15,3.4,3.0,2.6,2.8,1.2,1493,1471,22,      9051,1.0,5.0,71.0,Buitengebied Stiens
9405,BU00806303,Leeuwarden                              ,Buurt     ,BU00806303,1,115,50,60,10,20,10,35,45,45,60,5,0,105,5,5,110,5,5,0,0,,,,,50,15,25,10,2.3,275.0,50,,3,,382.0,100.0,0.0,0.0,28.0,72.0,0.0,4.0,92.0,8.0,6.0,2.0,96.0,4.0,,,,,,,,,,,,,,,,,,,,,,,,,,,,,,,,,,,,,,,,,,,10,,,,,,,,,75,50,20,,,10,3.1,2.3,1.9,1.9,2.0,43,42,1,      9053,1.0,5.0,55.0,Feinsum
9406,BU00806304,Leeuwarden                              ,Buurt     ,BU00806304,1,45,25,20,10,5,15,15,5,20,20,5,0,45,5,0,40,0,0,5,0,,,,,20,5,5,5,2.6,16.0,18,,1,,,,,,,,,,,,,,,,,,,,,,,,,,,,,,,,,,,,,,,,,,,,,,,,,,,,,,,,,,15,,,,,,,,,30,20,10,,,0,3.7,2.8,2.1,2.1,1.9,290,287,4,      9053,1.0,5.0,36.0,Buitengebied Feinsum
9407,BU00806305,Leeuwarden                              ,Buurt     ,BU00806305,1,390,205,180,70,45,90,100,85,215,125,30,20,340,20,25,345,10,15,5,15,,,,,180,65,50,65,2.1,871.0,181,,17,,250.0,100.0,14.0,17.0,23.0,46.0,0.0,1.0,71.0,29.0,25.0,3.0,99.0,1.0,,,,,,,,,,,,,,,,,,,,,,,,,,,,,,,,,,,,,,,,,,,40,5.0,10.0,5.0,5.0,0.0,10.0,5.0,5.0,225,180,45,1.2,505.0,25,2.6,2.3,0.3,0.3,3.0,45,45,0,      9054,1.0,5.0,65.0,Hijum
9408,BU00806306,Leeuwarden                              ,Buurt     ,BU00806306,1,25,15,10,0,0,5,5,10,15,10,0,0,25,0,0,25,0,0,0,0,,,,,10,0,10,5,2.4,8.0,12,,1,,,,,,,,,,,,,,,,,,,,,,,,,,,,,,,,,,,,,,,,,,,,,,,,,,,,,,,,,,5,,,,,,,,,10,5,5,,,0,3.4,3.3,1.4,1.4,1.8,322,319,4,      9054,1.0,5.0,27.0,Buitengebied Hijum
9409,BU00806307,Leeuwarden                              ,Buurt     ,BU00806307,1,235,120,115,20,30,40,85,55,100,100,20,15,215,20,0,210,5,0,10,0,,,,,115,50,35,30,2.0,189.0,118,,12,,288.0,100.0,6.0,7.0,20.0,67.0,0.0,3.0,86.0,14.0,8.0,5.0,98.0,2.0,,,,,,,,,,,,,,,,,,,,,,,,,,,,,,,,,,,,,,,,,,,40,5.0,10.0,5.0,0.0,0.0,10.0,5.0,5.0,165,130,35,1.4,135.0,15,3.2,4.7,2.1,2.4,1.7,126,123,3,      9071,1.0,5.0,43.0,Alde Leie
9410,WK008070  ,Leeuwarden                              ,Wijk      ,WK008070  ,1,6975,3380,3595,890,785,1710,1605,1975,3345,2510,625,495,5600,580,795,5600,185,395,400,400,,,,,3575,1630,1065,880,1.9,1973.0,3605,,1987,,257.0,66.0,42.0,18.0,2.0,5.0,34.0,4.0,55.0,45.0,16.0,29.0,100.0,0.0,,,,,,,,,,,,,,,,,,,,,,,,,,,,,,,,,,,,,,,,,,,1150,0.0,200.0,345.0,85.0,40.0,220.0,150.0,115.0,5160,3570,1590,1.4,1460.0,260,0.7,0.9,0.6,0.6,6.2,380,353,27,         .,,3.0,1385.0,Aldlân & De Hemrik
9411,BU00807001,Leeuwarden                              ,Buurt     ,BU00807001,1,3630,1815,1815,605,390,905,940,785,1770,1370,315,175,2920,220,490,2920,115,245,110,245,,,,,1685,590,520,575,2.2,5220.0,1666,,60,,271.0,95.0,62.0,26.0,3.0,6.0,5.0,3.0,72.0,28.0,16.0,12.0,100.0,0.0,,,,,,,,,,,,,,,,,,,,,,,,,,,,,,,,,,,,,,,,,,,255,0.0,30.0,45.0,30.0,5.0,60.0,50.0,40.0,1685,1335,350,1.0,2420.0,115,0.5,0.6,0.4,0.5,4.8,74,70,5,      8935,1.0,3.0,1379.0,Aldlân-Oost
9412,BU00807002,Leeuwarden                              ,Buurt     ,BU00807002,1,1940,905,1030,200,215,475,445,595,895,710,200,130,1625,95,215,1625,50,105,45,110,,,,,1095,550,335,215,1.8,5772.0,1108,,49,,218.0,60.0,40.0,18.0,0.0,1.0,40.0,3.0,51.0,49.0,24.0,25.0,100.0,0.0,,,,,,,,,,,,,,,,,,,,,,,,,,,,,,,,,,,,,,,,,,,125,0.0,20.0,25.0,10.0,0.0,30.0,30.0,15.0,930,765,165,0.9,2774.0,75,0.4,1.2,0.4,0.4,8.0,35,34,2,      8935,1.0,2.0,1842.0,Aldlân-West
9413,BU00807003,Leeuwarden                              ,Buurt     ,BU00807003,1,1060,480,575,35,115,220,140,555,415,370,85,195,960,35,65,965,20,30,20,35,,,,,610,385,190,35,1.5,3728.0,799,,26,,,14.0,5.0,2.0,1.0,5.0,86.0,7.0,26.0,74.0,6.0,68.0,100.0,0.0,,,,,,,,,,,,,,,,,,,,,,,,,,,,,,,,,,,,,,,,,,,125,0.0,10.0,15.0,10.0,5.0,30.0,45.0,15.0,455,345,110,0.8,1602.0,25,1.1,1.2,1.0,1.0,8.0,30,28,2,      8935,1.0,2.0,2224.0,Rapenburg
9414,BU00807004,Leeuwarden                              ,Buurt     ,BU00807004,1,340,180,165,50,65,115,80,35,255,65,20,0,90,225,25,90,5,5,220,20,,,,,190,110,20,55,1.8,155.0,32,,1852,,473.0,84.0,0.0,3.0,9.0,72.0,16.0,9.0,69.0,31.0,0.0,31.0,97.0,3.0,,,,,,,,,,,,,,,,,,,,,,,,,,,,,,,,,,,,,,,,,,,640,0.0,140.0,255.0,35.0,30.0,105.0,30.0,50.0,2090,1125,965,,,45,2.2,2.2,2.0,2.0,4.7,240,222,19,      8938,1.0,4.0,759.0,Hemrik
9415,WK008071  ,Leeuwarden                              ,Wijk      ,WK008071  ,1,3435,1725,1710,705,340,715,915,765,1570,1525,205,140,3025,140,270,3030,95,125,45,145,,,,,1285,265,470,550,2.5,2434.0,1297,,73,,452.0,98.0,33.0,18.0,18.0,29.0,2.0,1.0,92.0,8.0,5.0,3.0,86.0,14.0,,,,,,,,,,,,,,,,,,,,,,,,,,,,,,,,,,,,,,,,,,,300,0.0,20.0,35.0,10.0,15.0,115.0,70.0,40.0,1605,1170,435,1.3,1138.0,140,2.8,1.2,0.8,0.8,7.3,152,141,11,         .,,4.0,922.0,Goutum
9416,BU00807101,Leeuwarden                              ,Buurt     ,BU00807101,1,3435,1725,1710,705,340,715,910,760,1570,1525,200,140,3025,135,270,3025,95,125,45,145,,,,,1285,265,470,550,2.5,2434.0,1297,,73,,452.0,98.0,33.0,18.0,18.0,29.0,2.0,1.0,92.0,8.0,5.0,3.0,86.0,14.0,,,,,,,,,,,,,,,,,,,,,,,,,,,,,,,,,,,,,,,,,,,300,0.0,20.0,35.0,10.0,15.0,115.0,70.0,40.0,1605,1170,435,1.3,1138.0,140,2.8,1.2,0.8,0.8,7.3,152,141,11,      9084,1.0,4.0,922.0,Goutum
9417,WK008072  ,Leeuwarden                              ,Wijk      ,WK008072  ,1,5725,2910,2820,1035,865,1015,1975,835,2765,2465,355,140,4925,260,545,4925,140,310,115,235,,,,,2105,350,680,1075,2.7,1397.0,2090,,72,,496.0,94.0,24.0,9.0,26.0,34.0,6.0,1.0,87.0,13.0,4.0,8.0,98.0,2.0,,,,,,,,,,,,,,,,,,,,,,,,,,,,,,,,,,,,,,,,,,,685,5.0,55.0,75.0,45.0,60.0,230.0,155.0,60.0,4430,2900,1530,2.1,1081.0,220,3.8,1.6,1.3,1.3,2.7,505,410,95,         .,,4.0,740.0,Hempens/Teerns & Zuiderburen
9418,BU00807201,Leeuwarden                              ,Buurt     ,BU00807201,1,155,75,85,20,15,20,55,40,80,60,15,5,140,5,5,145,0,5,5,0,,,,,80,30,25,25,2.0,911.0,69,,4,,446.0,100.0,12.0,13.0,26.0,49.0,0.0,3.0,80.0,20.0,10.0,10.0,91.0,9.0,,,,,,,,,,,,,,,,,,,,,,,,,,,,,,,,,,,,,,,,,,,20,,,,,,,,,90,65,25,1.2,517.0,15,3.3,1.1,1.7,1.7,3.1,20,17,3,      9086,2.0,4.0,532.0,Hempens/Teerns
9419,BU00807202,Leeuwarden                              ,Buurt     ,BU00807202,1,140,65,70,40,15,25,45,15,75,55,10,0,130,0,10,130,0,5,0,0,,,,,40,0,10,30,3.3,198.0,42,,15,,813.0,100.0,0.0,0.0,10.0,90.0,0.0,0.0,100.0,0.0,0.0,0.0,71.0,29.0,,,,,,,,,,,,,,,,,,,,,,,,,,,,,,,,,,,,,,,,,,,30,0.0,0.0,0.0,0.0,5.0,10.0,10.0,0.0,75,35,35,,,15,3.8,1.6,2.1,2.1,2.3,73,70,4,      9086,3.0,5.0,429.0,Buitengebied Hempens
9420,BU00807203,Leeuwarden                              ,Buurt     ,BU00807203,1,5430,2770,2665,970,835,970,1875,785,2615,2345,335,130,4655,250,530,4655,135,300,115,230,,,,,1985,315,650,1020,2.7,1681.0,1979,,53,,491.0,94.0,25.0,9.0,27.0,32.0,6.0,1.0,87.0,13.0,4.0,8.0,99.0,1.0,,,,,,,,,,,,,,,,,,,,,,,,,,,,,,,,,,,,,,,,,,,635,5.0,50.0,70.0,45.0,55.0,220.0,145.0,55.0,4270,2795,1470,2.1,1320.0,195,3.8,1.6,1.2,1.2,2.7,412,323,88,      8939,1.0,4.0,756.0,Zuiderburen
9421,WK008073  ,Leeuwarden                              ,Wijk      ,WK008073  ,1,4080,2080,2000,1285,375,1480,785,150,2440,1435,185,25,3630,110,335,3635,60,220,50,110,,,,,1325,180,265,880,3.1,1137.0,1321,,25,,480.0,91.0,34.0,18.0,27.0,13.0,9.0,1.0,82.0,18.0,5.0,13.0,24.0,76.0,,,,,,,,,,,,,,,,,,,,,,,,,,,,,,,,,,,,,,,,,,,375,0.0,35.0,25.0,35.0,20.0,135.0,95.0,30.0,1675,1140,540,1.3,467.0,115,3.7,1.3,0.9,0.9,3.0,366,359,7,         .,,5.0,419.0,De Zuidlanden
9422,BU00807301,Leeuwarden                              ,Buurt     ,BU00807301,1,1950,990,960,630,185,655,400,80,1200,645,90,15,1725,55,165,1725,30,105,25,65,,,,,655,120,120,410,3.0,3168.0,648,,16,,447.0,87.0,31.0,16.0,29.0,11.0,13.0,1.0,70.0,30.0,10.0,20.0,48.0,52.0,,,,,,,,,,,,,,,,,,,,,,,,,,,,,,,,,,,,,,,,,,,190,0.0,15.0,15.0,15.0,5.0,60.0,60.0,20.0,780,535,240,1.2,1265.0,65,3.7,0.9,0.6,0.6,3.6,63,62,2,      8941,1.0,5.0,399.0,Techum
9423,BU00807302,Leeuwarden                              ,Buurt     ,BU00807302,1,1035,515,515,280,115,350,230,55,570,405,50,5,940,20,70,940,15,50,10,20,,,,,335,35,85,220,3.1,4167.0,336,,0,,506.0,90.0,35.0,20.0,21.0,15.0,10.0,1.0,89.0,10.0,0.0,10.0,0.0,100.0,,,,,,,,,,,,,,,,,,,,,,,,,,,,,,,,,,,,,,,,,,,90,0.0,5.0,5.0,10.0,5.0,35.0,20.0,5.0,440,295,145,1.3,1773.0,30,3.4,1.6,1.9,2.1,1.7,28,25,3,      8941,1.0,5.0,427.0,Wiarda
9424,BU00807303,Leeuwarden                              ,Buurt     ,BU00807303,1,5,5,0,0,5,0,5,0,0,0,0,0,5,0,0,10,0,0,0,0,,,,,5,0,0,0,3.0,,2,,4,,,,,,,,,,,,,,,,,,,,,,,,,,,,,,,,,,,,,,,,,,,,,,,,,,,,,,,,,,10,,,,,,,,,15,5,15,,,0,,,,,,64,64,0,      8941,1.0,5.0,302.0,De Werp
9425,BU00807304,Leeuwarden                              ,Buurt     ,BU00807304,3,5,5,5,0,0,0,0,0,5,0,0,0,5,0,0,0,0,0,0,0,,,,,5,5,0,0,1.3,,4,,4,,,,,,,,,,,,,,,,,,,,,,,,,,,,,,,,,,,,,,,,,,,,,,,,,,,,,,,,,,0,,,,,,,,,0,0,0,,,0,,,,,,157,156,1,      8941,6.0,5.0,139.0,De Zuidlanden
9426,BU00807305,Leeuwarden                              ,Buurt     ,BU00807305,1,1080,560,515,380,70,470,150,5,660,375,40,0,955,25,95,960,15,65,10,30,,,,,330,20,60,250,3.3,4003.0,330,,1,,519.0,100.0,37.0,20.0,29.0,14.0,0.0,1.0,99.0,1.0,0.0,1.0,0.0,100.0,,,,,,,,,,,,,,,,,,,,,,,,,,,,,,,,,,,,,,,,,,,90,0.0,15.0,5.0,10.0,5.0,40.0,15.0,5.0,440,300,140,1.3,1633.0,20,3.8,1.6,0.4,0.4,3.0,28,27,1,      8941,1.0,5.0,458.0,De Klamp
9427,BU00807306,Leeuwarden                              ,Buurt     ,BU00807306,3,5,5,0,5,0,5,0,5,5,0,0,0,10,0,0,5,0,0,0,0,,,,,0,0,0,0,3.0,,1,,0,,,,,,,,,,,,,,,,,,,,,,,,,,,,,,,,,,,,,,,,,,,,,,,,,,,,,,,,,,0,,,,,,,,,0,0,0,,,0,,,,,,25,25,1,      8941,1.0,5.0,178.0,Unia
9428,WK008074  ,Leeuwarden                              ,Wijk      ,WK008074  ,1,190,100,95,20,20,65,50,40,100,65,15,10,160,15,15,165,5,15,5,5,,,,,100,40,35,20,1.8,108.0,71,,7,,379.0,93.0,73.0,6.0,0.0,14.0,7.0,7.0,87.0,13.0,0.0,13.0,18.0,82.0,,,,,,,,,,,,,,,,,,,,,,,,,,,,,,,,,,,,,,,,,,,30,0.0,5.0,5.0,0.0,0.0,5.0,5.0,5.0,95,65,30,1.0,53.0,10,2.7,1.8,1.2,1.3,7.3,182,178,4,         .,,3.0,1168.0,Middelsee
9429,BU00807401,Leeuwarden                              ,Buurt     ,BU00807401,3,130,65,65,15,10,55,30,20,75,40,10,0,105,5,15,105,0,10,5,5,,,,,75,35,30,10,1.7,794.0,56,,1,,330.0,100.0,93.0,7.0,0.0,0.0,0.0,7.0,89.0,11.0,0.0,11.0,0.0,100.0,,,,,,,,,,,,,,,,,,,,,,,,,,,,,,,,,,,,,,,,,,,15,,,,,,,,,70,45,20,0.9,418.0,5,2.5,2.0,1.3,1.3,8.7,18,16,2,      8912,1.0,3.0,1399.0,Havenstêd
9430,BU00807402,Leeuwarden                              ,Buurt     ,BU00807402,1,50,25,25,5,5,10,10,15,20,15,5,5,45,5,0,45,5,0,0,0,,,,,15,10,5,5,2.4,104.0,10,,1,,,,,,,,,,,,,,,,,,,,,,,,,,,,,,,,,,,,,,,,,,,,,,,,,,,,,,,,,,10,,,,,,,,,25,15,10,,,5,3.2,1.2,1.3,1.3,4.0,46,46,0,      8912,2.0,5.0,261.0,Barrahûs
9431,BU00807403,Leeuwarden                              ,Buurt     ,BU00807403,3,0,0,0,0,0,0,0,0,0,0,0,0,0,0,0,0,0,0,0,0,,,,,0,0,0,0,,,0,,0,,,,,,,,,,,,,,,,,,,,,,,,,,,,,,,,,,,,,,,,,,,,,,,,,,,,,,,,,,0,,,,,,,,,0,0,0,,,0,,,,,,23,23,0,         .,,,,Wetterstêd
9432,BU00807404,Leeuwarden                              ,Buurt     ,BU00807404,3,10,0,5,5,5,0,5,0,5,5,0,0,5,5,0,0,5,0,0,0,,,,,5,0,0,5,4.5,,3,,4,,,,,,,,,,,,,,,,,,,,,,,,,,,,,,,,,,,,,,,,,,,,,,,,,,,,,,,,,,5,,,,,,,,,0,0,0,,,0,,,,,,33,33,0,      8912,1.0,4.0,906.0,De Fellingen
9433,BU00807405,Leeuwarden                              ,Buurt     ,BU00807405,3,5,5,5,0,0,0,0,0,0,5,0,0,5,0,0,5,0,0,0,0,,,,,5,0,5,0,1.4,,2,,1,,,,,,,,,,,,,,,,,,,,,,,,,,,,,,,,,,,,,,,,,,,,,,,,,,,,,,,,,,0,,,,,,,,,0,0,0,,,0,,,,,,61,60,2,      8912,1.0,4.0,722.0,Boksumerhoeke
9434,WK008080  ,Leeuwarden                              ,Wijk      ,WK008080  ,1,3970,1965,2005,640,455,935,1125,815,1905,1660,250,155,3630,135,210,3630,60,100,75,105,,,,,1760,565,585,605,2.3,96.0,1767,,294,,317.0,96.0,22.0,17.0,21.0,36.0,4.0,4.0,70.0,30.0,24.0,6.0,92.0,8.0,,,,,,,,,,,,,,,,,,,,,,,,,,,,,,,,,,,,,,,,,,,535,65.0,85.0,95.0,35.0,10.0,110.0,80.0,60.0,2280,1700,585,1.3,55.0,205,2.2,1.3,0.6,0.7,1.1,4732,4124,608,         .,,5.0,193.0,Dorpen Zuid-Oost
9435,BU00808001,Leeuwarden                              ,Buurt     ,BU00808001,1,1045,505,540,190,110,240,285,220,495,430,60,55,950,45,50,950,25,25,25,30,,,,,455,145,145,160,2.3,1548.0,454,,45,,309.0,98.0,23.0,17.0,22.0,36.0,2.0,3.0,70.0,30.0,24.0,6.0,95.0,5.0,,,,,,,,,,,,,,,,,,,,,,,,,,,,,,,,,,,,,,,,,,,115,0.0,20.0,20.0,10.0,5.0,35.0,15.0,10.0,590,455,140,1.3,876.0,35,2.8,0.3,0.4,0.5,1.4,70,67,3,      9088,1.0,5.0,158.0,Wirdum
9436,BU00808002,Leeuwarden                              ,Buurt     ,BU00808002,1,45,20,25,5,10,5,10,10,25,25,0,5,40,0,5,40,0,5,0,0,,,,,15,0,0,10,3.0,26.0,17,,2,,,,,,,,,,,,,,,,,,,,,,,,,,,,,,,,,,,,,,,,,,,,,,,,,,,,,,,,,,5,,,,,,,,,25,15,5,,,5,2.4,1.4,1.2,1.2,2.5,178,176,2,      9087,1.0,5.0,49.0,Swichum
9437,BU00808003,Leeuwarden                              ,Buurt     ,BU00808003,1,100,50,50,10,20,20,40,15,50,45,5,5,95,0,5,95,0,0,0,5,,,,,40,15,10,15,2.5,15.0,38,,7,,435.0,100.0,3.0,5.0,5.0,87.0,0.0,5.0,87.0,13.0,0.0,13.0,95.0,5.0,,,,,,,,,,,,,,,,,,,,,,,,,,,,,,,,,,,,,,,,,,,20,,,,,,,,,60,40,20,,,10,3.0,1.8,1.7,1.7,1.5,692,686,5,      9088,1.0,5.0,59.0,Buitengebied Wirdum
9438,BU00808004,Leeuwarden                              ,Buurt     ,BU00808004,1,1745,845,900,290,180,440,470,370,840,725,125,60,1595,45,100,1595,25,55,25,50,,,,,785,245,270,270,2.2,1508.0,804,,103,,309.0,94.0,25.0,17.0,24.0,28.0,6.0,4.0,69.0,31.0,28.0,4.0,88.0,12.0,,,,,,,,,,,,,,,,,,,,,,,,,,,,,,,,,,,,,,,,,,,210,5.0,35.0,40.0,10.0,5.0,45.0,40.0,30.0,995,755,240,1.3,858.0,85,0.6,0.5,0.5,0.7,1.0,127,116,11,      9005,1.0,5.0,281.0,Wergea
9439,BU00808005,Leeuwarden                              ,Buurt     ,BU00808005,1,120,70,55,10,20,25,40,20,60,60,10,0,115,5,10,110,0,0,0,5,,,,,45,15,15,20,2.5,11.0,41,,10,,547.0,100.0,0.0,0.0,2.0,98.0,0.0,10.0,85.0,15.0,0.0,15.0,95.0,5.0,,,,,,,,,,,,,,,,,,,,,,,,,,,,,,,,,,,,,,,,,,,30,20.0,0.0,0.0,0.0,0.0,0.0,5.0,5.0,65,45,20,,,15,2.1,1.8,1.8,1.9,1.2,1174,1149,25,      9005,2.0,5.0,106.0,Buitengebied Wergea
9440,BU00808006,Leeuwarden                              ,Buurt     ,BU00808006,1,35,20,15,0,5,5,5,10,20,10,5,0,30,0,0,30,0,5,0,0,,,,,15,5,5,5,2.5,13.0,12,,4,,,,,,,,,,,,,,,,,,,,,,,,,,,,,,,,,,,,,,,,,,,,,,,,,,,,,,,,,,10,,,,,,,,,15,10,5,,,0,3.9,3.4,2.3,2.4,1.0,271,259,11,      9004,1.0,5.0,6.0,Warstiens
9441,BU00808007,Leeuwarden                              ,Buurt     ,BU00808007,1,775,390,385,115,80,185,240,160,370,330,45,35,710,30,35,710,10,15,20,25,,,,,370,125,130,115,2.1,1640.0,358,,57,,272.0,98.0,25.0,21.0,20.0,32.0,2.0,4.0,67.0,32.0,26.0,6.0,97.0,3.0,,,,,,,,,,,,,,,,,,,,,,,,,,,,,,,,,,,,,,,,,,,115,5.0,20.0,25.0,5.0,5.0,25.0,20.0,15.0,465,345,120,1.3,981.0,55,4.3,3.7,0.5,0.4,1.0,59,47,12,      9003,1.0,5.0,137.0,Warten
9442,BU00808008,Leeuwarden                              ,Buurt     ,BU00808008,1,100,55,40,10,25,15,35,15,55,40,5,0,90,5,0,90,5,5,5,0,,,,,40,10,15,20,2.6,6.0,43,,66,,458.0,88.0,0.0,0.0,0.0,88.0,12.0,19.0,72.0,26.0,0.0,26.0,95.0,5.0,,,,,,,,,,,,,,,,,,,,,,,,,,,,,,,,,,,,,,,,,,,25,15.0,5.0,0.0,0.0,0.0,5.0,0.0,0.0,65,35,30,,,0,5.0,4.3,2.3,2.1,0.8,2161,1623,539,      9003,1.0,5.0,39.0,Buitengebied Warten
9443,WK008081  ,Leeuwarden                              ,Wijk      ,WK008081  ,1,3900,1975,1925,565,440,755,1195,945,1775,1670,275,185,3635,130,135,3635,75,70,60,65,,,,,1715,550,595,565,2.3,78.0,1718,,182,,339.0,96.0,11.0,10.0,23.0,52.0,4.0,3.0,83.0,17.0,13.0,4.0,97.0,3.0,,,,,,,,,,,,,,,,,,,,,,,,,,,,,,,,,,,,,,,,,,,635,105.0,100.0,65.0,35.0,20.0,110.0,115.0,80.0,2290,1575,715,1.3,46.0,210,4.6,2.6,1.4,1.3,0.9,5084,5013,71,         .,,5.0,84.0,Dorpen Zuid-West
9444,BU00808101,Leeuwarden                              ,Buurt     ,BU00808101,1,475,250,220,70,45,135,135,90,225,185,40,20,440,15,15,440,10,5,0,10,,,,,225,95,65,65,2.1,2398.0,230,,7,,274.0,99.0,27.0,19.0,25.0,28.0,1.0,2.0,79.0,21.0,17.0,3.0,88.0,12.0,,,,,,,,,,,,,,,,,,,,,,,,,,,,,,,,,,,,,,,,,,,40,5.0,5.0,5.0,5.0,0.0,5.0,10.0,5.0,275,215,60,1.2,1400.0,30,0.3,2.8,0.3,0.3,1.0,20,20,0,      9089,1.0,5.0,86.0,Wytgaard
9445,BU00808102,Leeuwarden                              ,Buurt     ,BU00808102,1,150,75,75,25,20,25,50,35,65,75,5,5,140,10,5,140,10,0,0,0,,,,,65,15,20,25,2.5,20.0,59,,4,,457.0,97.0,2.0,3.0,14.0,76.0,3.0,3.0,95.0,5.0,0.0,5.0,97.0,3.0,,,,,,,,,,,,,,,,,,,,,,,,,,,,,,,,,,,,,,,,,,,35,15.0,5.0,5.0,0.0,0.0,5.0,0.0,5.0,85,55,30,1.4,11.0,10,1.2,3.6,1.4,1.4,1.8,747,745,1,      9089,1.0,5.0,67.0,Buitengebied Wytgaard
9446,BU00808103,Leeuwarden                              ,Buurt     ,BU00808103,1,1030,505,525,165,110,190,295,275,445,480,70,40,925,45,65,925,20,25,25,35,,,,,435,115,165,160,2.4,2174.0,443,,32,,369.0,98.0,16.0,16.0,24.0,41.0,2.0,2.0,85.0,15.0,13.0,2.0,100.0,0.0,,,,,,,,,,,,,,,,,,,,,,,,,,,,,,,,,,,,,,,,,,,135,5.0,15.0,15.0,10.0,10.0,30.0,40.0,15.0,565,410,155,1.3,1194.0,50,7.1,0.3,0.4,0.4,1.0,52,47,5,      9022,1.0,5.0,153.0,Mantgum
9447,BU00808104,Leeuwarden                              ,Buurt     ,BU00808104,1,70,45,30,20,5,15,25,10,35,30,5,5,75,0,0,75,0,0,0,0,,,,,25,0,10,10,3.0,14.0,24,,6,,519.0,88.0,0.0,0.0,0.0,88.0,13.0,4.0,92.0,8.0,0.0,8.0,100.0,0.0,,,,,,,,,,,,,,,,,,,,,,,,,,,,,,,,,,,,,,,,,,,15,,,,,,,,,35,20,15,,,5,6.2,1.4,1.2,1.2,1.4,537,533,4,      9022,1.0,5.0,100.0,Buitengebied Mantgum
9448,BU00808105,Leeuwarden                              ,Buurt     ,BU00808105,1,460,220,240,55,35,105,105,160,205,175,35,50,440,10,15,440,5,5,5,5,,,,,215,95,75,50,2.0,1593.0,229,,23,,251.0,85.0,11.0,12.0,21.0,41.0,15.0,3.0,63.0,37.0,34.0,2.0,100.0,0.0,,,,,,,,,,,,,,,,,,,,,,,,,,,,,,,,,,,,,,,,,,,70,5.0,10.0,5.0,5.0,0.0,15.0,15.0,15.0,250,180,70,1.1,865.0,15,3.8,3.6,0.4,0.4,1.0,29,29,0,      9024,1.0,5.0,88.0,Weidum
9449,BU00808106,Leeuwarden                              ,Buurt     ,BU00808106,1,75,40,35,15,5,25,15,10,35,30,5,5,70,0,5,70,0,5,5,5,,,,,25,5,5,10,2.8,14.0,29,,3,,478.0,97.0,3.0,7.0,14.0,72.0,3.0,7.0,83.0,17.0,0.0,17.0,97.0,3.0,,,,,,,,,,,,,,,,,,,,,,,,,,,,,,,,,,,,,,,,,,,25,10.0,0.0,0.0,5.0,0.0,0.0,5.0,5.0,35,20,15,,,5,3.6,3.8,1.1,1.1,1.3,531,519,11,      9024,1.0,5.0,74.0,Buitengebied Weidum
9450,BU00808107,Leeuwarden                              ,Buurt     ,BU00808107,1,145,75,70,25,15,15,55,35,65,70,10,5,140,5,0,140,5,0,0,0,,,,,60,15,30,25,2.3,45.0,59,,13,,471.0,97.0,0.0,0.0,5.0,92.0,3.0,2.0,95.0,5.0,0.0,5.0,100.0,0.0,,,,,,,,,,,,,,,,,,,,,,,,,,,,,,,,,,,,,,,,,,,40,10.0,5.0,5.0,0.0,0.0,10.0,5.0,0.0,95,60,35,1.5,30.0,5,5.3,3.3,2.7,2.7,0.8,325,322,2,      9026,1.0,5.0,36.0,Jellum
9451,BU00808108,Leeuwarden                              ,Buurt     ,BU00808108,1,130,70,60,15,25,15,50,25,60,50,5,5,120,10,0,120,0,0,5,0,,,,,60,25,15,20,2.3,54.0,49,,7,,377.0,100.0,0.0,0.0,8.0,92.0,0.0,4.0,90.0,10.0,0.0,10.0,100.0,0.0,,,,,,,,,,,,,,,,,,,,,,,,,,,,,,,,,,,,,,,,,,,25,5.0,5.0,0.0,0.0,0.0,5.0,5.0,5.0,85,50,35,1.5,35.0,10,4.8,4.6,2.3,2.3,0.9,246,241,6,      9025,1.0,5.0,44.0,Bears
9452,BU00808109,Leeuwarden                              ,Buurt     ,BU00808109,1,220,100,115,20,25,40,75,55,100,85,20,15,205,5,10,205,0,5,5,5,,,,,110,45,35,35,2.0,1680.0,110,,9,,296.0,100.0,11.0,9.0,23.0,57.0,0.0,4.0,80.0,20.0,11.0,9.0,99.0,1.0,,,,,,,,,,,,,,,,,,,,,,,,,,,,,,,,,,,,,,,,,,,35,0.0,5.0,5.0,5.0,0.0,5.0,5.0,10.0,140,95,45,1.3,1072.0,20,7.0,3.0,3.1,2.9,0.6,13,13,0,      9023,1.0,5.0,43.0,Jorwert
9453,BU00808110,Leeuwarden                              ,Buurt     ,BU00808110,1,85,45,40,20,10,15,25,15,50,30,5,0,80,0,5,80,0,0,0,0,,,,,35,15,5,10,2.5,12.0,27,,6,,458.0,93.0,0.0,0.0,0.0,89.0,7.0,15.0,85.0,15.0,0.0,15.0,100.0,0.0,,,,,,,,,,,,,,,,,,,,,,,,,,,,,,,,,,,,,,,,,,,35,10.0,5.0,0.0,0.0,0.0,5.0,5.0,0.0,55,30,25,,,5,6.6,3.4,3.2,3.1,0.9,704,697,8,      9023,1.0,5.0,48.0,Buitengebied Jorwert
9454,BU00808111,Leeuwarden                              ,Buurt     ,BU00808111,1,225,115,110,30,25,50,80,45,105,95,15,5,215,0,10,215,0,5,0,0,,,,,100,30,35,35,2.3,1333.0,98,,13,,315.0,100.0,3.0,4.0,35.0,56.0,0.0,2.0,91.0,9.0,5.0,4.0,98.0,2.0,,,,,,,,,,,,,,,,,,,,,,,,,,,,,,,,,,,,,,,,,,,40,5.0,10.0,10.0,0.0,0.0,10.0,0.0,0.0,165,115,50,1.7,984.0,15,6.0,4.3,4.4,4.4,0.0,17,17,0,      9027,1.0,5.0,40.0,Hilaard
9455,BU00808112,Leeuwarden                              ,Buurt     ,BU00808112,1,75,40,35,15,10,10,25,10,35,35,5,0,75,0,5,70,5,0,0,5,,,,,20,0,10,15,3.1,16.0,22,,12,,549.0,100.0,0.0,0.0,9.0,91.0,0.0,5.0,91.0,9.0,0.0,9.0,100.0,0.0,,,,,,,,,,,,,,,,,,,,,,,,,,,,,,,,,,,,,,,,,,,10,,,,,,,,,30,15,15,,,5,5.9,4.8,4.9,4.9,0.0,475,466,9,      9027,1.0,5.0,20.0,Buitengebied Hilaard
9456,BU00808113,Leeuwarden                              ,Buurt     ,BU00808113,1,105,60,45,15,15,15,35,25,55,40,5,0,100,5,0,100,5,0,0,0,,,,,45,10,20,15,2.3,33.0,48,,6,,323.0,100.0,0.0,0.0,13.0,88.0,0.0,8.0,100.0,0.0,0.0,0.0,98.0,2.0,,,,,,,,,,,,,,,,,,,,,,,,,,,,,,,,,,,,,,,,,,,20,,,,,,,,,60,40,25,,,5,3.3,3.0,3.0,3.0,1.1,318,317,1,      8832,1.0,5.0,17.0,Húns
9457,BU00808114,Leeuwarden                              ,Buurt     ,BU00808114,1,25,5,15,0,10,0,10,5,10,10,0,0,25,0,0,20,0,0,0,0,,,,,10,5,0,5,2.8,12.0,8,,13,,,,,,,,,,,,,,,,,,,,,,,,,,,,,,,,,,,,,,,,,,,,,,,,,,,,,,,,,,5,,,,,,,,,15,5,10,,,0,3.9,3.5,1.6,1.6,1.0,192,188,5,      8833,2.0,5.0,14.0,Leons
9458,BU00808115,Leeuwarden                              ,Buurt     ,BU00808115,1,200,105,90,30,25,25,65,55,90,85,20,5,185,10,10,185,5,0,5,5,,,,,85,15,35,30,2.5,79.0,84,,7,,348.0,100.0,6.0,7.0,21.0,65.0,0.0,5.0,87.0,13.0,7.0,6.0,92.0,8.0,,,,,,,,,,,,,,,,,,,,,,,,,,,,,,,,,,,,,,,,,,,35,5.0,10.0,5.0,0.0,0.0,5.0,10.0,5.0,120,75,45,1.5,47.0,5,3.5,3.1,0.3,0.3,1.1,256,252,4,      8834,1.0,5.0,27.0,Baard
9459,BU00808116,Leeuwarden                              ,Buurt     ,BU00808116,1,375,190,185,45,50,55,130,90,165,165,30,20,360,10,5,360,5,5,5,5,,,,,180,60,60,55,2.1,1540.0,181,,16,,300.0,98.0,7.0,6.0,39.0,46.0,2.0,4.0,82.0,18.0,13.0,6.0,97.0,3.0,,,,,,,,,,,,,,,,,,,,,,,,,,,,,,,,,,,,,,,,,,,40,5.0,10.0,5.0,0.0,0.0,10.0,10.0,5.0,245,175,75,1.4,1006.0,25,3.4,3.1,1.7,1.7,1.0,26,25,2,      8835,1.0,5.0,64.0,Easterlittens
9460,BU00808117,Leeuwarden                              ,Buurt     ,BU00808117,1,50,30,20,5,10,5,20,5,25,25,0,0,50,0,0,50,0,0,0,0,,,,,20,5,10,5,2.5,9.0,18,,5,,,,,,,,,,,,,,,,,,,,,,,,,,,,,,,,,,,,,,,,,,,,,,,,,,,,,,,,,,20,,,,,,,,,20,15,10,,,5,4.2,3.8,2.4,2.4,0.9,594,582,13,      8835,1.0,5.0,29.0,Buitengebied Easterlittens
9461,WK008082  ,Leeuwarden                              ,Wijk      ,WK008082  ,1,8440,4215,4225,1235,900,1735,2430,2135,3980,3340,705,415,7530,405,510,7530,150,185,255,325,,,,,3940,1435,1270,1235,2.1,194.0,3926,,1169,,320.0,91.0,22.0,16.0,24.0,29.0,9.0,4.0,68.0,32.0,25.0,7.0,95.0,5.0,,,,,,,,,,,,,,,,,,,,,,,,,,,,,,,,,,,,,,,,,,,1230,75.0,185.0,215.0,70.0,60.0,345.0,170.0,115.0,4820,3475,1345,1.2,111.0,385,1.8,1.8,0.7,1.1,1.9,4836,4356,480,         .,,4.0,585.0,Grou e.o.
9462,BU00808201,Leeuwarden                              ,Buurt     ,BU00808201,1,985,485,500,175,95,235,250,230,485,405,65,35,895,30,55,895,20,20,15,35,,,,,430,125,155,150,2.3,2150.0,441,,32,,286.0,100.0,19.0,18.0,29.0,33.0,0.0,4.0,74.0,26.0,21.0,5.0,99.0,1.0,,,,,,,,,,,,,,,,,,,,,,,,,,,,,,,,,,,,,,,,,,,105,5.0,15.0,15.0,5.0,5.0,35.0,15.0,10.0,565,430,140,1.3,1236.0,40,3.5,5.0,0.3,0.4,1.0,48,46,2,      9008,1.0,5.0,150.0,Reduzum
9463,BU00808202,Leeuwarden                              ,Buurt     ,BU00808202,1,95,45,50,20,15,20,30,10,50,40,5,5,90,0,0,90,5,0,0,0,,,,,35,10,5,20,2.7,14.0,37,,8,,438.0,100.0,3.0,5.0,11.0,78.0,0.0,8.0,86.0,14.0,0.0,14.0,100.0,0.0,,,,,,,,,,,,,,,,,,,,,,,,,,,,,,,,,,,,,,,,,,,25,15.0,5.0,0.0,0.0,0.0,0.0,0.0,0.0,55,35,20,,,5,4.4,5.1,1.6,1.7,1.5,675,669,6,      9008,2.0,5.0,58.0,Buitengebied Reduzum
9464,BU00808203,Leeuwarden                              ,Buurt     ,BU00808203,1,40,20,20,10,5,10,10,5,25,15,0,0,35,0,5,40,0,0,0,0,,,,,10,0,5,10,4.0,24.0,10,,3,,,,,,,,,,,,,,,,,,,,,,,,,,,,,,,,,,,,,,,,,,,,,,,,,,,,,,,,,,5,,,,,,,,,20,10,10,,,0,3.5,3.5,3.3,3.5,0.1,172,166,6,      9006,1.0,5.0,8.0,Eagum
9465,BU00808204,Leeuwarden                              ,Buurt     ,BU00808204,1,80,40,40,5,15,15,35,15,40,30,10,10,80,0,0,80,0,0,0,0,,,,,35,10,10,10,2.1,42.0,37,,5,,350.0,100.0,0.0,0.0,38.0,62.0,0.0,0.0,97.0,3.0,0.0,3.0,97.0,3.0,,,,,,,,,,,,,,,,,,,,,,,,,,,,,,,,,,,,,,,,,,,20,,,,,,,,,75,55,15,,,10,5.2,3.8,2.5,2.7,1.0,196,194,2,      9007,1.0,5.0,18.0,Idaerd
9466,BU00808205,Leeuwarden                              ,Buurt     ,BU00808205,1,80,45,35,15,10,15,25,15,40,30,5,5,80,0,0,80,0,0,0,0,,,,,30,10,5,15,2.7,26.0,32,,7,,407.0,94.0,0.0,0.0,16.0,78.0,6.0,9.0,94.0,6.0,0.0,6.0,94.0,6.0,,,,,,,,,,,,,,,,,,,,,,,,,,,,,,,,,,,,,,,,,,,15,,,,,,,,,45,25,20,,,5,5.8,5.7,3.1,3.1,0.5,317,309,7,      9009,1.0,5.0,31.0,Friens
9467,BU00808206,Leeuwarden                              ,Buurt     ,BU00808206,1,5560,2750,2805,725,585,1110,1620,1515,2575,2175,500,300,4870,305,385,4870,95,140,205,240,,,,,2715,1065,875,775,2.0,1859.0,2687,,855,,319.0,88.0,24.0,17.0,23.0,24.0,12.0,4.0,64.0,36.0,29.0,7.0,94.0,6.0,,,,,,,,,,,,,,,,,,,,,,,,,,,,,,,,,,,,,,,,,,,825,5.0,115.0,160.0,50.0,45.0,235.0,130.0,80.0,3135,2265,870,1.2,1049.0,235,0.7,0.6,0.6,1.1,2.0,365,299,66,      9001,1.0,4.0,784.0,Grou
9468,BU00808207,Leeuwarden                              ,Buurt     ,BU00808207,1,215,115,100,35,20,30,55,70,95,105,15,5,200,10,5,200,5,5,10,5,,,,,85,20,35,35,2.5,12.0,74,,101,,622.0,92.0,0.0,0.0,0.0,92.0,8.0,16.0,93.0,7.0,0.0,7.0,96.0,4.0,,,,,,,,,,,,,,,,,,,,,,,,,,,,,,,,,,,,,,,,,,,60,20.0,5.0,5.0,0.0,5.0,15.0,5.0,5.0,130,70,65,1.5,7.0,15,4.2,3.6,3.5,3.4,1.1,2152,1797,355,      9001,1.0,5.0,139.0,Buitengebied Grou
9469,BU00808208,Leeuwarden                              ,Buurt     ,BU00808208,1,1295,665,630,225,145,290,375,255,640,495,110,55,1180,55,60,1180,30,20,30,40,,,,,570,190,170,200,2.2,1442.0,581,,149,,286.0,99.0,23.0,19.0,26.0,31.0,1.0,3.0,72.0,28.0,18.0,10.0,95.0,5.0,,,,,,,,,,,,,,,,,,,,,,,,,,,,,,,,,,,,,,,,,,,165,10.0,35.0,25.0,10.0,5.0,50.0,15.0,15.0,775,575,200,1.4,863.0,70,3.9,3.4,0.6,0.5,2.3,102,90,12,      9011,1.0,5.0,191.0,Jirnsum
9470,BU00808209,Leeuwarden                              ,Buurt     ,BU00808209,1,95,45,45,25,10,15,25,10,45,45,0,0,90,0,0,95,5,0,0,0,,,,,30,0,10,15,3.3,12.0,27,,9,,551.0,96.0,0.0,0.0,0.0,96.0,4.0,4.0,96.0,4.0,0.0,4.0,100.0,0.0,,,,,,,,,,,,,,,,,,,,,,,,,,,,,,,,,,,,,,,,,,,10,,,,,,,,,20,10,10,,,0,4.8,4.7,2.1,2.4,1.7,809,786,23,      9011,2.0,5.0,51.0,Buitengebied Jirnsum
11373,GM1970    ,Noardeast-Fryslân                       ,Gemeente  ,GM1970    ,1,45864,23175,22689,7182,5608,9933,12550,10591,21384,18763,3117,2600,42136,1530,2198,42136,618,857,912,1341,,,,,20182,7108,6182,6892,2.2,121.0,21001,,3776,,294.0,89.0,16.0,13.0,20.0,40.0,11.0,5.0,67.0,33.0,24.0,9.0,95.0,5.0,,,,,,,,,,,,,,,,,,,,,,,,,,,,,,,,,,,,,,,,,,,5595,675.0,1100.0,1065.0,250.0,195.0,940.0,795.0,575.0,25410,19140,6270,1.3,67.0,2445,2.0,1.8,0.8,0.9,3.9,51645,37922,13723,         .,,5.0,477.0,Noardeast-Fryslân
11374,WK197000  ,Noardeast-Fryslân                       ,Wijk      ,WK197000  ,1,13030,6340,6690,1950,1695,2735,3395,3250,6035,5125,1005,865,11685,495,845,11685,170,305,330,540,,,,,5990,2395,1685,1905,2.1,1410.0,6178,,1552,,299.0,79.0,27.0,17.0,15.0,19.0,21.0,3.0,52.0,48.0,36.0,12.0,93.0,7.0,,,,,,,,,,,,,,,,,,,,,,,,,,,,,,,,,,,,,,,,,,,1445,20.0,230.0,370.0,50.0,75.0,275.0,265.0,165.0,6625,5120,1500,1.1,717.0,525,1.8,0.6,0.5,0.6,8.6,977,924,53,         .,,4.0,983.0,Dokkum
11375,BU19700000,Noardeast-Fryslân                       ,Buurt     ,BU19700000,1,1405,750,665,85,235,435,370,290,810,380,155,60,1225,85,100,1225,25,30,65,65,,,,,905,575,210,125,1.5,5868.0,934,,282,,236.0,45.0,25.0,12.0,4.0,4.0,55.0,7.0,38.0,62.0,14.0,48.0,99.0,1.0,,,,,,,,,,,,,,,,,,,,,,,,,,,,,,,,,,,,,,,,,,,335,0.0,15.0,140.0,5.0,20.0,65.0,35.0,50.0,735,595,140,0.8,3063.0,65,1.5,0.6,0.6,0.7,9.0,29,24,5,      9101,1.0,3.0,1391.0,Dokkum binnen de Bolwerken
11376,BU19700001,Noardeast-Fryslân                       ,Buurt     ,BU19700001,1,1070,535,535,105,130,220,315,300,505,420,70,70,985,35,50,990,20,20,15,35,,,,,535,245,165,125,1.9,1200.0,594,,69,,291.0,69.0,9.0,11.0,24.0,26.0,31.0,4.0,48.0,52.0,41.0,10.0,99.0,1.0,,,,,,,,,,,,,,,,,,,,,,,,,,,,,,,,,,,,,,,,,,,125,0.0,25.0,15.0,10.0,5.0,25.0,25.0,20.0,540,415,125,1.0,604.0,50,1.6,0.5,0.3,0.7,9.2,93,89,3,      9101,1.0,3.0,1177.0,Dokkum Noord
11377,BU19700002,Noardeast-Fryslân                       ,Buurt     ,BU19700002,1,1795,870,920,290,215,380,425,480,875,610,180,120,1510,60,220,1515,35,65,25,150,,,,,865,375,230,260,2.1,3347.0,894,,158,,270.0,95.0,45.0,22.0,14.0,14.0,5.0,3.0,32.0,68.0,66.0,3.0,92.0,8.0,,,,,,,,,,,,,,,,,,,,,,,,,,,,,,,,,,,,,,,,,,,100,5.0,10.0,20.0,0.0,5.0,25.0,25.0,15.0,865,705,160,1.0,1612.0,50,1.3,0.4,0.2,0.3,9.0,56,54,2,      9101,1.0,3.0,1258.0,Dokkum Fonteinslanden
11378,BU19700003,Noardeast-Fryslân                       ,Buurt     ,BU19700003,1,2445,1140,1300,445,295,490,545,670,1085,905,215,245,2140,65,235,2140,30,80,35,160,,,,,1045,390,270,390,2.3,2868.0,1135,,106,,242.0,80.0,41.0,25.0,10.0,4.0,20.0,3.0,45.0,55.0,52.0,3.0,100.0,0.0,,,,,,,,,,,,,,,,,,,,,,,,,,,,,,,,,,,,,,,,,,,125,0.0,20.0,20.0,5.0,0.0,20.0,35.0,15.0,1040,850,190,1.0,1223.0,70,2.9,0.4,0.4,0.4,9.0,90,85,5,      9101,1.0,4.0,760.0,Dokkum Fugellan
11379,BU19700004,Noardeast-Fryslân                       ,Buurt     ,BU19700004,1,85,45,40,15,15,20,20,15,45,35,5,5,60,20,10,60,0,0,15,5,,,,,35,20,5,15,2.3,62.0,25,,431,,324.0,92.0,0.0,0.0,20.0,72.0,8.0,4.0,88.0,12.0,0.0,12.0,100.0,0.0,,,,,,,,,,,,,,,,,,,,,,,,,,,,,,,,,,,,,,,,,,,105,0.0,35.0,30.0,5.0,10.0,15.0,5.0,10.0,90,50,40,,,5,1.6,0.9,1.0,1.2,8.7,142,138,4,      9101,1.0,4.0,568.0,Dokkum Betterwird
11380,BU19700005,Noardeast-Fryslân                       ,Buurt     ,BU19700005,1,1160,525,635,110,80,265,245,460,455,425,125,155,995,80,80,995,20,20,60,55,,,,,675,375,180,115,1.6,3409.0,647,,62,,253.0,67.0,33.0,20.0,12.0,2.0,33.0,2.0,33.0,67.0,56.0,11.0,64.0,36.0,,,,,,,,,,,,,,,,,,,,,,,,,,,,,,,,,,,,,,,,,,,85,0.0,15.0,15.0,0.0,0.0,10.0,40.0,10.0,540,455,90,0.8,1596.0,45,0.5,0.4,0.4,0.3,9.0,36,34,2,      9101,1.0,3.0,1146.0,Dokkum Hoedemakerspolder
11381,BU19700006,Noardeast-Fryslân                       ,Buurt     ,BU19700006,1,445,215,230,70,45,65,100,170,165,225,20,35,430,5,10,425,5,5,5,5,,,,,190,50,85,55,2.3,752.0,188,,71,,433.0,82.0,3.0,3.0,28.0,48.0,18.0,1.0,98.0,2.0,0.0,2.0,88.0,12.0,,,,,,,,,,,,,,,,,,,,,,,,,,,,,,,,,,,,,,,,,,,65,0.0,10.0,10.0,0.0,5.0,10.0,10.0,10.0,265,190,75,1.4,445.0,30,0.8,1.0,1.0,1.1,7.1,63,59,4,      9101,1.0,4.0,660.0,Dokkum De Woudhorne
11382,BU19700007,Noardeast-Fryslân                       ,Buurt     ,BU19700007,1,780,375,405,240,110,210,175,35,435,315,25,5,655,90,35,655,5,20,80,15,,,,,235,30,35,165,3.3,630.0,220,,33,,484.0,86.0,7.0,7.0,15.0,57.0,14.0,0.0,78.0,22.0,6.0,15.0,55.0,45.0,,,,,,,,,,,,,,,,,,,,,,,,,,,,,,,,,,,,,,,,,,,95,0.0,15.0,30.0,5.0,5.0,20.0,10.0,5.0,370,245,125,1.6,301.0,25,1.4,1.6,0.3,1.5,6.6,135,123,12,      9101,1.0,5.0,406.0,De Trije Terpen
11383,BU19700008,Noardeast-Fryslân                       ,Buurt     ,BU19700008,1,1235,615,625,195,165,230,355,285,540,580,60,55,1190,10,35,1190,5,20,5,15,,,,,470,100,165,200,2.5,2039.0,492,,18,,340.0,93.0,12.0,11.0,38.0,32.0,7.0,1.0,78.0,22.0,18.0,4.0,99.0,1.0,,,,,,,,,,,,,,,,,,,,,,,,,,,,,,,,,,,,,,,,,,,85,0.0,20.0,15.0,5.0,5.0,15.0,20.0,10.0,620,480,140,1.3,1027.0,55,2.2,0.6,0.5,0.4,9.0,61,61,1,      9102,2.0,4.0,781.0,Dokkum Weeshuislanden
11384,BU19700009,Noardeast-Fryslân                       ,Buurt     ,BU19700009,1,1165,570,595,190,155,220,310,295,515,505,90,60,1085,30,55,1085,15,25,15,25,,,,,510,175,150,180,2.3,1247.0,522,,25,,311.0,99.0,37.0,30.0,16.0,17.0,1.0,2.0,58.0,42.0,35.0,7.0,100.0,0.0,,,,,,,,,,,,,,,,,,,,,,,,,,,,,,,,,,,,,,,,,,,65,0.0,5.0,10.0,5.0,0.0,15.0,25.0,10.0,650,490,160,1.3,692.0,45,1.8,0.9,0.6,0.6,7.5,101,94,8,      9103,1.0,4.0,714.0,Dokkum Jantjeszeepolder
11385,BU19700010,Noardeast-Fryslân                       ,Buurt     ,BU19700010,1,1375,670,705,205,235,195,515,230,570,690,55,50,1335,15,25,1335,10,15,5,10,,,,,500,70,180,255,2.7,1444.0,502,,2,,466.0,98.0,12.0,5.0,16.0,65.0,2.0,1.0,99.0,1.0,0.0,1.0,100.0,0.0,,,,,,,,,,,,,,,,,,,,,,,,,,,,,,,,,,,,,,,,,,,125,0.0,20.0,10.0,5.0,10.0,45.0,25.0,10.0,785,580,205,1.6,828.0,75,2.2,1.0,0.9,1.0,8.0,100,95,5,      9103,1.0,4.0,793.0,Dokkum Kooilanden
11386,BU19700011,Noardeast-Fryslân                       ,Buurt     ,BU19700011,1,70,40,35,5,15,10,30,20,25,40,5,5,65,0,0,65,0,0,0,5,,,,,25,5,10,15,2.6,105.0,25,,295,,623.0,96.0,0.0,0.0,8.0,88.0,4.0,0.0,88.0,12.0,0.0,12.0,88.0,12.0,,,,,,,,,,,,,,,,,,,,,,,,,,,,,,,,,,,,,,,,,,,145,0.0,40.0,65.0,0.0,10.0,15.0,10.0,5.0,125,70,55,,,10,1.8,0.3,0.5,0.5,9.0,71,68,3,      9101,1.0,3.0,1017.0,Dokkum Hogedijken
11387,WK197001  ,Noardeast-Fryslân                       ,Wijk      ,WK197001  ,1,1590,775,810,245,170,330,435,405,680,700,80,120,1525,25,40,1525,15,20,10,15,,,,,625,175,225,230,2.4,72.0,725,,104,,283.0,89.0,6.0,7.0,19.0,57.0,11.0,8.0,77.0,23.0,17.0,6.0,99.0,1.0,,,,,,,,,,,,,,,,,,,,,,,,,,,,,,,,,,,,,,,,,,,215,40.0,40.0,25.0,15.0,5.0,35.0,30.0,25.0,940,695,245,1.5,43.0,140,2.0,2.9,1.3,1.3,1.9,2238,2202,36,         .,,5.0,109.0,Metslawier
11388,BU19700100,Noardeast-Fryslân                       ,Buurt     ,BU19700100,1,830,395,435,135,95,175,195,235,360,330,45,95,795,15,20,795,5,10,5,10,,,,,320,105,100,110,2.3,2034.0,398,,45,,231.0,81.0,9.0,10.0,25.0,37.0,19.0,8.0,68.0,32.0,29.0,3.0,99.0,1.0,,,,,,,,,,,,,,,,,,,,,,,,,,,,,,,,,,,,,,,,,,,90,5.0,20.0,15.0,5.0,0.0,15.0,20.0,5.0,485,365,120,1.5,1195.0,85,1.7,3.0,0.4,0.4,1.7,41,41,0,      9123,1.0,5.0,143.0,Metslawier
11389,BU19700101,Noardeast-Fryslân                       ,Buurt     ,BU19700101,1,40,20,20,5,5,10,15,5,20,20,5,0,40,0,0,40,0,0,0,0,,,,,15,0,5,5,2.7,16.0,15,,5,,,,,,,,,,,,,,,,,,,,,,,,,,,,,,,,,,,,,,,,,,,,,,,,,,,,,,,,,,10,,,,,,,,,30,20,10,,,0,3.8,4.7,2.3,2.3,1.4,255,249,6,      9124,1.0,5.0,12.0,Jouswier
11390,BU19700102,Noardeast-Fryslân                       ,Buurt     ,BU19700102,1,315,160,155,50,25,70,100,65,130,145,20,15,300,5,10,305,0,5,5,5,,,,,130,35,60,45,2.3,583.0,142,,12,,289.0,98.0,5.0,7.0,17.0,69.0,2.0,7.0,91.0,9.0,5.0,4.0,99.0,1.0,,,,,,,,,,,,,,,,,,,,,,,,,,,,,,,,,,,,,,,,,,,40,5.0,10.0,5.0,0.0,0.0,10.0,5.0,5.0,195,150,45,1.5,364.0,35,0.4,2.2,1.7,1.7,2.0,54,54,0,      9138,1.0,5.0,60.0,Niawier
11391,BU19700103,Noardeast-Fryslân                       ,Buurt     ,BU19700103,1,55,25,25,10,5,10,20,10,30,15,5,5,50,0,0,55,0,0,0,0,,,,,20,5,10,5,2.5,21.0,23,,2,,433.0,100.0,0.0,0.0,0.0,100.0,0.0,4.0,96.0,4.0,0.0,4.0,100.0,0.0,,,,,,,,,,,,,,,,,,,,,,,,,,,,,,,,,,,,,,,,,,,10,,,,,,,,,35,25,10,,,0,2.1,3.5,3.2,3.2,0.3,265,258,7,      9122,1.0,5.0,10.0,Wetsens
11392,BU19700104,Noardeast-Fryslân                       ,Buurt     ,BU19700104,1,110,60,55,10,10,25,30,40,40,75,5,5,105,0,5,105,5,0,0,0,,,,,50,10,20,15,2.4,26.0,46,,4,,433.0,100.0,0.0,0.0,0.0,100.0,0.0,2.0,83.0,17.0,0.0,17.0,96.0,4.0,,,,,,,,,,,,,,,,,,,,,,,,,,,,,,,,,,,,,,,,,,,25,10.0,0.0,0.0,0.0,0.0,5.0,0.0,5.0,65,45,15,,,5,3.1,1.6,1.6,1.5,5.5,439,434,5,      9121,1.0,5.0,129.0,Aalsum
11393,BU19700105,Noardeast-Fryslân                       ,Buurt     ,BU19700105,1,120,60,60,25,15,25,40,25,60,50,10,5,115,0,0,120,5,0,0,0,,,,,50,10,20,20,2.7,551.0,48,,4,,305.0,96.0,0.0,0.0,17.0,79.0,4.0,4.0,90.0,10.0,0.0,10.0,100.0,0.0,,,,,,,,,,,,,,,,,,,,,,,,,,,,,,,,,,,,,,,,,,,10,,,,,,,,,80,55,20,,,5,6.0,3.9,3.3,3.3,0.0,22,22,0,      9125,1.0,5.0,22.0,Oostrum
11394,BU19700107,Noardeast-Fryslân                       ,Buurt     ,BU19700107,1,30,15,20,10,0,10,10,5,15,10,5,5,30,0,0,25,0,0,5,5,,,,,10,0,0,5,3.4,10.0,11,,7,,,,,,,,,,,,,,,,,,,,,,,,,,,,,,,,,,,,,,,,,,,,,,,,,,,,,,,,,,5,,,,,,,,,5,5,5,,,0,2.0,3.3,1.2,1.2,1.4,325,320,4,      9123,1.0,5.0,82.0,Verspreide huizen Metslawier
11395,BU19700108,Noardeast-Fryslân                       ,Buurt     ,BU19700108,1,35,15,20,0,5,5,15,10,15,25,0,0,35,0,0,35,5,0,0,0,,,,,15,0,5,5,2.6,8.0,14,,2,,,,,,,,,,,,,,,,,,,,,,,,,,,,,,,,,,,,,,,,,,,,,,,,,,,,,,,,,,10,,,,,,,,,10,5,5,,,0,1.2,3.0,2.4,2.4,1.1,433,431,1,      9138,1.0,5.0,52.0,Verspreide huizen Niawier
11396,BU19700109,Noardeast-Fryslân                       ,Buurt     ,BU19700109,1,50,25,20,0,10,5,20,15,20,30,0,5,50,0,0,50,0,0,0,0,,,,,25,5,5,10,2.2,13.0,28,,23,,376.0,96.0,0.0,0.0,11.0,86.0,4.0,18.0,64.0,36.0,0.0,36.0,100.0,0.0,,,,,,,,,,,,,,,,,,,,,,,,,,,,,,,,,,,,,,,,,,,20,,,,,,,,,35,20,15,,,10,4.9,2.7,2.6,2.6,2.6,404,392,12,      9125,1.0,5.0,146.0,Verspreide huizen Oostrum
11397,WK197002  ,Noardeast-Fryslân                       ,Wijk      ,WK197002  ,1,1410,750,660,215,160,305,410,325,675,605,80,55,1315,55,45,1315,25,20,30,20,,,,,615,210,190,215,2.3,57.0,627,,92,,291.0,98.0,9.0,9.0,16.0,63.0,2.0,6.0,85.0,15.0,8.0,7.0,98.0,2.0,,,,,,,,,,,,,,,,,,,,,,,,,,,,,,,,,,,,,,,,,,,205,45.0,45.0,30.0,10.0,0.0,30.0,25.0,20.0,785,570,215,1.3,32.0,55,6.3,6.3,0.7,0.7,1.1,2567,2467,100,         .,,5.0,82.0,Ee - Zuidoost
11398,BU19700200,Noardeast-Fryslân                       ,Buurt     ,BU19700200,1,590,315,275,95,65,125,160,150,275,250,35,25,560,10,20,560,5,10,5,10,,,,,275,105,80,90,2.2,1871.0,285,,31,,249.0,99.0,14.0,13.0,23.0,48.0,1.0,4.0,82.0,18.0,11.0,7.0,98.0,2.0,,,,,,,,,,,,,,,,,,,,,,,,,,,,,,,,,,,,,,,,,,,55,5.0,10.0,10.0,0.0,0.0,10.0,10.0,5.0,350,265,85,1.3,1113.0,20,5.8,6.3,0.3,0.3,1.0,32,32,0,      9131,1.0,5.0,114.0,Ee
11399,BU19700201,Noardeast-Fryslân                       ,Buurt     ,BU19700201,1,460,235,220,75,55,105,135,90,230,180,25,20,410,35,10,410,15,5,25,0,,,,,185,55,50,75,2.4,313.0,187,,25,,279.0,98.0,9.0,9.0,17.0,64.0,2.0,4.0,87.0,13.0,9.0,4.0,99.0,1.0,,,,,,,,,,,,,,,,,,,,,,,,,,,,,,,,,,,,,,,,,,,60,10.0,15.0,5.0,5.0,0.0,10.0,5.0,10.0,260,185,75,1.4,178.0,20,7.5,6.7,0.5,0.5,1.1,152,146,6,      9132,1.0,5.0,68.0,Engwierum
11400,BU19700202,Noardeast-Fryslân                       ,Buurt     ,BU19700202,1,40,20,15,0,0,5,15,20,10,25,5,0,35,0,0,35,0,0,0,0,,,,,20,5,15,0,1.9,525.0,24,,6,,279.0,92.0,8.0,8.0,17.0,50.0,8.0,13.0,100.0,0.0,0.0,0.0,100.0,0.0,,,,,,,,,,,,,,,,,,,,,,,,,,,,,,,,,,,,,,,,,,,5,,,,,,,,,25,15,10,,,5,5.7,4.8,2.4,2.4,1.0,9,8,2,      9132,1.0,5.0,46.0,Dokkumer Nieuwe Zijlen
11401,BU19700208,Noardeast-Fryslân                       ,Buurt     ,BU19700208,1,230,125,110,30,30,50,70,55,105,110,10,5,225,5,0,225,5,0,5,5,,,,,95,25,40,30,2.5,18.0,97,,25,,382.0,99.0,0.0,0.0,1.0,98.0,1.0,6.0,88.0,12.0,0.0,12.0,97.0,3.0,,,,,,,,,,,,,,,,,,,,,,,,,,,,,,,,,,,,,,,,,,,60,20.0,15.0,5.0,5.0,0.0,10.0,5.0,5.0,115,80,35,1.3,9.0,5,5.1,5.5,1.5,1.5,1.1,1294,1280,14,      9131,1.0,5.0,51.0,Verspreide huizen Ee
11402,BU19700209,Noardeast-Fryslân                       ,Buurt     ,BU19700209,1,95,55,40,10,10,20,35,15,45,40,10,0,90,0,5,90,0,0,0,5,,,,,45,20,10,15,2.1,9.0,34,,5,,467.0,100.0,0.0,0.0,0.0,100.0,0.0,18.0,85.0,15.0,0.0,15.0,100.0,0.0,,,,,,,,,,,,,,,,,,,,,,,,,,,,,,,,,,,,,,,,,,,25,10.0,5.0,0.0,0.0,0.0,5.0,5.0,5.0,35,25,5,,,0,6.8,6.5,1.8,1.8,1.4,1080,1002,78,      9132,1.0,5.0,29.0,Verspreide huizen Engwierum
11403,WK197003  ,Noardeast-Fryslân                       ,Wijk      ,WK197003  ,1,1820,945,880,345,215,410,495,355,875,785,90,70,1720,45,55,1715,25,20,25,35,,,,,740,235,225,290,2.4,63.0,755,,542,,291.0,99.0,10.0,11.0,25.0,54.0,1.0,6.0,80.0,20.0,15.0,5.0,95.0,5.0,,,,,,,,,,,,,,,,,,,,,,,,,,,,,,,,,,,,,,,,,,,205,45.0,40.0,35.0,10.0,5.0,30.0,30.0,20.0,1055,750,300,1.4,36.0,100,1.6,1.7,1.4,0.7,1.4,2967,2889,78,         .,,5.0,118.0,Anjum - Noordoost
11404,BU19700300,Noardeast-Fryslân                       ,Buurt     ,BU19700300,1,895,460,440,180,120,220,220,155,465,365,30,35,865,15,20,865,5,5,5,15,,,,,360,105,100,150,2.5,2635.0,369,,31,,259.0,99.0,13.0,16.0,30.0,40.0,1.0,3.0,76.0,24.0,22.0,2.0,95.0,5.0,,,,,,,,,,,,,,,,,,,,,,,,,,,,,,,,,,,,,,,,,,,75,10.0,15.0,15.0,5.0,0.0,10.0,15.0,5.0,520,390,130,1.4,1520.0,50,0.3,0.5,0.3,0.4,1.0,34,34,0,      9133,1.0,5.0,131.0,Anjum
11405,BU19700301,Noardeast-Fryslân                       ,Buurt     ,BU19700301,1,325,155,170,70,35,65,85,70,135,155,25,15,305,10,10,310,5,10,5,5,,,,,130,40,40,50,2.5,1584.0,136,,12,,250.0,100.0,12.0,10.0,33.0,45.0,0.0,4.0,76.0,24.0,18.0,7.0,98.0,2.0,,,,,,,,,,,,,,,,,,,,,,,,,,,,,,,,,,,,,,,,,,,25,0.0,10.0,5.0,0.0,0.0,0.0,5.0,0.0,155,110,45,1.2,753.0,20,3.5,3.1,2.7,0.3,2.5,21,21,0,      9134,1.0,5.0,78.0,Lioessens
11406,BU19700302,Noardeast-Fryslân                       ,Buurt     ,BU19700302,1,175,95,75,35,20,40,45,35,85,75,10,5,170,5,0,165,0,0,5,0,,,,,70,20,20,30,2.5,1372.0,74,,6,,266.0,99.0,8.0,8.0,20.0,62.0,1.0,7.0,92.0,8.0,7.0,1.0,99.0,1.0,,,,,,,,,,,,,,,,,,,,,,,,,,,,,,,,,,,,,,,,,,,15,,,,,,,,,115,80,35,1.6,910.0,10,3.1,3.0,2.6,1.1,2.0,13,13,0,      9135,1.0,5.0,76.0,Morra
11407,BU19700303,Noardeast-Fryslân                       ,Buurt     ,BU19700303,1,95,50,40,5,10,15,35,25,40,40,10,5,70,20,5,70,5,5,10,5,,,,,55,25,15,10,1.8,138.0,36,,450,,308.0,97.0,6.0,11.0,28.0,53.0,3.0,22.0,94.0,3.0,0.0,3.0,83.0,17.0,,,,,,,,,,,,,,,,,,,,,,,,,,,,,,,,,,,,,,,,,,,20,,,,,,,,,65,50,15,1.2,97.0,5,2.6,2.7,2.6,2.7,0.9,69,69,0,      9133,1.0,5.0,151.0,Oostmahorn
11408,BU19700307,Noardeast-Fryslân                       ,Buurt     ,BU19700307,1,180,105,80,30,15,40,65,35,80,80,10,5,175,5,5,175,0,5,0,5,,,,,75,20,25,30,2.4,10.0,81,,25,,415.0,99.0,0.0,0.0,7.0,90.0,1.0,10.0,84.0,16.0,0.0,16.0,96.0,4.0,,,,,,,,,,,,,,,,,,,,,,,,,,,,,,,,,,,,,,,,,,,45,15.0,5.0,5.0,0.0,0.0,10.0,5.0,5.0,110,65,45,1.4,6.0,10,1.6,1.8,1.6,1.6,1.1,1940,1871,69,      9133,1.0,5.0,62.0,Verspreide huizen Anjum
11409,BU19700308,Noardeast-Fryslân                       ,Buurt     ,BU19700308,1,75,40,35,15,5,15,20,20,35,30,10,5,70,5,0,70,0,0,5,0,,,,,25,5,10,10,2.6,17.0,28,,16,,423.0,96.0,0.0,0.0,0.0,96.0,4.0,11.0,86.0,11.0,0.0,11.0,100.0,0.0,,,,,,,,,,,,,,,,,,,,,,,,,,,,,,,,,,,,,,,,,,,15,,,,,,,,,50,35,20,,,5,3.2,3.1,3.0,1.2,1.3,436,431,4,      9134,1.0,5.0,52.0,Verspreide huizen Lioessens
11410,BU19700309,Noardeast-Fryslân                       ,Buurt     ,BU19700309,1,70,40,30,5,10,15,20,15,30,35,0,0,65,0,0,70,0,0,0,0,,,,,25,5,10,10,2.6,15.0,31,,2,,433.0,100.0,0.0,0.0,0.0,100.0,0.0,13.0,90.0,10.0,0.0,10.0,97.0,3.0,,,,,,,,,,,,,,,,,,,,,,,,,,,,,,,,,,,,,,,,,,,10,,,,,,,,,40,25,15,,,0,3.3,3.3,2.7,1.9,1.6,455,451,4,      9135,1.0,5.0,39.0,Verspreide huizen Morra
11411,WK197004  ,Noardeast-Fryslân                       ,Wijk      ,WK197004  ,1,1105,570,535,185,155,230,340,200,530,450,70,50,1055,30,25,1060,15,10,15,15,,,,,470,155,140,175,2.3,108.0,509,,57,,287.0,96.0,8.0,10.0,19.0,60.0,4.0,9.0,81.0,19.0,12.0,7.0,97.0,3.0,,,,,,,,,,,,,,,,,,,,,,,,,,,,,,,,,,,,,,,,,,,155,30.0,30.0,25.0,15.0,10.0,15.0,15.0,10.0,675,490,185,1.4,66.0,95,2.8,1.1,1.2,1.1,1.8,1030,1027,4,         .,,5.0,104.0,Oosternijkerk - Noordwest
11412,BU19700400,Noardeast-Fryslân                       ,Buurt     ,BU19700400,1,795,400,395,145,115,175,225,140,395,305,55,40,760,25,20,755,10,10,10,10,,,,,335,105,95,130,2.4,1407.0,337,,35,,274.0,96.0,8.0,10.0,25.0,53.0,4.0,3.0,81.0,19.0,14.0,5.0,96.0,4.0,,,,,,,,,,,,,,,,,,,,,,,,,,,,,,,,,,,,,,,,,,,90,5.0,20.0,15.0,5.0,10.0,15.0,10.0,10.0,485,355,130,1.5,856.0,75,2.3,0.3,0.5,0.5,2.2,57,57,0,      9137,1.0,5.0,120.0,Oosternijkerk
11413,BU19700401,Noardeast-Fryslân                       ,Buurt     ,BU19700401,1,175,100,75,20,25,35,65,35,85,75,10,10,170,5,0,170,5,5,5,0,,,,,85,35,20,25,2.0,1801.0,111,,11,,263.0,98.0,12.0,14.0,12.0,59.0,2.0,23.0,77.0,23.0,13.0,10.0,100.0,0.0,,,,,,,,,,,,,,,,,,,,,,,,,,,,,,,,,,,,,,,,,,,35,10.0,5.0,5.0,10.0,0.0,0.0,5.0,0.0,110,80,30,1.3,1125.0,10,4.7,4.3,3.9,3.4,0.0,10,10,0,      9136,1.0,5.0,86.0,Paesens
11414,BU19700408,Noardeast-Fryslân                       ,Buurt     ,BU19700408,1,105,55,50,15,15,20,40,15,45,55,5,5,105,5,0,105,0,0,0,0,,,,,40,10,15,20,2.6,18.0,46,,4,,396.0,100.0,0.0,0.0,0.0,100.0,0.0,11.0,89.0,9.0,0.0,9.0,96.0,4.0,,,,,,,,,,,,,,,,,,,,,,,,,,,,,,,,,,,,,,,,,,,20,,,,,,,,,65,45,20,,,10,3.0,1.4,1.5,1.5,1.6,611,608,3,      9137,1.0,5.0,58.0,Verspreide huizen Oosternijkerk
11415,BU19700409,Noardeast-Fryslân                       ,Buurt     ,BU19700409,1,30,10,15,5,0,5,5,10,10,15,0,0,25,0,0,25,0,0,0,0,,,,,10,0,5,0,2.4,7.0,15,,7,,,,,,,,,,,,,,,,,,,,,,,,,,,,,,,,,,,,,,,,,,,,,,,,,,,,,,,,,,5,,,,,,,,,15,10,5,,,0,3.8,3.5,3.3,2.5,0.9,353,352,1,      9136,1.0,5.0,38.0,Verspreide huizen Paesens
11416,WK197005  ,Noardeast-Fryslân                       ,Wijk      ,WK197005  ,1,2215,1140,1075,320,240,465,680,515,1000,930,190,100,2020,105,100,2020,45,35,60,65,,,,,1045,400,335,305,2.1,92.0,1196,,113,,245.0,92.0,9.0,9.0,22.0,51.0,8.0,15.0,74.0,25.0,14.0,11.0,98.0,2.0,,,,,,,,,,,,,,,,,,,,,,,,,,,,,,,,,,,,,,,,,,,270,50.0,50.0,35.0,10.0,5.0,50.0,40.0,30.0,1325,970,355,1.3,55.0,95,2.4,1.8,1.8,1.9,1.1,2424,2411,14,         .,,5.0,123.0,Ternaard
11417,BU19700500,Noardeast-Fryslân                       ,Buurt     ,BU19700500,1,1065,560,505,155,135,265,310,200,520,420,85,35,960,50,55,960,25,15,25,40,,,,,490,180,155,155,2.2,1783.0,531,,41,,224.0,85.0,13.0,9.0,20.0,43.0,15.0,9.0,66.0,34.0,18.0,17.0,98.0,2.0,,,,,,,,,,,,,,,,,,,,,,,,,,,,,,,,,,,,,,,,,,,110,10.0,25.0,20.0,5.0,0.0,20.0,20.0,15.0,605,465,140,1.2,1012.0,35,0.5,0.4,0.4,0.5,1.6,60,60,0,      9145,1.0,5.0,191.0,Ternaard
11418,BU19700501,Noardeast-Fryslân                       ,Buurt     ,BU19700501,1,285,145,135,35,20,50,105,70,120,115,35,15,245,20,10,250,5,5,15,10,,,,,160,70,45,35,1.8,1186.0,194,,11,,218.0,99.0,7.0,13.0,30.0,48.0,1.0,21.0,76.0,22.0,14.0,8.0,100.0,0.0,,,,,,,,,,,,,,,,,,,,,,,,,,,,,,,,,,,,,,,,,,,25,5.0,0.0,5.0,0.0,0.0,5.0,5.0,5.0,205,150,50,1.3,861.0,20,4.9,4.5,4.8,4.9,0.0,24,24,1,      9141,1.0,5.0,64.0,Wierum
11419,BU19700502,Noardeast-Fryslân                       ,Buurt     ,BU19700502,1,310,150,160,45,25,65,90,85,135,120,30,20,285,5,15,290,0,5,5,15,,,,,155,70,50,40,2.0,1113.0,175,,12,,233.0,98.0,7.0,10.0,32.0,48.0,2.0,10.0,77.0,23.0,19.0,4.0,99.0,1.0,,,,,,,,,,,,,,,,,,,,,,,,,,,,,,,,,,,,,,,,,,,30,5.0,5.0,0.0,0.0,0.0,5.0,5.0,5.0,190,130,60,1.2,684.0,20,4.6,2.4,2.6,2.6,1.0,28,28,0,      9143,1.0,5.0,63.0,Nes
11420,BU19700503,Noardeast-Fryslân                       ,Buurt     ,BU19700503,1,210,100,110,30,20,25,70,60,85,100,15,15,190,10,10,190,5,5,5,5,,,,,100,40,35,20,2.1,1190.0,143,,15,,237.0,99.0,10.0,14.0,21.0,53.0,1.0,32.0,78.0,19.0,8.0,10.0,99.0,1.0,,,,,,,,,,,,,,,,,,,,,,,,,,,,,,,,,,,,,,,,,,,30,5.0,5.0,5.0,0.0,0.0,5.0,5.0,5.0,120,90,25,1.2,672.0,10,5.0,4.4,4.2,3.8,0.0,18,18,0,      9142,1.0,5.0,86.0,Moddergat
11421,BU19700506,Noardeast-Fryslân                       ,Buurt     ,BU19700506,1,260,135,125,50,30,45,75,60,110,125,10,10,240,15,5,240,5,5,10,0,,,,,100,25,35,40,2.6,27.0,105,,21,,364.0,96.0,0.0,0.0,10.0,86.0,4.0,12.0,95.0,4.0,0.0,4.0,90.0,10.0,,,,,,,,,,,,,,,,,,,,,,,,,,,,,,,,,,,,,,,,,,,50,15.0,10.0,5.0,0.0,0.0,10.0,5.0,0.0,160,105,55,1.6,16.0,15,1.7,1.3,1.5,1.8,1.0,982,979,4,      9145,1.0,5.0,86.0,Verspreide huizen Ternaard
11422,BU19700507,Noardeast-Fryslân                       ,Buurt     ,BU19700507,1,25,20,5,0,5,5,10,10,15,15,5,0,25,0,0,25,0,0,0,0,,,,,15,5,5,5,2.0,6.0,14,,3,,,,,,,,,,,,,,,,,,,,,,,,,,,,,,,,,,,,,,,,,,,,,,,,,,,,,,,,,,10,,,,,,,,,10,5,5,,,0,3.9,3.6,3.6,3.9,0.0,415,411,5,      9141,1.0,5.0,21.0,Verspreide huizen Wierum
11423,BU19700508,Noardeast-Fryslân                       ,Buurt     ,BU19700508,1,55,30,25,5,10,10,25,15,20,30,5,5,55,0,0,55,0,0,0,0,,,,,25,5,5,10,2.4,8.0,28,,7,,433.0,100.0,0.0,0.0,18.0,82.0,0.0,18.0,93.0,7.0,0.0,7.0,100.0,0.0,,,,,,,,,,,,,,,,,,,,,,,,,,,,,,,,,,,,,,,,,,,10,,,,,,,,,35,20,15,,,5,4.5,2.5,2.8,2.8,0.7,724,720,4,      9143,1.0,5.0,42.0,Verspreide huizen Nes
11424,BU19700509,Noardeast-Fryslân                       ,Buurt     ,BU19700509,1,15,10,5,0,0,5,5,5,5,10,0,0,15,0,0,15,0,0,0,0,,,,,5,0,5,0,2.3,8.0,6,,3,,,,,,,,,,,,,,,,,,,,,,,,,,,,,,,,,,,,,,,,,,,,,,,,,,,,,,,,,,5,,,,,,,,,5,5,0,,,0,5.4,3.4,3.6,3.5,0.0,173,173,1,      9142,1.0,5.0,56.0,Verspreide huizen Moddergat
11425,WK197006  ,Noardeast-Fryslân                       ,Wijk      ,WK197006  ,1,2300,1190,1110,365,285,530,655,465,1110,910,180,110,2065,125,110,2065,35,35,95,70,,,,,1015,345,325,350,2.3,66.0,1030,,143,,269.0,96.0,16.0,15.0,20.0,45.0,4.0,5.0,74.0,26.0,20.0,6.0,97.0,3.0,,,,,,,,,,,,,,,,,,,,,,,,,,,,,,,,,,,,,,,,,,,290,60.0,50.0,40.0,10.0,5.0,55.0,40.0,25.0,1290,975,315,1.3,37.0,135,1.4,1.3,1.1,0.9,1.0,3499,3473,26,         .,,5.0,166.0,Holwerd
11426,BU19700600,Noardeast-Fryslân                       ,Buurt     ,BU19700600,1,1470,755,710,255,165,370,385,300,740,540,115,70,1285,100,85,1285,20,30,75,60,,,,,675,260,195,220,2.2,2369.0,680,,57,,226.0,95.0,21.0,19.0,25.0,30.0,5.0,5.0,66.0,34.0,28.0,6.0,97.0,3.0,,,,,,,,,,,,,,,,,,,,,,,,,,,,,,,,,,,,,,,,,,,130,5.0,35.0,20.0,5.0,0.0,30.0,20.0,10.0,780,625,160,1.2,1261.0,90,0.4,0.4,0.6,0.4,1.0,62,62,0,      9151,1.0,5.0,235.0,Holwerd
11427,BU19700601,Noardeast-Fryslân                       ,Buurt     ,BU19700601,1,45,20,20,0,10,5,20,10,20,15,0,5,40,5,0,40,0,0,0,0,,,,,20,5,10,5,2.4,24.0,20,,2,,353.0,100.0,15.0,10.0,10.0,65.0,0.0,10.0,90.0,10.0,0.0,10.0,100.0,0.0,,,,,,,,,,,,,,,,,,,,,,,,,,,,,,,,,,,,,,,,,,,5,,,,,,,,,25,15,10,,,0,1.8,2.1,2.2,1.8,1.0,181,181,1,      9152,1.0,5.0,37.0,Waaxens
11428,BU19700602,Noardeast-Fryslân                       ,Buurt     ,BU19700602,1,210,110,100,25,20,50,65,50,90,100,20,5,190,15,5,190,5,5,5,5,,,,,95,30,30,30,2.2,1714.0,98,,7,,279.0,97.0,8.0,10.0,17.0,61.0,3.0,2.0,91.0,9.0,5.0,4.0,98.0,2.0,,,,,,,,,,,,,,,,,,,,,,,,,,,,,,,,,,,,,,,,,,,25,5.0,0.0,5.0,0.0,0.0,5.0,0.0,5.0,120,85,40,1.3,996.0,10,2.7,2.9,3.1,2.7,1.0,12,12,0,      9153,1.0,5.0,43.0,Brantgum
11429,BU19700603,Noardeast-Fryslân                       ,Buurt     ,BU19700603,1,65,30,30,5,5,15,20,20,20,40,5,5,60,0,5,60,0,0,0,0,,,,,25,5,15,10,2.4,19.0,26,,4,,401.0,92.0,0.0,0.0,0.0,92.0,8.0,4.0,96.0,4.0,0.0,4.0,96.0,4.0,,,,,,,,,,,,,,,,,,,,,,,,,,,,,,,,,,,,,,,,,,,15,,,,,,,,,45,30,15,,,5,3.9,4.0,2.7,2.7,0.9,339,338,1,      9154,1.0,5.0,25.0,Foudgum
11430,BU19700604,Noardeast-Fryslân                       ,Buurt     ,BU19700604,1,100,55,50,10,20,10,40,20,45,50,5,5,100,0,5,100,0,0,0,0,,,,,40,10,15,15,2.7,25.0,40,,7,,432.0,98.0,0.0,0.0,5.0,93.0,3.0,5.0,98.0,3.0,0.0,3.0,95.0,5.0,,,,,,,,,,,,,,,,,,,,,,,,,,,,,,,,,,,,,,,,,,,25,10.0,0.0,5.0,0.0,5.0,5.0,5.0,0.0,65,40,25,,,5,3.2,2.5,1.1,1.2,1.9,432,424,8,      9156,1.0,5.0,32.0,Bornwird
11431,BU19700605,Noardeast-Fryslân                       ,Buurt     ,BU19700605,1,215,120,95,30,30,50,75,30,115,80,20,5,205,10,5,205,5,5,5,0,,,,,85,20,30,35,2.5,67.0,87,,5,,328.0,100.0,9.0,14.0,14.0,63.0,0.0,2.0,86.0,14.0,7.0,7.0,97.0,3.0,,,,,,,,,,,,,,,,,,,,,,,,,,,,,,,,,,,,,,,,,,,25,5.0,5.0,0.0,0.0,0.0,5.0,5.0,0.0,140,100,40,1.6,43.0,15,4.5,3.8,0.9,0.9,1.0,328,322,6,      9155,1.0,5.0,28.0,Raard
11432,BU19700608,Noardeast-Fryslân                       ,Buurt     ,BU19700608,1,160,85,75,20,20,25,60,35,60,80,10,5,145,5,10,150,5,0,0,10,,,,,65,10,25,25,2.5,9.0,66,,60,,408.0,94.0,0.0,0.0,3.0,91.0,6.0,9.0,83.0,17.0,0.0,17.0,95.0,5.0,,,,,,,,,,,,,,,,,,,,,,,,,,,,,,,,,,,,,,,,,,,60,20.0,5.0,10.0,5.0,0.0,5.0,10.0,0.0,95,65,30,1.5,5.0,5,1.8,1.8,2.0,1.7,1.0,1797,1787,10,      9151,1.0,5.0,85.0,Verspreide huizen Holwerd
11433,BU19700609,Noardeast-Fryslân                       ,Buurt     ,BU19700609,1,40,20,20,10,0,10,5,5,20,10,5,0,40,0,0,40,0,0,0,0,,,,,10,5,0,5,3.1,11.0,13,,1,,,,,,,,,,,,,,,,,,,,,,,,,,,,,,,,,,,,,,,,,,,,,,,,,,,,,,,,,,5,,,,,,,,,15,10,5,,,0,3.6,3.7,3.8,3.0,0.4,347,346,1,      9153,1.0,5.0,28.0,Verspreide huizen Brantgum
11434,WK197007  ,Noardeast-Fryslân                       ,Wijk      ,WK197007  ,1,740,385,355,130,80,170,210,145,350,320,40,30,700,20,20,700,5,10,10,10,,,,,295,75,100,120,2.5,50.0,310,,30,,328.0,99.0,3.0,6.0,16.0,74.0,1.0,6.0,82.0,18.0,9.0,9.0,99.0,1.0,,,,,,,,,,,,,,,,,,,,,,,,,,,,,,,,,,,,,,,,,,,100,30.0,20.0,10.0,0.0,5.0,15.0,5.0,10.0,425,300,125,1.4,28.0,60,3.4,3.2,3.2,1.4,1.5,1494,1485,9,         .,,5.0,39.0,Hantum
11435,BU19700700,Noardeast-Fryslân                       ,Buurt     ,BU19700700,1,295,150,145,55,25,95,60,55,145,110,20,20,280,5,10,280,5,5,0,5,,,,,125,40,40,45,2.3,2250.0,132,,9,,246.0,100.0,8.0,14.0,24.0,54.0,0.0,4.0,79.0,21.0,16.0,5.0,98.0,2.0,,,,,,,,,,,,,,,,,,,,,,,,,,,,,,,,,,,,,,,,,,,20,,,,,,,,,175,135,40,1.4,1346.0,30,2.9,2.6,2.6,1.1,2.0,13,13,0,      9147,1.0,5.0,57.0,Hantum
11436,BU19700701,Noardeast-Fryslân                       ,Buurt     ,BU19700701,1,110,60,50,20,10,20,40,20,60,30,15,5,100,5,5,100,0,0,0,5,,,,,45,20,10,15,2.3,617.0,50,,4,,287.0,100.0,0.0,0.0,22.0,78.0,0.0,6.0,74.0,26.0,12.0,14.0,100.0,0.0,,,,,,,,,,,,,,,,,,,,,,,,,,,,,,,,,,,,,,,,,,,20,,,,,,,,,60,40,20,,,5,4.4,4.6,4.4,1.8,1.0,18,18,0,      9144,1.0,5.0,24.0,Hantumhuizen
11437,BU19700702,Noardeast-Fryslân                       ,Buurt     ,BU19700702,1,70,40,30,15,10,10,20,15,40,30,5,0,65,0,0,65,0,0,0,0,,,,,20,5,10,10,3.1,17.0,25,,1,,470.0,100.0,0.0,0.0,0.0,100.0,0.0,12.0,84.0,16.0,0.0,16.0,100.0,0.0,,,,,,,,,,,,,,,,,,,,,,,,,,,,,,,,,,,,,,,,,,,10,,,,,,,,,30,15,15,,,0,3.8,4.0,4.0,2.1,1.0,408,406,2,      9146,1.0,5.0,9.0,Hantumeruitburen
11438,BU19700703,Noardeast-Fryslân                       ,Buurt     ,BU19700703,1,70,40,30,15,10,10,25,10,35,35,0,0,70,0,0,70,0,0,0,0,,,,,20,0,5,15,3.1,28.0,24,,5,,453.0,100.0,0.0,0.0,0.0,100.0,0.0,8.0,88.0,13.0,0.0,13.0,100.0,0.0,,,,,,,,,,,,,,,,,,,,,,,,,,,,,,,,,,,,,,,,,,,15,,,,,,,,,35,20,10,,,5,4.1,3.5,3.5,2.7,0.7,247,244,2,      9148,1.0,5.0,13.0,Hiaure
11439,BU19700708,Noardeast-Fryslân                       ,Buurt     ,BU19700708,1,85,45,40,10,10,15,30,25,25,50,0,0,80,5,0,85,0,0,5,0,,,,,35,0,15,10,2.6,25.0,35,,6,,372.0,94.0,0.0,0.0,11.0,83.0,6.0,11.0,94.0,6.0,0.0,6.0,100.0,0.0,,,,,,,,,,,,,,,,,,,,,,,,,,,,,,,,,,,,,,,,,,,15,,,,,,,,,60,45,15,,,10,2.9,2.5,2.6,1.0,1.9,338,336,2,      9147,1.0,5.0,54.0,Verspreide huizen Hantum
11440,BU19700709,Noardeast-Fryslân                       ,Buurt     ,BU19700709,1,110,55,55,20,10,20,35,20,50,55,5,0,105,5,5,110,0,0,5,5,,,,,45,5,20,20,2.6,24.0,44,,5,,440.0,95.0,0.0,0.0,5.0,91.0,5.0,2.0,86.0,14.0,0.0,14.0,98.0,2.0,,,,,,,,,,,,,,,,,,,,,,,,,,,,,,,,,,,,,,,,,,,20,,,,,,,,,65,40,25,,,10,3.7,3.5,3.5,1.1,1.1,470,468,2,      9144,1.0,5.0,24.0,Verspreide huizen Hantumhuizen
11441,WK197008  ,Noardeast-Fryslân                       ,Wijk      ,WK197008  ,1,4165,2115,2045,630,505,895,1085,1040,1990,1630,270,270,3750,195,215,3745,60,90,140,130,,,,,1845,665,550,625,2.2,88.0,1919,,228,,263.0,92.0,13.0,13.0,21.0,45.0,8.0,4.0,69.0,31.0,18.0,13.0,97.0,3.0,,,,,,,,,,,,,,,,,,,,,,,,,,,,,,,,,,,,,,,,,,,500,85.0,115.0,80.0,25.0,15.0,65.0,70.0,50.0,2315,1750,565,1.3,49.0,250,2.0,1.1,0.6,0.6,2.6,4733,4709,24,         .,,5.0,193.0,Wijk 08 Bouwstreek
11442,BU19700800,Noardeast-Fryslân                       ,Buurt     ,BU19700800,1,1645,840,810,230,190,345,415,465,755,635,125,135,1420,125,105,1420,30,35,95,70,,,,,745,310,210,230,2.1,1939.0,804,,71,,224.0,86.0,19.0,17.0,17.0,32.0,14.0,4.0,61.0,39.0,23.0,17.0,98.0,2.0,,,,,,,,,,,,,,,,,,,,,,,,,,,,,,,,,,,,,,,,,,,155,5.0,40.0,25.0,5.0,5.0,25.0,30.0,15.0,875,670,205,1.2,1028.0,80,0.7,0.4,0.4,0.4,2.6,85,85,0,      9172,1.0,5.0,271.0,Ferwerd
11443,BU19700801,Noardeast-Fryslân                       ,Buurt     ,BU19700801,1,1205,600,600,190,160,270,305,280,605,460,75,65,1105,35,60,1100,15,30,20,35,,,,,530,175,160,190,2.3,1893.0,532,,49,,255.0,96.0,13.0,13.0,30.0,41.0,4.0,2.0,69.0,31.0,21.0,10.0,97.0,3.0,,,,,,,,,,,,,,,,,,,,,,,,,,,,,,,,,,,,,,,,,,,110,5.0,25.0,20.0,10.0,5.0,20.0,10.0,20.0,680,525,155,1.3,1070.0,90,2.2,0.4,0.3,0.3,3.6,64,64,0,      9073,1.0,5.0,198.0,Marrum
11444,BU19700802,Noardeast-Fryslân                       ,Buurt     ,BU19700802,1,615,315,300,110,70,145,145,145,310,230,35,35,570,20,25,570,10,15,10,10,,,,,285,115,80,90,2.2,963.0,289,,17,,252.0,100.0,12.0,11.0,29.0,47.0,0.0,4.0,71.0,29.0,20.0,10.0,96.0,4.0,,,,,,,,,,,,,,,,,,,,,,,,,,,,,,,,,,,,,,,,,,,55,5.0,10.0,5.0,0.0,0.0,5.0,10.0,10.0,350,270,80,1.2,545.0,35,3.7,3.0,0.4,0.3,1.4,64,64,0,      9171,1.0,5.0,106.0,Blija
11445,BU19700803,Noardeast-Fryslân                       ,Buurt     ,BU19700803,1,85,40,45,10,10,15,30,25,40,35,5,10,80,5,0,80,0,0,0,5,,,,,40,10,20,10,2.1,23.0,43,,9,,359.0,93.0,5.0,7.0,0.0,81.0,7.0,5.0,88.0,12.0,0.0,12.0,100.0,0.0,,,,,,,,,,,,,,,,,,,,,,,,,,,,,,,,,,,,,,,,,,,20,,,,,,,,,55,40,15,,,0,3.1,2.9,2.3,2.3,1.4,389,387,2,      9173,1.0,5.0,24.0,Hogebeintum
11446,BU19700807,Noardeast-Fryslân                       ,Buurt     ,BU19700807,1,175,95,80,25,20,30,55,45,75,80,10,10,165,5,10,160,0,5,5,5,,,,,75,20,25,30,2.4,10.0,79,,22,,416.0,97.0,0.0,0.0,5.0,92.0,3.0,6.0,90.0,10.0,3.0,8.0,97.0,3.0,,,,,,,,,,,,,,,,,,,,,,,,,,,,,,,,,,,,,,,,,,,55,15.0,15.0,5.0,0.0,0.0,5.0,10.0,0.0,115,85,35,1.6,7.0,25,2.0,1.7,1.6,1.6,2.4,1772,1766,7,      9172,1.0,5.0,96.0,Verspreide huizen Ferwerd
11447,BU19700808,Noardeast-Fryslân                       ,Buurt     ,BU19700808,1,205,105,100,25,30,35,65,45,90,95,10,10,200,0,5,200,0,5,0,0,,,,,80,15,30,30,2.5,18.0,86,,49,,378.0,99.0,1.0,2.0,7.0,88.0,1.0,6.0,90.0,10.0,0.0,10.0,100.0,0.0,,,,,,,,,,,,,,,,,,,,,,,,,,,,,,,,,,,,,,,,,,,50,15.0,10.0,10.0,5.0,0.0,5.0,5.0,0.0,140,95,40,1.7,12.0,15,2.7,1.5,1.5,1.5,2.3,1151,1141,10,      9073,1.0,5.0,103.0,Verspreide huizen Marrum-Westernijkerk
11448,BU19700809,Noardeast-Fryslân                       ,Buurt     ,BU19700809,1,230,120,110,45,30,50,70,35,125,90,10,5,215,5,5,220,5,0,0,5,,,,,80,15,30,40,2.8,19.0,86,,11,,401.0,98.0,0.0,0.0,9.0,88.0,2.0,9.0,87.0,12.0,0.0,12.0,97.0,3.0,,,,,,,,,,,,,,,,,,,,,,,,,,,,,,,,,,,,,,,,,,,55,20.0,10.0,5.0,5.0,5.0,0.0,5.0,0.0,105,65,40,1.3,9.0,5,4.0,3.7,1.4,1.4,1.2,1209,1203,6,      9171,1.0,5.0,41.0,Verspreide huizen Blija
11449,WK197009  ,Noardeast-Fryslân                       ,Wijk      ,WK197009  ,1,2640,1385,1255,440,335,560,730,575,1245,1095,180,120,2350,115,175,2350,50,75,60,100,,,,,1145,360,370,415,2.3,90.0,1181,,85,,275.0,95.0,16.0,17.0,26.0,36.0,5.0,3.0,71.0,29.0,24.0,6.0,97.0,3.0,,,,,,,,,,,,,,,,,,,,,,,,,,,,,,,,,,,,,,,,,,,285,40.0,60.0,35.0,15.0,10.0,50.0,50.0,30.0,1520,1110,415,1.3,52.0,120,0.8,0.8,0.6,0.7,3.4,2974,2948,25,         .,,5.0,307.0,Wijk 09 Zuidwest
11450,BU19700900,Noardeast-Fryslân                       ,Buurt     ,BU19700900,1,2280,1175,1105,380,285,505,610,495,1080,925,165,110,2010,100,170,2005,45,75,55,100,,,,,1000,325,310,360,2.3,2493.0,1028,,52,,257.0,96.0,18.0,19.0,29.0,29.0,4.0,3.0,69.0,31.0,27.0,4.0,96.0,4.0,,,,,,,,,,,,,,,,,,,,,,,,,,,,,,,,,,,,,,,,,,,200,5.0,45.0,30.0,10.0,5.0,40.0,40.0,25.0,1235,955,280,1.2,1352.0,110,0.5,0.6,0.4,0.5,3.6,94,91,3,      9074,1.0,5.0,342.0,Hallum
11451,BU19700909,Noardeast-Fryslân                       ,Buurt     ,BU19700909,1,365,210,150,65,50,55,125,75,165,170,15,15,345,15,5,340,5,0,5,5,,,,,145,35,60,50,2.5,13.0,153,,33,,396.0,93.0,0.0,0.0,7.0,86.0,7.0,5.0,82.0,18.0,0.0,18.0,99.0,1.0,,,,,,,,,,,,,,,,,,,,,,,,,,,,,,,,,,,,,,,,,,,90,35.0,10.0,5.0,5.0,5.0,10.0,10.0,5.0,285,150,135,1.9,10.0,15,2.2,2.2,1.9,1.9,2.2,2879,2857,22,      9074,1.0,5.0,100.0,Verspreide huizen Hallum
11452,WK197010  ,Noardeast-Fryslân                       ,Wijk      ,WK197010  ,1,1780,900,885,270,190,350,530,440,770,800,120,90,1675,55,55,1670,25,30,30,30,,,,,775,225,300,255,2.3,73.0,785,,144,,363.0,99.0,6.0,8.0,16.0,68.0,1.0,4.0,82.0,18.0,11.0,7.0,95.0,5.0,,,,,,,,,,,,,,,,,,,,,,,,,,,,,,,,,,,,,,,,,,,255,50.0,55.0,35.0,15.0,10.0,45.0,30.0,25.0,1105,805,305,1.4,46.0,130,1.7,6.8,1.6,1.6,0.8,2475,2432,42,         .,,5.0,114.0,Wijk 10
11453,BU19701000,Noardeast-Fryslân                       ,Buurt     ,BU19701000,1,1035,535,505,140,120,195,290,290,440,465,75,55,975,25,35,975,10,15,15,15,,,,,475,150,185,140,2.2,1515.0,487,,47,,333.0,99.0,9.0,13.0,19.0,58.0,1.0,3.0,79.0,21.0,16.0,4.0,95.0,5.0,,,,,,,,,,,,,,,,,,,,,,,,,,,,,,,,,,,,,,,,,,,120,5.0,25.0,15.0,10.0,5.0,25.0,15.0,15.0,680,520,160,1.4,992.0,80,0.6,7.6,0.7,0.6,1.0,76,68,7,      9112,5.0,5.0,167.0,Birdaard
11454,BU19701001,Noardeast-Fryslân                       ,Buurt     ,BU19701001,1,125,55,70,30,5,30,40,20,65,50,10,0,110,10,10,110,5,5,5,5,,,,,55,15,20,15,2.4,506.0,51,,5,,290.0,100.0,4.0,4.0,39.0,53.0,0.0,2.0,88.0,12.0,8.0,4.0,100.0,0.0,,,,,,,,,,,,,,,,,,,,,,,,,,,,,,,,,,,,,,,,,,,15,,,,,,,,,90,65,25,1.8,372.0,10,2.5,5.0,2.4,2.3,1.0,25,25,1,      9178,1.0,5.0,24.0,Wanswerd
11455,BU19701002,Noardeast-Fryslân                       ,Buurt     ,BU19701002,1,70,40,30,15,10,15,20,10,35,20,5,5,65,0,0,65,0,0,0,0,,,,,30,10,5,10,2.6,42.0,20,,3,,456.0,100.0,0.0,0.0,0.0,100.0,0.0,0.0,80.0,20.0,0.0,20.0,100.0,0.0,,,,,,,,,,,,,,,,,,,,,,,,,,,,,,,,,,,,,,,,,,,10,,,,,,,,,45,25,20,,,10,1.7,6.2,2.1,2.0,1.0,167,165,2,      9177,1.0,5.0,15.0,Jislum
11456,BU19701003,Noardeast-Fryslân                       ,Buurt     ,BU19701003,1,90,45,45,10,5,15,30,30,30,55,5,5,80,5,0,80,0,0,5,0,,,,,40,0,25,15,2.3,45.0,41,,6,,387.0,100.0,0.0,0.0,0.0,100.0,0.0,10.0,93.0,7.0,0.0,7.0,100.0,0.0,,,,,,,,,,,,,,,,,,,,,,,,,,,,,,,,,,,,,,,,,,,15,,,,,,,,,50,35,10,,,5,3.4,4.5,3.5,3.5,0.2,198,198,0,      9174,1.0,5.0,19.0,Genum
11457,BU19701004,Noardeast-Fryslân                       ,Buurt     ,BU19701004,1,130,60,65,15,15,25,50,25,60,65,10,0,125,0,0,125,0,0,0,0,,,,,55,10,20,20,2.4,47.0,57,,6,,432.0,95.0,0.0,0.0,7.0,88.0,5.0,4.0,89.0,11.0,0.0,11.0,91.0,9.0,,,,,,,,,,,,,,,,,,,,,,,,,,,,,,,,,,,,,,,,,,,20,,,,,,,,,80,60,20,1.4,28.0,10,4.5,5.6,4.4,4.3,0.0,281,279,2,      9175,1.0,5.0,21.0,Reitsum
11458,BU19701005,Noardeast-Fryslân                       ,Buurt     ,BU19701005,1,80,35,45,5,15,10,30,25,25,50,0,5,75,5,0,75,0,0,0,0,,,,,35,5,15,15,2.3,35.0,31,,3,,416.0,100.0,0.0,0.0,13.0,87.0,0.0,0.0,81.0,19.0,0.0,19.0,100.0,0.0,,,,,,,,,,,,,,,,,,,,,,,,,,,,,,,,,,,,,,,,,,,10,,,,,,,,,45,35,15,,,0,5.5,5.6,2.7,2.7,1.0,230,225,5,      9176,3.0,5.0,10.0,Lichtaard
11459,BU19701006,Noardeast-Fryslân                       ,Buurt     ,BU19701006,1,40,20,20,15,5,10,10,0,25,15,0,0,40,0,0,35,0,0,0,0,,,,,10,0,5,10,2.9,16.0,14,,8,,,,,,,,,,,,,,,,,,,,,,,,,,,,,,,,,,,,,,,,,,,,,,,,,,,,,,,,,,15,,,,,,,,,20,15,5,,,5,3.8,6.5,3.7,3.7,0.1,259,254,5,      9107,1.0,5.0,10.0,Janum
11460,BU19701008,Noardeast-Fryslân                       ,Buurt     ,BU19701008,1,115,60,55,25,15,30,30,15,60,45,5,5,110,5,5,110,0,0,0,5,,,,,45,15,10,20,2.6,20.0,44,,59,,455.0,91.0,0.0,0.0,16.0,75.0,9.0,5.0,82.0,18.0,0.0,18.0,66.0,34.0,,,,,,,,,,,,,,,,,,,,,,,,,,,,,,,,,,,,,,,,,,,35,5.0,10.0,10.0,0.0,0.0,5.0,0.0,5.0,55,25,25,,,5,1.1,7.4,1.3,1.2,1.0,584,577,7,      9111,2.0,5.0,122.0,Verspreide huizen Birdaard
11461,BU19701009,Noardeast-Fryslân                       ,Buurt     ,BU19701009,1,95,50,50,20,5,20,30,20,45,40,10,5,95,0,0,95,0,0,0,5,,,,,40,10,15,10,2.6,15.0,40,,7,,453.0,100.0,3.0,5.0,0.0,93.0,0.0,13.0,88.0,13.0,0.0,13.0,100.0,0.0,,,,,,,,,,,,,,,,,,,,,,,,,,,,,,,,,,,,,,,,,,,20,,,,,,,,,45,30,20,,,5,3.4,5.6,3.3,3.2,0.3,655,642,13,      9178,2.0,5.0,17.0,Verspreide huizen Wanswerd
11462,WK197011  ,Noardeast-Fryslân                       ,Wijk      ,WK197011  ,1,5815,2895,2920,880,680,1290,1450,1515,2675,2365,365,405,5405,105,305,5400,60,115,45,190,,,,,2560,925,810,825,2.2,402.0,2697,,373,,296.0,81.0,15.0,11.0,26.0,29.0,19.0,3.0,63.0,37.0,28.0,9.0,92.0,8.0,,,,,,,,,,,,,,,,,,,,,,,,,,,,,,,,,,,,,,,,,,,680,35.0,130.0,155.0,25.0,25.0,140.0,95.0,70.0,3065,2385,680,1.2,212.0,245,0.9,1.0,0.6,0.7,3.1,1497,1445,52,         .,,4.0,656.0,Wijk 11 Kollum
11463,BU19701100,Noardeast-Fryslân                       ,Buurt     ,BU19701100,1,5490,2720,2770,830,630,1230,1350,1445,2525,2220,350,395,5095,105,290,5095,55,110,50,180,,,,,2430,890,770,775,2.2,1967.0,2578,,306,,287.0,81.0,16.0,11.0,27.0,26.0,19.0,3.0,61.0,39.0,30.0,10.0,92.0,8.0,,,,,,,,,,,,,,,,,,,,,,,,,,,,,,,,,,,,,,,,,,,565,5.0,110.0,130.0,25.0,20.0,125.0,85.0,65.0,2830,2225,605,1.2,1013.0,225,0.8,0.9,0.5,0.6,3.1,296,279,16,      9291,1.0,4.0,686.0,Kollum
11464,BU19701109,Noardeast-Fryslân                       ,Buurt     ,BU19701109,1,330,175,150,50,50,60,100,65,155,145,20,10,310,5,15,310,5,10,0,10,,,,,130,35,40,50,2.6,28.0,119,,67,,493.0,95.0,0.0,0.0,0.0,95.0,5.0,6.0,98.0,2.0,0.0,2.0,92.0,8.0,,,,,,,,,,,,,,,,,,,,,,,,,,,,,,,,,,,,,,,,,,,115,30.0,20.0,25.0,0.0,5.0,15.0,10.0,5.0,235,165,75,1.9,20.0,20,2.5,2.0,1.9,2.1,2.9,1201,1166,35,      9291,1.0,5.0,184.0,Verspreide huizen Kollum
11465,WK197012  ,Noardeast-Fryslân                       ,Wijk      ,WK197012  ,1,1840,970,870,310,215,415,545,355,890,745,140,70,1720,55,60,1720,30,30,30,30,,,,,810,270,255,280,2.3,30.0,831,,103,,292.0,98.0,10.0,10.0,21.0,57.0,2.0,5.0,78.0,22.0,13.0,9.0,98.0,2.0,,,,,,,,,,,,,,,,,,,,,,,,,,,,,,,,,,,,,,,,,,,285,75.0,50.0,45.0,20.0,5.0,40.0,30.0,25.0,1135,855,280,1.4,19.0,120,6.2,5.8,0.9,2.2,0.7,6129,6061,68,         .,,5.0,54.0,Wijk 12 Oost
11466,BU19701200,Noardeast-Fryslân                       ,Buurt     ,BU19701200,1,540,270,270,110,75,115,150,90,275,200,40,20,510,15,15,505,10,5,10,10,,,,,225,75,60,90,2.4,678.0,230,,15,,260.0,97.0,8.0,7.0,26.0,55.0,3.0,5.0,76.0,24.0,13.0,11.0,99.0,1.0,,,,,,,,,,,,,,,,,,,,,,,,,,,,,,,,,,,,,,,,,,,65,0.0,10.0,10.0,10.0,5.0,15.0,15.0,10.0,340,265,75,1.5,428.0,40,6.5,6.2,0.2,0.3,1.0,80,80,0,      9851,1.0,5.0,80.0,Burum
11467,BU19701201,Noardeast-Fryslân                       ,Buurt     ,BU19701201,1,315,175,140,40,35,75,100,75,135,155,20,10,295,10,10,295,5,0,10,5,,,,,145,50,55,45,2.1,328.0,147,,8,,254.0,100.0,19.0,22.0,11.0,48.0,0.0,2.0,91.0,9.0,5.0,3.0,100.0,0.0,,,,,,,,,,,,,,,,,,,,,,,,,,,,,,,,,,,,,,,,,,,40,5.0,10.0,5.0,5.0,0.0,10.0,5.0,5.0,250,200,45,1.7,258.0,20,6.7,5.8,0.3,5.8,0.0,96,96,0,      9293,1.0,5.0,49.0,Kollumerpomp
11468,BU19701202,Noardeast-Fryslân                       ,Buurt     ,BU19701202,1,125,65,60,10,25,20,50,20,65,45,10,0,110,5,10,110,0,5,0,5,,,,,60,30,20,20,2.0,172.0,67,,4,,278.0,100.0,4.0,6.0,30.0,57.0,0.0,7.0,75.0,25.0,18.0,7.0,100.0,0.0,,,,,,,,,,,,,,,,,,,,,,,,,,,,,,,,,,,,,,,,,,,20,,,,,,,,,90,60,30,1.4,124.0,10,7.3,7.0,3.1,3.6,0.0,73,73,0,      9852,1.0,5.0,24.0,Warfstermolen
11469,BU19701203,Noardeast-Fryslân                       ,Buurt     ,BU19701203,1,400,215,185,65,30,110,105,85,195,160,35,20,370,20,15,370,10,5,5,10,,,,,195,80,60,55,2.0,912.0,202,,13,,227.0,100.0,15.0,16.0,33.0,36.0,0.0,4.0,69.0,31.0,26.0,5.0,100.0,0.0,,,,,,,,,,,,,,,,,,,,,,,,,,,,,,,,,,,,,,,,,,,45,5.0,15.0,10.0,0.0,0.0,10.0,5.0,5.0,240,190,50,1.2,540.0,20,5.5,5.3,0.3,0.3,1.0,47,44,3,      9853,1.0,5.0,74.0,Munnekezijl
11470,BU19701204,Noardeast-Fryslân                       ,Buurt     ,BU19701204,1,80,40,40,25,15,15,20,10,45,25,0,5,75,5,5,75,0,0,0,0,,,,,30,5,5,15,3.1,18.0,27,,4,,459.0,100.0,0.0,0.0,0.0,100.0,0.0,4.0,78.0,22.0,0.0,22.0,100.0,0.0,,,,,,,,,,,,,,,,,,,,,,,,,,,,,,,,,,,,,,,,,,,15,,,,,,,,,35,20,15,,,5,3.7,3.1,2.7,2.8,1.0,450,448,2,      9292,2.0,5.0,14.0,Augsbuurt
11471,BU19701206,Noardeast-Fryslân                       ,Buurt     ,BU19701206,1,85,50,40,15,10,20,20,20,40,40,5,5,85,0,5,85,0,5,0,0,,,,,30,10,10,15,2.7,11.0,36,,9,,429.0,89.0,0.0,0.0,6.0,83.0,11.0,14.0,86.0,14.0,0.0,14.0,92.0,8.0,,,,,,,,,,,,,,,,,,,,,,,,,,,,,,,,,,,,,,,,,,,20,,,,,,,,,50,30,15,,,5,6.6,6.3,1.4,1.4,1.0,807,794,13,      9851,1.0,5.0,37.0,Verspreide huizen Burum
11472,BU19701207,Noardeast-Fryslân                       ,Buurt     ,BU19701207,1,135,65,65,25,10,25,40,35,65,55,10,0,130,5,5,130,0,0,0,0,,,,,50,10,20,20,2.6,11.0,56,,23,,454.0,98.0,0.0,0.0,0.0,98.0,2.0,13.0,82.0,18.0,0.0,18.0,89.0,11.0,,,,,,,,,,,,,,,,,,,,,,,,,,,,,,,,,,,,,,,,,,,30,20.0,0.0,5.0,0.0,0.0,0.0,0.0,0.0,40,25,15,0.8,3.0,0,6.1,5.3,1.9,5.3,0.0,1273,1259,14,      9293,1.0,5.0,18.0,Verspreide huizen Kollumerpomp
11473,BU19701208,Noardeast-Fryslân                       ,Buurt     ,BU19701208,1,70,40,25,15,10,20,20,5,40,25,5,0,65,0,0,65,0,0,0,0,,,,,30,5,10,15,2.6,9.0,27,,4,,382.0,93.0,0.0,0.0,15.0,78.0,7.0,4.0,81.0,19.0,4.0,15.0,100.0,0.0,,,,,,,,,,,,,,,,,,,,,,,,,,,,,,,,,,,,,,,,,,,15,,,,,,,,,40,25,15,,,5,6.8,6.5,2.8,3.2,0.4,756,751,5,      9852,1.0,5.0,11.0,Verspreide huizen Warfstermolen
11474,BU19701209,Noardeast-Fryslân                       ,Buurt     ,BU19701209,1,90,50,45,15,10,20,30,20,30,45,10,5,90,0,0,90,5,0,0,0,,,,,40,15,15,15,2.3,4.0,39,,23,,443.0,97.0,0.0,0.0,10.0,87.0,3.0,8.0,87.0,13.0,0.0,13.0,92.0,8.0,,,,,,,,,,,,,,,,,,,,,,,,,,,,,,,,,,,,,,,,,,,30,15.0,5.0,5.0,0.0,0.0,0.0,5.0,0.0,55,35,20,,,10,5.6,5.3,2.1,2.3,0.8,2547,2516,31,      9853,3.0,5.0,29.0,Verspreide huizen Munnekezijl
11475,WK197013  ,Noardeast-Fryslân                       ,Wijk      ,WK197013  ,1,1785,920,865,295,235,390,545,325,870,745,100,70,1725,40,25,1725,20,10,15,15,,,,,720,190,240,300,2.5,87.0,696,,100,,378.0,99.0,5.0,5.0,19.0,70.0,1.0,2.0,83.0,17.0,13.0,4.0,96.0,4.0,,,,,,,,,,,,,,,,,,,,,,,,,,,,,,,,,,,,,,,,,,,285,45.0,80.0,60.0,5.0,5.0,35.0,25.0,30.0,1070,760,310,1.5,52.0,125,3.1,3.3,0.9,0.9,2.3,2098,2047,50,         .,,5.0,79.0,Wijk 13 Noordwest
11476,BU19701300,Noardeast-Fryslân                       ,Buurt     ,BU19701300,1,640,330,310,90,85,135,205,125,310,260,45,25,620,10,10,620,5,5,0,5,,,,,275,80,95,100,2.3,356.0,257,,33,,352.0,99.0,7.0,6.0,24.0,62.0,1.0,2.0,77.0,23.0,19.0,4.0,96.0,4.0,,,,,,,,,,,,,,,,,,,,,,,,,,,,,,,,,,,,,,,,,,,100,20.0,30.0,20.0,0.0,0.0,10.0,5.0,10.0,400,290,110,1.5,223.0,45,2.7,3.4,0.5,0.5,3.4,181,180,1,      9294,1.0,5.0,102.0,Oudwoude
11477,BU19701301,Noardeast-Fryslân                       ,Buurt     ,BU19701301,1,330,175,155,60,45,75,90,60,170,135,10,10,320,5,5,320,5,5,5,0,,,,,120,25,35,60,2.7,142.0,120,,6,,432.0,100.0,0.0,0.0,10.0,90.0,0.0,2.0,91.0,9.0,8.0,1.0,96.0,4.0,,,,,,,,,,,,,,,,,,,,,,,,,,,,,,,,,,,,,,,,,,,50,5.0,15.0,5.0,0.0,0.0,5.0,5.0,10.0,195,140,55,1.6,83.0,20,2.3,2.2,1.4,1.4,2.4,233,232,1,      9296,1.0,5.0,60.0,Triemen
11478,BU19701302,Noardeast-Fryslân                       ,Buurt     ,BU19701302,1,515,260,255,95,65,125,135,90,245,230,20,20,500,5,5,505,0,0,5,0,,,,,205,55,65,85,2.6,709.0,206,,10,,344.0,98.0,10.0,9.0,18.0,61.0,2.0,3.0,84.0,16.0,12.0,4.0,96.0,4.0,,,,,,,,,,,,,,,,,,,,,,,,,,,,,,,,,,,,,,,,,,,65,0.0,25.0,15.0,5.0,0.0,10.0,5.0,5.0,305,220,85,1.5,420.0,30,3.5,3.4,0.7,0.7,1.1,79,72,6,      9295,1.0,5.0,74.0,Westergeest
11479,BU19701308,Noardeast-Fryslân                       ,Buurt     ,BU19701308,1,190,95,95,30,20,40,65,35,95,75,15,10,175,5,5,175,5,0,5,0,,,,,85,20,30,30,2.3,28.0,70,,30,,434.0,100.0,0.0,0.0,29.0,71.0,0.0,3.0,81.0,19.0,11.0,7.0,97.0,3.0,,,,,,,,,,,,,,,,,,,,,,,,,,,,,,,,,,,,,,,,,,,30,5.0,5.0,10.0,0.0,0.0,5.0,0.0,5.0,95,65,30,1.2,14.0,15,3.5,3.9,1.5,1.5,2.0,703,678,25,      9294,1.0,5.0,69.0,Verspreide huizen Oudwoude
11480,BU19701309,Noardeast-Fryslân                       ,Buurt     ,BU19701309,1,115,65,55,15,20,15,50,15,55,50,10,5,110,5,5,110,5,0,0,5,,,,,45,15,10,20,2.6,13.0,43,,21,,451.0,100.0,0.0,0.0,2.0,98.0,0.0,5.0,86.0,14.0,0.0,14.0,98.0,2.0,,,,,,,,,,,,,,,,,,,,,,,,,,,,,,,,,,,,,,,,,,,40,15.0,5.0,10.0,0.0,5.0,5.0,5.0,5.0,75,45,30,,,15,5.4,5.4,1.9,1.9,1.3,903,885,17,      9295,1.0,5.0,39.0,Verspreide huizen Westergeest
11481,WK197014  ,Noardeast-Fryslân                       ,Wijk      ,WK197014  ,1,3625,1885,1735,595,460,855,1040,675,1685,1550,205,185,3425,60,135,3430,45,60,20,70,,,,,1525,480,435,615,2.4,259.0,1562,,110,,311.0,92.0,10.0,9.0,22.0,51.0,8.0,4.0,70.0,30.0,22.0,8.0,94.0,6.0,,,,,,,,,,,,,,,,,,,,,,,,,,,,,,,,,,,,,,,,,,,415,30.0,115.0,85.0,25.0,10.0,65.0,45.0,40.0,2060,1600,460,1.3,147.0,245,1.0,1.0,0.7,0.9,2.1,1413,1401,12,         .,,5.0,282.0,Wijk 14 Zuidwest
11482,BU19701400,Noardeast-Fryslân                       ,Buurt     ,BU19701400,1,2800,1470,1330,460,360,670,785,525,1305,1185,170,135,2640,45,110,2640,30,50,20,60,,,,,1185,390,335,460,2.4,583.0,1228,,93,,299.0,91.0,11.0,11.0,22.0,47.0,9.0,4.0,69.0,31.0,22.0,9.0,93.0,7.0,,,,,,,,,,,,,,,,,,,,,,,,,,,,,,,,,,,,,,,,,,,320,15.0,90.0,60.0,25.0,10.0,50.0,35.0,30.0,1600,1250,350,1.3,333.0,175,0.8,0.8,0.6,0.8,1.7,481,480,1,      9298,1.0,5.0,283.0,Kollumerzwaag
11483,BU19701401,Noardeast-Fryslân                       ,Buurt     ,BU19701401,1,550,270,280,85,60,125,175,95,250,245,25,30,525,10,15,525,10,10,5,10,,,,,230,60,70,100,2.4,1881.0,228,,4,,326.0,99.0,5.0,6.0,30.0,59.0,1.0,1.0,67.0,33.0,32.0,2.0,99.0,1.0,,,,,,,,,,,,,,,,,,,,,,,,,,,,,,,,,,,,,,,,,,,45,5.0,15.0,10.0,0.0,0.0,10.0,5.0,5.0,330,255,75,1.4,1130.0,35,1.6,1.7,0.7,0.7,4.0,29,29,0,      9299,1.0,5.0,366.0,Zwagerbosch
11484,BU19701402,Noardeast-Fryslân                       ,Buurt     ,BU19701402,1,95,45,45,15,15,20,25,15,45,40,5,10,85,5,5,85,5,0,0,0,,,,,45,20,10,15,2.1,38.0,44,,9,,331.0,84.0,0.0,0.0,7.0,77.0,16.0,16.0,70.0,30.0,0.0,30.0,100.0,0.0,,,,,,,,,,,,,,,,,,,,,,,,,,,,,,,,,,,,,,,,,,,20,,,,,,,,,45,30,15,,,10,1.7,1.5,1.4,1.8,1.5,248,246,2,      9297,1.0,5.0,66.0,Veenklooster
11485,BU19701409,Noardeast-Fryslân                       ,Buurt     ,BU19701409,1,180,95,85,40,20,40,50,35,85,85,10,10,175,5,0,180,5,0,0,0,,,,,70,15,20,35,2.8,28.0,62,,4,,480.0,97.0,3.0,2.0,0.0,92.0,3.0,3.0,94.0,6.0,0.0,6.0,100.0,0.0,,,,,,,,,,,,,,,,,,,,,,,,,,,,,,,,,,,,,,,,,,,30,5.0,10.0,5.0,0.0,0.0,0.0,5.0,0.0,85,65,20,1.3,13.0,20,2.4,2.4,1.9,1.9,3.5,655,645,10,      9298,2.0,5.0,143.0,Verspreide huizen Kollumerzwaag
12111,GM0085    ,Ooststellingwerf                        ,Gemeente  ,GM0085    ,1,25925,12979,12946,3601,2610,5410,7444,6860,11198,10893,2213,1621,23351,958,1616,23351,420,659,538,957,,,,,11647,4022,3993,3632,2.2,116.0,11506,,2493,,312.0,90.0,17.0,12.0,17.0,43.0,10.0,3.0,68.0,32.0,27.0,6.0,96.0,4.0,,,,,,,,,,,,,,,,,,,,,,,,,,,,,,,,,,,,,,,,,,,3220,390.0,495.0,600.0,145.0,125.0,655.0,490.0,320.0,15380,11195,4185,1.3,69.0,1895,1.4,1.7,1.1,1.0,2.6,22611,22330,282,         .,,5.0,485.0,Ooststellingwerf
12112,WK008501  ,Ooststellingwerf                        ,Wijk      ,WK008501  ,1,4990,2535,2455,605,420,1085,1460,1425,2205,2020,435,330,4465,290,240,4465,90,90,200,150,,,,,2285,845,810,630,2.1,127.0,2149,,841,,313.0,88.0,17.0,13.0,18.0,39.0,12.0,3.0,64.0,36.0,29.0,7.0,95.0,5.0,,,,,,,,,,,,,,,,,,,,,,,,,,,,,,,,,,,,,,,,,,,585,40.0,85.0,115.0,30.0,25.0,135.0,85.0,70.0,2945,2085,860,1.3,75.0,315,1.4,1.4,1.0,1.2,1.8,3954,3932,22,         .,,5.0,413.0,Appelscha
12113,BU00850101,Ooststellingwerf                        ,Buurt     ,BU00850101,1,295,150,150,50,35,60,90,65,130,145,15,5,220,60,10,220,0,5,60,10,,,,,140,45,50,45,2.1,1472.0,98,,5,,377.0,100.0,2.0,2.0,33.0,63.0,0.0,0.0,88.0,12.0,8.0,4.0,99.0,1.0,,,,,,,,,,,,,,,,,,,,,,,,,,,,,,,,,,,,,,,,,,,30,0.0,5.0,5.0,0.0,0.0,5.0,0.0,5.0,140,90,50,1.0,708.0,20,1.3,1.3,0.8,0.7,2.0,20,20,0,      8426,1.0,5.0,426.0,Appelscha-Bruggelaan
12114,BU00850102,Ooststellingwerf                        ,Buurt     ,BU00850102,1,155,85,70,5,25,25,65,40,65,60,25,10,140,10,5,140,0,5,5,0,,,,,85,30,25,25,1.9,812.0,34,,131,,448.0,100.0,0.0,0.0,0.0,100.0,0.0,3.0,97.0,3.0,0.0,3.0,100.0,0.0,,,,,,,,,,,,,,,,,,,,,,,,,,,,,,,,,,,,,,,,,,,20,,,,,,,,,115,85,35,1.4,605.0,5,1.2,1.3,0.9,1.2,2.0,19,19,0,      8426,1.0,5.0,371.0,Appelscha-De Valouwe
12115,BU00850103,Ooststellingwerf                        ,Buurt     ,BU00850103,1,235,125,105,35,10,40,65,80,90,100,15,20,220,5,0,225,5,0,0,0,,,,,110,40,50,25,2.0,583.0,114,,2,,381.0,100.0,0.0,0.0,42.0,58.0,0.0,0.0,86.0,14.0,13.0,1.0,100.0,0.0,,,,,,,,,,,,,,,,,,,,,,,,,,,,,,,,,,,,,,,,,,,25,0.0,0.0,5.0,5.0,0.0,10.0,5.0,5.0,150,95,50,1.3,372.0,20,0.7,0.8,0.5,0.6,2.0,40,40,0,      8426,1.0,5.0,488.0,Appelscha-Drentseweg
12116,BU00850104,Ooststellingwerf                        ,Buurt     ,BU00850104,1,785,395,385,95,60,165,200,260,335,285,75,80,705,25,50,700,15,15,15,40,,,,,400,185,125,95,1.9,3701.0,405,,75,,221.0,87.0,29.0,24.0,20.0,13.0,13.0,2.0,32.0,68.0,67.0,1.0,100.0,0.0,,,,,,,,,,,,,,,,,,,,,,,,,,,,,,,,,,,,,,,,,,,40,0.0,15.0,5.0,0.0,0.0,5.0,10.0,10.0,410,340,70,1.0,1952.0,35,0.3,0.6,0.2,0.3,2.0,21,21,0,      8426,1.0,4.0,620.0,Appelscha-Midden Oost
12117,BU00850105,Ooststellingwerf                        ,Buurt     ,BU00850105,1,315,145,170,45,30,70,75,90,150,95,50,25,275,10,30,280,5,5,5,20,,,,,185,105,40,40,1.7,3499.0,182,,64,,200.0,88.0,47.0,37.0,2.0,1.0,12.0,1.0,24.0,76.0,75.0,1.0,100.0,0.0,,,,,,,,,,,,,,,,,,,,,,,,,,,,,,,,,,,,,,,,,,,15,,,,,,,,,160,140,20,0.9,1772.0,10,1.0,1.0,0.5,0.2,2.0,9,9,0,      8426,1.0,4.0,526.0,Appelscha-Midden West
12118,BU00850106,Ooststellingwerf                        ,Buurt     ,BU00850106,1,425,200,225,55,40,75,130,120,170,205,30,25,400,10,15,400,5,5,5,10,,,,,190,45,80,65,2.2,2899.0,192,,1,,358.0,85.0,5.0,3.0,43.0,34.0,15.0,2.0,96.0,4.0,3.0,1.0,94.0,6.0,,,,,,,,,,,,,,,,,,,,,,,,,,,,,,,,,,,,,,,,,,,40,0.0,5.0,5.0,5.0,0.0,15.0,5.0,5.0,290,190,100,1.5,1971.0,20,1.9,1.7,1.7,1.8,2.0,15,15,0,      8426,1.0,4.0,530.0,Appelscha-Noord
12119,BU00850107,Ooststellingwerf                        ,Buurt     ,BU00850107,1,395,190,200,55,45,105,105,90,195,125,50,20,365,15,10,365,10,10,5,0,,,,,185,70,60,55,2.1,2490.0,188,,22,,273.0,99.0,45.0,32.0,12.0,10.0,1.0,2.0,52.0,48.0,25.0,23.0,69.0,31.0,,,,,,,,,,,,,,,,,,,,,,,,,,,,,,,,,,,,,,,,,,,40,0.0,10.0,5.0,0.0,0.0,5.0,15.0,5.0,275,210,65,1.5,1738.0,25,1.2,1.2,0.7,0.6,2.0,16,16,0,      8426,1.0,5.0,479.0,Appelscha-Steegdenhal
12120,BU00850108,Ooststellingwerf                        ,Buurt     ,BU00850108,1,390,205,185,40,35,90,135,90,155,175,35,15,365,5,20,360,0,5,0,15,,,,,180,55,60,65,2.2,3624.0,176,,18,,288.0,94.0,20.0,14.0,39.0,21.0,6.0,0.0,75.0,25.0,25.0,0.0,100.0,0.0,,,,,,,,,,,,,,,,,,,,,,,,,,,,,,,,,,,,,,,,,,,25,0.0,5.0,5.0,0.0,0.0,5.0,5.0,0.0,250,190,60,1.4,2320.0,25,1.4,1.2,1.2,1.3,2.0,11,11,0,      8426,1.0,5.0,417.0,Appelscha-Toogwijk
12121,BU00850109,Ooststellingwerf                        ,Buurt     ,BU00850109,1,590,305,290,75,55,130,170,165,260,245,55,35,550,20,20,555,20,5,5,15,,,,,285,115,100,70,2.0,1446.0,312,,96,,295.0,61.0,1.0,1.0,7.0,53.0,39.0,8.0,62.0,38.0,16.0,21.0,95.0,5.0,,,,,,,,,,,,,,,,,,,,,,,,,,,,,,,,,,,,,,,,,,,140,5.0,25.0,45.0,10.0,5.0,25.0,15.0,10.0,425,290,135,1.5,1041.0,55,1.1,0.8,0.9,0.9,2.0,45,41,4,      8426,1.0,5.0,483.0,Appelscha-Vaart
12122,BU00850110,Ooststellingwerf                        ,Buurt     ,BU00850110,1,285,140,140,40,20,50,65,110,95,140,30,20,265,10,10,265,5,5,5,10,,,,,135,40,60,30,2.1,2807.0,143,,17,,339.0,80.0,17.0,14.0,14.0,36.0,20.0,7.0,78.0,22.0,19.0,3.0,98.0,2.0,,,,,,,,,,,,,,,,,,,,,,,,,,,,,,,,,,,,,,,,,,,30,0.0,0.0,5.0,5.0,0.0,5.0,5.0,10.0,155,100,55,1.2,1546.0,15,0.6,0.7,0.2,0.4,2.0,10,10,0,      8426,1.0,4.0,613.0,Appelscha-Van Emstweg
12123,BU00850111,Ooststellingwerf                        ,Buurt     ,BU00850111,1,1125,590,530,115,70,270,360,315,565,435,60,65,955,110,65,950,20,35,90,30,,,,,395,120,160,120,2.2,30.0,305,,410,,455.0,100.0,0.0,0.0,4.0,96.0,0.0,5.0,87.0,13.0,2.0,10.0,96.0,4.0,,,,,,,,,,,,,,,,,,,,,,,,,,,,,,,,,,,,,,,,,,,185,30.0,15.0,40.0,10.0,10.0,45.0,20.0,15.0,570,355,215,1.4,15.0,75,2.8,2.8,1.9,2.6,1.1,3749,3731,18,      8426,1.0,5.0,96.0,Appelscha-Buitengebied
12124,WK008502  ,Ooststellingwerf                        ,Wijk      ,WK008502  ,1,1930,975,955,325,215,390,560,440,830,865,130,105,1830,35,65,1830,15,20,20,40,,,,,805,215,295,295,2.4,87.0,808,,89,,352.0,97.0,8.0,8.0,15.0,65.0,3.0,4.0,81.0,19.0,14.0,5.0,96.0,4.0,,,,,,,,,,,,,,,,,,,,,,,,,,,,,,,,,,,,,,,,,,,280,40.0,40.0,35.0,15.0,15.0,65.0,45.0,25.0,1225,860,370,1.5,55.0,170,1.0,1.0,1.3,1.3,0.9,2231,2212,19,         .,,5.0,145.0,Donkerbroek
12125,BU00850201,Ooststellingwerf                        ,Buurt     ,BU00850201,1,470,240,230,75,50,100,130,110,205,220,20,30,450,10,5,450,0,0,5,5,,,,,200,50,75,70,2.4,1723.0,203,,23,,328.0,94.0,8.0,7.0,21.0,58.0,6.0,3.0,89.0,11.0,7.0,4.0,96.0,4.0,,,,,,,,,,,,,,,,,,,,,,,,,,,,,,,,,,,,,,,,,,,50,5.0,5.0,10.0,0.0,5.0,10.0,10.0,5.0,330,235,100,1.7,1214.0,35,0.4,0.4,0.7,0.7,1.0,28,27,0,      8435,1.0,5.0,192.0,Donkerbroek-Noord
12126,BU00850202,Ooststellingwerf                        ,Buurt     ,BU00850202,1,720,365,360,135,70,165,175,180,320,280,70,45,675,10,35,675,5,10,5,25,,,,,325,115,105,105,2.2,1934.0,329,,35,,273.0,96.0,16.0,15.0,22.0,43.0,4.0,5.0,63.0,37.0,30.0,7.0,96.0,4.0,,,,,,,,,,,,,,,,,,,,,,,,,,,,,,,,,,,,,,,,,,,75,5.0,15.0,10.0,10.0,5.0,10.0,10.0,10.0,425,330,100,1.3,1146.0,80,0.4,0.5,0.7,0.7,1.0,38,37,1,      8435,1.0,5.0,198.0,Donkerbroek-Zuid
12127,BU00850203,Ooststellingwerf                        ,Buurt     ,BU00850203,1,740,370,365,115,90,130,250,150,305,360,40,35,705,15,20,705,10,10,10,15,,,,,280,50,110,120,2.6,34.0,276,,31,,462.0,100.0,0.0,0.0,3.0,97.0,0.0,4.0,96.0,4.0,1.0,4.0,96.0,4.0,,,,,,,,,,,,,,,,,,,,,,,,,,,,,,,,,,,,,,,,,,,155,35.0,20.0,15.0,5.0,5.0,40.0,25.0,10.0,470,295,175,1.7,22.0,60,2.1,2.0,2.3,2.3,0.8,2165,2147,17,      8435,1.0,5.0,48.0,Donkerbroek-Buitengebied
12128,WK008503  ,Ooststellingwerf                        ,Wijk      ,WK008503  ,1,695,350,340,105,60,130,225,170,295,315,50,30,660,15,20,660,5,10,5,5,,,,,285,70,125,90,2.4,39.0,278,,35,,412.0,100.0,0.0,0.0,18.0,82.0,0.0,2.0,85.0,15.0,7.0,8.0,93.0,7.0,,,,,,,,,,,,,,,,,,,,,,,,,,,,,,,,,,,,,,,,,,,130,35.0,15.0,20.0,5.0,10.0,20.0,15.0,5.0,420,285,135,1.5,24.0,65,5.0,8.0,1.1,1.1,1.1,1773,1761,13,         .,,5.0,49.0,Elsloo
12129,BU00850301,Ooststellingwerf                        ,Buurt     ,BU00850301,1,345,175,170,50,25,55,115,110,125,180,30,20,330,5,10,330,0,0,0,5,,,,,155,50,65,45,2.2,1143.0,158,,7,,363.0,100.0,0.0,0.0,29.0,71.0,0.0,2.0,84.0,16.0,13.0,3.0,91.0,9.0,,,,,,,,,,,,,,,,,,,,,,,,,,,,,,,,,,,,,,,,,,,60,10.0,5.0,10.0,0.0,5.0,10.0,10.0,5.0,235,175,65,1.5,785.0,30,4.9,8.2,0.5,0.5,1.0,30,30,0,      8424,1.0,5.0,65.0,Elsloo
12130,BU00850302,Ooststellingwerf                        ,Buurt     ,BU00850302,1,345,175,165,55,40,80,110,65,170,140,25,15,330,10,10,330,5,5,0,5,,,,,130,20,60,45,2.6,20.0,120,,28,,479.0,100.0,0.0,0.0,3.0,97.0,0.0,3.0,85.0,15.0,0.0,15.0,95.0,5.0,,,,,,,,,,,,,,,,,,,,,,,,,,,,,,,,,,,,,,,,,,,70,25.0,10.0,10.0,5.0,5.0,10.0,5.0,0.0,185,115,70,1.4,11.0,35,5.2,7.8,1.8,1.8,1.2,1743,1730,13,      8424,1.0,5.0,31.0,Elsloo-Buitengebied
12131,WK008504  ,Ooststellingwerf                        ,Wijk      ,WK008504  ,1,355,200,155,30,30,70,130,100,150,160,35,10,340,5,10,340,5,5,5,0,,,,,150,35,70,40,2.2,19.0,157,,30,,449.0,91.0,0.0,0.0,9.0,82.0,9.0,4.0,88.0,12.0,1.0,11.0,96.0,4.0,,,,,,,,,,,,,,,,,,,,,,,,,,,,,,,,,,,,,,,,,,,75,20.0,5.0,10.0,5.0,5.0,20.0,10.0,5.0,265,170,95,1.8,14.0,30,3.4,3.3,3.4,2.9,0.7,1977,1885,92,         .,,5.0,25.0,Fochteloo
12132,BU00850401,Ooststellingwerf                        ,Buurt     ,BU00850401,1,105,60,45,0,5,10,40,45,25,65,10,5,100,0,0,105,0,0,0,0,,,,,55,15,30,10,1.9,1219.0,54,,2,,390.0,100.0,0.0,0.0,22.0,78.0,0.0,0.0,100.0,0.0,0.0,0.0,98.0,2.0,,,,,,,,,,,,,,,,,,,,,,,,,,,,,,,,,,,,,,,,,,,10,,,,,,,,,60,35,25,1.1,715.0,5,3.1,3.1,3.2,2.7,1.0,9,9,0,      8428,1.0,5.0,32.0,Fochteloo
12133,BU00850402,Ooststellingwerf                        ,Buurt     ,BU00850402,1,250,145,110,25,25,60,85,55,125,95,25,5,240,5,5,240,0,5,0,0,,,,,95,25,35,35,2.4,13.0,103,,28,,484.0,86.0,0.0,0.0,2.0,84.0,14.0,7.0,82.0,18.0,1.0,17.0,94.0,6.0,,,,,,,,,,,,,,,,,,,,,,,,,,,,,,,,,,,,,,,,,,,65,20.0,5.0,10.0,5.0,5.0,15.0,10.0,5.0,205,135,70,2.2,11.0,25,3.5,3.4,3.5,3.1,0.6,1969,1876,92,      8428,1.0,5.0,23.0,Fochteloo-Buitengebied
12134,WK008505  ,Ooststellingwerf                        ,Wijk      ,WK008505  ,1,575,295,280,80,60,100,200,135,230,270,50,25,545,15,20,545,5,15,5,10,,,,,235,50,100,90,2.5,39.0,233,,21,,418.0,98.0,0.0,0.0,10.0,88.0,2.0,3.0,92.0,8.0,1.0,7.0,99.0,1.0,,,,,,,,,,,,,,,,,,,,,,,,,,,,,,,,,,,,,,,,,,,105,35.0,15.0,15.0,5.0,5.0,15.0,10.0,5.0,395,255,140,1.7,27.0,90,3.9,4.2,3.9,1.1,1.0,1470,1469,1,         .,,5.0,39.0,Haule
12135,BU00850501,Ooststellingwerf                        ,Buurt     ,BU00850501,1,210,110,100,35,15,35,55,60,80,100,15,10,195,5,10,195,5,10,0,5,,,,,90,15,40,30,2.3,1256.0,90,,3,,356.0,98.0,0.0,0.0,27.0,71.0,2.0,2.0,91.0,9.0,2.0,7.0,98.0,2.0,,,,,,,,,,,,,,,,,,,,,,,,,,,,,,,,,,,,,,,,,,,30,5.0,5.0,5.0,0.0,0.0,5.0,5.0,0.0,165,115,55,1.8,1002.0,40,4.7,5.0,4.6,0.3,1.0,17,17,0,      8432,1.0,5.0,43.0,Haule
12136,BU00850502,Ooststellingwerf                        ,Buurt     ,BU00850502,1,370,190,180,50,45,60,135,80,155,170,30,15,350,10,10,350,5,5,5,5,,,,,145,30,55,60,2.5,25.0,143,,18,,457.0,99.0,0.0,0.0,0.0,99.0,1.0,3.0,93.0,7.0,0.0,7.0,99.0,1.0,,,,,,,,,,,,,,,,,,,,,,,,,,,,,,,,,,,,,,,,,,,75,30.0,10.0,10.0,5.0,5.0,10.0,5.0,0.0,230,145,85,1.6,16.0,50,3.5,3.8,3.5,1.6,1.0,1454,1452,1,      8432,1.0,5.0,36.0,Haule-Buitengebied
12137,WK008506  ,Ooststellingwerf                        ,Wijk      ,WK008506  ,1,3180,1550,1630,420,330,650,890,880,1280,1385,265,245,2920,130,130,2920,45,45,85,85,,,,,1415,480,480,455,2.2,309.0,1424,,198,,306.0,91.0,15.0,14.0,17.0,45.0,9.0,3.0,70.0,30.0,25.0,5.0,97.0,3.0,,,,,,,,,,,,,,,,,,,,,,,,,,,,,,,,,,,,,,,,,,,365,35.0,75.0,70.0,15.0,10.0,80.0,50.0,30.0,1935,1510,425,1.4,188.0,250,0.8,0.9,0.8,0.8,1.0,1038,1030,7,         .,,5.0,360.0,Haulerwijk
12138,BU00850601,Ooststellingwerf                        ,Buurt     ,BU00850601,1,280,150,125,45,35,80,75,40,145,80,35,10,255,5,15,260,0,5,5,5,,,,,125,45,35,45,2.2,3438.0,129,,10,,249.0,100.0,34.0,28.0,3.0,35.0,0.0,3.0,49.0,51.0,48.0,3.0,100.0,0.0,,,,,,,,,,,,,,,,,,,,,,,,,,,,,,,,,,,,,,,,,,,15,,,,,,,,,150,120,30,1.2,1881.0,15,0.5,0.8,0.7,0.7,1.0,8,8,0,      8433,1.0,5.0,441.0,Haulerwijk-Bruïneweg
12139,BU00850602,Ooststellingwerf                        ,Buurt     ,BU00850602,1,255,120,135,25,25,55,75,75,90,125,15,20,235,10,5,240,10,0,0,5,,,,,125,45,40,35,2.0,3251.0,125,,2,,260.0,78.0,2.0,5.0,46.0,25.0,22.0,2.0,64.0,36.0,34.0,2.0,100.0,0.0,,,,,,,,,,,,,,,,,,,,,,,,,,,,,,,,,,,,,,,,,,,25,0.0,5.0,5.0,0.0,0.0,5.0,5.0,5.0,170,145,25,1.4,2168.0,15,0.3,0.7,0.6,0.6,1.0,8,8,0,      8433,1.0,5.0,432.0,Haulerwijk-Hoofdweg
12140,BU00850603,Ooststellingwerf                        ,Buurt     ,BU00850603,1,935,455,480,135,95,225,290,190,410,395,80,40,840,40,55,835,5,15,35,45,,,,,435,160,135,145,2.1,3165.0,448,,46,,267.0,94.0,28.0,24.0,15.0,27.0,6.0,4.0,65.0,35.0,29.0,6.0,98.0,2.0,,,,,,,,,,,,,,,,,,,,,,,,,,,,,,,,,,,,,,,,,,,110,5.0,20.0,25.0,5.0,5.0,25.0,20.0,10.0,620,490,130,1.4,2105.0,80,0.6,0.4,0.4,0.4,1.0,30,30,0,      8433,1.0,5.0,407.0,Haulerwijk-Noord-Oost
12141,BU00850604,Ooststellingwerf                        ,Buurt     ,BU00850604,1,350,170,180,35,45,55,100,115,145,155,20,35,330,10,10,330,10,0,0,5,,,,,155,55,60,45,2.2,3512.0,157,,4,,322.0,76.0,1.0,2.0,31.0,42.0,24.0,2.0,82.0,18.0,14.0,4.0,100.0,0.0,,,,,,,,,,,,,,,,,,,,,,,,,,,,,,,,,,,,,,,,,,,40,0.0,5.0,5.0,0.0,0.0,10.0,5.0,5.0,215,170,45,1.4,2151.0,30,0.3,0.5,0.5,0.5,1.0,10,10,0,      8433,1.0,5.0,426.0,Haulerwijk-Noord-West
12142,BU00850605,Ooststellingwerf                        ,Buurt     ,BU00850605,1,165,80,85,30,10,30,30,65,45,105,5,10,155,5,5,155,5,0,5,5,,,,,70,20,35,20,2.3,2297.0,73,,0,,363.0,100.0,0.0,0.0,30.0,70.0,0.0,4.0,99.0,1.0,0.0,1.0,99.0,1.0,,,,,,,,,,,,,,,,,,,,,,,,,,,,,,,,,,,,,,,,,,,10,,,,,,,,,90,65,25,1.3,1275.0,10,0.6,0.9,0.8,0.8,1.0,7,7,0,      8433,1.0,5.0,374.0,Haulerwijk-Oosterwoldseweg
12143,BU00850606,Ooststellingwerf                        ,Buurt     ,BU00850606,1,390,150,240,30,25,40,75,225,105,145,50,95,365,10,20,360,5,5,5,10,,,,,175,85,50,45,1.8,4018.0,180,,71,,231.0,79.0,25.0,23.0,12.0,19.0,21.0,3.0,46.0,54.0,51.0,3.0,88.0,12.0,,,,,,,,,,,,,,,,,,,,,,,,,,,,,,,,,,,,,,,,,,,20,,,,,,,,,190,160,30,1.1,1953.0,15,0.6,0.9,0.8,0.8,1.0,10,10,0,      8433,1.0,5.0,386.0,Haulerwijk-Sinnehiem
12144,BU00850607,Ooststellingwerf                        ,Buurt     ,BU00850607,1,15,10,10,5,5,5,5,5,10,10,5,0,20,0,0,15,0,0,0,0,,,,,5,5,0,5,2.4,54.0,7,,36,,,,,,,,,,,,,,,,,,,,,,,,,,,,,,,,,,,,,,,,,,,,,,,,,,,,,,,,,,15,,,,,,,,,10,10,0,,,0,0.5,0.4,0.6,0.6,1.0,32,32,0,      8433,1.0,5.0,325.0,Haulerwijk-Industrie
12145,BU00850608,Ooststellingwerf                        ,Buurt     ,BU00850608,1,795,420,375,110,100,165,255,165,335,380,50,40,725,50,20,725,15,10,30,5,,,,,320,70,125,125,2.5,86.0,305,,29,,428.0,99.0,0.0,0.0,5.0,94.0,1.0,3.0,91.0,9.0,2.0,6.0,97.0,3.0,,,,,,,,,,,,,,,,,,,,,,,,,,,,,,,,,,,,,,,,,,,125,30.0,25.0,15.0,0.0,5.0,25.0,10.0,5.0,490,350,140,1.5,53.0,85,1.5,1.9,1.7,1.7,1.0,933,926,7,      8433,1.0,5.0,179.0,Haulerwijk-Buitengebied
12146,WK008507  ,Ooststellingwerf                        ,Wijk      ,WK008507  ,1,330,150,180,50,35,50,100,100,120,170,20,20,310,10,10,315,5,5,0,0,,,,,135,30,55,50,2.5,69.0,123,,7,,447.0,98.0,0.0,0.0,21.0,76.0,2.0,0.0,93.0,7.0,5.0,2.0,91.0,9.0,,,,,,,,,,,,,,,,,,,,,,,,,,,,,,,,,,,,,,,,,,,35,5.0,5.0,5.0,0.0,0.0,5.0,5.0,5.0,205,135,70,1.6,43.0,35,3.6,4.1,2.7,3.5,0.2,476,476,0,         .,,5.0,34.0,Langedijke
12147,BU00850701,Ooststellingwerf                        ,Buurt     ,BU00850701,1,230,110,120,35,20,30,70,75,80,125,15,10,220,5,5,220,5,5,0,5,,,,,95,15,50,35,2.5,662.0,92,,3,,419.0,97.0,0.0,0.0,28.0,68.0,3.0,0.0,91.0,9.0,7.0,2.0,88.0,12.0,,,,,,,,,,,,,,,,,,,,,,,,,,,,,,,,,,,,,,,,,,,20,,,,,,,,,150,105,45,1.6,425.0,25,3.5,4.1,2.7,3.5,0.0,35,35,0,      8425,1.0,5.0,38.0,Langedijke
12148,BU00850702,Ooststellingwerf                        ,Buurt     ,BU00850702,1,95,40,55,15,15,20,25,20,35,40,5,5,90,5,0,90,0,0,0,0,,,,,40,15,10,15,2.5,22.0,31,,4,,529.0,100.0,0.0,0.0,0.0,100.0,0.0,0.0,97.0,3.0,0.0,3.0,100.0,0.0,,,,,,,,,,,,,,,,,,,,,,,,,,,,,,,,,,,,,,,,,,,15,,,,,,,,,55,35,25,,,15,3.7,4.2,2.8,3.7,0.7,441,441,0,      8425,1.0,5.0,25.0,Langedijke-Buitengebied
12149,WK008508  ,Ooststellingwerf                        ,Wijk      ,WK008508  ,1,1025,515,510,140,105,210,310,265,445,465,75,45,985,20,20,985,15,15,10,5,,,,,440,135,160,145,2.3,62.0,433,,47,,364.0,98.0,6.0,6.0,21.0,67.0,2.0,2.0,81.0,19.0,13.0,5.0,98.0,2.0,,,,,,,,,,,,,,,,,,,,,,,,,,,,,,,,,,,,,,,,,,,165,30.0,25.0,15.0,5.0,5.0,30.0,30.0,20.0,650,450,200,1.5,39.0,160,1.0,4.9,1.0,1.1,0.9,1659,1653,5,         .,,5.0,77.0,Makkinga
12150,BU00850801,Ooststellingwerf                        ,Buurt     ,BU00850801,1,620,305,315,90,70,130,180,150,280,265,55,25,600,15,10,595,10,5,5,5,,,,,285,100,90,90,2.2,2368.0,283,,24,,298.0,98.0,9.0,8.0,29.0,51.0,2.0,1.0,77.0,23.0,20.0,3.0,99.0,1.0,,,,,,,,,,,,,,,,,,,,,,,,,,,,,,,,,,,,,,,,,,,80,5.0,20.0,5.0,0.0,5.0,15.0,15.0,15.0,400,290,115,1.4,1524.0,115,0.3,4.9,0.4,0.4,1.0,26,26,0,      8423,1.0,5.0,104.0,Makkinga
12151,BU00850802,Ooststellingwerf                        ,Buurt     ,BU00850802,1,405,205,200,45,35,80,125,115,165,200,20,20,390,10,5,385,10,0,0,0,,,,,160,35,70,50,2.4,25.0,150,,23,,489.0,99.0,0.0,0.0,4.0,95.0,1.0,3.0,89.0,11.0,1.0,10.0,98.0,2.0,,,,,,,,,,,,,,,,,,,,,,,,,,,,,,,,,,,,,,,,,,,90,25.0,10.0,10.0,0.0,5.0,15.0,15.0,5.0,250,160,85,1.6,15.0,45,2.0,4.9,2.0,2.0,0.9,1632,1627,5,      8423,1.0,5.0,29.0,Makkinga-Buitengebied
12152,WK008509  ,Ooststellingwerf                        ,Wijk      ,WK008509  ,1,260,130,130,30,30,45,90,60,110,125,20,15,245,15,10,240,5,5,10,0,,,,,115,35,50,35,2.3,22.0,115,,5,,428.0,100.0,0.0,0.0,6.0,94.0,0.0,4.0,88.0,12.0,6.0,6.0,98.0,2.0,,,,,,,,,,,,,,,,,,,,,,,,,,,,,,,,,,,,,,,,,,,60,15.0,5.0,5.0,5.0,5.0,10.0,10.0,10.0,175,105,70,1.5,15.0,25,3.6,4.8,3.4,3.4,0.3,1219,1207,11,         .,,5.0,16.0,Nijeberkoop
12153,BU00850901,Ooststellingwerf                        ,Buurt     ,BU00850901,1,75,45,35,10,10,15,25,10,30,35,5,5,70,0,0,70,0,5,0,0,,,,,30,10,5,15,2.3,447.0,32,,1,,344.0,100.0,0.0,0.0,19.0,81.0,0.0,6.0,78.0,22.0,19.0,3.0,100.0,0.0,,,,,,,,,,,,,,,,,,,,,,,,,,,,,,,,,,,,,,,,,,,15,,,,,,,,,50,25,20,,,10,3.8,4.6,3.9,3.9,0.0,17,17,0,      8422,1.0,5.0,20.0,Nijeberkoop
12154,BU00850902,Ooststellingwerf                        ,Buurt     ,BU00850902,1,185,85,95,20,25,30,70,50,75,85,10,10,170,10,0,175,5,0,10,0,,,,,80,20,40,25,2.3,16.0,83,,4,,461.0,100.0,0.0,0.0,1.0,99.0,0.0,4.0,92.0,8.0,1.0,7.0,98.0,2.0,,,,,,,,,,,,,,,,,,,,,,,,,,,,,,,,,,,,,,,,,,,45,15.0,0.0,5.0,0.0,5.0,5.0,10.0,5.0,125,80,50,1.5,11.0,15,3.5,4.9,3.2,3.2,0.4,1202,1190,11,      8422,1.0,5.0,14.0,Nijeberkoop-Buitengebied
12155,WK008510  ,Ooststellingwerf                        ,Wijk      ,WK008510  ,1,1490,730,765,200,140,275,450,425,645,600,125,115,1390,65,40,1390,45,25,20,15,,,,,680,250,230,205,2.1,82.0,663,,152,,358.0,96.0,6.0,7.0,20.0,62.0,4.0,5.0,76.0,24.0,17.0,7.0,99.0,1.0,,,,,,,,,,,,,,,,,,,,,,,,,,,,,,,,,,,,,,,,,,,235,40.0,40.0,35.0,15.0,10.0,35.0,40.0,25.0,985,690,290,1.4,54.0,105,0.8,0.8,1.0,1.0,1.0,1834,1824,9,         .,,5.0,157.0,Oldeberkoop
12156,BU00851001,Ooststellingwerf                        ,Buurt     ,BU00851001,1,870,420,450,120,65,165,235,275,375,355,75,65,790,50,25,790,30,10,20,15,,,,,415,160,140,115,2.1,1554.0,436,,39,,310.0,94.0,10.0,11.0,27.0,46.0,6.0,4.0,68.0,32.0,25.0,7.0,100.0,0.0,,,,,,,,,,,,,,,,,,,,,,,,,,,,,,,,,,,,,,,,,,,100,10.0,15.0,15.0,5.0,5.0,15.0,25.0,10.0,540,400,140,1.3,968.0,65,0.5,0.4,0.8,0.7,1.0,57,56,1,      8421,1.0,5.0,190.0,Oldeberkoop-Oost
12157,BU00851002,Ooststellingwerf                        ,Buurt     ,BU00851002,1,290,140,150,25,25,45,95,100,105,105,40,35,275,10,10,270,10,5,0,0,,,,,135,55,45,40,2.0,858.0,89,,93,,363.0,100.0,0.0,0.0,13.0,87.0,0.0,4.0,91.0,9.0,4.0,4.0,100.0,0.0,,,,,,,,,,,,,,,,,,,,,,,,,,,,,,,,,,,,,,,,,,,40,0.0,10.0,5.0,0.0,0.0,5.0,5.0,5.0,205,140,60,1.5,604.0,20,0.6,0.7,0.6,0.6,1.0,34,34,0,      8421,1.0,5.0,161.0,Oldeberkoop-West
12158,BU00851003,Ooststellingwerf                        ,Buurt     ,BU00851003,1,335,165,165,50,40,65,120,50,165,140,15,15,325,5,5,320,5,5,5,5,,,,,130,35,45,55,2.5,19.0,138,,20,,513.0,100.0,0.0,0.0,2.0,98.0,0.0,8.0,92.0,8.0,0.0,8.0,97.0,3.0,,,,,,,,,,,,,,,,,,,,,,,,,,,,,,,,,,,,,,,,,,,95,30.0,10.0,15.0,5.0,5.0,15.0,5.0,5.0,240,150,90,1.8,14.0,20,1.9,1.9,2.1,2.1,1.0,1743,1735,9,      8421,1.0,5.0,54.0,Oldeberkoop-Buitengebied
12159,WK008511  ,Ooststellingwerf                        ,Wijk      ,WK008511  ,1,9875,4920,4955,1470,1030,2160,2630,2580,4370,3930,935,640,8515,330,1025,8520,160,410,170,615,,,,,4610,1775,1430,1405,2.1,322.0,4629,,1026,,267.0,85.0,26.0,17.0,17.0,25.0,15.0,2.0,58.0,42.0,37.0,6.0,95.0,5.0,,,,,,,,,,,,,,,,,,,,,,,,,,,,,,,,,,,,,,,,,,,1000,65.0,145.0,235.0,50.0,25.0,205.0,165.0,105.0,5400,4085,1315,1.2,176.0,565,0.9,1.0,0.8,0.7,4.9,3107,3070,36,         .,,4.0,812.0,Oosterwolde
12160,BU00851101,Ooststellingwerf                        ,Buurt     ,BU00851101,1,1360,665,700,195,150,275,385,360,545,665,100,50,1235,30,95,1235,20,45,10,50,,,,,615,175,250,190,2.2,3555.0,618,,8,,310.0,98.0,28.0,13.0,24.0,34.0,2.0,1.0,80.0,20.0,14.0,6.0,100.0,0.0,,,,,,,,,,,,,,,,,,,,,,,,,,,,,,,,,,,,,,,,,,,75,0.0,10.0,10.0,0.0,5.0,25.0,15.0,10.0,825,615,210,1.3,2157.0,60,1.3,1.3,1.1,1.1,5.0,38,38,0,      8431,1.0,4.0,606.0,Oosterwolde-Maden
12161,BU00851102,Ooststellingwerf                        ,Buurt     ,BU00851102,1,300,150,150,40,45,50,105,55,115,150,20,15,285,5,10,285,0,10,0,5,,,,,120,20,50,55,2.5,2027.0,120,,2,,439.0,100.0,16.0,12.0,12.0,61.0,0.0,2.0,92.0,8.0,7.0,2.0,100.0,0.0,,,,,,,,,,,,,,,,,,,,,,,,,,,,,,,,,,,,,,,,,,,30,0.0,5.0,5.0,0.0,0.0,10.0,10.0,0.0,190,125,65,1.6,1297.0,20,1.5,1.5,1.3,1.3,5.0,15,15,0,      8431,1.0,4.0,624.0,Oosterwolde-Biezenkamp
12162,BU00851103,Ooststellingwerf                        ,Buurt     ,BU00851103,1,720,335,385,125,65,145,180,205,325,285,60,45,615,25,80,615,15,25,5,60,,,,,340,120,105,110,2.1,4190.0,343,,77,,223.0,86.0,40.0,25.0,12.0,10.0,14.0,1.0,44.0,56.0,54.0,2.0,100.0,0.0,,,,,,,,,,,,,,,,,,,,,,,,,,,,,,,,,,,,,,,,,,,30,0.0,10.0,5.0,5.0,0.0,5.0,5.0,5.0,340,270,70,1.0,1993.0,35,0.9,1.1,0.8,0.8,5.0,17,17,0,      8431,1.0,4.0,931.0,Oosterwolde-Prandinga
12163,BU00851104,Ooststellingwerf                        ,Buurt     ,BU00851104,1,340,185,160,50,30,95,105,65,170,100,50,20,285,25,30,285,5,10,15,15,,,,,180,85,45,50,1.9,2983.0,181,,10,,203.0,94.0,33.0,25.0,17.0,19.0,6.0,2.0,35.0,65.0,59.0,6.0,100.0,0.0,,,,,,,,,,,,,,,,,,,,,,,,,,,,,,,,,,,,,,,,,,,20,,,,,,,,,190,150,35,1.0,1649.0,20,0.5,0.7,0.3,0.3,5.0,11,11,0,      8431,1.0,3.0,1075.0,Oosterwolde-Weemeweg
12164,BU00851105,Ooststellingwerf                        ,Buurt     ,BU00851105,1,445,230,210,35,45,105,85,175,145,160,45,90,285,5,155,280,0,10,5,150,,,,,200,140,35,20,1.4,1251.0,225,,98,,214.0,30.0,1.0,2.0,8.0,19.0,70.0,7.0,25.0,75.0,71.0,4.0,100.0,0.0,,,,,,,,,,,,,,,,,,,,,,,,,,,,,,,,,,,,,,,,,,,50,0.0,5.0,10.0,0.0,5.0,5.0,20.0,10.0,140,105,40,0.7,400.0,20,0.4,0.4,0.3,0.3,5.0,36,35,0,      8431,1.0,3.0,1082.0,Oosterwolde-Centrum-Noord-West
12165,BU00851106,Ooststellingwerf                        ,Buurt     ,BU00851106,1,325,160,165,25,30,65,75,135,120,125,35,45,290,10,25,295,5,5,5,20,,,,,135,60,40,35,2.0,2305.0,131,,45,,288.0,75.0,6.0,8.0,18.0,43.0,25.0,3.0,69.0,31.0,23.0,8.0,99.0,1.0,,,,,,,,,,,,,,,,,,,,,,,,,,,,,,,,,,,,,,,,,,,45,0.0,5.0,10.0,0.0,0.0,10.0,10.0,5.0,155,125,30,1.1,1089.0,10,0.4,0.5,0.5,0.4,5.0,15,14,1,      8431,1.0,3.0,1026.0,Oosterwolde-Centrum-Noord-Oost
12166,BU00851107,Ooststellingwerf                        ,Buurt     ,BU00851107,1,560,280,275,70,50,100,150,190,215,245,55,45,495,20,45,495,10,20,15,20,,,,,285,115,95,75,2.0,2031.0,284,,17,,279.0,79.0,16.0,13.0,20.0,29.0,21.0,4.0,59.0,41.0,39.0,2.0,94.0,6.0,,,,,,,,,,,,,,,,,,,,,,,,,,,,,,,,,,,,,,,,,,,45,0.0,10.0,10.0,5.0,0.0,10.0,5.0,0.0,325,240,85,1.1,1179.0,40,0.5,0.4,0.6,0.4,5.0,28,28,0,      8431,1.0,4.0,765.0,Oosterwolde-Noord-Oost
12167,BU00851108,Ooststellingwerf                        ,Buurt     ,BU00851108,1,640,325,315,110,65,165,180,120,335,195,75,35,475,20,150,475,10,75,10,75,,,,,310,135,65,110,2.1,4443.0,310,,52,,198.0,100.0,51.0,35.0,12.0,2.0,0.0,1.0,15.0,85.0,85.0,0.0,100.0,0.0,,,,,,,,,,,,,,,,,,,,,,,,,,,,,,,,,,,,,,,,,,,25,0.0,5.0,5.0,0.0,0.0,5.0,5.0,5.0,245,215,35,0.8,1705.0,30,0.7,0.8,0.9,0.3,5.0,15,14,0,      8431,1.0,4.0,849.0,Oosterwolde-Hieming
12168,BU00851109,Ooststellingwerf                        ,Buurt     ,BU00851109,1,465,225,230,75,40,115,105,130,195,195,40,30,400,15,50,400,10,30,5,20,,,,,225,75,65,70,2.1,3104.0,222,,16,,243.0,94.0,27.0,27.0,26.0,14.0,6.0,0.0,72.0,28.0,27.0,1.0,100.0,0.0,,,,,,,,,,,,,,,,,,,,,,,,,,,,,,,,,,,,,,,,,,,30,0.0,5.0,0.0,0.0,0.0,5.0,5.0,5.0,285,235,50,1.3,1904.0,30,1.0,1.1,1.2,0.7,5.0,15,15,0,      8431,1.0,4.0,622.0,Oosterwolde-Schottelenburg
12169,BU00851110,Ooststellingwerf                        ,Buurt     ,BU00851110,1,765,375,390,105,90,160,205,205,335,325,60,40,700,20,45,695,5,25,10,20,,,,,340,105,115,120,2.2,1907.0,337,,55,,297.0,92.0,8.0,9.0,38.0,36.0,8.0,3.0,68.0,32.0,26.0,6.0,91.0,9.0,,,,,,,,,,,,,,,,,,,,,,,,,,,,,,,,,,,,,,,,,,,115,0.0,15.0,40.0,0.0,5.0,20.0,20.0,15.0,420,315,105,1.2,1044.0,45,0.7,0.5,0.4,0.6,5.0,41,40,1,      8431,1.0,3.0,1112.0,Oosterwolde-Duistereweg
12170,BU00851111,Ooststellingwerf                        ,Buurt     ,BU00851111,1,360,175,185,50,35,60,100,110,120,195,25,20,330,15,15,335,5,5,5,10,,,,,150,30,70,50,2.4,1640.0,154,,3,,347.0,99.0,14.0,7.0,25.0,53.0,1.0,3.0,96.0,4.0,0.0,4.0,100.0,0.0,,,,,,,,,,,,,,,,,,,,,,,,,,,,,,,,,,,,,,,,,,,25,0.0,5.0,5.0,0.0,0.0,10.0,0.0,5.0,220,160,60,1.4,999.0,30,1.1,0.9,0.6,0.7,5.0,22,22,0,      8431,1.0,4.0,909.0,Oosterwolde-Slatten
12171,BU00851112,Ooststellingwerf                        ,Buurt     ,BU00851112,1,1430,715,710,245,180,345,365,285,740,445,165,75,1200,60,165,1200,35,70,30,90,,,,,675,270,170,230,2.1,5284.0,684,,170,,212.0,90.0,51.0,32.0,4.0,4.0,10.0,2.0,52.0,48.0,45.0,3.0,100.0,0.0,,,,,,,,,,,,,,,,,,,,,,,,,,,,,,,,,,,,,,,,,,,70,0.0,10.0,10.0,10.0,0.0,15.0,10.0,15.0,700,585,115,1.0,2583.0,70,0.6,1.1,0.4,0.4,5.0,27,27,0,      8431,1.0,4.0,836.0,Oosterwolde-Zuid
12172,BU00851113,Ooststellingwerf                        ,Buurt     ,BU00851113,1,460,220,235,55,30,105,120,150,185,195,45,40,415,25,20,415,10,10,20,10,,,,,240,105,80,55,1.9,3335.0,249,,26,,237.0,63.0,7.0,9.0,25.0,22.0,37.0,5.0,55.0,45.0,31.0,14.0,98.0,2.0,,,,,,,,,,,,,,,,,,,,,,,,,,,,,,,,,,,,,,,,,,,55,0.0,10.0,20.0,0.0,0.0,5.0,10.0,10.0,280,220,60,1.2,2025.0,45,0.7,0.3,0.5,0.5,5.0,14,14,0,      8431,1.0,3.0,1211.0,Oosterwolde-Centrum-Zuid-Oost
12173,BU00851114,Ooststellingwerf                        ,Buurt     ,BU00851114,1,340,170,165,50,45,55,90,90,145,160,15,20,310,10,20,310,10,10,5,10,,,,,140,35,60,45,2.4,2834.0,141,,6,,309.0,83.0,12.0,4.0,48.0,19.0,17.0,2.0,79.0,21.0,17.0,4.0,100.0,0.0,,,,,,,,,,,,,,,,,,,,,,,,,,,,,,,,,,,,,,,,,,,20,,,,,,,,,175,125,50,1.2,1458.0,20,0.6,0.8,0.4,0.4,5.0,12,12,0,      8431,1.0,4.0,976.0,Oosterwolde-Iris
12174,BU00851115,Ooststellingwerf                        ,Buurt     ,BU00851115,1,340,190,145,25,20,100,105,85,155,110,45,25,295,15,25,295,10,10,10,20,,,,,225,140,50,30,1.5,1871.0,224,,30,,191.0,34.0,1.0,2.0,7.0,24.0,66.0,3.0,63.0,37.0,14.0,22.0,97.0,3.0,,,,,,,,,,,,,,,,,,,,,,,,,,,,,,,,,,,,,,,,,,,25,0.0,0.0,5.0,0.0,0.0,5.0,10.0,0.0,225,175,50,1.0,1247.0,30,0.3,1.1,0.5,0.5,5.0,18,18,0,      8431,1.0,4.0,727.0,Oosterwolde-Snellingerdijk
12175,BU00851116,Ooststellingwerf                        ,Buurt     ,BU00851116,1,365,155,210,85,50,105,65,65,215,85,55,10,290,10,65,290,5,25,0,35,,,,,170,65,45,60,2.1,4892.0,170,,2,,255.0,100.0,68.0,32.0,0.0,0.0,0.0,2.0,0.0,100.0,100.0,0.0,0.0,100.0,,,,,,,,,,,,,,,,,,,,,,,,,,,,,,,,,,,,,,,,,,,25,0.0,0.0,5.0,5.0,0.0,10.0,5.0,0.0,215,130,90,1.3,2908.0,5,0.8,0.9,0.6,0.7,5.0,7,7,0,      8431,1.0,4.0,953.0,Oosterwolde-Haerenkwartier
12176,BU00851117,Ooststellingwerf                        ,Buurt     ,BU00851117,1,35,20,15,5,0,10,5,10,20,15,5,0,30,5,5,35,0,0,5,0,,,,,15,5,5,5,2.1,34.0,18,,267,,,,,,,,,,,,,,,,,,,,,,,,,,,,,,,,,,,,,,,,,,,,,,,,,,,,,,,,,,175,0.0,40.0,75.0,5.0,5.0,30.0,5.0,5.0,110,50,60,,,5,1.0,1.0,0.8,0.8,5.0,112,111,1,      8431,1.0,4.0,562.0,Oosterwolde-Industrie
12177,BU00851118,Ooststellingwerf                        ,Buurt     ,BU00851118,1,630,330,290,115,70,110,200,140,285,285,40,25,590,15,20,590,10,15,5,10,,,,,250,70,85,95,2.5,24.0,218,,142,,479.0,98.0,0.0,0.0,1.0,97.0,2.0,4.0,89.0,11.0,0.0,11.0,98.0,2.0,,,,,,,,,,,,,,,,,,,,,,,,,,,,,,,,,,,,,,,,,,,135,50.0,10.0,15.0,5.0,5.0,30.0,15.0,5.0,360,250,110,1.4,14.0,50,2.8,2.8,2.5,2.5,2.7,2663,2631,32,      8431,1.0,5.0,129.0,Oosterwolde-Buitengebied
12178,WK008512  ,Ooststellingwerf                        ,Wijk      ,WK008512  ,1,390,205,185,30,50,55,145,110,130,220,25,20,360,20,15,360,15,5,5,5,,,,,170,35,85,45,2.3,32.0,162,,9,,436.0,100.0,2.0,1.0,21.0,75.0,0.0,1.0,84.0,16.0,12.0,4.0,97.0,3.0,,,,,,,,,,,,,,,,,,,,,,,,,,,,,,,,,,,,,,,,,,,50,15.0,5.0,5.0,0.0,5.0,10.0,10.0,5.0,245,165,80,1.5,20.0,35,3.3,3.1,3.1,3.1,0.7,1297,1234,63,         .,,5.0,52.0,Ravenswoud
12179,BU00851201,Ooststellingwerf                        ,Buurt     ,BU00851201,1,250,120,125,20,30,35,85,75,75,150,15,10,235,10,0,235,5,0,5,0,,,,,115,25,55,30,2.2,1091.0,113,,3,,377.0,100.0,4.0,2.0,30.0,65.0,0.0,2.0,81.0,19.0,18.0,2.0,98.0,2.0,,,,,,,,,,,,,,,,,,,,,,,,,,,,,,,,,,,,,,,,,,,25,5.0,0.0,5.0,0.0,0.0,5.0,5.0,5.0,175,125,50,1.5,762.0,25,3.0,2.9,2.8,2.9,0.8,23,23,0,      8427,1.0,5.0,46.0,Ravenswoud
12180,BU00851202,Ooststellingwerf                        ,Buurt     ,BU00851202,1,140,85,60,15,20,20,55,35,55,70,10,5,125,10,5,125,10,5,0,5,,,,,50,10,25,20,2.5,12.0,49,,6,,573.0,100.0,0.0,0.0,0.0,100.0,0.0,0.0,92.0,8.0,0.0,8.0,94.0,6.0,,,,,,,,,,,,,,,,,,,,,,,,,,,,,,,,,,,,,,,,,,,25,10.0,5.0,5.0,0.0,0.0,5.0,5.0,0.0,70,45,30,1.4,6.0,5,3.7,3.5,3.5,3.6,0.6,1273,1211,63,      8427,1.0,5.0,67.0,Ravenswoud-Buitengebied
12181,WK008513  ,Ooststellingwerf                        ,Wijk      ,WK008513  ,1,825,420,405,120,95,185,260,165,380,370,50,25,780,15,25,785,10,15,10,15,,,,,330,75,115,140,2.5,143.0,332,,33,,352.0,99.0,5.0,5.0,20.0,70.0,1.0,2.0,86.0,14.0,10.0,4.0,98.0,2.0,,,,,,,,,,,,,,,,,,,,,,,,,,,,,,,,,,,,,,,,,,,130,15.0,25.0,35.0,5.0,5.0,25.0,20.0,15.0,525,395,130,1.6,91.0,60,3.6,3.7,0.8,0.8,1.1,578,576,2,         .,,5.0,80.0,Waskemeer
12182,BU00851301,Ooststellingwerf                        ,Buurt     ,BU00851301,1,535,270,260,85,60,125,160,95,240,235,35,20,500,10,15,500,5,10,5,10,,,,,220,60,70,90,2.4,1974.0,220,,21,,295.0,100.0,8.0,7.0,30.0,55.0,0.0,1.0,82.0,18.0,15.0,3.0,98.0,2.0,,,,,,,,,,,,,,,,,,,,,,,,,,,,,,,,,,,,,,,,,,,75,5.0,10.0,20.0,0.0,0.0,15.0,10.0,10.0,350,275,80,1.6,1303.0,50,3.6,3.6,0.3,0.3,1.0,28,27,1,      8434,1.0,5.0,101.0,Waskemeer
12183,BU00851302,Ooststellingwerf                        ,Buurt     ,BU00851302,1,295,150,145,30,35,60,95,65,130,135,15,10,280,5,10,280,0,5,0,5,,,,,105,15,45,50,2.7,53.0,112,,12,,464.0,98.0,0.0,0.0,0.0,98.0,2.0,5.0,93.0,7.0,0.0,7.0,99.0,1.0,,,,,,,,,,,,,,,,,,,,,,,,,,,,,,,,,,,,,,,,,,,60,10.0,10.0,15.0,0.0,0.0,10.0,5.0,5.0,175,120,55,1.6,32.0,15,3.7,3.8,1.6,1.6,1.4,550,549,2,      8434,1.0,5.0,41.0,Waskemeer-Buitengebied
12242,GM0086    ,Opsterland                              ,Gemeente  ,GM0086    ,1,30012,15087,14925,4471,3402,6327,8513,7299,13552,12734,2099,1627,27512,974,1526,27512,470,635,504,891,,,,,12897,4084,4387,4426,2.3,134.0,13509,,1508,,347.0,85.0,12.0,9.0,18.0,47.0,15.0,4.0,70.0,30.0,21.0,9.0,93.0,7.0,,,,,,,,,,,,,,,,,,,,,,,,,,,,,,,,,,,,,,,,,,,3980,385.0,660.0,665.0,205.0,165.0,865.0,635.0,400.0,17725,12945,4775,1.4,79.0,1965,1.5,1.9,1.0,1.0,1.9,22764,22440,324,         .,,5.0,429.0,Opsterland
12243,WK008601  ,Opsterland                              ,Wijk      ,WK008601  ,1,1890,965,930,265,215,415,540,455,855,820,135,85,1745,50,100,1745,20,35,25,65,,,,,825,250,290,285,2.3,93.0,827,,110,,,95.0,13.0,11.0,16.0,55.0,5.0,3.0,79.0,21.0,15.0,6.0,98.0,2.0,,,,,,,,,,,,,,,,,,,,,,,,,,,,,,,,,,,,,,,,,,,265,25.0,40.0,45.0,10.0,15.0,60.0,40.0,20.0,1240,875,365,1.5,61.0,115,1.0,1.0,0.9,0.8,1.1,2034,2025,9,         .,,5.0,183.0,Bakkeveen
12244,BU00860101,Opsterland                              ,Buurt     ,BU00860101,1,365,185,180,50,45,55,110,100,155,175,20,15,350,10,5,355,0,0,5,5,,,,,150,40,60,55,2.4,1497.0,155,,13,,,94.0,5.0,5.0,2.0,82.0,6.0,5.0,92.0,8.0,0.0,8.0,99.0,1.0,,,,,,,,,,,,,,,,,,,,,,,,,,,,,,,,,,,,,,,,,,,75,0.0,15.0,15.0,5.0,5.0,15.0,15.0,5.0,250,165,85,1.7,1020.0,25,0.4,0.3,0.8,0.5,1.0,26,24,1,      9243,1.0,5.0,215.0,Bakkeveen-Centrum
12245,BU00860102,Opsterland                              ,Buurt     ,BU00860102,1,1080,545,535,150,115,265,270,275,495,435,95,50,960,25,90,965,20,35,5,60,,,,,500,170,170,165,2.2,2415.0,505,,12,,,93.0,20.0,16.0,23.0,35.0,7.0,2.0,72.0,28.0,24.0,4.0,100.0,0.0,,,,,,,,,,,,,,,,,,,,,,,,,,,,,,,,,,,,,,,,,,,70,0.0,10.0,10.0,5.0,5.0,15.0,15.0,10.0,650,495,155,1.3,1455.0,55,0.5,0.6,0.7,0.5,1.0,45,45,0,      9243,1.0,5.0,223.0,Bakkeveen-De Kampen
12246,BU00860103,Opsterland                              ,Buurt     ,BU00860103,1,450,235,215,60,55,95,160,80,200,210,25,10,425,15,5,425,0,5,10,5,,,,,175,40,70,70,2.6,23.0,167,,85,,,100.0,0.0,0.0,7.0,93.0,0.0,7.0,89.0,11.0,1.0,11.0,93.0,7.0,,,,,,,,,,,,,,,,,,,,,,,,,,,,,,,,,,,,,,,,,,,120,25.0,20.0,25.0,5.0,5.0,30.0,10.0,5.0,340,215,130,2.0,17.0,35,2.5,2.5,1.7,1.8,1.2,1964,1956,8,      9243,1.0,5.0,80.0,Bakkeveen-Buitengebied
12247,WK008602  ,Opsterland                              ,Wijk      ,WK008602  ,1,3745,1825,1920,435,355,675,1020,1265,1655,1530,300,275,3440,125,185,3435,70,80,55,105,,,,,1680,635,610,435,2.0,182.0,2072,,227,,,65.0,10.0,5.0,16.0,33.0,35.0,6.0,56.0,44.0,18.0,26.0,84.0,16.0,,,,,,,,,,,,,,,,,,,,,,,,,,,,,,,,,,,,,,,,,,,470,20.0,35.0,60.0,25.0,35.0,120.0,130.0,50.0,2115,1510,605,1.3,103.0,200,1.1,0.9,0.7,1.1,1.0,2099,2059,40,         .,,5.0,489.0,Beetsterzwaag
12248,BU00860201,Opsterland                              ,Buurt     ,BU00860201,1,180,85,95,5,15,30,50,80,55,85,15,25,155,5,20,155,5,5,0,15,,,,,80,25,35,20,2.0,1267.0,109,,46,,,46.0,6.0,2.0,10.0,28.0,54.0,15.0,57.0,42.0,0.0,42.0,100.0,0.0,,,,,,,,,,,,,,,,,,,,,,,,,,,,,,,,,,,,,,,,,,,80,0.0,5.0,30.0,0.0,5.0,20.0,10.0,10.0,120,70,50,1.5,845.0,10,0.5,0.2,0.4,0.6,1.0,14,14,0,      9244,1.0,4.0,626.0,Beetsterzwaag-Centrum
12249,BU00860202,Opsterland                              ,Buurt     ,BU00860202,1,695,325,375,80,65,100,160,285,280,280,65,75,630,20,40,635,5,20,10,20,,,,,345,165,100,85,1.9,2612.0,391,,76,,,62.0,4.0,3.0,19.0,36.0,38.0,10.0,51.0,49.0,21.0,28.0,80.0,20.0,,,,,,,,,,,,,,,,,,,,,,,,,,,,,,,,,,,,,,,,,,,75,0.0,5.0,5.0,0.0,5.0,20.0,25.0,5.0,410,290,115,1.2,1533.0,50,0.7,0.4,0.7,0.4,1.0,27,27,0,      9244,1.0,4.0,547.0,Beetsterzwaag-Merkelân
12250,BU00860203,Opsterland                              ,Buurt     ,BU00860203,1,1135,530,605,145,100,190,275,425,430,505,95,105,1035,35,60,1035,15,30,15,30,,,,,595,255,205,135,1.9,2303.0,599,,36,,333.0,72.0,9.0,7.0,19.0,37.0,28.0,2.0,60.0,40.0,34.0,6.0,91.0,9.0,,,,,,,,,,,,,,,,,,,,,,,,,,,,,,,,,,,,,,,,,,,120,0.0,10.0,10.0,15.0,10.0,25.0,45.0,10.0,670,505,165,1.1,1360.0,55,1.0,0.7,0.3,1.1,1.0,49,49,0,      9244,1.0,4.0,573.0,Beetsterzwaag-Skeakel
12251,BU00860204,Opsterland                              ,Buurt     ,BU00860204,1,275,170,105,0,25,80,135,40,275,0,0,0,250,15,10,255,10,5,5,10,,,,,0,0,0,0,1.0,1593.0,298,,46,,,0.0,0.0,0.0,0.0,0.0,100.0,11.0,0.0,100.0,0.0,100.0,34.0,66.0,,,,,,,,,,,,,,,,,,,,,,,,,,,,,,,,,,,,,,,,,,,5,,,,,,,,,0,0,0,,,0,1.0,0.9,1.3,0.4,1.0,17,17,0,      9244,1.0,5.0,431.0,Beetsterzwaag-Talant
12252,BU00860205,Opsterland                              ,Buurt     ,BU00860205,1,280,135,145,60,25,65,55,90,130,110,25,20,270,10,10,265,0,5,5,5,,,,,120,35,45,40,2.3,2028.0,120,,2,,430.0,100.0,18.0,8.0,33.0,40.0,0.0,3.0,95.0,5.0,5.0,0.0,100.0,0.0,,,,,,,,,,,,,,,,,,,,,,,,,,,,,,,,,,,,,,,,,,,30,0.0,5.0,0.0,5.0,0.0,10.0,10.0,5.0,160,110,50,1.3,1128.0,20,0.6,0.7,1.1,0.3,1.0,14,14,0,      9244,1.0,5.0,484.0,Beetsterzwaag-Hup strjitten
12253,BU00860206,Opsterland                              ,Buurt     ,BU00860206,1,600,280,320,75,70,130,155,160,280,240,60,20,545,20,30,545,15,10,10,20,,,,,300,110,105,80,2.0,4318.0,304,,1,,281.0,83.0,35.0,14.0,22.0,12.0,17.0,3.0,64.0,36.0,28.0,7.0,100.0,0.0,,,,,,,,,,,,,,,,,,,,,,,,,,,,,,,,,,,,,,,,,,,55,0.0,5.0,0.0,5.0,0.0,25.0,15.0,10.0,380,295,85,1.3,2742.0,30,1.6,1.3,0.6,1.7,1.0,14,14,0,      9244,1.0,5.0,439.0,Beetsterzwaag-Singels
12254,BU00860207,Opsterland                              ,Buurt     ,BU00860207,1,370,180,185,35,35,50,110,135,115,210,25,15,345,10,10,345,10,0,5,5,,,,,160,25,85,50,2.3,2132.0,161,,1,,507.0,100.0,1.0,1.0,21.0,76.0,0.0,1.0,99.0,1.0,0.0,1.0,100.0,0.0,,,,,,,,,,,,,,,,,,,,,,,,,,,,,,,,,,,,,,,,,,,35,0.0,0.0,0.0,0.0,0.0,15.0,10.0,5.0,205,135,70,1.3,1193.0,25,1.9,1.5,0.7,1.9,1.0,17,17,0,      9244,1.0,5.0,311.0,Beetsterzwaag-Roekebosk
12255,BU00860208,Opsterland                              ,Buurt     ,BU00860208,1,70,35,35,15,5,5,30,15,25,40,0,0,65,0,0,70,0,5,0,0,,,,,25,5,15,10,2.6,11.0,32,,5,,553.0,78.0,0.0,0.0,0.0,78.0,22.0,19.0,78.0,19.0,0.0,19.0,88.0,13.0,,,,,,,,,,,,,,,,,,,,,,,,,,,,,,,,,,,,,,,,,,,25,5.0,0.0,5.0,0.0,0.0,5.0,5.0,0.0,60,30,30,,,10,3.2,3.0,3.0,3.2,0.5,620,619,2,      9246,1.0,5.0,28.0,Beetsterzwaag-Olterterp
12256,BU00860209,Opsterland                              ,Buurt     ,BU00860209,1,140,80,60,20,20,20,45,30,65,60,15,5,130,5,0,135,5,0,0,0,,,,,50,10,20,25,2.6,11.0,58,,14,,547.0,97.0,0.0,0.0,3.0,93.0,3.0,14.0,72.0,26.0,0.0,26.0,97.0,3.0,,,,,,,,,,,,,,,,,,,,,,,,,,,,,,,,,,,,,,,,,,,45,10.0,5.0,5.0,5.0,5.0,5.0,5.0,5.0,115,75,40,2.2,9.0,10,1.4,1.4,1.6,1.6,1.0,1326,1288,38,      9244,1.0,5.0,219.0,Beetsterzwaag-Buitengebied
12257,WK008604  ,Opsterland                              ,Wijk      ,WK008604  ,1,1010,525,485,170,160,220,295,165,490,440,50,35,965,15,30,965,10,20,10,15,,,,,385,100,120,165,2.6,232.0,383,,14,,362.0,95.0,6.0,6.0,22.0,61.0,5.0,2.0,86.0,14.0,10.0,4.0,95.0,5.0,,,,,,,,,,,,,,,,,,,,,,,,,,,,,,,,,,,,,,,,,,,140,10.0,35.0,15.0,5.0,0.0,40.0,15.0,15.0,585,445,135,1.5,134.0,65,3.5,3.4,0.6,0.7,2.2,442,437,5,         .,,5.0,106.0,Frieschepalen
12258,BU00860401,Opsterland                              ,Buurt     ,BU00860401,1,850,440,410,145,130,190,245,140,405,375,45,30,805,15,35,805,10,15,5,15,,,,,330,90,105,135,2.6,1900.0,329,,11,,340.0,95.0,7.0,7.0,26.0,55.0,5.0,2.0,85.0,15.0,12.0,4.0,95.0,5.0,,,,,,,,,,,,,,,,,,,,,,,,,,,,,,,,,,,,,,,,,,,130,5.0,35.0,15.0,5.0,0.0,40.0,15.0,15.0,540,415,125,1.6,1210.0,50,3.7,3.6,0.5,0.5,2.1,45,45,0,      9249,1.0,5.0,113.0,Frieschepalen-Kom
12259,BU00860402,Opsterland                              ,Buurt     ,BU00860402,1,165,90,75,25,30,30,55,25,85,70,5,5,160,0,5,160,0,0,5,0,,,,,55,10,15,30,3.0,42.0,54,,3,,499.0,100.0,0.0,0.0,2.0,98.0,0.0,4.0,96.0,4.0,0.0,4.0,93.0,7.0,,,,,,,,,,,,,,,,,,,,,,,,,,,,,,,,,,,,,,,,,,,10,,,,,,,,,45,30,15,0.8,11.0,15,3.0,2.9,1.4,1.4,2.8,397,392,5,      9249,1.0,5.0,63.0,Frieschepalen-Buitengebied
12260,WK008605  ,Opsterland                              ,Wijk      ,WK008605  ,1,7480,3680,3805,1125,735,1695,1980,1950,3265,3095,615,505,6600,360,520,6595,175,205,185,315,,,,,3465,1285,1100,1080,2.1,570.0,3599,,713,,292.0,81.0,22.0,16.0,17.0,26.0,19.0,4.0,62.0,38.0,32.0,6.0,93.0,7.0,,,,,,,,,,,,,,,,,,,,,,,,,,,,,,,,,,,,,,,,,,,925,30.0,140.0,215.0,50.0,40.0,195.0,155.0,95.0,4080,3080,1000,1.2,311.0,420,1.2,0.9,0.7,0.7,3.7,1330,1313,17,         .,,4.0,824.0,Gorredijk
12261,BU00860501,Opsterland                              ,Buurt     ,BU00860501,1,1360,660,700,140,125,295,365,430,560,545,135,120,1230,55,80,1225,30,30,25,45,,,,,740,360,220,160,1.8,3481.0,810,,162,,257.0,70.0,11.0,9.0,19.0,31.0,30.0,10.0,55.0,45.0,31.0,14.0,95.0,5.0,,,,,,,,,,,,,,,,,,,,,,,,,,,,,,,,,,,,,,,,,,,210,0.0,25.0,60.0,10.0,10.0,40.0,30.0,40.0,715,550,170,1.0,1835.0,80,1.2,0.4,0.6,0.7,3.4,41,39,2,      8401,1.0,4.0,875.0,Gorredijk-Centrum
12262,BU00860502,Opsterland                              ,Buurt     ,BU00860502,1,180,95,80,30,20,30,60,35,75,95,10,5,170,5,5,170,0,0,0,5,,,,,75,20,25,30,2.4,152.0,64,,353,,441.0,95.0,0.0,0.0,3.0,92.0,5.0,2.0,92.0,8.0,0.0,8.0,95.0,5.0,,,,,,,,,,,,,,,,,,,,,,,,,,,,,,,,,,,,,,,,,,,235,5.0,50.0,85.0,10.0,10.0,40.0,20.0,15.0,200,115,85,,,50,0.9,1.2,0.8,1.5,4.3,122,118,4,      8401,1.0,4.0,584.0,Gorredijk-De Kromten
12263,BU00860503,Opsterland                              ,Buurt     ,BU00860503,1,1620,765,855,235,165,380,415,430,740,595,160,130,1400,100,125,1400,45,40,55,80,,,,,795,355,220,220,2.0,4032.0,792,,66,,244.0,75.0,37.0,23.0,9.0,7.0,25.0,2.0,60.0,40.0,37.0,3.0,99.0,1.0,,,,,,,,,,,,,,,,,,,,,,,,,,,,,,,,,,,,,,,,,,,125,0.0,20.0,15.0,5.0,0.0,25.0,50.0,10.0,885,720,165,1.1,2201.0,70,0.4,1.1,0.8,0.8,4.9,40,40,0,      8401,1.0,4.0,917.0,Gorredijk-IJ buurt
12264,BU00860504,Opsterland                              ,Buurt     ,BU00860504,1,715,360,355,105,80,125,220,185,280,365,35,40,645,60,10,650,15,5,45,5,,,,,295,65,125,105,2.4,2729.0,294,,5,,355.0,96.0,16.0,10.0,29.0,40.0,4.0,1.0,88.0,12.0,7.0,4.0,100.0,0.0,,,,,,,,,,,,,,,,,,,,,,,,,,,,,,,,,,,,,,,,,,,50,0.0,5.0,10.0,5.0,5.0,15.0,10.0,0.0,360,270,95,1.2,1378.0,50,0.9,1.4,1.0,0.5,4.1,26,26,0,      8401,1.0,4.0,748.0,Gorredijk-Bloemenwijk
12265,BU00860505,Opsterland                              ,Buurt     ,BU00860505,1,1080,535,545,200,110,255,310,200,445,535,60,40,990,40,45,990,25,20,20,25,,,,,420,75,160,180,2.6,2666.0,420,,6,,422.0,90.0,20.0,11.0,22.0,36.0,10.0,0.0,87.0,13.0,7.0,6.0,71.0,29.0,,,,,,,,,,,,,,,,,,,,,,,,,,,,,,,,,,,,,,,,,,,95,0.0,10.0,10.0,10.0,10.0,35.0,20.0,5.0,615,410,205,1.5,1523.0,45,1.8,1.1,0.6,0.5,3.2,42,40,2,      8401,1.0,4.0,752.0,Gorredijk-Loevestein
12266,BU00860506,Opsterland                              ,Buurt     ,BU00860506,1,1780,890,890,330,165,500,400,380,890,605,175,105,1460,80,240,1460,50,90,30,150,,,,,845,335,240,275,2.1,4147.0,862,,101,,230.0,89.0,34.0,27.0,20.0,8.0,11.0,2.0,41.0,59.0,54.0,5.0,89.0,11.0,,,,,,,,,,,,,,,,,,,,,,,,,,,,,,,,,,,,,,,,,,,105,0.0,20.0,20.0,10.0,5.0,20.0,20.0,15.0,880,715,165,1.0,2056.0,80,1.2,0.4,0.4,0.4,3.3,43,43,0,      8401,1.0,4.0,997.0,Gorredijk-Groene Long
12267,BU00860507,Opsterland                              ,Buurt     ,BU00860507,1,395,190,200,40,35,50,90,180,130,170,25,65,370,10,20,365,5,10,5,5,,,,,155,45,60,50,2.2,918.0,213,,13,,319.0,67.0,4.0,4.0,7.0,52.0,33.0,4.0,61.0,39.0,36.0,3.0,100.0,0.0,,,,,,,,,,,,,,,,,,,,,,,,,,,,,,,,,,,,,,,,,,,40,0.0,10.0,5.0,5.0,0.0,10.0,5.0,5.0,195,145,50,1.3,457.0,20,1.7,0.6,0.9,0.9,3.0,43,43,0,      8401,1.0,4.0,664.0,Gorredijk-Miente
12268,BU00860508,Opsterland                              ,Buurt     ,BU00860508,1,355,190,165,50,30,55,110,100,140,180,20,10,340,10,10,335,10,0,5,5,,,,,145,30,60,55,2.5,37.0,144,,7,,497.0,100.0,0.0,0.0,5.0,95.0,0.0,2.0,99.0,1.0,0.0,1.0,99.0,1.0,,,,,,,,,,,,,,,,,,,,,,,,,,,,,,,,,,,,,,,,,,,65,20.0,5.0,10.0,0.0,5.0,15.0,5.0,5.0,220,155,65,1.5,23.0,25,3.3,2.4,2.6,2.7,1.4,973,964,9,      8401,1.0,5.0,119.0,Gorredijk-Buitengebied
12269,WK008606  ,Opsterland                              ,Wijk      ,WK008606  ,1,755,390,365,85,85,150,270,160,335,330,55,40,705,25,25,705,20,10,10,15,,,,,330,95,120,115,2.3,70.0,333,,19,,382.0,95.0,1.0,1.0,17.0,75.0,5.0,4.0,80.0,20.0,11.0,9.0,95.0,5.0,,,,,,,,,,,,,,,,,,,,,,,,,,,,,,,,,,,,,,,,,,,110,10.0,10.0,15.0,5.0,0.0,30.0,25.0,15.0,510,355,155,1.5,47.0,65,4.5,4.6,4.2,1.1,1.0,1089,1084,5,         .,,5.0,66.0,Hemrik
12270,BU00860601,Opsterland                              ,Buurt     ,BU00860601,1,455,235,220,45,55,100,165,100,195,215,30,20,435,15,10,435,10,5,10,10,,,,,205,60,75,70,2.2,1068.0,216,,7,,347.0,92.0,1.0,1.0,25.0,65.0,8.0,4.0,75.0,25.0,13.0,11.0,95.0,5.0,,,,,,,,,,,,,,,,,,,,,,,,,,,,,,,,,,,,,,,,,,,50,5.0,5.0,10.0,0.0,0.0,10.0,10.0,10.0,315,230,85,1.5,730.0,40,4.6,4.7,4.2,0.6,1.0,43,43,0,      8409,1.0,5.0,78.0,Hemrik-Kom
12271,BU00860602,Opsterland                              ,Buurt     ,BU00860602,1,300,150,145,40,30,50,115,70,140,120,20,20,275,15,10,270,10,10,5,5,,,,,125,35,40,50,2.4,29.0,117,,12,,443.0,100.0,1.0,2.0,3.0,94.0,0.0,3.0,88.0,12.0,6.0,6.0,97.0,3.0,,,,,,,,,,,,,,,,,,,,,,,,,,,,,,,,,,,,,,,,,,,60,5.0,5.0,10.0,5.0,0.0,20.0,15.0,5.0,200,125,70,1.6,19.0,20,4.4,4.5,4.2,1.8,1.0,1046,1041,5,      8409,1.0,5.0,47.0,Hemrik-Buitengebied
12272,WK008607  ,Opsterland                              ,Wijk      ,WK008607  ,1,280,140,140,35,35,45,85,75,120,130,25,10,270,10,10,265,5,5,5,5,,,,,110,20,50,40,2.5,60.0,112,,8,,437.0,100.0,0.0,0.0,11.0,88.0,0.0,3.0,97.0,3.0,0.0,3.0,100.0,0.0,,,,,,,,,,,,,,,,,,,,,,,,,,,,,,,,,,,,,,,,,,,45,5.0,10.0,10.0,0.0,5.0,10.0,5.0,0.0,190,130,60,1.7,41.0,30,3.0,4.2,2.8,2.8,0.8,465,465,0,         .,,5.0,34.0,Jonkerslân
12273,BU00860701,Opsterland                              ,Buurt     ,BU00860701,1,155,75,80,20,25,30,45,30,70,65,15,5,150,5,0,150,5,0,5,0,,,,,60,15,25,20,2.5,1604.0,59,,2,,392.0,100.0,0.0,0.0,20.0,80.0,0.0,0.0,100.0,0.0,0.0,0.0,100.0,0.0,,,,,,,,,,,,,,,,,,,,,,,,,,,,,,,,,,,,,,,,,,,20,,,,,,,,,100,75,25,1.7,1069.0,15,2.9,4.0,2.7,2.7,1.0,10,10,0,      8403,1.0,5.0,34.0,Jonkerslân-Kom
12274,BU00860702,Opsterland                              ,Buurt     ,BU00860702,1,130,65,65,20,10,20,40,40,50,65,10,5,120,5,5,120,0,0,5,5,,,,,50,10,25,20,2.5,28.0,53,,6,,486.0,100.0,0.0,0.0,0.0,98.0,0.0,6.0,94.0,6.0,0.0,6.0,100.0,0.0,,,,,,,,,,,,,,,,,,,,,,,,,,,,,,,,,,,,,,,,,,,25,5.0,5.0,5.0,0.0,5.0,5.0,0.0,0.0,90,55,30,1.7,19.0,15,3.1,4.4,2.9,2.9,0.5,456,456,0,      8403,1.0,5.0,32.0,Jonkerslân-Buitengebied
12275,WK008608  ,Opsterland                              ,Wijk      ,WK008608  ,1,1060,560,505,165,155,220,330,195,525,455,60,25,985,35,45,980,25,20,15,25,,,,,430,105,145,175,2.5,81.0,421,,17,,385.0,98.0,5.0,4.0,24.0,65.0,2.0,1.0,81.0,19.0,15.0,3.0,96.0,4.0,,,,,,,,,,,,,,,,,,,,,,,,,,,,,,,,,,,,,,,,,,,150,20.0,20.0,25.0,10.0,5.0,30.0,20.0,25.0,670,480,185,1.6,51.0,75,0.9,4.9,0.9,0.9,1.1,1317,1308,8,         .,,5.0,85.0,Langezwaag
12276,BU00860801,Opsterland                              ,Buurt     ,BU00860801,1,720,385,335,105,115,165,215,125,375,290,45,10,655,25,40,655,15,15,10,20,,,,,310,95,95,120,2.3,1444.0,297,,11,,333.0,98.0,8.0,5.0,34.0,51.0,2.0,1.0,76.0,24.0,19.0,4.0,96.0,4.0,,,,,,,,,,,,,,,,,,,,,,,,,,,,,,,,,,,,,,,,,,,105,10.0,15.0,20.0,10.0,5.0,20.0,15.0,15.0,500,380,120,1.6,1002.0,65,0.5,4.9,0.5,0.5,1.1,50,50,0,      8404,1.0,5.0,96.0,Langezwaag-Kom
12277,BU00860802,Opsterland                              ,Buurt     ,BU00860802,1,340,175,165,55,45,55,120,65,150,170,15,10,325,10,5,325,5,5,0,0,,,,,125,15,50,55,2.8,27.0,124,,6,,511.0,98.0,0.0,0.0,2.0,97.0,2.0,2.0,93.0,7.0,6.0,1.0,98.0,2.0,,,,,,,,,,,,,,,,,,,,,,,,,,,,,,,,,,,,,,,,,,,45,10.0,5.0,5.0,0.0,5.0,15.0,5.0,5.0,165,105,65,1.4,13.0,15,1.8,5.0,1.8,1.8,1.0,1266,1258,8,      8404,1.0,5.0,60.0,Langezwaag-Buitengebied
12278,WK008609  ,Opsterland                              ,Wijk      ,WK008609  ,1,1310,655,650,185,145,260,420,305,555,600,105,45,1215,40,55,1215,25,25,25,30,,,,,565,150,230,195,2.3,81.0,573,,26,,375.0,97.0,4.0,4.0,25.0,64.0,3.0,2.0,80.0,20.0,14.0,6.0,95.0,5.0,,,,,,,,,,,,,,,,,,,,,,,,,,,,,,,,,,,,,,,,,,,190,30.0,30.0,25.0,5.0,10.0,45.0,25.0,20.0,810,610,200,1.4,51.0,105,2.4,3.0,1.0,0.9,2.3,1615,1606,8,         .,,5.0,137.0,Lippenhuizen
12279,BU00860901,Opsterland                              ,Buurt     ,BU00860901,1,950,475,475,150,95,215,280,215,400,435,75,30,870,30,50,875,15,20,20,25,,,,,425,120,160,145,2.2,1644.0,425,,18,,335.0,96.0,5.0,5.0,32.0,53.0,4.0,2.0,75.0,25.0,20.0,6.0,95.0,5.0,,,,,,,,,,,,,,,,,,,,,,,,,,,,,,,,,,,,,,,,,,,105,5.0,20.0,15.0,5.0,0.0,30.0,20.0,15.0,580,455,125,1.4,1004.0,75,2.5,3.2,0.5,0.4,2.5,58,58,0,      8408,1.0,5.0,156.0,Lippenhuizen-Kom
12280,BU00860902,Opsterland                              ,Buurt     ,BU00860902,1,360,185,175,35,50,45,145,90,155,165,25,15,340,10,5,340,5,5,0,0,,,,,140,30,65,50,2.5,23.0,148,,8,,493.0,100.0,0.0,0.0,4.0,96.0,0.0,4.0,95.0,5.0,0.0,5.0,97.0,3.0,,,,,,,,,,,,,,,,,,,,,,,,,,,,,,,,,,,,,,,,,,,85,25.0,15.0,5.0,0.0,5.0,15.0,5.0,10.0,230,160,75,1.6,15.0,30,2.3,2.4,2.2,2.1,1.8,1557,1549,8,      8408,1.0,5.0,83.0,Lippenhuizen-Buitengebied
12281,WK008610  ,Opsterland                              ,Wijk      ,WK008610  ,1,435,225,210,75,60,90,135,80,230,170,30,10,405,10,20,405,0,10,10,10,,,,,170,40,55,80,2.5,87.0,169,,5,,410.0,100.0,1.0,1.0,18.0,80.0,0.0,2.0,88.0,12.0,9.0,4.0,96.0,4.0,,,,,,,,,,,,,,,,,,,,,,,,,,,,,,,,,,,,,,,,,,,50,5.0,10.0,5.0,5.0,0.0,10.0,5.0,5.0,285,195,90,1.7,56.0,50,2.8,6.4,3.1,3.2,0.3,507,503,3,         .,,5.0,40.0,Luxwoude
12282,BU00861001,Opsterland                              ,Buurt     ,BU00861001,1,295,145,145,50,35,65,80,55,150,110,20,10,265,5,15,265,0,5,10,10,,,,,120,35,40,50,2.4,1853.0,117,,3,,365.0,100.0,2.0,2.0,26.0,71.0,0.0,1.0,84.0,16.0,13.0,3.0,98.0,2.0,,,,,,,,,,,,,,,,,,,,,,,,,,,,,,,,,,,,,,,,,,,25,0.0,5.0,5.0,5.0,0.0,0.0,5.0,0.0,185,125,60,1.5,1168.0,25,3.1,6.5,3.4,3.4,0.0,16,16,0,      8405,1.0,5.0,47.0,Luxwoude-Kom
12283,BU00861002,Opsterland                              ,Buurt     ,BU00861002,1,145,80,65,25,25,25,50,25,75,55,10,5,145,5,0,145,0,0,0,0,,,,,50,10,10,30,2.8,30.0,52,,2,,513.0,100.0,0.0,0.0,0.0,100.0,0.0,6.0,96.0,4.0,0.0,4.0,92.0,8.0,,,,,,,,,,,,,,,,,,,,,,,,,,,,,,,,,,,,,,,,,,,30,5.0,5.0,5.0,0.0,0.0,10.0,0.0,5.0,100,70,30,2.0,21.0,25,2.4,6.1,2.6,2.7,0.9,491,488,3,      8405,1.0,5.0,25.0,Luxwoude-Buitengebied
12284,WK008611  ,Opsterland                              ,Wijk      ,WK008611  ,1,1640,865,780,235,195,355,525,335,785,710,90,60,1550,30,55,1555,15,30,15,25,,,,,690,180,245,270,2.4,89.0,667,,57,,386.0,97.0,3.0,4.0,18.0,73.0,3.0,3.0,80.0,20.0,16.0,4.0,99.0,1.0,,,,,,,,,,,,,,,,,,,,,,,,,,,,,,,,,,,,,,,,,,,250,40.0,45.0,25.0,15.0,10.0,50.0,40.0,30.0,1030,715,315,1.5,56.0,130,1.8,1.2,1.1,1.3,0.9,1911,1853,58,         .,,5.0,105.0,Nij Beets
12285,BU00861101,Opsterland                              ,Buurt     ,BU00861101,1,1180,600,575,170,145,255,370,245,560,505,70,40,1115,30,40,1115,15,20,15,15,,,,,500,130,175,195,2.4,993.0,493,,43,,356.0,96.0,4.0,5.0,21.0,66.0,4.0,3.0,80.0,20.0,17.0,3.0,99.0,1.0,,,,,,,,,,,,,,,,,,,,,,,,,,,,,,,,,,,,,,,,,,,165,15.0,35.0,20.0,10.0,5.0,35.0,25.0,20.0,805,575,235,1.6,678.0,100,1.3,0.7,0.7,0.7,1.0,124,119,5,      9245,1.0,5.0,131.0,Nij Beets-Kom
12286,BU00861102,Opsterland                              ,Buurt     ,BU00861102,1,460,260,200,65,50,100,160,95,225,205,20,15,440,5,15,440,0,10,0,5,,,,,195,50,65,75,2.4,27.0,174,,14,,473.0,99.0,0.0,0.0,7.0,92.0,1.0,2.0,80.0,20.0,14.0,6.0,97.0,3.0,,,,,,,,,,,,,,,,,,,,,,,,,,,,,,,,,,,,,,,,,,,80,20.0,10.0,5.0,5.0,0.0,15.0,15.0,5.0,225,145,80,1.2,13.0,30,3.0,2.6,2.0,2.7,0.8,1787,1734,53,      9245,1.0,5.0,30.0,Nij Beets-Buitengebied
12287,WK008613  ,Opsterland                              ,Wijk      ,WK008613  ,1,830,420,410,130,95,170,270,170,365,390,45,25,775,30,35,770,5,20,20,10,,,,,315,70,115,130,2.6,57.0,305,,19,,424.0,99.0,1.0,1.0,5.0,92.0,1.0,5.0,90.0,10.0,4.0,6.0,98.0,2.0,,,,,,,,,,,,,,,,,,,,,,,,,,,,,,,,,,,,,,,,,,,135,40.0,30.0,15.0,10.0,0.0,20.0,10.0,10.0,520,345,170,1.6,36.0,70,2.1,2.1,2.1,2.4,1.1,1462,1455,7,         .,,5.0,62.0,Siegerswoude
12288,BU00861301,Opsterland                              ,Buurt     ,BU00861301,1,370,190,180,70,40,85,115,60,165,170,20,15,345,10,10,350,0,5,5,10,,,,,140,35,50,60,2.6,1401.0,136,,8,,379.0,99.0,3.0,3.0,9.0,84.0,1.0,4.0,93.0,7.0,4.0,3.0,100.0,0.0,,,,,,,,,,,,,,,,,,,,,,,,,,,,,,,,,,,,,,,,,,,50,0.0,20.0,5.0,5.0,0.0,10.0,5.0,5.0,250,170,80,1.8,950.0,40,1.5,1.5,1.8,2.0,0.9,26,26,0,      9248,1.0,5.0,101.0,Siegerswoude-Kom
12289,BU00861302,Opsterland                              ,Buurt     ,BU00861302,1,460,235,225,60,55,85,155,110,205,225,25,15,425,15,20,425,5,15,15,5,,,,,170,30,70,75,2.7,32.0,169,,11,,462.0,99.0,0.0,0.0,1.0,98.0,1.0,5.0,88.0,12.0,4.0,8.0,97.0,3.0,,,,,,,,,,,,,,,,,,,,,,,,,,,,,,,,,,,,,,,,,,,85,35.0,10.0,10.0,5.0,0.0,10.0,5.0,5.0,270,175,90,1.5,19.0,35,2.6,2.5,2.3,2.7,1.2,1435,1429,7,      9248,1.0,5.0,31.0,Siegerswoude-Buitengebied
12290,WK008614  ,Opsterland                              ,Wijk      ,WK008614  ,1,995,520,475,155,130,185,335,190,450,445,80,25,915,25,55,920,15,15,10,40,,,,,405,100,140,155,2.5,62.0,400,,17,,387.0,99.0,6.0,7.0,16.0,71.0,1.0,3.0,83.0,17.0,13.0,4.0,98.0,3.0,,,,,,,,,,,,,,,,,,,,,,,,,,,,,,,,,,,,,,,,,,,140,15.0,25.0,15.0,5.0,5.0,35.0,15.0,15.0,620,425,190,1.5,38.0,80,2.3,3.1,1.1,1.1,2.0,1655,1612,42,         .,,5.0,105.0,Terwispel
12291,BU00861401,Opsterland                              ,Buurt     ,BU00861401,1,605,310,300,105,70,120,190,120,270,275,50,15,555,15,40,560,5,5,0,35,,,,,255,80,75,95,2.4,1179.0,253,,7,,336.0,99.0,9.0,10.0,23.0,57.0,1.0,2.0,77.0,23.0,21.0,2.0,98.0,2.0,,,,,,,,,,,,,,,,,,,,,,,,,,,,,,,,,,,,,,,,,,,60,0.0,10.0,5.0,5.0,0.0,20.0,10.0,5.0,350,250,100,1.4,678.0,30,2.0,2.7,0.6,0.6,2.3,53,52,1,      8407,1.0,5.0,130.0,Terwispel-Kom
12292,BU00861402,Opsterland                              ,Buurt     ,BU00861402,1,385,210,175,45,55,65,145,70,180,170,30,10,365,15,10,360,5,10,5,5,,,,,150,25,65,60,2.5,25.0,147,,10,,477.0,100.0,0.0,0.0,5.0,95.0,0.0,5.0,94.0,6.0,0.0,6.0,96.0,4.0,,,,,,,,,,,,,,,,,,,,,,,,,,,,,,,,,,,,,,,,,,,80,15.0,15.0,10.0,5.0,5.0,20.0,5.0,10.0,270,175,90,1.8,17.0,50,2.7,3.8,1.9,2.0,1.4,1602,1561,41,      8407,1.0,5.0,63.0,Terwispel-Buitengebied
12293,WK008615  ,Opsterland                              ,Wijk      ,WK008615  ,1,1580,825,750,265,150,360,475,335,765,640,110,65,1450,70,60,1445,25,20,45,45,,,,,680,220,225,235,2.3,120.0,647,,41,,362.0,96.0,8.0,5.0,19.0,65.0,4.0,2.0,78.0,21.0,17.0,4.0,99.0,1.0,,,,,,,,,,,,,,,,,,,,,,,,,,,,,,,,,,,,,,,,,,,225,30.0,50.0,25.0,15.0,5.0,45.0,35.0,20.0,975,685,290,1.4,74.0,125,1.1,6.4,1.1,1.0,0.9,1351,1313,38,         .,,5.0,120.0,Tijnje
12294,BU00861501,Opsterland                              ,Buurt     ,BU00861501,1,1020,520,500,185,85,240,285,220,495,415,70,40,940,30,50,945,10,15,15,35,,,,,450,145,150,150,2.3,1596.0,451,,29,,310.0,95.0,11.0,7.0,24.0,53.0,5.0,2.0,75.0,25.0,22.0,4.0,99.0,1.0,,,,,,,,,,,,,,,,,,,,,,,,,,,,,,,,,,,,,,,,,,,120,10.0,25.0,20.0,10.0,0.0,20.0,20.0,10.0,605,420,180,1.3,943.0,75,0.6,6.0,0.6,0.4,1.0,64,64,0,      8406,1.0,5.0,154.0,Tijnje-Kom
12295,BU00861502,Opsterland                              ,Buurt     ,BU00861502,1,555,305,250,75,60,115,190,115,270,225,35,25,505,40,10,505,15,5,30,10,,,,,235,75,75,85,2.4,45.0,196,,12,,483.0,98.0,0.0,0.0,7.0,91.0,2.0,3.0,87.0,12.0,8.0,4.0,98.0,2.0,,,,,,,,,,,,,,,,,,,,,,,,,,,,,,,,,,,,,,,,,,,105,20.0,25.0,10.0,5.0,5.0,20.0,15.0,10.0,370,260,110,1.6,30.0,45,2.2,7.0,2.2,2.1,0.8,1287,1249,38,      8406,1.0,5.0,42.0,Tijnje-Buitengebied
12296,WK008616  ,Opsterland                              ,Wijk      ,WK008616  ,1,4905,2435,2475,780,625,1035,1280,1185,2160,2120,275,350,4585,110,210,4580,55,85,55,125,,,,,1985,590,655,740,2.4,190.0,2136,,175,,342.0,84.0,15.0,10.0,20.0,40.0,16.0,3.0,68.0,31.0,26.0,6.0,94.0,6.0,,,,,,,,,,,,,,,,,,,,,,,,,,,,,,,,,,,,,,,,,,,590,50.0,120.0,115.0,30.0,25.0,120.0,80.0,50.0,2815,2095,725,1.4,109.0,285,0.8,1.1,0.8,0.9,2.0,2624,2577,46,         .,,5.0,458.0,Ureterp
12297,BU00861601,Opsterland                              ,Buurt     ,BU00861601,1,525,250,270,80,60,110,125,150,225,200,35,55,485,20,10,490,10,5,15,10,,,,,255,110,65,75,2.1,2663.0,262,,49,,287.0,74.0,12.0,8.0,13.0,42.0,26.0,5.0,58.0,42.0,36.0,6.0,97.0,3.0,,,,,,,,,,,,,,,,,,,,,,,,,,,,,,,,,,,,,,,,,,,90,0.0,10.0,25.0,0.0,5.0,20.0,15.0,10.0,335,250,85,1.3,1706.0,40,0.3,0.5,0.4,0.5,2.0,20,20,0,      9247,1.0,4.0,577.0,Ureterp-Centrum
12298,BU00861602,Opsterland                              ,Buurt     ,BU00861602,1,1565,760,805,220,170,345,350,475,675,625,95,165,1435,30,100,1435,20,35,15,70,,,,,660,230,225,205,2.2,3080.0,782,,21,,,74.0,27.0,17.0,18.0,12.0,26.0,3.0,58.0,42.0,36.0,5.0,100.0,0.0,,,,,,,,,,,,,,,,,,,,,,,,,,,,,,,,,,,,,,,,,,,95,5.0,20.0,15.0,5.0,0.0,20.0,15.0,15.0,795,645,155,1.2,1566.0,70,0.7,0.7,0.4,0.8,2.0,51,51,0,      9247,1.0,4.0,544.0,Ureterp-Buorfinne
12299,BU00861603,Opsterland                              ,Buurt     ,BU00861603,1,100,50,45,15,25,15,30,20,45,45,5,0,95,5,5,90,5,0,5,5,,,,,40,10,10,15,2.6,874.0,34,,16,,421.0,97.0,0.0,0.0,12.0,85.0,3.0,0.0,85.0,15.0,6.0,9.0,97.0,3.0,,,,,,,,,,,,,,,,,,,,,,,,,,,,,,,,,,,,,,,,,,,35,0.0,15.0,10.0,0.0,5.0,5.0,0.0,0.0,155,100,50,,,15,0.8,0.7,0.9,0.9,2.0,11,11,0,      9247,1.0,4.0,525.0,Ureterp-Gilden
12300,BU00861604,Opsterland                              ,Buurt     ,BU00861604,1,515,250,265,80,75,130,120,115,255,180,35,40,470,10,35,465,5,15,5,20,,,,,225,85,55,80,2.2,4509.0,234,,14,,243.0,89.0,18.0,10.0,34.0,27.0,11.0,2.0,47.0,53.0,48.0,5.0,99.0,1.0,,,,,,,,,,,,,,,,,,,,,,,,,,,,,,,,,,,,,,,,,,,40,0.0,10.0,5.0,0.0,0.0,5.0,10.0,5.0,310,255,55,1.4,2728.0,25,0.3,0.7,0.2,0.2,2.0,11,11,0,      9247,1.0,4.0,552.0,Ureterp-De Ekers
12301,BU00861605,Opsterland                              ,Buurt     ,BU00861605,1,1185,560,625,250,155,265,325,190,520,580,50,40,1140,15,35,1140,10,20,5,10,,,,,425,70,150,210,2.8,2903.0,424,,5,,416.0,97.0,8.0,7.0,36.0,47.0,3.0,0.0,90.0,10.0,9.0,2.0,80.0,20.0,,,,,,,,,,,,,,,,,,,,,,,,,,,,,,,,,,,,,,,,,,,100,0.0,20.0,10.0,10.0,5.0,30.0,15.0,10.0,615,435,180,1.4,1502.0,65,0.4,0.9,0.5,0.5,2.0,41,41,0,      9247,1.0,4.0,517.0,Ureterp-Fûgelliet
12302,BU00861606,Opsterland                              ,Buurt     ,BU00861606,1,0,0,0,0,0,0,0,0,0,0,0,0,0,0,0,0,0,0,0,0,,,,,0,0,0,0,,,0,,41,,,,,,,,,,,,,,,,,,,,,,,,,,,,,,,,,,,,,,,,,,,,,,,,,,,,,,,,,,45,0.0,10.0,20.0,10.0,0.0,0.0,0.0,0.0,55,10,45,,,5,,,,,,72,69,4,      9207,1.0,5.0,179.0,Ureterp-Drachten-Azeven
12303,BU00861607,Opsterland                              ,Buurt     ,BU00861607,1,1015,560,455,140,145,175,330,235,435,485,50,45,960,30,30,960,15,15,15,15,,,,,380,80,150,155,2.6,43.0,400,,29,,468.0,93.0,0.0,0.0,4.0,90.0,7.0,4.0,84.0,16.0,5.0,12.0,92.0,8.0,,,,,,,,,,,,,,,,,,,,,,,,,,,,,,,,,,,,,,,,,,,190,40.0,40.0,30.0,5.0,5.0,35.0,15.0,10.0,550,400,155,1.4,23.0,70,2.1,2.5,2.1,2.2,2.2,2417,2375,43,      9247,1.0,5.0,118.0,Ureterp-Buitengebied
12304,WK008617  ,Opsterland                              ,Wijk      ,WK008617  ,1,2075,1045,1030,365,270,445,560,435,995,865,130,85,1920,40,115,1920,15,55,25,65,,,,,855,250,285,325,2.4,73.0,865,,60,,357.0,92.0,6.0,6.0,18.0,62.0,8.0,4.0,77.0,23.0,18.0,5.0,97.0,3.0,,,,,,,,,,,,,,,,,,,,,,,,,,,,,,,,,,,,,,,,,,,300,55.0,60.0,50.0,10.0,5.0,50.0,45.0,25.0,1335,1000,335,1.6,47.0,155,1.3,1.4,1.3,1.2,1.0,2864,2828,36,         .,,5.0,125.0,Wijnjewoude
12305,BU00861701,Opsterland                              ,Buurt     ,BU00861701,1,565,275,290,105,65,135,130,130,265,240,30,30,510,20,35,510,5,20,10,15,,,,,245,80,90,75,2.3,2147.0,250,,14,,291.0,80.0,7.0,6.0,18.0,49.0,20.0,4.0,62.0,38.0,32.0,6.0,98.0,2.0,,,,,,,,,,,,,,,,,,,,,,,,,,,,,,,,,,,,,,,,,,,75,10.0,20.0,15.0,0.0,0.0,10.0,10.0,10.0,450,355,95,1.8,1720.0,60,0.4,0.4,0.4,0.4,1.0,26,26,0,      9241,1.0,5.0,175.0,Wijnjewoude-Centrum
12306,BU00861702,Opsterland                              ,Buurt     ,BU00861702,1,655,335,320,130,80,170,150,120,340,240,45,30,600,10,45,600,5,15,5,30,,,,,270,80,75,120,2.4,2246.0,275,,3,,309.0,99.0,13.0,12.0,36.0,38.0,1.0,1.0,70.0,30.0,28.0,3.0,98.0,2.0,,,,,,,,,,,,,,,,,,,,,,,,,,,,,,,,,,,,,,,,,,,55,5.0,10.0,5.0,0.0,0.0,15.0,10.0,10.0,380,305,80,1.4,1311.0,35,0.6,0.6,0.5,0.6,1.0,29,29,0,      9241,1.0,5.0,182.0,Wijnjewoude-Gentiaan
12307,BU00861703,Opsterland                              ,Buurt     ,BU00861703,1,860,440,420,135,120,150,275,180,395,380,60,25,805,15,35,810,5,20,10,15,,,,,340,90,125,130,2.5,31.0,340,,43,,446.0,94.0,1.0,1.0,3.0,91.0,6.0,7.0,94.0,6.0,0.0,6.0,97.0,3.0,,,,,,,,,,,,,,,,,,,,,,,,,,,,,,,,,,,,,,,,,,,165,40.0,25.0,30.0,10.0,5.0,25.0,25.0,10.0,500,340,160,1.5,18.0,55,2.6,2.7,2.4,2.2,0.9,2808,2772,36,      9241,1.0,5.0,49.0,Wijnjewoude-Buitengeb.-Kleine Groningen
13696,GM0088    ,Schiermonnikoog                         ,Gemeente  ,GM0088    ,1,971,512,459,86,83,218,279,305,440,367,102,62,796,113,62,796,34,34,79,28,,,,,587,340,159,88,1.6,23.0,615,,931,,421.0,73.0,9.0,5.0,32.0,27.0,27.0,23.0,54.0,46.0,26.0,20.0,92.0,8.0,,,,,,,,,,,,,,,,,,,,,,,,,,,,,,,,,,,,,,,,,,,200,10.0,15.0,55.0,10.0,10.0,40.0,30.0,25.0,385,315,70,0.7,9.0,20,0.4,0.5,0.4,0.5,1.0,20356,4293,16063,         .,,5.0,326.0,Schiermonnikoog
13697,WK008800  ,Schiermonnikoog                         ,Wijk      ,WK008800  ,1,970,515,460,85,80,220,280,305,440,365,100,65,795,115,65,795,35,35,80,30,,,,,585,340,160,85,1.6,23.0,615,,931,,421.0,73.0,9.0,5.0,32.0,27.0,27.0,23.0,54.0,46.0,26.0,20.0,92.0,8.0,,,,,,,,,,,,,,,,,,,,,,,,,,,,,,,,,,,,,,,,,,,200,10.0,15.0,55.0,10.0,10.0,40.0,30.0,25.0,385,315,70,0.7,9.0,20,0.4,0.5,0.4,0.5,1.0,4332,4293,38,         .,,5.0,326.0,Wijk 00
13698,BU00880000,Schiermonnikoog                         ,Buurt     ,BU00880000,1,890,470,420,65,70,200,255,295,400,335,95,60,725,110,60,725,30,30,75,30,,,,,545,320,150,75,1.6,1074.0,579,,396,,420.0,74.0,9.0,5.0,33.0,27.0,26.0,22.0,53.0,46.0,26.0,20.0,92.0,8.0,,,,,,,,,,,,,,,,,,,,,,,,,,,,,,,,,,,,,,,,,,,175,5.0,15.0,50.0,10.0,10.0,40.0,30.0,25.0,350,290,65,0.6,426.0,15,0.4,0.4,0.4,0.4,1.0,83,83,0,      9166,1.0,5.0,381.0,Schiermonnikoog
13699,BU00880009,Schiermonnikoog                         ,Buurt     ,BU00880009,1,80,45,40,20,10,20,25,15,40,30,5,0,75,5,5,75,0,0,5,0,,,,,40,20,5,10,2.1,2.0,36,,535,,447.0,61.0,0.0,3.0,17.0,42.0,39.0,28.0,64.0,36.0,14.0,22.0,94.0,6.0,,,,,,,,,,,,,,,,,,,,,,,,,,,,,,,,,,,,,,,,,,,25,5.0,0.0,5.0,0.0,0.0,0.0,0.0,5.0,30,25,5,,,5,1.3,1.4,1.3,1.3,1.0,4249,4211,38,      9166,1.0,5.0,232.0,Verspreide huizen Schiermonnikoog
13944,GM0090    ,Smallingerland                          ,Gemeente  ,GM0090    ,1,57084,28623,28461,8827,6661,13384,15336,12876,27180,22020,4812,3072,48417,2616,6051,48417,1148,2504,1468,3547,,,,,25898,9912,7493,8493,2.1,487.0,26564,,4347,,291.0,78.0,30.0,14.0,13.0,21.0,22.0,4.0,60.0,40.0,30.0,10.0,95.0,5.0,,,,,,,,,,,,,,,,,,,,,,,,,,,,,,,,,,,,,,,,,,,6370,200.0,1000.0,1275.0,375.0,275.0,1425.0,1205.0,615.0,36090,24975,11110,1.4,308.0,2510,1.1,1.4,0.8,0.8,8.7,12617,11717,900,         .,,3.0,1354.0,Smallingerland
13945,WK009001  ,Smallingerland                          ,Wijk      ,WK009001  ,1,1370,615,755,95,105,290,320,560,545,460,180,180,1190,75,105,1190,35,40,40,60,,,,,890,525,255,110,1.5,4096.0,914,,450,,262.0,21.0,5.0,2.0,5.0,9.0,79.0,6.0,42.0,58.0,16.0,42.0,100.0,0.0,,,,,,,,,,,,,,,,,,,,,,,,,,,,,,,,,,,,,,,,,,,380,0.0,15.0,180.0,5.0,20.0,55.0,50.0,55.0,710,555,150,0.8,2120.0,40,0.4,0.3,1.0,0.5,15.4,34,33,0,         .,,2.0,2437.0,Centrum
13946,BU00900101,Smallingerland                          ,Buurt     ,BU00900101,1,1370,615,750,90,105,295,325,555,545,465,185,180,1190,75,105,1190,30,45,45,60,,,,,895,530,255,110,1.5,4096.0,914,,450,,262.0,21.0,5.0,2.0,5.0,9.0,79.0,6.0,42.0,58.0,16.0,42.0,100.0,0.0,,,,,,,,,,,,,,,,,,,,,,,,,,,,,,,,,,,,,,,,,,,380,0.0,15.0,180.0,5.0,20.0,55.0,50.0,55.0,710,555,150,0.8,2120.0,40,0.4,0.3,1.0,0.5,15.4,34,33,0,      9203,1.0,2.0,2437.0,Drachten centrum
13947,WK009002  ,Smallingerland                          ,Wijk      ,WK009002  ,1,5630,2820,2810,920,655,1545,1395,1120,3015,1660,650,300,4410,275,940,4410,140,405,135,540,,,,,2780,1305,645,830,2.0,3256.0,2883,,402,,206.0,68.0,44.0,18.0,4.0,2.0,32.0,2.0,45.0,55.0,46.0,9.0,99.0,1.0,,,,,,,,,,,,,,,,,,,,,,,,,,,,,,,,,,,,,,,,,,,475,5.0,75.0,55.0,30.0,15.0,125.0,110.0,60.0,2685,2180,500,1.0,1552.0,205,0.6,0.6,0.4,0.4,11.0,175,173,2,         .,,2.0,1633.0,De Wiken
13948,BU00900201,Smallingerland                          ,Buurt     ,BU00900201,1,280,145,135,40,25,55,90,70,120,115,30,15,250,10,20,250,5,15,5,10,,,,,140,55,45,35,2.1,1555.0,133,,10,,281.0,99.0,29.0,17.0,29.0,26.0,1.0,2.0,83.0,17.0,11.0,6.0,100.0,0.0,,,,,,,,,,,,,,,,,,,,,,,,,,,,,,,,,,,,,,,,,,,30,0.0,5.0,5.0,0.0,0.0,5.0,5.0,5.0,175,135,40,1.3,956.0,20,0.3,0.9,0.6,0.6,12.0,18,18,0,      9202,3.0,2.0,1505.0,De Wiken noord
13949,BU00900202,Smallingerland                          ,Buurt     ,BU00900202,1,705,345,360,160,90,185,160,105,400,185,75,35,495,45,165,490,20,80,25,90,,,,,305,110,65,130,2.3,4919.0,305,,68,,204.0,93.0,63.0,30.0,0.0,0.0,7.0,1.0,27.0,73.0,70.0,3.0,100.0,0.0,,,,,,,,,,,,,,,,,,,,,,,,,,,,,,,,,,,,,,,,,,,50,0.0,5.0,5.0,5.0,0.0,5.0,20.0,5.0,275,240,35,0.9,1927.0,15,0.3,0.4,0.3,0.2,12.3,14,14,0,      9202,1.0,2.0,2149.0,De Wiken west
13950,BU00900203,Smallingerland                          ,Buurt     ,BU00900203,1,940,490,450,190,100,285,230,140,520,295,90,30,745,35,160,750,20,70,20,85,,,,,435,180,100,160,2.2,4764.0,430,,68,,212.0,81.0,57.0,23.0,1.0,1.0,19.0,1.0,53.0,47.0,45.0,2.0,100.0,0.0,,,,,,,,,,,,,,,,,,,,,,,,,,,,,,,,,,,,,,,,,,,50,0.0,15.0,5.0,5.0,0.0,10.0,10.0,5.0,395,330,65,0.9,1996.0,30,0.6,0.6,0.5,0.4,11.6,20,20,1,      9202,1.0,2.0,1520.0,De Wiken noordoost
13951,BU00900204,Smallingerland                          ,Buurt     ,BU00900204,1,1555,740,820,205,180,470,360,345,885,340,205,125,1175,85,295,1175,45,130,40,170,,,,,865,505,155,205,1.7,6563.0,923,,94,,172.0,46.0,32.0,13.0,0.0,0.0,54.0,2.0,23.0,77.0,65.0,12.0,97.0,3.0,,,,,,,,,,,,,,,,,,,,,,,,,,,,,,,,,,,,,,,,,,,80,0.0,20.0,15.0,5.0,5.0,5.0,15.0,15.0,655,555,100,0.8,2761.0,55,0.5,0.5,0.4,0.4,11.0,24,24,0,      9202,1.0,2.0,1722.0,De Wiken centrum
13952,BU00900205,Smallingerland                          ,Buurt     ,BU00900205,1,1015,505,515,185,140,240,260,190,540,305,125,40,760,55,195,765,30,75,25,125,,,,,450,165,125,160,2.2,5053.0,486,,37,,221.0,93.0,67.0,22.0,2.0,1.0,7.0,2.0,44.0,56.0,52.0,3.0,100.0,0.0,,,,,,,,,,,,,,,,,,,,,,,,,,,,,,,,,,,,,,,,,,,60,0.0,10.0,10.0,5.0,0.0,10.0,20.0,5.0,430,365,65,1.0,2143.0,30,0.5,0.4,0.4,0.4,10.8,20,20,0,      9202,1.0,2.0,1959.0,De Wiken zuid
13953,BU00900206,Smallingerland                          ,Buurt     ,BU00900206,1,1140,595,540,145,120,300,300,270,545,420,125,50,980,50,105,985,25,45,25,60,,,,,590,285,165,140,1.9,1476.0,606,,125,,228.0,52.0,28.0,12.0,10.0,3.0,48.0,3.0,77.0,23.0,6.0,17.0,100.0,0.0,,,,,,,,,,,,,,,,,,,,,,,,,,,,,,,,,,,,,,,,,,,210,0.0,20.0,15.0,15.0,10.0,90.0,45.0,20.0,755,560,195,1.3,982.0,60,1.1,1.1,0.5,0.5,9.6,79,77,2,      9202,1.0,3.0,1117.0,De Wiken oost
13954,WK009003  ,Smallingerland                          ,Wijk      ,WK009003  ,1,3910,1875,2030,485,330,710,885,1500,1410,1840,270,380,3440,250,220,3445,80,105,165,110,,,,,1830,655,685,495,2.1,2567.0,1900,,344,,322.0,77.0,29.0,13.0,19.0,15.0,23.0,6.0,78.0,22.0,11.0,11.0,100.0,0.0,,,,,,,,,,,,,,,,,,,,,,,,,,,,,,,,,,,,,,,,,,,355,0.0,40.0,45.0,20.0,20.0,95.0,80.0,55.0,2070,1555,515,1.1,1362.0,170,0.7,1.0,0.7,0.6,14.4,156,152,4,         .,,2.0,1702.0,De Singels
13955,BU00900301,Smallingerland                          ,Buurt     ,BU00900301,1,985,500,485,140,70,195,240,335,365,510,55,55,870,50,65,870,30,40,15,30,,,,,430,115,180,140,2.2,3736.0,439,,51,,357.0,98.0,26.0,12.0,41.0,19.0,2.0,3.0,88.0,12.0,3.0,9.0,98.0,2.0,,,,,,,,,,,,,,,,,,,,,,,,,,,,,,,,,,,,,,,,,,,115,0.0,10.0,20.0,5.0,5.0,35.0,30.0,10.0,540,415,125,1.2,2054.0,60,0.6,0.8,1.2,0.7,15.4,27,26,0,      9203,1.0,2.0,1905.0,De Peppel
13956,BU00900302,Smallingerland                          ,Buurt     ,BU00900302,1,1525,725,800,225,155,340,385,420,635,685,115,100,1390,50,90,1390,30,40,20,45,,,,,695,225,240,230,2.2,2343.0,702,,166,,274.0,93.0,51.0,20.0,16.0,7.0,7.0,3.0,78.0,21.0,18.0,3.0,100.0,0.0,,,,,,,,,,,,,,,,,,,,,,,,,,,,,,,,,,,,,,,,,,,135,0.0,25.0,10.0,10.0,5.0,30.0,30.0,20.0,815,620,195,1.2,1251.0,65,0.9,1.2,0.5,0.5,13.8,65,65,0,      9203,1.0,3.0,1454.0,De Singels west
13957,BU00900303,Smallingerland                          ,Buurt     ,BU00900303,1,890,415,480,65,65,120,150,490,270,415,70,135,730,125,35,730,10,15,115,15,,,,,520,250,190,80,1.7,3306.0,461,,113,,359.0,44.0,18.0,9.0,9.0,9.0,56.0,4.0,81.0,19.0,15.0,4.0,100.0,0.0,,,,,,,,,,,,,,,,,,,,,,,,,,,,,,,,,,,,,,,,,,,45,0.0,5.0,10.0,0.0,0.0,10.0,5.0,15.0,460,360,100,0.9,1712.0,25,0.5,0.6,0.6,0.6,15.0,31,27,4,      9203,1.0,2.0,2042.0,De Singels oost
13958,BU00900304,Smallingerland                          ,Buurt     ,BU00900304,1,505,240,265,55,35,50,110,260,145,235,35,90,450,20,30,455,15,10,10,20,,,,,180,65,75,45,2.2,1500.0,298,,14,,327.0,55.0,2.0,3.0,11.0,38.0,45.0,23.0,55.0,45.0,0.0,45.0,100.0,0.0,,,,,,,,,,,,,,,,,,,,,,,,,,,,,,,,,,,,,,,,,,,60,0.0,5.0,5.0,5.0,10.0,15.0,15.0,5.0,255,165,90,1.4,755.0,20,0.6,1.1,0.5,0.6,12.8,34,34,0,      9203,1.0,3.0,1442.0,De Singels zuid
13959,WK009004  ,Smallingerland                          ,Wijk      ,WK009004  ,1,6595,3255,3340,1055,760,1355,1725,1700,2965,2765,545,320,5825,270,505,5820,150,260,120,245,,,,,2810,940,875,1000,2.2,2319.0,2958,,224,,304.0,86.0,39.0,21.0,10.0,17.0,14.0,3.0,72.0,28.0,20.0,8.0,95.0,5.0,,,,,,,,,,,,,,,,,,,,,,,,,,,,,,,,,,,,,,,,,,,575,0.0,55.0,65.0,40.0,25.0,145.0,180.0,65.0,3335,2505,830,1.2,1172.0,225,1.1,0.8,0.7,0.7,7.7,300,284,16,         .,,3.0,1180.0,De Drait
13960,BU00900401,Smallingerland                          ,Buurt     ,BU00900401,1,1070,555,515,185,135,235,320,200,575,415,45,35,965,40,60,960,25,40,15,25,,,,,325,80,105,140,2.6,1213.0,440,,83,,350.0,67.0,20.0,11.0,10.0,26.0,33.0,14.0,64.0,36.0,7.0,29.0,65.0,35.0,,,,,,,,,,,,,,,,,,,,,,,,,,,,,,,,,,,,,,,,,,,120,0.0,5.0,10.0,10.0,10.0,30.0,45.0,15.0,440,305,140,1.4,502.0,30,1.1,1.0,0.4,1.1,6.0,89,88,1,      9204,1.0,4.0,873.0,De Drait Zuid
13961,BU00900402,Smallingerland                          ,Buurt     ,BU00900402,1,725,345,385,70,80,60,185,340,215,390,45,75,675,25,25,675,10,10,15,15,,,,,335,115,135,85,2.1,793.0,347,,37,,466.0,73.0,0.0,0.0,4.0,69.0,27.0,2.0,72.0,28.0,26.0,2.0,99.0,1.0,,,,,,,,,,,,,,,,,,,,,,,,,,,,,,,,,,,,,,,,,,,75,0.0,10.0,10.0,0.0,10.0,20.0,20.0,5.0,460,315,145,1.4,502.0,20,1.4,1.5,1.3,1.0,6.2,106,92,14,      9204,1.0,3.0,1088.0,De Drait west
13962,BU00900403,Smallingerland                          ,Buurt     ,BU00900403,1,850,395,450,150,90,200,225,180,395,330,90,30,740,40,70,740,20,35,15,35,,,,,365,115,110,145,2.3,4763.0,368,,11,,246.0,100.0,70.0,29.0,1.0,0.0,0.0,2.0,78.0,22.0,20.0,3.0,100.0,0.0,,,,,,,,,,,,,,,,,,,,,,,,,,,,,,,,,,,,,,,,,,,70,0.0,10.0,5.0,10.0,5.0,15.0,15.0,15.0,410,350,65,1.1,2314.0,35,0.8,0.5,0.7,0.6,11.4,18,18,0,      9204,1.0,3.0,1267.0,De Drait noordoost
13963,BU00900404,Smallingerland                          ,Buurt     ,BU00900404,1,1125,540,585,195,145,260,290,230,530,440,100,50,965,55,100,965,30,60,25,40,,,,,495,160,145,195,2.3,5036.0,495,,44,,264.0,95.0,55.0,29.0,8.0,1.0,5.0,1.0,79.0,21.0,17.0,3.0,100.0,0.0,,,,,,,,,,,,,,,,,,,,,,,,,,,,,,,,,,,,,,,,,,,80,0.0,10.0,5.0,10.0,0.0,20.0,25.0,10.0,565,440,125,1.1,2538.0,30,1.2,0.4,0.8,0.7,8.1,22,22,0,      9204,1.0,3.0,1257.0,De Drait zuidoost
13964,BU00900405,Smallingerland                          ,Buurt     ,BU00900405,1,1045,520,520,165,130,185,260,305,425,520,50,55,945,40,60,945,20,40,25,20,,,,,420,85,175,160,2.5,4196.0,421,,5,,334.0,100.0,40.0,25.0,17.0,18.0,0.0,0.0,98.0,2.0,0.0,2.0,100.0,0.0,,,,,,,,,,,,,,,,,,,,,,,,,,,,,,,,,,,,,,,,,,,85,0.0,5.0,10.0,5.0,5.0,25.0,30.0,10.0,550,400,150,1.3,2208.0,40,1.4,0.7,0.6,0.5,8.0,25,25,0,      9204,1.0,3.0,1241.0,De Drait noordwest
13965,BU00900406,Smallingerland                          ,Buurt     ,BU00900406,1,1785,895,890,285,190,420,445,450,830,665,215,80,1535,65,185,1535,40,80,25,105,,,,,880,385,210,280,2.0,4514.0,887,,44,,249.0,84.0,41.0,24.0,12.0,7.0,16.0,2.0,56.0,44.0,36.0,8.0,100.0,0.0,,,,,,,,,,,,,,,,,,,,,,,,,,,,,,,,,,,,,,,,,,,145,0.0,20.0,30.0,10.0,5.0,30.0,45.0,15.0,905,695,205,1.0,2284.0,70,0.8,0.6,0.8,0.4,7.3,40,40,0,      9204,1.0,3.0,1281.0,De Drait zuidwest
13966,WK009005  ,Smallingerland                          ,Wijk      ,WK009005  ,1,1950,995,955,385,255,480,625,200,955,850,120,25,1690,90,165,1690,50,95,45,65,,,,,715,105,250,360,2.7,4519.0,702,,1,,476.0,98.0,32.0,12.0,28.0,26.0,2.0,2.0,89.0,11.0,8.0,3.0,65.0,35.0,,,,,,,,,,,,,,,,,,,,,,,,,,,,,,,,,,,,,,,,,,,225,0.0,20.0,30.0,20.0,15.0,70.0,45.0,20.0,1045,710,335,1.5,2422.0,65,1.8,1.7,1.7,1.4,5.8,57,43,13,         .,,4.0,899.0,Drachtstervaart
13967,BU00900501,Smallingerland                          ,Buurt     ,BU00900501,1,1485,750,730,265,210,310,520,180,715,650,95,25,1305,65,110,1305,35,60,35,45,,,,,555,85,200,265,2.7,4838.0,532,,1,,469.0,97.0,32.0,11.0,27.0,27.0,3.0,1.0,88.0,12.0,10.0,2.0,84.0,16.0,,,,,,,,,,,,,,,,,,,,,,,,,,,,,,,,,,,,,,,,,,,170,0.0,10.0,20.0,20.0,15.0,55.0,40.0,10.0,805,555,250,1.5,2631.0,50,2.0,1.8,1.7,1.4,5.0,41,31,11,      9204,1.0,4.0,811.0,Drachtstervaart west
13968,BU00900502,Smallingerland                          ,Buurt     ,BU00900502,1,465,240,225,120,45,175,110,20,235,200,25,5,390,25,50,390,15,35,10,20,,,,,155,15,45,95,3.0,3734.0,170,,0,,499.0,100.0,32.0,15.0,28.0,24.0,0.0,8.0,91.0,9.0,0.0,9.0,6.0,94.0,,,,,,,,,,,,,,,,,,,,,,,,,,,,,,,,,,,,,,,,,,,55,0.0,10.0,10.0,0.0,5.0,20.0,5.0,5.0,240,155,80,1.5,1907.0,15,1.1,1.4,1.6,1.5,8.4,15,12,3,      9204,1.0,3.0,1182.0,Drachtstervaart oost
13969,WK009006  ,Smallingerland                          ,Wijk      ,WK009006  ,1,2760,1350,1410,510,355,665,710,520,1340,1090,215,115,2090,165,510,2090,80,230,80,280,,,,,1175,380,325,475,2.3,3208.0,1163,,175,,248.0,94.0,58.0,21.0,9.0,6.0,6.0,2.0,64.0,35.0,31.0,5.0,100.0,0.0,,,,,,,,,,,,,,,,,,,,,,,,,,,,,,,,,,,,,,,,,,,195,0.0,25.0,40.0,10.0,5.0,35.0,55.0,25.0,1285,1030,260,1.1,1493.0,85,1.0,0.7,0.4,0.4,10.9,86,86,0,         .,,2.0,1730.0,De Venen
13970,BU00900601,Smallingerland                          ,Buurt     ,BU00900601,1,565,290,285,85,85,105,175,125,245,250,50,20,500,25,50,500,15,30,5,20,,,,,240,65,75,100,2.4,2075.0,241,,48,,259.0,99.0,71.0,25.0,2.0,0.0,1.0,2.0,90.0,10.0,0.0,10.0,100.0,0.0,,,,,,,,,,,,,,,,,,,,,,,,,,,,,,,,,,,,,,,,,,,50,0.0,5.0,5.0,0.0,0.0,10.0,15.0,10.0,285,235,50,1.2,1039.0,25,0.7,0.3,0.5,0.6,11.4,27,27,0,      9202,1.0,2.0,2192.0,De Venen noord
13971,BU00900602,Smallingerland                          ,Buurt     ,BU00900602,1,1440,690,755,315,170,420,325,225,785,465,140,50,935,110,405,935,50,165,60,235,,,,,640,245,145,250,2.3,6096.0,642,,87,,207.0,89.0,63.0,22.0,3.0,1.0,11.0,3.0,40.0,60.0,56.0,4.0,100.0,0.0,,,,,,,,,,,,,,,,,,,,,,,,,,,,,,,,,,,,,,,,,,,70,0.0,10.0,15.0,10.0,0.0,15.0,20.0,5.0,590,470,120,0.9,2487.0,40,1.1,0.8,0.3,0.3,10.8,24,24,0,      9202,1.0,2.0,1560.0,De Venen centrum
13972,BU00900603,Smallingerland                          ,Buurt     ,BU00900603,1,750,375,375,120,105,145,210,170,305,375,25,45,655,30,60,655,20,40,15,25,,,,,300,70,105,125,2.5,2142.0,280,,40,,331.0,99.0,35.0,14.0,28.0,22.0,1.0,1.0,98.0,2.0,0.0,2.0,100.0,0.0,,,,,,,,,,,,,,,,,,,,,,,,,,,,,,,,,,,,,,,,,,,75,0.0,10.0,20.0,0.0,0.0,10.0,25.0,10.0,410,325,90,1.4,1176.0,20,1.1,0.8,0.5,0.4,10.9,35,35,0,      9202,1.0,2.0,1702.0,De Venen zuid
13973,WK009007  ,Smallingerland                          ,Wijk      ,WK009007  ,1,6170,3145,3020,995,810,1450,1860,1060,2995,2600,405,165,5315,475,375,5320,125,205,350,170,,,,,2605,765,810,1025,2.3,2018.0,2564,,85,,340.0,89.0,30.0,16.0,18.0,24.0,11.0,3.0,77.0,23.0,16.0,7.0,94.0,6.0,,,,,,,,,,,,,,,,,,,,,,,,,,,,,,,,,,,,,,,,,,,540,5.0,80.0,80.0,35.0,30.0,150.0,130.0,30.0,3355,2450,910,1.3,1098.0,300,0.9,1.4,0.8,0.9,8.0,313,306,8,         .,,3.0,1107.0,De Folgeren
13974,BU00900701,Smallingerland                          ,Buurt     ,BU00900701,1,1005,530,475,135,120,270,305,180,520,370,90,25,875,45,90,875,20,40,30,45,,,,,495,195,135,160,2.0,4391.0,503,,7,,240.0,77.0,40.0,17.0,11.0,9.0,23.0,1.0,67.0,33.0,17.0,16.0,100.0,0.0,,,,,,,,,,,,,,,,,,,,,,,,,,,,,,,,,,,,,,,,,,,70,0.0,10.0,10.0,5.0,0.0,15.0,20.0,5.0,530,420,110,1.1,2324.0,50,0.3,1.2,0.3,0.4,10.0,24,23,1,      9207,1.0,3.0,1391.0,De Folgeren zuidwest
13975,BU00900702,Smallingerland                          ,Buurt     ,BU00900702,1,780,405,375,140,95,170,200,185,340,370,50,25,720,30,40,715,10,25,15,15,,,,,315,65,125,125,2.5,2756.0,314,,3,,386.0,100.0,30.0,15.0,7.0,49.0,0.0,1.0,93.0,7.0,0.0,7.0,99.0,1.0,,,,,,,,,,,,,,,,,,,,,,,,,,,,,,,,,,,,,,,,,,,65,0.0,10.0,10.0,5.0,0.0,15.0,20.0,5.0,435,315,120,1.4,1526.0,40,0.8,1.7,0.5,0.5,5.9,29,28,0,      9207,1.0,3.0,1143.0,De Folgeren noord
13976,BU00900703,Smallingerland                          ,Buurt     ,BU00900703,1,1515,750,760,260,190,415,425,225,815,545,115,35,1190,225,95,1190,30,50,195,45,,,,,710,280,170,255,2.1,4731.0,611,,16,,244.0,94.0,54.0,27.0,7.0,6.0,6.0,1.0,72.0,28.0,23.0,5.0,100.0,0.0,,,,,,,,,,,,,,,,,,,,,,,,,,,,,,,,,,,,,,,,,,,85,0.0,20.0,10.0,5.0,0.0,10.0,30.0,5.0,660,550,105,0.9,2056.0,70,0.7,1.2,0.4,0.6,9.3,32,32,0,      9207,1.0,3.0,1486.0,De Folgeren centrum
13977,BU00900704,Smallingerland                          ,Buurt     ,BU00900704,1,1405,740,665,170,180,220,505,335,555,725,75,55,1270,95,50,1270,20,35,70,20,,,,,560,105,245,210,2.5,1979.0,568,,11,,448.0,88.0,8.0,6.0,38.0,36.0,12.0,6.0,89.0,11.0,4.0,7.0,98.0,2.0,,,,,,,,,,,,,,,,,,,,,,,,,,,,,,,,,,,,,,,,,,,135,0.0,15.0,15.0,0.0,15.0,55.0,25.0,10.0,790,560,230,1.4,1111.0,70,0.8,0.8,1.2,1.6,9.5,75,71,4,      9207,1.0,3.0,1017.0,Fennepark
13978,BU00900705,Smallingerland                          ,Buurt     ,BU00900705,1,875,425,450,160,130,220,270,105,445,355,50,20,775,55,45,775,30,25,25,20,,,,,320,75,90,160,2.6,1029.0,348,,43,,378.0,83.0,21.0,14.0,23.0,26.0,17.0,3.0,74.0,26.0,24.0,1.0,97.0,3.0,,,,,,,,,,,,,,,,,,,,,,,,,,,,,,,,,,,,,,,,,,,125,0.0,15.0,35.0,10.0,5.0,35.0,20.0,5.0,685,410,280,2.1,810.0,45,1.2,2.1,1.0,1.0,4.9,86,85,1,      9207,1.0,4.0,630.0,Burmaniapark
13979,BU00900706,Smallingerland                          ,Buurt     ,BU00900706,1,585,290,290,125,95,155,155,50,320,230,25,5,495,30,60,495,15,35,15,30,,,,,210,50,50,105,2.7,881.0,220,,5,,432.0,93.0,16.0,13.0,20.0,44.0,7.0,6.0,65.0,35.0,29.0,6.0,39.0,61.0,,,,,,,,,,,,,,,,,,,,,,,,,,,,,,,,,,,,,,,,,,,60,0.0,10.0,5.0,5.0,5.0,15.0,10.0,5.0,255,190,65,1.2,386.0,20,1.9,1.9,1.7,1.7,5.3,67,66,1,      9207,1.0,5.0,400.0,Vrijburgh
13980,WK009008  ,Smallingerland                          ,Wijk      ,WK009008  ,1,4535,2260,2275,740,525,1270,1165,830,2460,1430,425,220,3710,180,645,3705,80,240,95,405,,,,,2265,1065,535,675,2.0,3669.0,2296,,508,,223.0,72.0,38.0,15.0,9.0,11.0,28.0,2.0,45.0,55.0,46.0,9.0,97.0,3.0,,,,,,,,,,,,,,,,,,,,,,,,,,,,,,,,,,,,,,,,,,,345,0.0,65.0,75.0,20.0,15.0,70.0,60.0,35.0,8355,4305,4050,,,215,0.9,0.8,0.5,0.5,13.6,124,123,1,         .,,2.0,1915.0,De Swetten
13981,BU00900801,Smallingerland                          ,Buurt     ,BU00900801,1,1980,985,995,365,230,570,495,315,1100,600,195,80,1545,105,325,1545,45,120,60,205,,,,,940,410,200,330,2.1,3180.0,955,,203,,209.0,83.0,56.0,20.0,5.0,3.0,17.0,2.0,39.0,61.0,48.0,13.0,99.0,1.0,,,,,,,,,,,,,,,,,,,,,,,,,,,,,,,,,,,,,,,,,,,120,0.0,25.0,25.0,10.0,0.0,20.0,20.0,15.0,925,770,155,1.0,1485.0,90,1.1,1.1,0.6,0.7,13.4,63,62,0,      9201,1.0,2.0,1618.0,De Swetten west
13982,BU00900802,Smallingerland                          ,Buurt     ,BU00900802,1,1675,835,840,265,180,495,405,325,935,470,170,95,1365,45,265,1365,25,100,15,165,,,,,890,465,205,225,1.9,4080.0,905,,209,,205.0,59.0,34.0,14.0,5.0,6.0,41.0,2.0,37.0,63.0,58.0,4.0,100.0,0.0,,,,,,,,,,,,,,,,,,,,,,,,,,,,,,,,,,,,,,,,,,,120,0.0,25.0,30.0,5.0,5.0,20.0,20.0,15.0,6995,3190,3800,,,75,0.8,0.6,0.3,0.3,14.1,41,41,0,      9201,1.0,2.0,2109.0,De Swetten centrum
13983,BU00900803,Smallingerland                          ,Buurt     ,BU00900803,1,880,440,445,115,105,210,260,190,425,365,55,45,800,30,50,800,10,20,20,30,,,,,435,190,125,115,2.0,4336.0,436,,96,,293.0,75.0,8.0,6.0,25.0,37.0,25.0,4.0,71.0,29.0,16.0,13.0,88.0,12.0,,,,,,,,,,,,,,,,,,,,,,,,,,,,,,,,,,,,,,,,,,,105,0.0,15.0,20.0,5.0,5.0,30.0,15.0,10.0,435,340,95,1.0,2146.0,45,0.7,0.4,0.6,0.4,13.1,20,20,0,      9201,1.0,2.0,2158.0,De Swetten oost
13984,WK009009  ,Smallingerland                          ,Wijk      ,WK009009  ,1,3370,1560,1805,425,275,740,700,1225,1435,1040,410,480,2845,145,380,2840,80,165,65,210,,,,,1830,1045,395,390,1.7,3972.0,2125,,342,,190.0,46.0,23.0,10.0,7.0,6.0,54.0,7.0,28.0,72.0,53.0,19.0,89.0,11.0,,,,,,,,,,,,,,,,,,,,,,,,,,,,,,,,,,,,,,,,,,,280,0.0,35.0,70.0,15.0,15.0,60.0,60.0,25.0,1435,1165,270,0.8,1693.0,120,0.6,0.6,0.5,0.5,13.4,85,85,0,         .,,2.0,2008.0,De Bouwen
13985,BU00900901,Smallingerland                          ,Buurt     ,BU00900901,1,655,330,325,100,50,180,165,160,315,235,65,35,565,10,80,565,5,35,5,45,,,,,330,135,95,100,2.0,3699.0,340,,94,,225.0,80.0,47.0,23.0,1.0,9.0,20.0,6.0,59.0,41.0,27.0,14.0,100.0,0.0,,,,,,,,,,,,,,,,,,,,,,,,,,,,,,,,,,,,,,,,,,,85,0.0,10.0,30.0,5.0,5.0,15.0,10.0,10.0,345,270,75,1.0,1937.0,35,0.5,0.3,0.7,0.6,13.9,18,18,0,      9203,1.0,1.0,2526.0,De Bouwen noord
13986,BU00900902,Smallingerland                          ,Buurt     ,BU00900902,1,710,290,415,50,25,80,125,435,195,205,105,200,625,25,55,625,15,20,10,40,,,,,440,310,90,40,1.5,4875.0,527,,30,,176.0,22.0,7.0,2.0,8.0,5.0,78.0,4.0,20.0,80.0,71.0,9.0,97.0,3.0,,,,,,,,,,,,,,,,,,,,,,,,,,,,,,,,,,,,,,,,,,,70,0.0,10.0,5.0,0.0,10.0,25.0,20.0,5.0,305,230,75,0.7,2107.0,20,0.5,0.5,0.7,0.5,14.4,15,15,0,      9203,1.0,2.0,2311.0,De Bouwen west
13987,BU00900903,Smallingerland                          ,Buurt     ,BU00900903,1,1325,670,655,265,150,370,300,245,705,430,125,60,1065,80,185,1060,45,90,35,90,,,,,620,240,150,225,2.2,6212.0,612,,58,,253.0,87.0,42.0,19.0,16.0,10.0,13.0,1.0,30.0,70.0,69.0,1.0,71.0,29.0,,,,,,,,,,,,,,,,,,,,,,,,,,,,,,,,,,,,,,,,,,,75,0.0,10.0,10.0,5.0,5.0,15.0,20.0,10.0,540,460,80,0.9,2535.0,55,0.8,0.7,0.5,0.4,12.6,21,21,0,      9203,1.0,2.0,1969.0,De Bouwen oost
13988,BU00900904,Smallingerland                          ,Buurt     ,BU00900904,1,680,275,405,15,55,110,105,390,220,165,110,180,595,30,60,590,20,20,10,40,,,,,450,355,65,25,1.3,2177.0,646,,160,,123.0,10.0,6.0,2.0,0.0,3.0,90.0,16.0,16.0,84.0,38.0,46.0,95.0,5.0,,,,,,,,,,,,,,,,,,,,,,,,,,,,,,,,,,,,,,,,,,,50,0.0,5.0,25.0,0.0,0.0,5.0,10.0,0.0,245,205,40,0.5,787.0,10,0.5,0.8,0.3,0.8,13.4,31,31,0,      9203,1.0,2.0,1558.0,De Bouwen zuid
13989,WK009010  ,Smallingerland                          ,Wijk      ,WK009010  ,1,4340,2185,2150,600,505,1185,1140,915,2315,1310,490,225,3445,225,665,3445,110,285,115,390,,,,,2355,1205,555,590,1.8,4456.0,2350,,334,,227.0,74.0,32.0,14.0,16.0,12.0,26.0,4.0,31.0,69.0,59.0,10.0,92.0,8.0,,,,,,,,,,,,,,,,,,,,,,,,,,,,,,,,,,,,,,,,,,,405,0.0,60.0,115.0,25.0,10.0,55.0,90.0,50.0,2025,1655,375,0.9,2082.0,160,0.4,0.5,0.5,0.7,12.9,97,97,0,         .,,2.0,2288.0,Noord-Oost
13990,BU00901001,Smallingerland                          ,Buurt     ,BU00901001,1,1695,840,855,245,205,450,420,375,880,550,165,100,1365,75,255,1360,35,110,40,150,,,,,880,420,220,235,1.9,4588.0,885,,79,,228.0,71.0,32.0,12.0,15.0,12.0,29.0,4.0,32.0,68.0,55.0,13.0,99.0,1.0,,,,,,,,,,,,,,,,,,,,,,,,,,,,,,,,,,,,,,,,,,,145,0.0,25.0,40.0,5.0,0.0,25.0,35.0,15.0,810,660,150,0.9,2191.0,75,0.5,0.5,0.6,0.9,12.5,37,37,0,      9201,1.0,2.0,1784.0,Noord-Oost noord
13991,BU00901002,Smallingerland                          ,Buurt     ,BU00901002,1,475,245,230,40,60,105,135,130,240,145,60,30,400,25,50,400,15,20,15,30,,,,,280,175,55,55,1.7,4574.0,253,,122,,222.0,62.0,17.0,8.0,12.0,25.0,38.0,9.0,43.0,57.0,33.0,23.0,98.0,2.0,,,,,,,,,,,,,,,,,,,,,,,,,,,,,,,,,,,,,,,,,,,65,0.0,5.0,15.0,0.0,5.0,5.0,20.0,10.0,235,195,40,0.8,2272.0,20,0.4,0.6,0.7,0.5,13.3,10,10,0,      9201,1.0,1.0,2715.0,Noord-Oost west
13992,BU00901003,Smallingerland                          ,Buurt     ,BU00901003,1,850,435,420,100,85,240,235,195,430,255,125,40,690,45,120,690,25,40,20,80,,,,,490,270,115,105,1.7,4511.0,509,,120,,218.0,74.0,32.0,14.0,13.0,15.0,26.0,5.0,42.0,58.0,49.0,9.0,92.0,8.0,,,,,,,,,,,,,,,,,,,,,,,,,,,,,,,,,,,,,,,,,,,105,0.0,15.0,40.0,10.0,5.0,10.0,15.0,15.0,430,350,80,0.9,2277.0,35,0.3,0.5,0.4,0.4,13.5,19,19,0,      9203,2.0,1.0,2693.0,Noord-Oost zuid
13993,BU00901004,Smallingerland                          ,Buurt     ,BU00901004,1,1315,675,645,220,155,395,340,210,765,360,145,50,995,85,245,990,45,110,40,135,,,,,705,340,170,200,1.9,4228.0,703,,13,,235.0,83.0,38.0,18.0,22.0,6.0,17.0,1.0,19.0,81.0,79.0,2.0,82.0,18.0,,,,,,,,,,,,,,,,,,,,,,,,,,,,,,,,,,,,,,,,,,,85,0.0,20.0,15.0,5.0,5.0,15.0,15.0,10.0,555,445,105,0.8,1773.0,30,0.5,0.7,0.3,0.5,13.0,31,31,0,      9201,1.0,2.0,2388.0,Noord-Oost oost
13994,WK009011  ,Smallingerland                          ,Wijk      ,WK009011  ,1,60,40,25,5,15,15,20,5,30,15,10,0,60,0,0,60,0,5,5,0,,,,,25,10,5,10,2.3,21.0,23,,863,,453.0,78.0,0.0,0.0,9.0,70.0,22.0,4.0,70.0,30.0,0.0,30.0,100.0,0.0,,,,,,,,,,,,,,,,,,,,,,,,,,,,,,,,,,,,,,,,,,,500,0.0,145.0,195.0,40.0,15.0,65.0,20.0,15.0,450,220,230,,,15,2.0,2.2,1.7,1.8,5.5,331,299,31,         .,,4.0,638.0,De Haven
13995,BU00901101,Smallingerland                          ,Buurt     ,BU00901101,1,65,40,25,5,15,15,25,5,30,15,10,0,60,0,0,60,0,0,0,0,,,,,25,10,10,10,2.3,21.0,23,,863,,453.0,78.0,0.0,0.0,9.0,70.0,22.0,4.0,70.0,30.0,0.0,30.0,100.0,0.0,,,,,,,,,,,,,,,,,,,,,,,,,,,,,,,,,,,,,,,,,,,500,0.0,145.0,195.0,40.0,15.0,65.0,20.0,15.0,450,220,230,,,15,2.0,2.2,1.7,1.8,5.5,331,299,31,      9206,1.0,4.0,638.0,De Haven
13996,WK009012  ,Smallingerland                          ,Wijk      ,WK009012  ,1,605,390,215,80,130,255,105,30,375,200,15,10,135,15,450,130,0,20,10,435,,,,,50,10,20,25,2.7,137.0,53,,299,,463.0,92.0,0.0,0.0,4.0,89.0,8.0,2.0,94.0,6.0,0.0,6.0,94.0,6.0,,,,,,,,,,,,,,,,,,,,,,,,,,,,,,,,,,,,,,,,,,,225,0.0,60.0,70.0,20.0,10.0,45.0,15.0,5.0,270,95,180,,,20,2.2,2.1,1.8,1.7,6.9,452,440,12,         .,,5.0,466.0,Drachten Oost
13997,BU00901201,Smallingerland                          ,Buurt     ,BU00901201,1,500,335,160,65,115,240,65,10,335,145,15,0,35,15,455,30,5,20,15,435,,,,,10,0,0,10,2.7,247.0,12,,292,,,,,,,,,,,,,,,,,,,,,,,,,,,,,,,,,,,,,,,,,,,,,,,,,,,,,,,,,,210,0.0,60.0,65.0,20.0,10.0,45.0,5.0,5.0,225,55,175,,,10,2.3,2.1,1.7,1.7,6.9,213,202,12,      9207,1.0,5.0,477.0,A7 Noord
13998,BU00901202,Smallingerland                          ,Buurt     ,BU00901202,1,105,55,55,20,15,15,40,20,40,55,5,5,100,5,0,100,0,0,0,0,,,,,40,5,15,20,2.7,44.0,41,,7,,479.0,98.0,0.0,0.0,5.0,93.0,2.0,2.0,98.0,2.0,0.0,2.0,98.0,2.0,,,,,,,,,,,,,,,,,,,,,,,,,,,,,,,,,,,,,,,,,,,15,,,,,,,,,45,40,5,,,10,1.8,2.1,2.0,1.9,6.9,239,239,0,      9207,1.0,5.0,396.0,Waldwei oost
13999,WK009013  ,Smallingerland                          ,Wijk      ,WK009013  ,1,4735,2445,2285,780,635,1175,1360,790,2300,1895,400,135,3770,210,750,3770,90,265,125,490,,,,,2035,705,590,745,2.2,3745.0,2083,,34,,281.0,84.0,39.0,18.0,16.0,12.0,16.0,3.0,66.0,34.0,25.0,9.0,100.0,0.0,,,,,,,,,,,,,,,,,,,,,,,,,,,,,,,,,,,,,,,,,,,385,0.0,40.0,40.0,40.0,20.0,125.0,75.0,45.0,2405,1790,615,1.2,1904.0,175,0.9,2.2,0.8,0.7,5.8,136,126,9,         .,,4.0,832.0,De Trisken
14000,BU00901301,Smallingerland                          ,Buurt     ,BU00901301,1,745,420,325,155,95,295,165,30,500,160,85,5,475,45,230,475,15,95,25,135,,,,,400,215,65,120,1.9,8782.0,405,,7,,162.0,53.0,35.0,18.0,0.0,0.0,47.0,2.0,24.0,76.0,73.0,3.0,100.0,0.0,,,,,,,,,,,,,,,,,,,,,,,,,,,,,,,,,,,,,,,,,,,35,0.0,10.0,10.0,5.0,0.0,5.0,5.0,5.0,290,250,45,0.7,3417.0,25,1.2,2.4,0.2,0.5,5.8,9,9,0,      9205,1.0,4.0,953.0,De Trisken centrum
14001,BU00901302,Smallingerland                          ,Buurt     ,BU00901302,1,2500,1260,1240,400,325,620,695,460,1185,1015,220,80,1950,115,435,1950,45,125,70,315,,,,,1080,380,335,365,2.2,3961.0,1102,,14,,242.0,91.0,51.0,23.0,12.0,5.0,9.0,3.0,73.0,27.0,17.0,10.0,100.0,0.0,,,,,,,,,,,,,,,,,,,,,,,,,,,,,,,,,,,,,,,,,,,180,0.0,20.0,20.0,20.0,5.0,50.0,40.0,25.0,1280,980,300,1.2,2027.0,100,1.0,2.2,0.6,0.5,5.5,67,63,4,      9205,1.0,4.0,865.0,De Trisken rondom
14002,BU00901303,Smallingerland                          ,Buurt     ,BU00901303,1,1485,765,720,220,210,255,495,300,625,725,90,50,1340,55,80,1345,25,50,25,40,,,,,560,105,195,255,2.6,2711.0,576,,13,,438.0,92.0,17.0,6.0,35.0,34.0,8.0,3.0,82.0,18.0,7.0,11.0,100.0,0.0,,,,,,,,,,,,,,,,,,,,,,,,,,,,,,,,,,,,,,,,,,,170,0.0,5.0,10.0,10.0,15.0,75.0,30.0,20.0,835,560,275,1.5,1528.0,50,0.5,2.0,1.4,1.2,6.4,60,55,5,      9205,1.0,4.0,686.0,Himsterhout
14003,WK009021  ,Smallingerland                          ,Wijk      ,WK009021  ,1,4225,2190,2040,665,500,850,1270,945,1910,1895,225,200,4000,90,135,4000,45,75,45,60,,,,,1735,430,635,670,2.4,112.0,1735,,102,,380.0,97.0,7.0,6.0,20.0,63.0,3.0,3.0,77.0,23.0,17.0,6.0,95.0,5.0,,,,,,,,,,,,,,,,,,,,,,,,,,,,,,,,,,,,,,,,,,,560,80.0,105.0,90.0,30.0,20.0,110.0,70.0,55.0,2475,1805,670,1.4,65.0,245,1.1,2.5,1.1,1.1,1.0,4288,3791,497,         .,,5.0,151.0,Buitengebied Noord
14004,BU00902104,Smallingerland                          ,Buurt     ,BU00902104,1,1105,565,545,180,115,250,315,245,510,470,60,60,1045,15,45,1050,5,25,5,20,,,,,465,125,160,175,2.4,249.0,467,,22,,352.0,100.0,8.0,9.0,32.0,50.0,0.0,4.0,71.0,29.0,25.0,4.0,90.0,10.0,,,,,,,,,,,,,,,,,,,,,,,,,,,,,,,,,,,,,,,,,,,140,10.0,30.0,20.0,10.0,10.0,25.0,20.0,20.0,650,495,155,1.4,146.0,65,0.8,3.5,0.6,0.6,1.4,491,444,47,      9218,1.0,5.0,201.0,"Opeinde, onder de Vaart"
14005,BU00902105,Smallingerland                          ,Buurt     ,BU00902105,1,655,335,315,110,90,125,200,135,265,345,25,20,620,15,25,620,5,5,5,15,,,,,245,45,95,110,2.7,206.0,247,,11,,417.0,99.0,10.0,8.0,9.0,73.0,1.0,2.0,90.0,10.0,6.0,3.0,99.0,1.0,,,,,,,,,,,,,,,,,,,,,,,,,,,,,,,,,,,,,,,,,,,85,10.0,15.0,15.0,5.0,5.0,20.0,10.0,10.0,400,280,115,1.6,125.0,40,0.6,4.1,0.7,0.7,1.0,408,318,90,      9218,1.0,5.0,184.0,"Opeinde, boven de Vaart"
14006,BU00902109,Smallingerland                          ,Buurt     ,BU00902109,1,460,230,230,70,55,95,150,90,205,220,20,15,445,5,5,445,5,5,5,0,,,,,180,35,75,75,2.5,55.0,179,,11,,389.0,100.0,3.0,4.0,12.0,80.0,0.0,0.0,83.0,17.0,7.0,10.0,97.0,3.0,,,,,,,,,,,,,,,,,,,,,,,,,,,,,,,,,,,,,,,,,,,70,20.0,10.0,15.0,5.0,5.0,10.0,5.0,5.0,280,195,85,1.5,33.0,35,2.2,3.2,2.4,2.4,1.1,892,840,52,      9217,1.0,5.0,48.0,Nijega
14007,BU00902110,Smallingerland                          ,Buurt     ,BU00902110,1,1665,880,785,255,195,315,500,400,765,720,90,90,1560,50,55,1555,25,30,30,25,,,,,710,200,260,245,2.3,88.0,711,,52,,369.0,93.0,7.0,5.0,21.0,60.0,7.0,4.0,74.0,26.0,18.0,8.0,96.0,4.0,,,,,,,,,,,,,,,,,,,,,,,,,,,,,,,,,,,,,,,,,,,215,35.0,40.0,40.0,5.0,5.0,45.0,25.0,20.0,950,705,240,1.3,50.0,80,0.8,0.7,0.8,0.8,1.0,2184,1893,291,      9216,1.0,5.0,154.0,Oudega
14008,BU00902114,Smallingerland                          ,Buurt     ,BU00902114,1,345,180,165,60,45,65,100,75,160,145,25,20,330,10,10,330,5,5,0,5,,,,,135,20,55,60,2.6,117.0,131,,6,,459.0,100.0,2.0,2.0,9.0,88.0,0.0,4.0,89.0,11.0,9.0,2.0,94.0,6.0,,,,,,,,,,,,,,,,,,,,,,,,,,,,,,,,,,,,,,,,,,,45,10.0,15.0,5.0,0.0,0.0,10.0,5.0,5.0,200,125,70,1.5,67.0,25,3.2,4.3,3.5,3.5,0.0,314,296,18,      9219,1.0,5.0,41.0,De Tike
14009,WK009022  ,Smallingerland                          ,Wijk      ,WK009022  ,1,3245,1640,1605,475,395,590,1025,760,1375,1520,210,140,3040,80,115,3040,50,65,30,55,,,,,1325,340,475,510,2.4,89.0,1335,,105,,488.0,97.0,7.0,7.0,19.0,65.0,3.0,4.0,80.0,20.0,16.0,4.0,92.0,8.0,,,,,,,,,,,,,,,,,,,,,,,,,,,,,,,,,,,,,,,,,,,470,55.0,65.0,55.0,15.0,30.0,130.0,95.0,30.0,1995,1360,635,1.5,54.0,190,2.9,1.6,1.7,1.7,2.5,3910,3666,244,         .,,5.0,233.0,Buitengebied West
14010,BU00902201,Smallingerland                          ,Buurt     ,BU00902201,1,255,135,125,45,30,70,80,35,135,100,20,10,240,10,5,240,0,5,5,5,,,,,85,25,20,45,2.7,64.0,88,,9,,626.0,97.0,0.0,0.0,1.0,95.0,3.0,7.0,94.0,6.0,0.0,6.0,91.0,9.0,,,,,,,,,,,,,,,,,,,,,,,,,,,,,,,,,,,,,,,,,,,55,5.0,5.0,10.0,0.0,0.0,15.0,10.0,5.0,155,110,45,1.8,39.0,15,1.3,2.0,1.3,2.1,4.9,409,401,8,      9203,1.0,5.0,289.0,Buitengebied west
14011,BU00902202,Smallingerland                          ,Buurt     ,BU00902202,1,270,140,135,35,45,30,90,70,105,145,10,10,260,5,10,260,5,5,5,5,,,,,100,5,40,50,2.8,72.0,104,,12,,528.0,96.0,0.0,0.0,10.0,87.0,4.0,7.0,91.0,9.0,0.0,9.0,98.0,2.0,,,,,,,,,,,,,,,,,,,,,,,,,,,,,,,,,,,,,,,,,,,60,10.0,5.0,5.0,0.0,5.0,10.0,15.0,5.0,170,110,65,1.7,45.0,10,3.1,2.1,2.7,2.6,2.4,398,377,21,      9213,1.0,5.0,206.0,De Wilgen
14012,BU00902203,Smallingerland                          ,Buurt     ,BU00902203,1,360,180,180,20,15,25,105,185,65,255,20,20,335,10,15,335,5,5,5,10,,,,,170,30,115,30,2.1,1675.0,173,,3,,787.0,98.0,2.0,2.0,14.0,80.0,2.0,2.0,99.0,1.0,0.0,1.0,99.0,1.0,,,,,,,,,,,,,,,,,,,,,,,,,,,,,,,,,,,,,,,,,,,65,0.0,5.0,5.0,0.0,10.0,30.0,10.0,5.0,285,160,125,1.6,1324.0,10,2.9,2.3,2.9,2.9,1.3,34,21,13,      9213,1.0,5.0,163.0,"De Wilgen, Sanding"
14013,BU00902206,Smallingerland                          ,Buurt     ,BU00902206,1,1830,910,915,310,230,375,560,350,835,780,135,75,1715,45,70,1710,30,40,20,30,,,,,750,220,225,315,2.4,223.0,751,,27,,378.0,97.0,11.0,12.0,26.0,48.0,3.0,3.0,70.0,30.0,27.0,3.0,89.0,11.0,,,,,,,,,,,,,,,,,,,,,,,,,,,,,,,,,,,,,,,,,,,195,10.0,40.0,25.0,5.0,5.0,45.0,50.0,10.0,1045,765,280,1.4,128.0,120,2.5,0.7,0.7,0.7,2.7,844,819,24,      9212,1.0,5.0,291.0,Boornbergum
14014,BU00902212,Smallingerland                          ,Buurt     ,BU00902212,1,50,25,25,0,10,5,15,20,15,25,5,5,45,0,5,45,0,0,0,0,,,,,25,5,10,5,2.2,23.0,22,,0,,640.0,100.0,0.0,0.0,0.0,100.0,0.0,0.0,95.0,5.0,0.0,5.0,100.0,0.0,,,,,,,,,,,,,,,,,,,,,,,,,,,,,,,,,,,,,,,,,,,10,,,,,,,,,35,25,15,,,5,4.0,2.9,3.5,3.5,0.2,221,213,7,      9214,1.0,5.0,45.0,Smalle Ee
14015,BU00902213,Smallingerland                          ,Buurt     ,BU00902213,1,45,30,20,5,10,5,25,5,20,25,0,0,50,0,0,50,0,0,0,0,,,,,15,0,10,10,2.8,7.0,26,,14,,648.0,100.0,0.0,0.0,0.0,100.0,0.0,35.0,88.0,12.0,0.0,12.0,92.0,8.0,,,,,,,,,,,,,,,,,,,,,,,,,,,,,,,,,,,,,,,,,,,20,,,,,,,,,30,15,15,,,0,7.6,7.1,5.3,5.3,0.0,811,729,82,      8497,2.0,5.0,6.0,Goengahuizen
14016,BU00902215,Smallingerland                          ,Buurt     ,BU00902215,1,255,130,125,35,35,45,85,55,115,115,10,15,245,5,10,240,5,5,5,5,,,,,100,30,30,40,2.6,29.0,102,,31,,488.0,98.0,2.0,2.0,12.0,82.0,2.0,9.0,85.0,14.0,6.0,8.0,91.0,9.0,,,,,,,,,,,,,,,,,,,,,,,,,,,,,,,,,,,,,,,,,,,40,15.0,5.0,5.0,0.0,0.0,10.0,5.0,0.0,150,100,50,1.6,17.0,15,5.9,4.6,4.9,4.9,0.1,951,863,88,      9215,1.0,5.0,25.0,De Veenhoop
14017,BU00902216,Smallingerland                          ,Buurt     ,BU00902216,1,175,90,85,20,30,30,60,40,80,75,15,10,165,5,10,165,5,5,0,0,,,,,80,30,25,25,2.2,74.0,69,,9,,592.0,94.0,0.0,0.0,13.0,81.0,6.0,4.0,90.0,10.0,0.0,10.0,99.0,1.0,,,,,,,,,,,,,,,,,,,,,,,,,,,,,,,,,,,,,,,,,,,30,5.0,0.0,5.0,0.0,0.0,10.0,5.0,5.0,125,80,40,1.5,51.0,15,1.8,2.2,1.7,1.9,3.8,243,241,1,      9211,1.0,5.0,330.0,Kortehemmen
14018,WK009023  ,Smallingerland                          ,Wijk      ,WK009023  ,1,3590,1855,1740,615,405,820,1040,715,1740,1445,235,175,3445,65,80,3445,30,45,35,35,,,,,1455,425,430,595,2.4,179.0,1480,,79,,353.0,95.0,5.0,6.0,23.0,61.0,5.0,3.0,72.0,28.0,21.0,6.0,96.0,4.0,,,,,,,,,,,,,,,,,,,,,,,,,,,,,,,,,,,,,,,,,,,465,50.0,115.0,80.0,15.0,15.0,80.0,65.0,45.0,2070,1545,525,1.4,103.0,280,2.5,4.5,0.7,0.7,1.6,2074,2011,63,         .,,5.0,145.0,Buitengebied Oost
14019,BU00902307,Smallingerland                          ,Buurt     ,BU00902307,1,1240,655,580,205,170,275,375,220,620,510,55,50,1190,15,35,1190,5,20,10,15,,,,,480,120,150,210,2.5,114.0,489,,29,,376.0,94.0,3.0,4.0,19.0,69.0,6.0,3.0,76.0,24.0,14.0,10.0,94.0,6.0,,,,,,,,,,,,,,,,,,,,,,,,,,,,,,,,,,,,,,,,,,,185,30.0,40.0,30.0,5.0,5.0,35.0,25.0,15.0,695,535,160,1.5,64.0,110,3.9,4.6,1.0,0.9,1.3,1087,1085,1,      9222,1.0,5.0,96.0,Drachtstercompagnie
14020,BU00902308,Smallingerland                          ,Buurt     ,BU00902308,1,935,475,460,160,95,220,255,195,450,355,75,55,890,20,15,890,10,5,10,5,,,,,385,110,105,165,2.4,276.0,382,,17,,348.0,100.0,5.0,6.0,29.0,59.0,0.0,2.0,71.0,29.0,28.0,1.0,98.0,2.0,,,,,,,,,,,,,,,,,,,,,,,,,,,,,,,,,,,,,,,,,,,120,10.0,40.0,25.0,0.0,5.0,20.0,10.0,15.0,520,395,125,1.4,154.0,80,3.4,4.4,0.5,0.5,2.6,339,338,1,      9223,1.0,5.0,163.0,Houtigehage
14021,BU00902311,Smallingerland                          ,Buurt     ,BU00902311,1,1415,720,700,255,135,320,405,295,665,580,110,65,1365,25,25,1370,20,10,5,15,,,,,595,190,180,220,2.4,241.0,609,,33,,338.0,92.0,6.0,7.0,23.0,56.0,8.0,3.0,70.0,30.0,23.0,7.0,96.0,4.0,,,,,,,,,,,,,,,,,,,,,,,,,,,,,,,,,,,,,,,,,,,160,10.0,35.0,25.0,10.0,5.0,30.0,30.0,15.0,850,615,235,1.4,145.0,90,0.7,4.5,0.5,0.6,1.1,649,588,61,      9221,1.0,5.0,174.0,Rottevalle
14484,GM1900    ,Súdwest-Fryslân                         ,Gemeente  ,GM1900    ,1,90534,45665,44869,13482,10303,19079,25245,22425,42380,35741,7219,5194,79707,4102,6725,79707,1891,2685,2211,4040,,,,,41250,15282,12995,12973,2.1,173.0,43118,,8004,,317.0,81.0,25.0,14.0,16.0,26.0,19.0,5.0,65.0,35.0,26.0,9.0,95.0,5.0,,,,,,,,,,,,,,,,,,,,,,,,,,,,,,,,,,,,,,,,,,,12760,1090.0,2360.0,2115.0,705.0,565.0,2665.0,1915.0,1350.0,47810,35040,12770,1.2,91.0,4495,2.1,1.5,1.0,1.0,4.3,90786,52270,38516,         .,,4.0,856.0,Súdwest-Fryslân
14485,WK190000  ,Súdwest-Fryslân                         ,Wijk      ,WK190000  ,1,10095,5010,5085,1515,1215,2090,2685,2580,4690,3940,810,660,8750,405,940,8755,205,360,200,575,,,,,4605,1770,1380,1455,2.1,1117.0,4847,,1067,,278.0,77.0,33.0,18.0,15.0,12.0,23.0,4.0,59.0,40.0,34.0,7.0,99.0,1.0,,,,,,,,,,,,,,,,,,,,,,,,,,,,,,,,,,,,,,,,,,,1170,20.0,220.0,240.0,55.0,55.0,260.0,185.0,135.0,4855,3690,1165,1.1,537.0,375,1.2,0.9,0.7,0.7,4.1,942,904,38,         .,,3.0,1102.0,Wijk 00 Bolsward
14486,BU19000000,Súdwest-Fryslân                         ,Buurt     ,BU19000000,1,1535,810,725,120,190,320,465,440,780,480,175,100,1320,90,120,1320,35,45,60,80,,,,,830,445,230,155,1.7,5348.0,954,,218,,231.0,58.0,33.0,16.0,5.0,5.0,42.0,9.0,49.0,50.0,31.0,19.0,99.0,1.0,,,,,,,,,,,,,,,,,,,,,,,,,,,,,,,,,,,,,,,,,,,285,0.0,30.0,105.0,5.0,15.0,50.0,35.0,45.0,720,555,165,0.9,2519.0,50,1.0,0.5,0.6,0.6,4.0,31,29,3,      8701,1.0,3.0,1349.0,Bolsward binnen De Wallen
14487,BU19000001,Súdwest-Fryslân                         ,Buurt     ,BU19000001,1,1930,930,1000,370,200,490,405,465,965,640,185,135,1485,105,335,1485,55,110,50,235,,,,,945,425,225,295,2.0,2908.0,963,,176,,224.0,71.0,38.0,23.0,6.0,4.0,29.0,2.0,31.0,69.0,67.0,2.0,96.0,4.0,,,,,,,,,,,,,,,,,,,,,,,,,,,,,,,,,,,,,,,,,,,150,5.0,35.0,25.0,10.0,5.0,35.0,25.0,10.0,785,645,140,0.8,1185.0,50,1.6,0.4,0.4,0.4,4.0,69,66,2,      8701,1.0,3.0,1251.0,Bolsward-Noord
14488,BU19000002,Súdwest-Fryslân                         ,Buurt     ,BU19000002,1,2255,1110,1145,350,250,475,525,655,1030,865,170,190,1990,80,185,1990,45,85,35,105,,,,,1030,400,320,305,2.1,2662.0,1035,,177,,282.0,78.0,28.0,19.0,19.0,12.0,22.0,2.0,63.0,37.0,30.0,7.0,99.0,1.0,,,,,,,,,,,,,,,,,,,,,,,,,,,,,,,,,,,,,,,,,,,225,5.0,40.0,25.0,10.0,10.0,50.0,50.0,35.0,1070,810,260,1.0,1265.0,85,0.4,0.5,0.5,0.6,4.2,87,85,2,      8701,1.0,3.0,1138.0,Bolsward-Zuidoost
14489,BU19000003,Súdwest-Fryslân                         ,Buurt     ,BU19000003,1,390,195,190,35,55,75,125,95,175,160,40,20,365,10,15,365,5,5,5,10,,,,,200,80,70,45,2.0,1588.0,206,,134,,251.0,98.0,49.0,22.0,14.0,13.0,2.0,4.0,93.0,7.0,0.0,7.0,100.0,0.0,,,,,,,,,,,,,,,,,,,,,,,,,,,,,,,,,,,,,,,,,,,50,0.0,15.0,10.0,5.0,0.0,10.0,5.0,5.0,210,170,40,1.1,859.0,15,1.6,0.8,0.9,0.9,4.2,25,25,1,      8701,1.0,3.0,1031.0,Bolsward-Zuidwest
14490,BU19000004,Súdwest-Fryslân                         ,Buurt     ,BU19000004,1,3815,1870,1945,605,515,690,1110,895,1660,1715,230,210,3430,110,270,3430,65,125,45,150,,,,,1545,405,520,615,2.4,3380.0,1629,,97,,334.0,89.0,31.0,16.0,25.0,17.0,11.0,2.0,75.0,25.0,23.0,1.0,99.0,1.0,,,,,,,,,,,,,,,,,,,,,,,,,,,,,,,,,,,,,,,,,,,295,5.0,55.0,30.0,15.0,15.0,85.0,60.0,30.0,1855,1400,455,1.2,1643.0,165,1.6,1.5,0.9,0.9,4.0,122,113,9,      8701,5.0,4.0,957.0,Bolsward-Noordoost
14491,BU19000009,Súdwest-Fryslân                         ,Buurt     ,BU19000009,1,170,90,85,35,20,35,55,30,85,85,5,5,165,0,10,160,5,5,0,5,,,,,55,10,15,30,3.1,30.0,60,,265,,423.0,68.0,0.0,0.0,5.0,63.0,32.0,10.0,88.0,12.0,0.0,12.0,98.0,2.0,,,,,,,,,,,,,,,,,,,,,,,,,,,,,,,,,,,,,,,,,,,165,10.0,45.0,45.0,15.0,10.0,30.0,10.0,5.0,210,105,105,,,10,1.9,1.5,1.4,1.4,3.7,608,587,22,      8701,1.0,5.0,403.0,Verspreide huizen Bolsward
14492,WK190001  ,Súdwest-Fryslân                         ,Wijk      ,WK190001  ,1,35130,17550,17585,5305,3990,8105,9500,8235,17235,12495,3295,2105,29535,1765,3835,29530,885,1465,880,2365,,,,,16510,6780,4700,5030,2.1,1200.0,17273,,2516,,306.0,68.0,34.0,15.0,10.0,10.0,32.0,4.0,56.0,44.0,32.0,12.0,92.0,8.0,,,,,,,,,,,,,,,,,,,,,,,,,,,,,,,,,,,,,,,,,,,4325,20.0,685.0,840.0,275.0,240.0,1010.0,770.0,480.0,17045,12690,4355,1.0,582.0,1230,1.4,0.7,0.7,0.9,7.9,3403,2929,474,         .,,2.0,1566.0,Wijk 01 Sneek
14493,BU19000101,Súdwest-Fryslân                         ,Buurt     ,BU19000101,1,1290,675,610,85,225,425,360,185,830,225,200,30,1030,70,185,1030,30,70,45,110,,,,,830,525,185,120,1.5,4860.0,916,,458,,221.0,22.0,16.0,4.0,0.0,0.0,78.0,16.0,27.0,73.0,21.0,52.0,97.0,3.0,,,,,,,,,,,,,,,,,,,,,,,,,,,,,,,,,,,,,,,,,,,535,0.0,40.0,230.0,25.0,30.0,85.0,40.0,85.0,695,510,185,0.8,2632.0,55,0.6,0.3,0.4,0.5,11.0,28,26,2,      8601,1.0,1.0,2551.0,Sneek binnen de grachten
14494,BU19000102,Súdwest-Fryslân                         ,Buurt     ,BU19000102,1,830,420,405,60,90,130,280,265,335,345,80,75,735,30,65,735,15,25,15,40,,,,,460,225,145,90,1.8,1733.0,483,,96,,361.0,54.0,25.0,10.0,12.0,7.0,46.0,6.0,66.0,34.0,16.0,18.0,98.0,2.0,,,,,,,,,,,,,,,,,,,,,,,,,,,,,,,,,,,,,,,,,,,210,0.0,25.0,30.0,15.0,15.0,40.0,60.0,25.0,450,305,145,1.0,936.0,25,0.5,0.3,0.5,0.8,10.6,61,48,14,      8601,1.0,2.0,2239.0,Stationsbuurt
14495,BU19000103,Súdwest-Fryslân                         ,Buurt     ,BU19000103,1,1230,600,630,195,100,225,295,415,495,585,75,80,1105,65,60,1105,45,30,25,30,,,,,510,145,205,170,2.3,641.0,541,,410,,407.0,87.0,21.0,6.0,33.0,28.0,13.0,4.0,86.0,14.0,9.0,5.0,100.0,0.0,,,,,,,,,,,,,,,,,,,,,,,,,,,,,,,,,,,,,,,,,,,485,0.0,60.0,110.0,40.0,20.0,110.0,105.0,40.0,890,600,290,1.7,464.0,75,0.6,1.0,1.0,1.4,8.1,196,192,4,      8601,1.0,4.0,975.0,Hemdijk
14496,BU19000104,Súdwest-Fryslân                         ,Buurt     ,BU19000104,1,1410,630,775,150,110,370,380,390,710,385,205,105,1200,85,120,1205,50,50,35,70,,,,,805,440,195,170,1.7,4124.0,883,,23,,223.0,80.0,49.0,27.0,3.0,1.0,20.0,3.0,47.0,53.0,37.0,16.0,82.0,18.0,,,,,,,,,,,,,,,,,,,,,,,,,,,,,,,,,,,,,,,,,,,95,0.0,25.0,10.0,5.0,0.0,15.0,25.0,15.0,650,545,105,0.8,1913.0,60,0.8,0.5,0.5,0.5,9.5,35,34,1,      8602,1.0,2.0,1929.0,Noorderhoek I
14497,BU19000105,Súdwest-Fryslân                         ,Buurt     ,BU19000105,1,3415,1735,1680,615,510,930,915,450,2005,990,315,110,2335,155,925,2335,95,225,65,700,,,,,1330,530,305,495,2.2,1631.0,1411,,155,,276.0,61.0,28.0,12.0,10.0,12.0,39.0,3.0,30.0,70.0,64.0,6.0,92.0,8.0,,,,,,,,,,,,,,,,,,,,,,,,,,,,,,,,,,,,,,,,,,,315,0.0,55.0,35.0,15.0,25.0,80.0,65.0,40.0,1320,1020,300,1.0,630.0,85,1.3,0.7,0.5,0.5,8.6,218,209,8,      8602,1.0,3.0,1320.0,Noorderhoek II
14498,BU19000106,Súdwest-Fryslân                         ,Buurt     ,BU19000106,1,1675,790,890,220,165,395,505,395,840,520,210,110,1495,60,125,1490,35,70,30,55,,,,,895,425,230,245,1.9,6514.0,896,,31,,246.0,84.0,50.0,25.0,8.0,1.0,16.0,2.0,67.0,33.0,26.0,7.0,98.0,2.0,,,,,,,,,,,,,,,,,,,,,,,,,,,,,,,,,,,,,,,,,,,185,0.0,35.0,20.0,10.0,5.0,55.0,45.0,20.0,805,650,155,0.9,3127.0,70,0.3,0.5,0.3,0.3,10.0,27,26,1,      8603,1.0,2.0,2462.0,Noordoosthoek
14499,BU19000107,Súdwest-Fryslân                         ,Buurt     ,BU19000107,1,2220,1115,1105,425,245,500,580,470,1000,985,140,95,2030,80,110,2030,50,65,30,40,,,,,875,170,315,390,2.5,4004.0,874,,22,,383.0,98.0,39.0,22.0,24.0,13.0,2.0,1.0,85.0,15.0,5.0,10.0,88.0,12.0,,,,,,,,,,,,,,,,,,,,,,,,,,,,,,,,,,,,,,,,,,,205,0.0,25.0,25.0,15.0,5.0,55.0,55.0,25.0,1075,785,290,1.2,1938.0,95,1.0,0.6,0.7,0.8,8.9,58,55,3,      8603,1.0,3.0,1290.0,Zwetteplan
14500,BU19000108,Súdwest-Fryslân                         ,Buurt     ,BU19000108,1,565,280,285,70,65,100,165,165,245,235,45,35,520,25,20,520,15,10,15,10,,,,,280,100,100,75,2.0,2218.0,291,,47,,365.0,65.0,19.0,10.0,21.0,15.0,35.0,6.0,76.0,24.0,8.0,17.0,97.0,3.0,,,,,,,,,,,,,,,,,,,,,,,,,,,,,,,,,,,,,,,,,,,85,0.0,5.0,20.0,5.0,10.0,25.0,10.0,10.0,310,210,100,1.1,1219.0,45,0.5,0.4,0.4,0.4,9.7,27,25,1,      8603,1.0,2.0,2478.0,Bomenbuurt
14501,BU19000109,Súdwest-Fryslân                         ,Buurt     ,BU19000109,1,775,355,420,80,45,125,150,370,260,285,80,145,700,30,45,695,15,15,15,30,,,,,395,195,130,75,1.8,2053.0,485,,37,,280.0,54.0,17.0,9.0,15.0,13.0,46.0,6.0,49.0,51.0,34.0,17.0,100.0,0.0,,,,,,,,,,,,,,,,,,,,,,,,,,,,,,,,,,,,,,,,,,,90,0.0,5.0,15.0,5.0,10.0,25.0,20.0,10.0,350,255,95,0.9,927.0,25,0.7,0.3,0.2,0.4,9.6,43,38,5,      8605,1.0,2.0,2151.0,Omgeving Leeuwarderweg en bungalowpark
14502,BU19000110,Súdwest-Fryslân                         ,Buurt     ,BU19000110,1,2840,1400,1445,385,270,440,745,1000,1115,1160,255,310,2565,135,145,2565,90,65,45,75,,,,,1320,535,420,370,2.1,3914.0,1456,,166,,321.0,65.0,27.0,13.0,12.0,13.0,35.0,3.0,52.0,48.0,39.0,9.0,99.0,1.0,,,,,,,,,,,,,,,,,,,,,,,,,,,,,,,,,,,,,,,,,,,240,0.0,30.0,35.0,20.0,10.0,70.0,55.0,20.0,1370,985,380,1.0,1885.0,90,1.6,0.9,0.8,0.9,8.2,81,73,8,      8604,1.0,3.0,1222.0,Stadsfenne
14503,BU19000111,Súdwest-Fryslân                         ,Buurt     ,BU19000111,1,2380,1210,1175,450,265,505,725,435,1095,1065,125,100,2120,95,175,2120,60,95,35,75,,,,,920,175,340,405,2.6,2393.0,930,,35,,480.0,92.0,33.0,18.0,19.0,23.0,8.0,2.0,94.0,6.0,1.0,5.0,77.0,23.0,,,,,,,,,,,,,,,,,,,,,,,,,,,,,,,,,,,,,,,,,,,255,0.0,25.0,25.0,20.0,30.0,85.0,45.0,20.0,1315,890,425,1.4,1321.0,65,2.3,1.5,1.6,1.6,6.0,119,100,20,      8604,1.0,3.0,1025.0,De Domp
14504,BU19000112,Súdwest-Fryslân                         ,Buurt     ,BU19000112,1,1185,585,605,65,115,250,230,525,480,370,170,170,990,75,130,990,35,50,35,75,,,,,770,485,200,85,1.5,7773.0,862,,14,,245.0,17.0,9.0,3.0,3.0,1.0,83.0,5.0,18.0,82.0,67.0,15.0,99.0,1.0,,,,,,,,,,,,,,,,,,,,,,,,,,,,,,,,,,,,,,,,,,,70,0.0,10.0,10.0,5.0,5.0,15.0,20.0,5.0,535,450,85,0.7,3498.0,25,0.3,0.6,0.6,0.6,8.0,19,15,4,      8605,1.0,2.0,2076.0,Het Eiland
14505,BU19000113,Súdwest-Fryslân                         ,Buurt     ,BU19000113,1,2895,1420,1475,345,310,675,770,785,1530,840,310,210,2320,325,245,2320,60,85,265,160,,,,,1550,815,360,375,1.8,867.0,1548,,361,,250.0,58.0,34.0,15.0,6.0,3.0,42.0,5.0,53.0,47.0,25.0,21.0,100.0,0.0,,,,,,,,,,,,,,,,,,,,,,,,,,,,,,,,,,,,,,,,,,,445,0.0,120.0,105.0,25.0,20.0,75.0,55.0,40.0,1510,1105,405,1.0,452.0,105,0.5,0.6,0.5,0.9,9.7,380,334,46,      8606,1.0,2.0,1902.0,Sperkhem en industrieterrein Houkesloot
14506,BU19000114,Súdwest-Fryslân                         ,Buurt     ,BU19000114,1,1440,765,670,215,165,380,355,320,755,430,175,75,1070,100,265,1075,40,70,55,195,,,,,735,355,200,185,1.9,2988.0,697,,75,,220.0,63.0,44.0,16.0,2.0,1.0,37.0,4.0,45.0,55.0,46.0,9.0,92.0,8.0,,,,,,,,,,,,,,,,,,,,,,,,,,,,,,,,,,,,,,,,,,,145,0.0,40.0,40.0,5.0,0.0,25.0,15.0,15.0,600,475,125,0.8,1244.0,35,1.1,0.5,0.5,0.5,9.5,56,48,8,      8607,1.0,2.0,2185.0,Lemmerweg-Oost
14507,BU19000115,Súdwest-Fryslân                         ,Buurt     ,BU19000115,1,2915,1470,1445,470,370,840,660,580,1670,765,330,155,2245,140,525,2250,80,205,60,315,,,,,1490,745,330,415,1.9,6297.0,1543,,112,,237.0,53.0,37.0,15.0,0.0,1.0,47.0,3.0,27.0,72.0,60.0,13.0,80.0,20.0,,,,,,,,,,,,,,,,,,,,,,,,,,,,,,,,,,,,,,,,,,,180,0.0,60.0,25.0,5.0,5.0,40.0,25.0,20.0,1165,950,220,0.8,2521.0,75,1.4,0.6,0.9,0.9,8.0,51,46,4,      8608,1.0,2.0,1642.0,Lemmerweg-West
14508,BU19000116,Súdwest-Fryslân                         ,Buurt     ,BU19000116,1,2120,1060,1060,355,255,465,570,470,1005,815,200,95,1720,80,320,1720,45,125,30,195,,,,,940,320,265,355,2.2,1885.0,940,,48,,247.0,95.0,62.0,26.0,4.0,3.0,5.0,1.0,55.0,45.0,44.0,1.0,98.0,2.0,,,,,,,,,,,,,,,,,,,,,,,,,,,,,,,,,,,,,,,,,,,130,0.0,30.0,10.0,10.0,5.0,30.0,30.0,15.0,965,785,180,1.0,859.0,70,2.4,0.5,1.2,1.2,4.9,116,112,3,      8608,1.0,4.0,981.0,Tinga
14509,BU19000117,Súdwest-Fryslân                         ,Buurt     ,BU19000117,1,4310,2215,2095,785,505,970,1315,730,2080,1795,295,150,3845,155,310,3845,100,150,60,160,,,,,1780,475,580,725,2.4,1980.0,1801,,24,,364.0,86.0,49.0,17.0,8.0,11.0,14.0,2.0,85.0,15.0,14.0,2.0,100.0,0.0,,,,,,,,,,,,,,,,,,,,,,,,,,,,,,,,,,,,,,,,,,,395,5.0,55.0,50.0,35.0,30.0,115.0,80.0,35.0,2205,1620,585,1.2,1014.0,150,2.4,0.5,0.5,1.0,4.6,265,218,48,      8607,1.0,3.0,1063.0,Duinterpen
14510,BU19000118,Súdwest-Fryslân                         ,Buurt     ,BU19000118,1,230,115,110,30,25,35,100,45,90,130,5,10,220,0,10,220,0,5,0,5,,,,,95,15,45,35,2.4,32.0,181,,91,,566.0,87.0,0.0,0.0,17.0,70.0,13.0,49.0,71.0,29.0,0.0,29.0,83.0,17.0,,,,,,,,,,,,,,,,,,,,,,,,,,,,,,,,,,,,,,,,,,,35,5.0,5.0,5.0,0.0,0.0,10.0,5.0,5.0,90,65,25,0.9,12.0,5,2.8,2.3,2.3,2.3,3.4,1005,723,282,      8626,2.0,5.0,125.0,Offingawier
14511,BU19000119,Súdwest-Fryslân                         ,Buurt     ,BU19000119,1,760,395,365,220,95,225,195,25,445,280,30,10,700,25,35,705,15,25,10,10,,,,,230,20,45,165,3.3,283.0,231,,5,,641.0,100.0,10.0,7.0,50.0,32.0,0.0,1.0,97.0,3.0,0.0,3.0,14.0,86.0,,,,,,,,,,,,,,,,,,,,,,,,,,,,,,,,,,,,,,,,,,,60,0.0,5.0,10.0,5.0,5.0,15.0,15.0,10.0,315,205,110,1.4,117.0,30,1.9,1.4,0.9,1.6,7.6,275,269,6,      8603,1.0,4.0,524.0,Loënga
14512,BU19000120,Súdwest-Fryslân                         ,Buurt     ,BU19000120,1,650,325,325,90,60,110,195,205,250,315,45,40,600,25,30,600,10,15,10,15,,,,,295,80,115,95,2.2,193.0,304,,306,,393.0,96.0,18.0,13.0,17.0,48.0,4.0,4.0,85.0,15.0,10.0,5.0,93.0,7.0,,,,,,,,,,,,,,,,,,,,,,,,,,,,,,,,,,,,,,,,,,,165,0.0,30.0,40.0,10.0,15.0,40.0,10.0,10.0,435,280,155,1.5,128.0,45,2.2,2.2,0.4,0.5,5.2,343,338,5,      8633,6.0,5.0,266.0,IJsbrechtum
14513,WK190002  ,Súdwest-Fryslân                         ,Wijk      ,WK190002  ,1,5585,2785,2795,840,615,1100,1505,1520,2610,2180,430,365,4880,455,250,4880,115,95,335,160,,,,,2610,1000,845,765,2.1,181.0,2633,,646,,313.0,86.0,21.0,15.0,22.0,28.0,14.0,5.0,66.0,34.0,26.0,7.0,95.0,5.0,,,,,,,,,,,,,,,,,,,,,,,,,,,,,,,,,,,,,,,,,,,840,55.0,180.0,185.0,40.0,30.0,140.0,115.0,95.0,2785,2015,770,1.1,90.0,255,1.8,0.9,1.0,0.7,2.6,3240,3086,154,         .,,5.0,450.0,Wijk 02 Nijefurd
14514,BU19000200,Súdwest-Fryslân                         ,Buurt     ,BU19000200,1,4295,2135,2160,625,470,835,1140,1225,1970,1695,325,305,3825,265,205,3825,90,80,175,125,,,,,2025,785,665,570,2.1,1765.0,2090,,319,,308.0,83.0,23.0,15.0,23.0,22.0,17.0,4.0,65.0,35.0,29.0,6.0,95.0,5.0,,,,,,,,,,,,,,,,,,,,,,,,,,,,,,,,,,,,,,,,,,,535,10.0,120.0,110.0,25.0,15.0,95.0,90.0,70.0,2120,1575,545,1.0,871.0,185,0.7,0.8,0.9,0.6,3.0,265,243,21,      8711,1.0,4.0,566.0,Workum
14515,BU19000201,Súdwest-Fryslân                         ,Buurt     ,BU19000201,1,55,30,30,20,10,10,10,10,30,20,5,0,55,0,0,55,0,0,0,0,,,,,20,5,5,10,2.9,13.0,19,,4,,,,,,,,,,,,,,,,,,,,,,,,,,,,,,,,,,,,,,,,,,,,,,,,,,,,,,,,,,15,,,,,,,,,30,20,10,,,5,3.3,3.7,3.5,3.5,0.6,503,422,82,      8775,2.0,5.0,9.0,Nijhuizum
14516,BU19000202,Súdwest-Fryslân                         ,Buurt     ,BU19000202,1,785,395,390,95,90,150,230,225,360,305,85,45,685,70,35,685,20,15,50,20,,,,,400,170,125,105,2.0,1901.0,401,,89,,281.0,99.0,18.0,18.0,22.0,40.0,1.0,7.0,66.0,33.0,23.0,10.0,100.0,0.0,,,,,,,,,,,,,,,,,,,,,,,,,,,,,,,,,,,,,,,,,,,125,5.0,25.0,35.0,5.0,10.0,20.0,15.0,10.0,430,300,130,1.1,1041.0,30,6.5,0.5,0.6,0.6,1.0,44,41,3,      8713,1.0,5.0,156.0,Hindeloopen
14517,BU19000208,Súdwest-Fryslân                         ,Buurt     ,BU19000208,1,380,195,190,90,45,85,105,55,205,150,15,15,255,115,10,255,10,0,105,10,,,,,130,30,35,70,2.9,21.0,97,,193,,443.0,91.0,0.0,0.0,2.0,89.0,9.0,10.0,85.0,15.0,0.0,15.0,95.0,5.0,,,,,,,,,,,,,,,,,,,,,,,,,,,,,,,,,,,,,,,,,,,135,25.0,35.0,25.0,5.0,5.0,15.0,10.0,15.0,175,105,70,1.3,10.0,30,2.9,2.6,2.8,2.4,1.9,1862,1830,32,      8711,1.0,5.0,146.0,Verspreide huizen Workum
14518,BU19000209,Súdwest-Fryslân                         ,Buurt     ,BU19000209,1,65,35,30,10,10,20,20,0,40,20,0,0,60,5,0,60,0,5,5,0,,,,,25,5,5,10,2.7,12.0,26,,41,,704.0,96.0,4.0,0.0,0.0,92.0,4.0,19.0,69.0,31.0,0.0,31.0,85.0,15.0,,,,,,,,,,,,,,,,,,,,,,,,,,,,,,,,,,,,,,,,,,,30,5.0,5.0,10.0,0.0,0.0,5.0,0.0,0.0,30,15,15,,,5,5.8,1.6,1.4,1.3,1.0,565,550,16,      8713,1.0,5.0,51.0,Verspreide huizen Hindeloopen
14519,WK190003  ,Súdwest-Fryslân                         ,Wijk      ,WK190003  ,1,3495,1725,1765,545,360,680,935,980,1600,1480,205,210,3100,220,170,3100,45,70,185,100,,,,,1590,555,535,495,2.2,84.0,1617,,340,,343.0,93.0,8.0,8.0,25.0,52.0,7.0,8.0,69.0,31.0,23.0,8.0,93.0,7.0,,,,,,,,,,,,,,,,,,,,,,,,,,,,,,,,,,,,,,,,,,,545,90.0,130.0,70.0,35.0,15.0,95.0,60.0,55.0,1850,1295,555,1.2,45.0,195,1.3,1.5,1.5,1.4,0.9,5280,4149,1131,         .,,5.0,306.0,Wijk 03 Koudum
14520,BU19000300,Súdwest-Fryslân                         ,Buurt     ,BU19000300,1,2605,1290,1315,405,235,490,660,815,1130,1115,170,185,2385,60,150,2385,35,65,30,90,,,,,1210,430,430,350,2.1,881.0,1281,,146,,326.0,92.0,9.0,10.0,29.0,44.0,8.0,5.0,66.0,34.0,28.0,7.0,92.0,8.0,,,,,,,,,,,,,,,,,,,,,,,,,,,,,,,,,,,,,,,,,,,360,25.0,85.0,45.0,25.0,10.0,75.0,50.0,45.0,1425,995,430,1.2,482.0,145,0.7,0.6,0.7,0.6,1.0,309,295,13,      8723,1.0,5.0,398.0,Koudum
14521,BU19000301,Súdwest-Fryslân                         ,Buurt     ,BU19000301,1,325,165,155,55,40,65,105,70,155,155,10,10,320,0,5,315,0,0,0,0,,,,,120,20,45,50,2.7,19.0,146,,15,,427.0,95.0,1.0,0.0,10.0,84.0,5.0,21.0,82.0,18.0,3.0,16.0,97.0,3.0,,,,,,,,,,,,,,,,,,,,,,,,,,,,,,,,,,,,,,,,,,,80,45.0,15.0,5.0,0.0,0.0,5.0,5.0,0.0,165,115,50,1.4,10.0,25,4.9,5.3,5.0,5.0,0.3,2533,1672,861,      8724,1.0,5.0,15.0,Heidenschap
14522,BU19000302,Súdwest-Fryslân                         ,Buurt     ,BU19000302,1,235,115,120,35,35,45,70,45,120,85,20,10,225,5,5,225,0,5,5,0,,,,,100,35,30,40,2.3,860.0,113,,6,,303.0,98.0,2.0,4.0,18.0,74.0,2.0,12.0,78.0,21.0,13.0,8.0,98.0,2.0,,,,,,,,,,,,,,,,,,,,,,,,,,,,,,,,,,,,,,,,,,,35,5.0,10.0,5.0,0.0,0.0,5.0,5.0,5.0,165,110,55,1.6,599.0,25,2.4,4.3,3.3,3.3,0.0,28,27,1,      8722,1.0,5.0,41.0,Molkwerum
14523,BU19000308,Súdwest-Fryslân                         ,Buurt     ,BU19000308,1,215,100,115,45,40,55,55,20,155,60,5,5,60,145,10,60,0,0,140,10,,,,,110,65,15,35,2.0,19.0,24,,134,,581.0,100.0,0.0,0.0,0.0,100.0,0.0,8.0,83.0,17.0,0.0,17.0,92.0,8.0,,,,,,,,,,,,,,,,,,,,,,,,,,,,,,,,,,,,,,,,,,,20,,,,,,,,,50,40,10,0.4,4.0,0,2.3,2.0,2.1,2.3,1.0,1366,1155,211,      8723,1.0,5.0,126.0,Verspreide huizen Koudum
14524,BU19000309,Súdwest-Fryslân                         ,Buurt     ,BU19000309,1,115,60,60,10,15,20,45,30,50,65,5,0,110,5,5,110,0,0,5,0,,,,,50,15,20,15,2.4,12.0,53,,39,,497.0,94.0,0.0,0.0,8.0,87.0,6.0,11.0,92.0,8.0,0.0,8.0,98.0,2.0,,,,,,,,,,,,,,,,,,,,,,,,,,,,,,,,,,,,,,,,,,,50,15.0,10.0,10.0,5.0,0.0,5.0,0.0,5.0,50,40,10,1.0,5.0,0,2.0,3.5,2.7,2.7,0.7,1044,999,45,      8722,3.0,5.0,43.0,Verspreide huizen Molkwerum
14525,WK190004  ,Súdwest-Fryslân                         ,Wijk      ,WK190004  ,1,2255,1155,1100,285,235,410,700,625,1025,965,170,95,2025,120,110,2025,55,50,65,60,,,,,1045,360,385,305,2.1,95.0,1160,,310,,323.0,97.0,11.0,11.0,24.0,50.0,3.0,12.0,72.0,27.0,19.0,7.0,95.0,5.0,,,,,,,,,,,,,,,,,,,,,,,,,,,,,,,,,,,,,,,,,,,420,60.0,80.0,75.0,35.0,10.0,65.0,45.0,45.0,1260,850,410,1.2,53.0,130,2.6,2.3,1.0,0.7,1.2,2747,2369,378,         .,,5.0,137.0,Wijk 04 Hemelum
14526,BU19000400,Súdwest-Fryslân                         ,Buurt     ,BU19000400,1,460,225,240,50,55,80,165,120,205,205,35,20,415,25,20,415,10,15,20,5,,,,,210,65,80,65,2.2,453.0,219,,51,,318.0,100.0,7.0,6.0,25.0,62.0,0.0,4.0,81.0,19.0,16.0,3.0,100.0,0.0,,,,,,,,,,,,,,,,,,,,,,,,,,,,,,,,,,,,,,,,,,,85,5.0,15.0,20.0,5.0,5.0,20.0,10.0,5.0,285,200,85,1.3,280.0,45,2.3,1.7,2.0,0.5,2.0,104,102,2,      8584,1.0,5.0,130.0,Hemelum
14527,BU19000401,Súdwest-Fryslân                         ,Buurt     ,BU19000401,1,705,370,335,105,70,120,225,185,335,290,55,30,625,35,40,630,20,15,20,20,,,,,330,120,115,90,2.1,143.0,368,,55,,327.0,99.0,5.0,5.0,30.0,59.0,1.0,13.0,74.0,23.0,16.0,7.0,97.0,3.0,,,,,,,,,,,,,,,,,,,,,,,,,,,,,,,,,,,,,,,,,,,125,20.0,30.0,10.0,10.0,0.0,20.0,20.0,15.0,405,265,140,1.2,83.0,30,0.9,4.4,0.8,0.8,1.0,500,491,9,      8721,1.0,5.0,87.0,Warns
14528,BU19000402,Súdwest-Fryslân                         ,Buurt     ,BU19000402,1,55,30,25,5,5,5,15,20,30,25,0,0,50,5,0,50,5,0,0,0,,,,,25,10,10,10,2.2,9.0,30,,9,,361.0,100.0,0.0,0.0,7.0,93.0,0.0,20.0,87.0,13.0,0.0,13.0,100.0,0.0,,,,,,,,,,,,,,,,,,,,,,,,,,,,,,,,,,,,,,,,,,,15,,,,,,,,,30,20,10,,,5,2.9,4.6,2.1,2.1,1.0,615,610,5,      8721,2.0,5.0,14.0,Scharl
14529,BU19000403,Súdwest-Fryslân                         ,Buurt     ,BU19000403,1,880,450,430,115,80,180,235,275,385,380,75,35,795,50,40,795,20,10,25,25,,,,,420,145,160,120,2.1,2640.0,459,,66,,287.0,93.0,20.0,18.0,23.0,31.0,7.0,9.0,64.0,34.0,28.0,7.0,97.0,3.0,,,,,,,,,,,,,,,,,,,,,,,,,,,,,,,,,,,,,,,,,,,130,15.0,25.0,30.0,15.0,5.0,15.0,10.0,20.0,435,305,130,1.0,1304.0,35,4.1,0.9,0.4,0.4,1.0,38,33,5,      8715,1.0,5.0,195.0,Stavoren
14530,BU19000408,Súdwest-Fryslân                         ,Buurt     ,BU19000408,1,90,40,50,10,20,10,25,20,50,30,5,0,80,0,10,80,0,5,0,5,,,,,35,10,5,15,2.7,11.0,34,,4,,469.0,94.0,0.0,0.0,0.0,94.0,6.0,12.0,85.0,15.0,0.0,15.0,100.0,0.0,,,,,,,,,,,,,,,,,,,,,,,,,,,,,,,,,,,,,,,,,,,30,15.0,5.0,5.0,0.0,0.0,5.0,0.0,5.0,50,30,20,,,5,2.7,2.5,2.4,1.8,1.9,1144,821,323,      8584,1.0,5.0,79.0,Verspreide huizen Hemelum
14531,BU19000409,Súdwest-Fryslân                         ,Buurt     ,BU19000409,1,70,35,30,10,10,15,30,10,25,35,5,0,60,5,5,60,0,5,0,0,,,,,30,10,15,10,2.2,22.0,50,,125,,527.0,100.0,10.0,8.0,16.0,66.0,0.0,60.0,60.0,30.0,0.0,30.0,40.0,60.0,,,,,,,,,,,,,,,,,,,,,,,,,,,,,,,,,,,,,,,,,,,25,0.0,5.0,10.0,5.0,0.0,5.0,0.0,0.0,55,30,25,,,5,3.5,1.1,1.4,1.4,1.0,346,311,35,      8715,1.0,5.0,135.0,Verspreide huizen Stavoren
14532,WK190005  ,Súdwest-Fryslân                         ,Wijk      ,WK190005  ,1,2905,1440,1465,425,290,555,820,815,1260,1275,200,170,2685,100,120,2685,50,40,50,75,,,,,1315,415,460,440,2.2,478.0,1381,,202,,341.0,92.0,33.0,19.0,16.0,23.0,8.0,6.0,70.0,30.0,26.0,4.0,99.0,1.0,,,,,,,,,,,,,,,,,,,,,,,,,,,,,,,,,,,,,,,,,,,375,15.0,75.0,35.0,20.0,15.0,90.0,80.0,55.0,1635,1220,420,1.2,269.0,115,1.0,0.9,0.8,0.8,2.5,657,607,49,         .,,5.0,411.0,Wijk 05 IJlst
14533,BU19000500,Súdwest-Fryslân                         ,Buurt     ,BU19000500,1,525,255,265,65,60,65,180,155,210,250,25,35,490,20,15,485,10,15,5,10,,,,,230,75,80,75,2.3,1355.0,244,,53,,405.0,87.0,21.0,15.0,14.0,37.0,13.0,6.0,91.0,9.0,0.0,9.0,99.0,1.0,,,,,,,,,,,,,,,,,,,,,,,,,,,,,,,,,,,,,,,,,,,90,0.0,15.0,10.0,5.0,5.0,30.0,15.0,10.0,305,200,100,1.3,788.0,20,1.1,0.6,0.5,0.5,2.0,46,38,8,      8651,1.0,5.0,440.0,Oud IJlst
14534,BU19000501,Súdwest-Fryslân                         ,Buurt     ,BU19000501,1,1290,635,650,210,125,290,340,325,615,495,105,70,1160,50,80,1160,20,20,30,60,,,,,595,210,185,200,2.2,2163.0,659,,130,,293.0,88.0,35.0,21.0,18.0,14.0,12.0,10.0,50.0,50.0,47.0,3.0,99.0,1.0,,,,,,,,,,,,,,,,,,,,,,,,,,,,,,,,,,,,,,,,,,,150,0.0,40.0,15.0,10.0,5.0,25.0,25.0,25.0,695,545,150,1.2,1172.0,45,0.4,1.0,0.9,0.9,2.0,66,59,7,      8651,1.0,5.0,422.0,Nijezijl-Roodhem
14535,BU19000502,Súdwest-Fryslân                         ,Buurt     ,BU19000502,1,985,485,500,140,90,180,260,315,385,480,60,55,935,30,25,930,20,10,15,10,,,,,440,110,185,150,2.2,2731.0,438,,17,,363.0,100.0,39.0,21.0,16.0,24.0,0.0,1.0,87.0,13.0,12.0,1.0,100.0,0.0,,,,,,,,,,,,,,,,,,,,,,,,,,,,,,,,,,,,,,,,,,,110,5.0,10.0,5.0,5.0,5.0,30.0,35.0,15.0,560,415,145,1.3,1555.0,45,1.7,0.7,0.7,0.7,3.4,40,36,4,      8651,1.0,5.0,390.0,De Rat-Cloosterkamp
14536,BU19000503,Súdwest-Fryslân                         ,Buurt     ,BU19000503,1,110,55,50,15,15,20,35,25,55,40,0,5,105,0,0,105,0,0,0,0,,,,,45,15,15,15,2.2,23.0,40,,2,,508.0,90.0,15.0,3.0,0.0,73.0,10.0,3.0,93.0,8.0,0.0,8.0,98.0,3.0,,,,,,,,,,,,,,,,,,,,,,,,,,,,,,,,,,,,,,,,,,,25,10.0,5.0,0.0,0.0,5.0,5.0,0.0,5.0,75,55,20,,,5,2.7,1.9,1.5,1.9,2.5,504,473,31,      8651,4.0,5.0,216.0,Verspreide huizen IJlst
14537,WK190006  ,Súdwest-Fryslân                         ,Wijk      ,WK190006  ,1,3265,1710,1555,455,450,655,970,740,1490,1415,190,180,2920,105,245,2920,60,65,45,180,,,,,1385,490,430,470,2.3,123.0,1469,,534,,349.0,88.0,13.0,11.0,24.0,40.0,12.0,8.0,71.0,28.0,20.0,8.0,97.0,3.0,,,,,,,,,,,,,,,,,,,,,,,,,,,,,,,,,,,,,,,,,,,590,50.0,130.0,90.0,30.0,30.0,140.0,65.0,50.0,1830,1355,475,1.3,69.0,140,1.7,1.7,0.8,0.9,1.1,3181,2651,529,         .,,5.0,295.0,Wijk 06 Zuid IJlst
14538,BU19000600,Súdwest-Fryslân                         ,Buurt     ,BU19000600,1,2060,1060,995,255,260,430,590,525,885,900,130,145,1775,70,210,1780,40,45,30,165,,,,,905,355,290,260,2.1,1520.0,966,,322,,328.0,86.0,16.0,13.0,27.0,29.0,14.0,9.0,67.0,32.0,24.0,8.0,97.0,3.0,,,,,,,,,,,,,,,,,,,,,,,,,,,,,,,,,,,,,,,,,,,300,5.0,65.0,50.0,20.0,15.0,75.0,40.0,35.0,1135,845,290,1.3,840.0,80,0.5,0.6,0.4,0.5,1.0,165,135,29,      8621,1.0,5.0,392.0,Heeg
14539,BU19000602,Súdwest-Fryslân                         ,Buurt     ,BU19000602,1,590,315,270,95,105,110,180,100,275,260,35,15,545,25,10,550,15,10,10,5,,,,,235,70,75,90,2.4,487.0,251,,15,,313.0,92.0,10.0,10.0,20.0,53.0,8.0,3.0,76.0,24.0,15.0,9.0,98.0,2.0,,,,,,,,,,,,,,,,,,,,,,,,,,,,,,,,,,,,,,,,,,,100,10.0,25.0,10.0,5.0,0.0,20.0,15.0,10.0,335,255,75,1.4,276.0,35,4.4,4.4,1.1,1.0,1.0,121,121,1,      8622,1.0,5.0,70.0,Hommerts
14540,BU19000603,Súdwest-Fryslân                         ,Buurt     ,BU19000603,1,245,135,110,35,30,45,75,50,115,105,10,10,230,5,5,235,5,5,0,5,,,,,105,35,35,40,2.3,576.0,108,,2,,332.0,100.0,6.0,7.0,32.0,55.0,0.0,3.0,77.0,23.0,20.0,3.0,98.0,2.0,,,,,,,,,,,,,,,,,,,,,,,,,,,,,,,,,,,,,,,,,,,40,5.0,10.0,5.0,5.0,5.0,5.0,0.0,0.0,155,115,40,1.5,372.0,15,4.3,3.3,1.4,2.4,2.0,44,42,2,      8623,1.0,5.0,51.0,Jutrijp
14541,BU19000607,Súdwest-Fryslân                         ,Buurt     ,BU19000607,1,305,165,145,55,45,55,100,45,170,120,10,5,290,5,10,290,0,10,0,5,,,,,110,25,25,60,2.9,31.0,115,,193,,571.0,87.0,1.0,2.0,5.0,79.0,13.0,13.0,83.0,17.0,0.0,17.0,89.0,11.0,,,,,,,,,,,,,,,,,,,,,,,,,,,,,,,,,,,,,,,,,,,140,20.0,35.0,20.0,5.0,10.0,35.0,5.0,10.0,190,130,65,1.8,19.0,15,1.8,2.0,1.8,1.9,1.6,1357,994,363,      8621,1.0,5.0,199.0,Verspreide huizen Heeg
14542,BU19000608,Súdwest-Fryslân                         ,Buurt     ,BU19000608,1,45,25,25,10,5,10,10,10,25,15,0,0,40,5,0,45,0,0,0,5,,,,,15,5,5,10,2.8,5.0,17,,1,,,,,,,,,,,,,,,,,,,,,,,,,,,,,,,,,,,,,,,,,,,,,,,,,,,,,,,,,,10,,,,,,,,,10,5,5,,,0,5.7,5.4,3.1,3.0,0.6,930,878,52,      8622,1.0,5.0,20.0,Verspreide huizen Hommerts
14543,BU19000609,Súdwest-Fryslân                         ,Buurt     ,BU19000609,1,30,15,10,5,5,0,15,5,10,15,0,0,25,0,0,30,0,0,0,0,,,,,10,0,5,5,2.5,6.0,12,,1,,,,,,,,,,,,,,,,,,,,,,,,,,,,,,,,,,,,,,,,,,,,,,,,,,,,,,,,,,0,,,,,,,,,5,5,0,,,0,4.0,2.9,2.3,2.4,1.8,564,481,82,      8623,1.0,5.0,27.0,Verspreide huizen Jutrijp
14544,WK190007  ,Súdwest-Fryslân                         ,Wijk      ,WK190007  ,1,2130,1105,1020,320,250,410,655,500,940,970,125,90,1970,60,95,1970,35,55,25,45,,,,,910,265,315,325,2.3,182.0,934,,48,,356.0,96.0,14.0,10.0,26.0,45.0,4.0,4.0,82.0,18.0,15.0,3.0,99.0,1.0,,,,,,,,,,,,,,,,,,,,,,,,,,,,,,,,,,,,,,,,,,,270,25.0,40.0,40.0,10.0,15.0,65.0,40.0,25.0,1260,925,335,1.4,108.0,130,4.1,1.3,0.8,0.7,1.3,1189,1167,21,         .,,5.0,188.0,Wijk 07 Oost IJlst
14545,BU19000700,Súdwest-Fryslân                         ,Buurt     ,BU19000700,1,1420,740,680,225,155,280,420,335,625,645,90,60,1300,45,75,1300,35,40,15,35,,,,,610,190,205,215,2.3,1493.0,633,,31,,341.0,97.0,18.0,14.0,29.0,36.0,3.0,3.0,78.0,22.0,19.0,3.0,100.0,0.0,,,,,,,,,,,,,,,,,,,,,,,,,,,,,,,,,,,,,,,,,,,140,0.0,20.0,25.0,5.0,5.0,45.0,25.0,15.0,810,610,195,1.3,850.0,85,3.6,0.6,0.6,0.6,1.3,100,95,5,      8629,1.0,5.0,236.0,Scharnegoutum
14546,BU19000701,Súdwest-Fryslân                         ,Buurt     ,BU19000701,1,170,85,85,25,20,25,50,45,70,80,0,10,165,0,5,165,0,5,0,0,,,,,70,20,25,25,2.3,643.0,72,,3,,356.0,97.0,1.0,3.0,31.0,63.0,3.0,4.0,97.0,3.0,0.0,3.0,100.0,0.0,,,,,,,,,,,,,,,,,,,,,,,,,,,,,,,,,,,,,,,,,,,30,0.0,5.0,0.0,0.0,5.0,10.0,5.0,0.0,115,80,35,1.6,444.0,15,3.9,1.5,1.6,1.6,2.0,27,26,0,      8628,1.0,5.0,80.0,Goënga
14547,BU19000702,Súdwest-Fryslân                         ,Buurt     ,BU19000702,1,320,155,160,40,45,55,110,70,135,150,20,10,305,10,10,300,0,5,10,5,,,,,140,40,55,45,2.3,899.0,140,,5,,339.0,94.0,6.0,4.0,29.0,55.0,6.0,2.0,87.0,13.0,11.0,1.0,100.0,0.0,,,,,,,,,,,,,,,,,,,,,,,,,,,,,,,,,,,,,,,,,,,40,5.0,5.0,5.0,5.0,0.0,10.0,5.0,5.0,205,155,50,1.5,579.0,10,6.1,3.6,0.8,0.3,1.0,36,35,1,      8627,1.0,5.0,69.0,Gauw
14548,BU19000706,Súdwest-Fryslân                         ,Buurt     ,BU19000706,1,140,80,60,20,15,30,50,30,70,60,5,5,130,0,5,130,0,5,5,0,,,,,55,15,25,20,2.5,25.0,59,,8,,448.0,92.0,2.0,3.0,7.0,80.0,8.0,7.0,86.0,14.0,0.0,14.0,98.0,2.0,,,,,,,,,,,,,,,,,,,,,,,,,,,,,,,,,,,,,,,,,,,45,10.0,5.0,10.0,0.0,5.0,5.0,0.0,5.0,85,50,35,1.5,15.0,15,3.9,1.5,1.4,1.6,1.0,576,571,5,      8629,1.0,5.0,149.0,Verspreide huizen Scharnegoutum
14549,BU19000707,Súdwest-Fryslân                         ,Buurt     ,BU19000707,1,70,40,30,15,10,10,25,10,30,30,5,5,65,0,0,65,0,0,0,0,,,,,25,5,5,15,2.9,22.0,25,,1,,576.0,84.0,0.0,0.0,0.0,84.0,16.0,4.0,92.0,8.0,0.0,8.0,100.0,0.0,,,,,,,,,,,,,,,,,,,,,,,,,,,,,,,,,,,,,,,,,,,15,,,,,,,,,50,30,20,,,10,4.6,2.3,1.7,1.4,1.7,325,317,8,      8628,1.0,5.0,58.0,Verspreide huizen Goënga
14550,BU19000708,Súdwest-Fryslân                         ,Buurt     ,BU19000708,1,10,10,5,0,0,0,5,5,5,5,5,0,15,0,5,10,0,0,0,5,,,,,10,0,0,5,2.0,10.0,5,,0,,,,,,,,,,,,,,,,,,,,,,,,,,,,,,,,,,,,,,,,,,,,,,,,,,,,,,,,,,0,,,,,,,,,0,0,0,,,0,6.2,3.6,0.7,0.2,1.0,125,122,3,      8627,1.0,5.0,81.0,Verspreide huizen Gauw
14551,WK190008  ,Súdwest-Fryslân                         ,Wijk      ,WK190008  ,1,1070,560,505,165,135,185,330,250,485,460,60,60,995,40,30,995,20,10,25,15,,,,,465,170,145,150,2.3,64.0,505,,201,,338.0,93.0,9.0,10.0,24.0,49.0,7.0,12.0,79.0,21.0,13.0,8.0,93.0,7.0,,,,,,,,,,,,,,,,,,,,,,,,,,,,,,,,,,,,,,,,,,,215,40.0,40.0,35.0,15.0,5.0,35.0,20.0,25.0,610,460,150,1.3,37.0,50,5.3,3.2,1.7,1.7,0.7,2335,1657,679,         .,,5.0,87.0,Wijk 08 West IJlst
14552,BU19000800,Súdwest-Fryslân                         ,Buurt     ,BU19000800,1,610,330,285,100,65,110,185,145,275,245,45,35,560,25,20,560,15,5,15,10,,,,,280,120,80,85,2.2,793.0,289,,60,,302.0,95.0,13.0,15.0,28.0,39.0,5.0,7.0,76.0,24.0,20.0,3.0,92.0,8.0,,,,,,,,,,,,,,,,,,,,,,,,,,,,,,,,,,,,,,,,,,,100,10.0,20.0,15.0,10.0,5.0,20.0,15.0,10.0,360,275,85,1.3,470.0,25,5.2,4.2,0.4,0.4,1.0,81,77,4,      8614,1.0,5.0,112.0,Oudega
14553,BU19000801,Súdwest-Fryslân                         ,Buurt     ,BU19000801,1,200,95,100,25,15,40,55,65,85,90,5,15,180,10,5,185,5,0,5,5,,,,,95,35,40,20,2.1,731.0,108,,50,,341.0,94.0,4.0,10.0,31.0,49.0,6.0,13.0,83.0,17.0,6.0,11.0,93.0,7.0,,,,,,,,,,,,,,,,,,,,,,,,,,,,,,,,,,,,,,,,,,,45,5.0,5.0,10.0,0.0,0.0,10.0,0.0,5.0,120,90,30,1.3,443.0,15,5.1,0.2,4.4,4.4,0.0,31,27,3,      8611,1.0,5.0,79.0,Gaastmeer
14554,BU19000802,Súdwest-Fryslân                         ,Buurt     ,BU19000802,1,30,10,10,0,5,5,5,0,15,10,0,0,25,0,0,25,0,0,0,5,,,,,10,0,0,5,3.4,7.0,8,,0,,,,,,,,,,,,,,,,,,,,,,,,,,,,,,,,,,,,,,,,,,,,,,,,,,,,,,,,,,5,,,,,,,,,10,5,5,,,0,7.0,3.4,2.7,2.7,0.6,510,399,111,      8612,2.0,5.0,7.0,Idzega
14555,BU19000804,Súdwest-Fryslân                         ,Buurt     ,BU19000804,1,25,10,10,5,0,5,0,5,10,10,0,0,25,0,0,25,0,0,0,0,,,,,5,0,0,5,3.4,18.0,11,,1,,,,,,,,,,,,,,,,,,,,,,,,,,,,,,,,,,,,,,,,,,,,,,,,,,,,,,,,,,5,,,,,,,,,10,10,0,,,0,7.8,4.9,3.0,3.0,0.6,317,135,182,      8613,1.0,5.0,5.0,Sandfirden
14556,BU19000808,Súdwest-Fryslân                         ,Buurt     ,BU19000808,1,135,70,70,20,30,20,50,20,65,60,5,5,135,0,0,135,0,5,0,0,,,,,45,10,15,25,3.0,24.0,51,,12,,471.0,90.0,6.0,0.0,8.0,75.0,10.0,20.0,86.0,12.0,0.0,12.0,94.0,6.0,,,,,,,,,,,,,,,,,,,,,,,,,,,,,,,,,,,,,,,,,,,40,10.0,10.0,5.0,0.0,0.0,5.0,5.0,0.0,65,50,15,,,5,4.9,3.6,1.8,1.8,1.1,759,563,196,      8614,1.0,5.0,39.0,Verspreide huizen Oudega
14557,BU19000809,Súdwest-Fryslân                         ,Buurt     ,BU19000809,1,70,40,30,5,20,10,30,15,35,35,5,5,65,5,5,70,5,0,5,0,,,,,25,10,5,15,2.6,16.0,38,,78,,389.0,74.0,0.0,0.0,8.0,63.0,26.0,34.0,82.0,18.0,0.0,18.0,100.0,0.0,,,,,,,,,,,,,,,,,,,,,,,,,,,,,,,,,,,,,,,,,,,20,,,,,,,,,40,25,15,,,5,6.3,2.0,4.7,4.7,0.1,638,457,181,      8611,1.0,5.0,65.0,Verspreide huizen Gaastmeer
14558,WK190009  ,Súdwest-Fryslân                         ,Wijk      ,WK190009  ,1,1610,825,780,265,190,300,440,410,755,670,90,100,1500,65,45,1500,35,25,25,15,,,,,655,190,220,240,2.4,60.0,712,,49,,375.0,90.0,6.0,6.0,21.0,57.0,10.0,6.0,79.0,21.0,15.0,6.0,95.0,5.0,,,,,,,,,,,,,,,,,,,,,,,,,,,,,,,,,,,,,,,,,,,250,55.0,45.0,30.0,10.0,10.0,50.0,25.0,25.0,880,635,245,1.3,33.0,110,5.2,5.7,1.9,1.8,1.1,2826,2671,155,         .,,5.0,76.0,Wijk 09 Oosthem
14559,BU19000900,Súdwest-Fryslân                         ,Buurt     ,BU19000900,1,305,160,140,45,30,50,90,95,115,145,25,15,280,10,15,280,10,10,0,5,,,,,140,45,50,40,2.2,1123.0,144,,4,,362.0,96.0,6.0,8.0,31.0,50.0,4.0,5.0,79.0,21.0,15.0,6.0,91.0,9.0,,,,,,,,,,,,,,,,,,,,,,,,,,,,,,,,,,,,,,,,,,,40,5.0,10.0,5.0,0.0,0.0,10.0,5.0,5.0,180,125,55,1.3,664.0,20,1.7,2.6,2.5,2.5,2.0,29,27,2,      8618,1.0,5.0,89.0,Oosthem
14560,BU19000901,Súdwest-Fryslân                         ,Buurt     ,BU19000901,1,590,290,305,95,70,125,145,155,290,235,25,45,565,15,15,565,5,10,10,5,,,,,240,80,75,90,2.4,344.0,279,,11,,331.0,82.0,11.0,9.0,23.0,39.0,18.0,5.0,66.0,34.0,32.0,3.0,95.0,5.0,,,,,,,,,,,,,,,,,,,,,,,,,,,,,,,,,,,,,,,,,,,65,5.0,15.0,10.0,5.0,0.0,10.0,15.0,5.0,335,265,70,1.4,193.0,40,7.5,7.4,0.3,0.3,1.0,173,172,1,      8615,1.0,5.0,97.0,Blauwhuis
14561,BU19000902,Súdwest-Fryslân                         ,Buurt     ,BU19000902,1,75,40,35,10,15,10,20,20,30,35,10,0,70,0,0,75,0,0,0,0,,,,,30,5,15,10,2.5,27.0,33,,4,,411.0,94.0,3.0,6.0,12.0,73.0,6.0,9.0,85.0,15.0,0.0,15.0,94.0,6.0,,,,,,,,,,,,,,,,,,,,,,,,,,,,,,,,,,,,,,,,,,,15,,,,,,,,,40,30,15,,,5,6.2,7.2,1.4,1.4,1.4,317,273,44,      8616,1.0,5.0,35.0,Westhem
14562,BU19000903,Súdwest-Fryslân                         ,Buurt     ,BU19000903,1,120,60,55,25,15,25,35,15,55,40,10,10,105,10,0,105,10,5,5,0,,,,,45,10,15,20,2.5,501.0,47,,2,,396.0,100.0,0.0,0.0,26.0,74.0,0.0,2.0,96.0,4.0,0.0,4.0,96.0,4.0,,,,,,,,,,,,,,,,,,,,,,,,,,,,,,,,,,,,,,,,,,,15,,,,,,,,,75,50,25,,,10,4.6,5.7,4.4,4.4,0.0,24,23,1,      8617,1.0,5.0,26.0,Abbega
14563,BU19000904,Súdwest-Fryslân                         ,Buurt     ,BU19000904,1,65,30,30,20,10,10,15,5,40,20,5,0,60,0,0,65,0,0,0,0,,,,,20,10,5,10,3.0,355.0,20,,4,,378.0,100.0,0.0,0.0,30.0,70.0,0.0,5.0,95.0,5.0,5.0,0.0,100.0,0.0,,,,,,,,,,,,,,,,,,,,,,,,,,,,,,,,,,,,,,,,,,,15,,,,,,,,,35,25,5,,,10,6.5,6.7,2.0,2.0,1.0,18,18,0,      8774,1.0,5.0,16.0,Wolsum
14564,BU19000905,Súdwest-Fryslân                         ,Buurt     ,BU19000905,1,35,15,20,5,0,5,10,10,15,20,0,0,25,5,0,30,0,0,5,0,,,,,15,0,5,0,2.4,102.0,16,,5,,,,,,,,,,,,,,,,,,,,,,,,,,,,,,,,,,,,,,,,,,,,,,,,,,,,,,,,,,5,,,,,,,,,15,10,5,,,0,8.5,8.3,1.1,1.0,1.0,33,32,1,      8658,1.0,5.0,33.0,Greonterp
14565,BU19000906,Súdwest-Fryslân                         ,Buurt     ,BU19000906,1,60,30,30,20,5,10,15,5,30,25,5,0,60,0,0,55,0,0,0,0,,,,,15,0,0,15,3.6,14.0,17,,3,,,,,,,,,,,,,,,,,,,,,,,,,,,,,,,,,,,,,,,,,,,,,,,,,,,,,,,,,,20,,,,,,,,,20,10,10,,,5,9.4,9.2,2.1,2.0,0.8,412,410,3,      8658,2.0,5.0,34.0,Verspreide huizen-Greonterp
14566,BU19000907,Súdwest-Fryslân                         ,Buurt     ,BU19000907,1,165,85,80,20,20,35,50,50,70,70,10,10,160,5,0,155,5,5,0,5,,,,,70,20,20,30,2.3,22.0,74,,6,,428.0,91.0,3.0,5.0,8.0,74.0,9.0,4.0,91.0,9.0,0.0,9.0,91.0,9.0,,,,,,,,,,,,,,,,,,,,,,,,,,,,,,,,,,,,,,,,,,,35,10.0,5.0,0.0,0.0,5.0,10.0,0.0,0.0,95,65,30,1.3,13.0,10,1.6,2.6,2.5,2.5,1.3,810,741,69,      8618,2.0,5.0,132.0,Verspreide huizen-Oosthem
14567,BU19000908,Súdwest-Fryslân                         ,Buurt     ,BU19000908,1,120,60,55,15,15,20,35,35,55,45,5,10,100,15,0,100,5,0,10,0,,,,,50,15,15,20,2.3,23.0,52,,4,,450.0,92.0,0.0,0.0,12.0,81.0,8.0,8.0,83.0,17.0,0.0,17.0,100.0,0.0,,,,,,,,,,,,,,,,,,,,,,,,,,,,,,,,,,,,,,,,,,,25,15.0,5.0,0.0,0.0,0.0,0.0,0.0,0.0,45,30,15,0.9,9.0,5,4.3,5.3,4.2,4.2,0.1,527,504,23,      8617,2.0,5.0,18.0,Verspreide huizen Abbega
14568,BU19000909,Súdwest-Fryslân                         ,Buurt     ,BU19000909,1,80,50,40,20,15,10,25,15,45,30,0,0,75,0,5,75,5,5,0,0,,,,,25,5,10,15,3.2,17.0,30,,6,,443.0,100.0,0.0,0.0,7.0,93.0,0.0,17.0,93.0,7.0,0.0,7.0,97.0,3.0,,,,,,,,,,,,,,,,,,,,,,,,,,,,,,,,,,,,,,,,,,,20,,,,,,,,,35,25,10,,,0,5.6,5.8,2.5,2.5,0.9,483,471,12,      8774,1.0,5.0,18.0,Verspreide huizen Wolsum
14569,WK190010  ,Súdwest-Fryslân                         ,Wijk      ,WK190010  ,1,1490,790,705,220,215,290,465,300,685,655,95,60,1420,35,40,1415,25,25,10,15,,,,,605,160,210,240,2.5,77.0,614,,36,,351.0,98.0,10.0,10.0,28.0,50.0,2.0,3.0,83.0,17.0,14.0,3.0,97.0,3.0,,,,,,,,,,,,,,,,,,,,,,,,,,,,,,,,,,,,,,,,,,,220,35.0,40.0,25.0,10.0,10.0,50.0,40.0,15.0,930,665,265,1.5,48.0,145,3.9,4.0,1.4,1.4,0.9,1943,1928,15,         .,,5.0,87.0,Wijk 10 Noordwest IJlst
14570,BU19001000,Súdwest-Fryslân                         ,Buurt     ,BU19001000,1,120,60,65,25,15,25,30,30,60,50,5,5,115,0,0,115,0,0,0,0,,,,,50,15,15,20,2.4,487.0,52,,4,,379.0,92.0,6.0,10.0,27.0,50.0,8.0,6.0,90.0,8.0,0.0,8.0,90.0,10.0,,,,,,,,,,,,,,,,,,,,,,,,,,,,,,,,,,,,,,,,,,,20,,,,,,,,,85,60,25,,,20,5.0,4.2,3.0,3.0,0.4,26,25,1,      8632,1.0,5.0,25.0,Tirns
14571,BU19001001,Súdwest-Fryslân                         ,Buurt     ,BU19001001,1,745,395,350,120,100,155,225,140,345,305,70,25,700,25,25,695,15,15,5,10,,,,,320,95,115,115,2.3,1645.0,323,,14,,302.0,98.0,15.0,15.0,32.0,37.0,2.0,2.0,76.0,24.0,21.0,2.0,98.0,2.0,,,,,,,,,,,,,,,,,,,,,,,,,,,,,,,,,,,,,,,,,,,80,5.0,15.0,10.0,5.0,0.0,15.0,20.0,10.0,480,355,125,1.5,1056.0,85,3.4,3.6,0.3,0.3,1.0,46,45,0,      8771,1.0,5.0,118.0,Nijland
14572,BU19001002,Súdwest-Fryslân                         ,Buurt     ,BU19001002,1,330,170,160,40,45,60,105,80,140,155,20,15,320,5,10,315,0,5,0,5,,,,,135,35,45,55,2.5,86.0,135,,4,,351.0,100.0,7.0,7.0,34.0,53.0,0.0,3.0,88.0,12.0,10.0,1.0,95.0,5.0,,,,,,,,,,,,,,,,,,,,,,,,,,,,,,,,,,,,,,,,,,,55,5.0,10.0,10.0,0.0,0.0,15.0,10.0,5.0,215,155,60,1.6,56.0,15,4.3,4.5,2.7,2.7,1.0,383,381,2,      8773,1.0,5.0,68.0,Folsgare
14573,BU19001003,Súdwest-Fryslân                         ,Buurt     ,BU19001003,1,15,10,10,0,0,0,10,5,5,10,0,0,15,0,5,15,0,0,0,5,,,,,5,5,5,5,2.1,16.0,8,,0,,,,,,,,,,,,,,,,,,,,,,,,,,,,,,,,,,,,,,,,,,,,,,,,,,,,,,,,,,5,,,,,,,,,20,15,5,,,5,4.0,4.0,2.2,2.2,1.5,96,95,1,      8772,1.0,5.0,6.0,Tjalhuizum
14574,BU19001007,Súdwest-Fryslân                         ,Buurt     ,BU19001007,1,60,30,25,5,10,10,20,15,25,30,5,5,60,0,0,60,0,0,0,0,,,,,20,5,10,10,2.6,13.0,23,,1,,490.0,91.0,0.0,0.0,0.0,91.0,9.0,0.0,100.0,0.0,0.0,0.0,96.0,4.0,,,,,,,,,,,,,,,,,,,,,,,,,,,,,,,,,,,,,,,,,,,15,,,,,,,,,30,20,10,,,0,5.5,4.7,3.5,3.5,0.3,452,447,5,      8632,1.0,5.0,26.0,Verspreide huizen Tirns
14575,BU19001008,Súdwest-Fryslân                         ,Buurt     ,BU19001008,1,225,125,100,35,40,35,75,35,110,100,10,10,210,5,5,215,5,5,0,5,,,,,75,10,25,40,3.0,24.0,73,,13,,499.0,97.0,0.0,0.0,5.0,92.0,3.0,0.0,92.0,8.0,0.0,8.0,100.0,0.0,,,,,,,,,,,,,,,,,,,,,,,,,,,,,,,,,,,,,,,,,,,50,15.0,5.0,5.0,5.0,0.0,15.0,5.0,0.0,105,65,40,1.4,11.0,15,4.1,4.3,1.7,1.7,1.0,940,936,5,      8771,1.0,5.0,62.0,Verspreide huizen Nijland
14576,WK190011  ,Súdwest-Fryslân                         ,Wijk      ,WK190011  ,1,1440,730,710,170,170,235,440,430,595,650,115,85,1330,45,65,1330,25,35,15,30,,,,,655,220,245,195,2.2,174.0,687,,63,,397.0,96.0,13.0,12.0,27.0,44.0,4.0,8.0,75.0,25.0,20.0,5.0,97.0,3.0,,,,,,,,,,,,,,,,,,,,,,,,,,,,,,,,,,,,,,,,,,,245,15.0,45.0,30.0,10.0,15.0,55.0,45.0,30.0,860,620,240,1.3,104.0,100,3.5,3.4,0.8,0.8,1.0,1010,826,184,         .,,5.0,159.0,Wijk 11 Zuidoost IJlst
14577,BU19001100,Súdwest-Fryslân                         ,Buurt     ,BU19001100,1,1040,525,515,125,130,175,315,295,430,490,75,50,950,35,55,950,20,30,15,25,,,,,460,145,170,150,2.2,1513.0,476,,16,,356.0,97.0,16.0,15.0,25.0,42.0,3.0,4.0,70.0,29.0,26.0,3.0,96.0,4.0,,,,,,,,,,,,,,,,,,,,,,,,,,,,,,,,,,,,,,,,,,,140,5.0,20.0,15.0,5.0,10.0,25.0,30.0,25.0,580,435,145,1.3,847.0,70,3.2,3.0,0.5,0.5,1.0,74,69,5,      8625,1.0,5.0,192.0,Oppenhuizen
14578,BU19001101,Súdwest-Fryslân                         ,Buurt     ,BU19001101,1,345,175,170,40,30,45,110,125,135,145,35,30,330,5,15,330,5,5,5,5,,,,,175,65,70,40,2.0,507.0,187,,20,,498.0,96.0,6.0,6.0,36.0,48.0,4.0,16.0,86.0,14.0,6.0,7.0,98.0,2.0,,,,,,,,,,,,,,,,,,,,,,,,,,,,,,,,,,,,,,,,,,,70,0.0,15.0,5.0,0.0,5.0,25.0,10.0,5.0,215,145,70,1.2,317.0,25,4.5,4.4,1.6,1.6,1.0,82,68,14,      8624,1.0,5.0,104.0,Uitwellingerga
14579,BU19001108,Súdwest-Fryslân                         ,Buurt     ,BU19001108,1,10,5,5,0,0,0,5,5,0,5,0,0,10,0,0,5,0,0,0,0,,,,,5,0,5,0,2.0,3.0,5,,1,,,,,,,,,,,,,,,,,,,,,,,,,,,,,,,,,,,,,,,,,,,,,,,,,,,,,,,,,,5,,,,,,,,,5,0,5,,,0,5.4,5.2,2.6,2.6,1.0,372,319,53,      8625,2.0,5.0,56.0,Verspreide huizen Oppenhuizen
14580,BU19001109,Súdwest-Fryslân                         ,Buurt     ,BU19001109,1,45,25,20,10,10,10,10,5,25,10,5,0,45,0,0,45,0,0,0,0,,,,,15,5,5,10,2.9,12.0,19,,26,,,,,,,,,,,,,,,,,,,,,,,,,,,,,,,,,,,,,,,,,,,,,,,,,,,,,,,,,,30,5.0,5.0,5.0,5.0,0.0,5.0,5.0,0.0,55,30,20,,,10,5.1,5.0,2.6,2.6,0.7,481,369,112,      8624,1.0,5.0,64.0,Verspreide huizen
14581,WK190012  ,Súdwest-Fryslân                         ,Wijk      ,WK190012  ,1,1650,830,815,235,180,315,520,405,720,735,120,80,1515,70,65,1515,30,35,40,30,,,,,735,235,265,240,2.2,75.0,868,,213,,395.0,95.0,14.0,12.0,18.0,51.0,5.0,17.0,78.0,21.0,11.0,10.0,99.0,1.0,,,,,,,,,,,,,,,,,,,,,,,,,,,,,,,,,,,,,,,,,,,325,40.0,60.0,40.0,15.0,15.0,65.0,45.0,45.0,1000,720,275,1.4,45.0,115,7.4,0.8,0.8,0.8,1.0,3138,2208,929,         .,,5.0,245.0,Wijk 12 Woudsend
14582,BU19001200,Súdwest-Fryslân                         ,Buurt     ,BU19001200,1,1345,680,670,190,145,260,420,330,590,590,105,65,1235,65,50,1235,25,25,35,30,,,,,620,210,220,190,2.2,1186.0,657,,97,,351.0,93.0,18.0,16.0,23.0,36.0,7.0,7.0,77.0,23.0,14.0,9.0,100.0,0.0,,,,,,,,,,,,,,,,,,,,,,,,,,,,,,,,,,,,,,,,,,,235,5.0,40.0,35.0,15.0,10.0,50.0,40.0,35.0,815,610,205,1.3,718.0,95,7.4,0.4,0.5,0.5,1.0,130,113,17,      8551,1.0,5.0,281.0,Woudsend
14583,BU19001201,Súdwest-Fryslân                         ,Buurt     ,BU19001201,1,110,55,55,10,10,15,45,40,30,70,10,5,100,5,10,100,0,5,0,0,,,,,50,15,20,15,2.2,28.0,143,,71,,512.0,100.0,0.0,0.0,1.0,99.0,0.0,66.0,82.0,13.0,0.0,13.0,100.0,0.0,,,,,,,,,,,,,,,,,,,,,,,,,,,,,,,,,,,,,,,,,,,20,,,,,,,,,85,45,35,1.6,21.0,10,7.7,1.5,1.6,1.6,0.8,791,394,397,      8553,2.0,5.0,207.0,Indijk
14584,BU19001202,Súdwest-Fryslân                         ,Buurt     ,BU19001202,1,50,20,25,15,5,5,15,5,25,15,5,5,45,0,0,45,0,0,0,0,,,,,15,5,0,10,3.1,9.0,15,,1,,,,,,,,,,,,,,,,,,,,,,,,,,,,,,,,,,,,,,,,,,,,,,,,,,,,,,,,,,10,,,,,,,,,35,20,15,,,5,5.2,2.2,2.3,2.3,0.7,760,499,261,      8554,1.0,5.0,25.0,IJpecolsga
14585,BU19001203,Súdwest-Fryslân                         ,Buurt     ,BU19001203,1,20,10,10,5,5,0,5,0,10,10,5,0,20,0,0,20,0,0,5,0,,,,,10,5,0,5,2.9,26.0,5,,0,,,,,,,,,,,,,,,,,,,,,,,,,,,,,,,,,,,,,,,,,,,,,,,,,,,,,,,,,,10,,,,,,,,,10,5,5,,,0,7.5,4.3,4.2,4.2,0.0,100,89,11,      8552,1.0,5.0,7.0,Smallebrugge
14586,BU19001204,Súdwest-Fryslân                         ,Buurt     ,BU19001204,1,75,40,40,15,10,20,20,10,45,30,0,0,75,0,0,75,0,5,0,5,,,,,25,5,5,15,3.2,31.0,26,,33,,474.0,100.0,0.0,0.0,0.0,100.0,0.0,12.0,88.0,12.0,0.0,12.0,96.0,4.0,,,,,,,,,,,,,,,,,,,,,,,,,,,,,,,,,,,,,,,,,,,25,20.0,5.0,0.0,0.0,0.0,0.0,0.0,0.0,45,30,15,,,5,6.8,3.0,2.6,2.6,0.9,250,243,7,      8529,6.0,5.0,75.0,Koufurderrige
14587,BU19001208,Súdwest-Fryslân                         ,Buurt     ,BU19001208,1,0,0,0,0,0,0,0,0,0,0,0,0,0,0,0,0,0,0,0,0,,,,,0,0,0,0,,,0,,0,,,,,,,,,,,,,,,,,,,,,,,,,,,,,,,,,,,,,,,,,,,,,,,,,,,,,,,,,,0,,,,,,,,,0,0,0,,,0,,,,,,48,41,7,         .,,,,Verspreide huizen Woudsend
14588,BU19001209,Súdwest-Fryslân                         ,Buurt     ,BU19001209,1,45,25,20,5,0,10,20,10,20,20,0,0,40,0,0,45,0,0,5,0,,,,,20,5,5,5,2.6,5.0,22,,11,,715.0,100.0,0.0,0.0,5.0,95.0,0.0,23.0,68.0,27.0,0.0,27.0,100.0,0.0,,,,,,,,,,,,,,,,,,,,,,,,,,,,,,,,,,,,,,,,,,,20,,,,,,,,,15,10,5,,,0,8.1,2.6,2.6,2.6,0.8,1059,828,231,      8551,4.0,5.0,156.0,Verspreide huizen Koufurderrige
14589,WK190013  ,Súdwest-Fryslân                         ,Wijk      ,WK190013  ,1,3985,2045,1935,575,430,815,1155,1010,1785,1660,305,235,3680,165,135,3680,70,70,100,60,,,,,1800,650,590,565,2.2,92.0,1875,,253,,295.0,94.0,15.0,13.0,20.0,46.0,6.0,5.0,76.0,24.0,18.0,6.0,97.0,3.0,,,,,,,,,,,,,,,,,,,,,,,,,,,,,,,,,,,,,,,,,,,595,120.0,110.0,65.0,30.0,15.0,110.0,75.0,65.0,2380,1725,655,1.3,55.0,285,2.4,1.3,0.9,1.3,1.6,4384,4328,56,         .,,5.0,178.0,Wijk 13 Bouwhoek
14590,BU19001300,Súdwest-Fryslân                         ,Buurt     ,BU19001300,1,1640,825,815,260,170,330,400,480,710,685,120,130,1530,55,50,1535,25,30,35,25,,,,,745,280,235,235,2.1,1159.0,798,,140,,263.0,89.0,17.0,14.0,21.0,36.0,11.0,5.0,67.0,33.0,28.0,5.0,98.0,2.0,,,,,,,,,,,,,,,,,,,,,,,,,,,,,,,,,,,,,,,,,,,170,15.0,30.0,25.0,5.0,10.0,35.0,30.0,25.0,930,710,220,1.2,658.0,95,0.6,0.5,0.3,0.4,2.0,146,142,5,      8748,1.0,5.0,281.0,Witmarsum
14591,BU19001301,Súdwest-Fryslân                         ,Buurt     ,BU19001301,1,450,225,220,65,40,95,145,100,205,175,45,20,400,20,25,400,10,15,10,10,,,,,215,75,70,65,2.1,1492.0,219,,26,,262.0,96.0,12.0,15.0,23.0,46.0,4.0,5.0,85.0,15.0,8.0,7.0,100.0,0.0,,,,,,,,,,,,,,,,,,,,,,,,,,,,,,,,,,,,,,,,,,,75,0.0,10.0,10.0,5.0,0.0,20.0,15.0,15.0,285,180,105,1.3,950.0,50,3.1,2.8,2.9,2.9,1.6,30,30,0,      8749,1.0,5.0,81.0,Pingjum
14592,BU19001302,Súdwest-Fryslân                         ,Buurt     ,BU19001302,1,420,215,210,40,25,60,155,140,160,185,50,35,375,20,25,380,10,10,15,10,,,,,230,100,80,45,1.9,827.0,235,,12,,273.0,100.0,21.0,13.0,24.0,42.0,0.0,4.0,79.0,21.0,16.0,5.0,100.0,0.0,,,,,,,,,,,,,,,,,,,,,,,,,,,,,,,,,,,,,,,,,,,70,10.0,15.0,5.0,5.0,0.0,15.0,10.0,5.0,280,205,75,1.2,545.0,45,3.0,3.1,0.3,3.1,0.2,53,51,1,      8821,1.0,5.0,84.0,Kimswerd
14593,BU19001303,Súdwest-Fryslân                         ,Buurt     ,BU19001303,1,865,455,410,115,110,215,255,170,435,340,55,35,800,45,15,800,15,10,35,10,,,,,400,145,115,130,2.2,710.0,398,,26,,287.0,96.0,16.0,16.0,24.0,40.0,4.0,5.0,78.0,22.0,12.0,10.0,94.0,6.0,,,,,,,,,,,,,,,,,,,,,,,,,,,,,,,,,,,,,,,,,,,125,25.0,35.0,10.0,10.0,5.0,20.0,10.0,10.0,550,420,135,1.4,452.0,50,4.5,0.4,0.4,0.3,1.7,125,122,3,      8822,1.0,5.0,139.0,Arum
14594,BU19001306,Súdwest-Fryslân                         ,Buurt     ,BU19001306,1,175,90,90,30,30,30,60,30,75,90,10,0,170,5,0,170,0,0,5,0,,,,,55,5,25,30,3.2,16.0,59,,20,,507.0,100.0,0.0,0.0,3.0,97.0,0.0,5.0,97.0,3.0,0.0,3.0,95.0,5.0,,,,,,,,,,,,,,,,,,,,,,,,,,,,,,,,,,,,,,,,,,,40,25.0,5.0,5.0,0.0,0.0,5.0,0.0,0.0,90,60,30,1.6,8.0,15,2.2,1.9,1.7,2.0,1.9,1132,1121,11,      8748,1.0,5.0,77.0,Verspreide huizen Witmarsum
14595,BU19001307,Súdwest-Fryslân                         ,Buurt     ,BU19001307,1,145,80,65,20,15,25,45,35,60,70,15,5,135,0,5,135,0,5,0,0,,,,,50,10,25,20,2.7,11.0,59,,12,,458.0,100.0,0.0,0.0,3.0,97.0,0.0,8.0,95.0,5.0,0.0,5.0,97.0,3.0,,,,,,,,,,,,,,,,,,,,,,,,,,,,,,,,,,,,,,,,,,,40,20.0,5.0,5.0,0.0,0.0,5.0,5.0,5.0,90,45,45,1.7,7.0,10,4.1,3.8,3.6,3.9,0.3,1301,1293,9,      8749,1.0,5.0,29.0,Verspreide huizen Pingjum
14596,BU19001308,Súdwest-Fryslân                         ,Buurt     ,BU19001308,1,110,60,50,15,15,15,35,30,50,50,5,5,90,10,5,95,5,5,5,0,,,,,40,10,20,15,2.7,15.0,41,,9,,437.0,100.0,0.0,0.0,10.0,90.0,0.0,5.0,95.0,5.0,0.0,5.0,93.0,7.0,,,,,,,,,,,,,,,,,,,,,,,,,,,,,,,,,,,,,,,,,,,15,,,,,,,,,50,30,15,,,5,3.2,3.0,1.1,3.4,0.4,745,730,15,      8821,1.0,5.0,44.0,Verspreide huizen Kimswerd
14597,BU19001309,Súdwest-Fryslân                         ,Buurt     ,BU19001309,1,175,105,75,40,20,40,60,20,90,70,10,5,170,5,5,165,0,5,5,0,,,,,60,15,20,20,2.7,21.0,66,,8,,486.0,95.0,0.0,0.0,0.0,95.0,5.0,8.0,86.0,14.0,2.0,12.0,94.0,6.0,,,,,,,,,,,,,,,,,,,,,,,,,,,,,,,,,,,,,,,,,,,60,15.0,15.0,10.0,5.0,0.0,10.0,5.0,0.0,105,70,35,1.7,12.0,25,4.2,1.5,1.9,1.7,1.4,852,840,12,      8822,1.0,5.0,63.0,Verspreide huizen Arum
14598,WK190014  ,Súdwest-Fryslân                         ,Wijk      ,WK190014  ,1,1220,650,575,140,150,235,410,295,525,565,90,45,1160,40,30,1160,15,15,20,20,,,,,535,145,220,165,2.3,36.0,549,,54,,364.0,98.0,5.0,8.0,18.0,67.0,2.0,4.0,90.0,10.0,3.0,7.0,99.0,1.0,,,,,,,,,,,,,,,,,,,,,,,,,,,,,,,,,,,,,,,,,,,245,80.0,45.0,20.0,15.0,5.0,40.0,20.0,15.0,775,520,260,1.5,23.0,175,4.8,4.3,3.7,4.4,0.2,3410,3361,50,         .,,5.0,33.0,Wijk 14 Weidestreek Oost
14599,BU19001400,Súdwest-Fryslân                         ,Buurt     ,BU19001400,1,235,130,105,25,30,45,70,60,100,100,15,15,220,5,5,225,0,5,5,5,,,,,110,40,35,30,2.1,696.0,113,,11,,287.0,98.0,5.0,10.0,34.0,49.0,2.0,5.0,82.0,18.0,8.0,10.0,100.0,0.0,,,,,,,,,,,,,,,,,,,,,,,,,,,,,,,,,,,,,,,,,,,35,5.0,10.0,5.0,0.0,0.0,5.0,5.0,0.0,150,105,45,1.4,451.0,45,6.1,5.3,5.6,5.5,0.0,35,33,1,      8823,1.0,5.0,43.0,Lollum
14600,BU19001401,Súdwest-Fryslân                         ,Buurt     ,BU19001401,1,225,115,105,25,20,45,80,55,85,110,25,5,210,5,5,210,0,0,5,0,,,,,105,30,45,30,2.1,458.0,105,,8,,358.0,97.0,15.0,20.0,8.0,54.0,3.0,2.0,86.0,14.0,6.0,9.0,99.0,1.0,,,,,,,,,,,,,,,,,,,,,,,,,,,,,,,,,,,,,,,,,,,30,5.0,10.0,0.0,0.0,0.0,10.0,5.0,0.0,150,105,45,1.4,306.0,50,5.5,4.7,2.4,4.8,0.0,50,49,2,      8742,1.0,5.0,35.0,Burgwerd
14601,BU19001402,Súdwest-Fryslân                         ,Buurt     ,BU19001402,1,110,55,50,10,10,20,40,30,40,65,5,0,100,5,5,100,5,0,0,0,,,,,40,5,20,15,2.4,20.0,45,,6,,426.0,100.0,2.0,2.0,13.0,82.0,0.0,4.0,98.0,2.0,0.0,2.0,100.0,0.0,,,,,,,,,,,,,,,,,,,,,,,,,,,,,,,,,,,,,,,,,,,30,15.0,5.0,0.0,5.0,0.0,5.0,0.0,5.0,70,50,25,,,5,3.8,4.0,3.6,3.6,0.3,540,534,6,      8741,1.0,5.0,17.0,Hartwerd
14602,BU19001403,Súdwest-Fryslân                         ,Buurt     ,BU19001403,1,90,50,40,20,20,20,25,15,45,40,5,0,85,5,5,90,0,0,0,0,,,,,30,5,10,15,3.0,28.0,31,,4,,446.0,94.0,3.0,6.0,16.0,68.0,6.0,3.0,90.0,10.0,0.0,10.0,100.0,0.0,,,,,,,,,,,,,,,,,,,,,,,,,,,,,,,,,,,,,,,,,,,25,10.0,5.0,0.0,0.0,0.0,5.0,0.0,5.0,45,35,10,,,10,3.4,2.6,1.4,2.7,2.3,330,325,5,      8743,1.0,5.0,47.0,Hichtum
14603,BU19001404,Súdwest-Fryslân                         ,Buurt     ,BU19001404,1,165,80,80,10,20,30,60,45,65,75,10,5,150,5,5,150,0,5,5,0,,,,,80,25,30,20,2.1,587.0,78,,8,,335.0,96.0,4.0,6.0,27.0,59.0,4.0,4.0,96.0,4.0,1.0,3.0,100.0,0.0,,,,,,,,,,,,,,,,,,,,,,,,,,,,,,,,,,,,,,,,,,,25,0.0,5.0,0.0,5.0,0.0,5.0,5.0,5.0,115,80,35,1.5,427.0,20,3.5,3.3,3.4,3.4,0.0,29,27,1,      8744,1.0,5.0,35.0,Schettens
14604,BU19001405,Súdwest-Fryslân                         ,Buurt     ,BU19001405,1,50,25,15,10,5,5,10,15,25,20,5,0,40,5,0,45,0,0,5,0,,,,,25,10,5,5,1.8,19.0,26,,2,,412.0,100.0,4.0,8.0,15.0,73.0,0.0,4.0,92.0,8.0,0.0,8.0,100.0,0.0,,,,,,,,,,,,,,,,,,,,,,,,,,,,,,,,,,,,,,,,,,,10,,,,,,,,,30,20,10,,,0,4.9,4.7,4.8,4.8,0.0,248,244,4,      8745,1.0,5.0,26.0,Longerhouw
14605,BU19001406,Súdwest-Fryslân                         ,Buurt     ,BU19001406,1,145,70,70,15,15,20,55,35,60,60,10,5,135,5,0,130,5,0,5,0,,,,,60,20,25,20,2.2,46.0,66,,8,,359.0,98.0,0.0,0.0,18.0,79.0,2.0,3.0,98.0,2.0,0.0,2.0,100.0,0.0,,,,,,,,,,,,,,,,,,,,,,,,,,,,,,,,,,,,,,,,,,,30,10.0,5.0,0.0,5.0,0.0,5.0,0.0,0.0,100,55,40,1.5,32.0,25,4.5,4.3,3.6,4.3,0.0,312,308,3,      8746,1.0,5.0,24.0,Schraard
14606,BU19001407,Súdwest-Fryslân                         ,Buurt     ,BU19001407,1,75,40,35,10,10,10,25,20,35,40,5,0,75,0,0,75,0,0,0,0,,,,,30,0,15,10,2.6,9.0,32,,3,,442.0,100.0,0.0,0.0,6.0,94.0,0.0,9.0,97.0,3.0,0.0,3.0,100.0,0.0,,,,,,,,,,,,,,,,,,,,,,,,,,,,,,,,,,,,,,,,,,,15,,,,,,,,,45,25,20,,,5,6.0,4.8,5.2,5.0,0.0,794,786,9,      8823,1.0,5.0,22.0,Verspreide huizen Lollum
14607,BU19001408,Súdwest-Fryslân                         ,Buurt     ,BU19001408,1,75,40,40,20,5,20,25,10,45,30,5,5,70,0,0,70,0,0,0,5,,,,,30,5,15,10,2.8,11.0,29,,4,,435.0,100.0,0.0,0.0,7.0,93.0,0.0,3.0,79.0,21.0,0.0,21.0,90.0,10.0,,,,,,,,,,,,,,,,,,,,,,,,,,,,,,,,,,,,,,,,,,,20,,,,,,,,,40,20,20,,,5,5.1,4.8,2.9,4.8,0.1,716,702,14,      8742,1.0,5.0,28.0,Verspreide huizen Burgwerd
14608,BU19001409,Súdwest-Fryslân                         ,Buurt     ,BU19001409,1,70,35,30,5,15,15,25,5,40,25,5,5,65,0,5,65,0,5,0,0,,,,,25,5,5,10,2.8,19.0,24,,0,,413.0,100.0,0.0,0.0,0.0,100.0,0.0,0.0,92.0,8.0,0.0,8.0,100.0,0.0,,,,,,,,,,,,,,,,,,,,,,,,,,,,,,,,,,,,,,,,,,,20,,,,,,,,,30,25,5,,,5,4.1,3.7,3.7,3.8,0.5,357,352,5,      8744,1.0,5.0,34.0,Verspreide huizen Schettens
14609,WK190015  ,Súdwest-Fryslân                         ,Wijk      ,WK190015  ,1,560,300,265,75,55,115,175,140,255,250,35,20,505,25,30,505,10,10,10,20,,,,,255,85,95,70,2.2,34.0,262,,180,,317.0,98.0,6.0,6.0,19.0,67.0,2.0,5.0,88.0,12.0,4.0,8.0,99.0,1.0,,,,,,,,,,,,,,,,,,,,,,,,,,,,,,,,,,,,,,,,,,,125,30.0,25.0,20.0,5.0,5.0,15.0,15.0,5.0,375,250,120,1.5,22.0,50,5.2,5.2,4.5,5.1,0.2,1677,1660,17,         .,,5.0,20.0,Wijk 15 Weidestreek West
14610,BU19001500,Súdwest-Fryslân                         ,Buurt     ,BU19001500,1,145,85,60,15,15,30,55,35,60,70,10,5,130,5,10,125,5,5,0,5,,,,,75,35,20,20,1.9,376.0,81,,10,,228.0,100.0,6.0,7.0,30.0,54.0,0.0,10.0,81.0,19.0,10.0,9.0,100.0,0.0,,,,,,,,,,,,,,,,,,,,,,,,,,,,,,,,,,,,,,,,,,,30,0.0,10.0,5.0,0.0,0.0,5.0,5.0,0.0,105,80,25,1.4,274.0,20,7.3,7.1,5.9,7.2,0.0,40,39,1,      8751,1.0,5.0,32.0,Zurich
14611,BU19001501,Súdwest-Fryslân                         ,Buurt     ,BU19001501,1,285,145,135,45,35,60,85,60,135,130,10,10,255,15,15,250,5,5,5,10,,,,,120,25,55,35,2.4,42.0,118,,17,,360.0,97.0,1.0,3.0,19.0,75.0,3.0,1.0,91.0,9.0,2.0,8.0,98.0,2.0,,,,,,,,,,,,,,,,,,,,,,,,,,,,,,,,,,,,,,,,,,,55,20.0,10.0,10.0,0.0,5.0,5.0,5.0,0.0,180,115,65,1.5,26.0,20,4.1,4.2,3.6,3.9,0.2,688,682,7,      8747,1.0,5.0,32.0,Wons
14612,BU19001502,Súdwest-Fryslân                         ,Buurt     ,BU19001502,1,85,40,45,10,10,15,25,20,40,25,10,5,75,5,5,75,0,0,5,5,,,,,35,15,10,10,2.2,18.0,39,,19,,405.0,100.0,0.0,5.0,10.0,82.0,0.0,10.0,87.0,13.0,0.0,13.0,97.0,3.0,,,,,,,,,,,,,,,,,,,,,,,,,,,,,,,,,,,,,,,,,,,20,,,,,,,,,55,40,15,,,5,3.8,3.6,3.2,3.7,0.5,451,445,5,      8753,1.0,5.0,11.0,Cornwerd
14613,BU19001503,Súdwest-Fryslân                         ,Buurt     ,BU19001503,1,5,5,0,0,0,0,0,0,0,0,0,0,5,0,0,0,0,0,0,0,,,,,0,0,0,0,3.0,,0,,102,,,,,,,,,,,,,,,,,,,,,,,,,,,,,,,,,,,,,,,,,,,,,,,,,,,,,,,,,,5,,,,,,,,,0,0,0,,,0,,,,,,164,164,0,      8766,6.0,5.0,3.0,Kornwerderzand
14614,BU19001509,Súdwest-Fryslân                         ,Buurt     ,BU19001509,1,50,25,20,5,0,10,10,20,20,15,0,5,50,0,0,45,0,0,0,0,,,,,25,10,5,5,2.0,14.0,24,,32,,262.0,100.0,38.0,17.0,0.0,46.0,0.0,4.0,96.0,4.0,0.0,4.0,100.0,0.0,,,,,,,,,,,,,,,,,,,,,,,,,,,,,,,,,,,,,,,,,,,10,,,,,,,,,30,15,10,,,5,7.7,7.5,7.1,7.5,0.0,334,330,4,      8752,3.0,5.0,16.0,Verspreide huizen Zurich
14615,WK190016  ,Súdwest-Fryslân                         ,Wijk      ,WK190016  ,1,1550,795,750,250,195,320,435,350,715,670,100,70,1465,55,35,1465,25,15,35,15,,,,,640,170,240,230,2.4,46.0,637,,54,,358.0,99.0,5.0,5.0,22.0,66.0,1.0,2.0,88.0,11.0,6.0,6.0,97.0,3.0,,,,,,,,,,,,,,,,,,,,,,,,,,,,,,,,,,,,,,,,,,,265,70.0,50.0,30.0,10.0,10.0,45.0,35.0,15.0,945,655,290,1.5,28.0,140,5.4,5.2,3.2,2.2,0.8,3402,3347,55,         .,,5.0,48.0,Wijk 16 Weidestreek Zuid
14616,BU19001600,Súdwest-Fryslân                         ,Buurt     ,BU19001600,1,320,160,160,50,25,80,90,90,145,130,30,15,310,5,5,310,5,0,5,0,,,,,150,50,60,45,2.2,602.0,149,,13,,322.0,100.0,7.0,8.0,26.0,59.0,0.0,3.0,89.0,10.0,7.0,3.0,100.0,0.0,,,,,,,,,,,,,,,,,,,,,,,,,,,,,,,,,,,,,,,,,,,40,5.0,10.0,5.0,5.0,0.0,10.0,10.0,0.0,255,170,85,1.7,471.0,50,5.5,6.2,3.7,0.5,1.0,56,54,2,      8763,1.0,5.0,57.0,Parrega
14617,BU19001601,Súdwest-Fryslân                         ,Buurt     ,BU19001601,1,80,40,40,15,15,10,25,20,40,30,5,5,70,10,5,70,0,0,10,0,,,,,30,5,5,15,2.8,25.0,25,,3,,433.0,100.0,0.0,0.0,4.0,92.0,0.0,0.0,92.0,8.0,0.0,8.0,96.0,4.0,,,,,,,,,,,,,,,,,,,,,,,,,,,,,,,,,,,,,,,,,,,20,,,,,,,,,45,30,15,,,10,7.6,8.2,5.3,1.9,1.0,316,315,2,      8762,1.0,5.0,12.0,Hieslum
14618,BU19001602,Súdwest-Fryslân                         ,Buurt     ,BU19001602,1,90,50,45,20,10,15,30,20,40,40,5,0,90,5,0,90,0,0,0,0,,,,,35,10,15,15,2.5,61.0,37,,2,,348.0,95.0,0.0,0.0,16.0,78.0,5.0,0.0,92.0,8.0,0.0,8.0,97.0,3.0,,,,,,,,,,,,,,,,,,,,,,,,,,,,,,,,,,,,,,,,,,,15,,,,,,,,,55,35,20,,,0,6.8,6.2,2.6,1.3,2.0,153,150,3,      8764,1.0,5.0,24.0,Dedgum
14619,BU19001603,Súdwest-Fryslân                         ,Buurt     ,BU19001603,1,280,145,135,45,30,60,85,55,125,125,20,5,260,15,5,255,10,0,10,0,,,,,115,30,45,40,2.4,764.0,117,,6,,340.0,100.0,3.0,5.0,32.0,61.0,0.0,3.0,92.0,8.0,3.0,5.0,94.0,6.0,,,,,,,,,,,,,,,,,,,,,,,,,,,,,,,,,,,,,,,,,,,45,5.0,15.0,5.0,5.0,0.0,10.0,5.0,5.0,170,125,45,1.5,469.0,30,4.5,3.8,0.3,0.3,1.0,38,36,2,      8765,1.0,5.0,45.0,Tjerkwerd
14620,BU19001604,Súdwest-Fryslân                         ,Buurt     ,BU19001604,1,385,195,185,45,60,75,95,105,165,185,15,25,370,10,10,370,0,5,0,5,,,,,170,55,60,55,2.3,1417.0,170,,11,,298.0,99.0,12.0,9.0,28.0,49.0,1.0,2.0,82.0,18.0,14.0,5.0,96.0,4.0,,,,,,,,,,,,,,,,,,,,,,,,,,,,,,,,,,,,,,,,,,,35,5.0,10.0,5.0,0.0,0.0,10.0,0.0,5.0,235,175,60,1.4,869.0,20,5.5,4.8,4.8,4.8,0.0,28,27,1,      8759,1.0,5.0,60.0,Exmorra
14621,BU19001606,Súdwest-Fryslân                         ,Buurt     ,BU19001606,1,160,85,80,50,15,40,35,25,95,55,10,5,155,5,5,150,0,5,5,0,,,,,55,15,15,25,2.8,19.0,56,,10,,467.0,96.0,0.0,0.0,7.0,89.0,4.0,2.0,95.0,5.0,0.0,5.0,98.0,2.0,,,,,,,,,,,,,,,,,,,,,,,,,,,,,,,,,,,,,,,,,,,30,10.0,5.0,5.0,0.0,5.0,5.0,5.0,0.0,65,45,20,1.1,7.0,10,5.5,5.8,3.7,2.5,0.8,865,849,16,      8763,1.0,5.0,23.0,Verspreide huizen Parrega
14622,BU19001607,Súdwest-Fryslân                         ,Buurt     ,BU19001607,1,155,85,70,20,20,35,50,20,70,70,5,5,145,5,0,145,0,0,5,0,,,,,55,10,20,25,2.7,13.0,55,,6,,461.0,96.0,0.0,0.0,7.0,89.0,4.0,2.0,85.0,15.0,0.0,15.0,96.0,4.0,,,,,,,,,,,,,,,,,,,,,,,,,,,,,,,,,,,,,,,,,,,45,25.0,5.0,5.0,0.0,5.0,5.0,5.0,0.0,75,45,30,1.4,7.0,10,5.1,4.3,1.5,1.5,1.6,1167,1153,14,      8765,1.0,5.0,57.0,Verspreide huizen Tjerkwerd
14623,BU19001608,Súdwest-Fryslân                         ,Buurt     ,BU19001608,1,85,45,40,10,10,15,25,15,35,40,5,0,70,10,5,70,5,0,10,5,,,,,25,0,15,10,2.9,11.0,28,,3,,521.0,100.0,0.0,0.0,0.0,100.0,0.0,0.0,93.0,7.0,0.0,7.0,100.0,0.0,,,,,,,,,,,,,,,,,,,,,,,,,,,,,,,,,,,,,,,,,,,30,15.0,5.0,0.0,0.0,0.0,5.0,5.0,0.0,50,30,20,,,10,4.5,4.4,4.3,4.2,0.2,778,762,16,      8759,3.0,5.0,36.0,Verspreide huizen Exmorra
14624,WK190017  ,Súdwest-Fryslân                         ,Wijk      ,WK190017  ,1,3250,1650,1600,430,345,600,910,970,1365,1375,310,205,2895,155,195,2900,80,80,70,115,,,,,1550,595,515,435,2.1,554.0,1649,,190,,294.0,89.0,31.0,21.0,14.0,22.0,11.0,6.0,64.0,35.0,28.0,7.0,98.0,2.0,,,,,,,,,,,,,,,,,,,,,,,,,,,,,,,,,,,,,,,,,,,465,20.0,120.0,70.0,30.0,10.0,110.0,55.0,50.0,1820,1355,465,1.2,310.0,165,0.7,0.7,0.6,0.6,3.0,603,587,16,         .,,5.0,489.0,Wijk 17 Makkum
14625,BU19001700,Súdwest-Fryslân                         ,Buurt     ,BU19001700,1,3095,1565,1535,410,320,580,855,930,1300,1290,305,200,2750,150,190,2755,80,75,70,115,,,,,1490,580,500,415,2.0,2076.0,1593,,176,,284.0,89.0,33.0,22.0,15.0,20.0,11.0,6.0,64.0,36.0,29.0,7.0,98.0,2.0,,,,,,,,,,,,,,,,,,,,,,,,,,,,,,,,,,,,,,,,,,,415,10.0,105.0,65.0,25.0,10.0,105.0,55.0,45.0,1715,1285,430,1.2,1152.0,155,0.6,0.7,0.6,0.5,3.0,154,149,5,      8754,1.0,4.0,501.0,Makkum
14626,BU19001709,Súdwest-Fryslân                         ,Buurt     ,BU19001709,1,160,90,70,20,25,25,55,35,65,80,10,5,145,10,5,145,0,0,5,0,,,,,60,15,20,25,2.6,36.0,56,,14,,551.0,96.0,0.0,0.0,0.0,96.0,4.0,2.0,84.0,14.0,0.0,14.0,84.0,16.0,,,,,,,,,,,,,,,,,,,,,,,,,,,,,,,,,,,,,,,,,,,45,10.0,10.0,5.0,0.0,5.0,10.0,0.0,5.0,100,65,35,1.7,23.0,10,1.7,1.7,1.6,1.5,2.9,449,438,11,      8754,1.0,5.0,190.0,Verspreide huizen Makkum
14627,WK190018  ,Súdwest-Fryslân                         ,Wijk      ,WK190018  ,1,750,390,360,120,65,145,245,170,345,320,50,35,700,30,20,700,10,15,20,10,,,,,325,90,120,110,2.3,29.0,297,,573,,397.0,98.0,2.0,2.0,14.0,79.0,2.0,5.0,89.0,10.0,2.0,8.0,98.0,2.0,,,,,,,,,,,,,,,,,,,,,,,,,,,,,,,,,,,,,,,,,,,225,50.0,45.0,30.0,15.0,10.0,35.0,25.0,20.0,525,340,185,1.6,21.0,65,3.6,3.8,2.4,3.7,0.8,2624,2558,66,         .,,5.0,126.0,Wijk 18 Weidestreek Zuidwest
14628,BU19001800,Súdwest-Fryslân                         ,Buurt     ,BU19001800,1,205,110,95,30,10,40,70,55,85,95,15,5,185,10,5,185,0,5,10,5,,,,,95,30,35,30,2.2,29.0,60,,537,,446.0,95.0,0.0,0.0,10.0,85.0,5.0,5.0,87.0,12.0,0.0,12.0,100.0,0.0,,,,,,,,,,,,,,,,,,,,,,,,,,,,,,,,,,,,,,,,,,,110,15.0,30.0,20.0,10.0,10.0,10.0,5.0,10.0,170,95,75,1.8,24.0,15,2.4,2.0,2.5,2.4,2.3,747,704,44,      8754,2.0,5.0,171.0,Idsegahuizum
14629,BU19001801,Súdwest-Fryslân                         ,Buurt     ,BU19001801,1,75,35,40,10,20,5,35,10,40,25,10,0,70,0,0,75,0,0,0,5,,,,,30,5,15,10,2.5,23.0,30,,11,,478.0,97.0,0.0,0.0,7.0,90.0,3.0,0.0,93.0,7.0,0.0,7.0,100.0,0.0,,,,,,,,,,,,,,,,,,,,,,,,,,,,,,,,,,,,,,,,,,,20,,,,,,,,,55,35,20,,,5,4.2,4.5,4.1,4.1,0.0,336,330,6,      8758,1.0,5.0,12.0,Allingawier
14630,BU19001802,Súdwest-Fryslân                         ,Buurt     ,BU19001802,1,50,25,25,15,0,10,15,10,25,25,0,5,45,5,0,45,0,0,5,0,,,,,20,5,5,10,2.6,19.0,21,,4,,426.0,100.0,0.0,0.0,5.0,90.0,0.0,14.0,90.0,10.0,0.0,10.0,95.0,5.0,,,,,,,,,,,,,,,,,,,,,,,,,,,,,,,,,,,,,,,,,,,10,,,,,,,,,35,25,10,,,5,2.9,3.1,2.9,2.9,1.9,255,252,3,      8756,1.0,5.0,8.0,Piaam
14631,BU19001803,Súdwest-Fryslân                         ,Buurt     ,BU19001803,1,160,85,80,25,5,25,55,50,65,70,10,15,145,5,5,145,5,5,0,5,,,,,80,30,35,20,2.0,304.0,85,,10,,365.0,100.0,7.0,7.0,15.0,71.0,0.0,6.0,88.0,11.0,4.0,7.0,99.0,1.0,,,,,,,,,,,,,,,,,,,,,,,,,,,,,,,,,,,,,,,,,,,35,10.0,5.0,5.0,5.0,0.0,10.0,5.0,5.0,120,90,30,1.5,232.0,10,5.1,5.3,3.7,5.1,0.0,54,53,1,      8757,1.0,5.0,29.0,Gaast
14632,BU19001804,Súdwest-Fryslân                         ,Buurt     ,BU19001804,1,135,70,65,30,10,30,40,20,65,55,5,5,125,5,5,130,0,5,0,0,,,,,50,10,15,25,2.6,433.0,52,,4,,349.0,98.0,0.0,0.0,40.0,58.0,2.0,2.0,92.0,8.0,6.0,2.0,100.0,0.0,,,,,,,,,,,,,,,,,,,,,,,,,,,,,,,,,,,,,,,,,,,15,,,,,,,,,75,45,30,1.5,238.0,10,3.2,4.1,0.2,3.9,0.0,32,31,1,      8761,1.0,5.0,23.0,Ferwoude
14633,BU19001808,Súdwest-Fryslân                         ,Buurt     ,BU19001808,1,100,50,45,25,10,25,20,20,50,40,0,5,90,5,0,90,5,0,0,0,,,,,35,5,10,20,2.8,14.0,36,,6,,395.0,97.0,0.0,0.0,0.0,97.0,3.0,6.0,81.0,19.0,0.0,19.0,92.0,8.0,,,,,,,,,,,,,,,,,,,,,,,,,,,,,,,,,,,,,,,,,,,25,20.0,5.0,0.0,0.0,0.0,0.0,0.0,0.0,65,45,20,,,15,3.3,4.1,1.2,3.6,0.5,684,677,7,      8761,1.0,5.0,14.0,Verspreide huizen Ferwoude
14634,BU19001809,Súdwest-Fryslân                         ,Buurt     ,BU19001809,1,30,15,15,0,5,5,15,5,20,10,5,0,30,0,5,30,0,0,5,0,,,,,10,5,5,5,2.5,6.0,13,,1,,,,,,,,,,,,,,,,,,,,,,,,,,,,,,,,,,,,,,,,,,,,,,,,,,,,,,,,,,5,,,,,,,,,10,5,5,,,0,6.0,6.3,3.5,4.5,0.0,515,512,3,      8757,1.0,5.0,7.0,Verspreide huizen Gaast
14635,WK190019  ,Súdwest-Fryslân                         ,Wijk      ,WK190019  ,1,1565,795,770,235,180,310,465,380,740,670,100,55,1480,30,60,1480,20,40,10,25,,,,,685,195,250,240,2.3,64.0,699,,62,,343.0,98.0,10.0,9.0,23.0,56.0,2.0,4.0,84.0,16.0,12.0,5.0,97.0,3.0,,,,,,,,,,,,,,,,,,,,,,,,,,,,,,,,,,,,,,,,,,,240,55.0,50.0,20.0,10.0,5.0,40.0,35.0,25.0,940,675,265,1.4,38.0,130,5.9,5.2,1.1,1.3,1.0,2557,2464,93,         .,,5.0,60.0,Wijk 19 Boarnsterhim
14636,BU19001900,Súdwest-Fryslân                         ,Buurt     ,BU19001900,1,645,310,340,110,75,135,185,140,320,265,40,25,620,15,15,620,10,15,5,5,,,,,270,70,95,110,2.4,85.0,276,,21,,335.0,100.0,12.0,10.0,20.0,57.0,0.0,3.0,86.0,14.0,11.0,3.0,96.0,4.0,,,,,,,,,,,,,,,,,,,,,,,,,,,,,,,,,,,,,,,,,,,100,20.0,20.0,10.0,0.0,5.0,20.0,10.0,15.0,365,280,90,1.4,48.0,50,6.1,5.6,0.4,0.5,1.1,767,759,8,      9012,1.0,5.0,78.0,Raerd
14637,BU19001901,Súdwest-Fryslân                         ,Buurt     ,BU19001901,1,170,80,85,30,15,30,50,45,80,70,15,5,160,0,5,165,0,5,0,0,,,,,75,20,30,25,2.2,36.0,79,,13,,377.0,91.0,9.0,6.0,14.0,61.0,9.0,6.0,84.0,16.0,1.0,15.0,99.0,1.0,,,,,,,,,,,,,,,,,,,,,,,,,,,,,,,,,,,,,,,,,,,30,5.0,5.0,5.0,5.0,0.0,5.0,5.0,0.0,105,80,25,1.4,22.0,5,5.2,6.5,1.8,1.9,1.1,483,468,15,      9013,1.0,5.0,31.0,Poppenwier
14638,BU19001902,Súdwest-Fryslân                         ,Buurt     ,BU19001902,1,325,180,140,40,35,65,100,80,145,150,15,10,295,10,15,295,10,10,5,10,,,,,145,40,55,45,2.2,91.0,152,,10,,332.0,99.0,13.0,11.0,29.0,46.0,1.0,6.0,82.0,18.0,17.0,1.0,98.0,2.0,,,,,,,,,,,,,,,,,,,,,,,,,,,,,,,,,,,,,,,,,,,45,10.0,10.0,5.0,0.0,5.0,10.0,5.0,0.0,210,145,65,1.4,59.0,35,6.4,3.6,0.5,1.0,1.0,399,356,43,      8647,1.0,5.0,65.0,Sibrandabuorren
14639,BU19001903,Súdwest-Fryslân                         ,Buurt     ,BU19001903,1,325,165,160,45,45,55,105,75,155,135,20,15,305,5,10,300,5,5,0,5,,,,,140,45,50,45,2.3,72.0,139,,13,,340.0,98.0,6.0,7.0,30.0,54.0,2.0,1.0,80.0,20.0,18.0,2.0,98.0,2.0,,,,,,,,,,,,,,,,,,,,,,,,,,,,,,,,,,,,,,,,,,,40,10.0,10.0,0.0,5.0,0.0,5.0,5.0,5.0,190,125,65,1.3,42.0,25,6.5,5.3,2.0,2.5,1.0,463,445,18,      9014,1.0,5.0,50.0,Tersoal
14640,BU19001904,Súdwest-Fryslân                         ,Buurt     ,BU19001904,1,110,60,50,10,10,25,35,35,40,50,15,5,100,0,5,100,0,0,0,5,,,,,55,15,25,15,2.1,25.0,53,,5,,371.0,100.0,4.0,8.0,15.0,74.0,0.0,0.0,89.0,11.0,0.0,11.0,100.0,0.0,,,,,,,,,,,,,,,,,,,,,,,,,,,,,,,,,,,,,,,,,,,25,10.0,5.0,0.0,0.0,0.0,5.0,5.0,0.0,70,50,20,1.4,16.0,20,3.1,4.6,2.9,2.9,0.9,445,437,8,      8644,1.0,5.0,30.0,Dearsum
14641,WK190020  ,Súdwest-Fryslân                         ,Wijk      ,WK190020  ,1,5530,2820,2710,910,595,1210,1485,1325,2570,2340,335,285,5200,125,205,5200,75,105,50,110,,,,,2375,740,825,810,2.3,81.0,2450,,413,,327.0,91.0,13.0,12.0,21.0,46.0,9.0,3.0,75.0,25.0,18.0,7.0,96.0,4.0,,,,,,,,,,,,,,,,,,,,,,,,,,,,,,,,,,,,,,,,,,,820,145.0,145.0,115.0,30.0,30.0,160.0,120.0,80.0,3205,2360,845,1.3,47.0,400,2.1,2.4,1.2,1.2,2.0,6915,6813,102,         .,,5.0,182.0,Wijk 20 Littenseradiel
14642,BU19002001,Súdwest-Fryslân                         ,Buurt     ,BU19002001,1,2235,1105,1130,370,205,530,510,630,1010,925,140,160,2065,45,120,2065,35,50,15,70,,,,,1010,365,355,290,2.1,2036.0,1048,,113,,295.0,83.0,19.0,17.0,17.0,30.0,17.0,2.0,62.0,38.0,31.0,7.0,93.0,7.0,,,,,,,,,,,,,,,,,,,,,,,,,,,,,,,,,,,,,,,,,,,235,10.0,40.0,30.0,5.0,15.0,60.0,40.0,35.0,1210,930,280,1.2,1104.0,140,0.7,0.5,0.5,0.6,2.5,113,110,4,      8731,1.0,5.0,346.0,Wommels
14643,BU19002002,Súdwest-Fryslân                         ,Buurt     ,BU19002002,1,785,400,380,105,95,165,245,170,355,340,50,35,750,20,10,750,10,5,10,10,,,,,355,115,125,115,2.2,1191.0,366,,45,,301.0,98.0,18.0,16.0,27.0,36.0,2.0,4.0,78.0,22.0,17.0,5.0,98.0,2.0,,,,,,,,,,,,,,,,,,,,,,,,,,,,,,,,,,,,,,,,,,,105,5.0,20.0,15.0,5.0,5.0,25.0,15.0,15.0,510,385,125,1.4,778.0,70,2.1,2.6,0.4,0.4,3.8,67,66,1,      8734,1.0,5.0,135.0,Easterein
14644,BU19002003,Súdwest-Fryslân                         ,Buurt     ,BU19002003,1,60,30,25,15,5,10,15,10,40,20,5,0,60,0,0,60,0,5,0,0,,,,,20,5,5,15,2.9,27.0,21,,4,,480.0,100.0,0.0,0.0,10.0,90.0,0.0,0.0,86.0,14.0,0.0,14.0,95.0,5.0,,,,,,,,,,,,,,,,,,,,,,,,,,,,,,,,,,,,,,,,,,,15,,,,,,,,,25,15,10,,,0,5.1,5.0,2.7,2.7,0.7,233,230,3,      8844,1.0,5.0,11.0,Hinnaard
14645,BU19002004,Súdwest-Fryslân                         ,Buurt     ,BU19002004,1,215,115,105,35,30,40,75,45,105,90,25,5,205,5,5,205,0,5,0,0,,,,,90,25,30,40,2.4,85.0,96,,14,,340.0,91.0,13.0,8.0,21.0,48.0,9.0,4.0,84.0,16.0,8.0,7.0,98.0,2.0,,,,,,,,,,,,,,,,,,,,,,,,,,,,,,,,,,,,,,,,,,,40,5.0,5.0,5.0,0.0,0.0,5.0,10.0,5.0,145,105,45,1.6,57.0,20,4.2,4.7,0.3,0.3,2.0,259,258,1,      8735,1.0,5.0,37.0,Itens
14646,BU19002005,Súdwest-Fryslân                         ,Buurt     ,BU19002005,1,95,50,50,10,5,15,25,40,30,55,5,5,95,5,0,95,0,0,0,0,,,,,50,20,10,15,2.0,44.0,52,,4,,332.0,100.0,2.0,4.0,35.0,60.0,0.0,6.0,96.0,4.0,2.0,2.0,98.0,2.0,,,,,,,,,,,,,,,,,,,,,,,,,,,,,,,,,,,,,,,,,,,10,,,,,,,,,55,35,20,,,5,3.8,5.0,1.0,1.0,1.0,228,224,4,      8641,1.0,5.0,24.0,Rien
14647,BU19002006,Súdwest-Fryslân                         ,Buurt     ,BU19002006,1,70,40,35,20,5,20,15,10,35,30,5,5,70,0,0,70,0,0,0,0,,,,,25,5,0,20,2.8,21.0,27,,4,,419.0,93.0,4.0,7.0,15.0,67.0,7.0,7.0,70.0,30.0,0.0,30.0,93.0,7.0,,,,,,,,,,,,,,,,,,,,,,,,,,,,,,,,,,,,,,,,,,,15,,,,,,,,,40,20,20,,,5,3.2,3.3,2.4,2.4,1.5,337,335,2,      8642,1.0,5.0,13.0,Lytsewierrum
14648,BU19002007,Súdwest-Fryslân                         ,Buurt     ,BU19002007,1,110,55,55,10,25,15,55,5,65,45,0,0,100,5,5,100,0,5,5,5,,,,,35,5,10,25,2.9,47.0,39,,6,,391.0,100.0,0.0,0.0,23.0,77.0,0.0,5.0,92.0,8.0,0.0,8.0,100.0,0.0,,,,,,,,,,,,,,,,,,,,,,,,,,,,,,,,,,,,,,,,,,,10,,,,,,,,,80,55,25,,,15,5.2,5.2,3.2,3.0,0.4,243,240,3,      8737,1.0,5.0,15.0,Hidaard
14649,BU19002008,Súdwest-Fryslân                         ,Buurt     ,BU19002008,1,200,95,100,50,25,50,45,25,110,65,10,10,190,0,5,195,0,0,0,0,,,,,70,20,15,35,2.8,45.0,70,,12,,384.0,99.0,3.0,6.0,17.0,73.0,1.0,1.0,90.0,10.0,3.0,7.0,97.0,3.0,,,,,,,,,,,,,,,,,,,,,,,,,,,,,,,,,,,,,,,,,,,30,10.0,0.0,5.0,0.0,0.0,10.0,5.0,0.0,95,65,30,1.4,22.0,10,5.6,5.0,0.5,0.5,1.0,444,435,9,      8736,1.0,5.0,22.0,Reahûs
14650,BU19002009,Súdwest-Fryslân                         ,Buurt     ,BU19002009,1,185,90,95,35,30,35,65,20,100,70,10,5,185,0,0,185,0,0,0,0,,,,,60,10,20,30,3.0,20.0,64,,102,,414.0,84.0,0.0,0.0,9.0,73.0,16.0,5.0,92.0,8.0,0.0,8.0,98.0,2.0,,,,,,,,,,,,,,,,,,,,,,,,,,,,,,,,,,,,,,,,,,,70,15.0,20.0,20.0,0.0,0.0,10.0,5.0,0.0,100,70,30,1.6,11.0,5,2.0,1.8,1.6,1.7,1.8,915,903,12,      8731,1.0,5.0,147.0,Verspreide huizen Wommels
14651,BU19002010,Súdwest-Fryslân                         ,Buurt     ,BU19002010,1,105,60,40,20,10,20,30,15,50,45,5,5,100,0,0,100,0,0,0,5,,,,,35,5,15,15,2.8,14.0,39,,16,,489.0,95.0,8.0,0.0,0.0,87.0,5.0,8.0,87.0,13.0,0.0,13.0,92.0,8.0,,,,,,,,,,,,,,,,,,,,,,,,,,,,,,,,,,,,,,,,,,,20,,,,,,,,,30,20,15,,,25,3.4,3.9,1.4,1.3,1.6,721,711,10,      8734,1.0,5.0,71.0,Verspreide huizen Easterein
14652,BU19002011,Súdwest-Fryslân                         ,Buurt     ,BU19002011,1,50,25,25,5,5,10,10,20,20,25,0,5,50,0,5,45,0,5,0,0,,,,,20,5,10,5,2.0,17.0,21,,10,,,100.0,0.0,0.0,10.0,90.0,0.0,14.0,81.0,19.0,0.0,19.0,90.0,10.0,,,,,,,,,,,,,,,,,,,,,,,,,,,,,,,,,,,,,,,,,,,15,,,,,,,,,25,15,10,,,5,3.2,3.2,2.7,2.9,0.8,312,308,5,      8733,1.0,5.0,13.0,Iens
14653,BU19002012,Súdwest-Fryslân                         ,Buurt     ,BU19002012,1,155,80,75,25,15,20,45,55,60,80,10,5,145,5,5,145,0,5,5,0,,,,,75,20,30,20,2.1,428.0,78,,8,,346.0,99.0,3.0,5.0,23.0,68.0,1.0,4.0,90.0,9.0,5.0,4.0,100.0,0.0,,,,,,,,,,,,,,,,,,,,,,,,,,,,,,,,,,,,,,,,,,,25,5.0,5.0,0.0,0.0,0.0,5.0,5.0,5.0,115,85,30,1.5,316.0,5,3.0,2.5,2.6,2.7,1.9,38,37,1,      8732,1.0,5.0,29.0,Kûbaard
14654,BU19002013,Súdwest-Fryslân                         ,Buurt     ,BU19002013,1,80,45,40,15,10,10,25,25,40,40,0,5,80,0,5,80,5,0,0,0,,,,,30,5,15,10,2.6,31.0,32,,2,,388.0,100.0,0.0,0.0,13.0,88.0,0.0,0.0,91.0,9.0,0.0,9.0,97.0,3.0,,,,,,,,,,,,,,,,,,,,,,,,,,,,,,,,,,,,,,,,,,,20,,,,,,,,,35,25,15,,,5,4.5,4.0,3.8,4.2,0.0,267,262,5,      8845,1.0,5.0,12.0,Waaksens
14655,BU19002014,Súdwest-Fryslân                         ,Buurt     ,BU19002014,1,65,35,30,10,15,5,25,5,35,25,0,5,60,0,5,60,0,5,0,5,,,,,20,5,10,15,2.9,10.0,23,,1,,492.0,100.0,0.0,0.0,0.0,100.0,0.0,4.0,91.0,9.0,0.0,9.0,100.0,0.0,,,,,,,,,,,,,,,,,,,,,,,,,,,,,,,,,,,,,,,,,,,20,,,,,,,,,25,15,10,,,5,3.8,3.4,3.2,3.4,0.7,681,676,4,      8732,1.0,5.0,35.0,Verspreide huizen Kûbaard
14656,BU19002015,Súdwest-Fryslân                         ,Buurt     ,BU19002015,1,90,50,45,15,5,20,20,30,35,40,15,5,90,5,5,90,0,0,5,5,,,,,40,15,15,15,2.1,22.0,47,,5,,382.0,100.0,6.0,9.0,9.0,77.0,0.0,9.0,89.0,11.0,0.0,11.0,98.0,2.0,,,,,,,,,,,,,,,,,,,,,,,,,,,,,,,,,,,,,,,,,,,20,,,,,,,,,60,40,20,,,5,5.3,4.6,3.2,3.2,0.3,426,415,11,      8636,1.0,5.0,14.0,Britswert
14657,BU19002016,Súdwest-Fryslân                         ,Buurt     ,BU19002016,1,290,155,140,55,30,65,80,55,140,135,10,5,260,10,15,260,5,5,10,10,,,,,115,30,45,40,2.5,72.0,117,,21,,359.0,99.0,5.0,9.0,26.0,60.0,1.0,3.0,82.0,18.0,9.0,9.0,96.0,4.0,,,,,,,,,,,,,,,,,,,,,,,,,,,,,,,,,,,,,,,,,,,55,10.0,10.0,5.0,0.0,0.0,10.0,10.0,10.0,190,130,55,1.6,47.0,15,3.7,5.2,3.5,3.5,0.0,408,402,6,      8637,1.0,5.0,40.0,Wiuwert
14658,BU19002017,Súdwest-Fryslân                         ,Buurt     ,BU19002017,1,325,160,165,50,45,65,90,75,145,145,25,10,295,15,15,295,10,10,0,0,,,,,130,30,50,50,2.4,397.0,139,,15,,345.0,99.0,5.0,9.0,29.0,54.0,1.0,7.0,82.0,18.0,14.0,4.0,98.0,2.0,,,,,,,,,,,,,,,,,,,,,,,,,,,,,,,,,,,,,,,,,,,55,5.0,15.0,10.0,0.0,0.0,10.0,15.0,5.0,205,155,45,1.5,251.0,30,0.3,4.6,0.3,0.3,1.0,83,81,2,      8635,1.0,5.0,54.0,Boazum
14659,BU19002018,Súdwest-Fryslân                         ,Buurt     ,BU19002018,1,325,175,145,55,30,80,95,60,160,125,20,15,315,0,5,315,0,5,0,0,,,,,145,40,50,50,2.3,74.0,142,,23,,301.0,99.0,5.0,6.0,44.0,44.0,1.0,1.0,78.0,22.0,15.0,6.0,96.0,4.0,,,,,,,,,,,,,,,,,,,,,,,,,,,,,,,,,,,,,,,,,,,50,10.0,10.0,10.0,5.0,0.0,5.0,5.0,0.0,195,145,50,1.4,44.0,30,3.9,3.2,2.8,2.9,0.6,444,437,7,      9021,1.0,5.0,50.0,Easterwierrum
14660,BU19002019,Súdwest-Fryslân                         ,Buurt     ,BU19002019,1,85,55,30,20,5,20,20,20,45,35,0,5,85,0,0,80,0,0,0,0,,,,,30,5,10,15,2.8,12.0,29,,8,,457.0,100.0,0.0,0.0,7.0,93.0,0.0,0.0,97.0,3.0,0.0,3.0,100.0,0.0,,,,,,,,,,,,,,,,,,,,,,,,,,,,,,,,,,,,,,,,,,,15,,,,,,,,,65,50,15,,,5,1.9,4.5,1.9,1.9,1.0,696,683,13,      8635,1.0,5.0,22.0,Verspreide huizen Boazum
14733,GM0093    ,Terschelling                            ,Gemeente  ,GM0093    ,1,4923,2501,2422,578,642,1105,1367,1231,2377,1878,380,288,4376,304,243,4376,91,147,213,96,,,,,2652,1288,786,578,1.8,56.0,2360,,2188,,456.0,76.0,15.0,11.0,16.0,34.0,24.0,10.0,64.0,36.0,19.0,17.0,95.0,5.0,,,,,,,,,,,,,,,,,,,,,,,,,,,,,,,,,,,,,,,,,,,1045,45.0,130.0,310.0,55.0,70.0,190.0,135.0,110.0,2555,2075,480,1.0,29.0,300,1.4,0.8,1.4,0.8,1.8,67399,8721,58678,         .,,5.0,268.0,Terschelling
14734,WK009300  ,Terschelling                            ,Wijk      ,WK009300  ,1,2600,1345,1255,280,415,610,645,655,1330,915,195,165,2255,205,145,2255,55,80,145,65,,,,,1520,860,400,265,1.7,100.0,1240,,641,,424.0,77.0,22.0,15.0,17.0,23.0,23.0,8.0,58.0,42.0,23.0,19.0,93.0,7.0,,,,,,,,,,,,,,,,,,,,,,,,,,,,,,,,,,,,,,,,,,,465,10.0,55.0,130.0,30.0,35.0,90.0,65.0,55.0,1240,1025,215,0.8,48.0,150,0.7,0.7,0.6,0.6,2.0,2622,2604,18,         .,,5.0,380.0,Wijk 00 West-Terschelling
14735,BU00930000,Terschelling                            ,Buurt     ,BU00930000,1,2525,1305,1220,275,395,585,625,645,1275,895,190,165,2195,190,140,2190,60,75,140,60,,,,,1475,835,385,255,1.7,1496.0,1219,,475,,419.0,78.0,22.0,16.0,18.0,23.0,22.0,8.0,58.0,42.0,24.0,18.0,93.0,7.0,,,,,,,,,,,,,,,,,,,,,,,,,,,,,,,,,,,,,,,,,,,410,5.0,45.0,115.0,25.0,30.0,80.0,60.0,55.0,1185,990,195,0.8,701.0,150,0.7,0.7,0.6,0.6,2.0,169,169,0,      8881,1.0,5.0,408.0,West-Terschelling
14736,BU00930002,Terschelling                            ,Buurt     ,BU00930002,1,80,45,35,5,15,25,20,5,55,15,5,0,65,5,5,65,0,0,10,0,,,,,50,25,15,10,1.6,3.0,21,,166,,,38.0,0.0,0.0,0.0,38.0,62.0,5.0,67.0,33.0,0.0,33.0,100.0,0.0,,,,,,,,,,,,,,,,,,,,,,,,,,,,,,,,,,,,,,,,,,,55,0.0,15.0,15.0,5.0,5.0,5.0,5.0,0.0,55,35,20,,,5,1.9,2.1,1.9,1.9,2.0,2453,2435,18,      8881,1.0,5.0,137.0,Verspreide huizen West-Terschelling
14737,WK009301  ,Terschelling                            ,Wijk      ,WK009301  ,1,1265,640,625,160,120,290,380,320,580,500,120,65,1160,55,50,1160,15,35,35,15,,,,,640,260,225,155,2.0,101.0,613,,902,,449.0,78.0,14.0,11.0,15.0,38.0,22.0,10.0,63.0,37.0,23.0,14.0,97.0,3.0,,,,,,,,,,,,,,,,,,,,,,,,,,,,,,,,,,,,,,,,,,,290,10.0,40.0,95.0,15.0,15.0,45.0,40.0,35.0,675,535,140,1.1,54.0,80,0.7,0.6,0.7,0.7,1.0,1268,1244,24,         .,,5.0,243.0,Wijk 01 Midsland
14738,BU00930110,Terschelling                            ,Buurt     ,BU00930110,1,920,470,450,110,85,215,275,225,435,350,85,50,840,35,45,840,15,30,20,15,,,,,480,200,160,115,1.9,2439.0,454,,93,,417.0,81.0,18.0,15.0,19.0,29.0,19.0,7.0,58.0,42.0,31.0,11.0,99.0,1.0,,,,,,,,,,,,,,,,,,,,,,,,,,,,,,,,,,,,,,,,,,,190,0.0,20.0,60.0,15.0,5.0,30.0,30.0,25.0,475,385,90,1.0,1265.0,55,0.6,0.3,0.4,0.4,1.0,38,38,0,      8891,1.0,5.0,327.0,Midsland
14739,BU00930111,Terschelling                            ,Buurt     ,BU00930111,1,325,155,170,45,25,65,100,85,130,150,30,20,305,15,5,305,5,5,5,0,,,,,150,45,65,40,2.2,56.0,154,,485,,548.0,71.0,0.0,1.0,5.0,65.0,29.0,18.0,79.0,21.0,0.0,21.0,90.0,10.0,,,,,,,,,,,,,,,,,,,,,,,,,,,,,,,,,,,,,,,,,,,95,10.0,20.0,30.0,0.0,5.0,15.0,5.0,10.0,185,140,50,1.3,32.0,25,1.1,1.2,1.2,1.2,1.0,585,580,5,      8891,4.0,5.0,254.0,Verspreide huizen Midsland-Zuid
14740,BU00930112,Terschelling                            ,Buurt     ,BU00930112,1,20,10,10,0,5,5,5,5,15,10,0,0,10,10,5,15,0,0,5,0,,,,,15,10,0,5,1.4,3.0,5,,324,,,,,,,,,,,,,,,,,,,,,,,,,,,,,,,,,,,,,,,,,,,,,,,,,,,,,,,,,,10,,,,,,,,,15,15,0,,,0,3.6,3.2,3.5,3.5,0.5,645,626,19,      8891,5.0,5.0,78.0,Verspreide huizen Midsland-Noord
14741,WK009302  ,Terschelling                            ,Wijk      ,WK009302  ,1,295,150,150,30,35,70,95,65,145,125,15,15,265,15,15,260,5,10,10,10,,,,,140,50,40,50,2.1,55.0,127,,240,,576.0,62.0,0.0,0.0,7.0,55.0,38.0,13.0,85.0,15.0,0.0,15.0,95.0,5.0,,,,,,,,,,,,,,,,,,,,,,,,,,,,,,,,,,,,,,,,,,,100,10.0,15.0,35.0,5.0,5.0,20.0,10.0,5.0,195,155,40,1.4,36.0,35,2.0,0.5,2.0,1.9,2.2,544,544,0,         .,,5.0,178.0,Wijk 02 Formerum
14742,BU00930213,Terschelling                            ,Buurt     ,BU00930213,1,200,100,100,20,25,50,65,40,100,80,10,10,175,10,10,175,0,5,10,5,,,,,95,35,30,30,2.1,405.0,89,,95,,568.0,62.0,0.0,0.0,10.0,52.0,38.0,17.0,87.0,13.0,0.0,13.0,94.0,6.0,,,,,,,,,,,,,,,,,,,,,,,,,,,,,,,,,,,,,,,,,,,65,5.0,10.0,25.0,0.0,5.0,15.0,5.0,0.0,110,90,20,1.2,224.0,20,2.1,0.4,2.1,2.1,2.5,49,49,0,      8894,1.0,5.0,167.0,Formerum
14743,BU00930214,Terschelling                            ,Buurt     ,BU00930214,1,95,50,50,10,10,20,35,25,40,45,5,5,90,0,5,90,5,5,5,0,,,,,45,15,15,20,2.1,40.0,38,,144,,597.0,63.0,0.0,0.0,0.0,63.0,37.0,5.0,82.0,18.0,0.0,18.0,97.0,3.0,,,,,,,,,,,,,,,,,,,,,,,,,,,,,,,,,,,,,,,,,,,35,5.0,5.0,15.0,0.0,5.0,5.0,5.0,0.0,85,65,20,,,15,1.8,0.7,1.7,1.7,1.5,244,244,0,      8894,2.0,5.0,186.0,Verspreide huizen Formerum-Zuid
14744,BU00930215,Terschelling                            ,Buurt     ,BU00930215,1,0,0,0,0,0,0,0,0,0,0,0,0,0,0,0,0,0,0,0,0,,,,,0,0,0,0,,,0,,1,,,,,,,,,,,,,,,,,,,,,,,,,,,,,,,,,,,,,,,,,,,,,,,,,,,,,,,,,,0,,,,,,,,,0,0,0,,,0,,,,,,251,251,0,         .,,5.0,109.0,Verspreide huizen Formerum-Noord
14745,WK009303  ,Terschelling                            ,Wijk      ,WK009303  ,1,135,70,70,15,10,25,45,45,45,75,10,5,130,5,5,130,5,0,0,0,,,,,60,15,25,20,2.3,72.0,78,,57,,581.0,85.0,4.0,0.0,17.0,62.0,15.0,28.0,83.0,17.0,0.0,17.0,95.0,5.0,,,,,,,,,,,,,,,,,,,,,,,,,,,,,,,,,,,,,,,,,,,40,5.0,0.0,10.0,0.0,0.0,15.0,5.0,0.0,80,55,25,1.3,42.0,5,3.3,0.3,3.3,1.5,2.1,189,189,0,         .,,5.0,124.0,Wijk 03 Lies
14746,BU00930316,Terschelling                            ,Buurt     ,BU00930316,1,130,65,60,15,10,20,45,40,45,65,10,10,120,5,5,120,5,5,5,0,,,,,55,15,20,20,2.3,398.0,72,,51,,570.0,83.0,4.0,0.0,18.0,58.0,17.0,29.0,86.0,14.0,0.0,14.0,94.0,6.0,,,,,,,,,,,,,,,,,,,,,,,,,,,,,,,,,,,,,,,,,,,40,5.0,0.0,10.0,0.0,0.0,15.0,5.0,0.0,80,55,25,1.5,249.0,5,3.3,0.3,3.3,1.5,2.0,32,32,0,      8895,1.0,5.0,125.0,Lies
14747,BU00930317,Terschelling                            ,Buurt     ,BU00930317,1,10,0,5,0,0,0,0,5,0,5,0,0,5,0,0,10,0,0,0,0,,,,,5,0,0,5,1.8,,6,,6,,,,,,,,,,,,,,,,,,,,,,,,,,,,,,,,,,,,,,,,,,,,,,,,,,,,,,,,,,0,,,,,,,,,0,0,0,,,0,,,,,,157,157,0,      8894,3.0,5.0,118.0,Verspreide huizen Lies-Zuid
14748,WK009304  ,Terschelling                            ,Wijk      ,WK009304  ,1,490,230,260,75,40,90,160,120,215,215,35,30,455,15,20,455,5,15,10,10,,,,,235,90,80,65,2.1,49.0,239,,217,,524.0,78.0,3.0,4.0,14.0,57.0,22.0,12.0,76.0,24.0,8.0,16.0,97.0,3.0,,,,,,,,,,,,,,,,,,,,,,,,,,,,,,,,,,,,,,,,,,,125,10.0,20.0,30.0,0.0,10.0,25.0,15.0,15.0,305,255,50,1.3,31.0,25,4.5,1.4,4.5,0.5,2.0,999,999,0,         .,,5.0,123.0,Wijk 04 Hoorn
14749,BU00930418,Terschelling                            ,Buurt     ,BU00930418,1,5,5,5,0,5,0,5,0,5,0,0,0,5,0,0,5,0,0,0,0,,,,,5,0,0,0,2.0,,4,,12,,,,,,,,,,,,,,,,,,,,,,,,,,,,,,,,,,,,,,,,,,,,,,,,,,,,,,,,,,0,,,,,,,,,0,0,0,,,0,,,,,,680,680,0,      8896,2.0,5.0,115.0,Koegelwieck
14750,BU00930419,Terschelling                            ,Buurt     ,BU00930419,1,450,210,235,70,40,80,150,110,190,200,30,25,420,15,15,415,0,10,10,5,,,,,215,80,70,60,2.1,823.0,209,,128,,510.0,78.0,4.0,4.0,16.0,55.0,22.0,10.0,76.0,24.0,10.0,14.0,98.0,2.0,,,,,,,,,,,,,,,,,,,,,,,,,,,,,,,,,,,,,,,,,,,110,5.0,15.0,25.0,0.0,10.0,25.0,15.0,15.0,270,225,45,1.3,497.0,20,4.5,1.4,4.5,0.5,2.0,54,54,0,      8896,1.0,5.0,137.0,Hoorn
14751,BU00930420,Terschelling                            ,Buurt     ,BU00930420,1,35,20,20,10,0,5,15,10,20,15,5,5,30,5,5,30,0,5,0,0,,,,,20,10,10,0,1.9,15.0,26,,77,,655.0,81.0,0.0,0.0,0.0,81.0,19.0,23.0,85.0,15.0,0.0,15.0,96.0,4.0,,,,,,,,,,,,,,,,,,,,,,,,,,,,,,,,,,,,,,,,,,,15,,,,,,,,,35,30,5,,,5,4.6,1.4,4.5,1.0,2.0,264,264,0,      8897,4.0,5.0,90.0,Verspreide huizen Hoorn-Zuid
14752,WK009305  ,Terschelling                            ,Wijk      ,WK009305  ,1,135,65,70,20,20,30,45,25,65,50,15,5,115,15,5,115,5,0,10,5,,,,,55,15,20,20,2.4,4.0,63,,131,,508.0,54.0,0.0,0.0,13.0,38.0,46.0,25.0,71.0,29.0,0.0,29.0,97.0,3.0,,,,,,,,,,,,,,,,,,,,,,,,,,,,,,,,,,,,,,,,,,,20,,,,,,,,,60,45,10,1.1,2.0,5,7.2,4.0,7.1,2.7,1.9,3144,3141,4,         .,,5.0,62.0,Wijk 05 Oosterend
14753,BU00930521,Terschelling                            ,Buurt     ,BU00930521,1,125,60,65,20,20,25,40,20,65,45,15,5,105,15,5,105,5,0,5,0,,,,,50,10,15,20,2.5,463.0,52,,115,,525.0,58.0,0.0,0.0,15.0,38.0,42.0,19.0,67.0,33.0,0.0,33.0,96.0,4.0,,,,,,,,,,,,,,,,,,,,,,,,,,,,,,,,,,,,,,,,,,,15,,,,,,,,,50,40,10,1.0,182.0,0,7.2,4.0,7.1,2.7,2.0,27,27,0,      8897,1.0,5.0,65.0,Oosterend
14754,BU00930522,Terschelling                            ,Buurt     ,BU00930522,1,10,5,5,0,0,0,0,10,0,10,0,0,10,0,0,10,0,0,0,5,,,,,5,0,5,5,1.8,,11,,12,,,,,,,,,,,,,,,,,,,,,,,,,,,,,,,,,,,,,,,,,,,,,,,,,,,,,,,,,,10,,,,,,,,,10,10,0,,,0,,,,,,169,169,0,      8897,1.0,5.0,47.0,Verspreide huizen Oosterend-Zuid
14755,BU00930523,Terschelling                            ,Buurt     ,BU00930523,1,0,0,0,0,0,0,0,0,0,0,0,0,0,0,0,0,0,0,0,0,,,,,0,0,0,0,,,0,,4,,,,,,,,,,,,,,,,,,,,,,,,,,,,,,,,,,,,,,,,,,,,,,,,,,,,,,,,,,0,,,,,,,,,0,0,0,,,0,,,,,,2949,2945,4,      8897,6.0,5.0,15.0,De Boschplaat
15349,GM0737    ,Tytsjerksteradiel                       ,Gemeente  ,GM0737    ,1,32821,16375,16446,5080,3821,6984,8777,8159,14817,13908,2159,1937,29821,1069,1931,29821,445,711,624,1220,,,,,14020,4551,4675,4794,2.3,221.0,14377,,2332,,318.0,87.0,19.0,13.0,15.0,39.0,13.0,3.0,72.0,28.0,19.0,9.0,94.0,6.0,,,,,,,,,,,,,,,,,,,,,,,,,,,,,,,,,,,,,,,,,,,3800,285.0,690.0,630.0,200.0,135.0,855.0,595.0,410.0,18325,13680,4645,1.3,123.0,1815,1.6,1.4,0.8,0.9,3.1,16141,14863,1277,         .,,4.0,502.0,Tytsjerksteradiel
15350,WK073700  ,Tytsjerksteradiel                       ,Wijk      ,WK073700  ,1,10245,4975,5270,1540,1220,2070,2665,2755,4525,4285,720,715,8880,410,955,8880,135,275,280,680,,,,,4395,1555,1430,1410,2.2,809.0,4582,,859,,298.0,79.0,24.0,15.0,15.0,24.0,21.0,4.0,63.0,37.0,25.0,12.0,92.0,8.0,,,,,,,,,,,,,,,,,,,,,,,,,,,,,,,,,,,,,,,,,,,1035,25.0,160.0,220.0,55.0,40.0,250.0,165.0,125.0,5290,4055,1235,1.2,417.0,400,1.4,0.9,0.7,0.9,3.3,1368,1267,101,         .,,4.0,911.0,Wijk 00 Burgum
15351,BU07370000,Tytsjerksteradiel                       ,Buurt     ,BU07370000,1,9815,4750,5065,1480,1145,2000,2520,2665,4325,4080,705,700,8465,410,945,8460,130,265,275,680,,,,,4240,1535,1370,1340,2.1,2464.0,4426,,687,,291.0,78.0,24.0,16.0,16.0,22.0,22.0,4.0,62.0,38.0,26.0,12.0,92.0,8.0,,,,,,,,,,,,,,,,,,,,,,,,,,,,,,,,,,,,,,,,,,,925,10.0,140.0,200.0,50.0,35.0,225.0,155.0,115.0,5030,3890,1140,1.2,1263.0,355,1.4,0.8,0.7,0.8,3.4,410,398,12,      9251,1.0,4.0,952.0,Burgum
15352,BU07370009,Tytsjerksteradiel                       ,Buurt     ,BU07370009,1,435,225,210,50,75,70,140,95,200,200,15,15,425,0,15,425,0,5,0,0,,,,,150,25,60,70,2.8,50.0,156,,172,,509.0,100.0,0.0,0.0,1.0,99.0,0.0,7.0,92.0,8.0,0.0,8.0,92.0,8.0,,,,,,,,,,,,,,,,,,,,,,,,,,,,,,,,,,,,,,,,,,,110,20.0,20.0,20.0,5.0,5.0,25.0,5.0,10.0,260,165,95,1.7,30.0,40,2.4,2.0,1.9,2.0,2.8,958,868,89,      9251,2.0,5.0,276.0,Verspreide huizen Burgum
15353,WK073701  ,Tytsjerksteradiel                       ,Wijk      ,WK073701  ,1,3080,1510,1580,465,345,705,745,830,1440,1285,160,200,2760,205,120,2760,50,55,150,65,,,,,1360,485,465,410,2.2,169.0,1384,,132,,318.0,80.0,14.0,10.0,15.0,41.0,20.0,3.0,67.0,33.0,19.0,14.0,95.0,5.0,,,,,,,,,,,,,,,,,,,,,,,,,,,,,,,,,,,,,,,,,,,405,40.0,75.0,50.0,15.0,15.0,90.0,80.0,40.0,1635,1175,460,1.2,90.0,140,1.4,2.6,1.2,0.9,4.7,1863,1823,40,         .,,5.0,307.0,Wijk 01 Aldtsjerk
15354,BU07370100,Tytsjerksteradiel                       ,Buurt     ,BU07370100,1,675,335,340,110,80,175,160,150,340,280,30,25,510,140,25,510,15,5,125,20,,,,,300,100,95,105,2.2,544.0,248,,14,,351.0,94.0,11.0,9.0,12.0,63.0,6.0,2.0,78.0,22.0,19.0,3.0,98.0,2.0,,,,,,,,,,,,,,,,,,,,,,,,,,,,,,,,,,,,,,,,,,,95,10.0,25.0,10.0,5.0,0.0,15.0,15.0,15.0,350,255,90,1.2,281.0,35,2.0,3.2,1.9,0.5,3.6,126,124,2,      9064,1.0,5.0,101.0,Aldtsjerk
15355,BU07370101,Tytsjerksteradiel                       ,Buurt     ,BU07370101,1,1965,935,1025,285,210,425,470,575,860,840,115,150,1835,50,80,1835,30,40,20,40,,,,,915,350,315,250,2.1,1038.0,957,,56,,296.0,76.0,16.0,12.0,18.0,30.0,24.0,3.0,63.0,37.0,23.0,14.0,96.0,4.0,,,,,,,,,,,,,,,,,,,,,,,,,,,,,,,,,,,,,,,,,,,220,5.0,40.0,35.0,10.0,10.0,55.0,45.0,20.0,1095,800,295,1.2,578.0,75,0.6,1.8,0.5,0.5,5.9,190,189,0,      9062,1.0,5.0,408.0,Oentsjerk
15356,BU07370102,Tytsjerksteradiel                       ,Buurt     ,BU07370102,1,250,130,125,40,25,40,75,70,110,110,10,20,240,10,5,240,5,5,5,0,,,,,100,30,35,30,2.4,33.0,106,,10,,420.0,92.0,8.0,6.0,4.0,75.0,8.0,8.0,84.0,16.0,2.0,14.0,88.0,12.0,,,,,,,,,,,,,,,,,,,,,,,,,,,,,,,,,,,,,,,,,,,60,15.0,10.0,5.0,5.0,0.0,10.0,5.0,5.0,125,85,45,1.3,17.0,30,4.9,6.6,4.6,4.6,0.1,774,756,18,      9091,1.0,5.0,21.0,Verspreide huizen Wyns
15357,BU07370108,Tytsjerksteradiel                       ,Buurt     ,BU07370108,1,90,45,45,30,5,25,15,15,60,25,5,0,85,0,5,85,0,0,0,0,,,,,30,5,10,15,2.9,16.0,31,,5,,495.0,100.0,0.0,0.0,6.0,94.0,0.0,0.0,84.0,16.0,0.0,16.0,97.0,3.0,,,,,,,,,,,,,,,,,,,,,,,,,,,,,,,,,,,,,,,,,,,20,,,,,,,,,25,15,10,,,0,2.8,5.0,2.6,2.0,2.4,582,566,16,      9064,1.0,5.0,88.0,Verspreide huizen Aldtsjerk
15358,BU07370109,Tytsjerksteradiel                       ,Buurt     ,BU07370109,1,100,55,45,5,25,40,20,10,75,25,0,0,95,5,5,95,0,5,0,0,,,,,15,5,10,5,2.7,53.0,42,,47,,227.0,40.0,0.0,0.0,2.0,36.0,60.0,10.0,31.0,69.0,0.0,69.0,79.0,21.0,,,,,,,,,,,,,,,,,,,,,,,,,,,,,,,,,,,,,,,,,,,10,,,,,,,,,40,20,20,,,5,1.6,2.6,1.5,1.5,4.0,191,188,3,      9062,1.0,5.0,224.0,Verspreide huizen Oentsjerk
15359,WK073702  ,Tytsjerksteradiel                       ,Wijk      ,WK073702  ,1,2925,1475,1450,440,310,620,805,750,1315,1280,175,160,2740,65,120,2740,40,50,25,70,,,,,1270,375,455,440,2.3,327.0,1288,,108,,330.0,94.0,21.0,15.0,11.0,48.0,6.0,2.0,77.0,23.0,19.0,4.0,96.0,4.0,,,,,,,,,,,,,,,,,,,,,,,,,,,,,,,,,,,,,,,,,,,340,20.0,50.0,45.0,20.0,15.0,95.0,60.0,35.0,1695,1235,460,1.3,189.0,210,1.8,1.1,0.6,0.6,4.5,917,896,21,         .,,5.0,320.0,Wijk 02 Mûnein
15360,BU07370200,Tytsjerksteradiel                       ,Buurt     ,BU07370200,1,610,310,300,105,70,125,190,125,285,255,40,30,585,10,15,585,5,10,5,5,,,,,255,70,90,95,2.4,659.0,254,,6,,355.0,98.0,11.0,10.0,9.0,67.0,2.0,1.0,78.0,22.0,21.0,2.0,88.0,12.0,,,,,,,,,,,,,,,,,,,,,,,,,,,,,,,,,,,,,,,,,,,70,5.0,10.0,5.0,5.0,5.0,20.0,15.0,5.0,350,260,90,1.4,378.0,65,1.6,2.7,1.3,0.4,4.3,93,93,0,      9063,1.0,5.0,201.0,Mûnein
15361,BU07370201,Tytsjerksteradiel                       ,Buurt     ,BU07370201,1,2135,1080,1055,325,220,480,555,560,955,925,130,120,1985,50,100,1985,35,40,20,65,,,,,950,300,325,325,2.2,1062.0,964,,97,,313.0,93.0,25.0,17.0,12.0,39.0,7.0,2.0,75.0,25.0,20.0,5.0,98.0,2.0,,,,,,,,,,,,,,,,,,,,,,,,,,,,,,,,,,,,,,,,,,,240,10.0,30.0,35.0,15.0,10.0,70.0,40.0,30.0,1230,895,340,1.3,612.0,135,1.8,0.6,0.4,0.6,4.6,204,201,3,      9061,1.0,5.0,358.0,Gytsjerk
15362,BU07370208,Tytsjerksteradiel                       ,Buurt     ,BU07370208,1,75,35,40,10,5,10,20,30,30,40,0,5,75,0,0,75,0,0,0,0,,,,,20,0,15,10,2.6,31.0,25,,2,,492.0,100.0,0.0,0.0,0.0,100.0,0.0,0.0,96.0,4.0,4.0,0.0,96.0,4.0,,,,,,,,,,,,,,,,,,,,,,,,,,,,,,,,,,,,,,,,,,,15,,,,,,,,,45,30,15,,,5,2.0,2.8,1.9,1.0,3.8,250,238,11,      9063,1.0,5.0,151.0,Verspreide huizen Mûnein
15363,BU07370209,Tytsjerksteradiel                       ,Buurt     ,BU07370209,1,105,50,55,0,10,10,45,40,45,55,5,5,100,0,5,100,5,5,0,0,,,,,45,10,25,10,2.2,29.0,45,,3,,475.0,98.0,0.0,0.0,0.0,98.0,2.0,0.0,93.0,7.0,0.0,7.0,96.0,4.0,,,,,,,,,,,,,,,,,,,,,,,,,,,,,,,,,,,,,,,,,,,15,,,,,,,,,70,55,15,,,5,2.4,1.4,1.1,1.1,3.7,370,364,7,      9061,2.0,5.0,216.0,Verspreide huizen Gytsjerk
15364,WK073703  ,Tytsjerksteradiel                       ,Wijk      ,WK073703  ,1,770,395,375,115,85,160,240,170,335,340,55,40,710,20,40,710,10,20,10,20,,,,,340,105,115,125,2.3,103.0,329,,16,,361.0,100.0,11.0,10.0,13.0,66.0,0.0,2.0,81.0,19.0,16.0,2.0,96.0,4.0,,,,,,,,,,,,,,,,,,,,,,,,,,,,,,,,,,,,,,,,,,,100,10.0,10.0,10.0,10.0,0.0,25.0,20.0,5.0,490,355,140,1.4,66.0,85,2.8,2.4,0.6,0.6,4.1,803,751,52,         .,,5.0,156.0,Wijk 03 Ryptsjerk
15365,BU07370300,Tytsjerksteradiel                       ,Buurt     ,BU07370300,1,680,345,335,105,80,150,205,145,300,300,50,30,645,15,25,640,5,10,5,10,,,,,295,85,100,110,2.3,438.0,295,,9,,344.0,100.0,12.0,12.0,14.0,62.0,0.0,1.0,80.0,20.0,18.0,2.0,96.0,4.0,,,,,,,,,,,,,,,,,,,,,,,,,,,,,,,,,,,,,,,,,,,75,5.0,10.0,5.0,10.0,0.0,20.0,15.0,5.0,435,320,115,1.5,279.0,80,2.7,2.4,0.5,0.5,4.3,157,155,1,      9256,1.0,5.0,165.0,Ryptsjerk
15366,BU07370309,Tytsjerksteradiel                       ,Buurt     ,BU07370309,1,90,50,40,10,10,15,30,25,35,40,10,5,65,5,15,65,0,5,5,15,,,,,45,15,15,10,2.0,15.0,34,,7,,513.0,100.0,0.0,0.0,0.0,100.0,0.0,9.0,94.0,6.0,0.0,6.0,100.0,0.0,,,,,,,,,,,,,,,,,,,,,,,,,,,,,,,,,,,,,,,,,,,20,,,,,,,,,60,35,25,,,5,3.5,2.9,1.5,1.6,2.7,646,595,50,      9256,1.0,5.0,88.0,Verspreide huizen Ryptsjerk
15367,WK073704  ,Tytsjerksteradiel                       ,Wijk      ,WK073704  ,1,2235,1140,1090,390,270,455,615,510,1035,970,130,105,2090,65,75,2090,45,40,25,35,,,,,925,265,310,355,2.4,90.0,932,,105,,347.0,98.0,18.0,11.0,18.0,51.0,2.0,2.0,88.0,12.0,5.0,7.0,96.0,4.0,,,,,,,,,,,,,,,,,,,,,,,,,,,,,,,,,,,,,,,,,,,295,55.0,45.0,35.0,10.0,15.0,70.0,50.0,25.0,1340,970,370,1.5,54.0,165,4.2,3.9,1.0,1.0,1.7,2594,2485,108,         .,,5.0,175.0,Wijk 04 Tytsjerk
15368,BU07370400,Tytsjerksteradiel                       ,Buurt     ,BU07370400,1,1395,715,685,235,150,290,370,360,610,625,85,75,1285,45,60,1285,35,35,15,30,,,,,600,175,210,220,2.3,433.0,604,,69,,328.0,100.0,24.0,15.0,22.0,38.0,0.0,1.0,90.0,10.0,4.0,6.0,95.0,5.0,,,,,,,,,,,,,,,,,,,,,,,,,,,,,,,,,,,,,,,,,,,155,5.0,25.0,20.0,5.0,5.0,45.0,30.0,15.0,830,615,215,1.4,257.0,75,3.3,3.0,0.7,0.7,2.3,341,323,18,      9255,1.0,5.0,240.0,Tytsjerk
15369,BU07370401,Tytsjerksteradiel                       ,Buurt     ,BU07370401,1,540,280,265,95,75,105,170,90,275,220,25,20,520,15,10,520,5,0,10,0,,,,,220,70,65,85,2.4,176.0,214,,15,,371.0,100.0,8.0,7.0,17.0,68.0,0.0,2.0,86.0,14.0,10.0,3.0,97.0,3.0,,,,,,,,,,,,,,,,,,,,,,,,,,,,,,,,,,,,,,,,,,,80,15.0,10.0,5.0,0.0,5.0,20.0,15.0,10.0,345,260,85,1.6,112.0,55,5.6,5.1,0.4,0.4,1.0,313,308,5,      9265,1.0,5.0,62.0,Suwâld
15370,BU07370408,Tytsjerksteradiel                       ,Buurt     ,BU07370408,1,210,115,100,40,30,45,50,50,105,85,10,5,200,10,5,200,5,0,0,0,,,,,75,20,20,30,2.7,23.0,82,,18,,387.0,83.0,0.0,0.0,1.0,82.0,17.0,7.0,78.0,22.0,0.0,22.0,98.0,2.0,,,,,,,,,,,,,,,,,,,,,,,,,,,,,,,,,,,,,,,,,,,40,15.0,5.0,5.0,0.0,0.0,5.0,5.0,0.0,125,80,50,1.7,14.0,30,5.8,5.3,3.7,3.8,0.2,917,906,11,      9255,2.0,5.0,59.0,Verspreide huizen Tytsjerk
15371,BU07370409,Tytsjerksteradiel                       ,Buurt     ,BU07370409,1,85,45,40,15,15,15,25,10,45,40,5,0,85,0,0,85,0,0,0,0,,,,,25,0,10,20,3.1,9.0,32,,3,,443.0,100.0,0.0,0.0,0.0,100.0,0.0,13.0,84.0,16.0,0.0,16.0,97.0,3.0,,,,,,,,,,,,,,,,,,,,,,,,,,,,,,,,,,,,,,,,,,,20,,,,,,,,,40,20,20,,,5,7.2,6.6,3.5,3.5,0.4,1024,949,75,      9265,1.0,5.0,11.0,Verspreide huizen Suwâld
15372,WK073705  ,Tytsjerksteradiel                       ,Wijk      ,WK073705  ,1,2230,1135,1095,340,260,465,655,515,1025,990,100,120,2145,30,55,2145,15,25,10,30,,,,,940,275,330,340,2.4,97.0,967,,481,,343.0,94.0,10.0,9.0,17.0,58.0,6.0,7.0,80.0,20.0,11.0,9.0,96.0,4.0,,,,,,,,,,,,,,,,,,,,,,,,,,,,,,,,,,,,,,,,,,,360,30.0,75.0,60.0,25.0,10.0,70.0,40.0,45.0,1375,995,380,1.5,60.0,165,1.6,0.7,0.7,0.8,1.5,2572,2296,276,         .,,5.0,180.0,Wijk 05 Earnewâld
15373,BU07370500,Tytsjerksteradiel                       ,Buurt     ,BU07370500,1,350,175,175,50,35,75,110,80,165,140,20,20,340,5,10,340,5,5,0,5,,,,,170,65,55,45,2.1,339.0,159,,415,,341.0,96.0,11.0,13.0,19.0,53.0,4.0,10.0,73.0,27.0,11.0,16.0,97.0,3.0,,,,,,,,,,,,,,,,,,,,,,,,,,,,,,,,,,,,,,,,,,,85,0.0,15.0,20.0,10.0,5.0,20.0,5.0,15.0,230,155,75,1.4,225.0,20,5.0,0.8,0.5,0.5,1.0,150,103,47,      9264,1.0,5.0,171.0,Earnewâld
15374,BU07370501,Tytsjerksteradiel                       ,Buurt     ,BU07370501,1,1500,755,745,240,165,335,405,360,685,675,65,80,1445,20,40,1445,15,15,5,25,,,,,635,185,225,230,2.4,1047.0,666,,40,,312.0,93.0,12.0,10.0,19.0,52.0,7.0,5.0,79.0,21.0,13.0,8.0,95.0,5.0,,,,,,,,,,,,,,,,,,,,,,,,,,,,,,,,,,,,,,,,,,,185,10.0,45.0,35.0,5.0,5.0,35.0,30.0,25.0,905,690,215,1.4,631.0,120,0.6,0.4,0.5,0.6,1.7,144,143,0,      9263,1.0,5.0,219.0,Garyp
15375,BU07370508,Tytsjerksteradiel                       ,Buurt     ,BU07370508,1,50,30,25,10,10,5,15,10,25,20,5,5,50,0,5,50,0,0,0,0,,,,,15,5,5,5,2.8,10.0,20,,9,,497.0,100.0,0.0,0.0,0.0,100.0,0.0,20.0,85.0,15.0,0.0,15.0,95.0,5.0,,,,,,,,,,,,,,,,,,,,,,,,,,,,,,,,,,,,,,,,,,,20,,,,,,,,,25,15,10,,,5,5.1,1.2,1.1,1.1,1.0,596,509,87,      9264,3.0,5.0,58.0,Verspreide huizen Earnewâld
15376,BU07370509,Tytsjerksteradiel                       ,Buurt     ,BU07370509,1,330,175,155,45,50,50,125,60,150,155,15,15,315,5,10,315,5,5,0,5,,,,,115,15,45,55,2.8,21.0,122,,17,,486.0,93.0,0.0,0.0,3.0,90.0,7.0,7.0,95.0,5.0,0.0,5.0,99.0,1.0,,,,,,,,,,,,,,,,,,,,,,,,,,,,,,,,,,,,,,,,,,,70,20.0,15.0,5.0,5.0,0.0,10.0,5.0,5.0,210,135,80,1.8,14.0,20,1.9,1.7,1.7,1.8,1.3,1682,1540,142,      9263,1.0,5.0,63.0,Verspreide huizen Garyp
15377,WK073706  ,Tytsjerksteradiel                       ,Wijk      ,WK073706  ,1,1380,725,650,210,170,315,400,290,635,620,70,50,1310,20,45,1310,15,20,10,20,,,,,575,160,205,205,2.4,121.0,578,,208,,341.0,96.0,15.0,12.0,12.0,56.0,4.0,2.0,77.0,23.0,20.0,3.0,98.0,2.0,,,,,,,,,,,,,,,,,,,,,,,,,,,,,,,,,,,,,,,,,,,205,20.0,55.0,30.0,20.0,5.0,45.0,15.0,20.0,895,680,215,1.6,79.0,90,3.1,2.9,1.1,1.1,1.7,1169,1138,31,         .,,5.0,168.0,Wijk 06 Sumar
15378,BU07370600,Tytsjerksteradiel                       ,Buurt     ,BU07370600,1,920,480,445,145,110,230,245,195,425,410,45,40,870,10,40,870,10,20,5,15,,,,,410,130,140,135,2.3,493.0,411,,115,,304.0,94.0,21.0,18.0,16.0,39.0,6.0,1.0,71.0,29.0,26.0,3.0,99.0,1.0,,,,,,,,,,,,,,,,,,,,,,,,,,,,,,,,,,,,,,,,,,,105,0.0,25.0,20.0,5.0,0.0,25.0,10.0,10.0,560,435,125,1.4,301.0,50,3.0,2.7,0.4,0.4,2.0,197,187,10,      9262,1.0,5.0,231.0,Sumar
15379,BU07370609,Tytsjerksteradiel                       ,Buurt     ,BU07370609,1,455,250,210,65,60,85,155,90,215,210,25,10,445,10,5,445,5,0,0,5,,,,,170,30,70,70,2.6,48.0,167,,93,,432.0,99.0,0.0,0.0,3.0,96.0,1.0,4.0,93.0,7.0,4.0,3.0,96.0,4.0,,,,,,,,,,,,,,,,,,,,,,,,,,,,,,,,,,,,,,,,,,,105,20.0,30.0,10.0,15.0,0.0,15.0,5.0,10.0,335,240,90,2.0,35.0,40,3.3,3.3,2.5,2.6,1.1,972,951,21,      9262,1.0,5.0,42.0,Verspreide huizen Sumar
15380,WK073707  ,Tytsjerksteradiel                       ,Wijk      ,WK073707  ,1,2545,1300,1245,435,310,555,705,540,1205,1060,155,120,2435,45,60,2435,25,30,25,30,,,,,1050,315,335,400,2.4,108.0,1038,,114,,358.0,94.0,11.0,8.0,13.0,62.0,6.0,3.0,78.0,22.0,17.0,5.0,97.0,3.0,,,,,,,,,,,,,,,,,,,,,,,,,,,,,,,,,,,,,,,,,,,345,45.0,75.0,65.0,15.0,15.0,60.0,35.0,35.0,1555,1105,445,1.5,66.0,130,1.5,1.5,0.9,0.9,1.9,2989,2366,623,         .,,5.0,106.0,Wijk 07 Eastermar
15381,BU07370700,Tytsjerksteradiel                       ,Buurt     ,BU07370700,1,1285,665,625,215,150,280,355,280,610,540,70,60,1235,20,30,1235,10,15,10,20,,,,,550,175,180,195,2.3,407.0,550,,36,,335.0,92.0,13.0,11.0,17.0,51.0,8.0,3.0,75.0,25.0,19.0,6.0,97.0,3.0,,,,,,,,,,,,,,,,,,,,,,,,,,,,,,,,,,,,,,,,,,,165,15.0,40.0,30.0,5.0,5.0,35.0,15.0,25.0,755,535,220,1.4,238.0,60,0.6,0.7,0.7,0.7,1.0,329,316,13,      9261,1.0,5.0,130.0,Eastermar
15382,BU07370701,Tytsjerksteradiel                       ,Buurt     ,BU07370701,1,580,295,285,115,75,140,150,100,295,215,40,30,555,10,20,550,5,15,5,5,,,,,240,80,60,100,2.4,848.0,239,,15,,328.0,97.0,15.0,11.0,12.0,59.0,3.0,2.0,73.0,27.0,24.0,3.0,100.0,0.0,,,,,,,,,,,,,,,,,,,,,,,,,,,,,,,,,,,,,,,,,,,35,0.0,10.0,5.0,0.0,0.0,5.0,5.0,5.0,290,230,60,1.2,422.0,30,2.3,2.2,0.3,0.4,3.8,69,68,0,      9258,1.0,5.0,106.0,Jistrum
15383,BU07370708,Tytsjerksteradiel                       ,Buurt     ,BU07370708,1,300,150,155,40,35,50,85,85,125,150,15,10,290,5,5,295,0,0,0,0,,,,,115,25,45,45,2.6,23.0,106,,46,,483.0,99.0,0.0,0.0,4.0,95.0,1.0,3.0,92.0,8.0,0.0,8.0,97.0,3.0,,,,,,,,,,,,,,,,,,,,,,,,,,,,,,,,,,,,,,,,,,,70,20.0,10.0,15.0,0.0,0.0,10.0,5.0,0.0,195,115,80,1.7,15.0,15,2.5,2.7,2.3,2.4,1.2,1800,1316,484,      9261,1.0,5.0,34.0,Verspreide huizen Eastermar
15384,BU07370709,Tytsjerksteradiel                       ,Buurt     ,BU07370709,1,380,190,185,65,50,80,110,75,175,150,25,20,355,15,10,355,5,5,5,5,,,,,140,35,45,60,2.7,57.0,143,,17,,409.0,92.0,1.0,1.0,3.0,85.0,8.0,7.0,83.0,17.0,10.0,7.0,94.0,6.0,,,,,,,,,,,,,,,,,,,,,,,,,,,,,,,,,,,,,,,,,,,75,10.0,15.0,20.0,5.0,5.0,5.0,5.0,5.0,315,225,90,2.2,48.0,25,2.5,2.4,1.2,1.3,2.8,792,665,127,      9258,1.0,5.0,84.0,Verspreide huizen Jistrum
15385,WK073708  ,Tytsjerksteradiel                       ,Wijk      ,WK073708  ,1,2285,1185,1105,380,275,500,660,475,1070,950,170,100,2155,35,100,2155,10,35,15,65,,,,,885,230,300,355,2.5,286.0,896,,49,,355.0,95.0,13.0,9.0,12.0,62.0,5.0,2.0,76.0,24.0,18.0,6.0,96.0,4.0,,,,,,,,,,,,,,,,,,,,,,,,,,,,,,,,,,,,,,,,,,,270,20.0,75.0,40.0,10.0,10.0,40.0,40.0,30.0,1275,955,320,1.4,159.0,145,0.9,0.9,0.8,0.9,2.7,808,801,7,         .,,5.0,212.0,Wijk 08 Noordburgum
15386,BU07370800,Tytsjerksteradiel                       ,Buurt     ,BU07370800,1,1535,800,735,290,190,385,430,245,765,620,85,55,1440,25,75,1440,10,30,15,45,,,,,620,165,190,260,2.5,1153.0,623,,24,,314.0,96.0,17.0,11.0,15.0,54.0,4.0,1.0,73.0,27.0,23.0,3.0,97.0,3.0,,,,,,,,,,,,,,,,,,,,,,,,,,,,,,,,,,,,,,,,,,,150,5.0,50.0,20.0,5.0,5.0,20.0,30.0,15.0,875,695,185,1.4,659.0,115,0.5,0.6,0.5,0.5,2.5,133,133,0,      9257,1.0,5.0,229.0,Noordburgum
15387,BU07370809,Tytsjerksteradiel                       ,Buurt     ,BU07370809,1,755,385,370,90,90,115,230,230,305,330,80,40,715,10,25,715,5,10,10,15,,,,,265,60,105,95,2.5,113.0,273,,25,,449.0,93.0,4.0,3.0,4.0,81.0,7.0,4.0,83.0,17.0,5.0,12.0,95.0,5.0,,,,,,,,,,,,,,,,,,,,,,,,,,,,,,,,,,,,,,,,,,,120,15.0,25.0,20.0,5.0,10.0,20.0,10.0,15.0,395,260,135,1.5,59.0,30,1.6,1.4,1.5,1.7,2.9,675,668,7,      9257,1.0,5.0,175.0,Verspreide huizen Noordburgum
15388,WK073709  ,Tytsjerksteradiel                       ,Wijk      ,WK073709  ,1,5115,2535,2575,775,565,1145,1295,1335,2235,2130,420,335,4585,170,360,4585,100,150,75,205,,,,,2280,785,735,755,2.2,492.0,2383,,260,,283.0,88.0,27.0,17.0,20.0,25.0,12.0,3.0,74.0,26.0,16.0,11.0,91.0,9.0,,,,,,,,,,,,,,,,,,,,,,,,,,,,,,,,,,,,,,,,,,,450,15.0,65.0,75.0,20.0,10.0,115.0,90.0,55.0,2770,2155,610,1.2,266.0,275,0.9,0.7,0.8,0.9,3.0,1058,1041,18,         .,,4.0,595.0,Wijk 09 Hurdegaryp
15389,BU07370900,Tytsjerksteradiel                       ,Buurt     ,BU07370900,1,4790,2370,2420,725,525,1095,1185,1255,2090,1975,400,320,4275,170,345,4275,95,145,70,205,,,,,2155,765,685,710,2.2,1560.0,2257,,249,,276.0,88.0,28.0,18.0,21.0,21.0,12.0,3.0,73.0,27.0,16.0,11.0,91.0,9.0,,,,,,,,,,,,,,,,,,,,,,,,,,,,,,,,,,,,,,,,,,,420,10.0,60.0,70.0,15.0,10.0,110.0,85.0,55.0,2605,2040,565,1.2,849.0,250,0.9,0.6,0.8,0.8,3.0,318,307,11,      9254,1.0,4.0,619.0,Hurdegaryp
15390,BU07370909,Tytsjerksteradiel                       ,Buurt     ,BU07370909,1,330,170,160,45,40,50,110,80,145,155,15,10,310,5,10,310,5,5,5,5,,,,,125,20,55,50,2.6,45.0,126,,11,,418.0,98.0,0.0,0.0,4.0,94.0,2.0,2.0,93.0,7.0,0.0,7.0,94.0,6.0,,,,,,,,,,,,,,,,,,,,,,,,,,,,,,,,,,,,,,,,,,,30,5.0,5.0,5.0,0.0,0.0,5.0,5.0,0.0,160,115,45,1.3,22.0,25,2.0,2.0,1.1,2.0,2.7,740,734,6,      9254,1.0,5.0,146.0,Verspreide huizen Hurdegaryp
16248,GM0096    ,Vlieland                                ,Gemeente  ,GM0096    ,1,1217,619,598,95,156,333,363,270,639,421,95,62,957,193,67,957,28,27,165,40,,,,,733,423,188,122,1.6,29.0,643,,752,,426.0,69.0,24.0,17.0,16.0,11.0,31.0,15.0,38.0,62.0,32.0,30.0,81.0,19.0,,,,,,,,,,,,,,,,,,,,,,,,,,,,,,,,,,,,,,,,,,,320,5.0,50.0,80.0,35.0,10.0,60.0,40.0,40.0,480,385,95,0.7,11.0,70,0.7,0.6,0.8,0.8,1.0,31580,4184,27396,         .,,5.0,225.0,Vlieland
16249,WK009600  ,Vlieland                                ,Wijk      ,WK009600  ,1,1215,620,595,95,155,335,365,270,640,420,95,60,955,195,70,955,25,30,165,40,,,,,730,425,185,120,1.6,29.0,643,,752,,426.0,69.0,24.0,17.0,16.0,11.0,31.0,15.0,38.0,62.0,32.0,30.0,81.0,19.0,,,,,,,,,,,,,,,,,,,,,,,,,,,,,,,,,,,,,,,,,,,320,5.0,50.0,80.0,35.0,10.0,60.0,40.0,40.0,480,385,95,0.7,11.0,70,0.7,0.6,0.8,0.8,1.0,4249,4184,65,         .,,5.0,225.0,Wijk 00
16250,BU00960000,Vlieland                                ,Buurt     ,BU00960000,1,1150,590,565,85,135,305,355,270,580,410,95,60,910,175,65,910,30,25,145,40,,,,,685,380,190,120,1.7,1440.0,628,,346,,420.0,69.0,25.0,17.0,16.0,10.0,31.0,14.0,39.0,61.0,33.0,29.0,81.0,19.0,,,,,,,,,,,,,,,,,,,,,,,,,,,,,,,,,,,,,,,,,,,300,5.0,50.0,75.0,30.0,10.0,55.0,40.0,35.0,460,370,90,0.7,576.0,70,0.6,0.5,0.7,0.7,1.0,80,80,0,      8899,1.0,5.0,257.0,Oost-Vlieland
16251,BU00960009,Vlieland                                ,Buurt     ,BU00960009,1,70,30,30,10,20,30,5,0,55,10,0,0,45,20,0,45,0,0,20,5,,,,,50,40,0,5,1.3,2.0,15,,406,,,,,,,,,,,,,,,,,,,,,,,,,,,,,,,,,,,,,,,,,,,,,,,,,,,,,,,,,,15,,,,,,,,,20,15,5,,,0,2.4,1.9,2.6,2.6,0.8,4169,4104,65,      8899,1.0,5.0,152.0,Verspreide huizen Vlieland
16501,GM1949    ,Waadhoeke                               ,Gemeente  ,GM1949    ,1,46857,23759,23098,6907,5301,10110,13166,11373,21590,19232,3431,2604,41469,2420,2968,41469,919,1132,1501,1836,,,,,20910,7313,6798,6799,2.2,164.0,21596,,2736,,269.0,90.0,16.0,12.0,28.0,34.0,10.0,4.0,68.0,32.0,24.0,8.0,95.0,5.0,,,,,,,,,,,,,,,,,,,,,,,,,,,,,,,,,,,,,,,,,,,5840,700.0,1145.0,935.0,295.0,210.0,1140.0,815.0,605.0,26060,19465,6600,1.2,91.0,2955,1.5,1.7,0.9,1.0,2.5,31582,28542,3040,         .,,5.0,481.0,Waadhoeke
16502,WK194915  ,Waadhoeke                               ,Wijk      ,WK194915  ,1,570,280,290,85,55,130,175,125,270,235,40,30,535,20,10,540,10,10,10,0,,,,,265,105,80,80,2.1,76.0,276,,29,,275.0,99.0,8.0,7.0,39.0,45.0,1.0,5.0,77.0,23.0,15.0,8.0,99.0,1.0,,,,,,,,,,,,,,,,,,,,,,,,,,,,,,,,,,,,,,,,,,,90,20.0,15.0,10.0,10.0,5.0,15.0,10.0,5.0,335,230,105,1.2,44.0,45,5.3,3.1,0.5,0.5,1.7,762,756,6,         .,,5.0,79.0,Achlum
16503,BU19491500,Waadhoeke                               ,Buurt     ,BU19491500,1,75,40,35,15,5,15,30,10,35,35,5,5,75,0,0,80,0,5,0,0,,,,,30,5,10,15,2.8,11.0,32,,5,,441.0,100.0,0.0,0.0,6.0,94.0,0.0,19.0,69.0,31.0,0.0,31.0,91.0,9.0,,,,,,,,,,,,,,,,,,,,,,,,,,,,,,,,,,,,,,,,,,,25,10.0,5.0,0.0,0.0,5.0,5.0,0.0,0.0,35,20,20,,,5,5.9,4.2,1.8,1.8,0.9,730,724,6,      8806,1.0,5.0,29.0,Buitengebied Achlum
16504,BU19491501,Waadhoeke                               ,Buurt     ,BU19491501,1,495,240,255,70,45,125,150,115,230,200,35,25,465,20,10,460,10,10,10,5,,,,,240,100,75,65,2.1,1549.0,244,,24,,254.0,98.0,9.0,7.0,43.0,39.0,2.0,4.0,78.0,22.0,17.0,5.0,100.0,0.0,,,,,,,,,,,,,,,,,,,,,,,,,,,,,,,,,,,,,,,,,,,65,5.0,10.0,10.0,10.0,0.0,15.0,10.0,5.0,295,210,85,1.2,926.0,40,5.2,3.0,0.3,0.3,1.9,32,32,0,      8806,1.0,5.0,86.0,Achlum
16505,WK194916  ,Waadhoeke                               ,Wijk      ,WK194916  ,1,4910,2450,2465,740,595,1025,1230,1325,2255,1935,350,375,4085,205,625,4085,90,155,115,470,,,,,2060,775,615,670,2.2,187.0,2230,,297,,252.0,84.0,13.0,10.0,28.0,33.0,16.0,5.0,57.0,43.0,35.0,8.0,95.0,5.0,,,,,,,,,,,,,,,,,,,,,,,,,,,,,,,,,,,,,,,,,,,495,50.0,80.0,125.0,15.0,20.0,90.0,65.0,55.0,2465,1920,545,1.2,94.0,290,1.0,0.8,0.8,0.8,2.2,2645,2633,12,         .,,5.0,491.0,St.-Annaparochie
16506,BU19491600,Waadhoeke                               ,Buurt     ,BU19491600,1,755,445,310,120,120,195,215,105,420,270,45,25,420,35,300,420,15,25,20,275,,,,,200,65,70,65,2.3,31.0,219,,18,,320.0,100.0,1.0,2.0,13.0,84.0,0.0,9.0,89.0,11.0,0.0,11.0,98.0,2.0,,,,,,,,,,,,,,,,,,,,,,,,,,,,,,,,,,,,,,,,,,,90,35.0,10.0,15.0,0.0,0.0,15.0,5.0,5.0,290,205,85,1.4,12.0,60,2.4,2.3,2.3,2.3,1.6,2454,2442,12,      9076,1.0,5.0,56.0,Buitengebied St.-Annaparochie
16507,BU19491601,Waadhoeke                               ,Buurt     ,BU19491601,1,80,50,35,5,10,15,30,15,35,40,5,0,80,0,0,80,0,0,5,0,,,,,30,0,15,15,2.7,822.0,30,,20,,495.0,90.0,0.0,0.0,0.0,90.0,10.0,0.0,90.0,10.0,0.0,10.0,83.0,17.0,,,,,,,,,,,,,,,,,,,,,,,,,,,,,,,,,,,,,,,,,,,35,0.0,10.0,10.0,0.0,0.0,10.0,0.0,5.0,75,50,25,,,30,0.7,0.9,0.9,0.8,3.0,10,10,0,      9076,1.0,5.0,461.0,St.-Annaparochie Bedr. Nij Toerenburg
16508,BU19491602,Waadhoeke                               ,Buurt     ,BU19491602,1,795,350,440,100,70,125,125,365,290,265,70,165,715,20,55,715,15,25,5,30,,,,,355,180,85,90,1.9,2745.0,455,,56,,195.0,61.0,15.0,13.0,21.0,13.0,39.0,5.0,33.0,67.0,45.0,23.0,100.0,0.0,,,,,,,,,,,,,,,,,,,,,,,,,,,,,,,,,,,,,,,,,,,65,0.0,5.0,25.0,0.0,5.0,5.0,10.0,15.0,320,280,40,0.9,1116.0,30,0.4,0.3,0.2,0.3,2.3,29,29,0,      9076,1.0,4.0,647.0,St.-Annaparochie Zuidoost
16509,BU19491603,Waadhoeke                               ,Buurt     ,BU19491603,1,480,240,240,60,60,75,145,135,185,265,20,15,460,10,10,460,10,5,5,5,,,,,205,45,85,70,2.4,1439.0,202,,4,,330.0,100.0,4.0,4.0,33.0,58.0,0.0,2.0,85.0,14.0,12.0,2.0,98.0,2.0,,,,,,,,,,,,,,,,,,,,,,,,,,,,,,,,,,,,,,,,,,,40,0.0,5.0,5.0,0.0,5.0,10.0,5.0,5.0,265,195,75,1.3,794.0,15,0.9,0.7,0.7,0.8,2.3,34,34,0,      9076,1.0,4.0,521.0,St.-Annaparochie Noordwest
16510,BU19491604,Waadhoeke                               ,Buurt     ,BU19491604,1,1595,780,815,255,200,375,440,325,835,560,120,85,1390,65,130,1395,30,50,40,85,,,,,720,285,185,255,2.2,4099.0,754,,29,,234.0,93.0,16.0,12.0,42.0,23.0,7.0,5.0,54.0,46.0,43.0,3.0,89.0,11.0,,,,,,,,,,,,,,,,,,,,,,,,,,,,,,,,,,,,,,,,,,,115,0.0,20.0,20.0,5.0,5.0,25.0,25.0,15.0,850,660,190,1.2,2183.0,105,0.6,0.5,0.8,0.7,2.3,39,39,0,      9076,1.0,4.0,547.0,St.-Annaparochie Noordoost
16511,BU19491605,Waadhoeke                               ,Buurt     ,BU19491605,1,1190,580,615,195,120,235,265,380,480,525,95,85,1000,70,120,1000,25,50,45,75,,,,,550,195,180,175,2.2,2688.0,564,,24,,255.0,78.0,18.0,11.0,19.0,31.0,22.0,3.0,55.0,45.0,41.0,4.0,98.0,2.0,,,,,,,,,,,,,,,,,,,,,,,,,,,,,,,,,,,,,,,,,,,90,5.0,15.0,15.0,5.0,0.0,20.0,20.0,10.0,600,485,115,1.1,1352.0,50,1.0,0.7,0.3,0.3,2.1,44,44,0,      9076,1.0,4.0,517.0,St.-Annaparochie Zuidwest
16512,BU19491606,Waadhoeke                               ,Buurt     ,BU19491606,1,15,10,10,5,5,5,5,0,10,5,0,0,15,0,0,20,0,0,0,0,,,,,5,0,0,0,2.8,48.0,6,,146,,,,,,,,,,,,,,,,,,,,,,,,,,,,,,,,,,,,,,,,,,,,,,,,,,,,,,,,,,60,5.0,15.0,30.0,5.0,5.0,5.0,0.0,0.0,60,45,15,,,5,1.0,0.5,0.7,0.7,2.0,36,36,0,      9076,1.0,5.0,217.0,St.-Annaparochie Bedrijventer. de Wissel
16513,WK194917  ,Waadhoeke                               ,Wijk      ,WK194917  ,1,115,60,55,10,15,25,35,25,50,50,15,0,105,5,5,105,0,0,0,0,,,,,45,10,25,20,2.4,53.0,48,,4,,334.0,100.0,2.0,6.0,8.0,83.0,0.0,2.0,98.0,2.0,0.0,2.0,98.0,2.0,,,,,,,,,,,,,,,,,,,,,,,,,,,,,,,,,,,,,,,,,,,15,,,,,,,,,60,45,15,,,15,2.1,2.1,2.3,2.3,1.9,215,213,1,         .,,5.0,50.0,Baaium
16514,BU19491700,Waadhoeke                               ,Buurt     ,BU19491700,1,110,55,55,15,15,25,35,25,45,50,10,0,105,5,0,105,0,0,5,0,,,,,45,10,25,15,2.4,53.0,48,,4,,334.0,100.0,2.0,6.0,8.0,83.0,0.0,2.0,98.0,2.0,0.0,2.0,98.0,2.0,,,,,,,,,,,,,,,,,,,,,,,,,,,,,,,,,,,,,,,,,,,15,,,,,,,,,60,45,15,,,15,2.1,2.1,2.3,2.3,1.9,215,213,1,      8841,1.0,5.0,50.0,Baaium
16515,WK194918  ,Waadhoeke                               ,Wijk      ,WK194918  ,1,2695,1405,1290,490,295,680,690,530,1305,1120,170,100,2455,110,130,2455,40,60,65,75,,,,,1185,400,360,420,2.3,383.0,1158,,149,,276.0,96.0,10.0,10.0,36.0,39.0,4.0,3.0,71.0,29.0,23.0,6.0,92.0,8.0,,,,,,,,,,,,,,,,,,,,,,,,,,,,,,,,,,,,,,,,,,,355,30.0,75.0,45.0,15.0,10.0,80.0,60.0,45.0,1460,1100,360,1.2,208.0,145,0.6,0.7,0.6,0.6,2.0,719,704,16,         .,,5.0,324.0,Berltsum
16516,BU19491800,Waadhoeke                               ,Buurt     ,BU19491800,1,100,55,45,15,15,10,35,20,50,35,5,10,100,0,0,105,0,5,0,0,,,,,45,15,10,20,2.3,22.0,42,,10,,420.0,100.0,0.0,0.0,10.0,90.0,0.0,0.0,98.0,2.0,0.0,2.0,93.0,7.0,,,,,,,,,,,,,,,,,,,,,,,,,,,,,,,,,,,,,,,,,,,10,,,,,,,,,30,20,10,,,5,1.7,1.9,1.6,1.7,2.2,472,464,9,      9041,1.0,5.0,120.0,Buitengebied Berltsum
16517,BU19491801,Waadhoeke                               ,Buurt     ,BU19491801,1,1280,670,610,190,150,295,385,255,580,560,85,50,1200,45,35,1200,20,20,25,15,,,,,585,215,185,185,2.2,2457.0,570,,44,,269.0,93.0,9.0,9.0,32.0,44.0,7.0,4.0,75.0,25.0,19.0,6.0,99.0,1.0,,,,,,,,,,,,,,,,,,,,,,,,,,,,,,,,,,,,,,,,,,,185,10.0,35.0,20.0,5.0,5.0,50.0,30.0,25.0,775,585,190,1.3,1491.0,70,0.6,0.8,0.6,0.7,2.0,53,52,1,      9041,1.0,5.0,335.0,Berltsum Noord
16518,BU19491802,Waadhoeke                               ,Buurt     ,BU19491802,1,1235,640,595,275,115,355,250,250,620,500,80,35,1090,50,95,1085,15,35,35,60,,,,,525,160,160,205,2.4,2541.0,521,,26,,265.0,99.0,13.0,13.0,44.0,28.0,1.0,1.0,65.0,35.0,31.0,4.0,84.0,16.0,,,,,,,,,,,,,,,,,,,,,,,,,,,,,,,,,,,,,,,,,,,115,5.0,20.0,10.0,5.0,5.0,20.0,25.0,20.0,605,470,135,1.2,1241.0,55,0.5,0.4,0.4,0.4,2.0,50,49,1,      9041,1.0,5.0,351.0,Berltsum Zuid
16519,BU19491803,Waadhoeke                               ,Buurt     ,BU19491803,1,35,15,15,5,5,10,10,5,20,10,0,0,30,0,0,35,0,0,0,0,,,,,10,5,5,5,3.2,268.0,10,,45,,,,,,,,,,,,,,,,,,,,,,,,,,,,,,,,,,,,,,,,,,,,,,,,,,,,,,,,,,30,0.0,10.0,5.0,0.0,0.0,5.0,0.0,5.0,20,10,10,,,5,0.8,1.1,1.1,1.3,2.0,13,13,0,      9041,1.0,5.0,240.0,Berltsum Bedrijventerrein West
16520,BU19491804,Waadhoeke                               ,Buurt     ,BU19491804,1,40,25,20,10,5,15,10,0,25,15,0,0,30,5,0,30,0,0,5,0,,,,,20,10,5,10,2.3,32.0,15,,24,,,,,,,,,,,,,,,,,,,,,,,,,,,,,,,,,,,,,,,,,,,,,,,,,,,,,,,,,,20,,,,,,,,,35,15,20,,,10,1.5,1.3,1.4,1.1,2.2,131,126,5,      9041,2.0,5.0,172.0,Berltsum Kassen
16521,WK194919  ,Waadhoeke                               ,Wijk      ,WK194919  ,1,750,390,360,135,75,165,210,165,355,325,50,25,710,20,25,710,10,5,10,15,,,,,305,85,105,120,2.4,299.0,322,,21,,278.0,99.0,12.0,9.0,39.0,39.0,1.0,5.0,78.0,22.0,19.0,4.0,94.0,6.0,,,,,,,,,,,,,,,,,,,,,,,,,,,,,,,,,,,,,,,,,,,90,10.0,20.0,15.0,5.0,5.0,20.0,10.0,5.0,430,315,120,1.4,173.0,45,1.4,3.4,1.3,1.4,1.8,252,250,2,         .,,5.0,167.0,Bitgum
16522,BU19491900,Waadhoeke                               ,Buurt     ,BU19491900,1,50,25,25,5,10,10,25,10,25,20,5,5,50,0,0,50,0,0,0,0,,,,,20,5,10,5,2.4,22.0,21,,8,,467.0,100.0,0.0,0.0,0.0,100.0,0.0,10.0,95.0,5.0,0.0,5.0,90.0,10.0,,,,,,,,,,,,,,,,,,,,,,,,,,,,,,,,,,,,,,,,,,,15,,,,,,,,,25,20,10,,,5,2.0,3.1,1.8,2.0,2.1,226,224,2,      9044,1.0,5.0,97.0,Buitengebied Bitgum
16523,BU19491901,Waadhoeke                               ,Buurt     ,BU19491901,1,700,360,335,130,70,160,190,155,330,300,45,25,660,20,20,660,10,10,10,15,,,,,285,75,95,110,2.4,2635.0,301,,13,,265.0,99.0,13.0,9.0,42.0,35.0,1.0,5.0,76.0,24.0,20.0,4.0,95.0,5.0,,,,,,,,,,,,,,,,,,,,,,,,,,,,,,,,,,,,,,,,,,,75,0.0,20.0,10.0,5.0,5.0,15.0,10.0,5.0,405,295,110,1.4,1526.0,40,1.3,3.4,1.2,1.3,1.8,27,27,0,      9044,1.0,5.0,173.0,Bitgum
16524,WK194920  ,Waadhoeke                               ,Wijk      ,WK194920  ,1,910,480,430,140,95,205,280,190,430,380,60,40,820,35,55,825,15,25,15,25,,,,,400,120,135,150,2.3,178.0,404,,28,,288.0,100.0,4.0,4.0,37.0,54.0,0.0,3.0,81.0,19.0,15.0,4.0,95.0,5.0,,,,,,,,,,,,,,,,,,,,,,,,,,,,,,,,,,,,,,,,,,,115,10.0,20.0,20.0,5.0,0.0,25.0,20.0,10.0,550,395,155,1.4,108.0,65,0.5,4.5,0.5,0.5,1.0,511,510,1,         .,,5.0,177.0,Bitgummole
16525,BU19492000,Waadhoeke                               ,Buurt     ,BU19492000,1,85,50,35,20,5,15,30,10,50,30,5,0,85,0,5,80,5,0,0,0,,,,,30,10,10,15,2.6,18.0,33,,9,,385.0,100.0,0.0,0.0,6.0,94.0,0.0,0.0,91.0,9.0,0.0,9.0,100.0,0.0,,,,,,,,,,,,,,,,,,,,,,,,,,,,,,,,,,,,,,,,,,,15,,,,,,,,,40,25,15,,,5,1.4,5.1,1.5,1.4,1.3,466,465,1,      9045,1.0,5.0,109.0,Buitengebied Bitgummole
16526,BU19492001,Waadhoeke                               ,Buurt     ,BU19492001,1,825,435,395,120,85,185,240,185,380,350,55,40,745,35,50,740,15,20,20,25,,,,,375,110,125,135,2.2,1831.0,371,,19,,279.0,99.0,5.0,5.0,40.0,51.0,1.0,3.0,80.0,20.0,17.0,4.0,94.0,6.0,,,,,,,,,,,,,,,,,,,,,,,,,,,,,,,,,,,,,,,,,,,100,5.0,20.0,20.0,5.0,0.0,20.0,15.0,5.0,510,370,140,1.4,1130.0,60,0.4,4.5,0.4,0.4,1.0,45,45,0,      9045,1.0,5.0,184.0,Bitgummole
16527,WK194921  ,Waadhoeke                               ,Wijk      ,WK194921  ,1,80,35,40,5,15,10,25,20,30,40,5,5,75,0,5,75,0,0,0,5,,,,,40,20,15,5,1.8,29.0,45,,5,,,80.0,0.0,0.0,4.0,76.0,20.0,7.0,69.0,31.0,0.0,31.0,91.0,9.0,,,,,,,,,,,,,,,,,,,,,,,,,,,,,,,,,,,,,,,,,,,15,,,,,,,,,40,20,20,,,0,6.5,1.9,2.1,2.1,1.0,265,262,4,         .,,5.0,29.0,Blessum
16528,BU19492100,Waadhoeke                               ,Buurt     ,BU19492100,1,80,40,40,5,15,10,25,25,30,40,5,5,75,0,5,75,0,5,5,5,,,,,40,20,15,10,1.8,29.0,45,,5,,,80.0,0.0,0.0,4.0,76.0,20.0,7.0,69.0,31.0,0.0,31.0,91.0,9.0,,,,,,,,,,,,,,,,,,,,,,,,,,,,,,,,,,,,,,,,,,,15,,,,,,,,,40,20,20,,,0,6.5,1.9,2.1,2.1,1.0,265,262,4,      9032,1.0,5.0,29.0,Blessum
16529,WK194922  ,Waadhoeke                               ,Wijk      ,WK194922  ,1,45,25,20,5,5,5,15,10,20,20,5,5,40,5,0,40,0,0,0,0,,,,,20,0,5,10,2.6,23.0,18,,2,,,,,,,,,,,,,,,,,,,,,,,,,,,,,,,,,,,,,,,,,,,,,,,,,,,,,,,,,,10,,,,,,,,,25,15,10,,,10,3.9,3.4,2.1,2.1,1.1,211,206,5,         .,,5.0,12.0,Boer
16530,BU19492200,Waadhoeke                               ,Buurt     ,BU19492200,1,50,30,15,5,5,10,15,10,20,20,5,5,40,5,0,40,5,0,0,5,,,,,20,5,5,10,2.6,23.0,18,,2,,,,,,,,,,,,,,,,,,,,,,,,,,,,,,,,,,,,,,,,,,,,,,,,,,,,,,,,,,10,,,,,,,,,25,15,10,,,10,3.9,3.4,2.1,2.1,1.1,211,206,5,      8809,1.0,5.0,12.0,Boer
16531,WK194923  ,Waadhoeke                               ,Wijk      ,WK194923  ,1,390,215,175,50,50,65,135,90,170,175,25,15,360,10,25,360,5,10,5,15,,,,,175,60,60,60,2.2,147.0,171,,10,,313.0,100.0,1.0,1.0,35.0,63.0,0.0,4.0,77.0,23.0,18.0,5.0,99.0,1.0,,,,,,,,,,,,,,,,,,,,,,,,,,,,,,,,,,,,,,,,,,,45,5.0,5.0,5.0,5.0,5.0,10.0,5.0,5.0,210,155,55,1.2,78.0,25,6.2,2.0,2.1,2.1,1.0,271,267,4,         .,,5.0,62.0,Boksum
16532,BU19492300,Waadhoeke                               ,Buurt     ,BU19492300,1,35,20,15,5,0,0,25,5,10,25,0,0,35,0,0,35,5,0,0,0,,,,,20,0,10,5,2.2,15.0,19,,3,,,,,,,,,,,,,,,,,,,,,,,,,,,,,,,,,,,,,,,,,,,,,,,,,,,,,,,,,,5,,,,,,,,,20,15,5,,,0,6.2,1.9,2.0,2.0,1.0,250,247,4,      9031,1.0,5.0,93.0,Buitengebied Boksum
16533,BU19492301,Waadhoeke                               ,Buurt     ,BU19492301,1,355,195,160,50,50,60,110,85,160,155,25,15,325,5,20,330,5,5,5,15,,,,,160,55,55,55,2.2,1726.0,152,,7,,303.0,100.0,1.0,1.0,36.0,61.0,0.0,3.0,76.0,24.0,20.0,4.0,99.0,1.0,,,,,,,,,,,,,,,,,,,,,,,,,,,,,,,,,,,,,,,,,,,40,5.0,5.0,5.0,5.0,5.0,10.0,5.0,5.0,190,140,50,1.2,924.0,25,6.2,2.0,2.1,2.1,1.0,21,21,0,      9031,1.0,5.0,57.0,Boksum
16534,WK194924  ,Waadhoeke                               ,Wijk      ,WK194924  ,1,1030,520,510,135,145,185,325,240,465,470,50,45,960,20,45,960,15,30,10,15,,,,,425,115,140,170,2.4,229.0,431,,23,,307.0,100.0,11.0,12.0,34.0,42.0,0.0,2.0,83.0,17.0,14.0,3.0,90.0,10.0,,,,,,,,,,,,,,,,,,,,,,,,,,,,,,,,,,,,,,,,,,,110,10.0,15.0,15.0,10.0,10.0,20.0,20.0,15.0,560,405,160,1.3,125.0,65,5.2,0.6,0.6,0.6,1.0,473,449,24,         .,,5.0,132.0,Deinum
16535,BU19492400,Waadhoeke                               ,Buurt     ,BU19492400,1,95,50,45,5,20,15,35,15,40,45,5,5,90,0,5,90,0,5,0,5,,,,,30,5,10,15,2.8,23.0,34,,5,,418.0,97.0,0.0,0.0,6.0,91.0,3.0,3.0,91.0,9.0,0.0,9.0,94.0,6.0,,,,,,,,,,,,,,,,,,,,,,,,,,,,,,,,,,,,,,,,,,,20,,,,,,,,,45,30,20,,,5,4.5,3.0,2.7,2.7,0.5,430,407,23,      9033,1.0,5.0,78.0,Buitengebied Deinum
16536,BU19492401,Waadhoeke                               ,Buurt     ,BU19492401,1,935,475,465,130,125,170,290,225,425,425,50,40,870,20,40,875,15,30,5,15,,,,,395,105,135,155,2.4,2241.0,397,,18,,298.0,100.0,12.0,13.0,36.0,38.0,0.0,2.0,82.0,18.0,15.0,3.0,89.0,11.0,,,,,,,,,,,,,,,,,,,,,,,,,,,,,,,,,,,,,,,,,,,95,5.0,10.0,10.0,10.0,5.0,15.0,20.0,15.0,515,375,140,1.3,1234.0,55,5.3,0.4,0.3,0.3,1.0,43,42,1,      9033,1.0,5.0,137.0,Deinum
16537,WK194925  ,Waadhoeke                               ,Wijk      ,WK194925  ,1,370,195,175,40,45,80,130,75,185,145,25,20,315,35,20,315,10,10,20,10,,,,,175,65,60,50,2.1,107.0,170,,6,,251.0,98.0,14.0,13.0,41.0,30.0,2.0,1.0,66.0,34.0,26.0,8.0,89.0,11.0,,,,,,,,,,,,,,,,,,,,,,,,,,,,,,,,,,,,,,,,,,,40,10.0,10.0,5.0,5.0,0.0,5.0,5.0,5.0,225,170,55,1.3,66.0,30,2.2,1.8,1.5,2.0,3.2,350,346,3,         .,,5.0,69.0,Dongjum
16538,BU19492500,Waadhoeke                               ,Buurt     ,BU19492500,1,50,25,25,5,10,5,25,10,25,20,5,0,50,0,0,55,0,0,0,0,,,,,25,5,5,5,2.4,16.0,21,,2,,368.0,81.0,0.0,0.0,19.0,62.0,19.0,0.0,86.0,14.0,0.0,14.0,100.0,0.0,,,,,,,,,,,,,,,,,,,,,,,,,,,,,,,,,,,,,,,,,,,15,,,,,,,,,30,15,10,,,5,2.5,2.1,1.8,2.3,2.5,335,332,3,      8808,1.0,5.0,70.0,Buitengebied Dongjum
16539,BU19492501,Waadhoeke                               ,Buurt     ,BU19492501,1,320,165,150,40,35,75,105,65,160,120,20,15,265,40,20,260,15,10,20,10,,,,,155,60,50,45,2.1,2217.0,149,,4,,234.0,100.0,15.0,15.0,44.0,26.0,0.0,1.0,64.0,36.0,30.0,7.0,88.0,12.0,,,,,,,,,,,,,,,,,,,,,,,,,,,,,,,,,,,,,,,,,,,30,5.0,10.0,0.0,0.0,0.0,5.0,5.0,0.0,200,155,45,1.3,1376.0,20,2.2,1.7,1.4,2.0,3.3,14,14,0,      8808,1.0,5.0,69.0,Dongjum
16540,WK194926  ,Waadhoeke                               ,Wijk      ,WK194926  ,1,3330,1675,1655,555,370,685,935,795,1535,1390,200,200,3120,80,130,3120,45,50,35,80,,,,,1435,435,485,515,2.3,216.0,1467,,156,,310.0,90.0,11.0,10.0,35.0,34.0,10.0,3.0,75.0,25.0,16.0,9.0,98.0,2.0,,,,,,,,,,,,,,,,,,,,,,,,,,,,,,,,,,,,,,,,,,,405,30.0,80.0,55.0,20.0,15.0,85.0,70.0,50.0,1975,1430,545,1.4,128.0,195,0.8,0.8,0.5,0.6,3.3,1583,1543,40,         .,,5.0,382.0,Dronryp
16541,BU19492600,Waadhoeke                               ,Buurt     ,BU19492600,1,170,95,80,25,30,30,65,30,85,70,5,10,160,5,5,165,5,5,0,0,,,,,65,15,15,30,2.6,13.0,72,,16,,415.0,92.0,0.0,1.0,7.0,83.0,8.0,10.0,76.0,24.0,0.0,24.0,96.0,4.0,,,,,,,,,,,,,,,,,,,,,,,,,,,,,,,,,,,,,,,,,,,30,15.0,0.0,5.0,0.0,0.0,5.0,0.0,0.0,75,55,20,1.2,6.0,10,2.2,2.2,2.0,2.2,2.6,1396,1365,32,      9035,1.0,5.0,75.0,Buitengebied Dronryp
16542,BU19492601,Waadhoeke                               ,Buurt     ,BU19492601,1,75,35,35,10,5,15,25,15,35,35,5,0,70,0,0,70,0,0,0,0,,,,,30,5,10,15,2.6,264.0,28,,72,,445.0,89.0,0.0,7.0,21.0,61.0,11.0,11.0,86.0,14.0,0.0,14.0,86.0,14.0,,,,,,,,,,,,,,,,,,,,,,,,,,,,,,,,,,,,,,,,,,,65,0.0,20.0,15.0,10.0,0.0,5.0,5.0,5.0,80,35,45,,,15,1.3,1.3,1.5,1.8,3.0,29,27,2,      9035,1.0,5.0,201.0,Dronryp Bedrijventerrein de Alde Mar
16543,BU19492602,Waadhoeke                               ,Buurt     ,BU19492602,1,1230,600,625,190,130,255,335,320,580,445,105,100,1130,35,65,1130,20,25,15,35,,,,,600,260,160,175,2.0,1538.0,615,,61,,255.0,79.0,14.0,14.0,24.0,27.0,21.0,4.0,58.0,42.0,27.0,16.0,99.0,1.0,,,,,,,,,,,,,,,,,,,,,,,,,,,,,,,,,,,,,,,,,,,165,10.0,40.0,25.0,5.0,5.0,35.0,30.0,20.0,715,540,175,1.2,894.0,75,0.5,0.5,0.3,0.4,3.2,83,80,3,      9035,1.0,5.0,420.0,Dronryp Midden
16544,BU19492603,Waadhoeke                               ,Buurt     ,BU19492603,1,1320,675,645,250,150,270,365,300,600,600,60,60,1265,20,35,1270,10,15,10,25,,,,,510,95,205,215,2.6,2689.0,514,,5,,354.0,97.0,6.0,4.0,50.0,37.0,3.0,1.0,93.0,6.0,5.0,1.0,95.0,5.0,,,,,,,,,,,,,,,,,,,,,,,,,,,,,,,,,,,,,,,,,,,115,5.0,15.0,5.0,5.0,5.0,30.0,25.0,20.0,765,535,230,1.5,1560.0,65,1.0,1.0,0.4,0.4,3.6,51,49,2,      9035,1.0,5.0,402.0,Dronryp Oost
16545,BU19492604,Waadhoeke                               ,Buurt     ,BU19492604,1,535,270,265,80,55,115,150,130,235,245,30,30,490,20,30,490,10,10,5,20,,,,,235,60,100,75,2.3,2411.0,238,,2,,311.0,100.0,18.0,14.0,39.0,29.0,0.0,1.0,79.0,21.0,18.0,2.0,100.0,0.0,,,,,,,,,,,,,,,,,,,,,,,,,,,,,,,,,,,,,,,,,,,30,0.0,5.0,5.0,0.0,0.0,10.0,5.0,5.0,335,265,75,1.4,1514.0,30,0.5,0.5,0.7,0.9,3.0,23,22,1,      9035,1.0,5.0,415.0,Dronryp West
16546,WK194927  ,Waadhoeke                               ,Wijk      ,WK194927  ,1,65,35,30,10,0,20,15,15,35,30,5,5,60,0,0,60,0,0,5,5,,,,,30,15,10,10,2.2,27.0,31,,2,,394.0,94.0,6.0,6.0,6.0,74.0,6.0,10.0,81.0,19.0,0.0,19.0,100.0,0.0,,,,,,,,,,,,,,,,,,,,,,,,,,,,,,,,,,,,,,,,,,,20,,,,,,,,,40,30,10,,,10,2.5,3.0,2.5,2.8,1.5,245,245,0,         .,,5.0,18.0,Firdgum
16547,BU19492700,Waadhoeke                               ,Buurt     ,BU19492700,1,65,35,30,15,5,20,10,15,35,30,5,5,60,5,0,60,0,0,0,0,,,,,30,10,10,5,2.2,27.0,31,,2,,394.0,94.0,6.0,6.0,6.0,74.0,6.0,10.0,81.0,19.0,0.0,19.0,100.0,0.0,,,,,,,,,,,,,,,,,,,,,,,,,,,,,,,,,,,,,,,,,,,20,,,,,,,,,40,30,10,,,10,2.5,3.0,2.5,2.8,1.5,245,245,0,      8852,1.0,5.0,18.0,Firdgum
16548,WK194928  ,Waadhoeke                               ,Wijk      ,WK194928  ,1,13080,6475,6600,1805,1410,2870,3510,3490,5935,5215,1105,825,11315,725,1035,11320,295,410,430,630,,,,,6055,2330,1890,1830,2.1,751.0,6378,,1041,,258.0,80.0,29.0,18.0,17.0,15.0,20.0,4.0,62.0,38.0,27.0,11.0,95.0,5.0,,,,,,,,,,,,,,,,,,,,,,,,,,,,,,,,,,,,,,,,,,,1475,55.0,245.0,280.0,65.0,75.0,355.0,250.0,150.0,6695,5060,1635,1.1,384.0,570,1.3,0.9,0.8,1.0,4.7,1817,1742,75,         .,,3.0,1016.0,Franeker
16549,BU19492800,Waadhoeke                               ,Buurt     ,BU19492800,1,200,105,100,25,30,40,70,35,100,85,10,5,195,5,0,195,5,0,5,5,,,,,75,10,30,40,2.8,19.0,68,,6,,445.0,100.0,0.0,0.0,6.0,94.0,0.0,0.0,91.0,9.0,0.0,9.0,97.0,3.0,,,,,,,,,,,,,,,,,,,,,,,,,,,,,,,,,,,,,,,,,,,35,15.0,5.0,0.0,0.0,5.0,10.0,0.0,5.0,105,65,40,1.5,10.0,15,3.3,2.3,2.5,2.6,2.1,1054,1032,21,      8801,2.0,5.0,139.0,Buitengebied Franeker
16550,BU19492801,Waadhoeke                               ,Buurt     ,BU19492801,1,705,365,335,210,65,215,175,40,375,290,30,5,650,30,30,650,15,15,15,10,,,,,225,30,50,145,3.1,846.0,229,,0,,441.0,99.0,18.0,7.0,43.0,31.0,1.0,2.0,81.0,19.0,11.0,7.0,34.0,66.0,,,,,,,,,,,,,,,,,,,,,,,,,,,,,,,,,,,,,,,,,,,50,0.0,5.0,10.0,0.0,5.0,20.0,5.0,5.0,315,225,90,1.4,377.0,25,3.2,2.0,2.5,2.7,2.3,89,83,6,      8801,1.0,4.0,684.0,Franeker Alvestudewyk
16551,BU19492802,Waadhoeke                               ,Buurt     ,BU19492802,1,1360,680,680,90,105,335,330,495,620,415,190,130,1150,95,120,1150,40,45,60,70,,,,,830,500,215,105,1.6,4757.0,942,,220,,207.0,39.0,19.0,11.0,4.0,5.0,61.0,9.0,40.0,60.0,28.0,32.0,98.0,2.0,,,,,,,,,,,,,,,,,,,,,,,,,,,,,,,,,,,,,,,,,,,300,5.0,25.0,95.0,10.0,15.0,55.0,60.0,35.0,695,530,165,0.8,2420.0,45,0.8,0.4,0.3,0.4,5.0,29,29,0,      8801,1.0,3.0,1368.0,Franeker Binnenstad
16552,BU19492803,Waadhoeke                               ,Buurt     ,BU19492803,1,1145,565,585,110,100,230,295,405,465,505,95,85,1030,70,45,1035,15,20,50,20,,,,,585,235,225,130,1.9,1960.0,575,,83,,277.0,83.0,22.0,13.0,26.0,23.0,17.0,4.0,77.0,23.0,13.0,9.0,99.0,1.0,,,,,,,,,,,,,,,,,,,,,,,,,,,,,,,,,,,,,,,,,,,120,0.0,20.0,15.0,5.0,5.0,40.0,25.0,5.0,660,495,165,1.1,1125.0,65,1.5,0.5,1.0,1.2,4.8,63,58,4,      8801,1.0,3.0,1013.0,Franeker Bloemketerp en Watertorenbuurt
16553,BU19492804,Waadhoeke                               ,Buurt     ,BU19492804,1,1355,670,680,205,145,315,360,330,650,500,125,85,1080,110,165,1080,25,65,90,100,,,,,695,315,185,195,2.0,4444.0,664,,14,,210.0,79.0,37.0,24.0,12.0,6.0,21.0,2.0,48.0,52.0,47.0,5.0,95.0,5.0,,,,,,,,,,,,,,,,,,,,,,,,,,,,,,,,,,,,,,,,,,,135,5.0,20.0,15.0,10.0,5.0,40.0,30.0,15.0,630,500,130,0.9,2068.0,40,1.0,0.6,0.7,0.8,5.0,31,30,0,      8802,1.0,4.0,904.0,Franeker Hamburgerrak en st Want
16554,BU19492805,Waadhoeke                               ,Buurt     ,BU19492805,1,85,50,35,15,15,15,25,15,40,35,5,5,80,5,5,80,5,5,0,0,,,,,35,10,5,15,2.5,45.0,35,,340,,361.0,100.0,9.0,11.0,17.0,63.0,0.0,9.0,91.0,9.0,0.0,9.0,97.0,3.0,,,,,,,,,,,,,,,,,,,,,,,,,,,,,,,,,,,,,,,,,,,145,0.0,40.0,55.0,5.0,10.0,20.0,5.0,5.0,115,60,55,,,5,2.5,2.1,2.1,2.1,3.0,196,184,12,      8801,1.0,5.0,241.0,Franeker Industrieter. West en Kie
16555,BU19492806,Waadhoeke                               ,Buurt     ,BU19492806,1,5,0,0,0,0,0,5,0,5,0,0,0,5,0,0,5,0,0,0,0,,,,,0,5,0,0,1.7,,3,,40,,,,,,,,,,,,,,,,,,,,,,,,,,,,,,,,,,,,,,,,,,,,,,,,,,,,,,,,,,35,0.0,15.0,10.0,0.0,0.0,5.0,0.0,0.0,15,5,5,,,0,,,,,,26,23,3,      8801,1.0,5.0,303.0,Franeker Industrieterrein Oost
16556,BU19492807,Waadhoeke                               ,Buurt     ,BU19492807,1,5,5,5,0,0,0,5,0,0,5,0,0,0,0,0,5,0,0,0,0,,,,,0,0,0,0,3.0,,2,,29,,,,,,,,,,,,,,,,,,,,,,,,,,,,,,,,,,,,,,,,,,,,,,,,,,,,,,,,,,15,,,,,,,,,0,0,0,,,0,,,,,,17,16,1,      8801,1.0,3.0,1004.0,Franeker Industrieterrein Zuid
16557,BU19492808,Waadhoeke                               ,Buurt     ,BU19492808,1,995,475,520,120,80,215,265,310,430,390,85,85,890,40,65,890,25,20,20,45,,,,,515,230,165,125,1.9,3029.0,541,,20,,206.0,89.0,37.0,28.0,21.0,3.0,11.0,2.0,63.0,37.0,34.0,4.0,97.0,3.0,,,,,,,,,,,,,,,,,,,,,,,,,,,,,,,,,,,,,,,,,,,65,0.0,15.0,5.0,10.0,0.0,15.0,5.0,10.0,490,385,105,1.0,1492.0,35,0.8,0.8,0.5,0.6,5.0,34,33,2,      8801,1.0,3.0,1338.0,Franeker It Stiselplak
16558,BU19492809,Waadhoeke                               ,Buurt     ,BU19492809,1,720,335,385,125,95,170,175,155,345,265,75,35,585,20,115,585,10,30,15,90,,,,,305,100,85,115,2.3,4434.0,308,,51,,232.0,100.0,55.0,31.0,9.0,5.0,0.0,1.0,44.0,56.0,54.0,2.0,100.0,0.0,,,,,,,,,,,,,,,,,,,,,,,,,,,,,,,,,,,,,,,,,,,35,0.0,10.0,5.0,0.0,0.0,5.0,10.0,5.0,315,255,60,1.0,1946.0,15,1.2,1.2,0.4,0.8,5.0,17,16,0,      8802,2.0,3.0,1229.0,Franeker Kaatsersbuurt
16559,BU19492810,Waadhoeke                               ,Buurt     ,BU19492810,1,565,310,255,70,60,125,190,125,330,175,25,40,495,25,55,490,10,30,10,25,,,,,130,25,40,65,2.7,1289.0,226,,11,,,51.0,0.0,0.0,27.0,25.0,49.0,7.0,50.0,50.0,0.0,50.0,81.0,19.0,,,,,,,,,,,,,,,,,,,,,,,,,,,,,,,,,,,,,,,,,,,50,0.0,5.0,5.0,0.0,5.0,15.0,10.0,5.0,210,150,65,1.6,479.0,5,1.6,1.5,1.0,1.3,5.0,44,44,0,      8802,4.0,4.0,734.0,Franeker Keningspark
16560,BU19492811,Waadhoeke                               ,Buurt     ,BU19492811,1,1215,560,660,140,105,310,265,390,545,405,120,155,975,120,125,975,40,35,85,90,,,,,620,310,170,145,1.8,3254.0,726,,58,,189.0,74.0,38.0,19.0,14.0,3.0,26.0,4.0,39.0,61.0,52.0,8.0,94.0,6.0,,,,,,,,,,,,,,,,,,,,,,,,,,,,,,,,,,,,,,,,,,,80,15.0,15.0,10.0,0.0,0.0,10.0,25.0,5.0,530,445,85,0.9,1415.0,60,0.3,0.7,0.5,0.5,5.0,39,37,2,      8801,1.0,3.0,1475.0,Franeker Professorenbuurt
16561,BU19492812,Waadhoeke                               ,Buurt     ,BU19492812,1,1310,645,665,210,150,270,325,360,550,585,95,75,1160,55,90,1160,35,30,20,60,,,,,565,165,190,210,2.3,3355.0,567,,55,,272.0,98.0,39.0,23.0,31.0,6.0,2.0,1.0,84.0,16.0,13.0,3.0,97.0,3.0,,,,,,,,,,,,,,,,,,,,,,,,,,,,,,,,,,,,,,,,,,,70,5.0,10.0,5.0,0.0,5.0,20.0,10.0,10.0,680,535,145,1.2,1741.0,60,1.8,0.9,1.7,1.9,4.4,40,39,1,      8802,1.0,4.0,680.0,Franeker Schalsumerplan en Arkens
16562,BU19492813,Waadhoeke                               ,Buurt     ,BU19492813,1,1175,585,590,200,160,280,305,230,585,455,100,35,960,70,145,960,35,70,35,75,,,,,515,175,150,195,2.3,4575.0,515,,47,,243.0,88.0,46.0,30.0,6.0,5.0,12.0,2.0,62.0,38.0,35.0,3.0,100.0,0.0,,,,,,,,,,,,,,,,,,,,,,,,,,,,,,,,,,,,,,,,,,,90,5.0,10.0,10.0,10.0,0.0,20.0,15.0,20.0,575,450,125,1.1,2237.0,55,1.1,0.6,0.3,0.3,5.0,27,26,1,      8802,1.0,4.0,997.0,Franeker Sexbierumerplan
16563,BU19492814,Waadhoeke                               ,Buurt     ,BU19492814,1,215,105,105,25,15,35,55,80,70,120,15,10,210,0,5,210,0,0,0,5,,,,,105,30,50,25,2.1,1747.0,104,,11,,319.0,83.0,7.0,10.0,25.0,41.0,17.0,2.0,83.0,17.0,15.0,2.0,100.0,0.0,,,,,,,,,,,,,,,,,,,,,,,,,,,,,,,,,,,,,,,,,,,40,0.0,5.0,5.0,0.0,5.0,15.0,5.0,5.0,160,120,40,1.5,1292.0,10,1.6,0.4,0.9,1.1,5.0,14,12,1,      8801,1.0,4.0,811.0,Franeker Stationsbuurt
16564,BU19492815,Waadhoeke                               ,Buurt     ,BU19492815,1,530,265,260,65,65,65,175,165,175,320,20,20,490,20,20,490,10,10,5,5,,,,,220,30,110,80,2.4,2816.0,221,,1,,388.0,100.0,8.0,6.0,29.0,57.0,0.0,2.0,100.0,0.0,0.0,0.0,100.0,0.0,,,,,,,,,,,,,,,,,,,,,,,,,,,,,,,,,,,,,,,,,,,30,0.0,0.0,0.0,5.0,0.0,15.0,5.0,5.0,320,210,115,1.5,1711.0,20,1.6,1.4,0.7,1.1,5.0,19,19,0,      8802,1.0,4.0,745.0,Franeker 't War
16565,BU19492816,Waadhoeke                               ,Buurt     ,BU19492816,1,905,455,445,100,125,170,280,225,410,370,80,40,805,50,40,805,25,20,25,20,,,,,425,140,145,135,2.1,2871.0,435,,53,,276.0,97.0,29.0,21.0,20.0,28.0,3.0,5.0,83.0,17.0,5.0,12.0,100.0,0.0,,,,,,,,,,,,,,,,,,,,,,,,,,,,,,,,,,,,,,,,,,,120,10.0,30.0,15.0,5.0,5.0,25.0,25.0,15.0,570,435,130,1.3,1813.0,75,1.1,0.7,0.6,0.6,5.0,44,31,13,      8801,1.0,4.0,931.0,Franeker Vliet Tuinen en Frisia
16566,BU19492817,Waadhoeke                               ,Buurt     ,BU19492817,1,590,300,290,95,85,80,215,115,245,295,35,15,560,10,15,560,10,15,0,5,,,,,215,25,80,110,2.7,2101.0,217,,2,,449.0,100.0,15.0,4.0,20.0,61.0,0.0,0.0,99.0,1.0,0.0,1.0,100.0,0.0,,,,,,,,,,,,,,,,,,,,,,,,,,,,,,,,,,,,,,,,,,,60,0.0,5.0,5.0,5.0,0.0,25.0,10.0,10.0,320,210,110,1.5,1136.0,30,1.5,1.0,0.7,1.0,5.0,35,28,7,      8802,1.0,4.0,669.0,Franeker Witzens
16567,WK194929  ,Waadhoeke                               ,Wijk      ,WK194929  ,1,320,150,165,40,40,75,105,50,160,125,20,10,250,45,15,255,5,5,40,10,,,,,150,45,55,40,2.1,106.0,123,,10,,294.0,94.0,5.0,7.0,35.0,48.0,6.0,1.0,76.0,24.0,21.0,3.0,97.0,3.0,,,,,,,,,,,,,,,,,,,,,,,,,,,,,,,,,,,,,,,,,,,40,5.0,10.0,5.0,0.0,5.0,10.0,0.0,5.0,165,115,50,1.1,55.0,30,3.8,3.3,3.3,3.3,0.1,305,297,8,         .,,5.0,47.0,Herbaijum
16568,BU19492900,Waadhoeke                               ,Buurt     ,BU19492900,1,315,150,165,40,45,75,105,55,155,125,25,10,250,45,20,255,10,5,35,10,,,,,145,50,55,45,2.1,106.0,123,,10,,294.0,94.0,5.0,7.0,35.0,48.0,6.0,1.0,76.0,24.0,21.0,3.0,97.0,3.0,,,,,,,,,,,,,,,,,,,,,,,,,,,,,,,,,,,,,,,,,,,40,5.0,10.0,5.0,0.0,5.0,10.0,0.0,5.0,165,115,50,1.1,55.0,30,3.8,3.3,3.3,3.3,0.1,305,297,8,      8807,1.0,5.0,47.0,Herbaijum
16569,WK194930  ,Waadhoeke                               ,Wijk      ,WK194930  ,1,225,110,110,25,20,40,65,70,90,105,15,15,210,5,5,210,0,5,5,5,,,,,105,25,45,30,2.2,52.0,103,,5,,302.0,100.0,1.0,2.0,37.0,60.0,0.0,3.0,72.0,28.0,24.0,4.0,96.0,4.0,,,,,,,,,,,,,,,,,,,,,,,,,,,,,,,,,,,,,,,,,,,30,10.0,5.0,5.0,0.0,0.0,5.0,5.0,5.0,140,105,35,1.4,33.0,20,5.8,4.7,3.3,3.3,0.2,429,425,4,         .,,5.0,47.0,Hitzum
16570,BU19493000,Waadhoeke                               ,Buurt     ,BU19493000,1,220,110,110,25,20,40,70,70,90,105,15,10,210,5,5,210,0,5,5,5,,,,,100,25,45,30,2.2,52.0,103,,5,,302.0,100.0,1.0,2.0,37.0,60.0,0.0,3.0,72.0,28.0,24.0,4.0,96.0,4.0,,,,,,,,,,,,,,,,,,,,,,,,,,,,,,,,,,,,,,,,,,,30,10.0,5.0,5.0,0.0,0.0,5.0,5.0,5.0,140,105,35,1.4,33.0,20,5.8,4.7,3.3,3.3,0.2,429,425,4,      8805,1.0,5.0,47.0,Hitzum
16571,WK194931  ,Waadhoeke                               ,Wijk      ,WK194931  ,1,365,180,180,40,45,70,105,95,145,175,25,25,350,10,5,350,5,5,5,0,,,,,155,45,55,55,2.3,166.0,157,,12,,288.0,100.0,5.0,6.0,47.0,41.0,0.0,3.0,96.0,4.0,3.0,2.0,99.0,1.0,,,,,,,,,,,,,,,,,,,,,,,,,,,,,,,,,,,,,,,,,,,40,10.0,10.0,5.0,5.0,0.0,5.0,5.0,5.0,245,180,65,1.6,114.0,25,1.7,5.3,1.8,1.7,1.5,219,217,2,         .,,5.0,73.0,Ingelum
16572,BU19493100,Waadhoeke                               ,Buurt     ,BU19493100,1,40,25,15,5,0,5,10,15,10,25,0,5,40,0,0,40,0,0,0,0,,,,,15,5,5,5,2.4,21.0,18,,4,,,,,,,,,,,,,,,,,,,,,,,,,,,,,,,,,,,,,,,,,,,,,,,,,,,,,,,,,,10,,,,,,,,,35,25,10,,,0,2.0,5.1,2.1,2.1,1.8,201,200,1,      9038,1.0,5.0,70.0,Buitengebied Ingelum
16573,BU19493101,Waadhoeke                               ,Buurt     ,BU19493101,1,320,155,160,40,45,65,95,75,130,155,20,20,305,10,5,305,5,0,5,5,,,,,135,45,50,50,2.3,1826.0,139,,8,,267.0,100.0,6.0,7.0,53.0,34.0,0.0,2.0,96.0,4.0,3.0,1.0,99.0,1.0,,,,,,,,,,,,,,,,,,,,,,,,,,,,,,,,,,,,,,,,,,,25,5.0,5.0,0.0,5.0,0.0,5.0,0.0,5.0,210,155,55,1.5,1210.0,25,1.6,5.3,1.7,1.6,1.5,18,18,0,      9038,1.0,5.0,74.0,Ingelum
16574,WK194932  ,Waadhoeke                               ,Wijk      ,WK194932  ,1,1650,850,795,190,215,345,520,375,780,660,140,75,1375,165,110,1375,50,50,120,60,,,,,785,305,275,215,2.1,72.0,801,,53,,242.0,98.0,13.0,12.0,24.0,49.0,2.0,6.0,69.0,31.0,22.0,8.0,98.0,2.0,,,,,,,,,,,,,,,,,,,,,,,,,,,,,,,,,,,,,,,,,,,235,60.0,50.0,40.0,10.0,0.0,30.0,20.0,25.0,1045,770,275,1.3,46.0,150,1.0,3.2,0.9,0.9,1.1,2322,2290,31,         .,,5.0,159.0,St.-Jacobiparochie
16575,BU19493200,Waadhoeke                               ,Buurt     ,BU19493200,1,405,205,200,50,50,75,145,90,190,175,25,10,365,15,25,365,10,15,5,10,,,,,190,65,65,55,2.2,18.0,206,,14,,290.0,100.0,0.0,1.0,19.0,79.0,0.0,11.0,87.0,13.0,0.0,13.0,100.0,0.0,,,,,,,,,,,,,,,,,,,,,,,,,,,,,,,,,,,,,,,,,,,90,25.0,15.0,15.0,5.0,0.0,10.0,5.0,10.0,265,175,95,1.4,12.0,45,2.4,4.1,2.6,2.5,1.0,2255,2224,31,      9079,1.0,5.0,43.0,Buitengebied St.-Jacobiparochie
16576,BU19493201,Waadhoeke                               ,Buurt     ,BU19493201,1,565,285,270,70,75,135,150,130,270,205,50,35,450,60,45,450,15,15,45,30,,,,,275,115,85,75,2.0,1469.0,271,,32,,214.0,95.0,19.0,17.0,27.0,32.0,5.0,2.0,55.0,45.0,38.0,7.0,97.0,3.0,,,,,,,,,,,,,,,,,,,,,,,,,,,,,,,,,,,,,,,,,,,80,15.0,20.0,15.0,0.0,0.0,15.0,10.0,5.0,360,270,90,1.3,940.0,65,0.4,3.1,0.3,0.4,1.0,38,38,0,      9079,1.0,5.0,198.0,St.-Jacobiparochie Noord
16577,BU19493202,Waadhoeke                               ,Buurt     ,BU19493202,1,680,355,325,75,95,140,225,150,315,285,60,25,560,85,35,560,20,15,70,20,,,,,325,120,125,85,2.1,2437.0,324,,7,,235.0,100.0,16.0,15.0,25.0,44.0,0.0,6.0,70.0,30.0,24.0,6.0,98.0,2.0,,,,,,,,,,,,,,,,,,,,,,,,,,,,,,,,,,,,,,,,,,,65,20.0,15.0,10.0,0.0,0.0,5.0,0.0,10.0,420,325,95,1.3,1497.0,45,0.6,2.9,0.3,0.3,1.3,28,28,0,      9079,1.0,5.0,199.0,St.-Jacobiparochie Zuid
16578,WK194933  ,Waadhoeke                               ,Wijk      ,WK194933  ,1,40,25,20,10,0,10,15,5,20,15,0,0,40,0,0,40,0,0,0,0,,,,,10,0,10,5,2.8,15.0,15,,5,,,,,,,,,,,,,,,,,,,,,,,,,,,,,,,,,,,,,,,,,,,,,,,,,,,,,,,,,,15,,,,,,,,,25,15,10,,,5,3.0,3.3,2.5,2.7,0.6,253,253,0,         .,,5.0,50.0,Klooster Lidlum
16579,BU19493300,Waadhoeke                               ,Buurt     ,BU19493300,1,40,20,20,10,0,10,15,10,20,20,0,0,40,0,0,35,0,0,0,0,,,,,10,5,5,5,2.8,15.0,15,,5,,,,,,,,,,,,,,,,,,,,,,,,,,,,,,,,,,,,,,,,,,,,,,,,,,,,,,,,,,15,,,,,,,,,25,15,10,,,5,3.0,3.3,2.5,2.7,0.6,253,253,0,      8853,1.0,5.0,50.0,Klooster Lidlum
16580,WK194934  ,Waadhoeke                               ,Wijk      ,WK194934  ,3,1040,525,515,145,100,225,300,265,495,395,90,60,905,40,90,905,20,40,15,55,,,,,505,200,160,145,2.1,143.0,498,,65,,258.0,97.0,12.0,11.0,42.0,32.0,3.0,2.0,68.0,32.0,21.0,10.0,97.0,3.0,,,,,,,,,,,,,,,,,,,,,,,,,,,,,,,,,,,,,,,,,,,145,10.0,15.0,25.0,10.0,5.0,25.0,35.0,20.0,620,480,140,1.2,86.0,70,0.7,3.4,0.8,0.8,1.0,738,724,14,         .,,5.0,144.0,Marsum
16581,BU19493400,Waadhoeke                               ,Buurt     ,BU19493400,3,175,95,80,25,30,30,55,30,90,70,10,5,165,5,5,165,0,5,0,5,,,,,65,15,25,35,2.7,26.0,55,,19,,416.0,96.0,0.0,0.0,18.0,78.0,4.0,4.0,89.0,11.0,4.0,7.0,95.0,5.0,,,,,,,,,,,,,,,,,,,,,,,,,,,,,,,,,,,,,,,,,,,40,10.0,5.0,5.0,0.0,0.0,5.0,10.0,5.0,110,85,20,1.7,16.0,10,2.4,3.7,2.3,2.3,1.0,694,680,14,      9034,1.0,5.0,67.0,Buitengebied Marsum
16582,BU19493401,Waadhoeke                               ,Buurt     ,BU19493401,1,865,425,440,120,70,195,245,230,410,325,75,60,740,40,85,740,20,30,15,50,,,,,440,185,135,115,2.0,1936.0,443,,46,,239.0,97.0,13.0,13.0,45.0,26.0,3.0,2.0,66.0,34.0,23.0,11.0,98.0,2.0,,,,,,,,,,,,,,,,,,,,,,,,,,,,,,,,,,,,,,,,,,,105,0.0,15.0,20.0,10.0,0.0,20.0,25.0,15.0,515,395,120,1.2,1151.0,60,0.4,3.3,0.5,0.5,1.0,45,45,0,      9034,1.0,5.0,158.0,Marsum
16583,WK194935  ,Waadhoeke                               ,Wijk      ,WK194935  ,1,2820,1400,1425,445,290,565,745,775,1195,1230,215,185,2565,130,130,2565,50,45,80,85,,,,,1210,370,420,420,2.3,210.0,1263,,168,,269.0,87.0,9.0,9.0,39.0,30.0,13.0,5.0,68.0,32.0,29.0,4.0,96.0,4.0,,,,,,,,,,,,,,,,,,,,,,,,,,,,,,,,,,,,,,,,,,,305,30.0,65.0,55.0,15.0,10.0,60.0,35.0,30.0,1570,1180,390,1.3,117.0,230,0.6,1.0,0.7,0.7,1.5,1358,1345,13,         .,,5.0,373.0,Menaam
16584,BU19493500,Waadhoeke                               ,Buurt     ,BU19493500,1,245,130,120,30,40,50,90,30,120,100,20,5,230,10,10,225,5,5,5,5,,,,,95,25,30,40,2.5,20.0,64,,65,,447.0,100.0,0.0,0.0,16.0,84.0,0.0,8.0,89.0,11.0,0.0,11.0,98.0,2.0,,,,,,,,,,,,,,,,,,,,,,,,,,,,,,,,,,,,,,,,,,,65,15.0,10.0,10.0,0.0,5.0,15.0,5.0,5.0,150,110,45,1.5,12.0,25,1.9,2.0,1.8,1.8,2.1,1246,1235,11,      9036,1.0,5.0,250.0,Buitengebied Menaam
16585,BU19493501,Waadhoeke                               ,Buurt     ,BU19493501,1,55,25,30,15,0,15,25,5,30,15,10,0,50,0,0,55,0,0,0,0,,,,,20,5,10,5,2.8,334.0,19,,43,,,,,,,,,,,,,,,,,,,,,,,,,,,,,,,,,,,,,,,,,,,,,,,,,,,,,,,,,,35,0.0,10.0,15.0,5.0,0.0,0.0,5.0,0.0,50,30,20,,,25,1.0,0.9,0.9,0.9,1.0,16,16,0,      9036,1.0,5.0,283.0,Menaam Bedrijventerrein Noord
16586,BU19493502,Waadhoeke                               ,Buurt     ,BU19493502,1,1450,705,745,210,130,275,310,525,560,630,120,140,1305,80,70,1305,30,15,50,50,,,,,650,235,230,180,2.1,2614.0,742,,44,,227.0,79.0,8.0,6.0,45.0,20.0,21.0,7.0,59.0,41.0,38.0,3.0,99.0,1.0,,,,,,,,,,,,,,,,,,,,,,,,,,,,,,,,,,,,,,,,,,,100,5.0,20.0,15.0,5.0,0.0,20.0,25.0,15.0,750,600,150,1.2,1352.0,85,0.4,0.9,0.5,0.5,1.2,57,56,1,      9036,1.0,5.0,417.0,Menaam Oost
16587,BU19493503,Waadhoeke                               ,Buurt     ,BU19493503,1,1075,535,540,195,120,225,320,210,485,490,70,35,980,40,55,980,15,20,25,30,,,,,440,105,150,185,2.4,2791.0,438,,16,,306.0,98.0,13.0,14.0,34.0,37.0,2.0,1.0,79.0,21.0,18.0,3.0,91.0,9.0,,,,,,,,,,,,,,,,,,,,,,,,,,,,,,,,,,,,,,,,,,,100,5.0,25.0,20.0,10.0,0.0,25.0,5.0,10.0,620,445,180,1.4,1620.0,95,0.6,0.8,0.6,0.6,1.7,39,38,0,      9036,1.0,5.0,392.0,Menaam West
16588,WK194936  ,Waadhoeke                               ,Wijk      ,WK194936  ,1,1815,935,875,285,205,385,530,410,865,740,120,85,1595,120,95,1595,25,45,95,50,,,,,820,285,260,280,2.2,152.0,803,,82,,263.0,97.0,13.0,14.0,25.0,44.0,3.0,3.0,71.0,29.0,24.0,4.0,92.0,8.0,,,,,,,,,,,,,,,,,,,,,,,,,,,,,,,,,,,,,,,,,,,225,30.0,40.0,25.0,20.0,5.0,45.0,35.0,20.0,1055,835,220,1.3,88.0,95,0.7,0.5,0.6,0.6,1.4,1203,1195,7,         .,,5.0,230.0,Minnertsga
16589,BU19493600,Waadhoeke                               ,Buurt     ,BU19493600,1,155,90,65,30,25,20,45,35,80,60,5,10,150,0,5,150,0,0,0,0,,,,,55,10,15,30,2.7,14.0,61,,9,,459.0,98.0,0.0,0.0,7.0,92.0,2.0,8.0,95.0,5.0,0.0,5.0,97.0,3.0,,,,,,,,,,,,,,,,,,,,,,,,,,,,,,,,,,,,,,,,,,,35,15.0,5.0,5.0,5.0,0.0,5.0,0.0,5.0,55,35,20,1.0,5.0,0,1.9,1.7,1.7,1.7,1.5,1119,1111,7,      9047,1.0,5.0,84.0,Buitengebied Minnertsga
16590,BU19493601,Waadhoeke                               ,Buurt     ,BU19493601,1,50,25,30,15,5,10,10,10,25,25,0,0,55,0,0,55,0,0,0,0,,,,,15,0,5,10,3.2,392.0,16,,37,,,,,,,,,,,,,,,,,,,,,,,,,,,,,,,,,,,,,,,,,,,,,,,,,,,,,,,,,,15,,,,,,,,,30,20,10,,,5,0.9,0.9,1.2,1.2,2.0,13,13,0,      9047,1.0,5.0,188.0,Minnertsga Bedrijventerrein Boskdykje
16591,BU19493602,Waadhoeke                               ,Buurt     ,BU19493602,1,660,330,330,110,85,150,205,115,320,270,40,25,540,75,40,545,15,30,60,20,,,,,290,95,90,105,2.3,1825.0,270,,23,,256.0,98.0,13.0,16.0,23.0,46.0,2.0,1.0,80.0,20.0,15.0,5.0,88.0,12.0,,,,,,,,,,,,,,,,,,,,,,,,,,,,,,,,,,,,,,,,,,,70,5.0,15.0,10.0,5.0,0.0,15.0,10.0,5.0,380,295,80,1.3,1048.0,45,0.7,0.3,0.5,0.5,1.4,36,36,0,      9047,1.0,5.0,250.0,Minnertsga Noord
16592,BU19493603,Waadhoeke                               ,Buurt     ,BU19493603,1,950,490,455,130,95,200,265,255,440,385,75,50,855,45,50,850,15,20,30,30,,,,,455,180,145,135,2.1,2708.0,456,,13,,239.0,96.0,16.0,15.0,30.0,36.0,4.0,2.0,62.0,38.0,34.0,4.0,94.0,6.0,,,,,,,,,,,,,,,,,,,,,,,,,,,,,,,,,,,,,,,,,,,100,5.0,15.0,5.0,10.0,5.0,25.0,20.0,10.0,590,480,110,1.3,1692.0,50,0.5,0.4,0.5,0.5,1.4,35,35,0,      9047,1.0,5.0,244.0,Minnertsga Zuid
16593,WK194937  ,Waadhoeke                               ,Wijk      ,WK194937  ,1,320,165,155,50,45,75,90,60,150,145,10,15,290,25,5,290,5,5,20,0,,,,,130,45,40,50,2.4,1989.0,136,,5,,238.0,100.0,3.0,3.0,44.0,50.0,0.0,4.0,85.0,15.0,15.0,1.0,96.0,4.0,,,,,,,,,,,,,,,,,,,,,,,,,,,,,,,,,,,,,,,,,,,35,0.0,10.0,5.0,0.0,0.0,5.0,5.0,5.0,205,160,45,1.5,1266.0,40,2.6,2.4,2.7,2.7,1.5,17,16,1,         .,,5.0,66.0,Nij Altoenae
16594,BU19493700,Waadhoeke                               ,Buurt     ,BU19493700,1,320,165,155,50,45,75,90,60,150,145,10,15,285,25,5,285,5,5,20,0,,,,,135,40,40,50,2.4,1989.0,136,,5,,238.0,100.0,3.0,3.0,44.0,50.0,0.0,4.0,85.0,15.0,15.0,1.0,96.0,4.0,,,,,,,,,,,,,,,,,,,,,,,,,,,,,,,,,,,,,,,,,,,35,0.0,10.0,5.0,0.0,0.0,5.0,5.0,5.0,205,160,45,1.5,1266.0,40,2.6,2.4,2.7,2.7,1.5,17,16,1,      9072,1.0,5.0,66.0,Nij Altoenae
16595,WK194938  ,Waadhoeke                               ,Wijk      ,WK194938  ,1,545,290,255,95,55,165,150,90,280,220,30,10,450,60,40,445,10,15,50,25,,,,,245,80,80,80,2.2,101.0,248,,18,,247.0,100.0,10.0,12.0,36.0,42.0,0.0,6.0,71.0,29.0,20.0,9.0,99.0,1.0,,,,,,,,,,,,,,,,,,,,,,,,,,,,,,,,,,,,,,,,,,,80,20.0,30.0,5.0,5.0,0.0,10.0,10.0,5.0,325,240,85,1.3,60.0,60,2.9,2.6,2.6,2.7,1.4,545,541,4,         .,,5.0,75.0,Oosterbierum
16596,BU19493800,Waadhoeke                               ,Buurt     ,BU19493800,1,95,50,45,25,10,20,25,15,50,45,0,0,80,10,0,85,5,0,5,0,,,,,30,5,10,15,2.8,18.0,37,,5,,355.0,100.0,0.0,0.0,22.0,78.0,0.0,11.0,84.0,16.0,0.0,16.0,97.0,3.0,,,,,,,,,,,,,,,,,,,,,,,,,,,,,,,,,,,,,,,,,,,10,,,,,,,,,40,30,10,,,5,3.4,3.3,3.0,3.1,0.5,522,518,4,      8854,1.0,5.0,49.0,Buitengebied Oosterbierum
16597,BU19493801,Waadhoeke                               ,Buurt     ,BU19493801,1,450,240,210,70,45,145,120,75,235,180,25,10,365,50,35,365,10,15,45,25,,,,,215,75,70,65,2.1,1999.0,211,,13,,228.0,100.0,11.0,14.0,38.0,36.0,0.0,6.0,68.0,31.0,24.0,8.0,99.0,1.0,,,,,,,,,,,,,,,,,,,,,,,,,,,,,,,,,,,,,,,,,,,75,15.0,25.0,5.0,5.0,0.0,5.0,10.0,5.0,290,215,75,1.4,1271.0,50,2.9,2.4,2.5,2.6,1.6,23,23,0,      8854,1.0,5.0,80.0,Oosterbierum
16598,WK194939  ,Waadhoeke                               ,Wijk      ,WK194939  ,1,945,485,455,115,110,165,340,220,435,390,80,40,875,35,35,875,15,15,20,20,,,,,435,135,170,125,2.2,58.0,455,,24,,264.0,100.0,5.0,5.0,27.0,63.0,0.0,5.0,83.0,17.0,10.0,7.0,99.0,1.0,,,,,,,,,,,,,,,,,,,,,,,,,,,,,,,,,,,,,,,,,,,160,30.0,30.0,15.0,5.0,5.0,30.0,20.0,25.0,590,425,165,1.4,37.0,90,0.9,5.1,1.1,1.1,1.0,1629,1619,10,         .,,5.0,82.0,Oudebildtzijl
16599,BU19493900,Waadhoeke                               ,Buurt     ,BU19493900,1,300,150,140,40,30,50,105,80,120,135,30,10,280,5,10,280,5,5,5,5,,,,,135,35,55,35,2.3,19.0,140,,6,,309.0,100.0,0.0,0.0,13.0,87.0,0.0,9.0,94.0,6.0,0.0,6.0,99.0,1.0,,,,,,,,,,,,,,,,,,,,,,,,,,,,,,,,,,,,,,,,,,,65,20.0,10.0,5.0,0.0,0.0,15.0,5.0,10.0,175,130,45,1.3,11.0,30,2.2,5.2,2.4,2.4,0.9,1587,1579,8,      9078,1.0,5.0,29.0,Buitengebied Oudebildtzijl
16600,BU19493901,Waadhoeke                               ,Buurt     ,BU19493901,1,645,330,315,70,80,115,235,140,310,255,55,25,595,20,30,595,5,10,15,15,,,,,305,95,115,90,2.1,1613.0,315,,18,,244.0,100.0,7.0,8.0,33.0,52.0,0.0,4.0,78.0,22.0,14.0,8.0,99.0,1.0,,,,,,,,,,,,,,,,,,,,,,,,,,,,,,,,,,,,,,,,,,,95,10.0,20.0,10.0,5.0,5.0,15.0,10.0,15.0,415,300,120,1.4,1043.0,55,0.3,5.0,0.5,0.5,1.0,42,40,2,      9078,1.0,5.0,105.0,Oudebildtzijl
16601,WK194940  ,Waadhoeke                               ,Wijk      ,WK194940  ,1,255,145,105,30,30,50,90,55,120,110,15,10,235,10,10,235,5,5,10,5,,,,,110,35,40,40,2.3,63.0,117,,4,,308.0,100.0,7.0,10.0,31.0,52.0,0.0,7.0,81.0,19.0,14.0,5.0,98.0,2.0,,,,,,,,,,,,,,,,,,,,,,,,,,,,,,,,,,,,,,,,,,,55,15.0,15.0,5.0,0.0,0.0,10.0,5.0,5.0,155,110,45,1.4,39.0,25,4.6,4.1,2.1,2.1,1.0,406,403,4,         .,,5.0,37.0,Peins
16602,BU19494000,Waadhoeke                               ,Buurt     ,BU19494000,1,255,145,110,35,30,50,90,55,120,110,15,10,235,15,10,230,5,0,5,5,,,,,110,35,35,40,2.3,63.0,117,,4,,308.0,100.0,7.0,10.0,31.0,52.0,0.0,7.0,81.0,19.0,14.0,5.0,98.0,2.0,,,,,,,,,,,,,,,,,,,,,,,,,,,,,,,,,,,,,,,,,,,55,15.0,15.0,5.0,0.0,0.0,10.0,5.0,5.0,155,110,45,1.4,39.0,25,4.6,4.1,2.1,2.1,1.0,406,403,4,      8812,1.0,5.0,37.0,Peins
16603,WK194941  ,Waadhoeke                               ,Wijk      ,WK194941  ,1,145,70,70,10,30,15,40,40,65,65,10,10,130,10,5,135,0,0,5,0,,,,,70,25,25,20,2.1,25.0,67,,14,,349.0,97.0,0.0,0.0,22.0,75.0,3.0,7.0,82.0,18.0,0.0,18.0,96.0,4.0,,,,,,,,,,,,,,,,,,,,,,,,,,,,,,,,,,,,,,,,,,,30,15.0,5.0,0.0,5.0,0.0,5.0,0.0,0.0,95,70,25,1.4,16.0,10,2.0,1.9,1.8,1.8,0.9,583,574,9,         .,,5.0,125.0,Pietersbierum
16604,BU19494100,Waadhoeke                               ,Buurt     ,BU19494100,1,145,70,70,15,30,15,40,40,65,60,10,10,135,15,5,130,5,0,10,0,,,,,70,25,20,20,2.1,25.0,67,,14,,349.0,97.0,0.0,0.0,22.0,75.0,3.0,7.0,82.0,18.0,0.0,18.0,96.0,4.0,,,,,,,,,,,,,,,,,,,,,,,,,,,,,,,,,,,,,,,,,,,30,15.0,5.0,0.0,5.0,0.0,5.0,0.0,0.0,95,70,25,1.4,16.0,10,2.0,1.9,1.8,1.8,0.9,583,574,9,      8856,1.0,5.0,125.0,Pietersbierum
16605,WK194942  ,Waadhoeke                               ,Wijk      ,WK194942  ,1,415,215,205,55,45,90,135,90,190,180,25,20,380,25,10,385,10,5,15,5,,,,,195,80,65,60,2.1,134.0,203,,18,,281.0,99.0,5.0,7.0,35.0,52.0,1.0,5.0,75.0,25.0,20.0,4.0,99.0,1.0,,,,,,,,,,,,,,,,,,,,,,,,,,,,,,,,,,,,,,,,,,,70,15.0,20.0,5.0,0.0,5.0,10.0,10.0,5.0,260,190,70,1.3,83.0,35,4.3,4.5,0.4,0.4,1.0,317,311,6,         .,,5.0,67.0,Ried
16606,BU19494200,Waadhoeke                               ,Buurt     ,BU19494200,1,40,20,20,5,5,10,15,5,15,15,5,0,35,0,5,35,0,5,0,5,,,,,15,5,5,5,2.5,13.0,16,,2,,,,,,,,,,,,,,,,,,,,,,,,,,,,,,,,,,,,,,,,,,,,,,,,,,,,,,,,,,0,,,,,,,,,0,0,0,,,0,4.3,4.4,0.8,0.8,1.0,297,291,6,      8811,1.0,5.0,59.0,Buitengebied Ried
16607,BU19494201,Waadhoeke                               ,Buurt     ,BU19494201,1,380,195,185,50,40,80,125,85,175,165,20,20,350,25,5,350,10,0,15,5,,,,,180,70,55,55,2.1,1939.0,187,,16,,268.0,99.0,5.0,7.0,37.0,49.0,1.0,5.0,75.0,24.0,22.0,2.0,99.0,1.0,,,,,,,,,,,,,,,,,,,,,,,,,,,,,,,,,,,,,,,,,,,70,15.0,20.0,5.0,0.0,5.0,10.0,10.0,5.0,260,190,70,1.4,1325.0,35,4.3,4.6,0.3,0.3,1.0,20,20,0,      8811,1.0,5.0,68.0,Ried
16608,WK194943  ,Waadhoeke                               ,Wijk      ,WK194943  ,1,130,70,60,20,20,20,40,40,50,65,15,5,125,0,5,125,0,0,0,0,,,,,55,20,25,15,2.2,39.0,58,,8,,347.0,100.0,3.0,7.0,29.0,60.0,0.0,2.0,81.0,19.0,14.0,5.0,97.0,3.0,,,,,,,,,,,,,,,,,,,,,,,,,,,,,,,,,,,,,,,,,,,30,5.0,5.0,5.0,0.0,0.0,5.0,5.0,0.0,75,55,25,1.3,23.0,5,3.1,2.2,3.0,3.2,0.5,342,338,4,         .,,5.0,48.0,Schalsum
16609,BU19494300,Waadhoeke                               ,Buurt     ,BU19494300,1,130,75,60,15,15,20,40,40,50,65,10,5,125,5,5,125,0,0,5,5,,,,,60,20,25,15,2.2,39.0,58,,8,,347.0,100.0,3.0,7.0,29.0,60.0,0.0,2.0,81.0,19.0,14.0,5.0,97.0,3.0,,,,,,,,,,,,,,,,,,,,,,,,,,,,,,,,,,,,,,,,,,,30,5.0,5.0,5.0,0.0,0.0,5.0,5.0,0.0,75,55,25,1.3,23.0,5,3.1,2.2,3.0,3.2,0.5,342,338,4,      8813,1.0,5.0,48.0,Schalsum
16610,WK194944  ,Waadhoeke                               ,Wijk      ,WK194944  ,1,1750,895,850,275,200,410,490,370,820,730,125,75,1470,190,85,1475,50,40,135,45,,,,,800,300,235,260,2.2,164.0,776,,74,,245.0,93.0,14.0,14.0,35.0,31.0,7.0,5.0,60.0,40.0,34.0,6.0,95.0,5.0,,,,,,,,,,,,,,,,,,,,,,,,,,,,,,,,,,,,,,,,,,,210,35.0,50.0,30.0,10.0,10.0,40.0,20.0,15.0,910,695,215,1.1,85.0,100,0.7,0.8,0.6,0.6,1.0,1083,1066,17,         .,,5.0,233.0,Sexbierum
16611,BU19494400,Waadhoeke                               ,Buurt     ,BU19494400,1,115,60,55,15,10,20,45,25,50,55,5,5,110,10,0,105,5,0,0,0,,,,,50,15,20,15,2.1,14.0,56,,9,,390.0,96.0,4.0,4.0,14.0,75.0,4.0,5.0,80.0,20.0,0.0,20.0,100.0,0.0,,,,,,,,,,,,,,,,,,,,,,,,,,,,,,,,,,,,,,,,,,,20,,,,,,,,,50,30,25,1.0,6.0,5,2.0,1.8,1.9,1.9,0.8,817,806,10,      8855,1.0,5.0,96.0,Buitengebied Sexbierum
16612,BU19494401,Waadhoeke                               ,Buurt     ,BU19494401,1,1545,785,755,245,170,380,415,330,720,630,120,70,1285,170,80,1290,40,35,130,50,,,,,710,270,205,230,2.2,2648.0,686,,56,,230.0,93.0,15.0,15.0,37.0,26.0,7.0,5.0,57.0,43.0,39.0,5.0,94.0,6.0,,,,,,,,,,,,,,,,,,,,,,,,,,,,,,,,,,,,,,,,,,,180,20.0,50.0,30.0,10.0,10.0,35.0,20.0,15.0,835,655,180,1.2,1432.0,90,0.6,0.7,0.5,0.5,1.0,59,58,1,      8855,1.0,5.0,249.0,Sexbierum
16613,BU19494402,Waadhoeke                               ,Buurt     ,BU19494402,1,90,50,45,10,20,15,35,5,45,45,0,0,75,10,10,75,5,5,5,5,,,,,35,10,10,15,2.7,146.0,33,,9,,304.0,94.0,0.0,0.0,27.0,67.0,6.0,9.0,91.0,9.0,0.0,9.0,100.0,0.0,,,,,,,,,,,,,,,,,,,,,,,,,,,,,,,,,,,,,,,,,,,10,,,,,,,,,25,15,10,,,5,0.5,1.3,0.9,0.9,1.0,63,63,0,      8855,2.0,5.0,181.0,Sexbierum Kassen
16614,BU19494403,Waadhoeke                               ,Buurt     ,BU19494403,1,0,0,0,0,0,0,0,0,0,0,0,0,0,0,0,0,0,0,0,0,,,,,0,0,0,0,1.0,,1,,0,,,,,,,,,,,,,,,,,,,,,,,,,,,,,,,,,,,,,,,,,,,,,,,,,,,,,,,,,,0,,,,,,,,,0,0,0,,,0,,,,,,145,139,6,      8855,1.0,5.0,30.0,Sexbierum Waddenglas
16615,WK194945  ,Waadhoeke                               ,Wijk      ,WK194945  ,1,110,60,45,20,15,15,30,30,45,50,10,10,105,0,5,100,0,5,0,0,,,,,40,10,20,15,2.5,59.0,44,,5,,401.0,100.0,0.0,0.0,5.0,95.0,0.0,2.0,95.0,5.0,0.0,5.0,100.0,0.0,,,,,,,,,,,,,,,,,,,,,,,,,,,,,,,,,,,,,,,,,,,20,,,,,,,,,70,50,20,,,5,4.3,4.3,4.0,4.0,0.0,183,182,1,         .,,5.0,26.0,Skingen
16616,BU19494500,Waadhoeke                               ,Buurt     ,BU19494500,1,110,60,50,20,10,15,25,30,40,50,10,10,105,0,5,105,0,0,0,5,,,,,40,10,20,15,2.5,59.0,44,,5,,401.0,100.0,0.0,0.0,5.0,95.0,0.0,2.0,95.0,5.0,0.0,5.0,100.0,0.0,,,,,,,,,,,,,,,,,,,,,,,,,,,,,,,,,,,,,,,,,,,20,,,,,,,,,70,50,20,,,5,4.3,4.3,4.0,4.0,0.0,183,182,1,      8816,1.0,5.0,26.0,Skingen
16617,WK194946  ,Waadhoeke                               ,Wijk      ,WK194946  ,1,75,35,40,10,15,10,30,15,30,45,5,0,75,0,0,75,0,0,0,0,,,,,30,5,10,15,2.6,31.0,30,,5,,405.0,100.0,0.0,0.0,7.0,93.0,0.0,0.0,97.0,3.0,0.0,3.0,97.0,3.0,,,,,,,,,,,,,,,,,,,,,,,,,,,,,,,,,,,,,,,,,,,20,,,,,,,,,45,30,15,,,5,3.3,3.5,3.3,3.3,0.1,252,251,1,         .,,5.0,14.0,Slappeterp
16618,BU19494600,Waadhoeke                               ,Buurt     ,BU19494600,1,80,40,40,10,10,10,35,15,30,45,5,0,80,0,0,75,0,0,0,0,,,,,30,5,10,15,2.6,31.0,30,,5,,405.0,100.0,0.0,0.0,7.0,93.0,0.0,0.0,97.0,3.0,0.0,3.0,97.0,3.0,,,,,,,,,,,,,,,,,,,,,,,,,,,,,,,,,,,,,,,,,,,20,,,,,,,,,45,30,15,,,5,3.3,3.5,3.3,3.3,0.1,252,251,1,      9037,1.0,5.0,14.0,Slappeterp
16619,WK194947  ,Waadhoeke                               ,Wijk      ,WK194947  ,1,260,130,130,40,30,55,70,65,125,105,10,15,245,5,10,245,5,5,5,5,,,,,115,40,35,40,2.3,78.0,115,,11,,292.0,99.0,5.0,8.0,18.0,67.0,1.0,4.0,83.0,17.0,10.0,8.0,100.0,0.0,,,,,,,,,,,,,,,,,,,,,,,,,,,,,,,,,,,,,,,,,,,30,5.0,10.0,0.0,0.0,0.0,5.0,5.0,5.0,150,105,45,1.3,46.0,20,2.4,2.7,2.5,2.5,0.9,333,330,2,         .,,5.0,39.0,Spannum
16620,BU19494700,Waadhoeke                               ,Buurt     ,BU19494700,1,30,15,15,10,5,10,5,5,25,5,0,0,25,0,0,30,0,5,0,0,,,,,15,5,0,5,2.5,9.0,11,,0,,,,,,,,,,,,,,,,,,,,,,,,,,,,,,,,,,,,,,,,,,,,,,,,,,,,,,,,,,5,,,,,,,,,10,5,5,,,5,2.9,3.1,2.9,2.9,0.5,319,317,2,      8843,1.0,5.0,31.0,Buitengebied Spannum
16621,BU19494701,Waadhoeke                               ,Buurt     ,BU19494701,1,230,120,110,30,30,40,65,60,105,100,10,15,220,5,10,215,5,5,0,5,,,,,105,35,35,30,2.3,1705.0,104,,11,,285.0,99.0,6.0,9.0,20.0,63.0,1.0,4.0,82.0,18.0,11.0,8.0,100.0,0.0,,,,,,,,,,,,,,,,,,,,,,,,,,,,,,,,,,,,,,,,,,,25,5.0,10.0,0.0,0.0,0.0,5.0,5.0,5.0,145,100,40,1.4,1065.0,15,2.3,2.6,2.4,2.4,1.0,14,13,0,      8843,1.0,5.0,40.0,Spannum
16622,WK194948  ,Waadhoeke                               ,Wijk      ,WK194948  ,1,1115,560,555,175,140,265,300,235,545,425,75,70,1020,55,40,1020,25,15,30,20,,,,,480,170,145,160,2.2,79.0,529,,52,,275.0,88.0,10.0,9.0,33.0,36.0,12.0,5.0,66.0,34.0,30.0,4.0,97.0,3.0,,,,,,,,,,,,,,,,,,,,,,,,,,,,,,,,,,,,,,,,,,,145,35.0,40.0,15.0,5.0,0.0,20.0,15.0,10.0,605,430,170,1.3,43.0,80,5.3,4.4,0.8,0.8,1.0,1420,1411,10,         .,,5.0,139.0,Tzum
16623,BU19494800,Waadhoeke                               ,Buurt     ,BU19494800,1,215,110,105,35,35,40,70,30,110,95,5,0,210,5,0,210,5,0,0,0,,,,,80,15,25,40,2.7,16.0,82,,12,,466.0,100.0,0.0,0.0,6.0,94.0,0.0,9.0,93.0,7.0,0.0,7.0,96.0,4.0,,,,,,,,,,,,,,,,,,,,,,,,,,,,,,,,,,,,,,,,,,,55,30.0,10.0,5.0,0.0,0.0,5.0,5.0,5.0,110,80,30,1.4,8.0,15,5.4,4.7,2.1,2.1,0.8,1385,1376,9,      8804,1.0,5.0,45.0,Buitengebied Tzum
16624,BU19494801,Waadhoeke                               ,Buurt     ,BU19494801,1,900,450,450,145,100,225,225,205,435,330,65,65,810,50,35,815,25,20,30,20,,,,,400,155,120,125,2.2,2595.0,447,,40,,238.0,86.0,11.0,11.0,38.0,26.0,14.0,4.0,62.0,38.0,35.0,3.0,98.0,2.0,,,,,,,,,,,,,,,,,,,,,,,,,,,,,,,,,,,,,,,,,,,85,5.0,25.0,10.0,5.0,0.0,15.0,10.0,10.0,495,350,145,1.2,1430.0,65,5.3,4.3,0.5,0.5,1.0,35,35,1,      8804,1.0,5.0,157.0,Tzum
16625,WK194949  ,Waadhoeke                               ,Wijk      ,WK194949  ,1,1395,730,670,210,150,310,380,350,640,575,105,80,1235,85,75,1235,30,30,55,50,,,,,620,210,220,190,2.2,122.0,655,,177,,261.0,94.0,11.0,9.0,32.0,42.0,6.0,7.0,70.0,30.0,23.0,7.0,96.0,4.0,,,,,,,,,,,,,,,,,,,,,,,,,,,,,,,,,,,,,,,,,,,190,35.0,45.0,35.0,10.0,5.0,30.0,20.0,20.0,850,650,205,1.4,74.0,115,0.6,3.8,0.5,0.8,1.0,1155,1143,12,         .,,5.0,231.0,Tzummarum
16626,BU19494900,Waadhoeke                               ,Buurt     ,BU19494900,1,200,105,90,25,20,40,65,45,105,80,10,10,185,10,5,185,5,0,5,5,,,,,80,25,30,30,2.4,19.0,95,,12,,405.0,100.0,1.0,2.0,16.0,81.0,0.0,17.0,79.0,21.0,0.0,21.0,99.0,1.0,,,,,,,,,,,,,,,,,,,,,,,,,,,,,,,,,,,,,,,,,,,55,20.0,15.0,5.0,0.0,0.0,10.0,5.0,5.0,130,95,35,1.6,12.0,20,1.8,4.2,1.5,1.7,0.9,1073,1061,12,      8851,1.0,5.0,103.0,Buitengebied Tzummarum
16627,BU19494901,Waadhoeke                               ,Buurt     ,BU19494901,1,600,325,280,95,75,125,170,135,285,245,50,25,545,35,20,545,15,5,20,10,,,,,265,95,80,90,2.3,1553.0,271,,40,,261.0,99.0,7.0,6.0,39.0,46.0,1.0,6.0,75.0,25.0,20.0,5.0,97.0,3.0,,,,,,,,,,,,,,,,,,,,,,,,,,,,,,,,,,,,,,,,,,,75,5.0,20.0,15.0,5.0,0.0,10.0,5.0,10.0,390,295,95,1.5,1013.0,60,0.5,3.7,0.4,0.7,1.1,39,39,0,      8851,1.0,5.0,238.0,Tzummarum Noord
16628,BU19494902,Waadhoeke                               ,Buurt     ,BU19494902,1,600,300,300,90,55,145,145,175,250,250,50,45,500,40,55,500,10,20,30,35,,,,,270,90,100,75,2.1,1395.0,289,,125,,213.0,88.0,17.0,15.0,30.0,26.0,12.0,4.0,62.0,38.0,33.0,5.0,94.0,6.0,,,,,,,,,,,,,,,,,,,,,,,,,,,,,,,,,,,,,,,,,,,60,10.0,10.0,10.0,0.0,0.0,10.0,10.0,10.0,330,255,70,1.2,763.0,35,0.4,3.7,0.2,0.6,1.0,43,43,0,      8851,1.0,5.0,253.0,Tzummarum Zuid
16629,WK194950  ,Waadhoeke                               ,Wijk      ,WK194950  ,1,700,370,330,105,90,155,240,115,350,270,65,25,610,55,40,615,15,15,40,15,,,,,315,110,95,115,2.2,55.0,312,,15,,274.0,97.0,11.0,13.0,23.0,50.0,3.0,3.0,71.0,29.0,22.0,7.0,96.0,4.0,,,,,,,,,,,,,,,,,,,,,,,,,,,,,,,,,,,,,,,,,,,120,15.0,25.0,25.0,10.0,5.0,20.0,10.0,15.0,445,330,115,1.4,34.0,70,3.0,3.2,0.6,0.7,1.5,1292,1285,7,         .,,5.0,79.0,Vrouwenparochie
16630,BU19495000,Waadhoeke                               ,Buurt     ,BU19495000,1,150,75,75,30,20,25,60,15,75,60,10,5,145,5,5,145,0,0,5,0,,,,,55,10,20,25,2.7,12.0,53,,8,,402.0,100.0,0.0,2.0,4.0,92.0,0.0,0.0,91.0,9.0,0.0,9.0,100.0,0.0,,,,,,,,,,,,,,,,,,,,,,,,,,,,,,,,,,,,,,,,,,,50,15.0,5.0,10.0,0.0,0.0,5.0,5.0,5.0,110,80,30,2.0,9.0,20,3.4,3.7,1.9,2.2,1.1,1259,1252,7,      9077,1.0,5.0,36.0,Buitengebied Vrouwenparochie
16631,BU19495001,Waadhoeke                               ,Buurt     ,BU19495001,1,550,295,255,80,65,135,180,95,270,205,55,20,465,50,35,465,20,15,35,20,,,,,260,100,75,85,2.1,1683.0,259,,7,,248.0,96.0,13.0,15.0,27.0,41.0,4.0,4.0,67.0,33.0,26.0,7.0,96.0,4.0,,,,,,,,,,,,,,,,,,,,,,,,,,,,,,,,,,,,,,,,,,,75,5.0,20.0,15.0,10.0,0.0,15.0,5.0,5.0,335,250,80,1.3,1016.0,50,2.9,3.1,0.2,0.3,1.7,33,33,0,      9077,1.0,5.0,89.0,Vrouwenparochie
16632,WK194951  ,Waadhoeke                               ,Wijk      ,WK194951  ,1,250,130,120,25,20,45,100,65,110,105,20,10,220,15,15,220,5,10,10,0,,,,,125,45,50,30,2.0,65.0,131,,6,,238.0,100.0,0.0,0.0,11.0,89.0,0.0,9.0,93.0,7.0,0.0,7.0,100.0,0.0,,,,,,,,,,,,,,,,,,,,,,,,,,,,,,,,,,,,,,,,,,,45,15.0,5.0,5.0,0.0,0.0,5.0,5.0,5.0,175,125,50,1.5,46.0,30,3.2,4.4,2.9,3.0,0.4,387,386,1,         .,,5.0,23.0,Westhoek
16633,BU19495100,Waadhoeke                               ,Buurt     ,BU19495100,1,250,135,115,25,25,45,100,65,110,105,25,5,225,15,10,220,10,10,10,0,,,,,125,40,50,30,2.0,65.0,131,,6,,238.0,100.0,0.0,0.0,11.0,89.0,0.0,9.0,93.0,7.0,0.0,7.0,100.0,0.0,,,,,,,,,,,,,,,,,,,,,,,,,,,,,,,,,,,,,,,,,,,45,15.0,5.0,5.0,0.0,0.0,5.0,5.0,5.0,175,125,50,1.5,46.0,30,3.2,4.4,2.9,3.0,0.4,387,386,1,      9075,1.0,5.0,23.0,Westhoek
16634,WK194952  ,Waadhoeke                               ,Wijk      ,WK194952  ,1,185,105,80,15,15,40,65,55,90,65,25,5,185,5,5,180,0,0,5,0,,,,,95,30,30,30,2.0,109.0,94,,8,,303.0,100.0,2.0,2.0,26.0,70.0,0.0,1.0,82.0,18.0,16.0,2.0,97.0,3.0,,,,,,,,,,,,,,,,,,,,,,,,,,,,,,,,,,,,,,,,,,,25,5.0,5.0,5.0,0.0,0.0,0.0,0.0,0.0,135,100,35,1.5,78.0,20,2.5,2.6,2.5,2.6,2.3,177,173,3,         .,,5.0,38.0,Wier
16635,BU19495200,Waadhoeke                               ,Buurt     ,BU19495200,1,190,105,85,15,20,40,65,55,95,60,25,5,180,5,0,180,0,0,0,5,,,,,95,35,35,30,2.0,109.0,94,,8,,303.0,100.0,2.0,2.0,26.0,70.0,0.0,1.0,82.0,18.0,16.0,2.0,97.0,3.0,,,,,,,,,,,,,,,,,,,,,,,,,,,,,,,,,,,,,,,,,,,25,5.0,5.0,5.0,0.0,0.0,0.0,0.0,0.0,135,100,35,1.5,78.0,20,2.5,2.6,2.5,2.6,2.3,177,173,3,      9043,1.0,5.0,38.0,Wier
16636,WK194953  ,Waadhoeke                               ,Wijk      ,WK194953  ,1,1080,560,515,160,130,240,310,245,500,475,65,35,1010,30,35,1015,15,15,15,20,,,,,455,120,180,155,2.3,126.0,474,,90,,277.0,98.0,11.0,9.0,41.0,38.0,2.0,3.0,71.0,29.0,23.0,6.0,93.0,7.0,,,,,,,,,,,,,,,,,,,,,,,,,,,,,,,,,,,,,,,,,,,145,15.0,20.0,25.0,15.0,5.0,25.0,20.0,15.0,670,490,180,1.5,79.0,75,0.5,0.5,0.5,0.5,1.0,871,854,18,         .,,5.0,163.0,Winsum
16637,BU19495300,Waadhoeke                               ,Buurt     ,BU19495300,1,60,35,25,10,5,10,25,5,30,30,5,0,55,0,0,60,5,0,5,0,,,,,20,5,10,5,2.7,8.0,23,,2,,451.0,100.0,0.0,0.0,0.0,100.0,0.0,0.0,91.0,9.0,0.0,9.0,100.0,0.0,,,,,,,,,,,,,,,,,,,,,,,,,,,,,,,,,,,,,,,,,,,15,,,,,,,,,30,10,15,,,5,2.1,2.0,2.1,2.1,1.0,800,784,17,      8831,1.0,5.0,60.0,Buitengebied Winsum
16638,BU19495301,Waadhoeke                               ,Buurt     ,BU19495301,1,1005,520,485,145,120,225,285,230,465,440,60,35,940,30,35,945,15,15,15,20,,,,,430,120,170,145,2.3,2296.0,444,,52,,268.0,98.0,11.0,10.0,43.0,34.0,2.0,3.0,70.0,30.0,24.0,5.0,92.0,8.0,,,,,,,,,,,,,,,,,,,,,,,,,,,,,,,,,,,,,,,,,,,115,10.0,15.0,20.0,10.0,5.0,25.0,15.0,15.0,615,460,160,1.4,1407.0,70,0.4,0.5,0.4,0.4,1.0,45,44,1,      8831,1.0,5.0,169.0,Winsum
16639,BU19495302,Waadhoeke                               ,Buurt     ,BU19495302,1,10,5,5,0,0,0,5,5,5,5,0,0,10,0,0,10,0,0,0,0,,,,,5,0,5,5,2.5,39.0,7,,36,,,,,,,,,,,,,,,,,,,,,,,,,,,,,,,,,,,,,,,,,,,,,,,,,,,,,,,,,,10,,,,,,,,,25,20,5,,,0,0.6,0.7,0.8,0.8,2.0,26,26,0,      8831,1.0,5.0,157.0,Winsum Bedrijventerrein
16640,WK194954  ,Waadhoeke                               ,Wijk      ,WK194954  ,1,445,235,215,80,45,100,120,100,205,190,25,25,430,10,5,430,10,5,0,0,,,,,185,45,70,70,2.4,77.0,192,,22,,308.0,100.0,11.0,8.0,13.0,68.0,0.0,5.0,86.0,14.0,8.0,6.0,100.0,0.0,,,,,,,,,,,,,,,,,,,,,,,,,,,,,,,,,,,,,,,,,,,75,10.0,30.0,10.0,5.0,5.0,5.0,10.0,5.0,255,180,75,1.4,44.0,25,3.5,3.6,0.6,0.6,1.0,595,583,11,         .,,5.0,55.0,Wjelsryp
16641,BU19495400,Waadhoeke                               ,Buurt     ,BU19495400,1,120,65,55,15,20,25,40,20,65,50,0,10,115,5,0,115,5,0,0,0,,,,,45,5,20,20,2.7,21.0,47,,6,,370.0,100.0,0.0,0.0,9.0,91.0,0.0,4.0,91.0,9.0,0.0,9.0,100.0,0.0,,,,,,,,,,,,,,,,,,,,,,,,,,,,,,,,,,,,,,,,,,,40,10.0,15.0,5.0,5.0,0.0,0.0,5.0,0.0,75,45,25,,,10,3.6,3.6,1.5,1.5,0.9,576,566,11,      8842,1.0,5.0,40.0,Buitengebied Wjelsryp
16642,BU19495401,Waadhoeke                               ,Buurt     ,BU19495401,1,325,170,160,65,25,75,85,80,140,140,20,20,310,10,5,315,10,0,5,5,,,,,140,40,50,50,2.4,1828.0,145,,16,,288.0,100.0,15.0,10.0,14.0,60.0,0.0,5.0,85.0,15.0,10.0,5.0,100.0,0.0,,,,,,,,,,,,,,,,,,,,,,,,,,,,,,,,,,,,,,,,,,,35,0.0,15.0,5.0,0.0,5.0,5.0,5.0,0.0,180,130,50,1.3,1015.0,10,3.5,3.6,0.2,0.2,1.0,19,18,1,      8842,1.0,5.0,59.0,Wjelsryp
16643,WK194955  ,Waadhoeke                               ,Wijk      ,WK194955  ,1,125,70,50,20,15,30,50,15,60,55,5,0,115,0,0,115,5,0,0,0,,,,,50,10,15,20,2.6,62.0,48,,7,,356.0,100.0,2.0,4.0,29.0,65.0,0.0,2.0,90.0,10.0,8.0,2.0,98.0,2.0,,,,,,,,,,,,,,,,,,,,,,,,,,,,,,,,,,,,,,,,,,,35,5.0,10.0,5.0,0.0,0.0,5.0,0.0,0.0,90,55,35,,,10,3.8,3.6,3.9,4.1,0.0,205,201,4,         .,,5.0,20.0,Zweins
16644,BU19495500,Waadhoeke                               ,Buurt     ,BU19495500,1,120,75,50,25,10,30,45,15,65,50,5,0,115,5,0,120,0,0,0,5,,,,,45,10,15,25,2.6,62.0,48,,7,,356.0,100.0,2.0,4.0,29.0,65.0,0.0,2.0,90.0,10.0,8.0,2.0,98.0,2.0,,,,,,,,,,,,,,,,,,,,,,,,,,,,,,,,,,,,,,,,,,,35,5.0,10.0,5.0,0.0,0.0,5.0,0.0,0.0,90,55,35,,,10,3.8,3.6,3.9,4.1,0.0,205,201,4,      8814,1.0,5.0,20.0,Zweins
17290,GM0098    ,Weststellingwerf                        ,Gemeente  ,GM0098    ,1,26596,13339,13257,3871,2747,5679,7395,6904,11645,11153,2086,1712,23852,1087,1657,23852,493,706,594,951,,,,,11806,4018,3948,3840,2.2,121.0,12042,,1999,,315.0,88.0,18.0,11.0,16.0,43.0,12.0,4.0,65.0,35.0,26.0,8.0,93.0,7.0,,,,,,,,,,,,,,,,,,,,,,,,,,,,,,,,,,,,,,,,,,,3550,475.0,640.0,630.0,190.0,135.0,635.0,500.0,345.0,15220,11150,4070,1.3,69.0,1805,2.3,2.2,1.0,0.9,4.9,22845,22020,825,         .,,4.0,695.0,Weststellingwerf
17291,WK009800  ,Weststellingwerf                        ,Wijk      ,WK009800  ,1,13505,6650,6855,2020,1385,3105,3390,3605,5975,5330,1145,1050,11750,540,1210,11755,245,475,300,735,,,,,6165,2370,1835,1960,2.1,1118.0,6356,,1184,,276.0,81.0,27.0,16.0,17.0,22.0,19.0,3.0,56.0,44.0,35.0,9.0,92.0,8.0,,,,,,,,,,,,,,,,,,,,,,,,,,,,,,,,,,,,,,,,,,,1355,20.0,265.0,330.0,75.0,55.0,245.0,220.0,140.0,7110,5485,1625,1.2,589.0,780,0.9,0.8,0.5,0.5,7.9,1319,1207,112,         .,,3.0,1155.0,Wolvega
17292,BU00980001,Weststellingwerf                        ,Buurt     ,BU00980001,1,20,10,5,5,0,10,10,0,10,5,0,0,20,0,0,15,0,0,0,0,,,,,10,5,5,5,1.9,24.0,6,,69,,,,,,,,,,,,,,,,,,,,,,,,,,,,,,,,,,,,,,,,,,,,,,,,,,,,,,,,,,55,0.0,15.0,25.0,5.0,0.0,5.0,0.0,0.0,25,5,20,,,5,1.8,1.7,1.3,1.4,8.0,81,79,2,      8471,1.0,5.0,355.0,Wolvega-Schipsloot
17293,BU00980002,Weststellingwerf                        ,Buurt     ,BU00980002,1,60,30,30,15,5,20,15,5,40,20,5,5,65,0,0,60,0,0,0,0,,,,,20,0,5,15,2.9,84.0,21,,203,,393.0,76.0,0.0,10.0,0.0,67.0,24.0,5.0,76.0,24.0,0.0,24.0,100.0,0.0,,,,,,,,,,,,,,,,,,,,,,,,,,,,,,,,,,,,,,,,,,,85,0.0,25.0,40.0,5.0,5.0,5.0,0.0,5.0,70,45,30,,,10,1.3,1.2,0.8,0.9,8.0,76,75,0,      8471,1.0,4.0,874.0,Wolvega-Om de Noort
17294,BU00980003,Weststellingwerf                        ,Buurt     ,BU00980003,1,220,110,115,30,25,45,70,55,85,120,10,10,190,25,5,190,5,5,25,5,,,,,90,15,45,35,2.4,215.0,93,,198,,472.0,97.0,0.0,0.0,0.0,97.0,3.0,6.0,88.0,12.0,0.0,12.0,82.0,18.0,,,,,,,,,,,,,,,,,,,,,,,,,,,,,,,,,,,,,,,,,,,85,0.0,20.0,15.0,5.0,5.0,20.0,10.0,5.0,165,105,60,1.8,158.0,20,1.9,1.8,1.1,1.6,5.2,104,104,0,      8472,5.0,5.0,357.0,Wolvega-Wolvega Noord
17295,BU00980004,Weststellingwerf                        ,Buurt     ,BU00980004,1,1185,565,610,205,145,255,290,285,535,440,140,60,1000,55,130,995,25,55,30,80,,,,,535,185,160,190,2.2,3159.0,538,,60,,243.0,100.0,46.0,24.0,17.0,13.0,0.0,2.0,51.0,49.0,46.0,3.0,100.0,0.0,,,,,,,,,,,,,,,,,,,,,,,,,,,,,,,,,,,,,,,,,,,75,0.0,20.0,20.0,0.0,0.0,20.0,5.0,10.0,630,510,120,1.2,1681.0,60,1.1,1.0,0.7,0.7,8.0,37,37,0,      8471,1.0,3.0,1132.0,Wolvega-De Meulepolle
17296,BU00980005,Weststellingwerf                        ,Buurt     ,BU00980005,1,995,515,480,165,110,280,295,145,505,385,65,40,895,25,75,895,15,40,10,35,,,,,460,175,125,160,2.2,5070.0,468,,6,,228.0,97.0,25.0,20.0,14.0,38.0,3.0,2.0,55.0,45.0,43.0,2.0,99.0,1.0,,,,,,,,,,,,,,,,,,,,,,,,,,,,,,,,,,,,,,,,,,,90,0.0,20.0,20.0,5.0,5.0,10.0,20.0,10.0,530,415,120,1.2,2703.0,95,0.7,0.6,0.4,0.4,8.0,20,20,0,      8471,1.0,3.0,1431.0,Wolvega-Vogelbuurt
17297,BU00980006,Weststellingwerf                        ,Buurt     ,BU00980006,1,1115,530,585,140,100,245,275,360,420,475,90,135,1035,20,60,1030,10,25,10,30,,,,,510,195,175,145,2.0,3588.0,539,,102,,279.0,81.0,7.0,6.0,26.0,42.0,19.0,4.0,65.0,34.0,27.0,7.0,89.0,11.0,,,,,,,,,,,,,,,,,,,,,,,,,,,,,,,,,,,,,,,,,,,135,5.0,30.0,25.0,5.0,5.0,20.0,25.0,15.0,700,520,175,1.4,2244.0,105,0.6,0.5,0.2,0.3,8.0,31,31,0,      8471,1.0,3.0,1361.0,Wolvega-Stuyvesantbuurt
17298,BU00980007,Weststellingwerf                        ,Buurt     ,BU00980007,1,335,170,165,30,40,65,95,100,130,150,20,30,315,10,10,310,5,5,0,10,,,,,160,60,50,45,2.1,2549.0,165,,20,,290.0,85.0,1.0,1.0,36.0,48.0,15.0,4.0,78.0,22.0,18.0,4.0,100.0,0.0,,,,,,,,,,,,,,,,,,,,,,,,,,,,,,,,,,,,,,,,,,,55,0.0,10.0,15.0,5.0,0.0,10.0,10.0,5.0,220,160,60,1.4,1676.0,35,0.4,0.4,0.2,0.2,8.0,13,13,0,      8471,1.0,3.0,1327.0,Wolvega-Stationsbuurt
17299,BU00980008,Weststellingwerf                        ,Buurt     ,BU00980008,1,575,265,310,35,55,70,135,285,175,265,40,95,525,40,10,525,10,5,30,5,,,,,275,110,105,60,1.9,2084.0,259,,68,,301.0,74.0,12.0,10.0,29.0,23.0,26.0,3.0,60.0,40.0,38.0,2.0,100.0,0.0,,,,,,,,,,,,,,,,,,,,,,,,,,,,,,,,,,,,,,,,,,,25,0.0,5.0,0.0,0.0,0.0,5.0,5.0,0.0,265,215,50,1.0,959.0,30,0.8,0.8,0.4,0.6,7.5,28,28,0,      8472,2.0,3.0,1021.0,Wolvega-De Scheene
17300,BU00980009,Weststellingwerf                        ,Buurt     ,BU00980009,1,545,275,265,60,55,110,160,155,235,235,40,35,490,15,40,490,10,15,0,20,,,,,250,85,90,70,2.1,2426.0,267,,35,,311.0,93.0,11.0,9.0,28.0,44.0,7.0,3.0,67.0,33.0,28.0,4.0,93.0,7.0,,,,,,,,,,,,,,,,,,,,,,,,,,,,,,,,,,,,,,,,,,,60,0.0,15.0,15.0,0.0,0.0,10.0,15.0,5.0,340,255,90,1.4,1522.0,55,0.8,0.8,0.5,0.5,8.4,22,22,0,      8471,1.0,4.0,672.0,Wolvega-Tuindorp
17301,BU00980010,Weststellingwerf                        ,Buurt     ,BU00980010,1,845,405,440,135,125,205,220,160,435,260,110,35,625,45,170,625,20,60,20,115,,,,,385,165,80,140,2.2,4667.0,385,,54,,231.0,96.0,56.0,30.0,5.0,6.0,4.0,2.0,42.0,58.0,56.0,2.0,98.0,2.0,,,,,,,,,,,,,,,,,,,,,,,,,,,,,,,,,,,,,,,,,,,40,0.0,5.0,5.0,5.0,0.0,5.0,15.0,5.0,390,320,70,1.0,2170.0,30,1.0,0.9,0.3,0.3,8.0,19,18,1,      8471,1.0,3.0,1352.0,Wolvega-Schildersbuurt
17302,BU00980011,Weststellingwerf                        ,Buurt     ,BU00980011,1,1755,875,875,300,190,390,475,400,795,735,155,75,1505,55,200,1505,20,80,35,115,,,,,775,260,230,285,2.3,3977.0,782,,19,,264.0,97.0,45.0,26.0,16.0,10.0,3.0,2.0,63.0,37.0,36.0,1.0,100.0,0.0,,,,,,,,,,,,,,,,,,,,,,,,,,,,,,,,,,,,,,,,,,,105,0.0,25.0,15.0,10.0,0.0,20.0,15.0,15.0,910,735,175,1.2,2067.0,80,1.5,1.3,0.5,0.5,8.0,46,44,1,      8471,1.0,4.0,976.0,Wolvega-De Heidepolle
17303,BU00980012,Weststellingwerf                        ,Buurt     ,BU00980012,1,950,500,455,125,95,275,265,195,475,330,90,55,765,50,135,770,30,45,25,90,,,,,515,255,125,135,1.8,4573.0,513,,49,,215.0,79.0,28.0,15.0,25.0,11.0,21.0,2.0,38.0,62.0,60.0,2.0,100.0,0.0,,,,,,,,,,,,,,,,,,,,,,,,,,,,,,,,,,,,,,,,,,,60,0.0,15.0,15.0,5.0,0.0,5.0,15.0,5.0,450,375,75,0.9,2154.0,55,0.8,0.6,0.3,0.3,8.0,21,21,0,      8471,1.0,3.0,1465.0,Wolvega-Oranjebuurt
17304,BU00980013,Weststellingwerf                        ,Buurt     ,BU00980013,1,710,355,355,125,85,150,190,160,340,265,65,45,595,25,90,595,15,40,10,50,,,,,310,105,80,115,2.2,4416.0,335,,115,,241.0,91.0,50.0,27.0,5.0,9.0,9.0,3.0,37.0,63.0,53.0,10.0,100.0,0.0,,,,,,,,,,,,,,,,,,,,,,,,,,,,,,,,,,,,,,,,,,,30,0.0,5.0,10.0,5.0,0.0,5.0,5.0,5.0,385,305,80,1.3,2391.0,30,1.1,0.9,0.4,0.4,8.0,16,16,0,      8471,1.0,3.0,1172.0,Wolvega-De Muziekbuurt
17305,BU00980014,Weststellingwerf                        ,Buurt     ,BU00980014,1,500,230,270,25,45,100,95,245,170,180,55,100,415,50,40,415,15,10,35,25,,,,,325,190,100,35,1.5,3201.0,337,,135,,240.0,16.0,0.0,2.0,7.0,7.0,84.0,9.0,42.0,57.0,28.0,29.0,100.0,0.0,,,,,,,,,,,,,,,,,,,,,,,,,,,,,,,,,,,,,,,,,,,170,0.0,15.0,75.0,5.0,15.0,20.0,20.0,25.0,310,245,60,0.9,1960.0,40,0.3,0.3,0.4,0.4,8.0,16,16,0,      8471,1.0,3.0,1488.0,Wolvega-Centrum
17306,BU00980015,Weststellingwerf                        ,Buurt     ,BU00980015,1,625,270,355,35,40,55,120,365,145,295,55,135,585,15,20,585,10,5,5,15,,,,,340,170,125,55,1.7,3764.0,387,,11,,322.0,37.0,14.0,4.0,5.0,14.0,63.0,3.0,56.0,44.0,29.0,16.0,91.0,9.0,,,,,,,,,,,,,,,,,,,,,,,,,,,,,,,,,,,,,,,,,,,40,0.0,5.0,5.0,0.0,0.0,5.0,5.0,5.0,335,270,65,1.0,2024.0,20,0.5,0.4,0.3,0.3,8.0,17,17,0,      8471,1.0,2.0,1674.0,Wolvega-Lindenoord
17307,BU00980016,Weststellingwerf                        ,Buurt     ,BU00980016,1,655,325,330,65,55,175,145,215,310,215,80,60,560,45,50,560,25,20,25,35,,,,,395,220,105,70,1.7,5228.0,411,,3,,183.0,64.0,35.0,21.0,5.0,3.0,36.0,5.0,23.0,77.0,42.0,35.0,98.0,2.0,,,,,,,,,,,,,,,,,,,,,,,,,,,,,,,,,,,,,,,,,,,45,0.0,5.0,5.0,0.0,0.0,10.0,10.0,5.0,290,240,55,0.7,2327.0,30,0.9,0.7,0.3,0.3,8.0,13,13,0,      8471,1.0,3.0,1225.0,Wolvega-Staatsliedenbuurt
17308,BU00980017,Weststellingwerf                        ,Buurt     ,BU00980017,1,385,200,185,70,35,80,85,115,175,180,15,25,365,10,15,370,5,10,5,5,,,,,165,50,55,60,2.3,3431.0,168,,16,,350.0,93.0,0.0,0.0,48.0,45.0,7.0,1.0,98.0,2.0,0.0,2.0,100.0,0.0,,,,,,,,,,,,,,,,,,,,,,,,,,,,,,,,,,,,,,,,,,,25,0.0,5.0,5.0,0.0,0.0,10.0,5.0,5.0,155,115,40,0.9,1353.0,10,0.5,0.5,0.5,0.5,8.0,11,11,0,      8471,1.0,3.0,1442.0,Wolvega-Bloemenbuurt
17309,BU00980018,Weststellingwerf                        ,Buurt     ,BU00980018,1,250,90,160,0,0,5,35,205,60,50,50,100,235,10,10,235,5,5,5,0,,,,,45,40,5,0,1.2,347.0,85,,4,,,28.0,14.0,12.0,0.0,2.0,72.0,6.0,1.0,99.0,54.0,45.0,58.0,42.0,,,,,,,,,,,,,,,,,,,,,,,,,,,,,,,,,,,,,,,,,,,5,,,,,,,,,40,35,5,,,0,0.7,0.7,0.6,0.6,8.0,76,73,4,      8471,1.0,3.0,1414.0,Wolvega-De Stedes
17310,BU00980019,Weststellingwerf                        ,Buurt     ,BU00980019,1,615,305,315,185,40,225,115,60,330,250,40,5,560,25,35,560,10,20,10,15,,,,,225,40,65,125,2.7,4242.0,225,,3,,357.0,100.0,49.0,25.0,24.0,2.0,0.0,2.0,76.0,24.0,17.0,8.0,57.0,43.0,,,,,,,,,,,,,,,,,,,,,,,,,,,,,,,,,,,,,,,,,,,35,0.0,5.0,5.0,0.0,0.0,10.0,10.0,5.0,315,240,75,1.4,2179.0,20,0.8,0.8,0.3,0.2,8.0,15,15,0,      8472,1.0,4.0,721.0,Wolvega-Vlinderwijk
17311,BU00980020,Weststellingwerf                        ,Buurt     ,BU00980020,1,1060,560,500,260,135,310,280,80,570,440,35,15,960,25,75,960,15,20,15,55,,,,,330,40,75,210,3.1,1726.0,331,,1,,499.0,95.0,11.0,6.0,24.0,53.0,5.0,1.0,97.0,3.0,0.0,3.0,34.0,66.0,,,,,,,,,,,,,,,,,,,,,,,,,,,,,,,,,,,,,,,,,,,100,0.0,15.0,10.0,0.0,10.0,35.0,20.0,10.0,520,330,185,1.6,843.0,45,1.2,1.2,0.7,0.6,6.9,81,62,20,      8472,1.0,4.0,615.0,Wolvega-Lindewijk
17312,BU00980021,Weststellingwerf                        ,Buurt     ,BU00980021,1,85,50,35,10,10,30,25,15,40,40,5,0,45,0,50,40,0,5,0,35,,,,,40,5,25,10,2.1,18.0,41,,13,,257.0,100.0,10.0,5.0,0.0,85.0,0.0,7.0,44.0,56.0,0.0,56.0,49.0,51.0,,,,,,,,,,,,,,,,,,,,,,,,,,,,,,,,,,,,,,,,,,,20,,,,,,,,,60,45,15,,,10,1.6,1.5,1.1,1.1,7.0,578,494,84,      8471,1.0,5.0,250.0,Wolvega-Buitengebied
17313,WK009801  ,Weststellingwerf                        ,Wijk      ,WK009801  ,1,670,365,310,90,90,115,230,145,280,325,40,25,640,20,10,640,10,5,10,5,,,,,260,55,105,100,2.6,25.0,260,,38,,,98.0,0.0,0.0,5.0,93.0,2.0,3.0,93.0,7.0,1.0,6.0,97.0,3.0,,,,,,,,,,,,,,,,,,,,,,,,,,,,,,,,,,,,,,,,,,,160,65.0,25.0,15.0,5.0,10.0,20.0,10.0,10.0,405,255,150,1.6,15.0,40,4.4,4.4,3.3,3.1,0.9,2712,2656,56,         .,,5.0,33.0,De Wolden-Ter Idzard
17314,BU00980101,Weststellingwerf                        ,Buurt     ,BU00980101,1,200,105,95,20,25,35,75,40,80,100,15,5,195,5,5,190,0,0,0,5,,,,,80,10,35,30,2.6,24.0,75,,9,,471.0,100.0,0.0,0.0,3.0,97.0,0.0,1.0,97.0,3.0,0.0,3.0,99.0,1.0,,,,,,,,,,,,,,,,,,,,,,,,,,,,,,,,,,,,,,,,,,,50,20.0,10.0,0.0,0.0,0.0,10.0,5.0,5.0,130,80,50,1.6,15.0,10,3.5,3.5,2.8,3.3,1.7,847,846,1,      8488,1.0,5.0,50.0,Nijeholtwolde
17315,BU00980102,Weststellingwerf                        ,Buurt     ,BU00980102,1,150,85,65,25,30,25,45,25,75,60,10,10,145,5,5,145,0,5,0,0,,,,,50,15,15,25,2.9,15.0,52,,16,,,96.0,0.0,0.0,6.0,90.0,4.0,4.0,88.0,12.0,0.0,12.0,100.0,0.0,,,,,,,,,,,,,,,,,,,,,,,,,,,,,,,,,,,,,,,,,,,40,25.0,0.0,5.0,0.0,0.0,0.0,5.0,0.0,90,55,35,1.7,9.0,10,4.4,4.4,3.7,3.6,0.1,1023,976,47,      8477,1.0,5.0,18.0,Oldeholtwolde
17316,BU00980103,Weststellingwerf                        ,Buurt     ,BU00980103,1,125,70,55,20,15,20,45,25,55,60,5,0,115,5,0,110,5,5,5,0,,,,,45,5,20,20,2.6,1037.0,49,,3,,465.0,96.0,0.0,0.0,16.0,78.0,4.0,4.0,92.0,8.0,4.0,4.0,92.0,8.0,,,,,,,,,,,,,,,,,,,,,,,,,,,,,,,,,,,,,,,,,,,15,,,,,,,,,55,35,20,,,5,4.7,4.7,2.9,2.3,1.0,12,12,0,      8476,1.0,5.0,37.0,Ter Idzard
17317,BU00980104,Weststellingwerf                        ,Buurt     ,BU00980104,1,200,105,95,20,20,30,65,60,80,100,10,5,190,5,0,190,5,0,0,0,,,,,80,15,35,30,2.4,24.0,84,,10,,,100.0,0.0,0.0,0.0,100.0,0.0,4.0,94.0,6.0,0.0,6.0,96.0,4.0,,,,,,,,,,,,,,,,,,,,,,,,,,,,,,,,,,,,,,,,,,,55,15.0,5.0,10.0,5.0,5.0,10.0,5.0,5.0,130,85,45,1.6,16.0,15,5.1,5.0,3.8,3.0,0.5,830,821,8,      8476,1.0,5.0,26.0,Ter Idzard-Buitengebied
17318,WK009802  ,Weststellingwerf                        ,Wijk      ,WK009802  ,1,380,190,190,55,55,80,115,75,185,160,20,15,355,15,10,355,10,5,5,5,,,,,130,25,40,65,2.7,16.0,137,,34,,,99.0,0.0,0.0,1.0,97.0,1.0,6.0,87.0,13.0,1.0,12.0,98.0,2.0,,,,,,,,,,,,,,,,,,,,,,,,,,,,,,,,,,,,,,,,,,,95,45.0,15.0,5.0,5.0,0.0,10.0,15.0,5.0,215,145,75,1.6,9.0,10,5.8,5.7,4.6,2.0,0.7,2568,2412,156,         .,,5.0,12.0,De Lamers
17319,BU00980201,Weststellingwerf                        ,Buurt     ,BU00980201,1,150,60,85,20,20,30,50,25,65,70,10,5,140,5,5,140,5,0,0,0,,,,,50,5,20,30,2.8,18.0,54,,11,,,98.0,0.0,0.0,0.0,98.0,2.0,7.0,96.0,4.0,0.0,4.0,98.0,2.0,,,,,,,,,,,,,,,,,,,,,,,,,,,,,,,,,,,,,,,,,,,40,20.0,5.0,5.0,0.0,0.0,5.0,5.0,0.0,95,50,40,1.8,11.0,5,4.8,4.7,4.2,3.1,0.5,849,830,19,      8487,1.0,5.0,13.0,Nijelamer
17320,BU00980202,Weststellingwerf                        ,Buurt     ,BU00980202,1,230,125,105,35,30,50,65,45,125,95,10,10,215,10,5,215,5,5,0,5,,,,,80,20,25,40,2.7,15.0,83,,23,,,99.0,0.0,0.0,2.0,96.0,1.0,5.0,81.0,19.0,2.0,17.0,98.0,2.0,,,,,,,,,,,,,,,,,,,,,,,,,,,,,,,,,,,,,,,,,,,55,25.0,10.0,0.0,0.0,0.0,5.0,10.0,5.0,125,90,30,1.5,8.0,5,6.5,6.4,4.9,1.3,0.9,1720,1582,138,      8486,1.0,5.0,12.0,Oldelamer
17321,WK009803  ,Weststellingwerf                        ,Wijk      ,WK009803  ,1,855,435,425,140,90,180,260,190,385,390,50,35,805,25,25,810,10,20,15,10,,,,,345,80,140,130,2.5,45.0,372,,126,,379.0,98.0,2.0,1.0,11.0,85.0,2.0,11.0,89.0,11.0,2.0,9.0,98.0,2.0,,,,,,,,,,,,,,,,,,,,,,,,,,,,,,,,,,,,,,,,,,,165,40.0,30.0,15.0,15.0,5.0,30.0,20.0,10.0,575,380,195,1.7,30.0,60,6.4,6.3,2.2,2.1,0.8,2209,1906,303,         .,,5.0,29.0,Lange-Nije-Munk
17322,BU00980301,Weststellingwerf                        ,Buurt     ,BU00980301,1,130,70,60,20,15,30,40,30,55,60,15,5,120,0,10,120,0,5,0,10,,,,,60,20,20,20,2.3,1404.0,62,,6,,287.0,95.0,3.0,3.0,32.0,56.0,5.0,8.0,87.0,13.0,8.0,5.0,98.0,2.0,,,,,,,,,,,,,,,,,,,,,,,,,,,,,,,,,,,,,,,,,,,20,,,,,,,,,90,70,25,1.6,983.0,10,5.2,5.0,2.2,2.2,1.0,10,9,0,      8484,1.0,5.0,31.0,Langelille
17323,BU00980302,Weststellingwerf                        ,Buurt     ,BU00980302,1,140,70,70,25,15,25,35,35,60,65,5,5,125,15,5,120,0,0,10,5,,,,,55,15,25,15,2.5,24.0,56,,70,,431.0,100.0,0.0,0.0,5.0,95.0,0.0,11.0,91.0,9.0,0.0,9.0,95.0,5.0,,,,,,,,,,,,,,,,,,,,,,,,,,,,,,,,,,,,,,,,,,,25,10.0,5.0,0.0,0.0,0.0,5.0,5.0,0.0,95,55,40,1.7,17.0,10,4.3,4.2,3.5,3.5,0.3,617,565,52,      8484,1.0,5.0,27.0,Langeville-Buitengebied
17324,BU00980303,Weststellingwerf                        ,Buurt     ,BU00980303,1,165,80,85,40,10,50,35,35,80,70,10,5,160,5,0,155,0,0,0,0,,,,,60,10,25,30,2.6,1023.0,65,,5,,352.0,98.0,6.0,3.0,18.0,71.0,2.0,6.0,92.0,8.0,3.0,5.0,100.0,0.0,,,,,,,,,,,,,,,,,,,,,,,,,,,,,,,,,,,,,,,,,,,25,5.0,5.0,5.0,0.0,0.0,0.0,5.0,0.0,115,90,25,1.9,724.0,5,7.5,7.3,1.4,1.4,1.0,16,16,0,      8485,1.0,5.0,38.0,Munnekeburen
17325,BU00980304,Weststellingwerf                        ,Buurt     ,BU00980304,1,300,145,155,50,30,65,100,50,145,125,20,10,290,5,5,290,5,5,0,0,,,,,120,30,40,45,2.5,41.0,124,,23,,388.0,100.0,0.0,0.0,3.0,97.0,0.0,10.0,86.0,14.0,0.0,14.0,98.0,2.0,,,,,,,,,,,,,,,,,,,,,,,,,,,,,,,,,,,,,,,,,,,65,20.0,5.0,10.0,5.0,0.0,10.0,10.0,0.0,175,110,70,1.5,24.0,15,6.9,6.9,1.4,1.4,0.8,772,730,42,      8485,1.0,5.0,36.0,Munnekeburen-Buitengebied
17326,BU00980305,Weststellingwerf                        ,Buurt     ,BU00980305,1,125,65,60,5,15,10,50,45,45,75,5,10,115,5,5,120,0,5,0,0,,,,,55,10,25,20,2.4,22.0,65,,22,,442.0,95.0,0.0,0.0,2.0,94.0,5.0,22.0,89.0,11.0,0.0,11.0,100.0,0.0,,,,,,,,,,,,,,,,,,,,,,,,,,,,,,,,,,,,,,,,,,,30,0.0,5.0,5.0,5.0,0.0,10.0,5.0,5.0,95,55,35,1.7,16.0,15,7.3,7.3,3.4,3.0,0.6,794,585,209,      8481,1.0,5.0,15.0,Nijetrijne
17327,WK009804  ,Weststellingwerf                        ,Wijk      ,WK009804  ,1,680,345,340,110,70,130,220,145,300,300,45,30,635,20,25,635,10,15,10,10,,,,,275,65,110,95,2.4,49.0,288,,30,,367.0,99.0,7.0,6.0,10.0,77.0,1.0,6.0,83.0,17.0,2.0,15.0,98.0,2.0,,,,,,,,,,,,,,,,,,,,,,,,,,,,,,,,,,,,,,,,,,,140,35.0,25.0,15.0,10.0,5.0,20.0,10.0,20.0,440,305,135,1.6,32.0,45,5.6,5.9,2.1,2.1,0.8,1436,1375,61,         .,,5.0,42.0,Scherpenzeel-Spanga
17328,BU00980401,Weststellingwerf                        ,Buurt     ,BU00980401,1,320,155,160,55,30,70,90,70,140,125,30,15,295,5,15,295,5,5,5,5,,,,,140,40,50,50,2.3,2052.0,138,,13,,316.0,99.0,14.0,13.0,17.0,54.0,1.0,4.0,75.0,25.0,4.0,21.0,98.0,2.0,,,,,,,,,,,,,,,,,,,,,,,,,,,,,,,,,,,,,,,,,,,45,5.0,10.0,5.0,5.0,0.0,5.0,5.0,5.0,210,150,60,1.5,1357.0,20,6.1,6.4,1.2,1.2,1.0,15,15,0,      8483,1.0,5.0,65.0,Scherpenzeel
17329,BU00980402,Weststellingwerf                        ,Buurt     ,BU00980402,1,120,60,65,25,15,20,45,20,60,55,0,5,110,5,5,110,5,0,0,0,,,,,45,5,20,20,2.7,30.0,48,,2,,440.0,100.0,0.0,0.0,2.0,98.0,0.0,8.0,88.0,13.0,0.0,13.0,98.0,2.0,,,,,,,,,,,,,,,,,,,,,,,,,,,,,,,,,,,,,,,,,,,20,,,,,,,,,45,25,20,,,5,5.5,5.8,2.3,2.3,0.8,416,395,21,      8483,1.0,5.0,31.0,Scherpenzeel-Buitengebied
17330,BU00980403,Weststellingwerf                        ,Buurt     ,BU00980403,1,240,130,115,35,25,35,85,55,100,115,15,15,225,5,10,225,0,5,0,5,,,,,100,15,45,35,2.5,25.0,102,,15,,,100.0,0.0,0.0,3.0,97.0,0.0,8.0,92.0,8.0,0.0,8.0,97.0,3.0,,,,,,,,,,,,,,,,,,,,,,,,,,,,,,,,,,,,,,,,,,,70,25.0,10.0,10.0,5.0,5.0,10.0,0.0,10.0,185,130,60,1.9,19.0,20,5.0,5.3,3.1,3.0,0.6,1005,965,40,      8482,2.0,5.0,17.0,Slijkenburg-Spanga
17331,WK009805  ,Weststellingwerf                        ,Wijk      ,WK009805  ,1,480,235,240,75,65,85,145,100,230,210,20,20,425,45,5,420,10,0,35,5,,,,,185,50,55,80,2.6,31.0,161,,22,,466.0,99.0,0.0,0.0,6.0,93.0,1.0,5.0,93.0,7.0,0.0,7.0,96.0,4.0,,,,,,,,,,,,,,,,,,,,,,,,,,,,,,,,,,,,,,,,,,,105,25.0,15.0,15.0,5.0,5.0,20.0,15.0,10.0,270,165,100,1.5,17.0,60,3.3,3.2,2.7,2.7,3.0,1587,1553,34,         .,,5.0,122.0,Oldetrijne-Sonnega
17332,BU00980501,Weststellingwerf                        ,Buurt     ,BU00980501,1,230,115,120,40,35,45,70,40,125,90,5,10,190,35,0,195,5,5,35,0,,,,,90,25,25,40,2.6,24.0,74,,9,,,100.0,0.0,0.0,9.0,91.0,0.0,8.0,89.0,11.0,0.0,11.0,100.0,0.0,,,,,,,,,,,,,,,,,,,,,,,,,,,,,,,,,,,,,,,,,,,45,15.0,10.0,5.0,0.0,0.0,5.0,5.0,5.0,115,70,45,1.3,12.0,35,4.1,4.0,3.5,3.5,0.3,989,960,28,      8479,1.0,5.0,17.0,Oldetrijne
17333,BU00980502,Weststellingwerf                        ,Buurt     ,BU00980502,1,245,120,125,30,35,40,80,60,100,120,10,15,230,10,5,230,5,0,5,0,,,,,95,25,30,40,2.6,41.0,87,,13,,479.0,98.0,0.0,0.0,3.0,94.0,2.0,2.0,97.0,3.0,0.0,3.0,92.0,8.0,,,,,,,,,,,,,,,,,,,,,,,,,,,,,,,,,,,,,,,,,,,60,10.0,5.0,10.0,5.0,5.0,15.0,5.0,5.0,155,100,55,1.6,26.0,25,2.5,2.4,1.9,1.9,5.6,599,593,6,      8478,1.0,5.0,210.0,Sonnega
17334,WK009806  ,Weststellingwerf                        ,Wijk      ,WK009806  ,1,505,250,255,75,70,85,170,100,235,215,25,25,485,5,10,490,5,5,0,5,,,,,190,45,65,80,2.6,32.0,189,,27,,453.0,98.0,0.0,0.0,4.0,94.0,2.0,3.0,94.0,6.0,1.0,5.0,97.0,3.0,,,,,,,,,,,,,,,,,,,,,,,,,,,,,,,,,,,,,,,,,,,100,30.0,10.0,15.0,5.0,5.0,15.0,10.0,10.0,300,210,95,1.6,20.0,45,3.4,3.1,2.1,1.9,2.2,1562,1548,13,         .,,5.0,44.0,Blesdijke
17335,BU00980601,Weststellingwerf                        ,Buurt     ,BU00980601,1,135,70,65,20,20,25,55,25,60,60,5,10,130,5,0,130,5,0,0,0,,,,,55,15,15,20,2.5,793.0,51,,5,,434.0,96.0,0.0,0.0,10.0,86.0,4.0,2.0,94.0,6.0,4.0,2.0,98.0,2.0,,,,,,,,,,,,,,,,,,,,,,,,,,,,,,,,,,,,,,,,,,,25,5.0,0.0,5.0,0.0,0.0,5.0,0.0,5.0,70,50,25,1.4,423.0,10,2.9,2.9,2.6,2.4,2.8,17,17,0,      8398,1.0,5.0,32.0,Blesdijke
17336,BU00980602,Weststellingwerf                        ,Buurt     ,BU00980602,1,370,180,185,60,50,65,125,75,170,155,20,20,355,5,10,355,0,5,0,0,,,,,145,35,50,55,2.6,24.0,138,,22,,460.0,99.0,0.0,0.0,1.0,97.0,1.0,3.0,93.0,7.0,0.0,7.0,97.0,3.0,,,,,,,,,,,,,,,,,,,,,,,,,,,,,,,,,,,,,,,,,,,75,30.0,10.0,10.0,0.0,5.0,10.0,5.0,5.0,230,160,70,1.6,15.0,35,3.6,3.2,1.9,1.7,2.0,1544,1531,13,      8398,1.0,5.0,48.0,Blesdijke-Buitengebied
17337,WK009807  ,Weststellingwerf                        ,Wijk      ,WK009807  ,1,905,475,435,125,130,175,285,190,410,400,50,40,855,25,30,855,10,15,5,10,,,,,370,95,130,145,2.4,176.0,384,,27,,321.0,98.0,7.0,8.0,31.0,53.0,2.0,4.0,77.0,23.0,17.0,6.0,98.0,2.0,,,,,,,,,,,,,,,,,,,,,,,,,,,,,,,,,,,,,,,,,,,95,10.0,15.0,15.0,5.0,5.0,15.0,15.0,15.0,535,410,125,1.4,105.0,95,5.2,5.0,0.4,0.4,2.8,541,513,28,         .,,5.0,114.0,De Blesse-Peperga
17338,BU00980701,Weststellingwerf                        ,Buurt     ,BU00980701,1,810,425,385,115,115,160,250,170,375,345,50,40,765,15,30,765,10,15,5,10,,,,,340,100,110,130,2.4,366.0,348,,22,,308.0,99.0,7.0,9.0,34.0,49.0,1.0,4.0,74.0,26.0,19.0,7.0,99.0,1.0,,,,,,,,,,,,,,,,,,,,,,,,,,,,,,,,,,,,,,,,,,,80,10.0,15.0,15.0,5.0,0.0,15.0,10.0,15.0,475,370,110,1.4,215.0,75,5.1,4.9,0.4,0.4,2.9,225,221,4,      8397,1.0,5.0,115.0,De Blesse
17339,BU00980702,Weststellingwerf                        ,Buurt     ,BU00980702,1,95,50,45,10,15,15,35,20,40,50,5,0,90,0,0,90,5,0,0,0,,,,,30,5,20,15,2.8,33.0,36,,5,,455.0,97.0,0.0,0.0,0.0,97.0,3.0,6.0,97.0,3.0,0.0,3.0,97.0,3.0,,,,,,,,,,,,,,,,,,,,,,,,,,,,,,,,,,,,,,,,,,,15,,,,,,,,,60,40,20,,,20,6.1,6.0,1.0,1.0,1.8,315,292,24,      8396,1.0,5.0,105.0,Peperga
17340,WK009808  ,Weststellingwerf                        ,Wijk      ,WK009808  ,1,1015,535,480,135,85,210,300,275,405,475,80,55,960,25,30,960,15,15,10,15,,,,,460,150,170,140,2.2,66.0,470,,40,,345.0,100.0,6.0,8.0,24.0,62.0,0.0,4.0,80.0,20.0,9.0,11.0,97.0,3.0,,,,,,,,,,,,,,,,,,,,,,,,,,,,,,,,,,,,,,,,,,,155,30.0,35.0,15.0,5.0,0.0,30.0,30.0,10.0,645,470,175,1.4,42.0,85,6.0,5.9,1.0,1.8,1.2,1541,1531,11,         .,,5.0,61.0,Steggerda
17341,BU00980801,Weststellingwerf                        ,Buurt     ,BU00980801,1,605,315,295,90,50,145,170,160,260,260,50,40,580,15,20,575,5,10,5,10,,,,,300,115,90,90,2.1,1081.0,302,,20,,290.0,100.0,9.0,13.0,33.0,44.0,0.0,3.0,71.0,29.0,15.0,15.0,97.0,3.0,,,,,,,,,,,,,,,,,,,,,,,,,,,,,,,,,,,,,,,,,,,65,15.0,20.0,5.0,0.0,0.0,10.0,15.0,5.0,385,295,90,1.3,684.0,45,6.3,6.3,0.3,1.3,1.4,56,56,0,      8395,1.0,5.0,78.0,Steggerda
17342,BU00980802,Weststellingwerf                        ,Buurt     ,BU00980802,1,400,220,185,50,40,60,130,120,140,215,25,20,385,15,10,380,5,5,5,5,,,,,165,35,75,50,2.5,27.0,168,,20,,452.0,100.0,0.0,0.0,7.0,93.0,0.0,7.0,96.0,4.0,0.0,4.0,96.0,4.0,,,,,,,,,,,,,,,,,,,,,,,,,,,,,,,,,,,,,,,,,,,85,15.0,20.0,10.0,5.0,0.0,20.0,15.0,5.0,260,180,80,1.6,18.0,35,5.5,5.4,1.9,2.6,0.8,1485,1474,11,      8395,1.0,5.0,34.0,Steggerda-Buitengebied
17343,WK009809  ,Weststellingwerf                        ,Wijk      ,WK009809  ,1,590,305,285,80,55,100,205,145,240,310,20,20,560,15,10,560,10,10,5,10,,,,,235,40,105,90,2.5,47.0,240,,19,,450.0,100.0,0.0,0.0,12.0,88.0,0.0,4.0,88.0,12.0,6.0,6.0,96.0,4.0,,,,,,,,,,,,,,,,,,,,,,,,,,,,,,,,,,,,,,,,,,,125,30.0,15.0,10.0,5.0,5.0,30.0,15.0,10.0,420,255,165,1.8,33.0,50,4.1,3.9,3.3,1.4,1.2,1280,1269,12,         .,,5.0,30.0,De Hoeve-Vinkega
17344,BU00980901,Weststellingwerf                        ,Buurt     ,BU00980901,1,165,85,85,30,15,40,50,40,80,75,5,0,160,5,5,160,5,5,0,5,,,,,70,15,30,30,2.4,1244.0,70,,3,,371.0,100.0,0.0,0.0,40.0,60.0,0.0,0.0,77.0,23.0,20.0,3.0,99.0,1.0,,,,,,,,,,,,,,,,,,,,,,,,,,,,,,,,,,,,,,,,,,,25,0.0,5.0,5.0,5.0,0.0,10.0,5.0,0.0,135,85,50,1.9,1000.0,15,5.0,4.6,3.8,0.2,1.0,13,13,0,      8394,1.0,5.0,42.0,De Hoeve
17345,BU00980902,Weststellingwerf                        ,Buurt     ,BU00980902,1,220,115,105,25,25,30,85,60,80,125,5,10,210,5,5,210,5,0,0,5,,,,,85,15,40,30,2.6,30.0,92,,10,,,100.0,0.0,0.0,0.0,100.0,0.0,9.0,90.0,10.0,0.0,10.0,96.0,4.0,,,,,,,,,,,,,,,,,,,,,,,,,,,,,,,,,,,,,,,,,,,50,20.0,5.0,5.0,0.0,0.0,10.0,5.0,5.0,140,85,55,1.6,19.0,10,4.5,4.2,3.6,1.3,1.1,751,741,10,      8394,1.0,5.0,29.0,De Hoeve-Buitengebied
17346,BU00980903,Weststellingwerf                        ,Buurt     ,BU00980903,1,205,105,95,25,20,30,75,55,85,105,5,10,190,5,0,190,5,5,5,0,,,,,75,10,40,30,2.6,39.0,78,,6,,492.0,100.0,0.0,0.0,0.0,100.0,0.0,1.0,95.0,5.0,0.0,5.0,95.0,5.0,,,,,,,,,,,,,,,,,,,,,,,,,,,,,,,,,,,,,,,,,,,50,10.0,5.0,5.0,0.0,5.0,15.0,5.0,5.0,150,85,60,1.9,29.0,20,2.9,3.0,2.7,2.4,1.4,516,514,2,      8393,1.0,5.0,21.0,Vinkega
17347,WK009810  ,Weststellingwerf                        ,Wijk      ,WK009810  ,1,3640,1825,1815,470,345,745,1025,1055,1515,1495,370,255,3300,150,190,3300,75,85,75,105,,,,,1755,680,605,470,2.1,295.0,1779,,269,,284.0,87.0,19.0,14.0,16.0,37.0,13.0,3.0,57.0,43.0,38.0,5.0,92.0,8.0,,,,,,,,,,,,,,,,,,,,,,,,,,,,,,,,,,,,,,,,,,,490,25.0,95.0,95.0,40.0,15.0,90.0,70.0,55.0,2195,1640,550,1.3,178.0,240,0.9,1.0,0.8,0.6,3.0,1242,1234,8,         .,,5.0,375.0,Noordwolde
17348,BU00981001,Weststellingwerf                        ,Buurt     ,BU00981001,1,350,180,170,40,40,60,100,110,150,135,35,30,315,15,25,315,5,10,5,15,,,,,170,80,50,45,2.0,2941.0,173,,7,,264.0,71.0,11.0,8.0,27.0,24.0,29.0,3.0,53.0,47.0,40.0,7.0,95.0,5.0,,,,,,,,,,,,,,,,,,,,,,,,,,,,,,,,,,,,,,,,,,,40,0.0,0.0,10.0,5.0,0.0,10.0,10.0,5.0,180,130,50,1.0,1496.0,15,0.8,0.6,0.3,0.7,3.0,12,12,0,      8391,1.0,5.0,436.0,Noordwolde-Geldering
17349,BU00981002,Weststellingwerf                        ,Buurt     ,BU00981002,1,125,70,60,30,15,30,40,15,70,45,5,0,115,5,5,115,0,0,5,0,,,,,40,10,15,20,3.0,478.0,42,,48,,350.0,88.0,0.0,0.0,2.0,86.0,12.0,5.0,86.0,14.0,0.0,14.0,100.0,0.0,,,,,,,,,,,,,,,,,,,,,,,,,,,,,,,,,,,,,,,,,,,55,0.0,15.0,15.0,5.0,0.0,10.0,0.0,5.0,90,50,40,,,10,0.9,0.4,0.4,0.4,2.8,26,26,0,      8391,1.0,5.0,442.0,Noordwolde-Industrie
17350,BU00981003,Weststellingwerf                        ,Buurt     ,BU00981003,1,500,250,255,55,50,115,120,160,195,195,60,50,455,25,25,455,10,10,10,10,,,,,255,120,90,50,1.9,2360.0,264,,55,,242.0,59.0,2.0,3.0,14.0,39.0,41.0,4.0,57.0,43.0,31.0,12.0,100.0,0.0,,,,,,,,,,,,,,,,,,,,,,,,,,,,,,,,,,,,,,,,,,,105,0.0,15.0,25.0,10.0,5.0,15.0,20.0,15.0,300,220,80,1.2,1403.0,40,0.5,0.4,0.2,0.4,3.0,21,21,0,      8391,1.0,5.0,463.0,Noordwolde-Hoofdstraat
17351,BU00981004,Weststellingwerf                        ,Buurt     ,BU00981004,1,415,185,230,30,25,50,105,205,115,175,65,60,385,20,15,385,10,5,10,10,,,,,245,125,80,45,1.7,2658.0,244,,7,,230.0,88.0,36.0,25.0,11.0,16.0,12.0,2.0,41.0,59.0,59.0,1.0,100.0,0.0,,,,,,,,,,,,,,,,,,,,,,,,,,,,,,,,,,,,,,,,,,,35,0.0,5.0,5.0,0.0,0.0,5.0,10.0,5.0,240,185,55,1.0,1539.0,10,0.3,0.6,0.5,0.6,3.0,16,16,0,      8391,1.0,5.0,481.0,Noordwolde-Haenepolle
17352,BU00981005,Weststellingwerf                        ,Buurt     ,BU00981005,1,1135,570,560,190,125,315,300,210,575,390,125,45,1010,45,75,1010,25,25,25,45,,,,,555,240,145,170,2.0,4387.0,560,,29,,200.0,96.0,40.0,29.0,19.0,8.0,4.0,2.0,31.0,69.0,65.0,4.0,84.0,16.0,,,,,,,,,,,,,,,,,,,,,,,,,,,,,,,,,,,,,,,,,,,85,0.0,20.0,10.0,15.0,0.0,15.0,10.0,10.0,625,520,105,1.1,2430.0,45,0.6,0.7,0.4,0.4,3.0,26,26,0,      8391,1.0,5.0,467.0,Noordwolde-Rotanwijk
17353,BU00981006,Weststellingwerf                        ,Buurt     ,BU00981006,1,15,10,5,0,5,0,5,5,0,10,5,0,20,0,5,15,0,5,0,0,,,,,5,5,5,0,2.6,51.0,5,,87,,,,,,,,,,,,,,,,,,,,,,,,,,,,,,,,,,,,,,,,,,,,,,,,,,,,,,,,,,10,,,,,,,,,20,10,10,,,5,1.3,1.3,1.1,1.1,3.0,35,35,0,      8391,1.0,5.0,288.0,Noordwolde-Recreatie
17354,BU00981007,Weststellingwerf                        ,Buurt     ,BU00981007,1,105,55,50,0,15,10,25,55,30,60,5,10,95,5,5,95,5,5,0,5,,,,,45,10,25,15,2.2,498.0,50,,3,,676.0,78.0,0.0,0.0,0.0,78.0,22.0,10.0,98.0,2.0,0.0,2.0,100.0,0.0,,,,,,,,,,,,,,,,,,,,,,,,,,,,,,,,,,,,,,,,,,,20,,,,,,,,,85,60,25,,,5,0.8,1.2,1.0,1.0,3.0,21,21,0,      8391,1.0,5.0,430.0,Noordwolde-De Stelling
17355,BU00981008,Weststellingwerf                        ,Buurt     ,BU00981008,1,540,280,255,70,50,110,160,145,205,260,50,20,495,20,25,495,10,15,10,5,,,,,235,65,100,70,2.3,1325.0,235,,11,,372.0,100.0,3.0,3.0,28.0,66.0,0.0,2.0,88.0,12.0,10.0,2.0,88.0,12.0,,,,,,,,,,,,,,,,,,,,,,,,,,,,,,,,,,,,,,,,,,,55,0.0,15.0,10.0,5.0,0.0,15.0,10.0,5.0,360,260,95,1.5,880.0,55,1.6,2.0,1.9,0.5,3.3,41,41,0,      8391,1.0,5.0,146.0,Noordwolde-Zuid
17356,BU00981009,Weststellingwerf                        ,Buurt     ,BU00981009,1,445,220,225,45,35,60,155,150,160,235,20,25,410,20,15,415,10,15,10,0,,,,,195,40,100,55,2.3,43.0,206,,22,,445.0,99.0,0.0,0.0,2.0,96.0,1.0,10.0,97.0,3.0,0.0,3.0,97.0,3.0,,,,,,,,,,,,,,,,,,,,,,,,,,,,,,,,,,,,,,,,,,,85,15.0,15.0,15.0,0.0,0.0,10.0,10.0,10.0,295,205,95,1.5,29.0,45,2.2,2.3,2.1,1.5,2.3,1044,1036,8,      8391,1.0,5.0,96.0,Noordwolde-Buitengebied
17357,WK009811  ,Weststellingwerf                        ,Wijk      ,WK009811  ,1,570,275,295,75,55,100,170,170,250,260,40,25,525,20,25,525,10,15,10,10,,,,,235,50,110,80,2.4,128.0,235,,11,,402.0,100.0,0.0,1.0,18.0,81.0,0.0,3.0,93.0,7.0,6.0,1.0,95.0,5.0,,,,,,,,,,,,,,,,,,,,,,,,,,,,,,,,,,,,,,,,,,,90,15.0,10.0,20.0,5.0,5.0,15.0,10.0,10.0,370,265,100,1.6,82.0,60,2.3,2.2,1.3,1.3,2.5,447,447,0,         .,,5.0,96.0,Oosterstreek
17358,BU00981101,Weststellingwerf                        ,Buurt     ,BU00981101,1,245,120,130,40,20,55,65,70,115,110,15,5,235,5,5,235,5,0,5,5,,,,,105,30,40,40,2.3,1654.0,105,,2,,340.0,100.0,1.0,2.0,40.0,57.0,0.0,2.0,85.0,15.0,13.0,2.0,91.0,9.0,,,,,,,,,,,,,,,,,,,,,,,,,,,,,,,,,,,,,,,,,,,25,0.0,5.0,5.0,0.0,0.0,5.0,5.0,0.0,150,110,45,1.4,1010.0,35,2.7,2.4,1.4,1.4,3.0,15,15,0,      8388,1.0,5.0,59.0,Oosterstreek
17359,BU00981102,Weststellingwerf                        ,Buurt     ,BU00981102,1,325,160,165,35,35,45,105,105,135,150,25,15,295,15,20,290,5,10,5,10,,,,,130,25,65,40,2.4,75.0,130,,9,,453.0,100.0,0.0,0.0,0.0,100.0,0.0,4.0,100.0,0.0,0.0,0.0,98.0,2.0,,,,,,,,,,,,,,,,,,,,,,,,,,,,,,,,,,,,,,,,,,,65,10.0,5.0,15.0,5.0,0.0,10.0,10.0,10.0,215,160,60,1.7,50.0,25,2.0,2.0,1.3,1.3,2.2,432,432,0,      8388,1.0,5.0,125.0,Oosterstreek-Buitengebied
17360,WK009812  ,Weststellingwerf                        ,Wijk      ,WK009812  ,1,350,180,165,50,40,50,115,90,145,160,30,15,320,15,15,320,10,10,10,5,,,,,135,35,60,40,2.4,44.0,139,,13,,428.0,100.0,0.0,0.0,9.0,91.0,0.0,6.0,73.0,27.0,19.0,8.0,99.0,1.0,,,,,,,,,,,,,,,,,,,,,,,,,,,,,,,,,,,,,,,,,,,60,10.0,10.0,10.0,0.0,0.0,10.0,10.0,5.0,185,125,60,1.4,23.0,20,3.2,2.6,2.4,2.4,1.3,792,789,3,         .,,5.0,38.0,Zandhuizen
17361,BU00981201,Weststellingwerf                        ,Buurt     ,BU00981201,1,350,180,170,55,45,50,115,90,145,160,25,15,320,15,15,325,5,10,10,0,,,,,135,35,60,40,2.4,44.0,139,,13,,428.0,100.0,0.0,0.0,9.0,91.0,0.0,6.0,73.0,27.0,19.0,8.0,99.0,1.0,,,,,,,,,,,,,,,,,,,,,,,,,,,,,,,,,,,,,,,,,,,60,10.0,10.0,10.0,0.0,0.0,10.0,10.0,5.0,185,125,60,1.4,23.0,20,3.2,2.6,2.4,2.4,1.3,792,789,3,      8389,1.0,5.0,38.0,Zandhuizen
17362,WK009813  ,Weststellingwerf                        ,Wijk      ,WK009813  ,1,860,445,415,115,55,180,285,220,380,365,65,45,795,35,20,800,25,10,10,10,,,,,380,110,150,115,2.3,49.0,381,,102,,388.0,99.0,5.0,6.0,13.0,76.0,1.0,5.0,80.0,20.0,9.0,12.0,99.0,1.0,,,,,,,,,,,,,,,,,,,,,,,,,,,,,,,,,,,,,,,,,,,175,40.0,25.0,30.0,5.0,0.0,40.0,20.0,15.0,545,345,200,1.4,31.0,85,5.3,5.1,1.2,1.2,1.1,1754,1753,1,         .,,5.0,66.0,Boijl
17363,BU00981301,Weststellingwerf                        ,Buurt     ,BU00981301,1,410,210,200,60,20,115,130,80,190,145,40,30,390,10,5,390,10,5,5,5,,,,,195,75,65,55,2.1,813.0,192,,81,,299.0,99.0,10.0,11.0,24.0,53.0,1.0,3.0,67.0,33.0,17.0,16.0,100.0,0.0,,,,,,,,,,,,,,,,,,,,,,,,,,,,,,,,,,,,,,,,,,,65,5.0,10.0,10.0,5.0,0.0,15.0,10.0,10.0,240,160,80,1.2,480.0,25,5.1,4.8,0.3,0.3,1.0,50,50,0,      8392,1.0,5.0,94.0,Boijl
17364,BU00981302,Weststellingwerf                        ,Buurt     ,BU00981302,1,450,235,215,55,35,65,155,140,190,225,25,15,405,25,15,405,15,10,10,5,,,,,185,35,85,60,2.4,26.0,189,,21,,492.0,100.0,0.0,0.0,1.0,99.0,0.0,7.0,93.0,7.0,0.0,7.0,98.0,2.0,,,,,,,,,,,,,,,,,,,,,,,,,,,,,,,,,,,,,,,,,,,115,35.0,15.0,20.0,0.0,0.0,25.0,5.0,5.0,305,185,120,1.7,18.0,55,5.4,5.3,1.9,1.9,1.2,1703,1702,1,      8392,1.0,5.0,31.0,Boijl-Buitengebied
17365,WK009814  ,Weststellingwerf                        ,Wijk      ,WK009814  ,1,540,275,260,90,70,100,170,110,265,215,35,20,465,50,20,470,10,5,50,10,,,,,220,70,70,85,2.4,64.0,194,,17,,453.0,98.0,0.0,0.0,14.0,84.0,2.0,5.0,88.0,12.0,6.0,6.0,97.0,3.0,,,,,,,,,,,,,,,,,,,,,,,,,,,,,,,,,,,,,,,,,,,80,20.0,10.0,5.0,5.0,5.0,15.0,15.0,10.0,325,215,110,1.5,38.0,40,4.7,4.9,2.6,0.7,1.5,865,846,19,         .,,5.0,41.0,Nijeholtpade
17366,BU00981401,Weststellingwerf                        ,Buurt     ,BU00981401,1,240,120,120,40,30,55,65,50,125,85,20,5,190,45,5,190,0,0,40,5,,,,,110,45,25,40,2.2,1662.0,84,,7,,382.0,98.0,0.0,0.0,26.0,71.0,2.0,5.0,80.0,20.0,13.0,7.0,100.0,0.0,,,,,,,,,,,,,,,,,,,,,,,,,,,,,,,,,,,,,,,,,,,10,,,,,,,,,95,75,15,0.9,654.0,10,5.1,5.2,2.2,0.2,1.9,14,14,0,      8475,1.0,5.0,49.0,Nijeholtpade
17367,BU00981402,Weststellingwerf                        ,Buurt     ,BU00981402,1,295,150,150,50,35,45,100,65,140,135,15,10,275,10,10,280,5,5,5,5,,,,,110,20,50,45,2.7,36.0,110,,10,,513.0,98.0,0.0,0.0,5.0,94.0,2.0,5.0,95.0,5.0,0.0,5.0,95.0,5.0,,,,,,,,,,,,,,,,,,,,,,,,,,,,,,,,,,,,,,,,,,,70,15.0,10.0,5.0,0.0,5.0,10.0,15.0,10.0,230,135,95,2.1,28.0,30,4.5,4.6,3.0,1.2,1.3,851,832,19,      8475,1.0,5.0,34.0,Nijeholtpade-Buitengebied
17368,WK009815  ,Weststellingwerf                        ,Wijk      ,WK009815  ,1,1065,560,505,165,85,230,305,280,440,530,60,40,970,70,20,970,30,15,45,10,,,,,455,95,200,155,2.4,109.0,457,,40,,392.0,98.0,5.0,5.0,13.0,75.0,2.0,4.0,82.0,18.0,6.0,12.0,92.0,8.0,,,,,,,,,,,,,,,,,,,,,,,,,,,,,,,,,,,,,,,,,,,155,25.0,30.0,20.0,5.0,5.0,35.0,15.0,15.0,675,470,205,1.5,69.0,100,3.6,3.6,1.3,0.8,1.7,989,981,8,         .,,5.0,109.0,Oldeholtpade
17369,BU00981501,Weststellingwerf                        ,Buurt     ,BU00981501,1,800,420,375,130,55,165,240,210,305,415,50,30,740,45,15,735,25,10,25,5,,,,,340,70,155,115,2.3,2090.0,342,,13,,362.0,98.0,7.0,7.0,17.0,66.0,2.0,3.0,82.0,18.0,8.0,10.0,94.0,6.0,,,,,,,,,,,,,,,,,,,,,,,,,,,,,,,,,,,,,,,,,,,85,5.0,20.0,15.0,0.0,0.0,20.0,10.0,5.0,485,345,135,1.4,1267.0,75,3.6,3.5,1.1,0.5,1.4,38,38,0,      8474,1.0,5.0,123.0,Oldeholtpade
17370,BU00981502,Weststellingwerf                        ,Buurt     ,BU00981502,1,270,145,130,35,30,65,70,70,135,120,10,10,235,30,10,235,10,5,20,5,,,,,115,30,45,40,2.4,29.0,115,,27,,,100.0,0.0,0.0,0.0,100.0,0.0,8.0,83.0,17.0,0.0,17.0,86.0,14.0,,,,,,,,,,,,,,,,,,,,,,,,,,,,,,,,,,,,,,,,,,,70,20.0,10.0,5.0,5.0,5.0,10.0,5.0,5.0,195,125,70,1.7,20.0,25,3.6,3.6,1.6,1.5,2.5,951,943,8,      8474,1.0,5.0,73.0,Oldeholtpade-Buitengebied
